jahr;gemnr;n
2002;Klagenfurt am Wörthersee <20101>;91056,75
2002;Villach <20201>;57400,375
2002;Albeck <21001>;1100
2002;Feldkirchen in Kärnten <21002>;14110,75
2002;Glanegg <21003>;2022
2002;Gnesau <21004>;1201,75
2002;Himmelberg <21005>;2342,875
2002;Ossiach <21006>;745,375
2002;Reichenau <21007>;2033,875
2002;St. Urban <21008>;1481,625
2002;Steindorf am Ossiacher See <21009>;3557,625
2002;Steuerberg <21010>;1706,5
2002;Dellach <20302>;1358,75
2002;Gitschtal <20320>;1316,75
2002;Hermagor-Pressegger See <20305>;7217,5
2002;Kirchbach <20306>;2847,25
2002;Kötschach-Mauthen <20307>;3585,5
2002;Lesachtal <20321>;1533,375
2002;St. Stefan im Gailtal <20316>;1756,875
2002;Ebenthal in Kärnten <20402>;7418,5
2002;Feistritz im Rosental <20403>;2678
2002;Ferlach <20405>;7587
2002;Grafenstein <20409>;2621,25
2002;Keutschach am See <20412>;2312,25
2002;Köttmannsdorf <20414>;2779,5
2002;Krumpendorf am Wörthersee <20415>;2867,875
2002;Ludmannsdorf <20416>;1840,25
2002;Maria Rain <20417>;2057,625
2002;Maria Saal <20418>;3817,625
2002;Maria Wörth <20419>;1273,375
2002;Moosburg <20421>;4514
2002;Pörtschach am Wörther See <20424>;2647,375
2002;Poggersdorf <20425>;2892,25
2002;Schiefling am Wörthersee <20432>;2313,75
2002;St. Margareten im Rosental <20428>;1114,75
2002;Techelsberg am Wörther See <20435>;2084,375
2002;Zell <20441>;701,125
2002;Magdalensberg <20442>;2991,375
2002;Althofen <20501>;4701,875
2002;Brückl <20502>;3078,125
2002;Deutsch-Griffen <20503>;1005,625
2002;Eberstein <20504>;1533,75
2002;Friesach <20505>;5438
2002;Glödnitz <20506>;963,875
2002;Gurk <20508>;1290,125
2002;Guttaring <20509>;1553,5
2002;Hüttenberg <20511>;1761,375
2002;Kappel am Krappfeld <20512>;2040,75
2002;Klein St. Paul <20513>;2158,625
2002;Liebenfels <20515>;3258,625
2002;Metnitz <20518>;2435,125
2002;Micheldorf <20519>;1165,25
2002;Mölbling <20520>;1294,125
2002;St. Georgen am Längsee <20523>;3563,625
2002;St. Veit an der Glan <20527>;12909,875
2002;Straßburg <20530>;2293,625
2002;Weitensfeld im Gurktal <20531>;2424,5
2002;Frauenstein <20534>;3483,125
2002;Bad Kleinkirchheim <20601>;1881,625
2002;Baldramsdorf <20602>;1822,875
2002;Berg im Drautal <20603>;1377,625
2002;Dellach im Drautal <20604>;1752,875
2002;Großkirchheim <20605>;1595,75
2002;Flattach <20607>;1375,625
2002;Gmünd in Kärnten <20608>;2634,5
2002;Greifenburg <20609>;1908,375
2002;Heiligenblut am Großglockner <20610>;1156,5
2002;Irschen <20611>;2089,375
2002;Kleblach-Lind <20613>;1265,375
2002;Lendorf <20616>;1778,5
2002;Mallnitz <20618>;984,75
2002;Malta <20619>;2155,5
2002;Millstatt am See <20620>;3338,25
2002;Mörtschach <20622>;946,875
2002;Mühldorf <20624>;959
2002;Oberdrauburg <20625>;1313,625
2002;Obervellach <20627>;2470,25
2002;Radenthein <20630>;6668,125
2002;Rangersdorf <20631>;1790,625
2002;Rennweg am Katschberg <20632>;2001,5
2002;Sachsenburg <20633>;1431,5
2002;Seeboden am Millstätter See <20634>;6048,375
2002;Spittal an der Drau <20635>;16066,75
2002;Stall <20636>;1816,25
2002;Steinfeld <20637>;2242
2002;Trebesing <20638>;1272
2002;Weißensee <20639>;795,75
2002;Winklern <20640>;1138
2002;Krems in Kärnten <20642>;2162,5
2002;Lurnfeld <20643>;2707,5
2002;Reißeck <20644>;2524,125
2002;Afritz am See <20701>;1490,25
2002;Arnoldstein <20702>;6778,375
2002;Arriach <20703>;1566,25
2002;Bad Bleiberg <20705>;2711,375
2002;Feistritz an der Gail <20707>;655,625
2002;Feld am See <20708>;1222,875
2002;Ferndorf <20710>;2445
2002;Finkenstein am Faaker See <20711>;8193,875
2002;Fresach <20712>;1313
2002;Hohenthurn <20713>;840,625
2002;Nötsch im Gailtal <20719>;2371,25
2002;Paternion <20720>;6132,125
2002;Rosegg <20721>;1820,375
2002;St. Jakob im Rosental <20722>;4477,375
2002;Stockenboi <20723>;1735,5
2002;Treffen am Ossiacher See <20724>;4293,25
2002;Velden am Wörther See <20725>;8597
2002;Weißenstein <20726>;3100,375
2002;Wernberg <20727>;4859,625
2002;Bleiburg <20801>;4052,375
2002;Diex <20802>;862,375
2002;Eberndorf <20803>;6037
2002;Eisenkappel-Vellach <20804>;2674,125
2002;Feistritz ob Bleiburg <20805>;2103,5
2002;Gallizien <20806>;1823,75
2002;Globasnitz <20807>;1654,875
2002;Griffen <20808>;3640,75
2002;Neuhaus <20810>;1211,875
2002;Ruden <20812>;1589,375
2002;St. Kanzian am Klopeiner See <20813>;4407,625
2002;Sittersdorf <20815>;2108,875
2002;Völkermarkt <20817>;11420,25
2002;Bad St. Leonhard im Lavanttal <20901>;4827
2002;Frantschach-St. Gertraud <20905>;3095,375
2002;Lavamünd <20909>;3470,625
2002;Preitenegg <20911>;1119,25
2002;Reichenfels <20912>;2054,375
2002;St. Andrä <20913>;10667,125
2002;St. Georgen im Lavanttal <20914>;2121,625
2002;St. Paul im Lavanttal <20918>;3616,75
2002;Wolfsberg <20923>;25301,5
2003;Klagenfurt am Wörthersee <20101>;91158,25
2003;Villach <20201>;57476,625
2003;Albeck <21001>;1092,375
2003;Feldkirchen in Kärnten <21002>;14087,625
2003;Glanegg <21003>;2006,5
2003;Gnesau <21004>;1191,5
2003;Himmelberg <21005>;2351,25
2003;Ossiach <21006>;745,5
2003;Reichenau <21007>;2033,25
2003;St. Urban <21008>;1508
2003;Steindorf am Ossiacher See <21009>;3565,5
2003;Steuerberg <21010>;1706,125
2003;Dellach <20302>;1343
2003;Gitschtal <20320>;1303,25
2003;Hermagor-Pressegger See <20305>;7202,375
2003;Kirchbach <20306>;2800
2003;Kötschach-Mauthen <20307>;3588,125
2003;Lesachtal <20321>;1515,125
2003;St. Stefan im Gailtal <20316>;1747,125
2003;Ebenthal in Kärnten <20402>;7436,375
2003;Feistritz im Rosental <20403>;2649,5
2003;Ferlach <20405>;7521,5
2003;Grafenstein <20409>;2675,875
2003;Keutschach am See <20412>;2328,125
2003;Köttmannsdorf <20414>;2815,375
2003;Krumpendorf am Wörthersee <20415>;2922,75
2003;Ludmannsdorf <20416>;1834,625
2003;Maria Rain <20417>;2081,375
2003;Maria Saal <20418>;3829,125
2003;Maria Wörth <20419>;1287
2003;Moosburg <20421>;4508,625
2003;Pörtschach am Wörther See <20424>;2662,5
2003;Poggersdorf <20425>;2902,75
2003;Schiefling am Wörthersee <20432>;2341,25
2003;St. Margareten im Rosental <20428>;1117
2003;Techelsberg am Wörther See <20435>;2123,25
2003;Zell <20441>;693,75
2003;Magdalensberg <20442>;3020,5
2003;Althofen <20501>;4687,5
2003;Brückl <20502>;3063,75
2003;Deutsch-Griffen <20503>;994,25
2003;Eberstein <20504>;1504,75
2003;Friesach <20505>;5399,25
2003;Glödnitz <20506>;958,375
2003;Gurk <20508>;1286,875
2003;Guttaring <20509>;1531,125
2003;Hüttenberg <20511>;1732,5
2003;Kappel am Krappfeld <20512>;2030,5
2003;Klein St. Paul <20513>;2106,5
2003;Liebenfels <20515>;3279,875
2003;Metnitz <20518>;2394
2003;Micheldorf <20519>;1163,5
2003;Mölbling <20520>;1290,25
2003;St. Georgen am Längsee <20523>;3560,25
2003;St. Veit an der Glan <20527>;12892,75
2003;Straßburg <20530>;2276,5
2003;Weitensfeld im Gurktal <20531>;2388,5
2003;Frauenstein <20534>;3491,375
2003;Bad Kleinkirchheim <20601>;1872
2003;Baldramsdorf <20602>;1851,625
2003;Berg im Drautal <20603>;1383,75
2003;Dellach im Drautal <20604>;1749,25
2003;Großkirchheim <20605>;1589,5
2003;Flattach <20607>;1353,125
2003;Gmünd in Kärnten <20608>;2667,625
2003;Greifenburg <20609>;1907,875
2003;Heiligenblut am Großglockner <20610>;1135,375
2003;Irschen <20611>;2083,875
2003;Kleblach-Lind <20613>;1250,375
2003;Lendorf <20616>;1762
2003;Mallnitz <20618>;954,625
2003;Malta <20619>;2136,125
2003;Millstatt am See <20620>;3335,5
2003;Mörtschach <20622>;936
2003;Mühldorf <20624>;941,125
2003;Oberdrauburg <20625>;1314,625
2003;Obervellach <20627>;2409,125
2003;Radenthein <20630>;6711,5
2003;Rangersdorf <20631>;1775,75
2003;Rennweg am Katschberg <20632>;1990
2003;Sachsenburg <20633>;1450,25
2003;Seeboden am Millstätter See <20634>;6064,5
2003;Spittal an der Drau <20635>;16049
2003;Stall <20636>;1809
2003;Steinfeld <20637>;2214,75
2003;Trebesing <20638>;1267,375
2003;Weißensee <20639>;792,25
2003;Winklern <20640>;1137,875
2003;Krems in Kärnten <20642>;2110,375
2003;Lurnfeld <20643>;2716,75
2003;Reißeck <20644>;2516,125
2003;Afritz am See <20701>;1486,875
2003;Arnoldstein <20702>;6754,375
2003;Arriach <20703>;1552,625
2003;Bad Bleiberg <20705>;2643,125
2003;Feistritz an der Gail <20707>;650,875
2003;Feld am See <20708>;1201,25
2003;Ferndorf <20710>;2423,375
2003;Finkenstein am Faaker See <20711>;8166,125
2003;Fresach <20712>;1309,625
2003;Hohenthurn <20713>;829,375
2003;Nötsch im Gailtal <20719>;2349,25
2003;Paternion <20720>;6115,25
2003;Rosegg <20721>;1821,5
2003;St. Jakob im Rosental <20722>;4491,5
2003;Stockenboi <20723>;1727,5
2003;Treffen am Ossiacher See <20724>;4263,875
2003;Velden am Wörther See <20725>;8570,875
2003;Weißenstein <20726>;3083,125
2003;Wernberg <20727>;4920,625
2003;Bleiburg <20801>;4052,125
2003;Diex <20802>;866,25
2003;Eberndorf <20803>;6034,125
2003;Eisenkappel-Vellach <20804>;2631,25
2003;Feistritz ob Bleiburg <20805>;2088,5
2003;Gallizien <20806>;1826,125
2003;Globasnitz <20807>;1661,25
2003;Griffen <20808>;3628
2003;Neuhaus <20810>;1197,5
2003;Ruden <20812>;1562,375
2003;St. Kanzian am Klopeiner See <20813>;4433,125
2003;Sittersdorf <20815>;2088,125
2003;Völkermarkt <20817>;11400,25
2003;Bad St. Leonhard im Lavanttal <20901>;4775,25
2003;Frantschach-St. Gertraud <20905>;3035,375
2003;Lavamünd <20909>;3418,5
2003;Preitenegg <20911>;1104,625
2003;Reichenfels <20912>;2039,75
2003;St. Andrä <20913>;10665,75
2003;St. Georgen im Lavanttal <20914>;2114,375
2003;St. Paul im Lavanttal <20918>;3597
2003;Wolfsberg <20923>;25304,5
2004;Klagenfurt am Wörthersee <20101>;91333,125
2004;Villach <20201>;57618,125
2004;Albeck <21001>;1077,75
2004;Feldkirchen in Kärnten <21002>;14176,25
2004;Glanegg <21003>;1989
2004;Gnesau <21004>;1180,25
2004;Himmelberg <21005>;2346,875
2004;Ossiach <21006>;731,625
2004;Reichenau <21007>;2030,125
2004;St. Urban <21008>;1524,875
2004;Steindorf am Ossiacher See <21009>;3579,25
2004;Steuerberg <21010>;1711,125
2004;Dellach <20302>;1348,5
2004;Gitschtal <20320>;1300,5
2004;Hermagor-Pressegger See <20305>;7193,75
2004;Kirchbach <20306>;2825,875
2004;Kötschach-Mauthen <20307>;3570,875
2004;Lesachtal <20321>;1499,875
2004;St. Stefan im Gailtal <20316>;1708
2004;Ebenthal in Kärnten <20402>;7477,625
2004;Feistritz im Rosental <20403>;2637,125
2004;Ferlach <20405>;7472,125
2004;Grafenstein <20409>;2685,625
2004;Keutschach am See <20412>;2317,875
2004;Köttmannsdorf <20414>;2839
2004;Krumpendorf am Wörthersee <20415>;3028,75
2004;Ludmannsdorf <20416>;1837,5
2004;Maria Rain <20417>;2135,375
2004;Maria Saal <20418>;3859,5
2004;Maria Wörth <20419>;1306,25
2004;Moosburg <20421>;4519,25
2004;Pörtschach am Wörther See <20424>;2661,25
2004;Poggersdorf <20425>;2915,25
2004;Schiefling am Wörthersee <20432>;2366,875
2004;St. Margareten im Rosental <20428>;1122,625
2004;Techelsberg am Wörther See <20435>;2158,875
2004;Zell <20441>;682,75
2004;Magdalensberg <20442>;3022,75
2004;Althofen <20501>;4662,5
2004;Brückl <20502>;3057,75
2004;Deutsch-Griffen <20503>;985,875
2004;Eberstein <20504>;1518,75
2004;Friesach <20505>;5341
2004;Glödnitz <20506>;944,5
2004;Gurk <20508>;1276,75
2004;Guttaring <20509>;1518,625
2004;Hüttenberg <20511>;1712,25
2004;Kappel am Krappfeld <20512>;2023,25
2004;Klein St. Paul <20513>;2086,25
2004;Liebenfels <20515>;3270,625
2004;Metnitz <20518>;2362,125
2004;Micheldorf <20519>;1163,5
2004;Mölbling <20520>;1281
2004;St. Georgen am Längsee <20523>;3592,125
2004;St. Veit an der Glan <20527>;12942,125
2004;Straßburg <20530>;2248,5
2004;Weitensfeld im Gurktal <20531>;2382,375
2004;Frauenstein <20534>;3512
2004;Bad Kleinkirchheim <20601>;1837,75
2004;Baldramsdorf <20602>;1859,875
2004;Berg im Drautal <20603>;1376,125
2004;Dellach im Drautal <20604>;1754,625
2004;Großkirchheim <20605>;1578,5
2004;Flattach <20607>;1332,75
2004;Gmünd in Kärnten <20608>;2682,25
2004;Greifenburg <20609>;1886,5
2004;Heiligenblut am Großglockner <20610>;1112,5
2004;Irschen <20611>;2072,125
2004;Kleblach-Lind <20613>;1245,375
2004;Lendorf <20616>;1747,375
2004;Mallnitz <20618>;938,875
2004;Malta <20619>;2107,125
2004;Millstatt am See <20620>;3368,875
2004;Mörtschach <20622>;922,25
2004;Mühldorf <20624>;940,375
2004;Oberdrauburg <20625>;1317,375
2004;Obervellach <20627>;2419,75
2004;Radenthein <20630>;6725,875
2004;Rangersdorf <20631>;1762,375
2004;Rennweg am Katschberg <20632>;1984,5
2004;Sachsenburg <20633>;1421
2004;Seeboden am Millstätter See <20634>;6106,25
2004;Spittal an der Drau <20635>;16036,875
2004;Stall <20636>;1803,75
2004;Steinfeld <20637>;2193,625
2004;Trebesing <20638>;1263
2004;Weißensee <20639>;785
2004;Winklern <20640>;1177,5
2004;Krems in Kärnten <20642>;2092,5
2004;Lurnfeld <20643>;2739,625
2004;Reißeck <20644>;2483,75
2004;Afritz am See <20701>;1490,5
2004;Arnoldstein <20702>;6788
2004;Arriach <20703>;1538,5
2004;Bad Bleiberg <20705>;2626,5
2004;Feistritz an der Gail <20707>;660
2004;Feld am See <20708>;1193,75
2004;Ferndorf <20710>;2403,875
2004;Finkenstein am Faaker See <20711>;8213
2004;Fresach <20712>;1304,875
2004;Hohenthurn <20713>;815,25
2004;Nötsch im Gailtal <20719>;2338,625
2004;Paternion <20720>;6084,625
2004;Rosegg <20721>;1825,875
2004;St. Jakob im Rosental <20722>;4471,875
2004;Stockenboi <20723>;1736,375
2004;Treffen am Ossiacher See <20724>;4333,5
2004;Velden am Wörther See <20725>;8556,25
2004;Weißenstein <20726>;3063,5
2004;Wernberg <20727>;4986,125
2004;Bleiburg <20801>;4036,5
2004;Diex <20802>;851,375
2004;Eberndorf <20803>;6042,125
2004;Eisenkappel-Vellach <20804>;2585,25
2004;Feistritz ob Bleiburg <20805>;2078,75
2004;Gallizien <20806>;1818,375
2004;Globasnitz <20807>;1666,875
2004;Griffen <20808>;3615,375
2004;Neuhaus <20810>;1193,5
2004;Ruden <20812>;1558,125
2004;St. Kanzian am Klopeiner See <20813>;4392,25
2004;Sittersdorf <20815>;2082,75
2004;Völkermarkt <20817>;11426,125
2004;Bad St. Leonhard im Lavanttal <20901>;4725,25
2004;Frantschach-St. Gertraud <20905>;2951,5
2004;Lavamünd <20909>;3374,875
2004;Preitenegg <20911>;1100,375
2004;Reichenfels <20912>;2024,75
2004;St. Andrä <20913>;10649,75
2004;St. Georgen im Lavanttal <20914>;2105,625
2004;St. Paul im Lavanttal <20918>;3597,875
2004;Wolfsberg <20923>;25381,625
2005;Klagenfurt am Wörthersee <20101>;91955,375
2005;Villach <20201>;57975,75
2005;Albeck <21001>;1068,75
2005;Feldkirchen in Kärnten <21002>;14267,375
2005;Glanegg <21003>;1992,125
2005;Gnesau <21004>;1189,75
2005;Himmelberg <21005>;2349,5
2005;Ossiach <21006>;741,625
2005;Reichenau <21007>;2021,875
2005;St. Urban <21008>;1514,25
2005;Steindorf am Ossiacher See <21009>;3586,25
2005;Steuerberg <21010>;1715,25
2005;Dellach <20302>;1347,875
2005;Gitschtal <20320>;1306,625
2005;Hermagor-Pressegger See <20305>;7164,25
2005;Kirchbach <20306>;2848,75
2005;Kötschach-Mauthen <20307>;3544,5
2005;Lesachtal <20321>;1500,125
2005;St. Stefan im Gailtal <20316>;1689,25
2005;Ebenthal in Kärnten <20402>;7532,5
2005;Feistritz im Rosental <20403>;2675
2005;Ferlach <20405>;7396,5
2005;Grafenstein <20409>;2732,25
2005;Keutschach am See <20412>;2315,375
2005;Köttmannsdorf <20414>;2858,5
2005;Krumpendorf am Wörthersee <20415>;3120,625
2005;Ludmannsdorf <20416>;1855
2005;Maria Rain <20417>;2173,375
2005;Maria Saal <20418>;3872,375
2005;Maria Wörth <20419>;1332,625
2005;Moosburg <20421>;4488,875
2005;Pörtschach am Wörther See <20424>;2633,5
2005;Poggersdorf <20425>;2934,5
2005;Schiefling am Wörthersee <20432>;2396,75
2005;St. Margareten im Rosental <20428>;1111,75
2005;Techelsberg am Wörther See <20435>;2173
2005;Zell <20441>;667
2005;Magdalensberg <20442>;3049,625
2005;Althofen <20501>;4680,625
2005;Brückl <20502>;3026,875
2005;Deutsch-Griffen <20503>;977,875
2005;Eberstein <20504>;1525,5
2005;Friesach <20505>;5311,5
2005;Glödnitz <20506>;930,375
2005;Gurk <20508>;1273,5
2005;Guttaring <20509>;1503
2005;Hüttenberg <20511>;1687,125
2005;Kappel am Krappfeld <20512>;2003,75
2005;Klein St. Paul <20513>;2053,625
2005;Liebenfels <20515>;3288,375
2005;Metnitz <20518>;2357,375
2005;Micheldorf <20519>;1148,625
2005;Mölbling <20520>;1281,875
2005;St. Georgen am Längsee <20523>;3619,375
2005;St. Veit an der Glan <20527>;13004
2005;Straßburg <20530>;2227
2005;Weitensfeld im Gurktal <20531>;2355,75
2005;Frauenstein <20534>;3519,75
2005;Bad Kleinkirchheim <20601>;1804,625
2005;Baldramsdorf <20602>;1853,25
2005;Berg im Drautal <20603>;1371,875
2005;Dellach im Drautal <20604>;1737,875
2005;Großkirchheim <20605>;1566,375
2005;Flattach <20607>;1325,875
2005;Gmünd in Kärnten <20608>;2689,875
2005;Greifenburg <20609>;1876,125
2005;Heiligenblut am Großglockner <20610>;1107,125
2005;Irschen <20611>;2059,25
2005;Kleblach-Lind <20613>;1251,75
2005;Lendorf <20616>;1749,5
2005;Mallnitz <20618>;919,875
2005;Malta <20619>;2122,125
2005;Millstatt am See <20620>;3366
2005;Mörtschach <20622>;904
2005;Mühldorf <20624>;926,375
2005;Oberdrauburg <20625>;1312,5
2005;Obervellach <20627>;2407,125
2005;Radenthein <20630>;6654,75
2005;Rangersdorf <20631>;1749,625
2005;Rennweg am Katschberg <20632>;1985,25
2005;Sachsenburg <20633>;1403,375
2005;Seeboden am Millstätter See <20634>;6119,5
2005;Spittal an der Drau <20635>;15971,75
2005;Stall <20636>;1772
2005;Steinfeld <20637>;2182,125
2005;Trebesing <20638>;1269,375
2005;Weißensee <20639>;786,875
2005;Winklern <20640>;1202,375
2005;Krems in Kärnten <20642>;2069,125
2005;Lurnfeld <20643>;2738,25
2005;Reißeck <20644>;2449,375
2005;Afritz am See <20701>;1497,75
2005;Arnoldstein <20702>;6811,25
2005;Arriach <20703>;1524,875
2005;Bad Bleiberg <20705>;2619,375
2005;Feistritz an der Gail <20707>;652,75
2005;Feld am See <20708>;1171,5
2005;Ferndorf <20710>;2388,375
2005;Finkenstein am Faaker See <20711>;8242,625
2005;Fresach <20712>;1307,75
2005;Hohenthurn <20713>;818
2005;Nötsch im Gailtal <20719>;2339,875
2005;Paternion <20720>;6059,75
2005;Rosegg <20721>;1830,375
2005;St. Jakob im Rosental <20722>;4443,5
2005;Stockenboi <20723>;1716,375
2005;Treffen am Ossiacher See <20724>;4324,5
2005;Velden am Wörther See <20725>;8583,625
2005;Weißenstein <20726>;3069,75
2005;Wernberg <20727>;5063,875
2005;Bleiburg <20801>;3994,625
2005;Diex <20802>;848,25
2005;Eberndorf <20803>;6056,75
2005;Eisenkappel-Vellach <20804>;2541,5
2005;Feistritz ob Bleiburg <20805>;2094,625
2005;Gallizien <20806>;1813,625
2005;Globasnitz <20807>;1667
2005;Griffen <20808>;3613,875
2005;Neuhaus <20810>;1175,5
2005;Ruden <20812>;1558
2005;St. Kanzian am Klopeiner See <20813>;4365,375
2005;Sittersdorf <20815>;2070
2005;Völkermarkt <20817>;11437,75
2005;Bad St. Leonhard im Lavanttal <20901>;4728,5
2005;Frantschach-St. Gertraud <20905>;2930,125
2005;Lavamünd <20909>;3334,625
2005;Preitenegg <20911>;1089,125
2005;Reichenfels <20912>;2014
2005;St. Andrä <20913>;10595,5
2005;St. Georgen im Lavanttal <20914>;2091,125
2005;St. Paul im Lavanttal <20918>;3600,5
2005;Wolfsberg <20923>;25430,625
2006;Klagenfurt am Wörthersee <20101>;92226,25
2006;Villach <20201>;58315
2006;Albeck <21001>;1069,375
2006;Feldkirchen in Kärnten <21002>;14282,875
2006;Glanegg <21003>;1993,625
2006;Gnesau <21004>;1199,625
2006;Himmelberg <21005>;2354,375
2006;Ossiach <21006>;740,375
2006;Reichenau <21007>;2005,125
2006;St. Urban <21008>;1516,75
2006;Steindorf am Ossiacher See <21009>;3615,875
2006;Steuerberg <21010>;1725,625
2006;Dellach <20302>;1359,25
2006;Gitschtal <20320>;1285,625
2006;Hermagor-Pressegger See <20305>;7159,375
2006;Kirchbach <20306>;2827,25
2006;Kötschach-Mauthen <20307>;3527,375
2006;Lesachtal <20321>;1479,25
2006;St. Stefan im Gailtal <20316>;1679
2006;Ebenthal in Kärnten <20402>;7537,75
2006;Feistritz im Rosental <20403>;2660,75
2006;Ferlach <20405>;7384,125
2006;Grafenstein <20409>;2740,375
2006;Keutschach am See <20412>;2340,75
2006;Köttmannsdorf <20414>;2894,25
2006;Krumpendorf am Wörthersee <20415>;3204
2006;Ludmannsdorf <20416>;1859,5
2006;Maria Rain <20417>;2220
2006;Maria Saal <20418>;3895,625
2006;Maria Wörth <20419>;1380,375
2006;Moosburg <20421>;4490,875
2006;Pörtschach am Wörther See <20424>;2648,625
2006;Poggersdorf <20425>;2965
2006;Schiefling am Wörthersee <20432>;2431,5
2006;St. Margareten im Rosental <20428>;1100,375
2006;Techelsberg am Wörther See <20435>;2182,875
2006;Zell <20441>;659,5
2006;Magdalensberg <20442>;3116,25
2006;Althofen <20501>;4682,625
2006;Brückl <20502>;3005,25
2006;Deutsch-Griffen <20503>;981,125
2006;Eberstein <20504>;1540,125
2006;Friesach <20505>;5277,625
2006;Glödnitz <20506>;936,75
2006;Gurk <20508>;1275,75
2006;Guttaring <20509>;1507,625
2006;Hüttenberg <20511>;1683,875
2006;Kappel am Krappfeld <20512>;2000,875
2006;Klein St. Paul <20513>;2034,625
2006;Liebenfels <20515>;3265,125
2006;Metnitz <20518>;2336,375
2006;Micheldorf <20519>;1137,125
2006;Mölbling <20520>;1303,75
2006;St. Georgen am Längsee <20523>;3637,625
2006;St. Veit an der Glan <20527>;12985,375
2006;Straßburg <20530>;2236,375
2006;Weitensfeld im Gurktal <20531>;2336,375
2006;Frauenstein <20534>;3560,375
2006;Bad Kleinkirchheim <20601>;1812,125
2006;Baldramsdorf <20602>;1867,125
2006;Berg im Drautal <20603>;1361,875
2006;Dellach im Drautal <20604>;1711,375
2006;Großkirchheim <20605>;1553
2006;Flattach <20607>;1321,5
2006;Gmünd in Kärnten <20608>;2674,125
2006;Greifenburg <20609>;1885,25
2006;Heiligenblut am Großglockner <20610>;1109,75
2006;Irschen <20611>;2058,5
2006;Kleblach-Lind <20613>;1252,875
2006;Lendorf <20616>;1758,875
2006;Mallnitz <20618>;898,125
2006;Malta <20619>;2112,75
2006;Millstatt am See <20620>;3362,875
2006;Mörtschach <20622>;887,25
2006;Mühldorf <20624>;911
2006;Oberdrauburg <20625>;1305,25
2006;Obervellach <20627>;2397,75
2006;Radenthein <20630>;6595,625
2006;Rangersdorf <20631>;1761,625
2006;Rennweg am Katschberg <20632>;1972,125
2006;Sachsenburg <20633>;1400,375
2006;Seeboden am Millstätter See <20634>;6081,5
2006;Spittal an der Drau <20635>;15970,375
2006;Stall <20636>;1756,375
2006;Steinfeld <20637>;2171,125
2006;Trebesing <20638>;1274,25
2006;Weißensee <20639>;791,375
2006;Winklern <20640>;1198,375
2006;Krems in Kärnten <20642>;2026,25
2006;Lurnfeld <20643>;2713,25
2006;Reißeck <20644>;2439,25
2006;Afritz am See <20701>;1485,375
2006;Arnoldstein <20702>;6817,875
2006;Arriach <20703>;1508,625
2006;Bad Bleiberg <20705>;2579,5
2006;Feistritz an der Gail <20707>;660
2006;Feld am See <20708>;1163,625
2006;Ferndorf <20710>;2374,625
2006;Finkenstein am Faaker See <20711>;8265,5
2006;Fresach <20712>;1308,25
2006;Hohenthurn <20713>;827,125
2006;Nötsch im Gailtal <20719>;2334,5
2006;Paternion <20720>;6039,375
2006;Rosegg <20721>;1834,125
2006;St. Jakob im Rosental <20722>;4436,375
2006;Stockenboi <20723>;1697,375
2006;Treffen am Ossiacher See <20724>;4333,125
2006;Velden am Wörther See <20725>;8626
2006;Weißenstein <20726>;3072,375
2006;Wernberg <20727>;5181
2006;Bleiburg <20801>;3959,375
2006;Diex <20802>;844
2006;Eberndorf <20803>;6055,125
2006;Eisenkappel-Vellach <20804>;2521
2006;Feistritz ob Bleiburg <20805>;2114,625
2006;Gallizien <20806>;1775,625
2006;Globasnitz <20807>;1651,5
2006;Griffen <20808>;3619,875
2006;Neuhaus <20810>;1166,875
2006;Ruden <20812>;1548,625
2006;St. Kanzian am Klopeiner See <20813>;4356,25
2006;Sittersdorf <20815>;2085,875
2006;Völkermarkt <20817>;11435,375
2006;Bad St. Leonhard im Lavanttal <20901>;4739,625
2006;Frantschach-St. Gertraud <20905>;2895,875
2006;Lavamünd <20909>;3281,125
2006;Preitenegg <20911>;1082,375
2006;Reichenfels <20912>;1992,375
2006;St. Andrä <20913>;10542,25
2006;St. Georgen im Lavanttal <20914>;2061,625
2006;St. Paul im Lavanttal <20918>;3604,875
2006;Wolfsberg <20923>;25382,75
2007;Klagenfurt am Wörthersee <20101>;92508,375
2007;Villach <20201>;58635,5
2007;Albeck <21001>;1073,125
2007;Feldkirchen in Kärnten <21002>;14291,75
2007;Glanegg <21003>;1972,5
2007;Gnesau <21004>;1167,875
2007;Himmelberg <21005>;2371,875
2007;Ossiach <21006>;750,875
2007;Reichenau <21007>;1990,5
2007;St. Urban <21008>;1504,5
2007;Steindorf am Ossiacher See <21009>;3644,875
2007;Steuerberg <21010>;1749,25
2007;Dellach <20302>;1361,75
2007;Gitschtal <20320>;1294,25
2007;Hermagor-Pressegger See <20305>;7151,625
2007;Kirchbach <20306>;2799,75
2007;Kötschach-Mauthen <20307>;3509,25
2007;Lesachtal <20321>;1490,75
2007;St. Stefan im Gailtal <20316>;1670,625
2007;Ebenthal in Kärnten <20402>;7600,875
2007;Feistritz im Rosental <20403>;2639,125
2007;Ferlach <20405>;7393
2007;Grafenstein <20409>;2762,125
2007;Keutschach am See <20412>;2406,375
2007;Köttmannsdorf <20414>;2897,375
2007;Krumpendorf am Wörthersee <20415>;3246,625
2007;Ludmannsdorf <20416>;1865,5
2007;Maria Rain <20417>;2277,375
2007;Maria Saal <20418>;3932,5
2007;Maria Wörth <20419>;1420,25
2007;Moosburg <20421>;4471,5
2007;Pörtschach am Wörther See <20424>;2661,875
2007;Poggersdorf <20425>;2971,375
2007;Schiefling am Wörthersee <20432>;2480,875
2007;St. Margareten im Rosental <20428>;1084,25
2007;Techelsberg am Wörther See <20435>;2180,5
2007;Zell <20441>;658,875
2007;Magdalensberg <20442>;3181,5
2007;Althofen <20501>;4681
2007;Brückl <20502>;2956,125
2007;Deutsch-Griffen <20503>;979,875
2007;Eberstein <20504>;1516,125
2007;Friesach <20505>;5270,5
2007;Glödnitz <20506>;939,75
2007;Gurk <20508>;1304,25
2007;Guttaring <20509>;1511,125
2007;Hüttenberg <20511>;1647,875
2007;Kappel am Krappfeld <20512>;2016
2007;Klein St. Paul <20513>;2009
2007;Liebenfels <20515>;3268,25
2007;Metnitz <20518>;2287,75
2007;Micheldorf <20519>;1138
2007;Mölbling <20520>;1313,5
2007;St. Georgen am Längsee <20523>;3626,5
2007;St. Veit an der Glan <20527>;12979,625
2007;Straßburg <20530>;2196,875
2007;Weitensfeld im Gurktal <20531>;2317,75
2007;Frauenstein <20534>;3611,875
2007;Bad Kleinkirchheim <20601>;1829,875
2007;Baldramsdorf <20602>;1873,375
2007;Berg im Drautal <20603>;1364,125
2007;Dellach im Drautal <20604>;1695,75
2007;Großkirchheim <20605>;1536
2007;Flattach <20607>;1313,5
2007;Gmünd in Kärnten <20608>;2670,375
2007;Greifenburg <20609>;1880,25
2007;Heiligenblut am Großglockner <20610>;1113,5
2007;Irschen <20611>;2054,375
2007;Kleblach-Lind <20613>;1242,625
2007;Lendorf <20616>;1760,125
2007;Mallnitz <20618>;895,25
2007;Malta <20619>;2109,125
2007;Millstatt am See <20620>;3389,125
2007;Mörtschach <20622>;876,625
2007;Mühldorf <20624>;909,75
2007;Oberdrauburg <20625>;1300,75
2007;Obervellach <20627>;2382,875
2007;Radenthein <20630>;6521,875
2007;Rangersdorf <20631>;1770,5
2007;Rennweg am Katschberg <20632>;1935
2007;Sachsenburg <20633>;1396,375
2007;Seeboden am Millstätter See <20634>;6095,5
2007;Spittal an der Drau <20635>;15895,875
2007;Stall <20636>;1732,5
2007;Steinfeld <20637>;2153
2007;Trebesing <20638>;1279,625
2007;Weißensee <20639>;794,5
2007;Winklern <20640>;1198,125
2007;Krems in Kärnten <20642>;2002,75
2007;Lurnfeld <20643>;2676,625
2007;Reißeck <20644>;2421,625
2007;Afritz am See <20701>;1470
2007;Arnoldstein <20702>;6838,75
2007;Arriach <20703>;1499,125
2007;Bad Bleiberg <20705>;2556,625
2007;Feistritz an der Gail <20707>;660,875
2007;Feld am See <20708>;1165,375
2007;Ferndorf <20710>;2367,25
2007;Finkenstein am Faaker See <20711>;8344,125
2007;Fresach <20712>;1312,25
2007;Hohenthurn <20713>;831,875
2007;Nötsch im Gailtal <20719>;2324,5
2007;Paternion <20720>;6034
2007;Rosegg <20721>;1833,375
2007;St. Jakob im Rosental <20722>;4421,75
2007;Stockenboi <20723>;1682
2007;Treffen am Ossiacher See <20724>;4383,125
2007;Velden am Wörther See <20725>;8712,375
2007;Weißenstein <20726>;3084,5
2007;Wernberg <20727>;5224,25
2007;Bleiburg <20801>;3936
2007;Diex <20802>;844,625
2007;Eberndorf <20803>;5993,875
2007;Eisenkappel-Vellach <20804>;2486,75
2007;Feistritz ob Bleiburg <20805>;2119,125
2007;Gallizien <20806>;1749,25
2007;Globasnitz <20807>;1653,125
2007;Griffen <20808>;3626,75
2007;Neuhaus <20810>;1144,875
2007;Ruden <20812>;1545,25
2007;St. Kanzian am Klopeiner See <20813>;4398,375
2007;Sittersdorf <20815>;2094,375
2007;Völkermarkt <20817>;11404,875
2007;Bad St. Leonhard im Lavanttal <20901>;4707,25
2007;Frantschach-St. Gertraud <20905>;2838
2007;Lavamünd <20909>;3263,75
2007;Preitenegg <20911>;1076,25
2007;Reichenfels <20912>;1982,375
2007;St. Andrä <20913>;10513,125
2007;St. Georgen im Lavanttal <20914>;2029,875
2007;St. Paul im Lavanttal <20918>;3590,75
2007;Wolfsberg <20923>;25374,375
2008;Klagenfurt am Wörthersee <20101>;93064
2008;Villach <20201>;58772
2008;Albeck <21001>;1076,625
2008;Feldkirchen in Kärnten <21002>;14304,75
2008;Glanegg <21003>;1953,375
2008;Gnesau <21004>;1176,375
2008;Himmelberg <21005>;2368
2008;Ossiach <21006>;754,125
2008;Reichenau <21007>;1985,875
2008;St. Urban <21008>;1519,875
2008;Steindorf am Ossiacher See <21009>;3671,25
2008;Steuerberg <21010>;1737,375
2008;Dellach <20302>;1347,375
2008;Gitschtal <20320>;1290
2008;Hermagor-Pressegger See <20305>;7138,75
2008;Kirchbach <20306>;2781,125
2008;Kötschach-Mauthen <20307>;3499,5
2008;Lesachtal <20321>;1484,5
2008;St. Stefan im Gailtal <20316>;1625,75
2008;Ebenthal in Kärnten <20402>;7615,125
2008;Feistritz im Rosental <20403>;2614,5
2008;Ferlach <20405>;7407,25
2008;Grafenstein <20409>;2773,25
2008;Keutschach am See <20412>;2445,75
2008;Köttmannsdorf <20414>;2915,25
2008;Krumpendorf am Wörthersee <20415>;3261
2008;Ludmannsdorf <20416>;1850,75
2008;Maria Rain <20417>;2314,375
2008;Maria Saal <20418>;3936,5
2008;Maria Wörth <20419>;1420,875
2008;Moosburg <20421>;4491
2008;Pörtschach am Wörther See <20424>;2628,875
2008;Poggersdorf <20425>;2996,5
2008;Schiefling am Wörthersee <20432>;2546
2008;St. Margareten im Rosental <20428>;1082
2008;Techelsberg am Wörther See <20435>;2177,625
2008;Zell <20441>;645,875
2008;Magdalensberg <20442>;3221,75
2008;Althofen <20501>;4664,375
2008;Brückl <20502>;2933,75
2008;Deutsch-Griffen <20503>;987,125
2008;Eberstein <20504>;1487
2008;Friesach <20505>;5192,75
2008;Glödnitz <20506>;939
2008;Gurk <20508>;1297,375
2008;Guttaring <20509>;1500,375
2008;Hüttenberg <20511>;1614,625
2008;Kappel am Krappfeld <20512>;2023,25
2008;Klein St. Paul <20513>;1991,5
2008;Liebenfels <20515>;3288,75
2008;Metnitz <20518>;2232,125
2008;Micheldorf <20519>;1125,75
2008;Mölbling <20520>;1303,25
2008;St. Georgen am Längsee <20523>;3642,875
2008;St. Veit an der Glan <20527>;12946
2008;Straßburg <20530>;2181,375
2008;Weitensfeld im Gurktal <20531>;2286
2008;Frauenstein <20534>;3606,375
2008;Bad Kleinkirchheim <20601>;1856,375
2008;Baldramsdorf <20602>;1883,75
2008;Berg im Drautal <20603>;1364,75
2008;Dellach im Drautal <20604>;1685,625
2008;Großkirchheim <20605>;1498,375
2008;Flattach <20607>;1299,875
2008;Gmünd in Kärnten <20608>;2631,125
2008;Greifenburg <20609>;1861
2008;Heiligenblut am Großglockner <20610>;1111,5
2008;Irschen <20611>;2053,5
2008;Kleblach-Lind <20613>;1229,125
2008;Lendorf <20616>;1763,625
2008;Mallnitz <20618>;887,5
2008;Malta <20619>;2089,125
2008;Millstatt am See <20620>;3412,75
2008;Mörtschach <20622>;860,25
2008;Mühldorf <20624>;938,625
2008;Oberdrauburg <20625>;1298,75
2008;Obervellach <20627>;2342,125
2008;Radenthein <20630>;6472,25
2008;Rangersdorf <20631>;1761,75
2008;Rennweg am Katschberg <20632>;1913,5
2008;Sachsenburg <20633>;1384,75
2008;Seeboden am Millstätter See <20634>;6095,875
2008;Spittal an der Drau <20635>;15913,5
2008;Stall <20636>;1735,5
2008;Steinfeld <20637>;2144,375
2008;Trebesing <20638>;1264,125
2008;Weißensee <20639>;785,25
2008;Winklern <20640>;1196
2008;Krems in Kärnten <20642>;1973,375
2008;Lurnfeld <20643>;2626,875
2008;Reißeck <20644>;2396,625
2008;Afritz am See <20701>;1474,75
2008;Arnoldstein <20702>;6839,625
2008;Arriach <20703>;1493,625
2008;Bad Bleiberg <20705>;2527,125
2008;Feistritz an der Gail <20707>;659,25
2008;Feld am See <20708>;1167,375
2008;Ferndorf <20710>;2328,75
2008;Finkenstein am Faaker See <20711>;8376
2008;Fresach <20712>;1295,625
2008;Hohenthurn <20713>;819,25
2008;Nötsch im Gailtal <20719>;2315
2008;Paternion <20720>;6057,75
2008;Rosegg <20721>;1844
2008;St. Jakob im Rosental <20722>;4406,125
2008;Stockenboi <20723>;1664,125
2008;Treffen am Ossiacher See <20724>;4405,375
2008;Velden am Wörther See <20725>;8767
2008;Weißenstein <20726>;3093,875
2008;Wernberg <20727>;5271,625
2008;Bleiburg <20801>;3920,5
2008;Diex <20802>;836,125
2008;Eberndorf <20803>;5994
2008;Eisenkappel-Vellach <20804>;2474,75
2008;Feistritz ob Bleiburg <20805>;2102,25
2008;Gallizien <20806>;1752,75
2008;Globasnitz <20807>;1653,625
2008;Griffen <20808>;3608,625
2008;Neuhaus <20810>;1136,5
2008;Ruden <20812>;1546,5
2008;St. Kanzian am Klopeiner See <20813>;4429,25
2008;Sittersdorf <20815>;2097,375
2008;Völkermarkt <20817>;11369,75
2008;Bad St. Leonhard im Lavanttal <20901>;4674,625
2008;Frantschach-St. Gertraud <20905>;2788,5
2008;Lavamünd <20909>;3266,5
2008;Preitenegg <20911>;1068,375
2008;Reichenfels <20912>;1964,75
2008;St. Andrä <20913>;10440
2008;St. Georgen im Lavanttal <20914>;2020,125
2008;St. Paul im Lavanttal <20918>;3543,75
2008;Wolfsberg <20923>;25354,75
2009;Klagenfurt am Wörthersee <20101>;93570,625
2009;Villach <20201>;58903,375
2009;Albeck <21001>;1085,125
2009;Feldkirchen in Kärnten <21002>;14310,875
2009;Glanegg <21003>;1963,375
2009;Gnesau <21004>;1169,25
2009;Himmelberg <21005>;2352,375
2009;Ossiach <21006>;730,625
2009;Reichenau <21007>;1974,5
2009;St. Urban <21008>;1526,75
2009;Steindorf am Ossiacher See <21009>;3702,375
2009;Steuerberg <21010>;1694
2009;Dellach <20302>;1327,25
2009;Gitschtal <20320>;1283,125
2009;Hermagor-Pressegger See <20305>;7116,625
2009;Kirchbach <20306>;2730,875
2009;Kötschach-Mauthen <20307>;3466,75
2009;Lesachtal <20321>;1479,5
2009;St. Stefan im Gailtal <20316>;1611,5
2009;Ebenthal in Kärnten <20402>;7659,875
2009;Feistritz im Rosental <20403>;2563,875
2009;Ferlach <20405>;7358,25
2009;Grafenstein <20409>;2781,625
2009;Keutschach am See <20412>;2450,375
2009;Köttmannsdorf <20414>;2931,875
2009;Krumpendorf am Wörthersee <20415>;3283,25
2009;Ludmannsdorf <20416>;1844
2009;Maria Rain <20417>;2322,375
2009;Maria Saal <20418>;3914,125
2009;Maria Wörth <20419>;1473,5
2009;Moosburg <20421>;4474,125
2009;Pörtschach am Wörther See <20424>;2609,5
2009;Poggersdorf <20425>;3001,625
2009;Schiefling am Wörthersee <20432>;2545,375
2009;St. Margareten im Rosental <20428>;1069,25
2009;Techelsberg am Wörther See <20435>;2182,5
2009;Zell <20441>;644,625
2009;Magdalensberg <20442>;3245,25
2009;Althofen <20501>;4648,125
2009;Brückl <20502>;2876,5
2009;Deutsch-Griffen <20503>;976,625
2009;Eberstein <20504>;1477
2009;Friesach <20505>;5169,75
2009;Glödnitz <20506>;935
2009;Gurk <20508>;1289,5
2009;Guttaring <20509>;1519,875
2009;Hüttenberg <20511>;1577,5
2009;Kappel am Krappfeld <20512>;2030
2009;Klein St. Paul <20513>;1984,625
2009;Liebenfels <20515>;3328,125
2009;Metnitz <20518>;2195,5
2009;Micheldorf <20519>;1097
2009;Mölbling <20520>;1327,375
2009;St. Georgen am Längsee <20523>;3650,5
2009;St. Veit an der Glan <20527>;12814,75
2009;Straßburg <20530>;2164
2009;Weitensfeld im Gurktal <20531>;2233,375
2009;Frauenstein <20534>;3580
2009;Bad Kleinkirchheim <20601>;1862,25
2009;Baldramsdorf <20602>;1885,125
2009;Berg im Drautal <20603>;1339,625
2009;Dellach im Drautal <20604>;1669
2009;Großkirchheim <20605>;1470,625
2009;Flattach <20607>;1287,875
2009;Gmünd in Kärnten <20608>;2619,375
2009;Greifenburg <20609>;1863
2009;Heiligenblut am Großglockner <20610>;1094,5
2009;Irschen <20611>;2062,75
2009;Kleblach-Lind <20613>;1208,875
2009;Lendorf <20616>;1768,875
2009;Mallnitz <20618>;860,75
2009;Malta <20619>;2077
2009;Millstatt am See <20620>;3406,375
2009;Mörtschach <20622>;847,875
2009;Mühldorf <20624>;957,125
2009;Oberdrauburg <20625>;1285,625
2009;Obervellach <20627>;2316,25
2009;Radenthein <20630>;6401,625
2009;Rangersdorf <20631>;1761
2009;Rennweg am Katschberg <20632>;1895
2009;Sachsenburg <20633>;1353,75
2009;Seeboden am Millstätter See <20634>;6102,875
2009;Spittal an der Drau <20635>;15852,75
2009;Stall <20636>;1718,875
2009;Steinfeld <20637>;2107,375
2009;Trebesing <20638>;1246,75
2009;Weißensee <20639>;786,75
2009;Winklern <20640>;1217,875
2009;Krems in Kärnten <20642>;1938,625
2009;Lurnfeld <20643>;2607,625
2009;Reißeck <20644>;2361,125
2009;Afritz am See <20701>;1449,125
2009;Arnoldstein <20702>;6891,375
2009;Arriach <20703>;1485,375
2009;Bad Bleiberg <20705>;2475,625
2009;Feistritz an der Gail <20707>;658,375
2009;Feld am See <20708>;1168,125
2009;Ferndorf <20710>;2287,75
2009;Finkenstein am Faaker See <20711>;8405,625
2009;Fresach <20712>;1286,875
2009;Hohenthurn <20713>;818,125
2009;Nötsch im Gailtal <20719>;2305,375
2009;Paternion <20720>;6086
2009;Rosegg <20721>;1852,125
2009;St. Jakob im Rosental <20722>;4367
2009;Stockenboi <20723>;1648
2009;Treffen am Ossiacher See <20724>;4424,125
2009;Velden am Wörther See <20725>;8792,25
2009;Weißenstein <20726>;3059,75
2009;Wernberg <20727>;5313,375
2009;Bleiburg <20801>;3947
2009;Diex <20802>;825,25
2009;Eberndorf <20803>;5960,75
2009;Eisenkappel-Vellach <20804>;2439,125
2009;Feistritz ob Bleiburg <20805>;2069,125
2009;Gallizien <20806>;1757,125
2009;Globasnitz <20807>;1635,875
2009;Griffen <20808>;3578,75
2009;Neuhaus <20810>;1122,125
2009;Ruden <20812>;1564,375
2009;St. Kanzian am Klopeiner See <20813>;4406
2009;Sittersdorf <20815>;2095,75
2009;Völkermarkt <20817>;11346,375
2009;Bad St. Leonhard im Lavanttal <20901>;4678,625
2009;Frantschach-St. Gertraud <20905>;2756,75
2009;Lavamünd <20909>;3236,625
2009;Preitenegg <20911>;1047,25
2009;Reichenfels <20912>;1950,875
2009;St. Andrä <20913>;10381,375
2009;St. Georgen im Lavanttal <20914>;2012,125
2009;St. Paul im Lavanttal <20918>;3547
2009;Wolfsberg <20923>;25215,125
2010;Klagenfurt am Wörthersee <20101>;93919,875
2010;Villach <20201>;59042,875
2010;Albeck <21001>;1088,875
2010;Feldkirchen in Kärnten <21002>;14273
2010;Glanegg <21003>;1925,375
2010;Gnesau <21004>;1141,75
2010;Himmelberg <21005>;2350
2010;Ossiach <21006>;717,75
2010;Reichenau <21007>;1966,375
2010;St. Urban <21008>;1520,25
2010;Steindorf am Ossiacher See <21009>;3701,25
2010;Steuerberg <21010>;1681,625
2010;Dellach <20302>;1301,125
2010;Gitschtal <20320>;1279,875
2010;Hermagor-Pressegger See <20305>;7098,5
2010;Kirchbach <20306>;2711,5
2010;Kötschach-Mauthen <20307>;3449,875
2010;Lesachtal <20321>;1465,375
2010;St. Stefan im Gailtal <20316>;1589,5
2010;Ebenthal in Kärnten <20402>;7668,125
2010;Feistritz im Rosental <20403>;2565,25
2010;Ferlach <20405>;7303
2010;Grafenstein <20409>;2814
2010;Keutschach am See <20412>;2440,625
2010;Köttmannsdorf <20414>;2899,125
2010;Krumpendorf am Wörthersee <20415>;3276,125
2010;Ludmannsdorf <20416>;1826,625
2010;Maria Rain <20417>;2339,5
2010;Maria Saal <20418>;3863,5
2010;Maria Wörth <20419>;1488,5
2010;Moosburg <20421>;4458,875
2010;Pörtschach am Wörther See <20424>;2619,5
2010;Poggersdorf <20425>;3039,25
2010;Schiefling am Wörthersee <20432>;2558,875
2010;St. Margareten im Rosental <20428>;1065,875
2010;Techelsberg am Wörther See <20435>;2204,125
2010;Zell <20441>;638,25
2010;Magdalensberg <20442>;3258,625
2010;Althofen <20501>;4650
2010;Brückl <20502>;2844,875
2010;Deutsch-Griffen <20503>;959,875
2010;Eberstein <20504>;1462,25
2010;Friesach <20505>;5166,625
2010;Glödnitz <20506>;921,625
2010;Gurk <20508>;1290,125
2010;Guttaring <20509>;1521,5
2010;Hüttenberg <20511>;1532
2010;Kappel am Krappfeld <20512>;2005,25
2010;Klein St. Paul <20513>;1958
2010;Liebenfels <20515>;3304,5
2010;Metnitz <20518>;2161
2010;Micheldorf <20519>;1069,875
2010;Mölbling <20520>;1338,875
2010;St. Georgen am Längsee <20523>;3652
2010;St. Veit an der Glan <20527>;12747,875
2010;Straßburg <20530>;2136,75
2010;Weitensfeld im Gurktal <20531>;2207,375
2010;Frauenstein <20534>;3598
2010;Bad Kleinkirchheim <20601>;1853,875
2010;Baldramsdorf <20602>;1904
2010;Berg im Drautal <20603>;1326,125
2010;Dellach im Drautal <20604>;1645,5
2010;Großkirchheim <20605>;1453,5
2010;Flattach <20607>;1267,375
2010;Gmünd in Kärnten <20608>;2604,625
2010;Greifenburg <20609>;1849,25
2010;Heiligenblut am Großglockner <20610>;1088,5
2010;Irschen <20611>;2057,125
2010;Kleblach-Lind <20613>;1195,375
2010;Lendorf <20616>;1788,25
2010;Mallnitz <20618>;846,125
2010;Malta <20619>;2057,625
2010;Millstatt am See <20620>;3400,5
2010;Mörtschach <20622>;827,25
2010;Mühldorf <20624>;973,875
2010;Oberdrauburg <20625>;1273
2010;Obervellach <20627>;2306,25
2010;Radenthein <20630>;6307,125
2010;Rangersdorf <20631>;1752,625
2010;Rennweg am Katschberg <20632>;1862,75
2010;Sachsenburg <20633>;1331,25
2010;Seeboden am Millstätter See <20634>;6134,875
2010;Spittal an der Drau <20635>;15755,875
2010;Stall <20636>;1686,125
2010;Steinfeld <20637>;2109,625
2010;Trebesing <20638>;1245,25
2010;Weißensee <20639>;787,5
2010;Winklern <20640>;1231,5
2010;Krems in Kärnten <20642>;1927
2010;Lurnfeld <20643>;2611,25
2010;Reißeck <20644>;2333,875
2010;Afritz am See <20701>;1430,125
2010;Arnoldstein <20702>;6888,75
2010;Arriach <20703>;1451,625
2010;Bad Bleiberg <20705>;2419,5
2010;Feistritz an der Gail <20707>;657,875
2010;Feld am See <20708>;1169,25
2010;Ferndorf <20710>;2269,875
2010;Finkenstein am Faaker See <20711>;8452,125
2010;Fresach <20712>;1263,5
2010;Hohenthurn <20713>;812
2010;Nötsch im Gailtal <20719>;2299,5
2010;Paternion <20720>;6055
2010;Rosegg <20721>;1858,375
2010;St. Jakob im Rosental <20722>;4339,25
2010;Stockenboi <20723>;1632,875
2010;Treffen am Ossiacher See <20724>;4400,25
2010;Velden am Wörther See <20725>;8771,125
2010;Weißenstein <20726>;3029,875
2010;Wernberg <20727>;5365,375
2010;Bleiburg <20801>;3946,375
2010;Diex <20802>;809,5
2010;Eberndorf <20803>;5933,5
2010;Eisenkappel-Vellach <20804>;2418,75
2010;Feistritz ob Bleiburg <20805>;2047,25
2010;Gallizien <20806>;1787,875
2010;Globasnitz <20807>;1632,75
2010;Griffen <20808>;3568
2010;Neuhaus <20810>;1109,25
2010;Ruden <20812>;1551,5
2010;St. Kanzian am Klopeiner See <20813>;4392
2010;Sittersdorf <20815>;2068,125
2010;Völkermarkt <20817>;11281,125
2010;Bad St. Leonhard im Lavanttal <20901>;4612,375
2010;Frantschach-St. Gertraud <20905>;2704,125
2010;Lavamünd <20909>;3182,125
2010;Preitenegg <20911>;1039,875
2010;Reichenfels <20912>;1917
2010;St. Andrä <20913>;10355,75
2010;St. Georgen im Lavanttal <20914>;2015,25
2010;St. Paul im Lavanttal <20918>;3520,375
2010;Wolfsberg <20923>;25158,25
2011;Klagenfurt am Wörthersee <20101>;94288,25
2011;Villach <20201>;59151,875
2011;Albeck <21001>;1070,625
2011;Feldkirchen in Kärnten <21002>;14245,875
2011;Glanegg <21003>;1904
2011;Gnesau <21004>;1139,875
2011;Himmelberg <21005>;2336,625
2011;Ossiach <21006>;719,125
2011;Reichenau <21007>;1937,125
2011;St. Urban <21008>;1525,75
2011;Steindorf am Ossiacher See <21009>;3698,25
2011;Steuerberg <21010>;1691,625
2011;Dellach <20302>;1291
2011;Gitschtal <20320>;1285,875
2011;Hermagor-Pressegger See <20305>;7045,875
2011;Kirchbach <20306>;2681,5
2011;Kötschach-Mauthen <20307>;3435
2011;Lesachtal <20321>;1441,125
2011;St. Stefan im Gailtal <20316>;1571,5
2011;Ebenthal in Kärnten <20402>;7681,375
2011;Feistritz im Rosental <20403>;2548,75
2011;Ferlach <20405>;7280
2011;Grafenstein <20409>;2816,125
2011;Keutschach am See <20412>;2452,375
2011;Köttmannsdorf <20414>;2873,625
2011;Krumpendorf am Wörthersee <20415>;3311,875
2011;Ludmannsdorf <20416>;1816,625
2011;Maria Rain <20417>;2377,5
2011;Maria Saal <20418>;3819,625
2011;Maria Wörth <20419>;1492,375
2011;Moosburg <20421>;4421,625
2011;Pörtschach am Wörther See <20424>;2658,5
2011;Poggersdorf <20425>;3060,5
2011;Schiefling am Wörthersee <20432>;2604
2011;St. Margareten im Rosental <20428>;1072,25
2011;Techelsberg am Wörther See <20435>;2226,25
2011;Zell <20441>;625,25
2011;Magdalensberg <20442>;3296,75
2011;Althofen <20501>;4656,5
2011;Brückl <20502>;2848,75
2011;Deutsch-Griffen <20503>;948,375
2011;Eberstein <20504>;1429
2011;Friesach <20505>;5147,75
2011;Glödnitz <20506>;897,75
2011;Gurk <20508>;1274,625
2011;Guttaring <20509>;1515
2011;Hüttenberg <20511>;1514,125
2011;Kappel am Krappfeld <20512>;1983,625
2011;Klein St. Paul <20513>;1919,375
2011;Liebenfels <20515>;3294,875
2011;Metnitz <20518>;2131,25
2011;Micheldorf <20519>;1045,875
2011;Mölbling <20520>;1336,125
2011;St. Georgen am Längsee <20523>;3625,625
2011;St. Veit an der Glan <20527>;12662,125
2011;Straßburg <20530>;2141,75
2011;Weitensfeld im Gurktal <20531>;2186,875
2011;Frauenstein <20534>;3627,625
2011;Bad Kleinkirchheim <20601>;1736,625
2011;Baldramsdorf <20602>;1894,875
2011;Berg im Drautal <20603>;1338,125
2011;Dellach im Drautal <20604>;1639,625
2011;Großkirchheim <20605>;1416,75
2011;Flattach <20607>;1243,125
2011;Gmünd in Kärnten <20608>;2590,125
2011;Greifenburg <20609>;1822,875
2011;Heiligenblut am Großglockner <20610>;1082,75
2011;Irschen <20611>;2050
2011;Kleblach-Lind <20613>;1191,5
2011;Lendorf <20616>;1800,875
2011;Mallnitz <20618>;825,875
2011;Malta <20619>;2044,5
2011;Millstatt am See <20620>;3387,875
2011;Mörtschach <20622>;821,625
2011;Mühldorf <20624>;989,25
2011;Oberdrauburg <20625>;1267
2011;Obervellach <20627>;2303,25
2011;Radenthein <20630>;6234,375
2011;Rangersdorf <20631>;1755,125
2011;Rennweg am Katschberg <20632>;1838,375
2011;Sachsenburg <20633>;1310,625
2011;Seeboden am Millstätter See <20634>;6151,625
2011;Spittal an der Drau <20635>;15743,375
2011;Stall <20636>;1657,625
2011;Steinfeld <20637>;2081,375
2011;Trebesing <20638>;1228
2011;Weißensee <20639>;775,625
2011;Winklern <20640>;1222,375
2011;Krems in Kärnten <20642>;1898
2011;Lurnfeld <20643>;2598,125
2011;Reißeck <20644>;2304,125
2011;Afritz am See <20701>;1410,25
2011;Arnoldstein <20702>;6881,5
2011;Arriach <20703>;1429,5
2011;Bad Bleiberg <20705>;2403,625
2011;Feistritz an der Gail <20707>;654,375
2011;Feld am See <20708>;1164,25
2011;Ferndorf <20710>;2261,875
2011;Finkenstein am Faaker See <20711>;8505,25
2011;Fresach <20712>;1235,5
2011;Hohenthurn <20713>;818,625
2011;Nötsch im Gailtal <20719>;2296,875
2011;Paternion <20720>;6042,625
2011;Rosegg <20721>;1867,625
2011;St. Jakob im Rosental <20722>;4348,125
2011;Stockenboi <20723>;1639,375
2011;Treffen am Ossiacher See <20724>;4362,625
2011;Velden am Wörther See <20725>;8808,125
2011;Weißenstein <20726>;3012,5
2011;Wernberg <20727>;5428,125
2011;Bleiburg <20801>;3918,75
2011;Diex <20802>;819,25
2011;Eberndorf <20803>;5912,375
2011;Eisenkappel-Vellach <20804>;2407
2011;Feistritz ob Bleiburg <20805>;2084,125
2011;Gallizien <20806>;1792
2011;Globasnitz <20807>;1618,75
2011;Griffen <20808>;3541,875
2011;Neuhaus <20810>;1103,875
2011;Ruden <20812>;1555,75
2011;St. Kanzian am Klopeiner See <20813>;4373,25
2011;Sittersdorf <20815>;2066,375
2011;Völkermarkt <20817>;11160,25
2011;Bad St. Leonhard im Lavanttal <20901>;4547,25
2011;Frantschach-St. Gertraud <20905>;2724,75
2011;Lavamünd <20909>;3130,5
2011;Preitenegg <20911>;1015,5
2011;Reichenfels <20912>;1903,125
2011;St. Andrä <20913>;10270,375
2011;St. Georgen im Lavanttal <20914>;2008,125
2011;St. Paul im Lavanttal <20918>;3492,375
2011;Wolfsberg <20923>;25061,375
2012;Klagenfurt am Wörthersee <20101>;94876,25
2012;Villach <20201>;59519,125
2012;Albeck <21001>;1046,25
2012;Feldkirchen in Kärnten <21002>;14318,75
2012;Glanegg <21003>;1903,25
2012;Gnesau <21004>;1111,125
2012;Himmelberg <21005>;2332
2012;Ossiach <21006>;737,5
2012;Reichenau <21007>;1916,875
2012;St. Urban <21008>;1525,625
2012;Steindorf am Ossiacher See <21009>;3695,125
2012;Steuerberg <21010>;1661,875
2012;Dellach <20302>;1263,625
2012;Gitschtal <20320>;1277,125
2012;Hermagor-Pressegger See <20305>;7021,875
2012;Kirchbach <20306>;2676
2012;Kötschach-Mauthen <20307>;3412,125
2012;Lesachtal <20321>;1430,625
2012;St. Stefan im Gailtal <20316>;1563,75
2012;Ebenthal in Kärnten <20402>;7699,625
2012;Feistritz im Rosental <20403>;2520
2012;Ferlach <20405>;7187
2012;Grafenstein <20409>;2825,5
2012;Keutschach am See <20412>;2441
2012;Köttmannsdorf <20414>;2863,875
2012;Krumpendorf am Wörthersee <20415>;3385,625
2012;Ludmannsdorf <20416>;1821,625
2012;Maria Rain <20417>;2401,25
2012;Maria Saal <20418>;3838,75
2012;Maria Wörth <20419>;1483,125
2012;Moosburg <20421>;4442,5
2012;Pörtschach am Wörther See <20424>;2656,5
2012;Poggersdorf <20425>;3039,375
2012;Schiefling am Wörthersee <20432>;2615,25
2012;St. Margareten im Rosental <20428>;1074,375
2012;Techelsberg am Wörther See <20435>;2211,625
2012;Zell <20441>;617
2012;Magdalensberg <20442>;3303,125
2012;Althofen <20501>;4627,25
2012;Brückl <20502>;2848,375
2012;Deutsch-Griffen <20503>;942,625
2012;Eberstein <20504>;1414,375
2012;Friesach <20505>;5113,375
2012;Glödnitz <20506>;876,125
2012;Gurk <20508>;1266,75
2012;Guttaring <20509>;1509
2012;Hüttenberg <20511>;1506,875
2012;Kappel am Krappfeld <20512>;1985
2012;Klein St. Paul <20513>;1868,375
2012;Liebenfels <20515>;3306,875
2012;Metnitz <20518>;2099,75
2012;Micheldorf <20519>;1040,25
2012;Mölbling <20520>;1332,125
2012;St. Georgen am Längsee <20523>;3623,75
2012;St. Veit an der Glan <20527>;12551,125
2012;Straßburg <20530>;2144,875
2012;Weitensfeld im Gurktal <20531>;2150,375
2012;Frauenstein <20534>;3647,5
2012;Bad Kleinkirchheim <20601>;1691,25
2012;Baldramsdorf <20602>;1876,25
2012;Berg im Drautal <20603>;1331,625
2012;Dellach im Drautal <20604>;1637,5
2012;Großkirchheim <20605>;1392,875
2012;Flattach <20607>;1224,25
2012;Gmünd in Kärnten <20608>;2587,125
2012;Greifenburg <20609>;1815
2012;Heiligenblut am Großglockner <20610>;1072,75
2012;Irschen <20611>;2023,625
2012;Kleblach-Lind <20613>;1193,875
2012;Lendorf <20616>;1792,875
2012;Mallnitz <20618>;812,125
2012;Malta <20619>;2041,25
2012;Millstatt am See <20620>;3384,25
2012;Mörtschach <20622>;808
2012;Mühldorf <20624>;987,875
2012;Oberdrauburg <20625>;1258,625
2012;Obervellach <20627>;2296,625
2012;Radenthein <20630>;6153,625
2012;Rangersdorf <20631>;1756,375
2012;Rennweg am Katschberg <20632>;1813,125
2012;Sachsenburg <20633>;1318,625
2012;Seeboden am Millstätter See <20634>;6194,625
2012;Spittal an der Drau <20635>;15617,125
2012;Stall <20636>;1635,125
2012;Steinfeld <20637>;2055,875
2012;Trebesing <20638>;1228,125
2012;Weißensee <20639>;774,625
2012;Winklern <20640>;1211,125
2012;Krems in Kärnten <20642>;1871,625
2012;Lurnfeld <20643>;2582,125
2012;Reißeck <20644>;2279
2012;Afritz am See <20701>;1439,25
2012;Arnoldstein <20702>;6943
2012;Arriach <20703>;1397,125
2012;Bad Bleiberg <20705>;2378,25
2012;Feistritz an der Gail <20707>;646,5
2012;Feld am See <20708>;1154,25
2012;Ferndorf <20710>;2260,875
2012;Finkenstein am Faaker See <20711>;8524,5
2012;Fresach <20712>;1247,375
2012;Hohenthurn <20713>;811,75
2012;Nötsch im Gailtal <20719>;2271,375
2012;Paternion <20720>;5985,375
2012;Rosegg <20721>;1848,375
2012;St. Jakob im Rosental <20722>;4309,25
2012;Stockenboi <20723>;1645
2012;Treffen am Ossiacher See <20724>;4353,25
2012;Velden am Wörther See <20725>;8776,25
2012;Weißenstein <20726>;2984,375
2012;Wernberg <20727>;5459,75
2012;Bleiburg <20801>;3883,5
2012;Diex <20802>;807,5
2012;Eberndorf <20803>;5915,875
2012;Eisenkappel-Vellach <20804>;2377,875
2012;Feistritz ob Bleiburg <20805>;2122,125
2012;Gallizien <20806>;1788
2012;Globasnitz <20807>;1610,25
2012;Griffen <20808>;3536,5
2012;Neuhaus <20810>;1085,75
2012;Ruden <20812>;1553,5
2012;St. Kanzian am Klopeiner See <20813>;4363,375
2012;Sittersdorf <20815>;2060,25
2012;Völkermarkt <20817>;11060,25
2012;Bad St. Leonhard im Lavanttal <20901>;4497,125
2012;Frantschach-St. Gertraud <20905>;2745,375
2012;Lavamünd <20909>;3081,875
2012;Preitenegg <20911>;974
2012;Reichenfels <20912>;1886,125
2012;St. Andrä <20913>;10203,875
2012;St. Georgen im Lavanttal <20914>;2024
2012;St. Paul im Lavanttal <20918>;3459,5
2012;Wolfsberg <20923>;24981,625
2013;Klagenfurt am Wörthersee <20101>;95979,75
2013;Villach <20201>;59783,75
2013;Albeck <21001>;1042,875
2013;Feldkirchen in Kärnten <21002>;14319,125
2013;Glanegg <21003>;1906,75
2013;Gnesau <21004>;1098
2013;Himmelberg <21005>;2308,5
2013;Ossiach <21006>;738,25
2013;Reichenau <21007>;1888,75
2013;St. Urban <21008>;1518,5
2013;Steindorf am Ossiacher See <21009>;3706,875
2013;Steuerberg <21010>;1631,75
2013;Dellach <20302>;1252,875
2013;Gitschtal <20320>;1273
2013;Hermagor-Pressegger See <20305>;6978,375
2013;Kirchbach <20306>;2672,125
2013;Kötschach-Mauthen <20307>;3417,625
2013;Lesachtal <20321>;1414
2013;St. Stefan im Gailtal <20316>;1583
2013;Ebenthal in Kärnten <20402>;7705,5
2013;Feistritz im Rosental <20403>;2492
2013;Ferlach <20405>;7167,625
2013;Grafenstein <20409>;2835,875
2013;Keutschach am See <20412>;2435,125
2013;Köttmannsdorf <20414>;2873
2013;Krumpendorf am Wörthersee <20415>;3376
2013;Ludmannsdorf <20416>;1814,125
2013;Maria Rain <20417>;2402,125
2013;Maria Saal <20418>;3836,75
2013;Maria Wörth <20419>;1490,25
2013;Moosburg <20421>;4491
2013;Pörtschach am Wörther See <20424>;2667,25
2013;Poggersdorf <20425>;3067,5
2013;Schiefling am Wörthersee <20432>;2625,125
2013;St. Margareten im Rosental <20428>;1066,375
2013;Techelsberg am Wörther See <20435>;2180
2013;Zell <20441>;609,375
2013;Magdalensberg <20442>;3293
2013;Althofen <20501>;4597,125
2013;Brückl <20502>;2826,875
2013;Deutsch-Griffen <20503>;945,5
2013;Eberstein <20504>;1382,75
2013;Friesach <20505>;5069,25
2013;Glödnitz <20506>;845,75
2013;Gurk <20508>;1250,25
2013;Guttaring <20509>;1494,125
2013;Hüttenberg <20511>;1482,75
2013;Kappel am Krappfeld <20512>;1965,375
2013;Klein St. Paul <20513>;1866,375
2013;Liebenfels <20515>;3305,25
2013;Metnitz <20518>;2080,375
2013;Micheldorf <20519>;1035,5
2013;Mölbling <20520>;1342,5
2013;St. Georgen am Längsee <20523>;3604,875
2013;St. Veit an der Glan <20527>;12495,625
2013;Straßburg <20530>;2141,125
2013;Weitensfeld im Gurktal <20531>;2132,875
2013;Frauenstein <20534>;3643
2013;Bad Kleinkirchheim <20601>;1690,375
2013;Baldramsdorf <20602>;1871,75
2013;Berg im Drautal <20603>;1316,5
2013;Dellach im Drautal <20604>;1643,5
2013;Großkirchheim <20605>;1386,625
2013;Flattach <20607>;1205,875
2013;Gmünd in Kärnten <20608>;2573,375
2013;Greifenburg <20609>;1795,25
2013;Heiligenblut am Großglockner <20610>;1064,875
2013;Irschen <20611>;1997,75
2013;Kleblach-Lind <20613>;1195,875
2013;Lendorf <20616>;1761,25
2013;Mallnitz <20618>;811,125
2013;Malta <20619>;2043,5
2013;Millstatt am See <20620>;3380,875
2013;Mörtschach <20622>;799,75
2013;Mühldorf <20624>;983,5
2013;Oberdrauburg <20625>;1232,375
2013;Obervellach <20627>;2281,25
2013;Radenthein <20630>;6043,25
2013;Rangersdorf <20631>;1742
2013;Rennweg am Katschberg <20632>;1795
2013;Sachsenburg <20633>;1315,5
2013;Seeboden am Millstätter See <20634>;6246,875
2013;Spittal an der Drau <20635>;15509,5
2013;Stall <20636>;1622,125
2013;Steinfeld <20637>;2039,5
2013;Trebesing <20638>;1224,5
2013;Weißensee <20639>;764,625
2013;Winklern <20640>;1202,125
2013;Krems in Kärnten <20642>;1818,25
2013;Lurnfeld <20643>;2545,125
2013;Reißeck <20644>;2227,25
2013;Afritz am See <20701>;1445,25
2013;Arnoldstein <20702>;6990,25
2013;Arriach <20703>;1383,25
2013;Bad Bleiberg <20705>;2353,875
2013;Feistritz an der Gail <20707>;641,375
2013;Feld am See <20708>;1141,75
2013;Ferndorf <20710>;2231,625
2013;Finkenstein am Faaker See <20711>;8534
2013;Fresach <20712>;1261
2013;Hohenthurn <20713>;809,625
2013;Nötsch im Gailtal <20719>;2251,125
2013;Paternion <20720>;5960,625
2013;Rosegg <20721>;1826,625
2013;St. Jakob im Rosental <20722>;4277,125
2013;Stockenboi <20723>;1649,25
2013;Treffen am Ossiacher See <20724>;4341,75
2013;Velden am Wörther See <20725>;8743,625
2013;Weißenstein <20726>;2963,25
2013;Wernberg <20727>;5462,75
2013;Bleiburg <20801>;3941,5
2013;Diex <20802>;796,25
2013;Eberndorf <20803>;5922,75
2013;Eisenkappel-Vellach <20804>;2377,75
2013;Feistritz ob Bleiburg <20805>;2125,25
2013;Gallizien <20806>;1791,875
2013;Globasnitz <20807>;1613,375
2013;Griffen <20808>;3505,25
2013;Neuhaus <20810>;1066,625
2013;Ruden <20812>;1565,5
2013;St. Kanzian am Klopeiner See <20813>;4360,75
2013;Sittersdorf <20815>;2025,5
2013;Völkermarkt <20817>;11049,75
2013;Bad St. Leonhard im Lavanttal <20901>;4438,375
2013;Frantschach-St. Gertraud <20905>;2704,125
2013;Lavamünd <20909>;3053,5
2013;Preitenegg <20911>;967,5
2013;Reichenfels <20912>;1857,25
2013;St. Andrä <20913>;10179,5
2013;St. Georgen im Lavanttal <20914>;2008,625
2013;St. Paul im Lavanttal <20918>;3416,125
2013;Wolfsberg <20923>;24973,625
2014;Klagenfurt am Wörthersee <20101>;97175
2014;Villach <20201>;60267,5
2014;Albeck <21001>;1027,25
2014;Feldkirchen in Kärnten <21002>;14289,25
2014;Glanegg <21003>;1915,375
2014;Gnesau <21004>;1088
2014;Himmelberg <21005>;2315,625
2014;Ossiach <21006>;719,125
2014;Reichenau <21007>;1858,625
2014;St. Urban <21008>;1507,375
2014;Steindorf am Ossiacher See <21009>;3713,375
2014;Steuerberg <21010>;1631,75
2014;Dellach <20302>;1246,375
2014;Gitschtal <20320>;1268,625
2014;Hermagor-Pressegger See <20305>;6922,25
2014;Kirchbach <20306>;2657,25
2014;Kötschach-Mauthen <20307>;3419,125
2014;Lesachtal <20321>;1381,75
2014;St. Stefan im Gailtal <20316>;1596,125
2014;Ebenthal in Kärnten <20402>;7676,5
2014;Feistritz im Rosental <20403>;2496
2014;Ferlach <20405>;7163,625
2014;Grafenstein <20409>;2836,375
2014;Keutschach am See <20412>;2444,125
2014;Köttmannsdorf <20414>;2883,125
2014;Krumpendorf am Wörthersee <20415>;3408,5
2014;Ludmannsdorf <20416>;1799,625
2014;Maria Rain <20417>;2430,75
2014;Maria Saal <20418>;3826,625
2014;Maria Wörth <20419>;1514,875
2014;Moosburg <20421>;4495,625
2014;Pörtschach am Wörther See <20424>;2687,75
2014;Poggersdorf <20425>;3091,625
2014;Schiefling am Wörthersee <20432>;2620
2014;St. Margareten im Rosental <20428>;1066,375
2014;Techelsberg am Wörther See <20435>;2184,5
2014;Zell <20441>;613,75
2014;Magdalensberg <20442>;3317,375
2014;Althofen <20501>;4610,375
2014;Brückl <20502>;2798,375
2014;Deutsch-Griffen <20503>;951,875
2014;Eberstein <20504>;1353,125
2014;Friesach <20505>;5042,875
2014;Glödnitz <20506>;829,25
2014;Gurk <20508>;1273,75
2014;Guttaring <20509>;1486,125
2014;Hüttenberg <20511>;1469,5
2014;Kappel am Krappfeld <20512>;1970,25
2014;Klein St. Paul <20513>;1864,75
2014;Liebenfels <20515>;3292,25
2014;Metnitz <20518>;2065,125
2014;Micheldorf <20519>;1043,375
2014;Mölbling <20520>;1331,25
2014;St. Georgen am Längsee <20523>;3585,375
2014;St. Veit an der Glan <20527>;12510,5
2014;Straßburg <20530>;2138,5
2014;Weitensfeld im Gurktal <20531>;2129,125
2014;Frauenstein <20534>;3632,25
2014;Bad Kleinkirchheim <20601>;1666,125
2014;Baldramsdorf <20602>;1869,125
2014;Berg im Drautal <20603>;1313
2014;Dellach im Drautal <20604>;1640,125
2014;Großkirchheim <20605>;1386
2014;Flattach <20607>;1172,5
2014;Gmünd in Kärnten <20608>;2597,125
2014;Greifenburg <20609>;1776,125
2014;Heiligenblut am Großglockner <20610>;1051,5
2014;Irschen <20611>;1995,75
2014;Kleblach-Lind <20613>;1182,5
2014;Lendorf <20616>;1734,375
2014;Mallnitz <20618>;801,375
2014;Malta <20619>;2033,75
2014;Millstatt am See <20620>;3355,625
2014;Mörtschach <20622>;798,875
2014;Mühldorf <20624>;984,5
2014;Oberdrauburg <20625>;1204,75
2014;Obervellach <20627>;2274,375
2014;Radenthein <20630>;5984
2014;Rangersdorf <20631>;1741,875
2014;Rennweg am Katschberg <20632>;1768,375
2014;Sachsenburg <20633>;1307,25
2014;Seeboden am Millstätter See <20634>;6288,375
2014;Spittal an der Drau <20635>;15556,75
2014;Stall <20636>;1615,25
2014;Steinfeld <20637>;2031,125
2014;Trebesing <20638>;1214,5
2014;Weißensee <20639>;760,25
2014;Winklern <20640>;1201,375
2014;Krems in Kärnten <20642>;1777,5
2014;Lurnfeld <20643>;2550,25
2014;Reißeck <20644>;2219,625
2014;Afritz am See <20701>;1441
2014;Arnoldstein <20702>;7001,5
2014;Arriach <20703>;1370,25
2014;Bad Bleiberg <20705>;2327
2014;Feistritz an der Gail <20707>;628
2014;Feld am See <20708>;1139,75
2014;Ferndorf <20710>;2228,25
2014;Finkenstein am Faaker See <20711>;8610
2014;Fresach <20712>;1247,125
2014;Hohenthurn <20713>;839,375
2014;Nötsch im Gailtal <20719>;2235,125
2014;Paternion <20720>;5913,875
2014;Rosegg <20721>;1814,75
2014;St. Jakob im Rosental <20722>;4241,125
2014;Stockenboi <20723>;1645,25
2014;Treffen am Ossiacher See <20724>;4348,625
2014;Velden am Wörther See <20725>;8775,75
2014;Weißenstein <20726>;2971,25
2014;Wernberg <20727>;5525,125
2014;Bleiburg <20801>;4001,375
2014;Diex <20802>;792,375
2014;Eberndorf <20803>;5888,25
2014;Eisenkappel-Vellach <20804>;2374
2014;Feistritz ob Bleiburg <20805>;2127,375
2014;Gallizien <20806>;1780,25
2014;Globasnitz <20807>;1605,625
2014;Griffen <20808>;3514,25
2014;Neuhaus <20810>;1043,125
2014;Ruden <20812>;1550,5
2014;St. Kanzian am Klopeiner See <20813>;4383,75
2014;Sittersdorf <20815>;2014,75
2014;Völkermarkt <20817>;10981,875
2014;Bad St. Leonhard im Lavanttal <20901>;4404,625
2014;Frantschach-St. Gertraud <20905>;2677,25
2014;Lavamünd <20909>;3034,375
2014;Preitenegg <20911>;964
2014;Reichenfels <20912>;1850,25
2014;St. Andrä <20913>;10112,625
2014;St. Georgen im Lavanttal <20914>;2003,375
2014;St. Paul im Lavanttal <20918>;3391,75
2014;Wolfsberg <20923>;25055,25
2015;Klagenfurt am Wörthersee <20101>;98358,875
2015;Villach <20201>;60778,25
2015;Albeck <21001>;1030,375
2015;Feldkirchen in Kärnten <21002>;14254,5
2015;Glanegg <21003>;1909,5
2015;Gnesau <21004>;1068,125
2015;Himmelberg <21005>;2316,375
2015;Ossiach <21006>;747,125
2015;Reichenau <21007>;1840,5
2015;St. Urban <21008>;1546,125
2015;Steindorf am Ossiacher See <21009>;3734,625
2015;Steuerberg <21010>;1700,75
2015;Dellach <20302>;1233,5
2015;Gitschtal <20320>;1287
2015;Hermagor-Pressegger See <20305>;6885,75
2015;Kirchbach <20306>;2670,875
2015;Kötschach-Mauthen <20307>;3433,625
2015;Lesachtal <20321>;1363,875
2015;St. Stefan im Gailtal <20316>;1588,75
2015;Ebenthal in Kärnten <20402>;7744,375
2015;Feistritz im Rosental <20403>;2474,375
2015;Ferlach <20405>;7151,5
2015;Grafenstein <20409>;2851,875
2015;Keutschach am See <20412>;2451,25
2015;Köttmannsdorf <20414>;2887,875
2015;Krumpendorf am Wörthersee <20415>;3479,875
2015;Ludmannsdorf <20416>;1805,875
2015;Maria Rain <20417>;2456,25
2015;Maria Saal <20418>;3845,875
2015;Maria Wörth <20419>;1529,375
2015;Moosburg <20421>;4492,625
2015;Pörtschach am Wörther See <20424>;2691,25
2015;Poggersdorf <20425>;3130
2015;Schiefling am Wörthersee <20432>;2609,25
2015;St. Margareten im Rosental <20428>;1067,375
2015;Techelsberg am Wörther See <20435>;2199
2015;Zell <20441>;612,375
2015;Magdalensberg <20442>;3328,125
2015;Althofen <20501>;4697,875
2015;Brückl <20502>;2778
2015;Deutsch-Griffen <20503>;934,25
2015;Eberstein <20504>;1319,875
2015;Friesach <20505>;5034,5
2015;Glödnitz <20506>;820,375
2015;Gurk <20508>;1269,5
2015;Guttaring <20509>;1455,25
2015;Hüttenberg <20511>;1465,375
2015;Kappel am Krappfeld <20512>;1994,25
2015;Klein St. Paul <20513>;1848,875
2015;Liebenfels <20515>;3289
2015;Metnitz <20518>;2056,875
2015;Micheldorf <20519>;1036,875
2015;Mölbling <20520>;1319,75
2015;St. Georgen am Längsee <20523>;3612,25
2015;St. Veit an der Glan <20527>;12544,875
2015;Straßburg <20530>;2129,875
2015;Weitensfeld im Gurktal <20531>;2138,75
2015;Frauenstein <20534>;3642,5
2015;Bad Kleinkirchheim <20601>;1686,125
2015;Baldramsdorf <20602>;1838,375
2015;Berg im Drautal <20603>;1310,125
2015;Dellach im Drautal <20604>;1628,875
2015;Großkirchheim <20605>;1383,75
2015;Flattach <20607>;1171,625
2015;Gmünd in Kärnten <20608>;2605,875
2015;Greifenburg <20609>;1769,875
2015;Heiligenblut am Großglockner <20610>;1032,875
2015;Irschen <20611>;2007,875
2015;Kleblach-Lind <20613>;1184,875
2015;Lendorf <20616>;1723,375
2015;Mallnitz <20618>;805,625
2015;Malta <20619>;2036,125
2015;Millstatt am See <20620>;3366,5
2015;Mörtschach <20622>;810
2015;Mühldorf <20624>;995,125
2015;Oberdrauburg <20625>;1186,375
2015;Obervellach <20627>;2247,5
2015;Radenthein <20630>;5931
2015;Rangersdorf <20631>;1738,125
2015;Rennweg am Katschberg <20632>;1763,625
2015;Sachsenburg <20633>;1282,75
2015;Seeboden am Millstätter See <20634>;6327
2015;Spittal an der Drau <20635>;15504,5
2015;Stall <20636>;1613,375
2015;Steinfeld <20637>;2032,125
2015;Trebesing <20638>;1201,375
2015;Weißensee <20639>;756
2015;Winklern <20640>;1214,5
2015;Krems in Kärnten <20642>;1739,625
2015;Lurnfeld <20643>;2566,375
2015;Reißeck <20644>;2212,125
2015;Afritz am See <20701>;1448
2015;Arnoldstein <20702>;7003,125
2015;Arriach <20703>;1362,375
2015;Bad Bleiberg <20705>;2331,375
2015;Feistritz an der Gail <20707>;619,25
2015;Feld am See <20708>;1131,625
2015;Ferndorf <20710>;2202,875
2015;Finkenstein am Faaker See <20711>;8679,875
2015;Fresach <20712>;1248,625
2015;Hohenthurn <20713>;841,125
2015;Nötsch im Gailtal <20719>;2232,625
2015;Paternion <20720>;5886,5
2015;Rosegg <20721>;1801,5
2015;St. Jakob im Rosental <20722>;4242,125
2015;Stockenboi <20723>;1627,625
2015;Treffen am Ossiacher See <20724>;4369,5
2015;Velden am Wörther See <20725>;8892,125
2015;Weißenstein <20726>;2946,375
2015;Wernberg <20727>;5559,5
2015;Bleiburg <20801>;4041,625
2015;Diex <20802>;828,875
2015;Eberndorf <20803>;5858,75
2015;Eisenkappel-Vellach <20804>;2408,625
2015;Feistritz ob Bleiburg <20805>;2122,375
2015;Gallizien <20806>;1774,125
2015;Globasnitz <20807>;1590,5
2015;Griffen <20808>;3514,75
2015;Neuhaus <20810>;1027,625
2015;Ruden <20812>;1535
2015;St. Kanzian am Klopeiner See <20813>;4463
2015;Sittersdorf <20815>;2039,25
2015;Völkermarkt <20817>;10957,625
2015;Bad St. Leonhard im Lavanttal <20901>;4405
2015;Frantschach-St. Gertraud <20905>;2656,25
2015;Lavamünd <20909>;2988,75
2015;Preitenegg <20911>;965,75
2015;Reichenfels <20912>;1857,25
2015;St. Andrä <20913>;10083,875
2015;St. Georgen im Lavanttal <20914>;1996,125
2015;St. Paul im Lavanttal <20918>;3378,875
2015;Wolfsberg <20923>;25055
2016;Klagenfurt am Wörthersee <20101>;99611,625
2016;Villach <20201>;61491,5
2016;Albeck <21001>;1017,875
2016;Feldkirchen in Kärnten <21002>;14240,875
2016;Glanegg <21003>;1902,375
2016;Gnesau <21004>;1048
2016;Himmelberg <21005>;2292,25
2016;Ossiach <21006>;798,125
2016;Reichenau <21007>;1829,125
2016;St. Urban <21008>;1562,25
2016;Steindorf am Ossiacher See <21009>;3772,125
2016;Steuerberg <21010>;1722,25
2016;Dellach <20302>;1241,125
2016;Gitschtal <20320>;1281,5
2016;Hermagor-Pressegger See <20305>;6815,25
2016;Kirchbach <20306>;2653,375
2016;Kötschach-Mauthen <20307>;3454,25
2016;Lesachtal <20321>;1351,25
2016;St. Stefan im Gailtal <20316>;1577,625
2016;Ebenthal in Kärnten <20402>;7799,5
2016;Feistritz im Rosental <20403>;2486,625
2016;Ferlach <20405>;7149,125
2016;Grafenstein <20409>;2894,875
2016;Keutschach am See <20412>;2447
2016;Köttmannsdorf <20414>;2920,375
2016;Krumpendorf am Wörthersee <20415>;3483,25
2016;Ludmannsdorf <20416>;1808,125
2016;Maria Rain <20417>;2536,25
2016;Maria Saal <20418>;3834,5
2016;Maria Wörth <20419>;1569,375
2016;Moosburg <20421>;4525,875
2016;Pörtschach am Wörther See <20424>;2713,75
2016;Poggersdorf <20425>;3140,375
2016;Schiefling am Wörthersee <20432>;2609,875
2016;St. Margareten im Rosental <20428>;1072,75
2016;Techelsberg am Wörther See <20435>;2206,25
2016;Zell <20441>;604,75
2016;Magdalensberg <20442>;3360,625
2016;Althofen <20501>;4768,625
2016;Brückl <20502>;2749
2016;Deutsch-Griffen <20503>;920,875
2016;Eberstein <20504>;1305,125
2016;Friesach <20505>;5004,875
2016;Glödnitz <20506>;807,75
2016;Gurk <20508>;1261
2016;Guttaring <20509>;1444,375
2016;Hüttenberg <20511>;1459,375
2016;Kappel am Krappfeld <20512>;1993,5
2016;Klein St. Paul <20513>;1861,25
2016;Liebenfels <20515>;3291,625
2016;Metnitz <20518>;2030,5
2016;Micheldorf <20519>;1023,375
2016;Mölbling <20520>;1325,375
2016;St. Georgen am Längsee <20523>;3696,125
2016;St. Veit an der Glan <20527>;12546,125
2016;Straßburg <20530>;2119,5
2016;Weitensfeld im Gurktal <20531>;2138,75
2016;Frauenstein <20534>;3629,875
2016;Bad Kleinkirchheim <20601>;1703,125
2016;Baldramsdorf <20602>;1819,75
2016;Berg im Drautal <20603>;1302,875
2016;Dellach im Drautal <20604>;1621,75
2016;Großkirchheim <20605>;1372,625
2016;Flattach <20607>;1182,375
2016;Gmünd in Kärnten <20608>;2590,375
2016;Greifenburg <20609>;1747,625
2016;Heiligenblut am Großglockner <20610>;1026,25
2016;Irschen <20611>;2029,75
2016;Kleblach-Lind <20613>;1179,625
2016;Lendorf <20616>;1735,125
2016;Mallnitz <20618>;816,875
2016;Malta <20619>;2013,5
2016;Millstatt am See <20620>;3405,125
2016;Mörtschach <20622>;818,75
2016;Mühldorf <20624>;1000,125
2016;Oberdrauburg <20625>;1217,375
2016;Obervellach <20627>;2269,25
2016;Radenthein <20630>;5906,625
2016;Rangersdorf <20631>;1747
2016;Rennweg am Katschberg <20632>;1773,125
2016;Sachsenburg <20633>;1307,125
2016;Seeboden am Millstätter See <20634>;6332,75
2016;Spittal an der Drau <20635>;15493,375
2016;Stall <20636>;1587,5
2016;Steinfeld <20637>;2057,375
2016;Trebesing <20638>;1182,625
2016;Weißensee <20639>;752,375
2016;Winklern <20640>;1202,875
2016;Krems in Kärnten <20642>;1703,125
2016;Lurnfeld <20643>;2585,75
2016;Reißeck <20644>;2190,875
2016;Afritz am See <20701>;1434,125
2016;Arnoldstein <20702>;7042,625
2016;Arriach <20703>;1350,75
2016;Bad Bleiberg <20705>;2331,75
2016;Feistritz an der Gail <20707>;613,75
2016;Feld am See <20708>;1120,375
2016;Ferndorf <20710>;2162,375
2016;Finkenstein am Faaker See <20711>;8823,875
2016;Fresach <20712>;1251,75
2016;Hohenthurn <20713>;839,25
2016;Nötsch im Gailtal <20719>;2229
2016;Paternion <20720>;5889,5
2016;Rosegg <20721>;1806
2016;St. Jakob im Rosental <20722>;4254,5
2016;Stockenboi <20723>;1614,625
2016;Treffen am Ossiacher See <20724>;4386
2016;Velden am Wörther See <20725>;8981
2016;Weißenstein <20726>;2969,125
2016;Wernberg <20727>;5593,75
2016;Bleiburg <20801>;4053,625
2016;Diex <20802>;830,375
2016;Eberndorf <20803>;5870
2016;Eisenkappel-Vellach <20804>;2372,5
2016;Feistritz ob Bleiburg <20805>;2157,75
2016;Gallizien <20806>;1772,75
2016;Globasnitz <20807>;1596,375
2016;Griffen <20808>;3520,125
2016;Neuhaus <20810>;1037,5
2016;Ruden <20812>;1528,125
2016;St. Kanzian am Klopeiner See <20813>;4495,875
2016;Sittersdorf <20815>;2055,125
2016;Völkermarkt <20817>;10947,25
2016;Bad St. Leonhard im Lavanttal <20901>;4399,75
2016;Frantschach-St. Gertraud <20905>;2658,5
2016;Lavamünd <20909>;2945,75
2016;Preitenegg <20911>;948,25
2016;Reichenfels <20912>;1875,125
2016;St. Andrä <20913>;10062,125
2016;St. Georgen im Lavanttal <20914>;1997,625
2016;St. Paul im Lavanttal <20918>;3356,875
2016;Wolfsberg <20923>;25041,875
2017;Klagenfurt am Wörthersee <20101>;100003,375
2017;Villach <20201>;61735,125
2017;Albeck <21001>;1004,875
2017;Feldkirchen in Kärnten <21002>;14210,875
2017;Glanegg <21003>;1871,875
2017;Gnesau <21004>;1050,875
2017;Himmelberg <21005>;2291,125
2017;Ossiach <21006>;791,5
2017;Reichenau <21007>;1819
2017;St. Urban <21008>;1561,125
2017;Steindorf am Ossiacher See <21009>;3779,125
2017;Steuerberg <21010>;1671,5
2017;Dellach <20302>;1234,625
2017;Gitschtal <20320>;1269,875
2017;Hermagor-Pressegger See <20305>;6811
2017;Kirchbach <20306>;2626,75
2017;Kötschach-Mauthen <20307>;3396
2017;Lesachtal <20321>;1330,625
2017;St. Stefan im Gailtal <20316>;1586,75
2017;Ebenthal in Kärnten <20402>;7842,25
2017;Feistritz im Rosental <20403>;2495,625
2017;Ferlach <20405>;7159,625
2017;Grafenstein <20409>;2891
2017;Keutschach am See <20412>;2444,75
2017;Köttmannsdorf <20414>;2972
2017;Krumpendorf am Wörthersee <20415>;3506,25
2017;Ludmannsdorf <20416>;1800
2017;Maria Rain <20417>;2564,5
2017;Maria Saal <20418>;3822,625
2017;Maria Wörth <20419>;1600,875
2017;Moosburg <20421>;4486,875
2017;Pörtschach am Wörther See <20424>;2718,5
2017;Poggersdorf <20425>;3174
2017;Schiefling am Wörthersee <20432>;2625,5
2017;St. Margareten im Rosental <20428>;1088,375
2017;Techelsberg am Wörther See <20435>;2188,875
2017;Zell <20441>;608,125
2017;Magdalensberg <20442>;3436,5
2017;Althofen <20501>;4788
2017;Brückl <20502>;2726,5
2017;Deutsch-Griffen <20503>;907,125
2017;Eberstein <20504>;1285,875
2017;Friesach <20505>;4973
2017;Glödnitz <20506>;808,5
2017;Gurk <20508>;1239,375
2017;Guttaring <20509>;1469,625
2017;Hüttenberg <20511>;1424,125
2017;Kappel am Krappfeld <20512>;1979,375
2017;Klein St. Paul <20513>;1836,375
2017;Liebenfels <20515>;3309,25
2017;Metnitz <20518>;2012,75
2017;Micheldorf <20519>;1014,875
2017;Mölbling <20520>;1323,625
2017;St. Georgen am Längsee <20523>;3665
2017;St. Veit an der Glan <20527>;12507,25
2017;Straßburg <20530>;2094,875
2017;Weitensfeld im Gurktal <20531>;2095,25
2017;Frauenstein <20534>;3605
2017;Bad Kleinkirchheim <20601>;1719,375
2017;Baldramsdorf <20602>;1856,375
2017;Berg im Drautal <20603>;1289
2017;Dellach im Drautal <20604>;1602,5
2017;Großkirchheim <20605>;1347,75
2017;Flattach <20607>;1197,875
2017;Gmünd in Kärnten <20608>;2564,75
2017;Greifenburg <20609>;1732,5
2017;Heiligenblut am Großglockner <20610>;1025,875
2017;Irschen <20611>;2028,875
2017;Kleblach-Lind <20613>;1174,125
2017;Lendorf <20616>;1720,125
2017;Mallnitz <20618>;798,5
2017;Malta <20619>;1997,25
2017;Millstatt am See <20620>;3435,125
2017;Mörtschach <20622>;823,875
2017;Mühldorf <20624>;1003,125
2017;Oberdrauburg <20625>;1196,75
2017;Obervellach <20627>;2235,75
2017;Radenthein <20630>;5862,75
2017;Rangersdorf <20631>;1737,375
2017;Rennweg am Katschberg <20632>;1762,625
2017;Sachsenburg <20633>;1296,375
2017;Seeboden am Millstätter See <20634>;6374,75
2017;Spittal an der Drau <20635>;15447,625
2017;Stall <20636>;1568,875
2017;Steinfeld <20637>;2060,625
2017;Trebesing <20638>;1161,125
2017;Weißensee <20639>;755,875
2017;Winklern <20640>;1199,375
2017;Krems in Kärnten <20642>;1692,75
2017;Lurnfeld <20643>;2587
2017;Reißeck <20644>;2150,625
2017;Afritz am See <20701>;1419,125
2017;Arnoldstein <20702>;7075,5
2017;Arriach <20703>;1344,25
2017;Bad Bleiberg <20705>;2308,375
2017;Feistritz an der Gail <20707>;624,25
2017;Feld am See <20708>;1100,125
2017;Ferndorf <20710>;2154,5
2017;Finkenstein am Faaker See <20711>;8911,125
2017;Fresach <20712>;1222,875
2017;Hohenthurn <20713>;841
2017;Nötsch im Gailtal <20719>;2230,875
2017;Paternion <20720>;5847,375
2017;Rosegg <20721>;1823,5
2017;St. Jakob im Rosental <20722>;4245,625
2017;Stockenboi <20723>;1607,125
2017;Treffen am Ossiacher See <20724>;4418
2017;Velden am Wörther See <20725>;9006,75
2017;Weißenstein <20726>;2960,125
2017;Wernberg <20727>;5547
2017;Bleiburg <20801>;4086,875
2017;Diex <20802>;835,375
2017;Eberndorf <20803>;5870,125
2017;Eisenkappel-Vellach <20804>;2316
2017;Feistritz ob Bleiburg <20805>;2167
2017;Gallizien <20806>;1767,5
2017;Globasnitz <20807>;1609,25
2017;Griffen <20808>;3492,625
2017;Neuhaus <20810>;1035,25
2017;Ruden <20812>;1529,25
2017;St. Kanzian am Klopeiner See <20813>;4424,25
2017;Sittersdorf <20815>;2017,875
2017;Völkermarkt <20817>;10948,75
2017;Bad St. Leonhard im Lavanttal <20901>;4397,625
2017;Frantschach-St. Gertraud <20905>;2633,625
2017;Lavamünd <20909>;2935,875
2017;Preitenegg <20911>;934
2017;Reichenfels <20912>;1853,25
2017;St. Andrä <20913>;9991,125
2017;St. Georgen im Lavanttal <20914>;1992,5
2017;St. Paul im Lavanttal <20918>;3326,375
2017;Wolfsberg <20923>;25049,875
2018;Klagenfurt am Wörthersee <20101>;100496
2018;Villach <20201>;62038,25
2018;Albeck <21001>;1000,625
2018;Feldkirchen in Kärnten <21002>;14243,875
2018;Glanegg <21003>;1853,625
2018;Gnesau <21004>;1030
2018;Himmelberg <21005>;2288,25
2018;Ossiach <21006>;778
2018;Reichenau <21007>;1821
2018;St. Urban <21008>;1543,75
2018;Steindorf am Ossiacher See <21009>;3761,125
2018;Steuerberg <21010>;1640,75
2018;Dellach <20302>;1229,25
2018;Gitschtal <20320>;1249,375
2018;Hermagor-Pressegger See <20305>;6857,125
2018;Kirchbach <20306>;2588,375
2018;Kötschach-Mauthen <20307>;3354,625
2018;Lesachtal <20321>;1316,125
2018;St. Stefan im Gailtal <20316>;1595,875
2018;Ebenthal in Kärnten <20402>;7964,5
2018;Feistritz im Rosental <20403>;2507,75
2018;Ferlach <20405>;7105
2018;Grafenstein <20409>;2900,5
2018;Keutschach am See <20412>;2445,375
2018;Köttmannsdorf <20414>;3020
2018;Krumpendorf am Wörthersee <20415>;3464,875
2018;Ludmannsdorf <20416>;1781
2018;Maria Rain <20417>;2586
2018;Maria Saal <20418>;3849,375
2018;Maria Wörth <20419>;1614,375
2018;Moosburg <20421>;4461,5
2018;Pörtschach am Wörther See <20424>;2779,875
2018;Poggersdorf <20425>;3200
2018;Schiefling am Wörthersee <20432>;2653,75
2018;St. Margareten im Rosental <20428>;1108,75
2018;Techelsberg am Wörther See <20435>;2190,875
2018;Zell <20441>;609,25
2018;Magdalensberg <20442>;3466
2018;Althofen <20501>;4715,125
2018;Brückl <20502>;2739
2018;Deutsch-Griffen <20503>;904,5
2018;Eberstein <20504>;1259
2018;Friesach <20505>;4947,625
2018;Glödnitz <20506>;794,25
2018;Gurk <20508>;1216,25
2018;Guttaring <20509>;1484,375
2018;Hüttenberg <20511>;1402
2018;Kappel am Krappfeld <20512>;1957,25
2018;Klein St. Paul <20513>;1787,75
2018;Liebenfels <20515>;3329,375
2018;Metnitz <20518>;1992,625
2018;Micheldorf <20519>;1000,375
2018;Mölbling <20520>;1312,75
2018;St. Georgen am Längsee <20523>;3634,625
2018;St. Veit an der Glan <20527>;12563
2018;Straßburg <20530>;2070,375
2018;Weitensfeld im Gurktal <20531>;2082,375
2018;Frauenstein <20534>;3571,625
2018;Bad Kleinkirchheim <20601>;1741,125
2018;Baldramsdorf <20602>;1883
2018;Berg im Drautal <20603>;1276,625
2018;Dellach im Drautal <20604>;1592,875
2018;Großkirchheim <20605>;1335,5
2018;Flattach <20607>;1203,625
2018;Gmünd in Kärnten <20608>;2548,125
2018;Greifenburg <20609>;1731,25
2018;Heiligenblut am Großglockner <20610>;1013
2018;Irschen <20611>;2008,625
2018;Kleblach-Lind <20613>;1176,375
2018;Lendorf <20616>;1704,5
2018;Mallnitz <20618>;771,125
2018;Malta <20619>;1975,875
2018;Millstatt am See <20620>;3448,875
2018;Mörtschach <20622>;815,875
2018;Mühldorf <20624>;1007,375
2018;Oberdrauburg <20625>;1187,25
2018;Obervellach <20627>;2187,5
2018;Radenthein <20630>;5811,375
2018;Rangersdorf <20631>;1726,125
2018;Rennweg am Katschberg <20632>;1747,375
2018;Sachsenburg <20633>;1306
2018;Seeboden am Millstätter See <20634>;6453,5
2018;Spittal an der Drau <20635>;15382,75
2018;Stall <20636>;1569,875
2018;Steinfeld <20637>;2032,125
2018;Trebesing <20638>;1167,875
2018;Weißensee <20639>;755,375
2018;Winklern <20640>;1199,125
2018;Krems in Kärnten <20642>;1669,5
2018;Lurnfeld <20643>;2624,625
2018;Reißeck <20644>;2136,5
2018;Afritz am See <20701>;1440,375
2018;Arnoldstein <20702>;7080,125
2018;Arriach <20703>;1332,5
2018;Bad Bleiberg <20705>;2259,875
2018;Feistritz an der Gail <20707>;623,25
2018;Feld am See <20708>;1089,875
2018;Ferndorf <20710>;2137,5
2018;Finkenstein am Faaker See <20711>;9017,625
2018;Fresach <20712>;1209,625
2018;Hohenthurn <20713>;853
2018;Nötsch im Gailtal <20719>;2240,5
2018;Paternion <20720>;5809,875
2018;Rosegg <20721>;1825,375
2018;St. Jakob im Rosental <20722>;4241,5
2018;Stockenboi <20723>;1599,375
2018;Treffen am Ossiacher See <20724>;4436,75
2018;Velden am Wörther See <20725>;8945,75
2018;Weißenstein <20726>;2952,25
2018;Wernberg <20727>;5546
2018;Bleiburg <20801>;4077,125
2018;Diex <20802>;808,375
2018;Eberndorf <20803>;5860,5
2018;Eisenkappel-Vellach <20804>;2289,875
2018;Feistritz ob Bleiburg <20805>;2193,5
2018;Gallizien <20806>;1753
2018;Globasnitz <20807>;1600,5
2018;Griffen <20808>;3451,75
2018;Neuhaus <20810>;1033
2018;Ruden <20812>;1523,875
2018;St. Kanzian am Klopeiner See <20813>;4430,375
2018;Sittersdorf <20815>;1999,875
2018;Völkermarkt <20817>;10916,375
2018;Bad St. Leonhard im Lavanttal <20901>;4373,75
2018;Frantschach-St. Gertraud <20905>;2595,375
2018;Lavamünd <20909>;2916,125
2018;Preitenegg <20911>;931,5
2018;Reichenfels <20912>;1834
2018;St. Andrä <20913>;9938,875
2018;St. Georgen im Lavanttal <20914>;1963,5
2018;St. Paul im Lavanttal <20918>;3289,25
2018;Wolfsberg <20923>;25022,125
2019;Klagenfurt am Wörthersee <20101>;101014,375
2019;Villach <20201>;62673,125
2019;Albeck <21001>;988,375
2019;Feldkirchen in Kärnten <21002>;14296,625
2019;Glanegg <21003>;1824
2019;Gnesau <21004>;1030
2019;Himmelberg <21005>;2290,5
2019;Ossiach <21006>;790,875
2019;Reichenau <21007>;1775,375
2019;St. Urban <21008>;1535,125
2019;Steindorf am Ossiacher See <21009>;3744,25
2019;Steuerberg <21010>;1606,25
2019;Dellach <20302>;1222,375
2019;Gitschtal <20320>;1248,375
2019;Hermagor-Pressegger See <20305>;6884,125
2019;Kirchbach <20306>;2521,75
2019;Kötschach-Mauthen <20307>;3347,375
2019;Lesachtal <20321>;1304,625
2019;St. Stefan im Gailtal <20316>;1592,625
2019;Ebenthal in Kärnten <20402>;8031
2019;Feistritz im Rosental <20403>;2486,25
2019;Ferlach <20405>;7110
2019;Grafenstein <20409>;2936,125
2019;Keutschach am See <20412>;2451,875
2019;Köttmannsdorf <20414>;3065,375
2019;Krumpendorf am Wörthersee <20415>;3424,625
2019;Ludmannsdorf <20416>;1770,75
2019;Maria Rain <20417>;2576,125
2019;Maria Saal <20418>;3858,75
2019;Maria Wörth <20419>;1616
2019;Moosburg <20421>;4468,75
2019;Pörtschach am Wörther See <20424>;2860,625
2019;Poggersdorf <20425>;3201
2019;Schiefling am Wörthersee <20432>;2645,125
2019;St. Margareten im Rosental <20428>;1094,375
2019;Techelsberg am Wörther See <20435>;2196,25
2019;Zell <20441>;601,75
2019;Magdalensberg <20442>;3501,25
2019;Althofen <20501>;4694,625
2019;Brückl <20502>;2741,25
2019;Deutsch-Griffen <20503>;903,125
2019;Eberstein <20504>;1236,25
2019;Friesach <20505>;4941,5
2019;Glödnitz <20506>;801
2019;Gurk <20508>;1207
2019;Guttaring <20509>;1487,75
2019;Hüttenberg <20511>;1374
2019;Kappel am Krappfeld <20512>;1939,5
2019;Klein St. Paul <20513>;1736,5
2019;Liebenfels <20515>;3327,75
2019;Metnitz <20518>;1963,625
2019;Micheldorf <20519>;1008,375
2019;Mölbling <20520>;1320
2019;St. Georgen am Längsee <20523>;3612,875
2019;St. Veit an der Glan <20527>;12448,875
2019;Straßburg <20530>;2024,625
2019;Weitensfeld im Gurktal <20531>;2047,25
2019;Frauenstein <20534>;3556,25
2019;Bad Kleinkirchheim <20601>;1713,875
2019;Baldramsdorf <20602>;1872,75
2019;Berg im Drautal <20603>;1275,375
2019;Dellach im Drautal <20604>;1593,5
2019;Großkirchheim <20605>;1319,125
2019;Flattach <20607>;1197,625
2019;Gmünd in Kärnten <20608>;2552,875
2019;Greifenburg <20609>;1720,375
2019;Heiligenblut am Großglockner <20610>;1002,625
2019;Irschen <20611>;1966,125
2019;Kleblach-Lind <20613>;1172,625
2019;Lendorf <20616>;1699,375
2019;Mallnitz <20618>;763,625
2019;Malta <20619>;1951,875
2019;Millstatt am See <20620>;3443,625
2019;Mörtschach <20622>;814,625
2019;Mühldorf <20624>;1010,875
2019;Oberdrauburg <20625>;1187
2019;Obervellach <20627>;2179,5
2019;Radenthein <20630>;5790,25
2019;Rangersdorf <20631>;1715,5
2019;Rennweg am Katschberg <20632>;1741,625
2019;Sachsenburg <20633>;1324,125
2019;Seeboden am Millstätter See <20634>;6475,75
2019;Spittal an der Drau <20635>;15354,875
2019;Stall <20636>;1538,25
2019;Steinfeld <20637>;2018,875
2019;Trebesing <20638>;1168,625
2019;Weißensee <20639>;759,125
2019;Winklern <20640>;1218,625
2019;Krems in Kärnten <20642>;1659,5
2019;Lurnfeld <20643>;2662,125
2019;Reißeck <20644>;2121,25
2019;Afritz am See <20701>;1424,5
2019;Arnoldstein <20702>;7026,125
2019;Arriach <20703>;1334,25
2019;Bad Bleiberg <20705>;2209,625
2019;Feistritz an der Gail <20707>;619,5
2019;Feld am See <20708>;1079,75
2019;Ferndorf <20710>;2110
2019;Finkenstein am Faaker See <20711>;9033,125
2019;Fresach <20712>;1209,75
2019;Hohenthurn <20713>;859,625
2019;Nötsch im Gailtal <20719>;2261,75
2019;Paternion <20720>;5811,375
2019;Rosegg <20721>;1825,125
2019;St. Jakob im Rosental <20722>;4248,875
2019;Stockenboi <20723>;1599
2019;Treffen am Ossiacher See <20724>;4459,625
2019;Velden am Wörther See <20725>;8961,875
2019;Weißenstein <20726>;2934
2019;Wernberg <20727>;5567,875
2019;Bleiburg <20801>;4073,625
2019;Diex <20802>;786,125
2019;Eberndorf <20803>;5872,5
2019;Eisenkappel-Vellach <20804>;2281,125
2019;Feistritz ob Bleiburg <20805>;2208,875
2019;Gallizien <20806>;1746,25
2019;Globasnitz <20807>;1591,75
2019;Griffen <20808>;3434,75
2019;Neuhaus <20810>;1027,375
2019;Ruden <20812>;1514,375
2019;St. Kanzian am Klopeiner See <20813>;4455,75
2019;Sittersdorf <20815>;1962,75
2019;Völkermarkt <20817>;10930,25
2019;Bad St. Leonhard im Lavanttal <20901>;4349,625
2019;Frantschach-St. Gertraud <20905>;2562
2019;Lavamünd <20909>;2881,75
2019;Preitenegg <20911>;926,5
2019;Reichenfels <20912>;1793,125
2019;St. Andrä <20913>;9896,125
2019;St. Georgen im Lavanttal <20914>;1970,625
2019;St. Paul im Lavanttal <20918>;3268,25
2019;Wolfsberg <20923>;25010,125
2020;Klagenfurt am Wörthersee <20101>;101458,625
2020;Villach <20201>;63052,25
2020;Albeck <21001>;976,125
2020;Feldkirchen in Kärnten <21002>;14293,875
2020;Glanegg <21003>;1789,875
2020;Gnesau <21004>;1023,5
2020;Himmelberg <21005>;2274
2020;Ossiach <21006>;806,25
2020;Reichenau <21007>;1759,625
2020;St. Urban <21008>;1510,25
2020;Steindorf am Ossiacher See <21009>;3779,75
2020;Steuerberg <21010>;1586,375
2020;Dellach <20302>;1210,25
2020;Gitschtal <20320>;1235,625
2020;Hermagor-Pressegger See <20305>;6906,125
2020;Kirchbach <20306>;2520,5
2020;Kötschach-Mauthen <20307>;3329,875
2020;Lesachtal <20321>;1280,625
2020;St. Stefan im Gailtal <20316>;1572,25
2020;Ebenthal in Kärnten <20402>;8105,25
2020;Feistritz im Rosental <20403>;2495,25
2020;Ferlach <20405>;7146,375
2020;Grafenstein <20409>;2993,25
2020;Keutschach am See <20412>;2424,375
2020;Köttmannsdorf <20414>;3087,75
2020;Krumpendorf am Wörthersee <20415>;3482,25
2020;Ludmannsdorf <20416>;1802,875
2020;Maria Rain <20417>;2596,75
2020;Maria Saal <20418>;3894,875
2020;Maria Wörth <20419>;1618,5
2020;Moosburg <20421>;4471,125
2020;Pörtschach am Wörther See <20424>;2870,125
2020;Poggersdorf <20425>;3218,5
2020;Schiefling am Wörthersee <20432>;2625,625
2020;St. Margareten im Rosental <20428>;1083
2020;Techelsberg am Wörther See <20435>;2189,875
2020;Zell <20441>;608,875
2020;Magdalensberg <20442>;3554,5
2020;Althofen <20501>;4693,875
2020;Brückl <20502>;2740,125
2020;Deutsch-Griffen <20503>;886,75
2020;Eberstein <20504>;1226,375
2020;Friesach <20505>;4924,125
2020;Glödnitz <20506>;816,75
2020;Gurk <20508>;1194
2020;Guttaring <20509>;1482,875
2020;Hüttenberg <20511>;1359,25
2020;Kappel am Krappfeld <20512>;1960,25
2020;Klein St. Paul <20513>;1733,375
2020;Liebenfels <20515>;3347,375
2020;Metnitz <20518>;1934,375
2020;Micheldorf <20519>;999
2020;Mölbling <20520>;1322,75
2020;St. Georgen am Längsee <20523>;3581,625
2020;St. Veit an der Glan <20527>;12319,75
2020;Straßburg <20530>;1994,5
2020;Weitensfeld im Gurktal <20531>;2021,75
2020;Frauenstein <20534>;3547,875
2020;Bad Kleinkirchheim <20601>;1690,125
2020;Baldramsdorf <20602>;1854,125
2020;Berg im Drautal <20603>;1260,375
2020;Dellach im Drautal <20604>;1591,125
2020;Großkirchheim <20605>;1308,875
2020;Flattach <20607>;1182,625
2020;Gmünd in Kärnten <20608>;2544,375
2020;Greifenburg <20609>;1734,75
2020;Heiligenblut am Großglockner <20610>;987,5
2020;Irschen <20611>;1949
2020;Kleblach-Lind <20613>;1164
2020;Lendorf <20616>;1699,375
2020;Mallnitz <20618>;762,875
2020;Malta <20619>;1930,875
2020;Millstatt am See <20620>;3458,75
2020;Mörtschach <20622>;820,5
2020;Mühldorf <20624>;1005,5
2020;Oberdrauburg <20625>;1184,75
2020;Obervellach <20627>;2160,875
2020;Radenthein <20630>;5775,375
2020;Rangersdorf <20631>;1705,375
2020;Rennweg am Katschberg <20632>;1744,375
2020;Sachsenburg <20633>;1332,25
2020;Seeboden am Millstätter See <20634>;6554,625
2020;Spittal an der Drau <20635>;15234,375
2020;Stall <20636>;1505
2020;Steinfeld <20637>;2032
2020;Trebesing <20638>;1178,125
2020;Weißensee <20639>;772,5
2020;Winklern <20640>;1205,25
2020;Krems in Kärnten <20642>;1665
2020;Lurnfeld <20643>;2673,375
2020;Reißeck <20644>;2103
2020;Afritz am See <20701>;1417,125
2020;Arnoldstein <20702>;7048,625
2020;Arriach <20703>;1319,375
2020;Bad Bleiberg <20705>;2182,625
2020;Feistritz an der Gail <20707>;621,375
2020;Feld am See <20708>;1079,625
2020;Ferndorf <20710>;2089,5
2020;Finkenstein am Faaker See <20711>;9119,625
2020;Fresach <20712>;1230,125
2020;Hohenthurn <20713>;836,5
2020;Nötsch im Gailtal <20719>;2284,75
2020;Paternion <20720>;5808,875
2020;Rosegg <20721>;1828,125
2020;St. Jakob im Rosental <20722>;4296,75
2020;Stockenboi <20723>;1605,625
2020;Treffen am Ossiacher See <20724>;4495,75
2020;Velden am Wörther See <20725>;9075,75
2020;Weißenstein <20726>;2925,125
2020;Wernberg <20727>;5498,25
2020;Bleiburg <20801>;4063,375
2020;Diex <20802>;790,75
2020;Eberndorf <20803>;5845,125
2020;Eisenkappel-Vellach <20804>;2242,25
2020;Feistritz ob Bleiburg <20805>;2204,25
2020;Gallizien <20806>;1748,25
2020;Globasnitz <20807>;1592,75
2020;Griffen <20808>;3415,875
2020;Neuhaus <20810>;1024,25
2020;Ruden <20812>;1534,625
2020;St. Kanzian am Klopeiner See <20813>;4528,75
2020;Sittersdorf <20815>;1965,375
2020;Völkermarkt <20817>;10899,125
2020;Bad St. Leonhard im Lavanttal <20901>;4322,75
2020;Frantschach-St. Gertraud <20905>;2540,25
2020;Lavamünd <20909>;2871,125
2020;Preitenegg <20911>;932,625
2020;Reichenfels <20912>;1789,5
2020;St. Andrä <20913>;9881,875
2020;St. Georgen im Lavanttal <20914>;1946,375
2020;St. Paul im Lavanttal <20918>;3248,375
2020;Wolfsberg <20923>;25008,25
2021;Klagenfurt am Wörthersee <20101>;102205,375
2021;Villach <20201>;63630,375
2021;Albeck <21001>;988,25
2021;Feldkirchen in Kärnten <21002>;14271,375
2021;Glanegg <21003>;1786
2021;Gnesau <21004>;1024
2021;Himmelberg <21005>;2297,625
2021;Ossiach <21006>;826,5
2021;Reichenau <21007>;1760,625
2021;St. Urban <21008>;1512,5
2021;Steindorf am Ossiacher See <21009>;3756,625
2021;Steuerberg <21010>;1578,125
2021;Dellach <20302>;1198,375
2021;Gitschtal <20320>;1239,625
2021;Hermagor-Pressegger See <20305>;6918,75
2021;Kirchbach <20306>;2521,625
2021;Kötschach-Mauthen <20307>;3318,625
2021;Lesachtal <20321>;1272,625
2021;St. Stefan im Gailtal <20316>;1573,625
2021;Ebenthal in Kärnten <20402>;8148
2021;Feistritz im Rosental <20403>;2500,375
2021;Ferlach <20405>;7225,875
2021;Grafenstein <20409>;3025,375
2021;Keutschach am See <20412>;2418,5
2021;Köttmannsdorf <20414>;3121
2021;Krumpendorf am Wörthersee <20415>;3495,375
2021;Ludmannsdorf <20416>;1815,375
2021;Maria Rain <20417>;2649,625
2021;Maria Saal <20418>;3912,75
2021;Maria Wörth <20419>;1619,875
2021;Moosburg <20421>;4492,75
2021;Pörtschach am Wörther See <20424>;2861,625
2021;Poggersdorf <20425>;3255,625
2021;Schiefling am Wörthersee <20432>;2646,5
2021;St. Margareten im Rosental <20428>;1092,5
2021;Techelsberg am Wörther See <20435>;2227,875
2021;Zell <20441>;606,625
2021;Magdalensberg <20442>;3627,875
2021;Althofen <20501>;4690,25
2021;Brückl <20502>;2732,125
2021;Deutsch-Griffen <20503>;872,125
2021;Eberstein <20504>;1222,5
2021;Friesach <20505>;4884
2021;Glödnitz <20506>;819,25
2021;Gurk <20508>;1189,125
2021;Guttaring <20509>;1482,25
2021;Hüttenberg <20511>;1326,25
2021;Kappel am Krappfeld <20512>;1962,75
2021;Klein St. Paul <20513>;1738
2021;Liebenfels <20515>;3401,625
2021;Metnitz <20518>;1907,125
2021;Micheldorf <20519>;994,125
2021;Mölbling <20520>;1349,625
2021;St. Georgen am Längsee <20523>;3581,625
2021;St. Veit an der Glan <20527>;12193,25
2021;Straßburg <20530>;1996,625
2021;Weitensfeld im Gurktal <20531>;2002
2021;Frauenstein <20534>;3545,875
2021;Bad Kleinkirchheim <20601>;1662,75
2021;Baldramsdorf <20602>;1846
2021;Berg im Drautal <20603>;1256
2021;Dellach im Drautal <20604>;1586,75
2021;Großkirchheim <20605>;1316,875
2021;Flattach <20607>;1189,75
2021;Gmünd in Kärnten <20608>;2531,625
2021;Greifenburg <20609>;1718,5
2021;Heiligenblut am Großglockner <20610>;968,375
2021;Irschen <20611>;1959,75
2021;Kleblach-Lind <20613>;1168,25
2021;Lendorf <20616>;1707,125
2021;Mallnitz <20618>;753,375
2021;Malta <20619>;1932,375
2021;Millstatt am See <20620>;3455,5
2021;Mörtschach <20622>;827
2021;Mühldorf <20624>;1000,125
2021;Oberdrauburg <20625>;1170
2021;Obervellach <20627>;2177,5
2021;Radenthein <20630>;5747,125
2021;Rangersdorf <20631>;1692
2021;Rennweg am Katschberg <20632>;1729,625
2021;Sachsenburg <20633>;1344,125
2021;Seeboden am Millstätter See <20634>;6612,875
2021;Spittal an der Drau <20635>;15144,25
2021;Stall <20636>;1490,125
2021;Steinfeld <20637>;2021
2021;Trebesing <20638>;1175,875
2021;Weißensee <20639>;769,125
2021;Winklern <20640>;1198,375
2021;Krems in Kärnten <20642>;1644,25
2021;Lurnfeld <20643>;2656,625
2021;Reißeck <20644>;2105,125
2021;Afritz am See <20701>;1426,375
2021;Arnoldstein <20702>;7030,5
2021;Arriach <20703>;1322,375
2021;Bad Bleiberg <20705>;2180,25
2021;Feistritz an der Gail <20707>;643,125
2021;Feld am See <20708>;1080,125
2021;Ferndorf <20710>;2061,25
2021;Finkenstein am Faaker See <20711>;9191,125
2021;Fresach <20712>;1250,625
2021;Hohenthurn <20713>;842,75
2021;Nötsch im Gailtal <20719>;2304,5
2021;Paternion <20720>;5807,375
2021;Rosegg <20721>;1861,5
2021;St. Jakob im Rosental <20722>;4264,625
2021;Stockenboi <20723>;1600,625
2021;Treffen am Ossiacher See <20724>;4560,5
2021;Velden am Wörther See <20725>;9115,5
2021;Weißenstein <20726>;2922
2021;Wernberg <20727>;5564,25
2021;Bleiburg <20801>;4090,5
2021;Diex <20802>;790,25
2021;Eberndorf <20803>;5863,5
2021;Eisenkappel-Vellach <20804>;2212,125
2021;Feistritz ob Bleiburg <20805>;2186
2021;Gallizien <20806>;1759,125
2021;Globasnitz <20807>;1595,125
2021;Griffen <20808>;3425,875
2021;Neuhaus <20810>;1012
2021;Ruden <20812>;1522,875
2021;St. Kanzian am Klopeiner See <20813>;4562
2021;Sittersdorf <20815>;1952,25
2021;Völkermarkt <20817>;10892,25
2021;Bad St. Leonhard im Lavanttal <20901>;4308,875
2021;Frantschach-St. Gertraud <20905>;2497,625
2021;Lavamünd <20909>;2852,25
2021;Preitenegg <20911>;922,75
2021;Reichenfels <20912>;1761,875
2021;St. Andrä <20913>;9833,5
2021;St. Georgen im Lavanttal <20914>;1944,25
2021;St. Paul im Lavanttal <20918>;3229,75
2021;Wolfsberg <20923>;25063,875
2022;Klagenfurt am Wörthersee <20101>;103569,75
2022;Villach <20201>;64579
2022;Albeck <21001>;992,25
2022;Feldkirchen in Kärnten <21002>;14358,25
2022;Glanegg <21003>;1775,375
2022;Gnesau <21004>;1032,125
2022;Himmelberg <21005>;2314,625
2022;Ossiach <21006>;875,125
2022;Reichenau <21007>;1738,5
2022;St. Urban <21008>;1539,25
2022;Steindorf am Ossiacher See <21009>;3835,125
2022;Steuerberg <21010>;1593,375
2022;Dellach <20302>;1196,75
2022;Gitschtal <20320>;1238,625
2022;Hermagor-Pressegger See <20305>;6947
2022;Kirchbach <20306>;2500,625
2022;Kötschach-Mauthen <20307>;3338
2022;Lesachtal <20321>;1266,75
2022;St. Stefan im Gailtal <20316>;1586,125
2022;Ebenthal in Kärnten <20402>;8148,125
2022;Feistritz im Rosental <20403>;2546,75
2022;Ferlach <20405>;7292,375
2022;Grafenstein <20409>;3064,875
2022;Keutschach am See <20412>;2430,125
2022;Köttmannsdorf <20414>;3139,125
2022;Krumpendorf am Wörthersee <20415>;3515
2022;Ludmannsdorf <20416>;1796,25
2022;Maria Rain <20417>;2686,375
2022;Maria Saal <20418>;3974
2022;Maria Wörth <20419>;1620,125
2022;Moosburg <20421>;4546,875
2022;Pörtschach am Wörther See <20424>;2921,25
2022;Poggersdorf <20425>;3268,375
2022;Schiefling am Wörthersee <20432>;2681,875
2022;St. Margareten im Rosental <20428>;1091,875
2022;Techelsberg am Wörther See <20435>;2264
2022;Zell <20441>;591,25
2022;Magdalensberg <20442>;3663,125
2022;Althofen <20501>;4776
2022;Brückl <20502>;2728,25
2022;Deutsch-Griffen <20503>;854,125
2022;Eberstein <20504>;1222,25
2022;Friesach <20505>;4899,75
2022;Glödnitz <20506>;824,875
2022;Gurk <20508>;1193,75
2022;Guttaring <20509>;1498,5
2022;Hüttenberg <20511>;1310,875
2022;Kappel am Krappfeld <20512>;1962,125
2022;Klein St. Paul <20513>;1752,375
2022;Liebenfels <20515>;3395,625
2022;Metnitz <20518>;1882,625
2022;Micheldorf <20519>;980,125
2022;Mölbling <20520>;1333,375
2022;St. Georgen am Längsee <20523>;3597,5
2022;St. Veit an der Glan <20527>;12242,375
2022;Straßburg <20530>;1998,5
2022;Weitensfeld im Gurktal <20531>;2008,875
2022;Frauenstein <20534>;3559,625
2022;Bad Kleinkirchheim <20601>;1668,5
2022;Baldramsdorf <20602>;1843,625
2022;Berg im Drautal <20603>;1226,75
2022;Dellach im Drautal <20604>;1581,875
2022;Großkirchheim <20605>;1320,125
2022;Flattach <20607>;1178
2022;Gmünd in Kärnten <20608>;2528
2022;Greifenburg <20609>;1737,75
2022;Heiligenblut am Großglockner <20610>;967
2022;Irschen <20611>;1966,5
2022;Kleblach-Lind <20613>;1164,375
2022;Lendorf <20616>;1739,5
2022;Mallnitz <20618>;762
2022;Malta <20619>;1918,5
2022;Millstatt am See <20620>;3461,25
2022;Mörtschach <20622>;824,5
2022;Mühldorf <20624>;1011,25
2022;Oberdrauburg <20625>;1185,125
2022;Obervellach <20627>;2216,5
2022;Radenthein <20630>;5755,625
2022;Rangersdorf <20631>;1692,25
2022;Rennweg am Katschberg <20632>;1715,875
2022;Sachsenburg <20633>;1368,625
2022;Seeboden am Millstätter See <20634>;6635,625
2022;Spittal an der Drau <20635>;15217,375
2022;Stall <20636>;1481,375
2022;Steinfeld <20637>;2011
2022;Trebesing <20638>;1160,5
2022;Weißensee <20639>;769,875
2022;Winklern <20640>;1207,125
2022;Krems in Kärnten <20642>;1652
2022;Lurnfeld <20643>;2676,25
2022;Reißeck <20644>;2090,625
2022;Afritz am See <20701>;1431,25
2022;Arnoldstein <20702>;7037,625
2022;Arriach <20703>;1326,25
2022;Bad Bleiberg <20705>;2184,625
2022;Feistritz an der Gail <20707>;657,875
2022;Feld am See <20708>;1077,125
2022;Ferndorf <20710>;2040
2022;Finkenstein am Faaker See <20711>;9501,875
2022;Fresach <20712>;1246,875
2022;Hohenthurn <20713>;885,875
2022;Nötsch im Gailtal <20719>;2333,875
2022;Paternion <20720>;5796
2022;Rosegg <20721>;1894,5
2022;St. Jakob im Rosental <20722>;4274,625
2022;Stockenboi <20723>;1587,625
2022;Treffen am Ossiacher See <20724>;4615,875
2022;Velden am Wörther See <20725>;9153
2022;Weißenstein <20726>;2946,25
2022;Wernberg <20727>;5610,375
2022;Bleiburg <20801>;4117,5
2022;Diex <20802>;785,75
2022;Eberndorf <20803>;5916,375
2022;Eisenkappel-Vellach <20804>;2180,625
2022;Feistritz ob Bleiburg <20805>;2188,375
2022;Gallizien <20806>;1778,625
2022;Globasnitz <20807>;1586,625
2022;Griffen <20808>;3408,125
2022;Neuhaus <20810>;1012,875
2022;Ruden <20812>;1520,5
2022;St. Kanzian am Klopeiner See <20813>;4583,75
2022;Sittersdorf <20815>;1968,125
2022;Völkermarkt <20817>;10934,125
2022;Bad St. Leonhard im Lavanttal <20901>;4303,75
2022;Frantschach-St. Gertraud <20905>;2497,125
2022;Lavamünd <20909>;2842,75
2022;Preitenegg <20911>;906,375
2022;Reichenfels <20912>;1745,125
2022;St. Andrä <20913>;9821,875
2022;St. Georgen im Lavanttal <20914>;1922,625
2022;St. Paul im Lavanttal <20918>;3187,375
2022;Wolfsberg <20923>;25112,375
2023;Klagenfurt am Wörthersee <20101>;104420
2023;Villach <20201>;65274,625
2023;Albeck <21001>;974,875
2023;Feldkirchen in Kärnten <21002>;14428,125
2023;Glanegg <21003>;1767,5
2023;Gnesau <21004>;1025,25
2023;Himmelberg <21005>;2323,25
2023;Ossiach <21006>;874,625
2023;Reichenau <21007>;1738,25
2023;St. Urban <21008>;1567
2023;Steindorf am Ossiacher See <21009>;3848,25
2023;Steuerberg <21010>;1585,875
2023;Dellach <20302>;1192
2023;Gitschtal <20320>;1240,875
2023;Hermagor-Pressegger See <20305>;6951,625
2023;Kirchbach <20306>;2490
2023;Kötschach-Mauthen <20307>;3350,875
2023;Lesachtal <20321>;1266,125
2023;St. Stefan im Gailtal <20316>;1562,375
2023;Ebenthal in Kärnten <20402>;8195,875
2023;Feistritz im Rosental <20403>;2536,75
2023;Ferlach <20405>;7392,75
2023;Grafenstein <20409>;3059
2023;Keutschach am See <20412>;2438,25
2023;Köttmannsdorf <20414>;3141,625
2023;Krumpendorf am Wörthersee <20415>;3520,625
2023;Ludmannsdorf <20416>;1800,125
2023;Maria Rain <20417>;2699,25
2023;Maria Saal <20418>;4002,875
2023;Maria Wörth <20419>;1632,75
2023;Moosburg <20421>;4573,75
2023;Pörtschach am Wörther See <20424>;2947,25
2023;Poggersdorf <20425>;3274
2023;Schiefling am Wörthersee <20432>;2699,375
2023;St. Margareten im Rosental <20428>;1095,125
2023;Techelsberg am Wörther See <20435>;2244,75
2023;Zell <20441>;581,875
2023;Magdalensberg <20442>;3675,125
2023;Althofen <20501>;4868
2023;Brückl <20502>;2754,5
2023;Deutsch-Griffen <20503>;850,75
2023;Eberstein <20504>;1225,375
2023;Friesach <20505>;4888
2023;Glödnitz <20506>;829,25
2023;Gurk <20508>;1186,75
2023;Guttaring <20509>;1503,375
2023;Hüttenberg <20511>;1288,25
2023;Kappel am Krappfeld <20512>;1965,375
2023;Klein St. Paul <20513>;1778,25
2023;Liebenfels <20515>;3405
2023;Metnitz <20518>;1858,625
2023;Micheldorf <20519>;963,875
2023;Mölbling <20520>;1318,875
2023;St. Georgen am Längsee <20523>;3619,75
2023;St. Veit an der Glan <20527>;12296,375
2023;Straßburg <20530>;1976
2023;Weitensfeld im Gurktal <20531>;2000,875
2023;Frauenstein <20534>;3576,5
2023;Bad Kleinkirchheim <20601>;1670,125
2023;Baldramsdorf <20602>;1846,75
2023;Berg im Drautal <20603>;1232,25
2023;Dellach im Drautal <20604>;1587,75
2023;Großkirchheim <20605>;1315,75
2023;Flattach <20607>;1155
2023;Gmünd in Kärnten <20608>;2564,5
2023;Greifenburg <20609>;1733
2023;Heiligenblut am Großglockner <20610>;956,5
2023;Irschen <20611>;1940,875
2023;Kleblach-Lind <20613>;1155
2023;Lendorf <20616>;1762
2023;Mallnitz <20618>;772
2023;Malta <20619>;1888,625
2023;Millstatt am See <20620>;3467,5
2023;Mörtschach <20622>;825,125
2023;Mühldorf <20624>;1013,5
2023;Oberdrauburg <20625>;1201,125
2023;Obervellach <20627>;2191,75
2023;Radenthein <20630>;5768,375
2023;Rangersdorf <20631>;1695,25
2023;Rennweg am Katschberg <20632>;1688,875
2023;Sachsenburg <20633>;1349,5
2023;Seeboden am Millstätter See <20634>;6677,625
2023;Spittal an der Drau <20635>;15259,625
2023;Stall <20636>;1467,875
2023;Steinfeld <20637>;2015,875
2023;Trebesing <20638>;1137,25
2023;Weißensee <20639>;767,125
2023;Winklern <20640>;1191
2023;Krems in Kärnten <20642>;1638,875
2023;Lurnfeld <20643>;2655
2023;Reißeck <20644>;2088,125
2023;Afritz am See <20701>;1447,5
2023;Arnoldstein <20702>;7081,375
2023;Arriach <20703>;1338,5
2023;Bad Bleiberg <20705>;2181,875
2023;Feistritz an der Gail <20707>;650
2023;Feld am See <20708>;1062,5
2023;Ferndorf <20710>;2018,25
2023;Finkenstein am Faaker See <20711>;9531,5
2023;Fresach <20712>;1240,5
2023;Hohenthurn <20713>;906,125
2023;Nötsch im Gailtal <20719>;2345,75
2023;Paternion <20720>;5770,75
2023;Rosegg <20721>;1895,75
2023;St. Jakob im Rosental <20722>;4310,5
2023;Stockenboi <20723>;1563,75
2023;Treffen am Ossiacher See <20724>;4615
2023;Velden am Wörther See <20725>;9131,875
2023;Weißenstein <20726>;2934,75
2023;Wernberg <20727>;5621,625
2023;Bleiburg <20801>;4050,25
2023;Diex <20802>;788,25
2023;Eberndorf <20803>;5916,25
2023;Eisenkappel-Vellach <20804>;2207,75
2023;Feistritz ob Bleiburg <20805>;2215,125
2023;Gallizien <20806>;1795,75
2023;Globasnitz <20807>;1580,125
2023;Griffen <20808>;3418,25
2023;Neuhaus <20810>;1016,875
2023;Ruden <20812>;1507,125
2023;St. Kanzian am Klopeiner See <20813>;4603,875
2023;Sittersdorf <20815>;1973
2023;Völkermarkt <20817>;10972,875
2023;Bad St. Leonhard im Lavanttal <20901>;4276
2023;Frantschach-St. Gertraud <20905>;2456
2023;Lavamünd <20909>;2810
2023;Preitenegg <20911>;903,125
2023;Reichenfels <20912>;1724,5
2023;St. Andrä <20913>;9806,5
2023;St. Georgen im Lavanttal <20914>;1910,875
2023;St. Paul im Lavanttal <20918>;3175,625
2023;Wolfsberg <20923>;25122,875
2024;Klagenfurt am Wörthersee <20101>;105012,5
2024;Villach <20201>;65650,625
2024;Albeck <21001>;969,75
2024;Feldkirchen in Kärnten <21002>;14502,375
2024;Glanegg <21003>;1773
2024;Gnesau <21004>;1033,375
2024;Himmelberg <21005>;2324,5
2024;Ossiach <21006>;778,75
2024;Reichenau <21007>;1714,5
2024;St. Urban <21008>;1633,25
2024;Steindorf am Ossiacher See <21009>;3831
2024;Steuerberg <21010>;1576,625
2024;Dellach <20302>;1181,25
2024;Gitschtal <20320>;1228,125
2024;Hermagor-Pressegger See <20305>;6940,375
2024;Kirchbach <20306>;2486,5
2024;Kötschach-Mauthen <20307>;3335,625
2024;Lesachtal <20321>;1278,625
2024;St. Stefan im Gailtal <20316>;1549,125
2024;Ebenthal in Kärnten <20402>;8221,625
2024;Feistritz im Rosental <20403>;2507,375
2024;Ferlach <20405>;7479,625
2024;Grafenstein <20409>;3070,625
2024;Keutschach am See <20412>;2425,5
2024;Köttmannsdorf <20414>;3175,375
2024;Krumpendorf am Wörthersee <20415>;3554,25
2024;Ludmannsdorf <20416>;1800,125
2024;Maria Rain <20417>;2720,625
2024;Maria Saal <20418>;3995,5
2024;Maria Wörth <20419>;1650,625
2024;Moosburg <20421>;4630,625
2024;Pörtschach am Wörther See <20424>;2967,375
2024;Poggersdorf <20425>;3345,5
2024;Schiefling am Wörthersee <20432>;2691,5
2024;St. Margareten im Rosental <20428>;1084,375
2024;Techelsberg am Wörther See <20435>;2213,75
2024;Zell <20441>;582,375
2024;Magdalensberg <20442>;3729,75
2024;Althofen <20501>;4922,75
2024;Brückl <20502>;2756,375
2024;Deutsch-Griffen <20503>;830,375
2024;Eberstein <20504>;1218,5
2024;Friesach <20505>;4866,375
2024;Glödnitz <20506>;831,375
2024;Gurk <20508>;1184,875
2024;Guttaring <20509>;1491,125
2024;Hüttenberg <20511>;1278,875
2024;Kappel am Krappfeld <20512>;1949,625
2024;Klein St. Paul <20513>;1793,625
2024;Liebenfels <20515>;3414,125
2024;Metnitz <20518>;1829,125
2024;Micheldorf <20519>;951,75
2024;Mölbling <20520>;1312,25
2024;St. Georgen am Längsee <20523>;3616,5
2024;St. Veit an der Glan <20527>;12253,5
2024;Straßburg <20530>;1967,5
2024;Weitensfeld im Gurktal <20531>;1986,5
2024;Frauenstein <20534>;3585,125
2024;Bad Kleinkirchheim <20601>;1649,5
2024;Baldramsdorf <20602>;1842,375
2024;Berg im Drautal <20603>;1230,375
2024;Dellach im Drautal <20604>;1625,5
2024;Großkirchheim <20605>;1317,5
2024;Flattach <20607>;1143,5
2024;Gmünd in Kärnten <20608>;2560,75
2024;Greifenburg <20609>;1706,375
2024;Heiligenblut am Großglockner <20610>;954,625
2024;Irschen <20611>;1909,875
2024;Kleblach-Lind <20613>;1164,5
2024;Lendorf <20616>;1769,25
2024;Mallnitz <20618>;771,125
2024;Malta <20619>;1871,5
2024;Millstatt am See <20620>;3484,5
2024;Mörtschach <20622>;818,375
2024;Mühldorf <20624>;1011
2024;Oberdrauburg <20625>;1201
2024;Obervellach <20627>;2183,5
2024;Radenthein <20630>;5742,25
2024;Rangersdorf <20631>;1694,5
2024;Rennweg am Katschberg <20632>;1665,75
2024;Sachsenburg <20633>;1329,875
2024;Seeboden am Millstätter See <20634>;6717
2024;Spittal an der Drau <20635>;15296
2024;Stall <20636>;1483,75
2024;Steinfeld <20637>;2004,5
2024;Trebesing <20638>;1148,875
2024;Weißensee <20639>;758,875
2024;Winklern <20640>;1185,625
2024;Krems in Kärnten <20642>;1611,375
2024;Lurnfeld <20643>;2670,625
2024;Reißeck <20644>;2085,375
2024;Afritz am See <20701>;1468
2024;Arnoldstein <20702>;7137
2024;Arriach <20703>;1333,75
2024;Bad Bleiberg <20705>;2144,625
2024;Feistritz an der Gail <20707>;649,125
2024;Feld am See <20708>;1052
2024;Ferndorf <20710>;2018,875
2024;Finkenstein am Faaker See <20711>;9462
2024;Fresach <20712>;1240,75
2024;Hohenthurn <20713>;891
2024;Nötsch im Gailtal <20719>;2345
2024;Paternion <20720>;5770,875
2024;Rosegg <20721>;1913,625
2024;St. Jakob im Rosental <20722>;4352,125
2024;Stockenboi <20723>;1551
2024;Treffen am Ossiacher See <20724>;4584,25
2024;Velden am Wörther See <20725>;9156,625
2024;Weißenstein <20726>;2919,125
2024;Wernberg <20727>;5644,75
2024;Bleiburg <20801>;3983
2024;Diex <20802>;790,625
2024;Eberndorf <20803>;5967,125
2024;Eisenkappel-Vellach <20804>;2205,25
2024;Feistritz ob Bleiburg <20805>;2247,625
2024;Gallizien <20806>;1796
2024;Globasnitz <20807>;1585,875
2024;Griffen <20808>;3393
2024;Neuhaus <20810>;1021,875
2024;Ruden <20812>;1512
2024;St. Kanzian am Klopeiner See <20813>;4618,125
2024;Sittersdorf <20815>;1958,375
2024;Völkermarkt <20817>;10933,75
2024;Bad St. Leonhard im Lavanttal <20901>;4253,625
2024;Frantschach-St. Gertraud <20905>;2418
2024;Lavamünd <20909>;2771
2024;Preitenegg <20911>;896,25
2024;Reichenfels <20912>;1707,75
2024;St. Andrä <20913>;9836,625
2024;St. Georgen im Lavanttal <20914>;1920,5
2024;St. Paul im Lavanttal <20918>;3137,75
2024;Wolfsberg <20923>;25020,875
