jahr;gemnr;n
2002;Krems an der Donau <30101>;23461,625
2002;St. Pölten <30201>;49130,125
2002;Waidhofen an der Ybbs <30301>;11714,25
2002;Wiener Neustadt <30401>;37978,625
2002;Altenburg <31101>;823
2002;Brunn an der Wild <31102>;849,625
2002;Burgschleinitz-Kühnring <31103>;1414,25
2002;Drosendorf-Zissersdorf <31104>;1290,125
2002;Eggenburg <31105>;3626,25
2002;Gars am Kamp <31106>;3545,375
2002;Geras <31107>;1412,75
2002;Horn <31109>;6375,375
2002;Irnfritz-Messern <31110>;1421,625
2002;Japons <31111>;800,125
2002;Langau <31113>;747,875
2002;Meiseldorf <31114>;971,5
2002;Pernegg <31117>;731,625
2002;Röhrenbach <31119>;578,375
2002;Röschitz <31120>;1045,125
2002;Rosenburg-Mold <31121>;956,25
2002;St. Bernhard-Frauenhofen <31123>;1270,5
2002;Sigmundsherberg <31124>;1801,25
2002;Straning-Grafenberg <31130>;785,75
2002;Weitersfeld <31129>;1722,625
2002;Bisamberg <31201>;4044,5
2002;Enzersfeld im Weinviertel <31202>;1433,625
2002;Ernstbrunn <31203>;3130,75
2002;Gerasdorf bei Wien <31235>;-
2002;Großmugl <31204>;1512,25
2002;Großrußbach <31205>;1960
2002;Hagenbrunn <31206>;1592,25
2002;Harmannsdorf <31207>;3539,375
2002;Hausleiten <31208>;2988,75
2002;Korneuburg <31213>;11192,375
2002;Langenzersdorf <31214>;7322
2002;Leitzersdorf <31215>;1108,625
2002;Leobendorf <31216>;4336,5
2002;Niederhollabrunn <31234>;1470,625
2002;Oberzögersdorf ^<31223>;-
2002;Rußbach <31224>;1307,375
2002;Sierndorf <31226>;3199,75
2002;Spillern <31227>;1748,125
2002;Stetteldorf am Wagram <31228>;1007,25
2002;Stetten <31229>;1061,125
2002;Stockerau <31230>;14442,25
2002;Würnitz ^<31233>;-
2002;Aggsbach <31301>;694,875
2002;Albrechtsberg an der Großen Krems <31302>;1094,25
2002;Bergern im Dunkelsteinerwald <31303>;1254,625
2002;Droß <31356>;793,75
2002;Dürnstein <31304>;941,25
2002;Furth bei Göttweig <31309>;2697
2002;Gedersdorf <31310>;2087,25
2002;Gföhl <31311>;3764,375
2002;Grafenegg <31308>;2866,5
2002;Gut am Steg ^<31314>;-
2002;Hadersdorf-Kammern <31315>;1982,75
2002;Imbach ^<31318>;-
2002;Jaidhof <31319>;1108
2002;Krumau am Kamp <31321>;794,75
2002;Langenlois <31322>;6875,5
2002;Lengenfeld <31323>;1373
2002;Lichtenau im Waldviertel <31324>;2063,625
2002;Maria Laach am Jauerling <31326>;957,75
2002;Mautern an der Donau <31327>;3079,625
2002;Mühldorf <31330>;1423,75
2002;Paudorf <31333>;2388,5
2002;Rastenfeld <31336>;1370,625
2002;Rohrendorf bei Krems <31337>;1712,875
2002;Rossatz-Arnsdorf <31338>;1200,5
2002;St. Leonhard am Hornerwald <31340>;1230,125
2002;Schönberg am Kamp <31355>;1793,625
2002;Senftenberg <31343>;1959,25
2002;Spitz <31344>;1754,375
2002;Straß im Straßertale <31346>;1455,75
2002;Stratzing <31347>;805,875
2002;Weinzierl am Walde <31350>;1333,125
2002;Weißenkirchen in der Wachau <31351>;1465,625
2002;Annaberg <31401>;681,75
2002;Eschenau <31402>;1220
2002;Hainfeld <31403>;3718,25
2002;Hohenberg <31404>;1612,875
2002;Kaumberg <31405>;1012,125
2002;Kleinzell <31406>;819,625
2002;Lilienfeld <31407>;3021,125
2002;Mitterbach am Erlaufsee <31408>;617,375
2002;Ramsau <31409>;921,125
2002;Rohrbach an der Gölsen <31410>;1525,5
2002;St. Aegyd am Neuwalde <31411>;2321,5
2002;St. Veit an der Gölsen <31412>;3860,25
2002;Traisen <31413>;3652,75
2002;Türnitz <31414>;2053
2002;Artstetten-Pöbring <31502>;1166,875
2002;Bergland <31503>;1745
2002;Bischofstetten <31504>;1197,375
2002;Blindenmarkt <31505>;2384
2002;Dorfstetten <31506>;632,875
2002;Dunkelsteinerwald <31507>;2292,625
2002;Emmersdorf an der Donau <31553>;1720,875
2002;Erlauf <31508>;1128
2002;Golling an der Erlauf <31509>;1659,625
2002;Hofamt Priel <31511>;1660,5
2002;Hürm <31513>;1698,125
2002;Kilb <31514>;2556,875
2002;Kirnberg an der Mank <31515>;989,75
2002;Klein-Pöchlarn <31516>;989,25
2002;Krummnußbaum <31517>;1345,75
2002;Leiben <31519>;1288,5
2002;Loosdorf <31520>;3497,125
2002;Mank <31521>;2928,875
2002;Marbach an der Donau <31522>;1682,25
2002;Maria Taferl <31523>;877,875
2002;Melk <31524>;5283,25
2002;Münichreith-Laimbach <31525>;1695,375
2002;Neumarkt an der Ybbs <31527>;1837
2002;Nöchling <31528>;1022,25
2002;Persenbeug-Gottsdorf <31530>;2130,25
2002;Petzenkirchen <31531>;1310,625
2002;Pöchlarn <31533>;3497,5
2002;Pöggstall <31534>;2588,875
2002;Raxendorf <31535>;1100,5
2002;Ritzengrub ^<31536>;-
2002;Ruprechtshofen <31537>;2221,125
2002;St. Leonhard am Forst <31539>;3020
2002;St. Martin-Karlsbach <31540>;1688,875
2002;St. Oswald <31541>;1131,875
2002;Schollach <31543>;901,875
2002;Schönbühel-Aggsbach <31542>;1023,875
2002;Texingtal <31551>;1558,5
2002;Weiten <31546>;1153
2002;Ybbs an der Donau <31549>;5730
2002;Yspertal <31552>;1878,375
2002;Zelking-Matzleinsdorf <31550>;1224,5
2002;Altlichtenwarth <31601>;776,25
2002;Asparn an der Zaya <31603>;1814,375
2002;Bernhardsthal <31604>;1673,375
2002;Bockfließ <31605>;1287,125
2002;Drasenhofen <31606>;1128,25
2002;Falkenstein <31608>;458,25
2002;Fallbach <31609>;849,75
2002;Gartenbrunn ^<31657>;-
2002;Gaubitsch <31611>;939,25
2002;Gaweinstal <31612>;3540,5
2002;Gnadendorf <31613>;1176,875
2002;Großebersdorf <31614>;2154,375
2002;Großengersdorf <31615>;1413,125
2002;Großharras <31616>;1196,25
2002;Großkrut <31617>;1637,875
2002;Hausbrunn <31620>;853,75
2002;Herrnbaumgarten <31621>;980
2002;Hochleithen <31622>;1107
2002;Kreuttal <31627>;1321
2002;Kreuzstetten <31628>;1507,75
2002;Laa an der Thaya <31629>;6101,75
2002;Ladendorf <31630>;2113,5
2002;Mistelbach <31633>;10690,375
2002;Neudorf im Weinviertel <31634>;1359,875
2002;Niederleis <31636>;770,25
2002;Ottenthal <31658>;630,875
2002;Pillichsdorf <31642>;1084,875
2002;Poysdorf <31644>;5554,625
2002;Rabensburg <31645>;1103,5
2002;Schrattenberg <31646>;870,625
2002;Staatz <31649>;2026,5
2002;Stronsdorf <31650>;1708
2002;Ulrichskirchen-Schleinbach <31651>;2357
2002;Unterstinkenbrunn <31652>;597,625
2002;Wildendürnbach <31653>;1583,125
2002;Wilfersdorf <31654>;2038,375
2002;Wolkersdorf im Weinviertel <31655>;6171,125
2002;Achau <31701>;1163,125
2002;Biedermannsdorf <31702>;2884
2002;Breitenfurt bei Wien <31703>;5402,625
2002;Brunn am Gebirge <31704>;9672,625
2002;Gaaden <31706>;1473
2002;Gießhübl <31707>;1579,625
2002;Gumpoldskirchen <31709>;3265,25
2002;Guntramsdorf <31710>;8449,5
2002;Hennersdorf <31711>;1426,5
2002;Hinterbrühl <31712>;4053,625
2002;Kaltenleutgeben <31713>;3010,75
2002;Laab im Walde <31714>;1144,75
2002;Laxenburg <31715>;2700,25
2002;Maria Enzersdorf <31716>;8303,375
2002;Mödling <31717>;20371,625
2002;Münchendorf <31718>;2253,625
2002;Perchtoldsdorf <31719>;13980,625
2002;Vösendorf <31723>;5117
2002;Wiener Neudorf <31725>;8529,375
2002;Wienerwald <31726>;2383,75
2002;Altendorf <31801>;326,25
2002;Aspangberg-St. Peter <31803>;2022,75
2002;Aspang-Markt <31802>;1951,875
2002;Breitenau <31804>;1233,25
2002;Breitenstein <31805>;361,875
2002;Buchbach <31806>;359,375
2002;Bürg-Vöstenhof <31842>;181,125
2002;Edlitz <31807>;981,375
2002;Enzenreith <31808>;1948,875
2002;Feistritz am Wechsel <31809>;1103,625
2002;Gloggnitz <31810>;6101,25
2002;Grafenbach-St. Valentin <31811>;2281,625
2002;Grimmenstein <31812>;1358,25
2002;Grünbach am Schneeberg <31813>;1742
2002;Höflein an der Hohen Wand <31849>;797,5
2002;Kirchberg am Wechsel <31814>;2391,5
2002;Mönichkirchen <31815>;623,75
2002;Natschbach-Loipersbach <31817>;1573,625
2002;Neunkirchen <31818>;11301,75
2002;Otterthal <31820>;554
2002;Payerbach <31821>;2317
2002;Pitten <31823>;2443,625
2002;Pottschach ^<31824>;-
2002;Prigglitz <31825>;511,625
2002;Puchberg am Schneeberg <31826>;2821,875
2002;Raach am Hochgebirge <31827>;293,875
2002;Raglitz ^<31828>;-
2002;Reichenau an der Rax <31829>;2806,75
2002;St. Corona am Wechsel <31830>;362,25
2002;St. Egyden am Steinfeld <31831>;1769,875
2002;Scheiblingkirchen-Thernberg <31832>;1824,25
2002;Schottwien <31833>;718,125
2002;Schrattenbach <31834>;369,75
2002;Schwarzau am Steinfeld <31835>;1760,375
2002;Schwarzau im Gebirge <31836>;795,875
2002;Seebenstein <31837>;1220,25
2002;Semmering <31838>;617,125
2002;Ternitz <31839>;15233,875
2002;Thomasberg <31840>;1227,125
2002;Trattenbach <31841>;593,625
2002;Warth <31843>;1611,875
2002;Wartmannstetten <31844>;1673,875
2002;Willendorf <31845>;816,875
2002;Wimpassing im Schwarzatale <31846>;1896
2002;Würflach <31847>;1503,625
2002;Zöbern <31848>;1468
2002;Altlengbach <31901>;2711,625
2002;Asperhofen <31902>;1775,25
2002;Böheimkirchen <31903>;4587,75
2002;Brand-Laaben <31904>;1146,75
2002;Eichgraben <31905>;3789
2002;Frankenfels <31906>;2183,25
2002;Gablitz <31949>;-
2002;Gerersdorf <31907>;895,5
2002;Hafnerbach <31910>;1639,125
2002;Haunoldstein <31911>;918
2002;Herzogenburg <31912>;7783,625
2002;Hofstetten-Grünau <31909>;2546,5
2002;Inzersdorf-Getzersdorf <31913>;1398
2002;Kapelln <31915>;1280,25
2002;Karlstetten <31916>;1982,375
2002;Kasten bei Böheimkirchen <31917>;1222,125
2002;Kirchberg an der Pielach <31918>;3129,5
2002;Kirchstetten <31919>;1817,875
2002;Loich <31920>;660,125
2002;Maria Anzbach <31921>;2611,625
2002;Markersdorf-Haindorf <31922>;1816,5
2002;Mauerbach <31950>;-
2002;Michelbach <31923>;927,625
2002;Neidling <31925>;1360,25
2002;Neulengbach <31926>;7169
2002;Neustift-Innermanzing <31927>;1321,875
2002;Nußdorf ob der Traisen <31928>;1568,25
2002;Ober-Grafendorf <31929>;4674,125
2002;Obritzberg-Rust <31930>;2268
2002;Pressbaum <31951>;-
2002;Prinzersdorf <31932>;1467,125
2002;Purkersdorf <31952>;-
2002;Pyhra <31934>;3315,75
2002;Rabenstein an der Pielach <31935>;2437
2002;St. Margarethen an der Sierning <31938>;1032,125
2002;Schwarzenbach an der Pielach <31939>;422,75
2002;Statzendorf <31940>;1396,875
2002;Stössing <31941>;735,125
2002;Traismauer <31943>;5691,75
2002;Tullnerbach <31953>;-
2002;Weinburg <31945>;1309,625
2002;Perschling <31946>;1324,625
2002;Wilhelmsburg <31947>;6646,25
2002;Wölbling <31948>;2534,125
2002;Wolfsgraben <31954>;-
2002;Gaming <32001>;3607,125
2002;Göstling an der Ybbs <32002>;2182,875
2002;Gresten <32003>;1945,625
2002;Gresten-Land <32004>;1536,5
2002;Lunz am See <32005>;2031,875
2002;Oberndorf an der Melk <32006>;2963,25
2002;Puchenstuben <32007>;299,5
2002;Purgstall an der Erlauf <32008>;5231
2002;Randegg <32009>;1940,25
2002;Reinsberg <32010>;1011,5
2002;St. Anton an der Jeßnitz <32011>;1281,875
2002;St. Georgen an der Leys <32012>;1301,125
2002;Scheibbs <32013>;4335,125
2002;Steinakirchen am Forst <32014>;2348,75
2002;Wang <32015>;1289,75
2002;Wieselburg <32016>;3511,25
2002;Wieselburg-Land <32017>;2965
2002;Wolfpassing <32018>;1287,125
2002;Absdorf <32101>;1692
2002;Atzenbrugg <32104>;2493,5
2002;Fels am Wagram <32106>;1929,625
2002;Grafenwörth <32107>;2662,375
2002;Großriedenthal <32109>;964
2002;Großweikersdorf <32110>;2831,875
2002;Judenau-Baumgarten <32112>;2057,875
2002;Kirchberg am Wagram <32114>;3316,25
2002;Klosterneuburg <32144>;-
2002;Königsbrunn am Wagram <32115>;1255,375
2002;Königstetten <32116>;1877
2002;Langenrohr <32119>;2051,5
2002;Michelhausen <32120>;2524,5
2002;Muckendorf-Wipfing <32143>;1004,75
2002;St. Andrä-Wördern <32142>;6546,375
2002;Sieghartskirchen <32131>;6719,625
2002;Sitzenberg-Reidling <32132>;1919,25
2002;Tulbing <32134>;2532,75
2002;Tulln an der Donau <32135>;13737,25
2002;Würmla <32139>;1230,375
2002;Zeiselmauer-Wolfpassing <32140>;1970,125
2002;Zwentendorf an der Donau <32141>;3674
2002;Dietmanns <32202>;1221,75
2002;Dobersberg <32203>;1727,875
2002;Gastern <32206>;1370,375
2002;Groß-Siegharts <32207>;3055,75
2002;Karlstein an der Thaya <32209>;1579,375
2002;Kautzen <32210>;1256,625
2002;Ludweis-Aigen <32212>;1020
2002;Pfaffenschlag bei Waidhofen a.d.Thaya<32214>;964,375
2002;Raabs an der Thaya <32216>;3045,625
2002;Thaya <32217>;1457,75
2002;Vitis <32219>;2562,875
2002;Waidhofen an der Thaya <32220>;5763
2002;Waidhofen an der Thaya-Land <32221>;1179,75
2002;Waldkirchen an der Thaya <32222>;662,75
2002;Windigsteig <32223>;1100
2002;Bad Erlach <32306>;2559,5
2002;Bad Fischau-Brunn <32301>;2709,25
2002;Bad Schönau <32302>;722,375
2002;Bromberg <32325>;1200
2002;Dreistetten ^<32303>;-
2002;Ebenfurth <32304>;2624,375
2002;Eggendorf <32305>;4133,375
2002;Felixdorf <32307>;4253,75
2002;Gutenstein <32308>;1401,375
2002;Hochneukirchen-Gschaidt <32309>;1751,5
2002;Hochwolkersdorf <32310>;1048,375
2002;Hohe Wand <32311>;1315,375
2002;Hollenthon <32312>;1038,125
2002;Katzelsdorf <32313>;2828,125
2002;Kirchschlag in der Buckligen Welt <32314>;2926,625
2002;Krumbach <32315>;2231
2002;Lanzenkirchen <32316>;3525
2002;Lichtenegg <32317>;1082
2002;Lichtenwörth <32318>;2892,5
2002;Markt Piesting <32319>;2721,125
2002;Matzendorf-Hölles <32320>;1719,75
2002;Miesenbach <32321>;702,75
2002;Muggendorf <32322>;503,375
2002;Pernitz <32323>;2586,75
2002;Rohr im Gebirge <32324>;509,25
2002;Schwarzenbach <32326>;1074,875
2002;Sollenau <32327>;4559,875
2002;Theresienfeld <32330>;2500,875
2002;Waidmannsfeld <32331>;1818
2002;Waldegg <32332>;2034,875
2002;Walpersbach <32333>;1032
2002;Weikersdorf am Steinfelde <32334>;961
2002;Wiesmath <32335>;1593,625
2002;Winzendorf-Muthmannsdorf <32336>;1734
2002;Wöllersdorf-Steinabrückl <32337>;3854
2002;Zillingdorf <32338>;1798,375
2002;Ebergassing ^<32401>;3459,875
2002;Fischamend ^<32402>;4365,5
2002;Gablitz ^<32403>;4316,75
2002;Gerasdorf bei Wien ^<32404>;8460,75
2002;Gramatneusiedl ^<32405>;2220
2002;Himberg ^<32406>;5491,25
2002;Klein-Neusiedl ^<32407>;865,375
2002;Klosterneuburg ^<32408>;24497,625
2002;Lanzendorf ^<32409>;1459,875
2002;Leopoldsdorf ^<32410>;3580,375
2002;Maria-Lanzendorf ^<32411>;1920,125
2002;Mauerbach ^<32412>;3427,75
2002;Moosbrunn ^<32413>;1506
2002;Pressbaum ^<32415>;5836,125
2002;Purkersdorf ^<32416>;7789,25
2002;Rauchenwarth ^<32417>;612,25
2002;Schwadorf ^<32418>;1770,875
2002;Schwechat ^<32419>;15403,25
2002;Tullnerbach ^<32421>;2361,75
2002;Wienerherberg ^<32422>;-
2002;Wolfsgraben ^<32423>;1435,25
2002;Zwölfaxing ^<32424>;1455,25
2002;Allentsteig <32501>;2137,5
2002;Altmelon <32519>;919
2002;Arbesbach <32502>;1776,75
2002;Bad Traunstein <32528>;1075,25
2002;Bärnkopf <32503>;378,875
2002;Echsenbach <32504>;1239,75
2002;Göpfritz an der Wild <32505>;1802
2002;Grafenschlag <32506>;898,875
2002;Groß Gerungs <32508>;4801,75
2002;Großgöttfritz <32509>;1461,625
2002;Gutenbrunn <32511>;598,125
2002;Kirchschlag <32514>;709
2002;Kottes-Purk <32515>;1617,625
2002;Langschlag <32516>;1872,625
2002;Martinsberg <32517>;1218,125
2002;Ottenschlag <32518>;1091
2002;Pölla <32520>;1046,875
2002;Rappottenstein <32521>;1802,25
2002;Sallingberg <32522>;1452
2002;Schönbach <32523>;920,125
2002;Schwarzenau <32524>;1560,75
2002;Schweiggers <32525>;2038,75
2002;Waldhausen <32529>;1327,625
2002;Zwettl-Niederösterreich <32530>;11572,375
2003;Krems an der Donau <30101>;23549,375
2003;St. Pölten <30201>;49488,125
2003;Waidhofen an der Ybbs <30301>;11755,125
2003;Wiener Neustadt <30401>;38411,25
2003;Altenburg <31101>;831,25
2003;Brunn an der Wild <31102>;851,25
2003;Burgschleinitz-Kühnring <31103>;1415,125
2003;Drosendorf-Zissersdorf <31104>;1284,625
2003;Eggenburg <31105>;3616
2003;Gars am Kamp <31106>;3578,625
2003;Geras <31107>;1408,875
2003;Horn <31109>;6378,875
2003;Irnfritz-Messern <31110>;1415,375
2003;Japons <31111>;777,875
2003;Langau <31113>;744
2003;Meiseldorf <31114>;961,75
2003;Pernegg <31117>;730,125
2003;Röhrenbach <31119>;592
2003;Röschitz <31120>;1028,625
2003;Rosenburg-Mold <31121>;957,875
2003;St. Bernhard-Frauenhofen <31123>;1265,5
2003;Sigmundsherberg <31124>;1799,75
2003;Straning-Grafenberg <31130>;766,625
2003;Weitersfeld <31129>;1685,125
2003;Bisamberg <31201>;4055,25
2003;Enzersfeld im Weinviertel <31202>;1462,625
2003;Ernstbrunn <31203>;3054,375
2003;Gerasdorf bei Wien <31235>;-
2003;Großmugl <31204>;1525,125
2003;Großrußbach <31205>;1989,625
2003;Hagenbrunn <31206>;1632,625
2003;Harmannsdorf <31207>;3538,625
2003;Hausleiten <31208>;3047,5
2003;Korneuburg <31213>;11407,75
2003;Langenzersdorf <31214>;7416
2003;Leitzersdorf <31215>;1124,125
2003;Leobendorf <31216>;4404,625
2003;Niederhollabrunn <31234>;1486,25
2003;Oberzögersdorf ^<31223>;-
2003;Rußbach <31224>;1316,75
2003;Sierndorf <31226>;3256,875
2003;Spillern <31227>;1776,625
2003;Stetteldorf am Wagram <31228>;993,875
2003;Stetten <31229>;1117,875
2003;Stockerau <31230>;14564,5
2003;Würnitz ^<31233>;-
2003;Aggsbach <31301>;685
2003;Albrechtsberg an der Großen Krems <31302>;1077,375
2003;Bergern im Dunkelsteinerwald <31303>;1250,75
2003;Droß <31356>;802,5
2003;Dürnstein <31304>;938,625
2003;Furth bei Göttweig <31309>;2732,125
2003;Gedersdorf <31310>;2108,75
2003;Gföhl <31311>;3775,125
2003;Grafenegg <31308>;2886,75
2003;Gut am Steg ^<31314>;-
2003;Hadersdorf-Kammern <31315>;1936,875
2003;Imbach ^<31318>;-
2003;Jaidhof <31319>;1107
2003;Krumau am Kamp <31321>;789,875
2003;Langenlois <31322>;6906,875
2003;Lengenfeld <31323>;1394,5
2003;Lichtenau im Waldviertel <31324>;2064,75
2003;Maria Laach am Jauerling <31326>;950
2003;Mautern an der Donau <31327>;3179,875
2003;Mühldorf <31330>;1428,625
2003;Paudorf <31333>;2365,75
2003;Rastenfeld <31336>;1353,375
2003;Rohrendorf bei Krems <31337>;1718,875
2003;Rossatz-Arnsdorf <31338>;1176,375
2003;St. Leonhard am Hornerwald <31340>;1219
2003;Schönberg am Kamp <31355>;1788,25
2003;Senftenberg <31343>;1947,125
2003;Spitz <31344>;1716
2003;Straß im Straßertale <31346>;1455,25
2003;Stratzing <31347>;815,625
2003;Weinzierl am Walde <31350>;1319,25
2003;Weißenkirchen in der Wachau <31351>;1450,125
2003;Annaberg <31401>;670,375
2003;Eschenau <31402>;1241,125
2003;Hainfeld <31403>;3763,875
2003;Hohenberg <31404>;1578
2003;Kaumberg <31405>;1010,125
2003;Kleinzell <31406>;828,875
2003;Lilienfeld <31407>;2995
2003;Mitterbach am Erlaufsee <31408>;613
2003;Ramsau <31409>;889,375
2003;Rohrbach an der Gölsen <31410>;1530,5
2003;St. Aegyd am Neuwalde <31411>;2304
2003;St. Veit an der Gölsen <31412>;3873,375
2003;Traisen <31413>;3681,875
2003;Türnitz <31414>;2033,75
2003;Artstetten-Pöbring <31502>;1159,625
2003;Bergland <31503>;1749,5
2003;Bischofstetten <31504>;1199,5
2003;Blindenmarkt <31505>;2408,375
2003;Dorfstetten <31506>;631,5
2003;Dunkelsteinerwald <31507>;2301,125
2003;Emmersdorf an der Donau <31553>;1708,625
2003;Erlauf <31508>;1113,5
2003;Golling an der Erlauf <31509>;1615,5
2003;Hofamt Priel <31511>;1659,875
2003;Hürm <31513>;1711,125
2003;Kilb <31514>;2547,875
2003;Kirnberg an der Mank <31515>;990,375
2003;Klein-Pöchlarn <31516>;978,375
2003;Krummnußbaum <31517>;1356,75
2003;Leiben <31519>;1325,375
2003;Loosdorf <31520>;3503
2003;Mank <31521>;2938,375
2003;Marbach an der Donau <31522>;1671,5
2003;Maria Taferl <31523>;863,625
2003;Melk <31524>;5258,5
2003;Münichreith-Laimbach <31525>;1700,375
2003;Neumarkt an der Ybbs <31527>;1843,875
2003;Nöchling <31528>;1014,625
2003;Persenbeug-Gottsdorf <31530>;2165
2003;Petzenkirchen <31531>;1310,125
2003;Pöchlarn <31533>;3534,75
2003;Pöggstall <31534>;2564
2003;Raxendorf <31535>;1091,875
2003;Ritzengrub ^<31536>;-
2003;Ruprechtshofen <31537>;2223,375
2003;St. Leonhard am Forst <31539>;3015,75
2003;St. Martin-Karlsbach <31540>;1685,875
2003;St. Oswald <31541>;1133,75
2003;Schollach <31543>;901,75
2003;Schönbühel-Aggsbach <31542>;1017,875
2003;Texingtal <31551>;1567
2003;Weiten <31546>;1155,125
2003;Ybbs an der Donau <31549>;5703,25
2003;Yspertal <31552>;1862,5
2003;Zelking-Matzleinsdorf <31550>;1226,625
2003;Altlichtenwarth <31601>;763,125
2003;Asparn an der Zaya <31603>;1813,5
2003;Bernhardsthal <31604>;1668,5
2003;Bockfließ <31605>;1328,25
2003;Drasenhofen <31606>;1126,875
2003;Falkenstein <31608>;458,375
2003;Fallbach <31609>;836,5
2003;Gartenbrunn ^<31657>;-
2003;Gaubitsch <31611>;934,375
2003;Gaweinstal <31612>;3558,25
2003;Gnadendorf <31613>;1175,375
2003;Großebersdorf <31614>;2183,125
2003;Großengersdorf <31615>;1424,875
2003;Großharras <31616>;1179,25
2003;Großkrut <31617>;1615,75
2003;Hausbrunn <31620>;852,5
2003;Herrnbaumgarten <31621>;968
2003;Hochleithen <31622>;1124,375
2003;Kreuttal <31627>;1351,75
2003;Kreuzstetten <31628>;1499,25
2003;Laa an der Thaya <31629>;6067,125
2003;Ladendorf <31630>;2125,375
2003;Mistelbach <31633>;10756,875
2003;Neudorf im Weinviertel <31634>;1362
2003;Niederleis <31636>;792,25
2003;Ottenthal <31658>;623,75
2003;Pillichsdorf <31642>;1085,5
2003;Poysdorf <31644>;5543,25
2003;Rabensburg <31645>;1089,875
2003;Schrattenberg <31646>;846,875
2003;Staatz <31649>;2013,25
2003;Stronsdorf <31650>;1692
2003;Ulrichskirchen-Schleinbach <31651>;2375,375
2003;Unterstinkenbrunn <31652>;588
2003;Wildendürnbach <31653>;1579,25
2003;Wilfersdorf <31654>;2029
2003;Wolkersdorf im Weinviertel <31655>;6181,125
2003;Achau <31701>;1169,875
2003;Biedermannsdorf <31702>;2889,125
2003;Breitenfurt bei Wien <31703>;5433,625
2003;Brunn am Gebirge <31704>;9869,5
2003;Gaaden <31706>;1518,875
2003;Gießhübl <31707>;1662,875
2003;Gumpoldskirchen <31709>;3277,5
2003;Guntramsdorf <31710>;8516,75
2003;Hennersdorf <31711>;1440
2003;Hinterbrühl <31712>;4024,25
2003;Kaltenleutgeben <31713>;3015
2003;Laab im Walde <31714>;1148,625
2003;Laxenburg <31715>;2695,875
2003;Maria Enzersdorf <31716>;8324
2003;Mödling <31717>;20470,5
2003;Münchendorf <31718>;2272,875
2003;Perchtoldsdorf <31719>;13937,875
2003;Vösendorf <31723>;5303,75
2003;Wiener Neudorf <31725>;8605,25
2003;Wienerwald <31726>;2403
2003;Altendorf <31801>;321,5
2003;Aspangberg-St. Peter <31803>;2026,25
2003;Aspang-Markt <31802>;1940,5
2003;Breitenau <31804>;1245,5
2003;Breitenstein <31805>;357,625
2003;Buchbach <31806>;355,625
2003;Bürg-Vöstenhof <31842>;174,125
2003;Edlitz <31807>;989,375
2003;Enzenreith <31808>;1952,75
2003;Feistritz am Wechsel <31809>;1103,125
2003;Gloggnitz <31810>;6074,5
2003;Grafenbach-St. Valentin <31811>;2286,625
2003;Grimmenstein <31812>;1361,875
2003;Grünbach am Schneeberg <31813>;1746,5
2003;Höflein an der Hohen Wand <31849>;801,875
2003;Kirchberg am Wechsel <31814>;2398,375
2003;Mönichkirchen <31815>;622,75
2003;Natschbach-Loipersbach <31817>;1593,5
2003;Neunkirchen <31818>;11447,375
2003;Otterthal <31820>;567,75
2003;Payerbach <31821>;2301,125
2003;Pitten <31823>;2423
2003;Pottschach ^<31824>;-
2003;Prigglitz <31825>;513,625
2003;Puchberg am Schneeberg <31826>;2791,25
2003;Raach am Hochgebirge <31827>;292,875
2003;Raglitz ^<31828>;-
2003;Reichenau an der Rax <31829>;2770,375
2003;St. Corona am Wechsel <31830>;368
2003;St. Egyden am Steinfeld <31831>;1787,5
2003;Scheiblingkirchen-Thernberg <31832>;1835,125
2003;Schottwien <31833>;706,75
2003;Schrattenbach <31834>;360,25
2003;Schwarzau am Steinfeld <31835>;1772,5
2003;Schwarzau im Gebirge <31836>;803,375
2003;Seebenstein <31837>;1225,25
2003;Semmering <31838>;626,25
2003;Ternitz <31839>;15169,25
2003;Thomasberg <31840>;1215,25
2003;Trattenbach <31841>;575
2003;Warth <31843>;1595,625
2003;Wartmannstetten <31844>;1648,375
2003;Willendorf <31845>;819,625
2003;Wimpassing im Schwarzatale <31846>;1887,375
2003;Würflach <31847>;1506,125
2003;Zöbern <31848>;1470,125
2003;Altlengbach <31901>;2699,875
2003;Asperhofen <31902>;1798,875
2003;Böheimkirchen <31903>;4688,75
2003;Brand-Laaben <31904>;1133,625
2003;Eichgraben <31905>;3818,375
2003;Frankenfels <31906>;2208,625
2003;Gablitz <31949>;-
2003;Gerersdorf <31907>;877,875
2003;Hafnerbach <31910>;1614,875
2003;Haunoldstein <31911>;902,25
2003;Herzogenburg <31912>;7836,875
2003;Hofstetten-Grünau <31909>;2574,25
2003;Inzersdorf-Getzersdorf <31913>;1390,625
2003;Kapelln <31915>;1288,625
2003;Karlstetten <31916>;2000,125
2003;Kasten bei Böheimkirchen <31917>;1227,125
2003;Kirchberg an der Pielach <31918>;3122,625
2003;Kirchstetten <31919>;1849,875
2003;Loich <31920>;659,25
2003;Maria Anzbach <31921>;2652,5
2003;Markersdorf-Haindorf <31922>;1869,5
2003;Mauerbach <31950>;-
2003;Michelbach <31923>;929,125
2003;Neidling <31925>;1372,75
2003;Neulengbach <31926>;7194,75
2003;Neustift-Innermanzing <31927>;1340,75
2003;Nußdorf ob der Traisen <31928>;1546
2003;Ober-Grafendorf <31929>;4661,625
2003;Obritzberg-Rust <31930>;2245,5
2003;Pressbaum <31951>;-
2003;Prinzersdorf <31932>;1479,75
2003;Purkersdorf <31952>;-
2003;Pyhra <31934>;3327,5
2003;Rabenstein an der Pielach <31935>;2435,75
2003;St. Margarethen an der Sierning <31938>;1035,125
2003;Schwarzenbach an der Pielach <31939>;421,5
2003;Statzendorf <31940>;1371,875
2003;Stössing <31941>;747,5
2003;Traismauer <31943>;5758,75
2003;Tullnerbach <31953>;-
2003;Weinburg <31945>;1302,625
2003;Perschling <31946>;1314,625
2003;Wilhelmsburg <31947>;6588
2003;Wölbling <31948>;2551,5
2003;Wolfsgraben <31954>;-
2003;Gaming <32001>;3572
2003;Göstling an der Ybbs <32002>;2184,75
2003;Gresten <32003>;1932,5
2003;Gresten-Land <32004>;1532,5
2003;Lunz am See <32005>;2012,625
2003;Oberndorf an der Melk <32006>;2970,5
2003;Puchenstuben <32007>;296,75
2003;Purgstall an der Erlauf <32008>;5244,125
2003;Randegg <32009>;1941,875
2003;Reinsberg <32010>;1013,125
2003;St. Anton an der Jeßnitz <32011>;1280,625
2003;St. Georgen an der Leys <32012>;1299
2003;Scheibbs <32013>;4335,75
2003;Steinakirchen am Forst <32014>;2352,125
2003;Wang <32015>;1291,625
2003;Wieselburg <32016>;3512,375
2003;Wieselburg-Land <32017>;2982,75
2003;Wolfpassing <32018>;1297
2003;Absdorf <32101>;1734,5
2003;Atzenbrugg <32104>;2510,625
2003;Fels am Wagram <32106>;1915
2003;Grafenwörth <32107>;2667,5
2003;Großriedenthal <32109>;971,875
2003;Großweikersdorf <32110>;2833,125
2003;Judenau-Baumgarten <32112>;2053,5
2003;Kirchberg am Wagram <32114>;3325,875
2003;Klosterneuburg <32144>;-
2003;Königsbrunn am Wagram <32115>;1259
2003;Königstetten <32116>;1873,5
2003;Langenrohr <32119>;2076,5
2003;Michelhausen <32120>;2508,625
2003;Muckendorf-Wipfing <32143>;1022,625
2003;St. Andrä-Wördern <32142>;6643
2003;Sieghartskirchen <32131>;6768
2003;Sitzenberg-Reidling <32132>;1933,5
2003;Tulbing <32134>;2591,375
2003;Tulln an der Donau <32135>;13884,375
2003;Würmla <32139>;1218
2003;Zeiselmauer-Wolfpassing <32140>;1976,25
2003;Zwentendorf an der Donau <32141>;3660,5
2003;Dietmanns <32202>;1206,25
2003;Dobersberg <32203>;1725,375
2003;Gastern <32206>;1352,625
2003;Groß-Siegharts <32207>;3014,125
2003;Karlstein an der Thaya <32209>;1577
2003;Kautzen <32210>;1254,75
2003;Ludweis-Aigen <32212>;1018,25
2003;Pfaffenschlag bei Waidhofen a.d.Thaya<32214>;955,25
2003;Raabs an der Thaya <32216>;3014,875
2003;Thaya <32217>;1469,375
2003;Vitis <32219>;2592,375
2003;Waidhofen an der Thaya <32220>;5757,25
2003;Waidhofen an der Thaya-Land <32221>;1173,5
2003;Waldkirchen an der Thaya <32222>;651
2003;Windigsteig <32223>;1090,5
2003;Bad Erlach <32306>;2564,875
2003;Bad Fischau-Brunn <32301>;2754
2003;Bad Schönau <32302>;722
2003;Bromberg <32325>;1204,375
2003;Dreistetten ^<32303>;-
2003;Ebenfurth <32304>;2655,375
2003;Eggendorf <32305>;4176,875
2003;Felixdorf <32307>;4277,5
2003;Gutenstein <32308>;1419,375
2003;Hochneukirchen-Gschaidt <32309>;1751,625
2003;Hochwolkersdorf <32310>;1055,75
2003;Hohe Wand <32311>;1303,25
2003;Hollenthon <32312>;1013,875
2003;Katzelsdorf <32313>;2886,375
2003;Kirchschlag in der Buckligen Welt <32314>;2906,875
2003;Krumbach <32315>;2228,125
2003;Lanzenkirchen <32316>;3526,375
2003;Lichtenegg <32317>;1086,75
2003;Lichtenwörth <32318>;2897,75
2003;Markt Piesting <32319>;2746,5
2003;Matzendorf-Hölles <32320>;1742,25
2003;Miesenbach <32321>;699,5
2003;Muggendorf <32322>;509,125
2003;Pernitz <32323>;2582,125
2003;Rohr im Gebirge <32324>;497,75
2003;Schwarzenbach <32326>;1054,125
2003;Sollenau <32327>;4518,625
2003;Theresienfeld <32330>;2563,625
2003;Waidmannsfeld <32331>;1797,125
2003;Waldegg <32332>;2016,25
2003;Walpersbach <32333>;1037,125
2003;Weikersdorf am Steinfelde <32334>;957,5
2003;Wiesmath <32335>;1575,375
2003;Winzendorf-Muthmannsdorf <32336>;1766,375
2003;Wöllersdorf-Steinabrückl <32337>;3905,5
2003;Zillingdorf <32338>;1813,5
2003;Ebergassing ^<32401>;3462,875
2003;Fischamend ^<32402>;4379,125
2003;Gablitz ^<32403>;4320,25
2003;Gerasdorf bei Wien ^<32404>;8679
2003;Gramatneusiedl ^<32405>;2242,625
2003;Himberg ^<32406>;5602,75
2003;Klein-Neusiedl ^<32407>;852,625
2003;Klosterneuburg ^<32408>;24580,75
2003;Lanzendorf ^<32409>;1452
2003;Leopoldsdorf ^<32410>;3731,75
2003;Maria-Lanzendorf ^<32411>;1930,25
2003;Mauerbach ^<32412>;3446,875
2003;Moosbrunn ^<32413>;1499,375
2003;Pressbaum ^<32415>;5926,375
2003;Purkersdorf ^<32416>;7828,375
2003;Rauchenwarth ^<32417>;621,875
2003;Schwadorf ^<32418>;1810,25
2003;Schwechat ^<32419>;15545
2003;Tullnerbach ^<32421>;2367,75
2003;Wienerherberg ^<32422>;-
2003;Wolfsgraben ^<32423>;1444,5
2003;Zwölfaxing ^<32424>;1447,25
2003;Allentsteig <32501>;2112,375
2003;Altmelon <32519>;915,25
2003;Arbesbach <32502>;1768,125
2003;Bad Traunstein <32528>;1055,5
2003;Bärnkopf <32503>;381,125
2003;Echsenbach <32504>;1241,625
2003;Göpfritz an der Wild <32505>;1796,875
2003;Grafenschlag <32506>;901
2003;Groß Gerungs <32508>;4801,5
2003;Großgöttfritz <32509>;1473,125
2003;Gutenbrunn <32511>;589,375
2003;Kirchschlag <32514>;699,5
2003;Kottes-Purk <32515>;1614,25
2003;Langschlag <32516>;1850,375
2003;Martinsberg <32517>;1220,5
2003;Ottenschlag <32518>;1100,375
2003;Pölla <32520>;1028,375
2003;Rappottenstein <32521>;1784,375
2003;Sallingberg <32522>;1435,75
2003;Schönbach <32523>;911,25
2003;Schwarzenau <32524>;1528,25
2003;Schweiggers <32525>;2033,625
2003;Waldhausen <32529>;1309,75
2003;Zwettl-Niederösterreich <32530>;11525,625
2004;Krems an der Donau <30101>;23617,625
2004;St. Pölten <30201>;50142,375
2004;Waidhofen an der Ybbs <30301>;11788,5
2004;Wiener Neustadt <30401>;38813,375
2004;Altenburg <31101>;824,75
2004;Brunn an der Wild <31102>;844,25
2004;Burgschleinitz-Kühnring <31103>;1425,125
2004;Drosendorf-Zissersdorf <31104>;1292,125
2004;Eggenburg <31105>;3603
2004;Gars am Kamp <31106>;3598,75
2004;Geras <31107>;1403,25
2004;Horn <31109>;6400,25
2004;Irnfritz-Messern <31110>;1403,5
2004;Japons <31111>;769,125
2004;Langau <31113>;744,375
2004;Meiseldorf <31114>;953,875
2004;Pernegg <31117>;723,125
2004;Röhrenbach <31119>;602,5
2004;Röschitz <31120>;1037,875
2004;Rosenburg-Mold <31121>;962,375
2004;St. Bernhard-Frauenhofen <31123>;1268,375
2004;Sigmundsherberg <31124>;1791,25
2004;Straning-Grafenberg <31130>;764,875
2004;Weitersfeld <31129>;1674,125
2004;Bisamberg <31201>;4073,125
2004;Enzersfeld im Weinviertel <31202>;1472
2004;Ernstbrunn <31203>;3020,25
2004;Gerasdorf bei Wien <31235>;-
2004;Großmugl <31204>;1536,375
2004;Großrußbach <31205>;2009,875
2004;Hagenbrunn <31206>;1720,375
2004;Harmannsdorf <31207>;3586,125
2004;Hausleiten <31208>;3171,875
2004;Korneuburg <31213>;11555,125
2004;Langenzersdorf <31214>;7488,125
2004;Leitzersdorf <31215>;1149,75
2004;Leobendorf <31216>;4493,375
2004;Niederhollabrunn <31234>;1499,5
2004;Oberzögersdorf ^<31223>;-
2004;Rußbach <31224>;1323,5
2004;Sierndorf <31226>;3319,625
2004;Spillern <31227>;1866,375
2004;Stetteldorf am Wagram <31228>;993,25
2004;Stetten <31229>;1157,5
2004;Stockerau <31230>;14694,875
2004;Würnitz ^<31233>;-
2004;Aggsbach <31301>;673,25
2004;Albrechtsberg an der Großen Krems <31302>;1070,5
2004;Bergern im Dunkelsteinerwald <31303>;1241,625
2004;Droß <31356>;820,125
2004;Dürnstein <31304>;913,875
2004;Furth bei Göttweig <31309>;2741,125
2004;Gedersdorf <31310>;2097,5
2004;Gföhl <31311>;3782,375
2004;Grafenegg <31308>;2913,75
2004;Gut am Steg ^<31314>;-
2004;Hadersdorf-Kammern <31315>;1945,125
2004;Imbach ^<31318>;-
2004;Jaidhof <31319>;1116,375
2004;Krumau am Kamp <31321>;795
2004;Langenlois <31322>;6992,875
2004;Lengenfeld <31323>;1424,5
2004;Lichtenau im Waldviertel <31324>;2057,875
2004;Maria Laach am Jauerling <31326>;945,25
2004;Mautern an der Donau <31327>;3259,625
2004;Mühldorf <31330>;1435,625
2004;Paudorf <31333>;2346,75
2004;Rastenfeld <31336>;1358,625
2004;Rohrendorf bei Krems <31337>;1714,75
2004;Rossatz-Arnsdorf <31338>;1164,75
2004;St. Leonhard am Hornerwald <31340>;1216,375
2004;Schönberg am Kamp <31355>;1786
2004;Senftenberg <31343>;1929,25
2004;Spitz <31344>;1716,875
2004;Straß im Straßertale <31346>;1498,25
2004;Stratzing <31347>;810,5
2004;Weinzierl am Walde <31350>;1312
2004;Weißenkirchen in der Wachau <31351>;1455
2004;Annaberg <31401>;662,75
2004;Eschenau <31402>;1250,25
2004;Hainfeld <31403>;3804,875
2004;Hohenberg <31404>;1578
2004;Kaumberg <31405>;1024,5
2004;Kleinzell <31406>;846,125
2004;Lilienfeld <31407>;3048
2004;Mitterbach am Erlaufsee <31408>;603,25
2004;Ramsau <31409>;901,5
2004;Rohrbach an der Gölsen <31410>;1555,375
2004;St. Aegyd am Neuwalde <31411>;2257,625
2004;St. Veit an der Gölsen <31412>;3888
2004;Traisen <31413>;3706,5
2004;Türnitz <31414>;2008,5
2004;Artstetten-Pöbring <31502>;1146,5
2004;Bergland <31503>;1767,625
2004;Bischofstetten <31504>;1178,875
2004;Blindenmarkt <31505>;2434,875
2004;Dorfstetten <31506>;628,375
2004;Dunkelsteinerwald <31507>;2302,25
2004;Emmersdorf an der Donau <31553>;1715,625
2004;Erlauf <31508>;1129,375
2004;Golling an der Erlauf <31509>;1603,625
2004;Hofamt Priel <31511>;1641,875
2004;Hürm <31513>;1717,25
2004;Kilb <31514>;2523,875
2004;Kirnberg an der Mank <31515>;987,375
2004;Klein-Pöchlarn <31516>;973,125
2004;Krummnußbaum <31517>;1389,125
2004;Leiben <31519>;1344,5
2004;Loosdorf <31520>;3580,375
2004;Mank <31521>;2960,625
2004;Marbach an der Donau <31522>;1663,125
2004;Maria Taferl <31523>;855,375
2004;Melk <31524>;5242,25
2004;Münichreith-Laimbach <31525>;1707,25
2004;Neumarkt an der Ybbs <31527>;1830,75
2004;Nöchling <31528>;1012,5
2004;Persenbeug-Gottsdorf <31530>;2198,875
2004;Petzenkirchen <31531>;1296
2004;Pöchlarn <31533>;3622,75
2004;Pöggstall <31534>;2550,125
2004;Raxendorf <31535>;1077,75
2004;Ritzengrub ^<31536>;-
2004;Ruprechtshofen <31537>;2235,375
2004;St. Leonhard am Forst <31539>;2978,625
2004;St. Martin-Karlsbach <31540>;1672,625
2004;St. Oswald <31541>;1129,625
2004;Schollach <31543>;911,625
2004;Schönbühel-Aggsbach <31542>;1025,125
2004;Texingtal <31551>;1586,75
2004;Weiten <31546>;1163,875
2004;Ybbs an der Donau <31549>;5736,25
2004;Yspertal <31552>;1844,375
2004;Zelking-Matzleinsdorf <31550>;1227
2004;Altlichtenwarth <31601>;767
2004;Asparn an der Zaya <31603>;1807,375
2004;Bernhardsthal <31604>;1658,25
2004;Bockfließ <31605>;1343,25
2004;Drasenhofen <31606>;1143,75
2004;Falkenstein <31608>;463,875
2004;Fallbach <31609>;844,875
2004;Gartenbrunn ^<31657>;-
2004;Gaubitsch <31611>;923,375
2004;Gaweinstal <31612>;3612,625
2004;Gnadendorf <31613>;1182,375
2004;Großebersdorf <31614>;2208,25
2004;Großengersdorf <31615>;1434,5
2004;Großharras <31616>;1184,375
2004;Großkrut <31617>;1609,25
2004;Hausbrunn <31620>;850,25
2004;Herrnbaumgarten <31621>;978,5
2004;Hochleithen <31622>;1142,875
2004;Kreuttal <31627>;1365,125
2004;Kreuzstetten <31628>;1495,875
2004;Laa an der Thaya <31629>;6040,375
2004;Ladendorf <31630>;2152,625
2004;Mistelbach <31633>;10801
2004;Neudorf im Weinviertel <31634>;1368,875
2004;Niederleis <31636>;810,625
2004;Ottenthal <31658>;616,875
2004;Pillichsdorf <31642>;1070,75
2004;Poysdorf <31644>;5521,25
2004;Rabensburg <31645>;1096,25
2004;Schrattenberg <31646>;838,875
2004;Staatz <31649>;2006,125
2004;Stronsdorf <31650>;1663,375
2004;Ulrichskirchen-Schleinbach <31651>;2391,125
2004;Unterstinkenbrunn <31652>;585,25
2004;Wildendürnbach <31653>;1579,625
2004;Wilfersdorf <31654>;2024,25
2004;Wolkersdorf im Weinviertel <31655>;6247,5
2004;Achau <31701>;1170,25
2004;Biedermannsdorf <31702>;2911,875
2004;Breitenfurt bei Wien <31703>;5475,25
2004;Brunn am Gebirge <31704>;10035,5
2004;Gaaden <31706>;1534,75
2004;Gießhübl <31707>;1813,375
2004;Gumpoldskirchen <31709>;3284,375
2004;Guntramsdorf <31710>;8617,25
2004;Hennersdorf <31711>;1449,5
2004;Hinterbrühl <31712>;4021,375
2004;Kaltenleutgeben <31713>;3087,875
2004;Laab im Walde <31714>;1143,25
2004;Laxenburg <31715>;2669,375
2004;Maria Enzersdorf <31716>;8413,375
2004;Mödling <31717>;20544,375
2004;Münchendorf <31718>;2287
2004;Perchtoldsdorf <31719>;14044,625
2004;Vösendorf <31723>;5432,375
2004;Wiener Neudorf <31725>;8702,5
2004;Wienerwald <31726>;2417
2004;Altendorf <31801>;313,375
2004;Aspangberg-St. Peter <31803>;2059,625
2004;Aspang-Markt <31802>;1920,625
2004;Breitenau <31804>;1255
2004;Breitenstein <31805>;352,5
2004;Buchbach <31806>;351,75
2004;Bürg-Vöstenhof <31842>;168,5
2004;Edlitz <31807>;997,25
2004;Enzenreith <31808>;1987,75
2004;Feistritz am Wechsel <31809>;1104,875
2004;Gloggnitz <31810>;6046,5
2004;Grafenbach-St. Valentin <31811>;2307,75
2004;Grimmenstein <31812>;1371,25
2004;Grünbach am Schneeberg <31813>;1762,125
2004;Höflein an der Hohen Wand <31849>;802,75
2004;Kirchberg am Wechsel <31814>;2421,875
2004;Mönichkirchen <31815>;606,75
2004;Natschbach-Loipersbach <31817>;1595,25
2004;Neunkirchen <31818>;11672,125
2004;Otterthal <31820>;576,5
2004;Payerbach <31821>;2293,125
2004;Pitten <31823>;2416,375
2004;Pottschach ^<31824>;-
2004;Prigglitz <31825>;511,125
2004;Puchberg am Schneeberg <31826>;2768,375
2004;Raach am Hochgebirge <31827>;293
2004;Raglitz ^<31828>;-
2004;Reichenau an der Rax <31829>;2791,5
2004;St. Corona am Wechsel <31830>;368,875
2004;St. Egyden am Steinfeld <31831>;1800,375
2004;Scheiblingkirchen-Thernberg <31832>;1839,875
2004;Schottwien <31833>;701,875
2004;Schrattenbach <31834>;368
2004;Schwarzau am Steinfeld <31835>;1794
2004;Schwarzau im Gebirge <31836>;792,875
2004;Seebenstein <31837>;1229,5
2004;Semmering <31838>;629,625
2004;Ternitz <31839>;15122,375
2004;Thomasberg <31840>;1214,375
2004;Trattenbach <31841>;569,375
2004;Warth <31843>;1573,875
2004;Wartmannstetten <31844>;1621,125
2004;Willendorf <31845>;828,5
2004;Wimpassing im Schwarzatale <31846>;1861,375
2004;Würflach <31847>;1514,25
2004;Zöbern <31848>;1484,375
2004;Altlengbach <31901>;2716,625
2004;Asperhofen <31902>;1856,375
2004;Böheimkirchen <31903>;4732,5
2004;Brand-Laaben <31904>;1125,5
2004;Eichgraben <31905>;3863,125
2004;Frankenfels <31906>;2204,125
2004;Gablitz <31949>;-
2004;Gerersdorf <31907>;881,25
2004;Hafnerbach <31910>;1610,5
2004;Haunoldstein <31911>;896,375
2004;Herzogenburg <31912>;7879,125
2004;Hofstetten-Grünau <31909>;2595,375
2004;Inzersdorf-Getzersdorf <31913>;1397,875
2004;Kapelln <31915>;1301,875
2004;Karlstetten <31916>;2034,125
2004;Kasten bei Böheimkirchen <31917>;1248
2004;Kirchberg an der Pielach <31918>;3140,5
2004;Kirchstetten <31919>;1867,125
2004;Loich <31920>;655,75
2004;Maria Anzbach <31921>;2645,5
2004;Markersdorf-Haindorf <31922>;1898,5
2004;Mauerbach <31950>;-
2004;Michelbach <31923>;939,25
2004;Neidling <31925>;1391,375
2004;Neulengbach <31926>;7267,125
2004;Neustift-Innermanzing <31927>;1361,5
2004;Nußdorf ob der Traisen <31928>;1562,375
2004;Ober-Grafendorf <31929>;4652,75
2004;Obritzberg-Rust <31930>;2259,625
2004;Pressbaum <31951>;-
2004;Prinzersdorf <31932>;1475,625
2004;Purkersdorf <31952>;-
2004;Pyhra <31934>;3343
2004;Rabenstein an der Pielach <31935>;2448,625
2004;St. Margarethen an der Sierning <31938>;1048,75
2004;Schwarzenbach an der Pielach <31939>;416,25
2004;Statzendorf <31940>;1367,75
2004;Stössing <31941>;789,125
2004;Traismauer <31943>;5768,75
2004;Tullnerbach <31953>;-
2004;Weinburg <31945>;1308,875
2004;Perschling <31946>;1321,125
2004;Wilhelmsburg <31947>;6591,125
2004;Wölbling <31948>;2524,625
2004;Wolfsgraben <31954>;-
2004;Gaming <32001>;3587,5
2004;Göstling an der Ybbs <32002>;2205,5
2004;Gresten <32003>;1943,875
2004;Gresten-Land <32004>;1541,125
2004;Lunz am See <32005>;1980,375
2004;Oberndorf an der Melk <32006>;2982,75
2004;Puchenstuben <32007>;332,625
2004;Purgstall an der Erlauf <32008>;5277
2004;Randegg <32009>;1941,375
2004;Reinsberg <32010>;1010,125
2004;St. Anton an der Jeßnitz <32011>;1278,875
2004;St. Georgen an der Leys <32012>;1302,75
2004;Scheibbs <32013>;4353,5
2004;Steinakirchen am Forst <32014>;2352
2004;Wang <32015>;1296,75
2004;Wieselburg <32016>;3534,625
2004;Wieselburg-Land <32017>;3030
2004;Wolfpassing <32018>;1301,375
2004;Absdorf <32101>;1761,75
2004;Atzenbrugg <32104>;2530,625
2004;Fels am Wagram <32106>;1933,875
2004;Grafenwörth <32107>;2696,5
2004;Großriedenthal <32109>;974,75
2004;Großweikersdorf <32110>;2856,25
2004;Judenau-Baumgarten <32112>;2080,75
2004;Kirchberg am Wagram <32114>;3345
2004;Klosterneuburg <32144>;-
2004;Königsbrunn am Wagram <32115>;1271,375
2004;Königstetten <32116>;1860,125
2004;Langenrohr <32119>;2098,625
2004;Michelhausen <32120>;2499,25
2004;Muckendorf-Wipfing <32143>;1032,125
2004;St. Andrä-Wördern <32142>;6763,125
2004;Sieghartskirchen <32131>;6789,75
2004;Sitzenberg-Reidling <32132>;1949,75
2004;Tulbing <32134>;2602,625
2004;Tulln an der Donau <32135>;14009,375
2004;Würmla <32139>;1232
2004;Zeiselmauer-Wolfpassing <32140>;2014,125
2004;Zwentendorf an der Donau <32141>;3686,375
2004;Dietmanns <32202>;1193,125
2004;Dobersberg <32203>;1736,125
2004;Gastern <32206>;1332,625
2004;Groß-Siegharts <32207>;3015,625
2004;Karlstein an der Thaya <32209>;1544,125
2004;Kautzen <32210>;1244,125
2004;Ludweis-Aigen <32212>;1027,875
2004;Pfaffenschlag bei Waidhofen a.d.Thaya<32214>;961,875
2004;Raabs an der Thaya <32216>;2976,625
2004;Thaya <32217>;1452,125
2004;Vitis <32219>;2595,375
2004;Waidhofen an der Thaya <32220>;5778,375
2004;Waidhofen an der Thaya-Land <32221>;1160,875
2004;Waldkirchen an der Thaya <32222>;629,375
2004;Windigsteig <32223>;1074,875
2004;Bad Erlach <32306>;2587,125
2004;Bad Fischau-Brunn <32301>;2754,125
2004;Bad Schönau <32302>;729,25
2004;Bromberg <32325>;1211,375
2004;Dreistetten ^<32303>;-
2004;Ebenfurth <32304>;2694,375
2004;Eggendorf <32305>;4161,75
2004;Felixdorf <32307>;4306,25
2004;Gutenstein <32308>;1453,75
2004;Hochneukirchen-Gschaidt <32309>;1741,5
2004;Hochwolkersdorf <32310>;1044
2004;Hohe Wand <32311>;1329
2004;Hollenthon <32312>;1025,25
2004;Katzelsdorf <32313>;2954,125
2004;Kirchschlag in der Buckligen Welt <32314>;2907,25
2004;Krumbach <32315>;2207,5
2004;Lanzenkirchen <32316>;3534,125
2004;Lichtenegg <32317>;1085,875
2004;Lichtenwörth <32318>;2907,25
2004;Markt Piesting <32319>;2774,25
2004;Matzendorf-Hölles <32320>;1761,125
2004;Miesenbach <32321>;705,125
2004;Muggendorf <32322>;506,25
2004;Pernitz <32323>;2547,75
2004;Rohr im Gebirge <32324>;498
2004;Schwarzenbach <32326>;1046,375
2004;Sollenau <32327>;4534
2004;Theresienfeld <32330>;2609,125
2004;Waidmannsfeld <32331>;1796,625
2004;Waldegg <32332>;1979,375
2004;Walpersbach <32333>;1042,625
2004;Weikersdorf am Steinfelde <32334>;967,625
2004;Wiesmath <32335>;1554,25
2004;Winzendorf-Muthmannsdorf <32336>;1801,625
2004;Wöllersdorf-Steinabrückl <32337>;3979,625
2004;Zillingdorf <32338>;1863,625
2004;Ebergassing ^<32401>;3488,875
2004;Fischamend ^<32402>;4378,25
2004;Gablitz ^<32403>;4335,625
2004;Gerasdorf bei Wien ^<32404>;8960,375
2004;Gramatneusiedl ^<32405>;2272,25
2004;Himberg ^<32406>;5772,5
2004;Klein-Neusiedl ^<32407>;850,25
2004;Klosterneuburg ^<32408>;24713,375
2004;Lanzendorf ^<32409>;1483,5
2004;Leopoldsdorf ^<32410>;3885
2004;Maria-Lanzendorf ^<32411>;1967,5
2004;Mauerbach ^<32412>;3493,75
2004;Moosbrunn ^<32413>;1533,875
2004;Pressbaum ^<32415>;5982,25
2004;Purkersdorf ^<32416>;7962,75
2004;Rauchenwarth ^<32417>;625,5
2004;Schwadorf ^<32418>;1818,625
2004;Schwechat ^<32419>;15681,625
2004;Tullnerbach ^<32421>;2423,5
2004;Wienerherberg ^<32422>;-
2004;Wolfsgraben ^<32423>;1464,875
2004;Zwölfaxing ^<32424>;1441,375
2004;Allentsteig <32501>;2084
2004;Altmelon <32519>;913,125
2004;Arbesbach <32502>;1769,25
2004;Bad Traunstein <32528>;1053,75
2004;Bärnkopf <32503>;383,75
2004;Echsenbach <32504>;1242,375
2004;Göpfritz an der Wild <32505>;1805,875
2004;Grafenschlag <32506>;900,25
2004;Groß Gerungs <32508>;4771,5
2004;Großgöttfritz <32509>;1480,875
2004;Gutenbrunn <32511>;595,375
2004;Kirchschlag <32514>;699,25
2004;Kottes-Purk <32515>;1615,125
2004;Langschlag <32516>;1846,375
2004;Martinsberg <32517>;1191
2004;Ottenschlag <32518>;1084,75
2004;Pölla <32520>;1005,125
2004;Rappottenstein <32521>;1771
2004;Sallingberg <32522>;1436
2004;Schönbach <32523>;900
2004;Schwarzenau <32524>;1513,625
2004;Schweiggers <32525>;2034,5
2004;Waldhausen <32529>;1308
2004;Zwettl-Niederösterreich <32530>;11525,25
2005;Krems an der Donau <30101>;23789,375
2005;St. Pölten <30201>;50735
2005;Waidhofen an der Ybbs <30301>;11819,125
2005;Wiener Neustadt <30401>;39303,5
2005;Altenburg <31101>;830,75
2005;Brunn an der Wild <31102>;847
2005;Burgschleinitz-Kühnring <31103>;1429,125
2005;Drosendorf-Zissersdorf <31104>;1283,625
2005;Eggenburg <31105>;3542,375
2005;Gars am Kamp <31106>;3586,625
2005;Geras <31107>;1396,25
2005;Horn <31109>;6376,5
2005;Irnfritz-Messern <31110>;1407,875
2005;Japons <31111>;778,5
2005;Langau <31113>;735,875
2005;Meiseldorf <31114>;952,5
2005;Pernegg <31117>;708,375
2005;Röhrenbach <31119>;594,125
2005;Röschitz <31120>;1045,75
2005;Rosenburg-Mold <31121>;937,625
2005;St. Bernhard-Frauenhofen <31123>;1273,375
2005;Sigmundsherberg <31124>;1789,25
2005;Straning-Grafenberg <31130>;765,25
2005;Weitersfeld <31129>;1668,25
2005;Bisamberg <31201>;4082,875
2005;Enzersfeld im Weinviertel <31202>;1476,125
2005;Ernstbrunn <31203>;3009,25
2005;Gerasdorf bei Wien <31235>;-
2005;Großmugl <31204>;1550,375
2005;Großrußbach <31205>;2033,75
2005;Hagenbrunn <31206>;1789,25
2005;Harmannsdorf <31207>;3632,75
2005;Hausleiten <31208>;3290,75
2005;Korneuburg <31213>;11675,125
2005;Langenzersdorf <31214>;7569
2005;Leitzersdorf <31215>;1178,25
2005;Leobendorf <31216>;4566,875
2005;Niederhollabrunn <31234>;1553,875
2005;Oberzögersdorf ^<31223>;-
2005;Rußbach <31224>;1362,875
2005;Sierndorf <31226>;3357,625
2005;Spillern <31227>;1889,75
2005;Stetteldorf am Wagram <31228>;1005,5
2005;Stetten <31229>;1186,75
2005;Stockerau <31230>;14813,25
2005;Würnitz ^<31233>;-
2005;Aggsbach <31301>;673,75
2005;Albrechtsberg an der Großen Krems <31302>;1074,25
2005;Bergern im Dunkelsteinerwald <31303>;1226,75
2005;Droß <31356>;844,5
2005;Dürnstein <31304>;906
2005;Furth bei Göttweig <31309>;2729,125
2005;Gedersdorf <31310>;2111,75
2005;Gföhl <31311>;3762,375
2005;Grafenegg <31308>;2926,875
2005;Gut am Steg ^<31314>;-
2005;Hadersdorf-Kammern <31315>;1942,5
2005;Imbach ^<31318>;-
2005;Jaidhof <31319>;1133,625
2005;Krumau am Kamp <31321>;790,75
2005;Langenlois <31322>;7079,875
2005;Lengenfeld <31323>;1419,5
2005;Lichtenau im Waldviertel <31324>;2046,625
2005;Maria Laach am Jauerling <31326>;942,625
2005;Mautern an der Donau <31327>;3311,125
2005;Mühldorf <31330>;1421,875
2005;Paudorf <31333>;2356,375
2005;Rastenfeld <31336>;1366,5
2005;Rohrendorf bei Krems <31337>;1748,75
2005;Rossatz-Arnsdorf <31338>;1168,125
2005;St. Leonhard am Hornerwald <31340>;1200
2005;Schönberg am Kamp <31355>;1781,25
2005;Senftenberg <31343>;1928,75
2005;Spitz <31344>;1714,125
2005;Straß im Straßertale <31346>;1513,625
2005;Stratzing <31347>;808,25
2005;Weinzierl am Walde <31350>;1298,5
2005;Weißenkirchen in der Wachau <31351>;1440,375
2005;Annaberg <31401>;652,375
2005;Eschenau <31402>;1281,875
2005;Hainfeld <31403>;3817,5
2005;Hohenberg <31404>;1586,125
2005;Kaumberg <31405>;1021,625
2005;Kleinzell <31406>;860,75
2005;Lilienfeld <31407>;3020,5
2005;Mitterbach am Erlaufsee <31408>;598,625
2005;Ramsau <31409>;868,25
2005;Rohrbach an der Gölsen <31410>;1570,25
2005;St. Aegyd am Neuwalde <31411>;2224,375
2005;St. Veit an der Gölsen <31412>;3917,875
2005;Traisen <31413>;3702,375
2005;Türnitz <31414>;2001,875
2005;Artstetten-Pöbring <31502>;1160,5
2005;Bergland <31503>;1786
2005;Bischofstetten <31504>;1155,875
2005;Blindenmarkt <31505>;2414,75
2005;Dorfstetten <31506>;623,125
2005;Dunkelsteinerwald <31507>;2303,25
2005;Emmersdorf an der Donau <31553>;1751,25
2005;Erlauf <31508>;1127,75
2005;Golling an der Erlauf <31509>;1596,875
2005;Hofamt Priel <31511>;1647,75
2005;Hürm <31513>;1702,5
2005;Kilb <31514>;2529,125
2005;Kirnberg an der Mank <31515>;997,375
2005;Klein-Pöchlarn <31516>;985,625
2005;Krummnußbaum <31517>;1410,375
2005;Leiben <31519>;1343,375
2005;Loosdorf <31520>;3613,25
2005;Mank <31521>;2955,75
2005;Marbach an der Donau <31522>;1670
2005;Maria Taferl <31523>;852,75
2005;Melk <31524>;5235,625
2005;Münichreith-Laimbach <31525>;1712
2005;Neumarkt an der Ybbs <31527>;1792,875
2005;Nöchling <31528>;1002,875
2005;Persenbeug-Gottsdorf <31530>;2204,25
2005;Petzenkirchen <31531>;1309,625
2005;Pöchlarn <31533>;3696,75
2005;Pöggstall <31534>;2546,25
2005;Raxendorf <31535>;1066,5
2005;Ritzengrub ^<31536>;-
2005;Ruprechtshofen <31537>;2234,75
2005;St. Leonhard am Forst <31539>;2990,625
2005;St. Martin-Karlsbach <31540>;1673,125
2005;St. Oswald <31541>;1123,875
2005;Schollach <31543>;927,5
2005;Schönbühel-Aggsbach <31542>;1033,5
2005;Texingtal <31551>;1601,125
2005;Weiten <31546>;1143,875
2005;Ybbs an der Donau <31549>;5784,625
2005;Yspertal <31552>;1855,875
2005;Zelking-Matzleinsdorf <31550>;1226,625
2005;Altlichtenwarth <31601>;765,375
2005;Asparn an der Zaya <31603>;1783,125
2005;Bernhardsthal <31604>;1642,625
2005;Bockfließ <31605>;1350,75
2005;Drasenhofen <31606>;1138,25
2005;Falkenstein <31608>;465,25
2005;Fallbach <31609>;840,75
2005;Gartenbrunn ^<31657>;-
2005;Gaubitsch <31611>;918,375
2005;Gaweinstal <31612>;3653,375
2005;Gnadendorf <31613>;1182,625
2005;Großebersdorf <31614>;2207,75
2005;Großengersdorf <31615>;1437,375
2005;Großharras <31616>;1181,5
2005;Großkrut <31617>;1619,875
2005;Hausbrunn <31620>;861,875
2005;Herrnbaumgarten <31621>;981,375
2005;Hochleithen <31622>;1151,375
2005;Kreuttal <31627>;1372,75
2005;Kreuzstetten <31628>;1522,375
2005;Laa an der Thaya <31629>;6080,5
2005;Ladendorf <31630>;2177,75
2005;Mistelbach <31633>;10913,125
2005;Neudorf im Weinviertel <31634>;1377,875
2005;Niederleis <31636>;820
2005;Ottenthal <31658>;613,75
2005;Pillichsdorf <31642>;1057,375
2005;Poysdorf <31644>;5530,5
2005;Rabensburg <31645>;1116,625
2005;Schrattenberg <31646>;827,625
2005;Staatz <31649>;2011,125
2005;Stronsdorf <31650>;1652,5
2005;Ulrichskirchen-Schleinbach <31651>;2423,75
2005;Unterstinkenbrunn <31652>;584
2005;Wildendürnbach <31653>;1575,125
2005;Wilfersdorf <31654>;2009,5
2005;Wolkersdorf im Weinviertel <31655>;6409,125
2005;Achau <31701>;1178
2005;Biedermannsdorf <31702>;2905,625
2005;Breitenfurt bei Wien <31703>;5519,875
2005;Brunn am Gebirge <31704>;10330
2005;Gaaden <31706>;1582,75
2005;Gießhübl <31707>;1911,375
2005;Gumpoldskirchen <31709>;3266,625
2005;Guntramsdorf <31710>;8679,625
2005;Hennersdorf <31711>;1436,5
2005;Hinterbrühl <31712>;4024,875
2005;Kaltenleutgeben <31713>;3117,25
2005;Laab im Walde <31714>;1168,75
2005;Laxenburg <31715>;2684,375
2005;Maria Enzersdorf <31716>;8451,375
2005;Mödling <31717>;20615,875
2005;Münchendorf <31718>;2300,375
2005;Perchtoldsdorf <31719>;14245,625
2005;Vösendorf <31723>;5576,75
2005;Wiener Neudorf <31725>;8807,875
2005;Wienerwald <31726>;2440,375
2005;Altendorf <31801>;307,25
2005;Aspangberg-St. Peter <31803>;2053,75
2005;Aspang-Markt <31802>;1908,375
2005;Breitenau <31804>;1286,625
2005;Breitenstein <31805>;352,125
2005;Buchbach <31806>;347,625
2005;Bürg-Vöstenhof <31842>;166,375
2005;Edlitz <31807>;976
2005;Enzenreith <31808>;1990,25
2005;Feistritz am Wechsel <31809>;1106,625
2005;Gloggnitz <31810>;6063,375
2005;Grafenbach-St. Valentin <31811>;2311,125
2005;Grimmenstein <31812>;1370,75
2005;Grünbach am Schneeberg <31813>;1790,375
2005;Höflein an der Hohen Wand <31849>;799,5
2005;Kirchberg am Wechsel <31814>;2450,375
2005;Mönichkirchen <31815>;612,375
2005;Natschbach-Loipersbach <31817>;1613,625
2005;Neunkirchen <31818>;11901,625
2005;Otterthal <31820>;570,5
2005;Payerbach <31821>;2268,625
2005;Pitten <31823>;2399,875
2005;Pottschach ^<31824>;-
2005;Prigglitz <31825>;500,25
2005;Puchberg am Schneeberg <31826>;2743,5
2005;Raach am Hochgebirge <31827>;297,125
2005;Raglitz ^<31828>;-
2005;Reichenau an der Rax <31829>;2873,125
2005;St. Corona am Wechsel <31830>;375,875
2005;St. Egyden am Steinfeld <31831>;1828,625
2005;Scheiblingkirchen-Thernberg <31832>;1854
2005;Schottwien <31833>;703,5
2005;Schrattenbach <31834>;380,125
2005;Schwarzau am Steinfeld <31835>;1847,75
2005;Schwarzau im Gebirge <31836>;776,5
2005;Seebenstein <31837>;1237,25
2005;Semmering <31838>;626,5
2005;Ternitz <31839>;15148,375
2005;Thomasberg <31840>;1224,75
2005;Trattenbach <31841>;561
2005;Warth <31843>;1568,75
2005;Wartmannstetten <31844>;1630,625
2005;Willendorf <31845>;838,875
2005;Wimpassing im Schwarzatale <31846>;1880,625
2005;Würflach <31847>;1535,625
2005;Zöbern <31848>;1468,625
2005;Altlengbach <31901>;2741,375
2005;Asperhofen <31902>;1884,375
2005;Böheimkirchen <31903>;4767,625
2005;Brand-Laaben <31904>;1140,375
2005;Eichgraben <31905>;3946,875
2005;Frankenfels <31906>;2197
2005;Gablitz <31949>;-
2005;Gerersdorf <31907>;895,875
2005;Hafnerbach <31910>;1607,875
2005;Haunoldstein <31911>;904,25
2005;Herzogenburg <31912>;7942,875
2005;Hofstetten-Grünau <31909>;2596,125
2005;Inzersdorf-Getzersdorf <31913>;1410,375
2005;Kapelln <31915>;1319,5
2005;Karlstetten <31916>;2063,125
2005;Kasten bei Böheimkirchen <31917>;1249,375
2005;Kirchberg an der Pielach <31918>;3134,75
2005;Kirchstetten <31919>;1898,125
2005;Loich <31920>;650,25
2005;Maria Anzbach <31921>;2669,75
2005;Markersdorf-Haindorf <31922>;1908,25
2005;Mauerbach <31950>;-
2005;Michelbach <31923>;916,125
2005;Neidling <31925>;1407,875
2005;Neulengbach <31926>;7332,125
2005;Neustift-Innermanzing <31927>;1397,375
2005;Nußdorf ob der Traisen <31928>;1579
2005;Ober-Grafendorf <31929>;4657,75
2005;Obritzberg-Rust <31930>;2276,25
2005;Pressbaum <31951>;-
2005;Prinzersdorf <31932>;1499,375
2005;Purkersdorf <31952>;-
2005;Pyhra <31934>;3375,375
2005;Rabenstein an der Pielach <31935>;2462,75
2005;St. Margarethen an der Sierning <31938>;1048
2005;Schwarzenbach an der Pielach <31939>;416,625
2005;Statzendorf <31940>;1394,625
2005;Stössing <31941>;795,5
2005;Traismauer <31943>;5808,875
2005;Tullnerbach <31953>;-
2005;Weinburg <31945>;1297,125
2005;Perschling <31946>;1312,875
2005;Wilhelmsburg <31947>;6617,375
2005;Wölbling <31948>;2545,125
2005;Wolfsgraben <31954>;-
2005;Gaming <32001>;3600,125
2005;Göstling an der Ybbs <32002>;2201,125
2005;Gresten <32003>;1967,125
2005;Gresten-Land <32004>;1536,875
2005;Lunz am See <32005>;1950,875
2005;Oberndorf an der Melk <32006>;3002
2005;Puchenstuben <32007>;342,25
2005;Purgstall an der Erlauf <32008>;5291,375
2005;Randegg <32009>;1948
2005;Reinsberg <32010>;1009,875
2005;St. Anton an der Jeßnitz <32011>;1273,75
2005;St. Georgen an der Leys <32012>;1309,5
2005;Scheibbs <32013>;4362,75
2005;Steinakirchen am Forst <32014>;2338,875
2005;Wang <32015>;1296,5
2005;Wieselburg <32016>;3556,25
2005;Wieselburg-Land <32017>;3089,125
2005;Wolfpassing <32018>;1317,875
2005;Absdorf <32101>;1767,125
2005;Atzenbrugg <32104>;2542,125
2005;Fels am Wagram <32106>;1968,375
2005;Grafenwörth <32107>;2716,625
2005;Großriedenthal <32109>;953,5
2005;Großweikersdorf <32110>;2890,75
2005;Judenau-Baumgarten <32112>;2089,25
2005;Kirchberg am Wagram <32114>;3366,375
2005;Klosterneuburg <32144>;-
2005;Königsbrunn am Wagram <32115>;1289,75
2005;Königstetten <32116>;1853,375
2005;Langenrohr <32119>;2127,375
2005;Michelhausen <32120>;2501,375
2005;Muckendorf-Wipfing <32143>;1047
2005;St. Andrä-Wördern <32142>;6934,625
2005;Sieghartskirchen <32131>;6849,5
2005;Sitzenberg-Reidling <32132>;1954,625
2005;Tulbing <32134>;2660
2005;Tulln an der Donau <32135>;14082,25
2005;Würmla <32139>;1255,5
2005;Zeiselmauer-Wolfpassing <32140>;2047,375
2005;Zwentendorf an der Donau <32141>;3705
2005;Dietmanns <32202>;1183,75
2005;Dobersberg <32203>;1733
2005;Gastern <32206>;1334,125
2005;Groß-Siegharts <32207>;2992,25
2005;Karlstein an der Thaya <32209>;1528,375
2005;Kautzen <32210>;1239,375
2005;Ludweis-Aigen <32212>;1031,25
2005;Pfaffenschlag bei Waidhofen a.d.Thaya<32214>;979,75
2005;Raabs an der Thaya <32216>;2944,625
2005;Thaya <32217>;1446,25
2005;Vitis <32219>;2610,5
2005;Waidhofen an der Thaya <32220>;5765,5
2005;Waidhofen an der Thaya-Land <32221>;1159
2005;Waldkirchen an der Thaya <32222>;614,375
2005;Windigsteig <32223>;1061,625
2005;Bad Erlach <32306>;2647,5
2005;Bad Fischau-Brunn <32301>;2792,125
2005;Bad Schönau <32302>;747,875
2005;Bromberg <32325>;1240,125
2005;Dreistetten ^<32303>;-
2005;Ebenfurth <32304>;2756,375
2005;Eggendorf <32305>;4222,375
2005;Felixdorf <32307>;4270
2005;Gutenstein <32308>;1444,5
2005;Hochneukirchen-Gschaidt <32309>;1727,875
2005;Hochwolkersdorf <32310>;1034,75
2005;Hohe Wand <32311>;1338,5
2005;Hollenthon <32312>;1051,125
2005;Katzelsdorf <32313>;2988,5
2005;Kirchschlag in der Buckligen Welt <32314>;2895
2005;Krumbach <32315>;2206,375
2005;Lanzenkirchen <32316>;3620,5
2005;Lichtenegg <32317>;1076,625
2005;Lichtenwörth <32318>;2940,125
2005;Markt Piesting <32319>;2783,875
2005;Matzendorf-Hölles <32320>;1789,375
2005;Miesenbach <32321>;707,375
2005;Muggendorf <32322>;530,875
2005;Pernitz <32323>;2533,75
2005;Rohr im Gebirge <32324>;498,25
2005;Schwarzenbach <32326>;1035
2005;Sollenau <32327>;4581
2005;Theresienfeld <32330>;2654,25
2005;Waidmannsfeld <32331>;1795,25
2005;Waldegg <32332>;1994,75
2005;Walpersbach <32333>;1041,875
2005;Weikersdorf am Steinfelde <32334>;976,125
2005;Wiesmath <32335>;1555,625
2005;Winzendorf-Muthmannsdorf <32336>;1804,75
2005;Wöllersdorf-Steinabrückl <32337>;4022,625
2005;Zillingdorf <32338>;1874,125
2005;Ebergassing ^<32401>;3518,5
2005;Fischamend ^<32402>;4425,5
2005;Gablitz ^<32403>;4345,125
2005;Gerasdorf bei Wien ^<32404>;9145,375
2005;Gramatneusiedl ^<32405>;2361,875
2005;Himberg ^<32406>;5910,75
2005;Klein-Neusiedl ^<32407>;835,25
2005;Klosterneuburg ^<32408>;24903,125
2005;Lanzendorf ^<32409>;1569
2005;Leopoldsdorf ^<32410>;4033,375
2005;Maria-Lanzendorf ^<32411>;2026,125
2005;Mauerbach ^<32412>;3531,5
2005;Moosbrunn ^<32413>;1541
2005;Pressbaum ^<32415>;6012,875
2005;Purkersdorf ^<32416>;8169,375
2005;Rauchenwarth ^<32417>;630,875
2005;Schwadorf ^<32418>;1849,375
2005;Schwechat ^<32419>;15873,75
2005;Tullnerbach ^<32421>;2471,875
2005;Wienerherberg ^<32422>;-
2005;Wolfsgraben ^<32423>;1514,25
2005;Zwölfaxing ^<32424>;1479
2005;Allentsteig <32501>;2068,75
2005;Altmelon <32519>;905,25
2005;Arbesbach <32502>;1768,75
2005;Bad Traunstein <32528>;1059,125
2005;Bärnkopf <32503>;380,75
2005;Echsenbach <32504>;1237,5
2005;Göpfritz an der Wild <32505>;1797,125
2005;Grafenschlag <32506>;884,875
2005;Groß Gerungs <32508>;4740,375
2005;Großgöttfritz <32509>;1469,875
2005;Gutenbrunn <32511>;594,875
2005;Kirchschlag <32514>;703,875
2005;Kottes-Purk <32515>;1609,375
2005;Langschlag <32516>;1846,875
2005;Martinsberg <32517>;1187,375
2005;Ottenschlag <32518>;1057,5
2005;Pölla <32520>;1002
2005;Rappottenstein <32521>;1766,625
2005;Sallingberg <32522>;1425,75
2005;Schönbach <32523>;898,75
2005;Schwarzenau <32524>;1509,75
2005;Schweiggers <32525>;2029,25
2005;Waldhausen <32529>;1304,375
2005;Zwettl-Niederösterreich <32530>;11514,5
2006;Krems an der Donau <30101>;23894,375
2006;St. Pölten <30201>;51250,25
2006;Waidhofen an der Ybbs <30301>;11699,875
2006;Wiener Neustadt <30401>;39580,5
2006;Altenburg <31101>;840,125
2006;Brunn an der Wild <31102>;844,75
2006;Burgschleinitz-Kühnring <31103>;1411,75
2006;Drosendorf-Zissersdorf <31104>;1261,25
2006;Eggenburg <31105>;3532,375
2006;Gars am Kamp <31106>;3569,875
2006;Geras <31107>;1393,625
2006;Horn <31109>;6372
2006;Irnfritz-Messern <31110>;1430,625
2006;Japons <31111>;779,125
2006;Langau <31113>;722
2006;Meiseldorf <31114>;958
2006;Pernegg <31117>;699,625
2006;Röhrenbach <31119>;583,25
2006;Röschitz <31120>;1055
2006;Rosenburg-Mold <31121>;916,25
2006;St. Bernhard-Frauenhofen <31123>;1283,625
2006;Sigmundsherberg <31124>;1783
2006;Straning-Grafenberg <31130>;764,5
2006;Weitersfeld <31129>;1653,625
2006;Bisamberg <31201>;4118,125
2006;Enzersfeld im Weinviertel <31202>;1488,625
2006;Ernstbrunn <31203>;3014,5
2006;Gerasdorf bei Wien <31235>;-
2006;Großmugl <31204>;1542,25
2006;Großrußbach <31205>;2042,25
2006;Hagenbrunn <31206>;1858,375
2006;Harmannsdorf <31207>;3679,5
2006;Hausleiten <31208>;3383,5
2006;Korneuburg <31213>;11703,875
2006;Langenzersdorf <31214>;7657,875
2006;Leitzersdorf <31215>;1210,5
2006;Leobendorf <31216>;4661,5
2006;Niederhollabrunn <31234>;1612,125
2006;Oberzögersdorf ^<31223>;-
2006;Rußbach <31224>;1376,25
2006;Sierndorf <31226>;3413,375
2006;Spillern <31227>;1906,875
2006;Stetteldorf am Wagram <31228>;1002,5
2006;Stetten <31229>;1184,25
2006;Stockerau <31230>;15021,375
2006;Würnitz ^<31233>;-
2006;Aggsbach <31301>;677,625
2006;Albrechtsberg an der Großen Krems <31302>;1089,625
2006;Bergern im Dunkelsteinerwald <31303>;1219,25
2006;Droß <31356>;859,625
2006;Dürnstein <31304>;909,875
2006;Furth bei Göttweig <31309>;2745,875
2006;Gedersdorf <31310>;2107
2006;Gföhl <31311>;3738,875
2006;Grafenegg <31308>;2916,375
2006;Gut am Steg ^<31314>;-
2006;Hadersdorf-Kammern <31315>;1937,75
2006;Imbach ^<31318>;-
2006;Jaidhof <31319>;1129,5
2006;Krumau am Kamp <31321>;776,625
2006;Langenlois <31322>;7141,125
2006;Lengenfeld <31323>;1433
2006;Lichtenau im Waldviertel <31324>;2037,75
2006;Maria Laach am Jauerling <31326>;945,5
2006;Mautern an der Donau <31327>;3335,75
2006;Mühldorf <31330>;1425,5
2006;Paudorf <31333>;2410,625
2006;Rastenfeld <31336>;1365,625
2006;Rohrendorf bei Krems <31337>;1768,25
2006;Rossatz-Arnsdorf <31338>;1160
2006;St. Leonhard am Hornerwald <31340>;1192,75
2006;Schönberg am Kamp <31355>;1795
2006;Senftenberg <31343>;1917,75
2006;Spitz <31344>;1704,25
2006;Straß im Straßertale <31346>;1520
2006;Stratzing <31347>;814,625
2006;Weinzierl am Walde <31350>;1298,5
2006;Weißenkirchen in der Wachau <31351>;1410,25
2006;Annaberg <31401>;646
2006;Eschenau <31402>;1310,5
2006;Hainfeld <31403>;3830,875
2006;Hohenberg <31404>;1575
2006;Kaumberg <31405>;1004,5
2006;Kleinzell <31406>;867,875
2006;Lilienfeld <31407>;2992,75
2006;Mitterbach am Erlaufsee <31408>;589,75
2006;Ramsau <31409>;846,375
2006;Rohrbach an der Gölsen <31410>;1574,875
2006;St. Aegyd am Neuwalde <31411>;2188,125
2006;St. Veit an der Gölsen <31412>;3904
2006;Traisen <31413>;3703,375
2006;Türnitz <31414>;2006,375
2006;Artstetten-Pöbring <31502>;1177,125
2006;Bergland <31503>;1812,625
2006;Bischofstetten <31504>;1157,875
2006;Blindenmarkt <31505>;2443
2006;Dorfstetten <31506>;617,25
2006;Dunkelsteinerwald <31507>;2335,875
2006;Emmersdorf an der Donau <31553>;1750,125
2006;Erlauf <31508>;1126,875
2006;Golling an der Erlauf <31509>;1519,875
2006;Hofamt Priel <31511>;1647,75
2006;Hürm <31513>;1680,125
2006;Kilb <31514>;2518,25
2006;Kirnberg an der Mank <31515>;998,875
2006;Klein-Pöchlarn <31516>;966,875
2006;Krummnußbaum <31517>;1437
2006;Leiben <31519>;1353,875
2006;Loosdorf <31520>;3625,625
2006;Mank <31521>;2971,125
2006;Marbach an der Donau <31522>;1651,875
2006;Maria Taferl <31523>;852,75
2006;Melk <31524>;5252,75
2006;Münichreith-Laimbach <31525>;1730
2006;Neumarkt an der Ybbs <31527>;1814,5
2006;Nöchling <31528>;996,5
2006;Persenbeug-Gottsdorf <31530>;2225,875
2006;Petzenkirchen <31531>;1329,5
2006;Pöchlarn <31533>;3829,375
2006;Pöggstall <31534>;2513,75
2006;Raxendorf <31535>;1073,375
2006;Ritzengrub ^<31536>;-
2006;Ruprechtshofen <31537>;2240,25
2006;St. Leonhard am Forst <31539>;2997,375
2006;St. Martin-Karlsbach <31540>;1657,875
2006;St. Oswald <31541>;1130,25
2006;Schollach <31543>;944,5
2006;Schönbühel-Aggsbach <31542>;1039,75
2006;Texingtal <31551>;1618,375
2006;Weiten <31546>;1122,75
2006;Ybbs an der Donau <31549>;5745,125
2006;Yspertal <31552>;1866,75
2006;Zelking-Matzleinsdorf <31550>;1231,375
2006;Altlichtenwarth <31601>;778,375
2006;Asparn an der Zaya <31603>;1752,125
2006;Bernhardsthal <31604>;1635,25
2006;Bockfließ <31605>;1361,625
2006;Drasenhofen <31606>;1135,125
2006;Falkenstein <31608>;464
2006;Fallbach <31609>;832,625
2006;Gartenbrunn ^<31657>;-
2006;Gaubitsch <31611>;907,5
2006;Gaweinstal <31612>;3672,5
2006;Gnadendorf <31613>;1176,625
2006;Großebersdorf <31614>;2226,125
2006;Großengersdorf <31615>;1438,75
2006;Großharras <31616>;1177,875
2006;Großkrut <31617>;1609,375
2006;Hausbrunn <31620>;857,75
2006;Herrnbaumgarten <31621>;974,875
2006;Hochleithen <31622>;1139,25
2006;Kreuttal <31627>;1384,625
2006;Kreuzstetten <31628>;1525,375
2006;Laa an der Thaya <31629>;6150,25
2006;Ladendorf <31630>;2199,125
2006;Mistelbach <31633>;11010,25
2006;Neudorf im Weinviertel <31634>;1383,75
2006;Niederleis <31636>;822
2006;Ottenthal <31658>;613,375
2006;Pillichsdorf <31642>;1079,25
2006;Poysdorf <31644>;5517,75
2006;Rabensburg <31645>;1121,75
2006;Schrattenberg <31646>;833,75
2006;Staatz <31649>;2021,375
2006;Stronsdorf <31650>;1666,125
2006;Ulrichskirchen-Schleinbach <31651>;2464,125
2006;Unterstinkenbrunn <31652>;576,375
2006;Wildendürnbach <31653>;1567,75
2006;Wilfersdorf <31654>;2015
2006;Wolkersdorf im Weinviertel <31655>;6504
2006;Achau <31701>;1172,625
2006;Biedermannsdorf <31702>;2912,375
2006;Breitenfurt bei Wien <31703>;5624,5
2006;Brunn am Gebirge <31704>;10502,375
2006;Gaaden <31706>;1599,375
2006;Gießhübl <31707>;1932,75
2006;Gumpoldskirchen <31709>;3331,125
2006;Guntramsdorf <31710>;8749,25
2006;Hennersdorf <31711>;1454,25
2006;Hinterbrühl <31712>;4044,25
2006;Kaltenleutgeben <31713>;3167,125
2006;Laab im Walde <31714>;1180,875
2006;Laxenburg <31715>;2700,25
2006;Maria Enzersdorf <31716>;8561,375
2006;Mödling <31717>;20651,75
2006;Münchendorf <31718>;2318,75
2006;Perchtoldsdorf <31719>;14431,375
2006;Vösendorf <31723>;5660
2006;Wiener Neudorf <31725>;8835,25
2006;Wienerwald <31726>;2460,25
2006;Altendorf <31801>;306,625
2006;Aspangberg-St. Peter <31803>;2042,25
2006;Aspang-Markt <31802>;1893,75
2006;Breitenau <31804>;1314,125
2006;Breitenstein <31805>;359,75
2006;Buchbach <31806>;344,625
2006;Bürg-Vöstenhof <31842>;165
2006;Edlitz <31807>;971,625
2006;Enzenreith <31808>;1992,5
2006;Feistritz am Wechsel <31809>;1118,25
2006;Gloggnitz <31810>;5990,75
2006;Grafenbach-St. Valentin <31811>;2319,875
2006;Grimmenstein <31812>;1364,625
2006;Grünbach am Schneeberg <31813>;1803,375
2006;Höflein an der Hohen Wand <31849>;825,5
2006;Kirchberg am Wechsel <31814>;2460
2006;Mönichkirchen <31815>;612,25
2006;Natschbach-Loipersbach <31817>;1651,75
2006;Neunkirchen <31818>;12087,5
2006;Otterthal <31820>;574,75
2006;Payerbach <31821>;2262,5
2006;Pitten <31823>;2365,625
2006;Pottschach ^<31824>;-
2006;Prigglitz <31825>;501,875
2006;Puchberg am Schneeberg <31826>;2698,625
2006;Raach am Hochgebirge <31827>;297,125
2006;Raglitz ^<31828>;-
2006;Reichenau an der Rax <31829>;2837,75
2006;St. Corona am Wechsel <31830>;375,375
2006;St. Egyden am Steinfeld <31831>;1818,125
2006;Scheiblingkirchen-Thernberg <31832>;1884,875
2006;Schottwien <31833>;725,875
2006;Schrattenbach <31834>;369,375
2006;Schwarzau am Steinfeld <31835>;1853
2006;Schwarzau im Gebirge <31836>;767,125
2006;Seebenstein <31837>;1245,125
2006;Semmering <31838>;613,125
2006;Ternitz <31839>;15109,25
2006;Thomasberg <31840>;1236,75
2006;Trattenbach <31841>;567,75
2006;Warth <31843>;1566,5
2006;Wartmannstetten <31844>;1627
2006;Willendorf <31845>;847,75
2006;Wimpassing im Schwarzatale <31846>;1873,25
2006;Würflach <31847>;1541,125
2006;Zöbern <31848>;1463,75
2006;Altlengbach <31901>;2732,875
2006;Asperhofen <31902>;1867,25
2006;Böheimkirchen <31903>;4840,375
2006;Brand-Laaben <31904>;1150,75
2006;Eichgraben <31905>;3991,625
2006;Frankenfels <31906>;2156,25
2006;Gablitz <31949>;-
2006;Gerersdorf <31907>;893,875
2006;Hafnerbach <31910>;1634,125
2006;Haunoldstein <31911>;900,625
2006;Herzogenburg <31912>;8004,125
2006;Hofstetten-Grünau <31909>;2625
2006;Inzersdorf-Getzersdorf <31913>;1416,5
2006;Kapelln <31915>;1335,5
2006;Karlstetten <31916>;2050,25
2006;Kasten bei Böheimkirchen <31917>;1254,375
2006;Kirchberg an der Pielach <31918>;3144,375
2006;Kirchstetten <31919>;1915,125
2006;Loich <31920>;636,125
2006;Maria Anzbach <31921>;2705,875
2006;Markersdorf-Haindorf <31922>;1919,75
2006;Mauerbach <31950>;-
2006;Michelbach <31923>;901,875
2006;Neidling <31925>;1405,25
2006;Neulengbach <31926>;7423,75
2006;Neustift-Innermanzing <31927>;1416,25
2006;Nußdorf ob der Traisen <31928>;1593,25
2006;Ober-Grafendorf <31929>;4621,875
2006;Obritzberg-Rust <31930>;2278,25
2006;Pressbaum <31951>;-
2006;Prinzersdorf <31932>;1507,75
2006;Purkersdorf <31952>;-
2006;Pyhra <31934>;3366,375
2006;Rabenstein an der Pielach <31935>;2451,875
2006;St. Margarethen an der Sierning <31938>;1032
2006;Schwarzenbach an der Pielach <31939>;415,375
2006;Statzendorf <31940>;1412,875
2006;Stössing <31941>;793,375
2006;Traismauer <31943>;5858,875
2006;Tullnerbach <31953>;-
2006;Weinburg <31945>;1304,125
2006;Perschling <31946>;1327
2006;Wilhelmsburg <31947>;6636,625
2006;Wölbling <31948>;2548,5
2006;Wolfsgraben <31954>;-
2006;Gaming <32001>;3572,5
2006;Göstling an der Ybbs <32002>;2191,625
2006;Gresten <32003>;1977,5
2006;Gresten-Land <32004>;1528,75
2006;Lunz am See <32005>;1938,625
2006;Oberndorf an der Melk <32006>;2989,125
2006;Puchenstuben <32007>;335,25
2006;Purgstall an der Erlauf <32008>;5312
2006;Randegg <32009>;1947,875
2006;Reinsberg <32010>;1022,5
2006;St. Anton an der Jeßnitz <32011>;1262,5
2006;St. Georgen an der Leys <32012>;1322,25
2006;Scheibbs <32013>;4314
2006;Steinakirchen am Forst <32014>;2308,5
2006;Wang <32015>;1301,5
2006;Wieselburg <32016>;3651,125
2006;Wieselburg-Land <32017>;3096,25
2006;Wolfpassing <32018>;1345,5
2006;Absdorf <32101>;1769,75
2006;Atzenbrugg <32104>;2554,75
2006;Fels am Wagram <32106>;1994,125
2006;Grafenwörth <32107>;2814,875
2006;Großriedenthal <32109>;963
2006;Großweikersdorf <32110>;2923,125
2006;Judenau-Baumgarten <32112>;2114,875
2006;Kirchberg am Wagram <32114>;3393
2006;Klosterneuburg <32144>;-
2006;Königsbrunn am Wagram <32115>;1296,875
2006;Königstetten <32116>;1878,875
2006;Langenrohr <32119>;2159,75
2006;Michelhausen <32120>;2541,25
2006;Muckendorf-Wipfing <32143>;1102,125
2006;St. Andrä-Wördern <32142>;7070,875
2006;Sieghartskirchen <32131>;6866,125
2006;Sitzenberg-Reidling <32132>;1970
2006;Tulbing <32134>;2723,75
2006;Tulln an der Donau <32135>;14173,5
2006;Würmla <32139>;1243,75
2006;Zeiselmauer-Wolfpassing <32140>;2111
2006;Zwentendorf an der Donau <32141>;3735,375
2006;Dietmanns <32202>;1161,5
2006;Dobersberg <32203>;1725,25
2006;Gastern <32206>;1312,125
2006;Groß-Siegharts <32207>;2957,75
2006;Karlstein an der Thaya <32209>;1525,125
2006;Kautzen <32210>;1230,875
2006;Ludweis-Aigen <32212>;1025,625
2006;Pfaffenschlag bei Waidhofen a.d.Thaya<32214>;982,375
2006;Raabs an der Thaya <32216>;2918,75
2006;Thaya <32217>;1451,875
2006;Vitis <32219>;2615,25
2006;Waidhofen an der Thaya <32220>;5781,875
2006;Waidhofen an der Thaya-Land <32221>;1169,5
2006;Waldkirchen an der Thaya <32222>;603,625
2006;Windigsteig <32223>;1060,625
2006;Bad Erlach <32306>;2700,375
2006;Bad Fischau-Brunn <32301>;2784,5
2006;Bad Schönau <32302>;749
2006;Bromberg <32325>;1252,25
2006;Dreistetten ^<32303>;-
2006;Ebenfurth <32304>;2808,5
2006;Eggendorf <32305>;4247,5
2006;Felixdorf <32307>;4298,25
2006;Gutenstein <32308>;1417,25
2006;Hochneukirchen-Gschaidt <32309>;1722,875
2006;Hochwolkersdorf <32310>;1036,875
2006;Hohe Wand <32311>;1338,125
2006;Hollenthon <32312>;1067,75
2006;Katzelsdorf <32313>;3030,375
2006;Kirchschlag in der Buckligen Welt <32314>;2875
2006;Krumbach <32315>;2225,75
2006;Lanzenkirchen <32316>;3638,5
2006;Lichtenegg <32317>;1076,75
2006;Lichtenwörth <32318>;2950,75
2006;Markt Piesting <32319>;2811,75
2006;Matzendorf-Hölles <32320>;1816,625
2006;Miesenbach <32321>;709
2006;Muggendorf <32322>;524,125
2006;Pernitz <32323>;2557
2006;Rohr im Gebirge <32324>;497,625
2006;Schwarzenbach <32326>;1043,25
2006;Sollenau <32327>;4589,375
2006;Theresienfeld <32330>;2723,25
2006;Waidmannsfeld <32331>;1780,25
2006;Waldegg <32332>;1999,875
2006;Walpersbach <32333>;1050,5
2006;Weikersdorf am Steinfelde <32334>;1017,625
2006;Wiesmath <32335>;1562,625
2006;Winzendorf-Muthmannsdorf <32336>;1805,5
2006;Wöllersdorf-Steinabrückl <32337>;4042,375
2006;Zillingdorf <32338>;1894,875
2006;Ebergassing ^<32401>;3583
2006;Fischamend ^<32402>;4500
2006;Gablitz ^<32403>;4385,875
2006;Gerasdorf bei Wien ^<32404>;9280,75
2006;Gramatneusiedl ^<32405>;2512,625
2006;Himberg ^<32406>;6046
2006;Klein-Neusiedl ^<32407>;826,625
2006;Klosterneuburg ^<32408>;25081
2006;Lanzendorf ^<32409>;1600,5
2006;Leopoldsdorf ^<32410>;4092,375
2006;Maria-Lanzendorf ^<32411>;2053,75
2006;Mauerbach ^<32412>;3574
2006;Moosbrunn ^<32413>;1561
2006;Pressbaum ^<32415>;6161,625
2006;Purkersdorf ^<32416>;8529,125
2006;Rauchenwarth ^<32417>;639
2006;Schwadorf ^<32418>;1861,875
2006;Schwechat ^<32419>;15984,5
2006;Tullnerbach ^<32421>;2493,125
2006;Wienerherberg ^<32422>;-
2006;Wolfsgraben ^<32423>;1538,25
2006;Zwölfaxing ^<32424>;1503,25
2006;Allentsteig <32501>;2051,625
2006;Altmelon <32519>;895,5
2006;Arbesbach <32502>;1753,75
2006;Bad Traunstein <32528>;1044,625
2006;Bärnkopf <32503>;377,625
2006;Echsenbach <32504>;1237,625
2006;Göpfritz an der Wild <32505>;1801,375
2006;Grafenschlag <32506>;877,75
2006;Groß Gerungs <32508>;4742,75
2006;Großgöttfritz <32509>;1457,375
2006;Gutenbrunn <32511>;585,25
2006;Kirchschlag <32514>;698,5
2006;Kottes-Purk <32515>;1615,25
2006;Langschlag <32516>;1828,625
2006;Martinsberg <32517>;1176,375
2006;Ottenschlag <32518>;1033,125
2006;Pölla <32520>;1000,625
2006;Rappottenstein <32521>;1758,5
2006;Sallingberg <32522>;1402,875
2006;Schönbach <32523>;899,5
2006;Schwarzenau <32524>;1503,375
2006;Schweiggers <32525>;2025,75
2006;Waldhausen <32529>;1306,875
2006;Zwettl-Niederösterreich <32530>;11496,375
2007;Krems an der Donau <30101>;23899,625
2007;St. Pölten <30201>;51424,375
2007;Waidhofen an der Ybbs <30301>;11619,125
2007;Wiener Neustadt <30401>;39924,375
2007;Altenburg <31101>;832,125
2007;Brunn an der Wild <31102>;843
2007;Burgschleinitz-Kühnring <31103>;1395,375
2007;Drosendorf-Zissersdorf <31104>;1253
2007;Eggenburg <31105>;3549,875
2007;Gars am Kamp <31106>;3530,25
2007;Geras <31107>;1384,75
2007;Horn <31109>;6406,5
2007;Irnfritz-Messern <31110>;1424,5
2007;Japons <31111>;767,875
2007;Langau <31113>;715,125
2007;Meiseldorf <31114>;962,125
2007;Pernegg <31117>;698,75
2007;Röhrenbach <31119>;585,875
2007;Röschitz <31120>;1052,125
2007;Rosenburg-Mold <31121>;913,25
2007;St. Bernhard-Frauenhofen <31123>;1277,875
2007;Sigmundsherberg <31124>;1749,75
2007;Straning-Grafenberg <31130>;758,25
2007;Weitersfeld <31129>;1660
2007;Bisamberg <31201>;4177,25
2007;Enzersfeld im Weinviertel <31202>;1525,625
2007;Ernstbrunn <31203>;3039,125
2007;Gerasdorf bei Wien <31235>;-
2007;Großmugl <31204>;1544,375
2007;Großrußbach <31205>;2098,125
2007;Hagenbrunn <31206>;1922,25
2007;Harmannsdorf <31207>;3730
2007;Hausleiten <31208>;3470,5
2007;Korneuburg <31213>;11725,5
2007;Langenzersdorf <31214>;7730,5
2007;Leitzersdorf <31215>;1237,25
2007;Leobendorf <31216>;4703,25
2007;Niederhollabrunn <31234>;1615,625
2007;Oberzögersdorf ^<31223>;-
2007;Rußbach <31224>;1370,625
2007;Sierndorf <31226>;3492,375
2007;Spillern <31227>;1919,625
2007;Stetteldorf am Wagram <31228>;1004
2007;Stetten <31229>;1201,25
2007;Stockerau <31230>;15217,5
2007;Würnitz ^<31233>;-
2007;Aggsbach <31301>;674,625
2007;Albrechtsberg an der Großen Krems <31302>;1086,125
2007;Bergern im Dunkelsteinerwald <31303>;1217
2007;Droß <31356>;861,375
2007;Dürnstein <31304>;896,5
2007;Furth bei Göttweig <31309>;2769,875
2007;Gedersdorf <31310>;2124,5
2007;Gföhl <31311>;3739,5
2007;Grafenegg <31308>;2921,5
2007;Gut am Steg ^<31314>;-
2007;Hadersdorf-Kammern <31315>;1947,125
2007;Imbach ^<31318>;-
2007;Jaidhof <31319>;1135,25
2007;Krumau am Kamp <31321>;770,75
2007;Langenlois <31322>;7184,875
2007;Lengenfeld <31323>;1443,875
2007;Lichtenau im Waldviertel <31324>;2046,75
2007;Maria Laach am Jauerling <31326>;941,25
2007;Mautern an der Donau <31327>;3393,875
2007;Mühldorf <31330>;1413,625
2007;Paudorf <31333>;2438,375
2007;Rastenfeld <31336>;1391,375
2007;Rohrendorf bei Krems <31337>;1807,375
2007;Rossatz-Arnsdorf <31338>;1134,75
2007;St. Leonhard am Hornerwald <31340>;1193,125
2007;Schönberg am Kamp <31355>;1814,625
2007;Senftenberg <31343>;1919
2007;Spitz <31344>;1685,125
2007;Straß im Straßertale <31346>;1535,625
2007;Stratzing <31347>;811,5
2007;Weinzierl am Walde <31350>;1295,25
2007;Weißenkirchen in der Wachau <31351>;1418,75
2007;Annaberg <31401>;605,375
2007;Eschenau <31402>;1338,75
2007;Hainfeld <31403>;3768
2007;Hohenberg <31404>;1585,625
2007;Kaumberg <31405>;1001
2007;Kleinzell <31406>;871,625
2007;Lilienfeld <31407>;2997
2007;Mitterbach am Erlaufsee <31408>;584,625
2007;Ramsau <31409>;843,875
2007;Rohrbach an der Gölsen <31410>;1618,25
2007;St. Aegyd am Neuwalde <31411>;2166,875
2007;St. Veit an der Gölsen <31412>;3903,875
2007;Traisen <31413>;3662,5
2007;Türnitz <31414>;1990,625
2007;Artstetten-Pöbring <31502>;1160,125
2007;Bergland <31503>;1825,875
2007;Bischofstetten <31504>;1159,375
2007;Blindenmarkt <31505>;2469
2007;Dorfstetten <31506>;619,25
2007;Dunkelsteinerwald <31507>;2367,5
2007;Emmersdorf an der Donau <31553>;1742,75
2007;Erlauf <31508>;1131,875
2007;Golling an der Erlauf <31509>;1525
2007;Hofamt Priel <31511>;1652,875
2007;Hürm <31513>;1677
2007;Kilb <31514>;2534,25
2007;Kirnberg an der Mank <31515>;995,625
2007;Klein-Pöchlarn <31516>;968,25
2007;Krummnußbaum <31517>;1446,5
2007;Leiben <31519>;1356,625
2007;Loosdorf <31520>;3607,375
2007;Mank <31521>;3017,5
2007;Marbach an der Donau <31522>;1632,125
2007;Maria Taferl <31523>;843,375
2007;Melk <31524>;5243,5
2007;Münichreith-Laimbach <31525>;1738,375
2007;Neumarkt an der Ybbs <31527>;1827,875
2007;Nöchling <31528>;1007,625
2007;Persenbeug-Gottsdorf <31530>;2235,125
2007;Petzenkirchen <31531>;1334
2007;Pöchlarn <31533>;3904,875
2007;Pöggstall <31534>;2509,375
2007;Raxendorf <31535>;1082,25
2007;Ritzengrub ^<31536>;-
2007;Ruprechtshofen <31537>;2265,5
2007;St. Leonhard am Forst <31539>;2979,5
2007;St. Martin-Karlsbach <31540>;1669,25
2007;St. Oswald <31541>;1131,625
2007;Schollach <31543>;932,375
2007;Schönbühel-Aggsbach <31542>;1046,875
2007;Texingtal <31551>;1605,375
2007;Weiten <31546>;1137,75
2007;Ybbs an der Donau <31549>;5704,375
2007;Yspertal <31552>;1878,875
2007;Zelking-Matzleinsdorf <31550>;1241
2007;Altlichtenwarth <31601>;778,5
2007;Asparn an der Zaya <31603>;1753,625
2007;Bernhardsthal <31604>;1642
2007;Bockfließ <31605>;1359,625
2007;Drasenhofen <31606>;1124
2007;Falkenstein <31608>;470,5
2007;Fallbach <31609>;830,875
2007;Gartenbrunn ^<31657>;-
2007;Gaubitsch <31611>;908
2007;Gaweinstal <31612>;3697,375
2007;Gnadendorf <31613>;1170,75
2007;Großebersdorf <31614>;2253,375
2007;Großengersdorf <31615>;1449
2007;Großharras <31616>;1172,375
2007;Großkrut <31617>;1590,5
2007;Hausbrunn <31620>;852,625
2007;Herrnbaumgarten <31621>;960,875
2007;Hochleithen <31622>;1141,125
2007;Kreuttal <31627>;1407,125
2007;Kreuzstetten <31628>;1535,875
2007;Laa an der Thaya <31629>;6179,125
2007;Ladendorf <31630>;2213,875
2007;Mistelbach <31633>;11013,875
2007;Neudorf im Weinviertel <31634>;1393,5
2007;Niederleis <31636>;829,25
2007;Ottenthal <31658>;610
2007;Pillichsdorf <31642>;1119,125
2007;Poysdorf <31644>;5507,875
2007;Rabensburg <31645>;1122
2007;Schrattenberg <31646>;849
2007;Staatz <31649>;2036,125
2007;Stronsdorf <31650>;1664,25
2007;Ulrichskirchen-Schleinbach <31651>;2491,75
2007;Unterstinkenbrunn <31652>;573,25
2007;Wildendürnbach <31653>;1558,5
2007;Wilfersdorf <31654>;2036,875
2007;Wolkersdorf im Weinviertel <31655>;6579,375
2007;Achau <31701>;1162
2007;Biedermannsdorf <31702>;2917,25
2007;Breitenfurt bei Wien <31703>;5715,25
2007;Brunn am Gebirge <31704>;10661,25
2007;Gaaden <31706>;1603,875
2007;Gießhübl <31707>;1987,625
2007;Gumpoldskirchen <31709>;3412,125
2007;Guntramsdorf <31710>;8831,5
2007;Hennersdorf <31711>;1468,875
2007;Hinterbrühl <31712>;4042,625
2007;Kaltenleutgeben <31713>;3234,25
2007;Laab im Walde <31714>;1189
2007;Laxenburg <31715>;2702,625
2007;Maria Enzersdorf <31716>;8663,875
2007;Mödling <31717>;20608,5
2007;Münchendorf <31718>;2321,25
2007;Perchtoldsdorf <31719>;14472,625
2007;Vösendorf <31723>;5800,25
2007;Wiener Neudorf <31725>;8821,75
2007;Wienerwald <31726>;2479,375
2007;Altendorf <31801>;302,25
2007;Aspangberg-St. Peter <31803>;2005,25
2007;Aspang-Markt <31802>;1874,75
2007;Breitenau <31804>;1334,75
2007;Breitenstein <31805>;355,25
2007;Buchbach <31806>;348,25
2007;Bürg-Vöstenhof <31842>;162,125
2007;Edlitz <31807>;961,25
2007;Enzenreith <31808>;1951,375
2007;Feistritz am Wechsel <31809>;1113,25
2007;Gloggnitz <31810>;6021,5
2007;Grafenbach-St. Valentin <31811>;2322,75
2007;Grimmenstein <31812>;1361,125
2007;Grünbach am Schneeberg <31813>;1793,75
2007;Höflein an der Hohen Wand <31849>;838,5
2007;Kirchberg am Wechsel <31814>;2444,25
2007;Mönichkirchen <31815>;607,375
2007;Natschbach-Loipersbach <31817>;1706,375
2007;Neunkirchen <31818>;12172,125
2007;Otterthal <31820>;584,625
2007;Payerbach <31821>;2248
2007;Pitten <31823>;2353,125
2007;Pottschach ^<31824>;-
2007;Prigglitz <31825>;499,125
2007;Puchberg am Schneeberg <31826>;2676,75
2007;Raach am Hochgebirge <31827>;301,375
2007;Raglitz ^<31828>;-
2007;Reichenau an der Rax <31829>;2789,375
2007;St. Corona am Wechsel <31830>;364,875
2007;St. Egyden am Steinfeld <31831>;1840,5
2007;Scheiblingkirchen-Thernberg <31832>;1881,75
2007;Schottwien <31833>;700,125
2007;Schrattenbach <31834>;352,625
2007;Schwarzau am Steinfeld <31835>;1848
2007;Schwarzau im Gebirge <31836>;745,5
2007;Seebenstein <31837>;1268,75
2007;Semmering <31838>;601
2007;Ternitz <31839>;15046,5
2007;Thomasberg <31840>;1236,125
2007;Trattenbach <31841>;569,125
2007;Warth <31843>;1558,125
2007;Wartmannstetten <31844>;1613,625
2007;Willendorf <31845>;880
2007;Wimpassing im Schwarzatale <31846>;1853,375
2007;Würflach <31847>;1523,25
2007;Zöbern <31848>;1458,375
2007;Altlengbach <31901>;2721,75
2007;Asperhofen <31902>;1896,375
2007;Böheimkirchen <31903>;4908,875
2007;Brand-Laaben <31904>;1157,375
2007;Eichgraben <31905>;4071
2007;Frankenfels <31906>;2105,125
2007;Gablitz <31949>;-
2007;Gerersdorf <31907>;894,25
2007;Hafnerbach <31910>;1645,25
2007;Haunoldstein <31911>;925,25
2007;Herzogenburg <31912>;7963,25
2007;Hofstetten-Grünau <31909>;2626,875
2007;Inzersdorf-Getzersdorf <31913>;1423
2007;Kapelln <31915>;1354,75
2007;Karlstetten <31916>;2058
2007;Kasten bei Böheimkirchen <31917>;1275,75
2007;Kirchberg an der Pielach <31918>;3148,125
2007;Kirchstetten <31919>;1932,625
2007;Loich <31920>;635,75
2007;Maria Anzbach <31921>;2731,875
2007;Markersdorf-Haindorf <31922>;1923,875
2007;Mauerbach <31950>;-
2007;Michelbach <31923>;891,625
2007;Neidling <31925>;1407,125
2007;Neulengbach <31926>;7504,875
2007;Neustift-Innermanzing <31927>;1428,5
2007;Nußdorf ob der Traisen <31928>;1613,875
2007;Ober-Grafendorf <31929>;4592,375
2007;Obritzberg-Rust <31930>;2273
2007;Pressbaum <31951>;-
2007;Prinzersdorf <31932>;1490,875
2007;Purkersdorf <31952>;-
2007;Pyhra <31934>;3354,625
2007;Rabenstein an der Pielach <31935>;2449,375
2007;St. Margarethen an der Sierning <31938>;1026,625
2007;Schwarzenbach an der Pielach <31939>;421,125
2007;Statzendorf <31940>;1415,375
2007;Stössing <31941>;773
2007;Traismauer <31943>;5950,125
2007;Tullnerbach <31953>;-
2007;Weinburg <31945>;1306,625
2007;Perschling <31946>;1328,125
2007;Wilhelmsburg <31947>;6601
2007;Wölbling <31948>;2516,5
2007;Wolfsgraben <31954>;-
2007;Gaming <32001>;3546,75
2007;Göstling an der Ybbs <32002>;2177,875
2007;Gresten <32003>;1985
2007;Gresten-Land <32004>;1518,75
2007;Lunz am See <32005>;1907,75
2007;Oberndorf an der Melk <32006>;2980,75
2007;Puchenstuben <32007>;326,375
2007;Purgstall an der Erlauf <32008>;5333,125
2007;Randegg <32009>;1953,125
2007;Reinsberg <32010>;1025,75
2007;St. Anton an der Jeßnitz <32011>;1248,875
2007;St. Georgen an der Leys <32012>;1318,5
2007;Scheibbs <32013>;4273,5
2007;Steinakirchen am Forst <32014>;2292
2007;Wang <32015>;1317,75
2007;Wieselburg <32016>;3697,125
2007;Wieselburg-Land <32017>;3108,375
2007;Wolfpassing <32018>;1363,125
2007;Absdorf <32101>;1797,875
2007;Atzenbrugg <32104>;2586,75
2007;Fels am Wagram <32106>;2023,5
2007;Grafenwörth <32107>;2904,625
2007;Großriedenthal <32109>;962,75
2007;Großweikersdorf <32110>;2970
2007;Judenau-Baumgarten <32112>;2165,5
2007;Kirchberg am Wagram <32114>;3411
2007;Klosterneuburg <32144>;-
2007;Königsbrunn am Wagram <32115>;1295,875
2007;Königstetten <32116>;1948,125
2007;Langenrohr <32119>;2223,625
2007;Michelhausen <32120>;2568,875
2007;Muckendorf-Wipfing <32143>;1185,25
2007;St. Andrä-Wördern <32142>;7228,75
2007;Sieghartskirchen <32131>;6920,625
2007;Sitzenberg-Reidling <32132>;1978,875
2007;Tulbing <32134>;2746,25
2007;Tulln an der Donau <32135>;14297,625
2007;Würmla <32139>;1238,5
2007;Zeiselmauer-Wolfpassing <32140>;2147,75
2007;Zwentendorf an der Donau <32141>;3773,375
2007;Dietmanns <32202>;1147,375
2007;Dobersberg <32203>;1726,25
2007;Gastern <32206>;1302,125
2007;Groß-Siegharts <32207>;2921,5
2007;Karlstein an der Thaya <32209>;1528,875
2007;Kautzen <32210>;1222,75
2007;Ludweis-Aigen <32212>;1018,75
2007;Pfaffenschlag bei Waidhofen a.d.Thaya<32214>;995,125
2007;Raabs an der Thaya <32216>;2878
2007;Thaya <32217>;1440,375
2007;Vitis <32219>;2623,125
2007;Waidhofen an der Thaya <32220>;5796,75
2007;Waidhofen an der Thaya-Land <32221>;1179,875
2007;Waldkirchen an der Thaya <32222>;593,75
2007;Windigsteig <32223>;1058,5
2007;Bad Erlach <32306>;2726,875
2007;Bad Fischau-Brunn <32301>;2801,75
2007;Bad Schönau <32302>;747,625
2007;Bromberg <32325>;1256,875
2007;Dreistetten ^<32303>;-
2007;Ebenfurth <32304>;2820,125
2007;Eggendorf <32305>;4263
2007;Felixdorf <32307>;4299
2007;Gutenstein <32308>;1377,75
2007;Hochneukirchen-Gschaidt <32309>;1693,5
2007;Hochwolkersdorf <32310>;1033,625
2007;Hohe Wand <32311>;1361,125
2007;Hollenthon <32312>;1065,625
2007;Katzelsdorf <32313>;3099
2007;Kirchschlag in der Buckligen Welt <32314>;2852,125
2007;Krumbach <32315>;2240,5
2007;Lanzenkirchen <32316>;3689,375
2007;Lichtenegg <32317>;1072,125
2007;Lichtenwörth <32318>;2983,375
2007;Markt Piesting <32319>;2837,375
2007;Matzendorf-Hölles <32320>;1838,125
2007;Miesenbach <32321>;698,375
2007;Muggendorf <32322>;528,125
2007;Pernitz <32323>;2545,5
2007;Rohr im Gebirge <32324>;495,375
2007;Schwarzenbach <32326>;1047
2007;Sollenau <32327>;4619
2007;Theresienfeld <32330>;2704,625
2007;Waidmannsfeld <32331>;1744,875
2007;Waldegg <32332>;2017,625
2007;Walpersbach <32333>;1064,25
2007;Weikersdorf am Steinfelde <32334>;1053
2007;Wiesmath <32335>;1559
2007;Winzendorf-Muthmannsdorf <32336>;1800
2007;Wöllersdorf-Steinabrückl <32337>;4100,375
2007;Zillingdorf <32338>;1920,625
2007;Ebergassing ^<32401>;3690
2007;Fischamend ^<32402>;4570
2007;Gablitz ^<32403>;4434,5
2007;Gerasdorf bei Wien ^<32404>;9503,375
2007;Gramatneusiedl ^<32405>;2604,5
2007;Himberg ^<32406>;6201,875
2007;Klein-Neusiedl ^<32407>;809,375
2007;Klosterneuburg ^<32408>;25204,125
2007;Lanzendorf ^<32409>;1619,75
2007;Leopoldsdorf ^<32410>;4260,125
2007;Maria-Lanzendorf ^<32411>;2060
2007;Mauerbach ^<32412>;3616,125
2007;Moosbrunn ^<32413>;1612,875
2007;Pressbaum ^<32415>;6289,125
2007;Purkersdorf ^<32416>;8718,875
2007;Rauchenwarth ^<32417>;644,75
2007;Schwadorf ^<32418>;1890,375
2007;Schwechat ^<32419>;16097,625
2007;Tullnerbach ^<32421>;2554,375
2007;Wienerherberg ^<32422>;-
2007;Wolfsgraben ^<32423>;1567,125
2007;Zwölfaxing ^<32424>;1524
2007;Allentsteig <32501>;2035,75
2007;Altmelon <32519>;888,25
2007;Arbesbach <32502>;1743,625
2007;Bad Traunstein <32528>;1046
2007;Bärnkopf <32503>;378,625
2007;Echsenbach <32504>;1229
2007;Göpfritz an der Wild <32505>;1794
2007;Grafenschlag <32506>;874,25
2007;Groß Gerungs <32508>;4715,25
2007;Großgöttfritz <32509>;1432,25
2007;Gutenbrunn <32511>;578,875
2007;Kirchschlag <32514>;687
2007;Kottes-Purk <32515>;1612,5
2007;Langschlag <32516>;1821,25
2007;Martinsberg <32517>;1157
2007;Ottenschlag <32518>;1020,25
2007;Pölla <32520>;1014,125
2007;Rappottenstein <32521>;1761,625
2007;Sallingberg <32522>;1404,125
2007;Schönbach <32523>;900
2007;Schwarzenau <32524>;1506,125
2007;Schweiggers <32525>;2018,75
2007;Waldhausen <32529>;1298
2007;Zwettl-Niederösterreich <32530>;11454,375
2008;Krems an der Donau <30101>;23912,875
2008;St. Pölten <30201>;51469,375
2008;Waidhofen an der Ybbs <30301>;11547,875
2008;Wiener Neustadt <30401>;40290,125
2008;Altenburg <31101>;823,25
2008;Brunn an der Wild <31102>;841
2008;Burgschleinitz-Kühnring <31103>;1367,25
2008;Drosendorf-Zissersdorf <31104>;1243,25
2008;Eggenburg <31105>;3521,875
2008;Gars am Kamp <31106>;3520,75
2008;Geras <31107>;1370,875
2008;Horn <31109>;6446,875
2008;Irnfritz-Messern <31110>;1423,125
2008;Japons <31111>;767,5
2008;Langau <31113>;699,75
2008;Meiseldorf <31114>;963,875
2008;Pernegg <31117>;694
2008;Röhrenbach <31119>;591,875
2008;Röschitz <31120>;1048,5
2008;Rosenburg-Mold <31121>;906
2008;St. Bernhard-Frauenhofen <31123>;1259,625
2008;Sigmundsherberg <31124>;1742,625
2008;Straning-Grafenberg <31130>;766,75
2008;Weitersfeld <31129>;1641,375
2008;Bisamberg <31201>;4216,625
2008;Enzersfeld im Weinviertel <31202>;1554,125
2008;Ernstbrunn <31203>;3067,25
2008;Gerasdorf bei Wien <31235>;-
2008;Großmugl <31204>;1567,875
2008;Großrußbach <31205>;2107
2008;Hagenbrunn <31206>;1964
2008;Harmannsdorf <31207>;3773
2008;Hausleiten <31208>;3517,125
2008;Korneuburg <31213>;12005,25
2008;Langenzersdorf <31214>;7823,25
2008;Leitzersdorf <31215>;1241,375
2008;Leobendorf <31216>;4726
2008;Niederhollabrunn <31234>;1633,625
2008;Oberzögersdorf ^<31223>;-
2008;Rußbach <31224>;1383,875
2008;Sierndorf <31226>;3538,5
2008;Spillern <31227>;1956,5
2008;Stetteldorf am Wagram <31228>;1009,75
2008;Stetten <31229>;1225,875
2008;Stockerau <31230>;15321,875
2008;Würnitz ^<31233>;-
2008;Aggsbach <31301>;675,75
2008;Albrechtsberg an der Großen Krems <31302>;1086,5
2008;Bergern im Dunkelsteinerwald <31303>;1237,875
2008;Droß <31356>;864,25
2008;Dürnstein <31304>;878,5
2008;Furth bei Göttweig <31309>;2762
2008;Gedersdorf <31310>;2155,625
2008;Gföhl <31311>;3741,875
2008;Grafenegg <31308>;2946,25
2008;Gut am Steg ^<31314>;-
2008;Hadersdorf-Kammern <31315>;1977,25
2008;Imbach ^<31318>;-
2008;Jaidhof <31319>;1161,125
2008;Krumau am Kamp <31321>;775,75
2008;Langenlois <31322>;7219,5
2008;Lengenfeld <31323>;1438,625
2008;Lichtenau im Waldviertel <31324>;2061,625
2008;Maria Laach am Jauerling <31326>;942
2008;Mautern an der Donau <31327>;3404,5
2008;Mühldorf <31330>;1396,875
2008;Paudorf <31333>;2464
2008;Rastenfeld <31336>;1408,625
2008;Rohrendorf bei Krems <31337>;1845,375
2008;Rossatz-Arnsdorf <31338>;1124,125
2008;St. Leonhard am Hornerwald <31340>;1186,875
2008;Schönberg am Kamp <31355>;1830
2008;Senftenberg <31343>;1948,875
2008;Spitz <31344>;1690,625
2008;Straß im Straßertale <31346>;1540,875
2008;Stratzing <31347>;806,125
2008;Weinzierl am Walde <31350>;1288,375
2008;Weißenkirchen in der Wachau <31351>;1432,875
2008;Annaberg <31401>;589,625
2008;Eschenau <31402>;1382,25
2008;Hainfeld <31403>;3744,75
2008;Hohenberg <31404>;1563
2008;Kaumberg <31405>;998,75
2008;Kleinzell <31406>;870,25
2008;Lilienfeld <31407>;2961,5
2008;Mitterbach am Erlaufsee <31408>;582,5
2008;Ramsau <31409>;848,125
2008;Rohrbach an der Gölsen <31410>;1662,875
2008;St. Aegyd am Neuwalde <31411>;2153,625
2008;St. Veit an der Gölsen <31412>;3919,25
2008;Traisen <31413>;3660
2008;Türnitz <31414>;1973
2008;Artstetten-Pöbring <31502>;1159,125
2008;Bergland <31503>;1824,875
2008;Bischofstetten <31504>;1173,75
2008;Blindenmarkt <31505>;2517,375
2008;Dorfstetten <31506>;622,5
2008;Dunkelsteinerwald <31507>;2374,125
2008;Emmersdorf an der Donau <31553>;1726,125
2008;Erlauf <31508>;1125,875
2008;Golling an der Erlauf <31509>;1551,5
2008;Hofamt Priel <31511>;1654,875
2008;Hürm <31513>;1706,875
2008;Kilb <31514>;2549
2008;Kirnberg an der Mank <31515>;995,75
2008;Klein-Pöchlarn <31516>;972,125
2008;Krummnußbaum <31517>;1445,625
2008;Leiben <31519>;1350,875
2008;Loosdorf <31520>;3645,125
2008;Mank <31521>;3028,25
2008;Marbach an der Donau <31522>;1625,625
2008;Maria Taferl <31523>;846,5
2008;Melk <31524>;5232,625
2008;Münichreith-Laimbach <31525>;1726,5
2008;Neumarkt an der Ybbs <31527>;1813,875
2008;Nöchling <31528>;1031
2008;Persenbeug-Gottsdorf <31530>;2255,375
2008;Petzenkirchen <31531>;1324,875
2008;Pöchlarn <31533>;3922
2008;Pöggstall <31534>;2513
2008;Raxendorf <31535>;1072,75
2008;Ritzengrub ^<31536>;-
2008;Ruprechtshofen <31537>;2296,5
2008;St. Leonhard am Forst <31539>;3007
2008;St. Martin-Karlsbach <31540>;1675,625
2008;St. Oswald <31541>;1122,75
2008;Schollach <31543>;921,75
2008;Schönbühel-Aggsbach <31542>;1033,5
2008;Texingtal <31551>;1589
2008;Weiten <31546>;1140,125
2008;Ybbs an der Donau <31549>;5710,875
2008;Yspertal <31552>;1861,125
2008;Zelking-Matzleinsdorf <31550>;1254
2008;Altlichtenwarth <31601>;765,5
2008;Asparn an der Zaya <31603>;1762,875
2008;Bernhardsthal <31604>;1644,875
2008;Bockfließ <31605>;1368,25
2008;Drasenhofen <31606>;1132,375
2008;Falkenstein <31608>;471,125
2008;Fallbach <31609>;831,25
2008;Gartenbrunn ^<31657>;-
2008;Gaubitsch <31611>;903,625
2008;Gaweinstal <31612>;3717,125
2008;Gnadendorf <31613>;1174,5
2008;Großebersdorf <31614>;2275,625
2008;Großengersdorf <31615>;1455,875
2008;Großharras <31616>;1167,625
2008;Großkrut <31617>;1571,375
2008;Hausbrunn <31620>;850,5
2008;Herrnbaumgarten <31621>;963,25
2008;Hochleithen <31622>;1162,375
2008;Kreuttal <31627>;1415
2008;Kreuzstetten <31628>;1520
2008;Laa an der Thaya <31629>;6204
2008;Ladendorf <31630>;2224,5
2008;Mistelbach <31633>;11023,125
2008;Neudorf im Weinviertel <31634>;1409,125
2008;Niederleis <31636>;833,625
2008;Ottenthal <31658>;602
2008;Pillichsdorf <31642>;1129,375
2008;Poysdorf <31644>;5515,75
2008;Rabensburg <31645>;1122,125
2008;Schrattenberg <31646>;845,375
2008;Staatz <31649>;2030,875
2008;Stronsdorf <31650>;1666,75
2008;Ulrichskirchen-Schleinbach <31651>;2527,625
2008;Unterstinkenbrunn <31652>;573,625
2008;Wildendürnbach <31653>;1560,75
2008;Wilfersdorf <31654>;2032,875
2008;Wolkersdorf im Weinviertel <31655>;6630
2008;Achau <31701>;1170,75
2008;Biedermannsdorf <31702>;2876,375
2008;Breitenfurt bei Wien <31703>;5750
2008;Brunn am Gebirge <31704>;10765,5
2008;Gaaden <31706>;1613,625
2008;Gießhübl <31707>;2054,5
2008;Gumpoldskirchen <31709>;3470,375
2008;Guntramsdorf <31710>;8791,25
2008;Hennersdorf <31711>;1461,75
2008;Hinterbrühl <31712>;4030,625
2008;Kaltenleutgeben <31713>;3287,625
2008;Laab im Walde <31714>;1187,75
2008;Laxenburg <31715>;2709,875
2008;Maria Enzersdorf <31716>;8731,375
2008;Mödling <31717>;20566,25
2008;Münchendorf <31718>;2361,25
2008;Perchtoldsdorf <31719>;14510,375
2008;Vösendorf <31723>;5891,875
2008;Wiener Neudorf <31725>;8815,25
2008;Wienerwald <31726>;2461,375
2008;Altendorf <31801>;306,125
2008;Aspangberg-St. Peter <31803>;1897,5
2008;Aspang-Markt <31802>;1857,625
2008;Breitenau <31804>;1373,5
2008;Breitenstein <31805>;347,375
2008;Buchbach <31806>;347
2008;Bürg-Vöstenhof <31842>;167,625
2008;Edlitz <31807>;942,875
2008;Enzenreith <31808>;1923,625
2008;Feistritz am Wechsel <31809>;1107,375
2008;Gloggnitz <31810>;5998,75
2008;Grafenbach-St. Valentin <31811>;2327,5
2008;Grimmenstein <31812>;1357,125
2008;Grünbach am Schneeberg <31813>;1761,375
2008;Höflein an der Hohen Wand <31849>;846,375
2008;Kirchberg am Wechsel <31814>;2430,25
2008;Mönichkirchen <31815>;610,625
2008;Natschbach-Loipersbach <31817>;1709,75
2008;Neunkirchen <31818>;12150,75
2008;Otterthal <31820>;593,375
2008;Payerbach <31821>;2219,75
2008;Pitten <31823>;2317,25
2008;Pottschach ^<31824>;-
2008;Prigglitz <31825>;512,5
2008;Puchberg am Schneeberg <31826>;2669,25
2008;Raach am Hochgebirge <31827>;307,375
2008;Raglitz ^<31828>;-
2008;Reichenau an der Rax <31829>;2734,375
2008;St. Corona am Wechsel <31830>;368,5
2008;St. Egyden am Steinfeld <31831>;1851,875
2008;Scheiblingkirchen-Thernberg <31832>;1878,5
2008;Schottwien <31833>;716,125
2008;Schrattenbach <31834>;350
2008;Schwarzau am Steinfeld <31835>;1859,5
2008;Schwarzau im Gebirge <31836>;726,5
2008;Seebenstein <31837>;1298,75
2008;Semmering <31838>;593,375
2008;Ternitz <31839>;14966,75
2008;Thomasberg <31840>;1234,375
2008;Trattenbach <31841>;555,5
2008;Warth <31843>;1539,25
2008;Wartmannstetten <31844>;1606,125
2008;Willendorf <31845>;898,625
2008;Wimpassing im Schwarzatale <31846>;1848,625
2008;Würflach <31847>;1564,75
2008;Zöbern <31848>;1447,125
2008;Altlengbach <31901>;2723
2008;Asperhofen <31902>;1971,5
2008;Böheimkirchen <31903>;4912,5
2008;Brand-Laaben <31904>;1172,875
2008;Eichgraben <31905>;4169,5
2008;Frankenfels <31906>;2082,25
2008;Gablitz <31949>;-
2008;Gerersdorf <31907>;879,125
2008;Hafnerbach <31910>;1621
2008;Haunoldstein <31911>;976,125
2008;Herzogenburg <31912>;7907
2008;Hofstetten-Grünau <31909>;2598,25
2008;Inzersdorf-Getzersdorf <31913>;1479,375
2008;Kapelln <31915>;1339,75
2008;Karlstetten <31916>;2080,625
2008;Kasten bei Böheimkirchen <31917>;1298,625
2008;Kirchberg an der Pielach <31918>;3158
2008;Kirchstetten <31919>;1964
2008;Loich <31920>;624,125
2008;Maria Anzbach <31921>;2753,625
2008;Markersdorf-Haindorf <31922>;1954,875
2008;Mauerbach <31950>;-
2008;Michelbach <31923>;893,875
2008;Neidling <31925>;1412
2008;Neulengbach <31926>;7579,875
2008;Neustift-Innermanzing <31927>;1420,875
2008;Nußdorf ob der Traisen <31928>;1623,25
2008;Ober-Grafendorf <31929>;4617,125
2008;Obritzberg-Rust <31930>;2262,75
2008;Pressbaum <31951>;-
2008;Prinzersdorf <31932>;1497,625
2008;Purkersdorf <31952>;-
2008;Pyhra <31934>;3407,25
2008;Rabenstein an der Pielach <31935>;2426,125
2008;St. Margarethen an der Sierning <31938>;1032,875
2008;Schwarzenbach an der Pielach <31939>;415,625
2008;Statzendorf <31940>;1423,625
2008;Stössing <31941>;774
2008;Traismauer <31943>;6001,125
2008;Tullnerbach <31953>;-
2008;Weinburg <31945>;1296
2008;Perschling <31946>;1322,625
2008;Wilhelmsburg <31947>;6581,375
2008;Wölbling <31948>;2485,125
2008;Wolfsgraben <31954>;-
2008;Gaming <32001>;3483,5
2008;Göstling an der Ybbs <32002>;2169,875
2008;Gresten <32003>;1998,25
2008;Gresten-Land <32004>;1525,625
2008;Lunz am See <32005>;1887,375
2008;Oberndorf an der Melk <32006>;2987,625
2008;Puchenstuben <32007>;318,5
2008;Purgstall an der Erlauf <32008>;5351,75
2008;Randegg <32009>;1953
2008;Reinsberg <32010>;1036,125
2008;St. Anton an der Jeßnitz <32011>;1247,75
2008;St. Georgen an der Leys <32012>;1324,625
2008;Scheibbs <32013>;4251,75
2008;Steinakirchen am Forst <32014>;2276,375
2008;Wang <32015>;1334,375
2008;Wieselburg <32016>;3666,5
2008;Wieselburg-Land <32017>;3161
2008;Wolfpassing <32018>;1370,5
2008;Absdorf <32101>;1820,5
2008;Atzenbrugg <32104>;2586,375
2008;Fels am Wagram <32106>;2044,75
2008;Grafenwörth <32107>;2964,25
2008;Großriedenthal <32109>;957,875
2008;Großweikersdorf <32110>;3011
2008;Judenau-Baumgarten <32112>;2185,625
2008;Kirchberg am Wagram <32114>;3386,875
2008;Klosterneuburg <32144>;-
2008;Königsbrunn am Wagram <32115>;1289,625
2008;Königstetten <32116>;1962
2008;Langenrohr <32119>;2284,125
2008;Michelhausen <32120>;2589,5
2008;Muckendorf-Wipfing <32143>;1243,75
2008;St. Andrä-Wördern <32142>;7365,75
2008;Sieghartskirchen <32131>;6983,875
2008;Sitzenberg-Reidling <32132>;1999,125
2008;Tulbing <32134>;2767,125
2008;Tulln an der Donau <32135>;14440,75
2008;Würmla <32139>;1230
2008;Zeiselmauer-Wolfpassing <32140>;2197
2008;Zwentendorf an der Donau <32141>;3840,125
2008;Dietmanns <32202>;1132,625
2008;Dobersberg <32203>;1715,125
2008;Gastern <32206>;1292,875
2008;Groß-Siegharts <32207>;2895,75
2008;Karlstein an der Thaya <32209>;1547,5
2008;Kautzen <32210>;1224,625
2008;Ludweis-Aigen <32212>;1011,625
2008;Pfaffenschlag bei Waidhofen a.d.Thaya<32214>;1000,25
2008;Raabs an der Thaya <32216>;2840,5
2008;Thaya <32217>;1438,25
2008;Vitis <32219>;2640,25
2008;Waidhofen an der Thaya <32220>;5779,875
2008;Waidhofen an der Thaya-Land <32221>;1190
2008;Waldkirchen an der Thaya <32222>;602
2008;Windigsteig <32223>;1044,875
2008;Bad Erlach <32306>;2715,75
2008;Bad Fischau-Brunn <32301>;2859,5
2008;Bad Schönau <32302>;752,375
2008;Bromberg <32325>;1248,375
2008;Dreistetten ^<32303>;-
2008;Ebenfurth <32304>;2857
2008;Eggendorf <32305>;4330,875
2008;Felixdorf <32307>;4297,75
2008;Gutenstein <32308>;1363,5
2008;Hochneukirchen-Gschaidt <32309>;1676,5
2008;Hochwolkersdorf <32310>;1027
2008;Hohe Wand <32311>;1365,125
2008;Hollenthon <32312>;1048,875
2008;Katzelsdorf <32313>;3141,25
2008;Kirchschlag in der Buckligen Welt <32314>;2876,625
2008;Krumbach <32315>;2231,875
2008;Lanzenkirchen <32316>;3711,5
2008;Lichtenegg <32317>;1086,375
2008;Lichtenwörth <32318>;2982,375
2008;Markt Piesting <32319>;2877,375
2008;Matzendorf-Hölles <32320>;1850,75
2008;Miesenbach <32321>;677,125
2008;Muggendorf <32322>;529,125
2008;Pernitz <32323>;2529
2008;Rohr im Gebirge <32324>;485,25
2008;Schwarzenbach <32326>;1027,125
2008;Sollenau <32327>;4604,125
2008;Theresienfeld <32330>;2750,625
2008;Waidmannsfeld <32331>;1704,875
2008;Waldegg <32332>;2026,625
2008;Walpersbach <32333>;1067,625
2008;Weikersdorf am Steinfelde <32334>;1073,75
2008;Wiesmath <32335>;1547,5
2008;Winzendorf-Muthmannsdorf <32336>;1788,875
2008;Wöllersdorf-Steinabrückl <32337>;4125,625
2008;Zillingdorf <32338>;1935,375
2008;Ebergassing ^<32401>;3742
2008;Fischamend ^<32402>;4604
2008;Gablitz ^<32403>;4532,5
2008;Gerasdorf bei Wien ^<32404>;9752,625
2008;Gramatneusiedl ^<32405>;2723,375
2008;Himberg ^<32406>;6361,625
2008;Klein-Neusiedl ^<32407>;800
2008;Klosterneuburg ^<32408>;25416,5
2008;Lanzendorf ^<32409>;1628
2008;Leopoldsdorf ^<32410>;4368,875
2008;Maria-Lanzendorf ^<32411>;2050,875
2008;Mauerbach ^<32412>;3668,125
2008;Moosbrunn ^<32413>;1627
2008;Pressbaum ^<32415>;6552,375
2008;Purkersdorf ^<32416>;8772,75
2008;Rauchenwarth ^<32417>;657,875
2008;Schwadorf ^<32418>;1899,375
2008;Schwechat ^<32419>;16238,25
2008;Tullnerbach ^<32421>;2593,125
2008;Wienerherberg ^<32422>;-
2008;Wolfsgraben ^<32423>;1570,875
2008;Zwölfaxing ^<32424>;1563,875
2008;Allentsteig <32501>;2013,375
2008;Altmelon <32519>;879,625
2008;Arbesbach <32502>;1746
2008;Bad Traunstein <32528>;1039
2008;Bärnkopf <32503>;374,25
2008;Echsenbach <32504>;1218,375
2008;Göpfritz an der Wild <32505>;1796,375
2008;Grafenschlag <32506>;878,75
2008;Groß Gerungs <32508>;4696,25
2008;Großgöttfritz <32509>;1430,625
2008;Gutenbrunn <32511>;567,625
2008;Kirchschlag <32514>;679,625
2008;Kottes-Purk <32515>;1592,5
2008;Langschlag <32516>;1818,75
2008;Martinsberg <32517>;1162,375
2008;Ottenschlag <32518>;1019,375
2008;Pölla <32520>;1007,875
2008;Rappottenstein <32521>;1760,875
2008;Sallingberg <32522>;1395,375
2008;Schönbach <32523>;891,625
2008;Schwarzenau <32524>;1495,25
2008;Schweiggers <32525>;1987,25
2008;Waldhausen <32529>;1288
2008;Zwettl-Niederösterreich <32530>;11434,5
2009;Krems an der Donau <30101>;23839,625
2009;St. Pölten <30201>;51552,25
2009;Waidhofen an der Ybbs <30301>;11533,25
2009;Wiener Neustadt <30401>;40622,75
2009;Altenburg <31101>;817
2009;Brunn an der Wild <31102>;838,75
2009;Burgschleinitz-Kühnring <31103>;1354,125
2009;Drosendorf-Zissersdorf <31104>;1211,875
2009;Eggenburg <31105>;3501,5
2009;Gars am Kamp <31106>;3517,125
2009;Geras <31107>;1359
2009;Horn <31109>;6492,25
2009;Irnfritz-Messern <31110>;1425
2009;Japons <31111>;767,375
2009;Langau <31113>;690,125
2009;Meiseldorf <31114>;952
2009;Pernegg <31117>;696,375
2009;Röhrenbach <31119>;588,75
2009;Röschitz <31120>;1040,875
2009;Rosenburg-Mold <31121>;863,125
2009;St. Bernhard-Frauenhofen <31123>;1257
2009;Sigmundsherberg <31124>;1747,875
2009;Straning-Grafenberg <31130>;765
2009;Weitersfeld <31129>;1651,75
2009;Bisamberg <31201>;4279,375
2009;Enzersfeld im Weinviertel <31202>;1566,375
2009;Ernstbrunn <31203>;3076
2009;Gerasdorf bei Wien <31235>;-
2009;Großmugl <31204>;1580,75
2009;Großrußbach <31205>;2090,5
2009;Hagenbrunn <31206>;2003,375
2009;Harmannsdorf <31207>;3821,75
2009;Hausleiten <31208>;3551
2009;Korneuburg <31213>;12179,5
2009;Langenzersdorf <31214>;7862
2009;Leitzersdorf <31215>;1255,25
2009;Leobendorf <31216>;4715,875
2009;Niederhollabrunn <31234>;1618,625
2009;Oberzögersdorf ^<31223>;-
2009;Rußbach <31224>;1385,5
2009;Sierndorf <31226>;3579
2009;Spillern <31227>;1982,5
2009;Stetteldorf am Wagram <31228>;1020,125
2009;Stetten <31229>;1238
2009;Stockerau <31230>;15398,125
2009;Würnitz ^<31233>;-
2009;Aggsbach <31301>;681,625
2009;Albrechtsberg an der Großen Krems <31302>;1068,625
2009;Bergern im Dunkelsteinerwald <31303>;1248,875
2009;Droß <31356>;878,75
2009;Dürnstein <31304>;877,375
2009;Furth bei Göttweig <31309>;2786,5
2009;Gedersdorf <31310>;2154,5
2009;Gföhl <31311>;3742,75
2009;Grafenegg <31308>;2981
2009;Gut am Steg ^<31314>;-
2009;Hadersdorf-Kammern <31315>;1963,625
2009;Imbach ^<31318>;-
2009;Jaidhof <31319>;1157,375
2009;Krumau am Kamp <31321>;778
2009;Langenlois <31322>;7235,875
2009;Lengenfeld <31323>;1447,5
2009;Lichtenau im Waldviertel <31324>;2057
2009;Maria Laach am Jauerling <31326>;940
2009;Mautern an der Donau <31327>;3410,125
2009;Mühldorf <31330>;1384,75
2009;Paudorf <31333>;2485,375
2009;Rastenfeld <31336>;1438,125
2009;Rohrendorf bei Krems <31337>;1876,375
2009;Rossatz-Arnsdorf <31338>;1121,625
2009;St. Leonhard am Hornerwald <31340>;1171,125
2009;Schönberg am Kamp <31355>;1849,5
2009;Senftenberg <31343>;1950,25
2009;Spitz <31344>;1685,125
2009;Straß im Straßertale <31346>;1546,75
2009;Stratzing <31347>;809,75
2009;Weinzierl am Walde <31350>;1277,5
2009;Weißenkirchen in der Wachau <31351>;1438,5
2009;Annaberg <31401>;582,25
2009;Eschenau <31402>;1372,375
2009;Hainfeld <31403>;3707,625
2009;Hohenberg <31404>;1553,625
2009;Kaumberg <31405>;996
2009;Kleinzell <31406>;849,75
2009;Lilienfeld <31407>;2918
2009;Mitterbach am Erlaufsee <31408>;575,875
2009;Ramsau <31409>;870
2009;Rohrbach an der Gölsen <31410>;1688,625
2009;St. Aegyd am Neuwalde <31411>;2125,875
2009;St. Veit an der Gölsen <31412>;3933,625
2009;Traisen <31413>;3644,75
2009;Türnitz <31414>;1960,125
2009;Artstetten-Pöbring <31502>;1161
2009;Bergland <31503>;1819,875
2009;Bischofstetten <31504>;1171,25
2009;Blindenmarkt <31505>;2547,875
2009;Dorfstetten <31506>;618,625
2009;Dunkelsteinerwald <31507>;2363,875
2009;Emmersdorf an der Donau <31553>;1730,125
2009;Erlauf <31508>;1121,25
2009;Golling an der Erlauf <31509>;1534,875
2009;Hofamt Priel <31511>;1658,125
2009;Hürm <31513>;1726
2009;Kilb <31514>;2531,625
2009;Kirnberg an der Mank <31515>;992,875
2009;Klein-Pöchlarn <31516>;988,25
2009;Krummnußbaum <31517>;1445,375
2009;Leiben <31519>;1341,25
2009;Loosdorf <31520>;3679,75
2009;Mank <31521>;3046,25
2009;Marbach an der Donau <31522>;1643,5
2009;Maria Taferl <31523>;842,75
2009;Melk <31524>;5279,625
2009;Münichreith-Laimbach <31525>;1705
2009;Neumarkt an der Ybbs <31527>;1807,125
2009;Nöchling <31528>;1035,5
2009;Persenbeug-Gottsdorf <31530>;2266,875
2009;Petzenkirchen <31531>;1328,125
2009;Pöchlarn <31533>;3939
2009;Pöggstall <31534>;2508,875
2009;Raxendorf <31535>;1072,875
2009;Ritzengrub ^<31536>;-
2009;Ruprechtshofen <31537>;2308,125
2009;St. Leonhard am Forst <31539>;3010,625
2009;St. Martin-Karlsbach <31540>;1659,125
2009;St. Oswald <31541>;1120,875
2009;Schollach <31543>;927,25
2009;Schönbühel-Aggsbach <31542>;1016,75
2009;Texingtal <31551>;1589,5
2009;Weiten <31546>;1138,875
2009;Ybbs an der Donau <31549>;5692,625
2009;Yspertal <31552>;1849,125
2009;Zelking-Matzleinsdorf <31550>;1254,75
2009;Altlichtenwarth <31601>;746,5
2009;Asparn an der Zaya <31603>;1776
2009;Bernhardsthal <31604>;1646,25
2009;Bockfließ <31605>;1365,625
2009;Drasenhofen <31606>;1147,875
2009;Falkenstein <31608>;471,625
2009;Fallbach <31609>;845,25
2009;Gartenbrunn ^<31657>;-
2009;Gaubitsch <31611>;897,625
2009;Gaweinstal <31612>;3734,625
2009;Gnadendorf <31613>;1168,25
2009;Großebersdorf <31614>;2265,75
2009;Großengersdorf <31615>;1473,625
2009;Großharras <31616>;1154
2009;Großkrut <31617>;1563,25
2009;Hausbrunn <31620>;841,875
2009;Herrnbaumgarten <31621>;961,625
2009;Hochleithen <31622>;1152,375
2009;Kreuttal <31627>;1406,125
2009;Kreuzstetten <31628>;1520,5
2009;Laa an der Thaya <31629>;6232,75
2009;Ladendorf <31630>;2246,375
2009;Mistelbach <31633>;11011,5
2009;Neudorf im Weinviertel <31634>;1429,75
2009;Niederleis <31636>;833,625
2009;Ottenthal <31658>;594,25
2009;Pillichsdorf <31642>;1123,875
2009;Poysdorf <31644>;5508,875
2009;Rabensburg <31645>;1124,5
2009;Schrattenberg <31646>;830,5
2009;Staatz <31649>;2019,75
2009;Stronsdorf <31650>;1657,125
2009;Ulrichskirchen-Schleinbach <31651>;2564,125
2009;Unterstinkenbrunn <31652>;581
2009;Wildendürnbach <31653>;1563,375
2009;Wilfersdorf <31654>;2033,625
2009;Wolkersdorf im Weinviertel <31655>;6658,625
2009;Achau <31701>;1207,5
2009;Biedermannsdorf <31702>;2850,75
2009;Breitenfurt bei Wien <31703>;5824,75
2009;Brunn am Gebirge <31704>;10951,125
2009;Gaaden <31706>;1598
2009;Gießhübl <31707>;2093,5
2009;Gumpoldskirchen <31709>;3471
2009;Guntramsdorf <31710>;8842,625
2009;Hennersdorf <31711>;1459,75
2009;Hinterbrühl <31712>;4053,125
2009;Kaltenleutgeben <31713>;3313,875
2009;Laab im Walde <31714>;1162,875
2009;Laxenburg <31715>;2709
2009;Maria Enzersdorf <31716>;8727,375
2009;Mödling <31717>;20433,125
2009;Münchendorf <31718>;2427,25
2009;Perchtoldsdorf <31719>;14505,625
2009;Vösendorf <31723>;6069
2009;Wiener Neudorf <31725>;8787
2009;Wienerwald <31726>;2460,5
2009;Altendorf <31801>;301,875
2009;Aspangberg-St. Peter <31803>;1883,625
2009;Aspang-Markt <31802>;1843,875
2009;Breitenau <31804>;1387,125
2009;Breitenstein <31805>;352,75
2009;Buchbach <31806>;353,375
2009;Bürg-Vöstenhof <31842>;177,125
2009;Edlitz <31807>;929,375
2009;Enzenreith <31808>;1897,375
2009;Feistritz am Wechsel <31809>;1106,75
2009;Gloggnitz <31810>;5987,375
2009;Grafenbach-St. Valentin <31811>;2305,5
2009;Grimmenstein <31812>;1362,5
2009;Grünbach am Schneeberg <31813>;1747,25
2009;Höflein an der Hohen Wand <31849>;847,625
2009;Kirchberg am Wechsel <31814>;2413,75
2009;Mönichkirchen <31815>;603,5
2009;Natschbach-Loipersbach <31817>;1706,75
2009;Neunkirchen <31818>;12232,125
2009;Otterthal <31820>;595,125
2009;Payerbach <31821>;2192,25
2009;Pitten <31823>;2347,125
2009;Pottschach ^<31824>;-
2009;Prigglitz <31825>;500,75
2009;Puchberg am Schneeberg <31826>;2642,5
2009;Raach am Hochgebirge <31827>;297
2009;Raglitz ^<31828>;-
2009;Reichenau an der Rax <31829>;2748,375
2009;St. Corona am Wechsel <31830>;376,625
2009;St. Egyden am Steinfeld <31831>;1857
2009;Scheiblingkirchen-Thernberg <31832>;1878
2009;Schottwien <31833>;698,625
2009;Schrattenbach <31834>;353,875
2009;Schwarzau am Steinfeld <31835>;1890,375
2009;Schwarzau im Gebirge <31836>;705,125
2009;Seebenstein <31837>;1325,75
2009;Semmering <31838>;593,875
2009;Ternitz <31839>;14847,625
2009;Thomasberg <31840>;1224,875
2009;Trattenbach <31841>;551,125
2009;Warth <31843>;1542,75
2009;Wartmannstetten <31844>;1609,5
2009;Willendorf <31845>;887,875
2009;Wimpassing im Schwarzatale <31846>;1810,25
2009;Würflach <31847>;1594,625
2009;Zöbern <31848>;1442,75
2009;Altlengbach <31901>;2731,625
2009;Asperhofen <31902>;2019,125
2009;Böheimkirchen <31903>;4882,375
2009;Brand-Laaben <31904>;1174,125
2009;Eichgraben <31905>;4209,625
2009;Frankenfels <31906>;2071,625
2009;Gablitz <31949>;-
2009;Gerersdorf <31907>;885,25
2009;Hafnerbach <31910>;1591,25
2009;Haunoldstein <31911>;1057,25
2009;Herzogenburg <31912>;7841,5
2009;Hofstetten-Grünau <31909>;2568
2009;Inzersdorf-Getzersdorf <31913>;1482,625
2009;Kapelln <31915>;1360,125
2009;Karlstetten <31916>;2060,75
2009;Kasten bei Böheimkirchen <31917>;1302,5
2009;Kirchberg an der Pielach <31918>;3146,625
2009;Kirchstetten <31919>;2008,625
2009;Loich <31920>;635,75
2009;Maria Anzbach <31921>;2789,5
2009;Markersdorf-Haindorf <31922>;1952,25
2009;Mauerbach <31950>;-
2009;Michelbach <31923>;888
2009;Neidling <31925>;1436,375
2009;Neulengbach <31926>;7675,625
2009;Neustift-Innermanzing <31927>;1440,125
2009;Nußdorf ob der Traisen <31928>;1644
2009;Ober-Grafendorf <31929>;4637,25
2009;Obritzberg-Rust <31930>;2268,25
2009;Pressbaum <31951>;-
2009;Prinzersdorf <31932>;1502,5
2009;Purkersdorf <31952>;-
2009;Pyhra <31934>;3429,75
2009;Rabenstein an der Pielach <31935>;2421,375
2009;St. Margarethen an der Sierning <31938>;1017,625
2009;Schwarzenbach an der Pielach <31939>;406
2009;Statzendorf <31940>;1414,25
2009;Stössing <31941>;791,125
2009;Traismauer <31943>;5957,375
2009;Tullnerbach <31953>;-
2009;Weinburg <31945>;1293,625
2009;Perschling <31946>;1335,75
2009;Wilhelmsburg <31947>;6561,5
2009;Wölbling <31948>;2454,25
2009;Wolfsgraben <31954>;-
2009;Gaming <32001>;3391,75
2009;Göstling an der Ybbs <32002>;2152,875
2009;Gresten <32003>;2011,5
2009;Gresten-Land <32004>;1537,125
2009;Lunz am See <32005>;1850,625
2009;Oberndorf an der Melk <32006>;2977,375
2009;Puchenstuben <32007>;313,625
2009;Purgstall an der Erlauf <32008>;5357,625
2009;Randegg <32009>;1934,875
2009;Reinsberg <32010>;1033,25
2009;St. Anton an der Jeßnitz <32011>;1247,625
2009;St. Georgen an der Leys <32012>;1327
2009;Scheibbs <32013>;4221
2009;Steinakirchen am Forst <32014>;2258,25
2009;Wang <32015>;1348,25
2009;Wieselburg <32016>;3713,5
2009;Wieselburg-Land <32017>;3206,625
2009;Wolfpassing <32018>;1388,875
2009;Absdorf <32101>;1849,625
2009;Atzenbrugg <32104>;2579,75
2009;Fels am Wagram <32106>;2046,125
2009;Grafenwörth <32107>;2995,375
2009;Großriedenthal <32109>;960,625
2009;Großweikersdorf <32110>;3004,75
2009;Judenau-Baumgarten <32112>;2168,75
2009;Kirchberg am Wagram <32114>;3386,5
2009;Klosterneuburg <32144>;-
2009;Königsbrunn am Wagram <32115>;1290
2009;Königstetten <32116>;1964,25
2009;Langenrohr <32119>;2314,5
2009;Michelhausen <32120>;2575,625
2009;Muckendorf-Wipfing <32143>;1272,75
2009;St. Andrä-Wördern <32142>;7444,875
2009;Sieghartskirchen <32131>;6987
2009;Sitzenberg-Reidling <32132>;2036,125
2009;Tulbing <32134>;2825,625
2009;Tulln an der Donau <32135>;14562,875
2009;Würmla <32139>;1221
2009;Zeiselmauer-Wolfpassing <32140>;2248,375
2009;Zwentendorf an der Donau <32141>;3865,125
2009;Dietmanns <32202>;1119,75
2009;Dobersberg <32203>;1696,875
2009;Gastern <32206>;1292,75
2009;Groß-Siegharts <32207>;2867,375
2009;Karlstein an der Thaya <32209>;1541,25
2009;Kautzen <32210>;1229,375
2009;Ludweis-Aigen <32212>;990,75
2009;Pfaffenschlag bei Waidhofen a.d.Thaya<32214>;985,125
2009;Raabs an der Thaya <32216>;2833,75
2009;Thaya <32217>;1437,375
2009;Vitis <32219>;2618,875
2009;Waidhofen an der Thaya <32220>;5734,5
2009;Waidhofen an der Thaya-Land <32221>;1190,25
2009;Waldkirchen an der Thaya <32222>;596,875
2009;Windigsteig <32223>;1031,625
2009;Bad Erlach <32306>;2747,5
2009;Bad Fischau-Brunn <32301>;2934,25
2009;Bad Schönau <32302>;762,25
2009;Bromberg <32325>;1249,375
2009;Dreistetten ^<32303>;-
2009;Ebenfurth <32304>;2860,375
2009;Eggendorf <32305>;4393,75
2009;Felixdorf <32307>;4316
2009;Gutenstein <32308>;1365,125
2009;Hochneukirchen-Gschaidt <32309>;1670,625
2009;Hochwolkersdorf <32310>;1014,625
2009;Hohe Wand <32311>;1377,5
2009;Hollenthon <32312>;1031,25
2009;Katzelsdorf <32313>;3160,5
2009;Kirchschlag in der Buckligen Welt <32314>;2887,625
2009;Krumbach <32315>;2242,875
2009;Lanzenkirchen <32316>;3735,375
2009;Lichtenegg <32317>;1087,375
2009;Lichtenwörth <32318>;2975,875
2009;Markt Piesting <32319>;2910,625
2009;Matzendorf-Hölles <32320>;1877,25
2009;Miesenbach <32321>;672
2009;Muggendorf <32322>;525,625
2009;Pernitz <32323>;2538,375
2009;Rohr im Gebirge <32324>;483,125
2009;Schwarzenbach <32326>;1013
2009;Sollenau <32327>;4635,5
2009;Theresienfeld <32330>;2800,25
2009;Waidmannsfeld <32331>;1638
2009;Waldegg <32332>;2019,375
2009;Walpersbach <32333>;1069,5
2009;Weikersdorf am Steinfelde <32334>;1072,875
2009;Wiesmath <32335>;1540,625
2009;Winzendorf-Muthmannsdorf <32336>;1804
2009;Wöllersdorf-Steinabrückl <32337>;4134,875
2009;Zillingdorf <32338>;1950,125
2009;Ebergassing ^<32401>;3742,625
2009;Fischamend ^<32402>;4700,75
2009;Gablitz ^<32403>;4597,75
2009;Gerasdorf bei Wien ^<32404>;9907,125
2009;Gramatneusiedl ^<32405>;2810,25
2009;Himberg ^<32406>;6458,125
2009;Klein-Neusiedl ^<32407>;786,75
2009;Klosterneuburg ^<32408>;25558,625
2009;Lanzendorf ^<32409>;1643,875
2009;Leopoldsdorf ^<32410>;4504,625
2009;Maria-Lanzendorf ^<32411>;2074,125
2009;Mauerbach ^<32412>;3687,875
2009;Moosbrunn ^<32413>;1621
2009;Pressbaum ^<32415>;6765,625
2009;Purkersdorf ^<32416>;8873,125
2009;Rauchenwarth ^<32417>;660,125
2009;Schwadorf ^<32418>;1926,375
2009;Schwechat ^<32419>;16339,625
2009;Tullnerbach ^<32421>;2600,75
2009;Wienerherberg ^<32422>;-
2009;Wolfsgraben ^<32423>;1600,25
2009;Zwölfaxing ^<32424>;1582
2009;Allentsteig <32501>;2011,875
2009;Altmelon <32519>;868,125
2009;Arbesbach <32502>;1746,625
2009;Bad Traunstein <32528>;1046
2009;Bärnkopf <32503>;367
2009;Echsenbach <32504>;1214,75
2009;Göpfritz an der Wild <32505>;1809,875
2009;Grafenschlag <32506>;881,125
2009;Groß Gerungs <32508>;4695,625
2009;Großgöttfritz <32509>;1432,5
2009;Gutenbrunn <32511>;573,875
2009;Kirchschlag <32514>;679
2009;Kottes-Purk <32515>;1596,875
2009;Langschlag <32516>;1812,25
2009;Martinsberg <32517>;1171,25
2009;Ottenschlag <32518>;1012,125
2009;Pölla <32520>;996,25
2009;Rappottenstein <32521>;1759,875
2009;Sallingberg <32522>;1390
2009;Schönbach <32523>;885,375
2009;Schwarzenau <32524>;1486
2009;Schweiggers <32525>;1985,75
2009;Waldhausen <32529>;1282,125
2009;Zwettl-Niederösterreich <32530>;11368
2010;Krems an der Donau <30101>;23855,5
2010;St. Pölten <30201>;51725
2010;Waidhofen an der Ybbs <30301>;11450,375
2010;Wiener Neustadt <30401>;40776,75
2010;Altenburg <31101>;804,75
2010;Brunn an der Wild <31102>;848,125
2010;Burgschleinitz-Kühnring <31103>;1383,375
2010;Drosendorf-Zissersdorf <31104>;1193,625
2010;Eggenburg <31105>;3475
2010;Gars am Kamp <31106>;3471,625
2010;Geras <31107>;1367,375
2010;Horn <31109>;6517,625
2010;Irnfritz-Messern <31110>;1430,75
2010;Japons <31111>;757,75
2010;Langau <31113>;687,25
2010;Meiseldorf <31114>;933
2010;Pernegg <31117>;697,25
2010;Röhrenbach <31119>;586,5
2010;Röschitz <31120>;1033,875
2010;Rosenburg-Mold <31121>;832,75
2010;St. Bernhard-Frauenhofen <31123>;1271,25
2010;Sigmundsherberg <31124>;1727,25
2010;Straning-Grafenberg <31130>;764
2010;Weitersfeld <31129>;1665
2010;Bisamberg <31201>;4361,625
2010;Enzersfeld im Weinviertel <31202>;1581,625
2010;Ernstbrunn <31203>;3071,75
2010;Gerasdorf bei Wien <31235>;-
2010;Großmugl <31204>;1588,125
2010;Großrußbach <31205>;2111,875
2010;Hagenbrunn <31206>;1990,875
2010;Harmannsdorf <31207>;3841,375
2010;Hausleiten <31208>;3579,75
2010;Korneuburg <31213>;12273,5
2010;Langenzersdorf <31214>;7879,125
2010;Leitzersdorf <31215>;1267,125
2010;Leobendorf <31216>;4716,875
2010;Niederhollabrunn <31234>;1599,625
2010;Oberzögersdorf ^<31223>;-
2010;Rußbach <31224>;1371,375
2010;Sierndorf <31226>;3612,875
2010;Spillern <31227>;2024,125
2010;Stetteldorf am Wagram <31228>;1021,25
2010;Stetten <31229>;1253,625
2010;Stockerau <31230>;15441,125
2010;Würnitz ^<31233>;-
2010;Aggsbach <31301>;686,25
2010;Albrechtsberg an der Großen Krems <31302>;1055,125
2010;Bergern im Dunkelsteinerwald <31303>;1268,625
2010;Droß <31356>;892,875
2010;Dürnstein <31304>;874,5
2010;Furth bei Göttweig <31309>;2811,75
2010;Gedersdorf <31310>;2171,75
2010;Gföhl <31311>;3725,125
2010;Grafenegg <31308>;2978,875
2010;Gut am Steg ^<31314>;-
2010;Hadersdorf-Kammern <31315>;1988
2010;Imbach ^<31318>;-
2010;Jaidhof <31319>;1153,625
2010;Krumau am Kamp <31321>;768,625
2010;Langenlois <31322>;7275,625
2010;Lengenfeld <31323>;1444,125
2010;Lichtenau im Waldviertel <31324>;2037,125
2010;Maria Laach am Jauerling <31326>;936,375
2010;Mautern an der Donau <31327>;3476
2010;Mühldorf <31330>;1392,25
2010;Paudorf <31333>;2464,5
2010;Rastenfeld <31336>;1421,625
2010;Rohrendorf bei Krems <31337>;1900,375
2010;Rossatz-Arnsdorf <31338>;1109,125
2010;St. Leonhard am Hornerwald <31340>;1154,875
2010;Schönberg am Kamp <31355>;1876
2010;Senftenberg <31343>;1927,875
2010;Spitz <31344>;1663,875
2010;Straß im Straßertale <31346>;1561,875
2010;Stratzing <31347>;808,125
2010;Weinzierl am Walde <31350>;1279,875
2010;Weißenkirchen in der Wachau <31351>;1439,125
2010;Annaberg <31401>;562,125
2010;Eschenau <31402>;1374,25
2010;Hainfeld <31403>;3709,5
2010;Hohenberg <31404>;1552,75
2010;Kaumberg <31405>;1002,25
2010;Kleinzell <31406>;852,125
2010;Lilienfeld <31407>;2850,5
2010;Mitterbach am Erlaufsee <31408>;577
2010;Ramsau <31409>;851,375
2010;Rohrbach an der Gölsen <31410>;1692
2010;St. Aegyd am Neuwalde <31411>;2081,375
2010;St. Veit an der Gölsen <31412>;3946,75
2010;Traisen <31413>;3617,25
2010;Türnitz <31414>;1943,25
2010;Artstetten-Pöbring <31502>;1163
2010;Bergland <31503>;1829,5
2010;Bischofstetten <31504>;1173,625
2010;Blindenmarkt <31505>;2572
2010;Dorfstetten <31506>;602,375
2010;Dunkelsteinerwald <31507>;2348,875
2010;Emmersdorf an der Donau <31553>;1719,25
2010;Erlauf <31508>;1121,75
2010;Golling an der Erlauf <31509>;1527,625
2010;Hofamt Priel <31511>;1669
2010;Hürm <31513>;1721,5
2010;Kilb <31514>;2536,875
2010;Kirnberg an der Mank <31515>;996,25
2010;Klein-Pöchlarn <31516>;996,625
2010;Krummnußbaum <31517>;1446,875
2010;Leiben <31519>;1353,75
2010;Loosdorf <31520>;3722,125
2010;Mank <31521>;3040,875
2010;Marbach an der Donau <31522>;1652,5
2010;Maria Taferl <31523>;845,125
2010;Melk <31524>;5264,625
2010;Münichreith-Laimbach <31525>;1675,625
2010;Neumarkt an der Ybbs <31527>;1790,25
2010;Nöchling <31528>;1032,5
2010;Persenbeug-Gottsdorf <31530>;2303,625
2010;Petzenkirchen <31531>;1327,75
2010;Pöchlarn <31533>;3937,125
2010;Pöggstall <31534>;2497,375
2010;Raxendorf <31535>;1066,125
2010;Ritzengrub ^<31536>;-
2010;Ruprechtshofen <31537>;2283,5
2010;St. Leonhard am Forst <31539>;3025,625
2010;St. Martin-Karlsbach <31540>;1653,25
2010;St. Oswald <31541>;1122,625
2010;Schollach <31543>;917,375
2010;Schönbühel-Aggsbach <31542>;1013,875
2010;Texingtal <31551>;1590,375
2010;Weiten <31546>;1123,5
2010;Ybbs an der Donau <31549>;5652,375
2010;Yspertal <31552>;1828,75
2010;Zelking-Matzleinsdorf <31550>;1243,75
2010;Altlichtenwarth <31601>;730
2010;Asparn an der Zaya <31603>;1781,75
2010;Bernhardsthal <31604>;1626,625
2010;Bockfließ <31605>;1355,375
2010;Drasenhofen <31606>;1151,375
2010;Falkenstein <31608>;465,25
2010;Fallbach <31609>;846
2010;Gartenbrunn ^<31657>;-
2010;Gaubitsch <31611>;891,25
2010;Gaweinstal <31612>;3716,625
2010;Gnadendorf <31613>;1163,625
2010;Großebersdorf <31614>;2253,5
2010;Großengersdorf <31615>;1464,5
2010;Großharras <31616>;1132,125
2010;Großkrut <31617>;1561,875
2010;Hausbrunn <31620>;822,375
2010;Herrnbaumgarten <31621>;963,25
2010;Hochleithen <31622>;1136
2010;Kreuttal <31627>;1407,75
2010;Kreuzstetten <31628>;1511,125
2010;Laa an der Thaya <31629>;6228,875
2010;Ladendorf <31630>;2235,75
2010;Mistelbach <31633>;10984
2010;Neudorf im Weinviertel <31634>;1443,375
2010;Niederleis <31636>;835,75
2010;Ottenthal <31658>;598,125
2010;Pillichsdorf <31642>;1100
2010;Poysdorf <31644>;5486,75
2010;Rabensburg <31645>;1112,875
2010;Schrattenberg <31646>;831,625
2010;Staatz <31649>;1994,125
2010;Stronsdorf <31650>;1649,25
2010;Ulrichskirchen-Schleinbach <31651>;2574,875
2010;Unterstinkenbrunn <31652>;582,625
2010;Wildendürnbach <31653>;1549,25
2010;Wilfersdorf <31654>;2074,375
2010;Wolkersdorf im Weinviertel <31655>;6713,75
2010;Achau <31701>;1236,25
2010;Biedermannsdorf <31702>;2859,375
2010;Breitenfurt bei Wien <31703>;5785,25
2010;Brunn am Gebirge <31704>;11112
2010;Gaaden <31706>;1605,625
2010;Gießhübl <31707>;2110,625
2010;Gumpoldskirchen <31709>;3458,5
2010;Guntramsdorf <31710>;8916,875
2010;Hennersdorf <31711>;1464,625
2010;Hinterbrühl <31712>;4030,125
2010;Kaltenleutgeben <31713>;3334,375
2010;Laab im Walde <31714>;1141,125
2010;Laxenburg <31715>;2723,75
2010;Maria Enzersdorf <31716>;8663,625
2010;Mödling <31717>;20358,625
2010;Münchendorf <31718>;2475,5
2010;Perchtoldsdorf <31719>;14508,75
2010;Vösendorf <31723>;6098,125
2010;Wiener Neudorf <31725>;8814,25
2010;Wienerwald <31726>;2462,25
2010;Altendorf <31801>;306,625
2010;Aspangberg-St. Peter <31803>;1876,125
2010;Aspang-Markt <31802>;1802,375
2010;Breitenau <31804>;1379,625
2010;Breitenstein <31805>;345,875
2010;Buchbach <31806>;352
2010;Bürg-Vöstenhof <31842>;176,375
2010;Edlitz <31807>;918,25
2010;Enzenreith <31808>;1887,625
2010;Feistritz am Wechsel <31809>;1087
2010;Gloggnitz <31810>;6026,125
2010;Grafenbach-St. Valentin <31811>;2272,375
2010;Grimmenstein <31812>;1352,25
2010;Grünbach am Schneeberg <31813>;1688,375
2010;Höflein an der Hohen Wand <31849>;857,375
2010;Kirchberg am Wechsel <31814>;2398
2010;Mönichkirchen <31815>;592,875
2010;Natschbach-Loipersbach <31817>;1714,375
2010;Neunkirchen <31818>;12270,875
2010;Otterthal <31820>;594,125
2010;Payerbach <31821>;2151,875
2010;Pitten <31823>;2384,375
2010;Pottschach ^<31824>;-
2010;Prigglitz <31825>;484,25
2010;Puchberg am Schneeberg <31826>;2632,375
2010;Raach am Hochgebirge <31827>;286
2010;Raglitz ^<31828>;-
2010;Reichenau an der Rax <31829>;2721
2010;St. Corona am Wechsel <31830>;378
2010;St. Egyden am Steinfeld <31831>;1884,125
2010;Scheiblingkirchen-Thernberg <31832>;1880,875
2010;Schottwien <31833>;701,375
2010;Schrattenbach <31834>;350,875
2010;Schwarzau am Steinfeld <31835>;1887,25
2010;Schwarzau im Gebirge <31836>;701,625
2010;Seebenstein <31837>;1328,75
2010;Semmering <31838>;582,625
2010;Ternitz <31839>;14815,625
2010;Thomasberg <31840>;1218,375
2010;Trattenbach <31841>;552,375
2010;Warth <31843>;1537,625
2010;Wartmannstetten <31844>;1605,25
2010;Willendorf <31845>;888,75
2010;Wimpassing im Schwarzatale <31846>;1754,5
2010;Würflach <31847>;1576,75
2010;Zöbern <31848>;1440,125
2010;Altlengbach <31901>;2725,875
2010;Asperhofen <31902>;2054,125
2010;Böheimkirchen <31903>;4893
2010;Brand-Laaben <31904>;1173,125
2010;Eichgraben <31905>;4289,75
2010;Frankenfels <31906>;2059,5
2010;Gablitz <31949>;-
2010;Gerersdorf <31907>;884,875
2010;Hafnerbach <31910>;1567,375
2010;Haunoldstein <31911>;1052,5
2010;Herzogenburg <31912>;7847,75
2010;Hofstetten-Grünau <31909>;2553,875
2010;Inzersdorf-Getzersdorf <31913>;1463,625
2010;Kapelln <31915>;1373,375
2010;Karlstetten <31916>;2055,5
2010;Kasten bei Böheimkirchen <31917>;1314,5
2010;Kirchberg an der Pielach <31918>;3116,625
2010;Kirchstetten <31919>;2010,625
2010;Loich <31920>;625,25
2010;Maria Anzbach <31921>;2787,875
2010;Markersdorf-Haindorf <31922>;1951,5
2010;Mauerbach <31950>;-
2010;Michelbach <31923>;885,125
2010;Neidling <31925>;1426,375
2010;Neulengbach <31926>;7811,875
2010;Neustift-Innermanzing <31927>;1457,5
2010;Nußdorf ob der Traisen <31928>;1674,375
2010;Ober-Grafendorf <31929>;4649,5
2010;Obritzberg-Rust <31930>;2278,875
2010;Pressbaum <31951>;-
2010;Prinzersdorf <31932>;1539
2010;Purkersdorf <31952>;-
2010;Pyhra <31934>;3399,75
2010;Rabenstein an der Pielach <31935>;2398,375
2010;St. Margarethen an der Sierning <31938>;1003,375
2010;Schwarzenbach an der Pielach <31939>;400,375
2010;Statzendorf <31940>;1398,5
2010;Stössing <31941>;777
2010;Traismauer <31943>;5910,25
2010;Tullnerbach <31953>;-
2010;Weinburg <31945>;1310,25
2010;Perschling <31946>;1317,875
2010;Wilhelmsburg <31947>;6524,5
2010;Wölbling <31948>;2441
2010;Wolfsgraben <31954>;-
2010;Gaming <32001>;3299,5
2010;Göstling an der Ybbs <32002>;2137,5
2010;Gresten <32003>;1997,5
2010;Gresten-Land <32004>;1539,875
2010;Lunz am See <32005>;1841,625
2010;Oberndorf an der Melk <32006>;2967
2010;Puchenstuben <32007>;312
2010;Purgstall an der Erlauf <32008>;5358,25
2010;Randegg <32009>;1930,375
2010;Reinsberg <32010>;1025,25
2010;St. Anton an der Jeßnitz <32011>;1237,75
2010;St. Georgen an der Leys <32012>;1320,625
2010;Scheibbs <32013>;4230,625
2010;Steinakirchen am Forst <32014>;2247,625
2010;Wang <32015>;1344,625
2010;Wieselburg <32016>;3725
2010;Wieselburg-Land <32017>;3203,75
2010;Wolfpassing <32018>;1437,125
2010;Absdorf <32101>;1830
2010;Atzenbrugg <32104>;2541,5
2010;Fels am Wagram <32106>;2056
2010;Grafenwörth <32107>;3000,375
2010;Großriedenthal <32109>;952,375
2010;Großweikersdorf <32110>;3026
2010;Judenau-Baumgarten <32112>;2154,25
2010;Kirchberg am Wagram <32114>;3406,125
2010;Klosterneuburg <32144>;-
2010;Königsbrunn am Wagram <32115>;1323,125
2010;Königstetten <32116>;1986,25
2010;Langenrohr <32119>;2314,125
2010;Michelhausen <32120>;2588,375
2010;Muckendorf-Wipfing <32143>;1287,875
2010;St. Andrä-Wördern <32142>;7477,25
2010;Sieghartskirchen <32131>;7035,375
2010;Sitzenberg-Reidling <32132>;2047,5
2010;Tulbing <32134>;2831,5
2010;Tulln an der Donau <32135>;14878,75
2010;Würmla <32139>;1236,5
2010;Zeiselmauer-Wolfpassing <32140>;2257,125
2010;Zwentendorf an der Donau <32141>;3895,75
2010;Dietmanns <32202>;1109
2010;Dobersberg <32203>;1693,625
2010;Gastern <32206>;1286,75
2010;Groß-Siegharts <32207>;2841,375
2010;Karlstein an der Thaya <32209>;1519,125
2010;Kautzen <32210>;1230,625
2010;Ludweis-Aigen <32212>;992,375
2010;Pfaffenschlag bei Waidhofen a.d.Thaya<32214>;972,5
2010;Raabs an der Thaya <32216>;2809,25
2010;Thaya <32217>;1425,25
2010;Vitis <32219>;2609,375
2010;Waidhofen an der Thaya <32220>;5703,625
2010;Waidhofen an der Thaya-Land <32221>;1193,625
2010;Waldkirchen an der Thaya <32222>;581,25
2010;Windigsteig <32223>;1018,375
2010;Bad Erlach <32306>;2809,75
2010;Bad Fischau-Brunn <32301>;2981,125
2010;Bad Schönau <32302>;772,125
2010;Bromberg <32325>;1224,625
2010;Dreistetten ^<32303>;-
2010;Ebenfurth <32304>;2885,25
2010;Eggendorf <32305>;4420,875
2010;Felixdorf <32307>;4300,625
2010;Gutenstein <32308>;1343,375
2010;Hochneukirchen-Gschaidt <32309>;1678,75
2010;Hochwolkersdorf <32310>;1006,625
2010;Hohe Wand <32311>;1401,625
2010;Hollenthon <32312>;1035,375
2010;Katzelsdorf <32313>;3180,375
2010;Kirchschlag in der Buckligen Welt <32314>;2903,875
2010;Krumbach <32315>;2243,5
2010;Lanzenkirchen <32316>;3743,875
2010;Lichtenegg <32317>;1088,125
2010;Lichtenwörth <32318>;2990,875
2010;Markt Piesting <32319>;2889,625
2010;Matzendorf-Hölles <32320>;1878
2010;Miesenbach <32321>;673,75
2010;Muggendorf <32322>;528,5
2010;Pernitz <32323>;2520,5
2010;Rohr im Gebirge <32324>;484,125
2010;Schwarzenbach <32326>;1016,125
2010;Sollenau <32327>;4707,5
2010;Theresienfeld <32330>;2849,5
2010;Waidmannsfeld <32331>;1625
2010;Waldegg <32332>;2019,25
2010;Walpersbach <32333>;1058,375
2010;Weikersdorf am Steinfelde <32334>;1075,375
2010;Wiesmath <32335>;1536,25
2010;Winzendorf-Muthmannsdorf <32336>;1838,375
2010;Wöllersdorf-Steinabrückl <32337>;4158,5
2010;Zillingdorf <32338>;1974,875
2010;Ebergassing ^<32401>;3803
2010;Fischamend ^<32402>;4786,25
2010;Gablitz ^<32403>;4620
2010;Gerasdorf bei Wien ^<32404>;10044,125
2010;Gramatneusiedl ^<32405>;2877
2010;Himberg ^<32406>;6489,875
2010;Klein-Neusiedl ^<32407>;790,5
2010;Klosterneuburg ^<32408>;25651,25
2010;Lanzendorf ^<32409>;1680,5
2010;Leopoldsdorf ^<32410>;4626,875
2010;Maria-Lanzendorf ^<32411>;2054,75
2010;Mauerbach ^<32412>;3671,875
2010;Moosbrunn ^<32413>;1609,75
2010;Pressbaum ^<32415>;6913,125
2010;Purkersdorf ^<32416>;9049,625
2010;Rauchenwarth ^<32417>;657,125
2010;Schwadorf ^<32418>;1957,25
2010;Schwechat ^<32419>;16328
2010;Tullnerbach ^<32421>;2659,5
2010;Wienerherberg ^<32422>;-
2010;Wolfsgraben ^<32423>;1621,875
2010;Zwölfaxing ^<32424>;1576,125
2010;Allentsteig <32501>;2026,375
2010;Altmelon <32519>;864,875
2010;Arbesbach <32502>;1743
2010;Bad Traunstein <32528>;1053,625
2010;Bärnkopf <32503>;359,5
2010;Echsenbach <32504>;1204
2010;Göpfritz an der Wild <32505>;1804,5
2010;Grafenschlag <32506>;881,5
2010;Groß Gerungs <32508>;4663,875
2010;Großgöttfritz <32509>;1428
2010;Gutenbrunn <32511>;574
2010;Kirchschlag <32514>;677,125
2010;Kottes-Purk <32515>;1576,25
2010;Langschlag <32516>;1813
2010;Martinsberg <32517>;1160,25
2010;Ottenschlag <32518>;991,125
2010;Pölla <32520>;992,375
2010;Rappottenstein <32521>;1758,125
2010;Sallingberg <32522>;1380,75
2010;Schönbach <32523>;872,625
2010;Schwarzenau <32524>;1506,25
2010;Schweiggers <32525>;1978,5
2010;Waldhausen <32529>;1267,375
2010;Zwettl-Niederösterreich <32530>;11297,5
2011;Krems an der Donau <30101>;24029,5
2011;St. Pölten <30201>;51890,75
2011;Waidhofen an der Ybbs <30301>;11422,5
2011;Wiener Neustadt <30401>;41173,75
2011;Altenburg <31101>;819,375
2011;Brunn an der Wild <31102>;855,375
2011;Burgschleinitz-Kühnring <31103>;1392,25
2011;Drosendorf-Zissersdorf <31104>;1200,875
2011;Eggenburg <31105>;3486,75
2011;Gars am Kamp <31106>;3470,25
2011;Geras <31107>;1368,75
2011;Horn <31109>;6537,25
2011;Irnfritz-Messern <31110>;1429,375
2011;Japons <31111>;740
2011;Langau <31113>;686,625
2011;Meiseldorf <31114>;930,25
2011;Pernegg <31117>;693,875
2011;Röhrenbach <31119>;575,375
2011;Röschitz <31120>;1033,5
2011;Rosenburg-Mold <31121>;839,125
2011;St. Bernhard-Frauenhofen <31123>;1264,375
2011;Sigmundsherberg <31124>;1680,875
2011;Straning-Grafenberg <31130>;763,25
2011;Weitersfeld <31129>;1634,625
2011;Bisamberg <31201>;4416,75
2011;Enzersfeld im Weinviertel <31202>;1611,625
2011;Ernstbrunn <31203>;3062,375
2011;Gerasdorf bei Wien <31235>;-
2011;Großmugl <31204>;1586,125
2011;Großrußbach <31205>;2120,375
2011;Hagenbrunn <31206>;1984,125
2011;Harmannsdorf <31207>;3864,375
2011;Hausleiten <31208>;3625,875
2011;Korneuburg <31213>;12283,125
2011;Langenzersdorf <31214>;7946,75
2011;Leitzersdorf <31215>;1263,75
2011;Leobendorf <31216>;4745,625
2011;Niederhollabrunn <31234>;1598,5
2011;Oberzögersdorf ^<31223>;-
2011;Rußbach <31224>;1379,25
2011;Sierndorf <31226>;3626,25
2011;Spillern <31227>;2118,125
2011;Stetteldorf am Wagram <31228>;1018,75
2011;Stetten <31229>;1253,875
2011;Stockerau <31230>;15583
2011;Würnitz ^<31233>;-
2011;Aggsbach <31301>;683,375
2011;Albrechtsberg an der Großen Krems <31302>;1057,75
2011;Bergern im Dunkelsteinerwald <31303>;1253,25
2011;Droß <31356>;931,5
2011;Dürnstein <31304>;871,125
2011;Furth bei Göttweig <31309>;2858,875
2011;Gedersdorf <31310>;2175
2011;Gföhl <31311>;3715,375
2011;Grafenegg <31308>;2990,75
2011;Gut am Steg ^<31314>;-
2011;Hadersdorf-Kammern <31315>;1991
2011;Imbach ^<31318>;-
2011;Jaidhof <31319>;1165,375
2011;Krumau am Kamp <31321>;773,625
2011;Langenlois <31322>;7339,375
2011;Lengenfeld <31323>;1439,375
2011;Lichtenau im Waldviertel <31324>;2035,25
2011;Maria Laach am Jauerling <31326>;946,875
2011;Mautern an der Donau <31327>;3454,375
2011;Mühldorf <31330>;1389
2011;Paudorf <31333>;2447,5
2011;Rastenfeld <31336>;1400
2011;Rohrendorf bei Krems <31337>;1982,25
2011;Rossatz-Arnsdorf <31338>;1100,625
2011;St. Leonhard am Hornerwald <31340>;1153
2011;Schönberg am Kamp <31355>;1887,75
2011;Senftenberg <31343>;1898,75
2011;Spitz <31344>;1662,125
2011;Straß im Straßertale <31346>;1559,375
2011;Stratzing <31347>;809,25
2011;Weinzierl am Walde <31350>;1282,5
2011;Weißenkirchen in der Wachau <31351>;1435,375
2011;Annaberg <31401>;563,875
2011;Eschenau <31402>;1366,375
2011;Hainfeld <31403>;3703,5
2011;Hohenberg <31404>;1537,25
2011;Kaumberg <31405>;1002,375
2011;Kleinzell <31406>;843,375
2011;Lilienfeld <31407>;2815,625
2011;Mitterbach am Erlaufsee <31408>;556,375
2011;Ramsau <31409>;855,5
2011;Rohrbach an der Gölsen <31410>;1684,875
2011;St. Aegyd am Neuwalde <31411>;2056,375
2011;St. Veit an der Gölsen <31412>;3931,5
2011;Traisen <31413>;3575,875
2011;Türnitz <31414>;1917,625
2011;Artstetten-Pöbring <31502>;1167,375
2011;Bergland <31503>;1845,875
2011;Bischofstetten <31504>;1171,5
2011;Blindenmarkt <31505>;2550,375
2011;Dorfstetten <31506>;596,375
2011;Dunkelsteinerwald <31507>;2328,25
2011;Emmersdorf an der Donau <31553>;1716,125
2011;Erlauf <31508>;1111,5
2011;Golling an der Erlauf <31509>;1541,5
2011;Hofamt Priel <31511>;1691,875
2011;Hürm <31513>;1723,375
2011;Kilb <31514>;2544,5
2011;Kirnberg an der Mank <31515>;1011,25
2011;Klein-Pöchlarn <31516>;981,375
2011;Krummnußbaum <31517>;1456,75
2011;Leiben <31519>;1357,75
2011;Loosdorf <31520>;3766,125
2011;Mank <31521>;3071,875
2011;Marbach an der Donau <31522>;1642,75
2011;Maria Taferl <31523>;854,375
2011;Melk <31524>;5237,875
2011;Münichreith-Laimbach <31525>;1667,75
2011;Neumarkt an der Ybbs <31527>;1776,75
2011;Nöchling <31528>;1036,625
2011;Persenbeug-Gottsdorf <31530>;2284,875
2011;Petzenkirchen <31531>;1319,75
2011;Pöchlarn <31533>;3921,625
2011;Pöggstall <31534>;2483,75
2011;Raxendorf <31535>;1055,125
2011;Ritzengrub ^<31536>;-
2011;Ruprechtshofen <31537>;2253
2011;St. Leonhard am Forst <31539>;3014,625
2011;St. Martin-Karlsbach <31540>;1661,625
2011;St. Oswald <31541>;1119,375
2011;Schollach <31543>;916,5
2011;Schönbühel-Aggsbach <31542>;1027,125
2011;Texingtal <31551>;1592,75
2011;Weiten <31546>;1122,25
2011;Ybbs an der Donau <31549>;5622,375
2011;Yspertal <31552>;1826,75
2011;Zelking-Matzleinsdorf <31550>;1253
2011;Altlichtenwarth <31601>;735,875
2011;Asparn an der Zaya <31603>;1770
2011;Bernhardsthal <31604>;1605,875
2011;Bockfließ <31605>;1341
2011;Drasenhofen <31606>;1148,125
2011;Falkenstein <31608>;462,875
2011;Fallbach <31609>;838,75
2011;Gartenbrunn ^<31657>;-
2011;Gaubitsch <31611>;885,25
2011;Gaweinstal <31612>;3708,25
2011;Gnadendorf <31613>;1142,75
2011;Großebersdorf <31614>;2257,25
2011;Großengersdorf <31615>;1480,125
2011;Großharras <31616>;1133
2011;Großkrut <31617>;1559,625
2011;Hausbrunn <31620>;821,625
2011;Herrnbaumgarten <31621>;957,875
2011;Hochleithen <31622>;1145
2011;Kreuttal <31627>;1427,125
2011;Kreuzstetten <31628>;1517,625
2011;Laa an der Thaya <31629>;6206,375
2011;Ladendorf <31630>;2229,375
2011;Mistelbach <31633>;10974
2011;Neudorf im Weinviertel <31634>;1424,625
2011;Niederleis <31636>;833,375
2011;Ottenthal <31658>;590,875
2011;Pillichsdorf <31642>;1101,375
2011;Poysdorf <31644>;5502,125
2011;Rabensburg <31645>;1128,25
2011;Schrattenberg <31646>;836,625
2011;Staatz <31649>;1991,375
2011;Stronsdorf <31650>;1646,375
2011;Ulrichskirchen-Schleinbach <31651>;2585
2011;Unterstinkenbrunn <31652>;569,125
2011;Wildendürnbach <31653>;1571,5
2011;Wilfersdorf <31654>;2098,75
2011;Wolkersdorf im Weinviertel <31655>;6738
2011;Achau <31701>;1224
2011;Biedermannsdorf <31702>;2860,625
2011;Breitenfurt bei Wien <31703>;5816,125
2011;Brunn am Gebirge <31704>;11249,5
2011;Gaaden <31706>;1613,75
2011;Gießhübl <31707>;2136,875
2011;Gumpoldskirchen <31709>;3516
2011;Guntramsdorf <31710>;8933
2011;Hennersdorf <31711>;1455,375
2011;Hinterbrühl <31712>;4023,5
2011;Kaltenleutgeben <31713>;3325,75
2011;Laab im Walde <31714>;1143,125
2011;Laxenburg <31715>;2757,375
2011;Maria Enzersdorf <31716>;8644,5
2011;Mödling <31717>;20397,125
2011;Münchendorf <31718>;2569
2011;Perchtoldsdorf <31719>;14543,625
2011;Vösendorf <31723>;6212,5
2011;Wiener Neudorf <31725>;8822,875
2011;Wienerwald <31726>;2487,375
2011;Altendorf <31801>;305,375
2011;Aspangberg-St. Peter <31803>;1887,5
2011;Aspang-Markt <31802>;1812
2011;Breitenau <31804>;1396,125
2011;Breitenstein <31805>;342,125
2011;Buchbach <31806>;345
2011;Bürg-Vöstenhof <31842>;176,125
2011;Edlitz <31807>;904,375
2011;Enzenreith <31808>;1881,625
2011;Feistritz am Wechsel <31809>;1064,375
2011;Gloggnitz <31810>;6035,375
2011;Grafenbach-St. Valentin <31811>;2246,5
2011;Grimmenstein <31812>;1330,25
2011;Grünbach am Schneeberg <31813>;1641,125
2011;Höflein an der Hohen Wand <31849>;855,5
2011;Kirchberg am Wechsel <31814>;2372,5
2011;Mönichkirchen <31815>;587,25
2011;Natschbach-Loipersbach <31817>;1709,125
2011;Neunkirchen <31818>;12278
2011;Otterthal <31820>;586,5
2011;Payerbach <31821>;2132,125
2011;Pitten <31823>;2447,25
2011;Pottschach ^<31824>;-
2011;Prigglitz <31825>;481,625
2011;Puchberg am Schneeberg <31826>;2633,375
2011;Raach am Hochgebirge <31827>;288,875
2011;Raglitz ^<31828>;-
2011;Reichenau an der Rax <31829>;2709,625
2011;St. Corona am Wechsel <31830>;380,625
2011;St. Egyden am Steinfeld <31831>;1887,25
2011;Scheiblingkirchen-Thernberg <31832>;1895,5
2011;Schottwien <31833>;705,125
2011;Schrattenbach <31834>;364,375
2011;Schwarzau am Steinfeld <31835>;1892,125
2011;Schwarzau im Gebirge <31836>;707,375
2011;Seebenstein <31837>;1313,75
2011;Semmering <31838>;569,375
2011;Ternitz <31839>;14804
2011;Thomasberg <31840>;1208,625
2011;Trattenbach <31841>;546,5
2011;Warth <31843>;1516
2011;Wartmannstetten <31844>;1598,875
2011;Willendorf <31845>;894,5
2011;Wimpassing im Schwarzatale <31846>;1719,25
2011;Würflach <31847>;1568,125
2011;Zöbern <31848>;1438,5
2011;Altlengbach <31901>;2729,375
2011;Asperhofen <31902>;2085,625
2011;Böheimkirchen <31903>;4901,625
2011;Brand-Laaben <31904>;1203,875
2011;Eichgraben <31905>;4337,375
2011;Frankenfels <31906>;2039,5
2011;Gablitz <31949>;-
2011;Gerersdorf <31907>;902,375
2011;Hafnerbach <31910>;1560,25
2011;Haunoldstein <31911>;1036,625
2011;Herzogenburg <31912>;7802
2011;Hofstetten-Grünau <31909>;2566,5
2011;Inzersdorf-Getzersdorf <31913>;1449,375
2011;Kapelln <31915>;1367,75
2011;Karlstetten <31916>;2066,75
2011;Kasten bei Böheimkirchen <31917>;1317,75
2011;Kirchberg an der Pielach <31918>;3120,625
2011;Kirchstetten <31919>;2026,25
2011;Loich <31920>;615,375
2011;Maria Anzbach <31921>;2798,625
2011;Markersdorf-Haindorf <31922>;1945,625
2011;Mauerbach <31950>;-
2011;Michelbach <31923>;884,125
2011;Neidling <31925>;1463,875
2011;Neulengbach <31926>;7835,875
2011;Neustift-Innermanzing <31927>;1475,125
2011;Nußdorf ob der Traisen <31928>;1669,375
2011;Ober-Grafendorf <31929>;4619,25
2011;Obritzberg-Rust <31930>;2282,625
2011;Pressbaum <31951>;-
2011;Prinzersdorf <31932>;1579,5
2011;Purkersdorf <31952>;-
2011;Pyhra <31934>;3388,5
2011;Rabenstein an der Pielach <31935>;2399,625
2011;St. Margarethen an der Sierning <31938>;995,125
2011;Schwarzenbach an der Pielach <31939>;393
2011;Statzendorf <31940>;1375,5
2011;Stössing <31941>;767,125
2011;Traismauer <31943>;5911,25
2011;Tullnerbach <31953>;-
2011;Weinburg <31945>;1302
2011;Perschling <31946>;1313
2011;Wilhelmsburg <31947>;6499,625
2011;Wölbling <31948>;2436,125
2011;Wolfsgraben <31954>;-
2011;Gaming <32001>;3260,875
2011;Göstling an der Ybbs <32002>;2095,875
2011;Gresten <32003>;1962
2011;Gresten-Land <32004>;1543,75
2011;Lunz am See <32005>;1838,75
2011;Oberndorf an der Melk <32006>;2965,125
2011;Puchenstuben <32007>;311,375
2011;Purgstall an der Erlauf <32008>;5372,125
2011;Randegg <32009>;1919,875
2011;Reinsberg <32010>;1012,5
2011;St. Anton an der Jeßnitz <32011>;1233,375
2011;St. Georgen an der Leys <32012>;1320,75
2011;Scheibbs <32013>;4218
2011;Steinakirchen am Forst <32014>;2257,625
2011;Wang <32015>;1333,25
2011;Wieselburg <32016>;3721,125
2011;Wieselburg-Land <32017>;3233,625
2011;Wolfpassing <32018>;1457,5
2011;Absdorf <32101>;1807,5
2011;Atzenbrugg <32104>;2586,5
2011;Fels am Wagram <32106>;2085,875
2011;Grafenwörth <32107>;3012,625
2011;Großriedenthal <32109>;946,75
2011;Großweikersdorf <32110>;3047,125
2011;Judenau-Baumgarten <32112>;2146,875
2011;Kirchberg am Wagram <32114>;3451
2011;Klosterneuburg <32144>;-
2011;Königsbrunn am Wagram <32115>;1337,25
2011;Königstetten <32116>;1990,5
2011;Langenrohr <32119>;2301
2011;Michelhausen <32120>;2596,75
2011;Muckendorf-Wipfing <32143>;1308,25
2011;St. Andrä-Wördern <32142>;7523,5
2011;Sieghartskirchen <32131>;7117,75
2011;Sitzenberg-Reidling <32132>;2041,75
2011;Tulbing <32134>;2883,75
2011;Tulln an der Donau <32135>;15104,875
2011;Würmla <32139>;1260,5
2011;Zeiselmauer-Wolfpassing <32140>;2256,375
2011;Zwentendorf an der Donau <32141>;3947,125
2011;Dietmanns <32202>;1098,75
2011;Dobersberg <32203>;1688,375
2011;Gastern <32206>;1287,25
2011;Groß-Siegharts <32207>;2819
2011;Karlstein an der Thaya <32209>;1506,125
2011;Kautzen <32210>;1199,5
2011;Ludweis-Aigen <32212>;991
2011;Pfaffenschlag bei Waidhofen a.d.Thaya<32214>;957
2011;Raabs an der Thaya <32216>;2777
2011;Thaya <32217>;1418,125
2011;Vitis <32219>;2629,125
2011;Waidhofen an der Thaya <32220>;5663,25
2011;Waidhofen an der Thaya-Land <32221>;1193,875
2011;Waldkirchen an der Thaya <32222>;566,625
2011;Windigsteig <32223>;1003,875
2011;Bad Erlach <32306>;2819,625
2011;Bad Fischau-Brunn <32301>;2993,25
2011;Bad Schönau <32302>;759,375
2011;Bromberg <32325>;1215,25
2011;Dreistetten ^<32303>;-
2011;Ebenfurth <32304>;2876,5
2011;Eggendorf <32305>;4488,375
2011;Felixdorf <32307>;4239,125
2011;Gutenstein <32308>;1306,875
2011;Hochneukirchen-Gschaidt <32309>;1685,625
2011;Hochwolkersdorf <32310>;1009,75
2011;Hohe Wand <32311>;1413
2011;Hollenthon <32312>;1039,5
2011;Katzelsdorf <32313>;3186
2011;Kirchschlag in der Buckligen Welt <32314>;2915,625
2011;Krumbach <32315>;2244,125
2011;Lanzenkirchen <32316>;3767,75
2011;Lichtenegg <32317>;1081
2011;Lichtenwörth <32318>;2956,75
2011;Markt Piesting <32319>;2922,25
2011;Matzendorf-Hölles <32320>;1894,25
2011;Miesenbach <32321>;679,625
2011;Muggendorf <32322>;519,875
2011;Pernitz <32323>;2530,75
2011;Rohr im Gebirge <32324>;486,125
2011;Schwarzenbach <32326>;1005,125
2011;Sollenau <32327>;4755,125
2011;Theresienfeld <32330>;2916
2011;Waidmannsfeld <32331>;1622,625
2011;Waldegg <32332>;2000,875
2011;Walpersbach <32333>;1072,625
2011;Weikersdorf am Steinfelde <32334>;1072,375
2011;Wiesmath <32335>;1532,125
2011;Winzendorf-Muthmannsdorf <32336>;1844,25
2011;Wöllersdorf-Steinabrückl <32337>;4154,375
2011;Zillingdorf <32338>;2004,25
2011;Ebergassing ^<32401>;3847,125
2011;Fischamend ^<32402>;4808,375
2011;Gablitz ^<32403>;4657,625
2011;Gerasdorf bei Wien ^<32404>;10218,5
2011;Gramatneusiedl ^<32405>;2922,875
2011;Himberg ^<32406>;6619,5
2011;Klein-Neusiedl ^<32407>;790,25
2011;Klosterneuburg ^<32408>;25807
2011;Lanzendorf ^<32409>;1680,25
2011;Leopoldsdorf ^<32410>;4746,375
2011;Maria-Lanzendorf ^<32411>;2061,875
2011;Mauerbach ^<32412>;3640
2011;Moosbrunn ^<32413>;1628,625
2011;Pressbaum ^<32415>;7027,375
2011;Purkersdorf ^<32416>;9223,875
2011;Rauchenwarth ^<32417>;659,625
2011;Schwadorf ^<32418>;1922,5
2011;Schwechat ^<32419>;16418,5
2011;Tullnerbach ^<32421>;2688,125
2011;Wienerherberg ^<32422>;-
2011;Wolfsgraben ^<32423>;1624,125
2011;Zwölfaxing ^<32424>;1571,375
2011;Allentsteig <32501>;2001,125
2011;Altmelon <32519>;865,5
2011;Arbesbach <32502>;1727,625
2011;Bad Traunstein <32528>;1062,5
2011;Bärnkopf <32503>;352,75
2011;Echsenbach <32504>;1195,875
2011;Göpfritz an der Wild <32505>;1820,125
2011;Grafenschlag <32506>;884,5
2011;Groß Gerungs <32508>;4618,875
2011;Großgöttfritz <32509>;1429,625
2011;Gutenbrunn <32511>;571,75
2011;Kirchschlag <32514>;669,375
2011;Kottes-Purk <32515>;1541,75
2011;Langschlag <32516>;1806,5
2011;Martinsberg <32517>;1148,125
2011;Ottenschlag <32518>;980,875
2011;Pölla <32520>;977,75
2011;Rappottenstein <32521>;1755,25
2011;Sallingberg <32522>;1374,25
2011;Schönbach <32523>;862,625
2011;Schwarzenau <32524>;1539,125
2011;Schweiggers <32525>;1983,75
2011;Waldhausen <32529>;1265,875
2011;Zwettl-Niederösterreich <32530>;11259,625
2012;Krems an der Donau <30101>;23949,25
2012;St. Pölten <30201>;51908,75
2012;Waidhofen an der Ybbs <30301>;11424,375
2012;Wiener Neustadt <30401>;41588,625
2012;Altenburg <31101>;815,625
2012;Brunn an der Wild <31102>;839,125
2012;Burgschleinitz-Kühnring <31103>;1380,125
2012;Drosendorf-Zissersdorf <31104>;1206,875
2012;Eggenburg <31105>;3495,5
2012;Gars am Kamp <31106>;3483,5
2012;Geras <31107>;1371,375
2012;Horn <31109>;6561,375
2012;Irnfritz-Messern <31110>;1430,125
2012;Japons <31111>;739,25
2012;Langau <31113>;688,5
2012;Meiseldorf <31114>;932,25
2012;Pernegg <31117>;689,25
2012;Röhrenbach <31119>;570,625
2012;Röschitz <31120>;1029,5
2012;Rosenburg-Mold <31121>;834,375
2012;St. Bernhard-Frauenhofen <31123>;1260,25
2012;Sigmundsherberg <31124>;1663,375
2012;Straning-Grafenberg <31130>;754
2012;Weitersfeld <31129>;1609,75
2012;Bisamberg <31201>;4492
2012;Enzersfeld im Weinviertel <31202>;1632,875
2012;Ernstbrunn <31203>;3093,375
2012;Gerasdorf bei Wien <31235>;-
2012;Großmugl <31204>;1587,125
2012;Großrußbach <31205>;2124,75
2012;Hagenbrunn <31206>;1997
2012;Harmannsdorf <31207>;3895,75
2012;Hausleiten <31208>;3638,5
2012;Korneuburg <31213>;12171
2012;Langenzersdorf <31214>;7988,5
2012;Leitzersdorf <31215>;1270,875
2012;Leobendorf <31216>;4790,125
2012;Niederhollabrunn <31234>;1587,625
2012;Oberzögersdorf ^<31223>;-
2012;Rußbach <31224>;1391
2012;Sierndorf <31226>;3659
2012;Spillern <31227>;2142,125
2012;Stetteldorf am Wagram <31228>;1024
2012;Stetten <31229>;1262,75
2012;Stockerau <31230>;15700,5
2012;Würnitz ^<31233>;-
2012;Aggsbach <31301>;679
2012;Albrechtsberg an der Großen Krems <31302>;1063,25
2012;Bergern im Dunkelsteinerwald <31303>;1252,625
2012;Droß <31356>;950,125
2012;Dürnstein <31304>;870,875
2012;Furth bei Göttweig <31309>;2913,75
2012;Gedersdorf <31310>;2170,875
2012;Gföhl <31311>;3689,125
2012;Grafenegg <31308>;2966,5
2012;Gut am Steg ^<31314>;-
2012;Hadersdorf-Kammern <31315>;1996,875
2012;Imbach ^<31318>;-
2012;Jaidhof <31319>;1184,125
2012;Krumau am Kamp <31321>;781,125
2012;Langenlois <31322>;7478,5
2012;Lengenfeld <31323>;1438,75
2012;Lichtenau im Waldviertel <31324>;2037,375
2012;Maria Laach am Jauerling <31326>;938,25
2012;Mautern an der Donau <31327>;3444,75
2012;Mühldorf <31330>;1387,625
2012;Paudorf <31333>;2500,5
2012;Rastenfeld <31336>;1400,25
2012;Rohrendorf bei Krems <31337>;2014
2012;Rossatz-Arnsdorf <31338>;1077,625
2012;St. Leonhard am Hornerwald <31340>;1141,25
2012;Schönberg am Kamp <31355>;1873
2012;Senftenberg <31343>;1888,375
2012;Spitz <31344>;1669,125
2012;Straß im Straßertale <31346>;1580,75
2012;Stratzing <31347>;806,75
2012;Weinzierl am Walde <31350>;1286,75
2012;Weißenkirchen in der Wachau <31351>;1431,875
2012;Annaberg <31401>;553,75
2012;Eschenau <31402>;1370,375
2012;Hainfeld <31403>;3710
2012;Hohenberg <31404>;1520,875
2012;Kaumberg <31405>;994,375
2012;Kleinzell <31406>;853,875
2012;Lilienfeld <31407>;2816,375
2012;Mitterbach am Erlaufsee <31408>;534,5
2012;Ramsau <31409>;867,625
2012;Rohrbach an der Gölsen <31410>;1674,25
2012;St. Aegyd am Neuwalde <31411>;2041,75
2012;St. Veit an der Gölsen <31412>;3900,75
2012;Traisen <31413>;3545
2012;Türnitz <31414>;1898,625
2012;Artstetten-Pöbring <31502>;1153,875
2012;Bergland <31503>;1859,5
2012;Bischofstetten <31504>;1168,125
2012;Blindenmarkt <31505>;2559,5
2012;Dorfstetten <31506>;589,75
2012;Dunkelsteinerwald <31507>;2318,875
2012;Emmersdorf an der Donau <31553>;1725,75
2012;Erlauf <31508>;1095,875
2012;Golling an der Erlauf <31509>;1530,375
2012;Hofamt Priel <31511>;1681
2012;Hürm <31513>;1732,125
2012;Kilb <31514>;2543,875
2012;Kirnberg an der Mank <31515>;1027,125
2012;Klein-Pöchlarn <31516>;962,75
2012;Krummnußbaum <31517>;1458,125
2012;Leiben <31519>;1349,5
2012;Loosdorf <31520>;3800
2012;Mank <31521>;3098
2012;Marbach an der Donau <31522>;1657
2012;Maria Taferl <31523>;856,625
2012;Melk <31524>;5233,625
2012;Münichreith-Laimbach <31525>;1669,875
2012;Neumarkt an der Ybbs <31527>;1816,375
2012;Nöchling <31528>;1037,75
2012;Persenbeug-Gottsdorf <31530>;2268,875
2012;Petzenkirchen <31531>;1309,375
2012;Pöchlarn <31533>;3924,75
2012;Pöggstall <31534>;2473,875
2012;Raxendorf <31535>;1049,5
2012;Ritzengrub ^<31536>;-
2012;Ruprechtshofen <31537>;2247,25
2012;St. Leonhard am Forst <31539>;3008,875
2012;St. Martin-Karlsbach <31540>;1674,75
2012;St. Oswald <31541>;1122
2012;Schollach <31543>;916,75
2012;Schönbühel-Aggsbach <31542>;1027
2012;Texingtal <31551>;1591,375
2012;Weiten <31546>;1113,25
2012;Ybbs an der Donau <31549>;5600,75
2012;Yspertal <31552>;1818,875
2012;Zelking-Matzleinsdorf <31550>;1254,5
2012;Altlichtenwarth <31601>;733,875
2012;Asparn an der Zaya <31603>;1769,875
2012;Bernhardsthal <31604>;1600,75
2012;Bockfließ <31605>;1328,5
2012;Drasenhofen <31606>;1125
2012;Falkenstein <31608>;453,375
2012;Fallbach <31609>;827
2012;Gartenbrunn ^<31657>;-
2012;Gaubitsch <31611>;885
2012;Gaweinstal <31612>;3735,75
2012;Gnadendorf <31613>;1126,75
2012;Großebersdorf <31614>;2256,875
2012;Großengersdorf <31615>;1491,5
2012;Großharras <31616>;1140,375
2012;Großkrut <31617>;1561,875
2012;Hausbrunn <31620>;820,875
2012;Herrnbaumgarten <31621>;959,75
2012;Hochleithen <31622>;1133,875
2012;Kreuttal <31627>;1415,5
2012;Kreuzstetten <31628>;1517,625
2012;Laa an der Thaya <31629>;6159,25
2012;Ladendorf <31630>;2212,25
2012;Mistelbach <31633>;10968,875
2012;Neudorf im Weinviertel <31634>;1406,875
2012;Niederleis <31636>;828,375
2012;Ottenthal <31658>;588,5
2012;Pillichsdorf <31642>;1124,625
2012;Poysdorf <31644>;5500,75
2012;Rabensburg <31645>;1112,375
2012;Schrattenberg <31646>;830,75
2012;Staatz <31649>;1992,625
2012;Stronsdorf <31650>;1645,125
2012;Ulrichskirchen-Schleinbach <31651>;2578
2012;Unterstinkenbrunn <31652>;568
2012;Wildendürnbach <31653>;1579,75
2012;Wilfersdorf <31654>;2124,5
2012;Wolkersdorf im Weinviertel <31655>;6807,5
2012;Achau <31701>;1222,625
2012;Biedermannsdorf <31702>;2844,625
2012;Breitenfurt bei Wien <31703>;5834,25
2012;Brunn am Gebirge <31704>;11361,875
2012;Gaaden <31706>;1604,5
2012;Gießhübl <31707>;2186,25
2012;Gumpoldskirchen <31709>;3654,75
2012;Guntramsdorf <31710>;8956,375
2012;Hennersdorf <31711>;1428
2012;Hinterbrühl <31712>;4069,875
2012;Kaltenleutgeben <31713>;3329,375
2012;Laab im Walde <31714>;1143,375
2012;Laxenburg <31715>;2795,5
2012;Maria Enzersdorf <31716>;8616,75
2012;Mödling <31717>;20407,625
2012;Münchendorf <31718>;2669
2012;Perchtoldsdorf <31719>;14594,75
2012;Vösendorf <31723>;6386,25
2012;Wiener Neudorf <31725>;8819,625
2012;Wienerwald <31726>;2495,875
2012;Altendorf <31801>;314,5
2012;Aspangberg-St. Peter <31803>;1882,625
2012;Aspang-Markt <31802>;1808,75
2012;Breitenau <31804>;1420
2012;Breitenstein <31805>;328,5
2012;Buchbach <31806>;344,125
2012;Bürg-Vöstenhof <31842>;180,875
2012;Edlitz <31807>;895,625
2012;Enzenreith <31808>;1889,875
2012;Feistritz am Wechsel <31809>;1052,875
2012;Gloggnitz <31810>;6001,625
2012;Grafenbach-St. Valentin <31811>;2238,875
2012;Grimmenstein <31812>;1322,625
2012;Grünbach am Schneeberg <31813>;1621,875
2012;Höflein an der Hohen Wand <31849>;887
2012;Kirchberg am Wechsel <31814>;2352
2012;Mönichkirchen <31815>;598,75
2012;Natschbach-Loipersbach <31817>;1741,875
2012;Neunkirchen <31818>;12224,625
2012;Otterthal <31820>;591,25
2012;Payerbach <31821>;2142,25
2012;Pitten <31823>;2474,25
2012;Pottschach ^<31824>;-
2012;Prigglitz <31825>;472,625
2012;Puchberg am Schneeberg <31826>;2649,25
2012;Raach am Hochgebirge <31827>;294,25
2012;Raglitz ^<31828>;-
2012;Reichenau an der Rax <31829>;2653,5
2012;St. Corona am Wechsel <31830>;379,5
2012;St. Egyden am Steinfeld <31831>;1902,375
2012;Scheiblingkirchen-Thernberg <31832>;1899
2012;Schottwien <31833>;698,375
2012;Schrattenbach <31834>;355,875
2012;Schwarzau am Steinfeld <31835>;1878,875
2012;Schwarzau im Gebirge <31836>;703,875
2012;Seebenstein <31837>;1337,375
2012;Semmering <31838>;542,5
2012;Ternitz <31839>;14764,875
2012;Thomasberg <31840>;1223,75
2012;Trattenbach <31841>;540
2012;Warth <31843>;1504,125
2012;Wartmannstetten <31844>;1592,125
2012;Willendorf <31845>;922,625
2012;Wimpassing im Schwarzatale <31846>;1695,75
2012;Würflach <31847>;1552,625
2012;Zöbern <31848>;1436,625
2012;Altlengbach <31901>;2716,25
2012;Asperhofen <31902>;2106,375
2012;Böheimkirchen <31903>;4911,25
2012;Brand-Laaben <31904>;1217
2012;Eichgraben <31905>;4384,75
2012;Frankenfels <31906>;2038,125
2012;Gablitz <31949>;-
2012;Gerersdorf <31907>;918
2012;Hafnerbach <31910>;1549
2012;Haunoldstein <31911>;1059,125
2012;Herzogenburg <31912>;7791,75
2012;Hofstetten-Grünau <31909>;2581,875
2012;Inzersdorf-Getzersdorf <31913>;1478,25
2012;Kapelln <31915>;1385,375
2012;Karlstetten <31916>;2072,125
2012;Kasten bei Böheimkirchen <31917>;1327,5
2012;Kirchberg an der Pielach <31918>;3128,25
2012;Kirchstetten <31919>;2045,25
2012;Loich <31920>;607
2012;Maria Anzbach <31921>;2811,375
2012;Markersdorf-Haindorf <31922>;1967,875
2012;Mauerbach <31950>;-
2012;Michelbach <31923>;891,625
2012;Neidling <31925>;1479,25
2012;Neulengbach <31926>;7845,875
2012;Neustift-Innermanzing <31927>;1493,75
2012;Nußdorf ob der Traisen <31928>;1684,25
2012;Ober-Grafendorf <31929>;4570,625
2012;Obritzberg-Rust <31930>;2282,625
2012;Pressbaum <31951>;-
2012;Prinzersdorf <31932>;1592,875
2012;Purkersdorf <31952>;-
2012;Pyhra <31934>;3396,75
2012;Rabenstein an der Pielach <31935>;2425,875
2012;St. Margarethen an der Sierning <31938>;990,5
2012;Schwarzenbach an der Pielach <31939>;384,5
2012;Statzendorf <31940>;1370,75
2012;Stössing <31941>;783,625
2012;Traismauer <31943>;5876,625
2012;Tullnerbach <31953>;-
2012;Weinburg <31945>;1297
2012;Perschling <31946>;1309,5
2012;Wilhelmsburg <31947>;6525,375
2012;Wölbling <31948>;2442,875
2012;Wolfsgraben <31954>;-
2012;Gaming <32001>;3207,375
2012;Göstling an der Ybbs <32002>;2066,25
2012;Gresten <32003>;1960,25
2012;Gresten-Land <32004>;1532,125
2012;Lunz am See <32005>;1824,875
2012;Oberndorf an der Melk <32006>;2951,125
2012;Puchenstuben <32007>;315,625
2012;Purgstall an der Erlauf <32008>;5362
2012;Randegg <32009>;1918,25
2012;Reinsberg <32010>;1004,125
2012;St. Anton an der Jeßnitz <32011>;1235,5
2012;St. Georgen an der Leys <32012>;1329,5
2012;Scheibbs <32013>;4186,625
2012;Steinakirchen am Forst <32014>;2245,75
2012;Wang <32015>;1321,625
2012;Wieselburg <32016>;3748,125
2012;Wieselburg-Land <32017>;3264,5
2012;Wolfpassing <32018>;1484,5
2012;Absdorf <32101>;1811,5
2012;Atzenbrugg <32104>;2698,25
2012;Fels am Wagram <32106>;2095,25
2012;Grafenwörth <32107>;3020,625
2012;Großriedenthal <32109>;925,625
2012;Großweikersdorf <32110>;3052,875
2012;Judenau-Baumgarten <32112>;2167,75
2012;Kirchberg am Wagram <32114>;3513,25
2012;Klosterneuburg <32144>;-
2012;Königsbrunn am Wagram <32115>;1337
2012;Königstetten <32116>;2004,75
2012;Langenrohr <32119>;2313,25
2012;Michelhausen <32120>;2632
2012;Muckendorf-Wipfing <32143>;1317,25
2012;St. Andrä-Wördern <32142>;7569,5
2012;Sieghartskirchen <32131>;7162
2012;Sitzenberg-Reidling <32132>;2015,125
2012;Tulbing <32134>;2890,25
2012;Tulln an der Donau <32135>;15249,625
2012;Würmla <32139>;1275,25
2012;Zeiselmauer-Wolfpassing <32140>;2239,875
2012;Zwentendorf an der Donau <32141>;3948,625
2012;Dietmanns <32202>;1095,125
2012;Dobersberg <32203>;1683,625
2012;Gastern <32206>;1289,5
2012;Groß-Siegharts <32207>;2788,75
2012;Karlstein an der Thaya <32209>;1506,75
2012;Kautzen <32210>;1171,625
2012;Ludweis-Aigen <32212>;981,125
2012;Pfaffenschlag bei Waidhofen a.d.Thaya<32214>;937,875
2012;Raabs an der Thaya <32216>;2757
2012;Thaya <32217>;1403,5
2012;Vitis <32219>;2624,75
2012;Waidhofen an der Thaya <32220>;5654,75
2012;Waidhofen an der Thaya-Land <32221>;1209,5
2012;Waldkirchen an der Thaya <32222>;557,75
2012;Windigsteig <32223>;999,75
2012;Bad Erlach <32306>;2830
2012;Bad Fischau-Brunn <32301>;3018,125
2012;Bad Schönau <32302>;745,375
2012;Bromberg <32325>;1228,875
2012;Dreistetten ^<32303>;-
2012;Ebenfurth <32304>;2867,125
2012;Eggendorf <32305>;4520,125
2012;Felixdorf <32307>;4239,125
2012;Gutenstein <32308>;1271,75
2012;Hochneukirchen-Gschaidt <32309>;1675,5
2012;Hochwolkersdorf <32310>;1007,25
2012;Hohe Wand <32311>;1405,875
2012;Hollenthon <32312>;1037,5
2012;Katzelsdorf <32313>;3169,25
2012;Kirchschlag in der Buckligen Welt <32314>;2909,625
2012;Krumbach <32315>;2257,375
2012;Lanzenkirchen <32316>;3832,5
2012;Lichtenegg <32317>;1071,75
2012;Lichtenwörth <32318>;2901,875
2012;Markt Piesting <32319>;2922,375
2012;Matzendorf-Hölles <32320>;1898,875
2012;Miesenbach <32321>;695,375
2012;Muggendorf <32322>;515,375
2012;Pernitz <32323>;2524,625
2012;Rohr im Gebirge <32324>;477,25
2012;Schwarzenbach <32326>;995,625
2012;Sollenau <32327>;4746,625
2012;Theresienfeld <32330>;2953
2012;Waidmannsfeld <32331>;1605,75
2012;Waldegg <32332>;1990,625
2012;Walpersbach <32333>;1055,5
2012;Weikersdorf am Steinfelde <32334>;1067,875
2012;Wiesmath <32335>;1523,125
2012;Winzendorf-Muthmannsdorf <32336>;1850
2012;Wöllersdorf-Steinabrückl <32337>;4197,25
2012;Zillingdorf <32338>;2008,375
2012;Ebergassing ^<32401>;3881
2012;Fischamend ^<32402>;4865,75
2012;Gablitz ^<32403>;4669,375
2012;Gerasdorf bei Wien ^<32404>;10294,125
2012;Gramatneusiedl ^<32405>;2953,375
2012;Himberg ^<32406>;6826,25
2012;Klein-Neusiedl ^<32407>;802,875
2012;Klosterneuburg ^<32408>;25882,125
2012;Lanzendorf ^<32409>;1668,25
2012;Leopoldsdorf ^<32410>;4781,25
2012;Maria-Lanzendorf ^<32411>;2051,625
2012;Mauerbach ^<32412>;3647,375
2012;Moosbrunn ^<32413>;1639,875
2012;Pressbaum ^<32415>;7097,75
2012;Purkersdorf ^<32416>;9304,5
2012;Rauchenwarth ^<32417>;661,625
2012;Schwadorf ^<32418>;1918,875
2012;Schwechat ^<32419>;16666,625
2012;Tullnerbach ^<32421>;2716,375
2012;Wienerherberg ^<32422>;-
2012;Wolfsgraben ^<32423>;1622,875
2012;Zwölfaxing ^<32424>;1589,375
2012;Allentsteig <32501>;1977,25
2012;Altmelon <32519>;869
2012;Arbesbach <32502>;1704,5
2012;Bad Traunstein <32528>;1069,625
2012;Bärnkopf <32503>;353,75
2012;Echsenbach <32504>;1197,125
2012;Göpfritz an der Wild <32505>;1835,125
2012;Grafenschlag <32506>;890,25
2012;Groß Gerungs <32508>;4585,875
2012;Großgöttfritz <32509>;1410,25
2012;Gutenbrunn <32511>;564,5
2012;Kirchschlag <32514>;661,75
2012;Kottes-Purk <32515>;1525,5
2012;Langschlag <32516>;1797,875
2012;Martinsberg <32517>;1149,625
2012;Ottenschlag <32518>;991,25
2012;Pölla <32520>;972,125
2012;Rappottenstein <32521>;1731,375
2012;Sallingberg <32522>;1362,625
2012;Schönbach <32523>;851,125
2012;Schwarzenau <32524>;1540,375
2012;Schweiggers <32525>;1983,25
2012;Waldhausen <32529>;1265,875
2012;Zwettl-Niederösterreich <32530>;11188
2013;Krems an der Donau <30101>;23985,25
2013;St. Pölten <30201>;51985,875
2013;Waidhofen an der Ybbs <30301>;11356,25
2013;Wiener Neustadt <30401>;41979
2013;Altenburg <31101>;812,625
2013;Brunn an der Wild <31102>;835,625
2013;Burgschleinitz-Kühnring <31103>;1381,375
2013;Drosendorf-Zissersdorf <31104>;1203,875
2013;Eggenburg <31105>;3493,375
2013;Gars am Kamp <31106>;3506,5
2013;Geras <31107>;1379,75
2013;Horn <31109>;6486,75
2013;Irnfritz-Messern <31110>;1436
2013;Japons <31111>;739
2013;Langau <31113>;672
2013;Meiseldorf <31114>;915,5
2013;Pernegg <31117>;702,75
2013;Röhrenbach <31119>;560,375
2013;Röschitz <31120>;1025,75
2013;Rosenburg-Mold <31121>;824,25
2013;St. Bernhard-Frauenhofen <31123>;1251,5
2013;Sigmundsherberg <31124>;1670,5
2013;Straning-Grafenberg <31130>;759,5
2013;Weitersfeld <31129>;1611,375
2013;Bisamberg <31201>;4513,875
2013;Enzersfeld im Weinviertel <31202>;1643,375
2013;Ernstbrunn <31203>;3101,625
2013;Gerasdorf bei Wien <31235>;-
2013;Großmugl <31204>;1579,5
2013;Großrußbach <31205>;2127,625
2013;Hagenbrunn <31206>;2025,75
2013;Harmannsdorf <31207>;3895
2013;Hausleiten <31208>;3669
2013;Korneuburg <31213>;12353,5
2013;Langenzersdorf <31214>;7993,125
2013;Leitzersdorf <31215>;1266,25
2013;Leobendorf <31216>;4795,875
2013;Niederhollabrunn <31234>;1588,375
2013;Oberzögersdorf ^<31223>;-
2013;Rußbach <31224>;1376,125
2013;Sierndorf <31226>;3691,5
2013;Spillern <31227>;2160,75
2013;Stetteldorf am Wagram <31228>;1025,5
2013;Stetten <31229>;1293,875
2013;Stockerau <31230>;15956,5
2013;Würnitz ^<31233>;-
2013;Aggsbach <31301>;671,5
2013;Albrechtsberg an der Großen Krems <31302>;1058,25
2013;Bergern im Dunkelsteinerwald <31303>;1240,75
2013;Droß <31356>;962,875
2013;Dürnstein <31304>;876
2013;Furth bei Göttweig <31309>;2938,75
2013;Gedersdorf <31310>;2167
2013;Gföhl <31311>;3700
2013;Grafenegg <31308>;2962,75
2013;Gut am Steg ^<31314>;-
2013;Hadersdorf-Kammern <31315>;2016,625
2013;Imbach ^<31318>;-
2013;Jaidhof <31319>;1189,75
2013;Krumau am Kamp <31321>;769,125
2013;Langenlois <31322>;7514
2013;Lengenfeld <31323>;1430,375
2013;Lichtenau im Waldviertel <31324>;2024
2013;Maria Laach am Jauerling <31326>;924,5
2013;Mautern an der Donau <31327>;3482,5
2013;Mühldorf <31330>;1373,625
2013;Paudorf <31333>;2505,625
2013;Rastenfeld <31336>;1423,25
2013;Rohrendorf bei Krems <31337>;2009,375
2013;Rossatz-Arnsdorf <31338>;1046,625
2013;St. Leonhard am Hornerwald <31340>;1132,625
2013;Schönberg am Kamp <31355>;1869,75
2013;Senftenberg <31343>;1915,75
2013;Spitz <31344>;1638,375
2013;Straß im Straßertale <31346>;1592,75
2013;Stratzing <31347>;829,625
2013;Weinzierl am Walde <31350>;1277,375
2013;Weißenkirchen in der Wachau <31351>;1412,25
2013;Annaberg <31401>;536,125
2013;Eschenau <31402>;1352,875
2013;Hainfeld <31403>;3670
2013;Hohenberg <31404>;1498,25
2013;Kaumberg <31405>;984,625
2013;Kleinzell <31406>;846,75
2013;Lilienfeld <31407>;2853,125
2013;Mitterbach am Erlaufsee <31408>;533,5
2013;Ramsau <31409>;857,25
2013;Rohrbach an der Gölsen <31410>;1659,5
2013;St. Aegyd am Neuwalde <31411>;2001,75
2013;St. Veit an der Gölsen <31412>;3901,875
2013;Traisen <31413>;3525,75
2013;Türnitz <31414>;1879,125
2013;Artstetten-Pöbring <31502>;1156,75
2013;Bergland <31503>;1865,625
2013;Bischofstetten <31504>;1169
2013;Blindenmarkt <31505>;2586,375
2013;Dorfstetten <31506>;580,25
2013;Dunkelsteinerwald <31507>;2321,5
2013;Emmersdorf an der Donau <31553>;1741,25
2013;Erlauf <31508>;1067,625
2013;Golling an der Erlauf <31509>;1511,5
2013;Hofamt Priel <31511>;1662,375
2013;Hürm <31513>;1733
2013;Kilb <31514>;2528,5
2013;Kirnberg an der Mank <31515>;1043,625
2013;Klein-Pöchlarn <31516>;950,25
2013;Krummnußbaum <31517>;1456,75
2013;Leiben <31519>;1355
2013;Loosdorf <31520>;3807,125
2013;Mank <31521>;3107,125
2013;Marbach an der Donau <31522>;1657
2013;Maria Taferl <31523>;878,25
2013;Melk <31524>;5184,875
2013;Münichreith-Laimbach <31525>;1664,125
2013;Neumarkt an der Ybbs <31527>;1857
2013;Nöchling <31528>;1049
2013;Persenbeug-Gottsdorf <31530>;2254
2013;Petzenkirchen <31531>;1302,75
2013;Pöchlarn <31533>;3930,25
2013;Pöggstall <31534>;2475,875
2013;Raxendorf <31535>;1042
2013;Ritzengrub ^<31536>;-
2013;Ruprechtshofen <31537>;2285,375
2013;St. Leonhard am Forst <31539>;3023,75
2013;St. Martin-Karlsbach <31540>;1697,125
2013;St. Oswald <31541>;1121
2013;Schollach <31543>;922,875
2013;Schönbühel-Aggsbach <31542>;1014,5
2013;Texingtal <31551>;1591,875
2013;Weiten <31546>;1105,125
2013;Ybbs an der Donau <31549>;5592,875
2013;Yspertal <31552>;1816,5
2013;Zelking-Matzleinsdorf <31550>;1252
2013;Altlichtenwarth <31601>;745,625
2013;Asparn an der Zaya <31603>;1767
2013;Bernhardsthal <31604>;1601,5
2013;Bockfließ <31605>;1317,25
2013;Drasenhofen <31606>;1125,75
2013;Falkenstein <31608>;439,625
2013;Fallbach <31609>;813,25
2013;Gartenbrunn ^<31657>;-
2013;Gaubitsch <31611>;873,375
2013;Gaweinstal <31612>;3746,375
2013;Gnadendorf <31613>;1120,125
2013;Großebersdorf <31614>;2264,75
2013;Großengersdorf <31615>;1502
2013;Großharras <31616>;1133,375
2013;Großkrut <31617>;1569,125
2013;Hausbrunn <31620>;817,625
2013;Herrnbaumgarten <31621>;969,25
2013;Hochleithen <31622>;1129,25
2013;Kreuttal <31627>;1415,375
2013;Kreuzstetten <31628>;1528,625
2013;Laa an der Thaya <31629>;6207,25
2013;Ladendorf <31630>;2216,125
2013;Mistelbach <31633>;11093,25
2013;Neudorf im Weinviertel <31634>;1406
2013;Niederleis <31636>;827
2013;Ottenthal <31658>;582
2013;Pillichsdorf <31642>;1124,875
2013;Poysdorf <31644>;5471
2013;Rabensburg <31645>;1104,25
2013;Schrattenberg <31646>;813,75
2013;Staatz <31649>;1972
2013;Stronsdorf <31650>;1645,625
2013;Ulrichskirchen-Schleinbach <31651>;2559,375
2013;Unterstinkenbrunn <31652>;557,75
2013;Wildendürnbach <31653>;1577,875
2013;Wilfersdorf <31654>;2109,375
2013;Wolkersdorf im Weinviertel <31655>;6894,875
2013;Achau <31701>;1252,125
2013;Biedermannsdorf <31702>;2839,5
2013;Breitenfurt bei Wien <31703>;5826,25
2013;Brunn am Gebirge <31704>;11427,625
2013;Gaaden <31706>;1603,75
2013;Gießhübl <31707>;2215,25
2013;Gumpoldskirchen <31709>;3693,375
2013;Guntramsdorf <31710>;9074,125
2013;Hennersdorf <31711>;1408,625
2013;Hinterbrühl <31712>;4048,75
2013;Kaltenleutgeben <31713>;3324,625
2013;Laab im Walde <31714>;1155
2013;Laxenburg <31715>;2844
2013;Maria Enzersdorf <31716>;8657,5
2013;Mödling <31717>;20504,5
2013;Münchendorf <31718>;2764,25
2013;Perchtoldsdorf <31719>;14685
2013;Vösendorf <31723>;6539,625
2013;Wiener Neudorf <31725>;8849,5
2013;Wienerwald <31726>;2497,375
2013;Altendorf <31801>;315,875
2013;Aspangberg-St. Peter <31803>;1886,875
2013;Aspang-Markt <31802>;1788,625
2013;Breitenau <31804>;1419
2013;Breitenstein <31805>;330,625
2013;Buchbach <31806>;347,5
2013;Bürg-Vöstenhof <31842>;179,125
2013;Edlitz <31807>;904,625
2013;Enzenreith <31808>;1909,375
2013;Feistritz am Wechsel <31809>;1046,75
2013;Gloggnitz <31810>;5963,625
2013;Grafenbach-St. Valentin <31811>;2244,375
2013;Grimmenstein <31812>;1344,625
2013;Grünbach am Schneeberg <31813>;1629,375
2013;Höflein an der Hohen Wand <31849>;905,125
2013;Kirchberg am Wechsel <31814>;2357,5
2013;Mönichkirchen <31815>;608,125
2013;Natschbach-Loipersbach <31817>;1734,25
2013;Neunkirchen <31818>;12318,125
2013;Otterthal <31820>;588,75
2013;Payerbach <31821>;2139,125
2013;Pitten <31823>;2510,75
2013;Pottschach ^<31824>;-
2013;Prigglitz <31825>;470,25
2013;Puchberg am Schneeberg <31826>;2657,75
2013;Raach am Hochgebirge <31827>;293
2013;Raglitz ^<31828>;-
2013;Reichenau an der Rax <31829>;2589
2013;St. Corona am Wechsel <31830>;380
2013;St. Egyden am Steinfeld <31831>;1906
2013;Scheiblingkirchen-Thernberg <31832>;1885
2013;Schottwien <31833>;662,375
2013;Schrattenbach <31834>;354,875
2013;Schwarzau am Steinfeld <31835>;1861,625
2013;Schwarzau im Gebirge <31836>;682,5
2013;Seebenstein <31837>;1354,625
2013;Semmering <31838>;551,5
2013;Ternitz <31839>;14812,875
2013;Thomasberg <31840>;1241,25
2013;Trattenbach <31841>;545,125
2013;Warth <31843>;1514,25
2013;Wartmannstetten <31844>;1591,375
2013;Willendorf <31845>;932,5
2013;Wimpassing im Schwarzatale <31846>;1677,375
2013;Würflach <31847>;1540,25
2013;Zöbern <31848>;1414
2013;Altlengbach <31901>;2734
2013;Asperhofen <31902>;2148
2013;Böheimkirchen <31903>;4916,25
2013;Brand-Laaben <31904>;1210,375
2013;Eichgraben <31905>;4463
2013;Frankenfels <31906>;2040,375
2013;Gablitz <31949>;-
2013;Gerersdorf <31907>;919,625
2013;Hafnerbach <31910>;1572
2013;Haunoldstein <31911>;1078,875
2013;Herzogenburg <31912>;7735,5
2013;Hofstetten-Grünau <31909>;2580,125
2013;Inzersdorf-Getzersdorf <31913>;1512,25
2013;Kapelln <31915>;1376,5
2013;Karlstetten <31916>;2096,625
2013;Kasten bei Böheimkirchen <31917>;1345,125
2013;Kirchberg an der Pielach <31918>;3128,875
2013;Kirchstetten <31919>;2054,875
2013;Loich <31920>;611,5
2013;Maria Anzbach <31921>;2822,875
2013;Markersdorf-Haindorf <31922>;2026,875
2013;Mauerbach <31950>;-
2013;Michelbach <31923>;899,125
2013;Neidling <31925>;1485,75
2013;Neulengbach <31926>;7901,625
2013;Neustift-Innermanzing <31927>;1472,125
2013;Nußdorf ob der Traisen <31928>;1710,25
2013;Ober-Grafendorf <31929>;4552,125
2013;Obritzberg-Rust <31930>;2280
2013;Pressbaum <31951>;-
2013;Prinzersdorf <31932>;1605,375
2013;Purkersdorf <31952>;-
2013;Pyhra <31934>;3399,625
2013;Rabenstein an der Pielach <31935>;2437,625
2013;St. Margarethen an der Sierning <31938>;1014,875
2013;Schwarzenbach an der Pielach <31939>;371,75
2013;Statzendorf <31940>;1375,875
2013;Stössing <31941>;788,625
2013;Traismauer <31943>;5866,25
2013;Tullnerbach <31953>;-
2013;Weinburg <31945>;1310,75
2013;Perschling <31946>;1316,75
2013;Wilhelmsburg <31947>;6557,75
2013;Wölbling <31948>;2435,375
2013;Wolfsgraben <31954>;-
2013;Gaming <32001>;3172,625
2013;Göstling an der Ybbs <32002>;2058,75
2013;Gresten <32003>;1946,625
2013;Gresten-Land <32004>;1532,5
2013;Lunz am See <32005>;1818,25
2013;Oberndorf an der Melk <32006>;2960
2013;Puchenstuben <32007>;312,5
2013;Purgstall an der Erlauf <32008>;5350,125
2013;Randegg <32009>;1923,125
2013;Reinsberg <32010>;1008,125
2013;St. Anton an der Jeßnitz <32011>;1229,5
2013;St. Georgen an der Leys <32012>;1339,625
2013;Scheibbs <32013>;4196,625
2013;Steinakirchen am Forst <32014>;2257
2013;Wang <32015>;1318,375
2013;Wieselburg <32016>;3796
2013;Wieselburg-Land <32017>;3267
2013;Wolfpassing <32018>;1498,375
2013;Absdorf <32101>;1832,125
2013;Atzenbrugg <32104>;2738,25
2013;Fels am Wagram <32106>;2115,125
2013;Grafenwörth <32107>;3044,125
2013;Großriedenthal <32109>;936,875
2013;Großweikersdorf <32110>;3046,5
2013;Judenau-Baumgarten <32112>;2167,125
2013;Kirchberg am Wagram <32114>;3515
2013;Klosterneuburg <32144>;-
2013;Königsbrunn am Wagram <32115>;1342,375
2013;Königstetten <32116>;2063,5
2013;Langenrohr <32119>;2309,875
2013;Michelhausen <32120>;2665,5
2013;Muckendorf-Wipfing <32143>;1343
2013;St. Andrä-Wördern <32142>;7619,875
2013;Sieghartskirchen <32131>;7166,5
2013;Sitzenberg-Reidling <32132>;2007,125
2013;Tulbing <32134>;2884,25
2013;Tulln an der Donau <32135>;15527,625
2013;Würmla <32139>;1289,875
2013;Zeiselmauer-Wolfpassing <32140>;2231,125
2013;Zwentendorf an der Donau <32141>;3983,375
2013;Dietmanns <32202>;1093
2013;Dobersberg <32203>;1676,375
2013;Gastern <32206>;1254
2013;Groß-Siegharts <32207>;2760,375
2013;Karlstein an der Thaya <32209>;1508
2013;Kautzen <32210>;1175,875
2013;Ludweis-Aigen <32212>;968,125
2013;Pfaffenschlag bei Waidhofen a.d.Thaya<32214>;927,75
2013;Raabs an der Thaya <32216>;2720,625
2013;Thaya <32217>;1393,75
2013;Vitis <32219>;2639,25
2013;Waidhofen an der Thaya <32220>;5627,375
2013;Waidhofen an der Thaya-Land <32221>;1211,875
2013;Waldkirchen an der Thaya <32222>;552,625
2013;Windigsteig <32223>;985,125
2013;Bad Erlach <32306>;2848,75
2013;Bad Fischau-Brunn <32301>;3061,875
2013;Bad Schönau <32302>;732,125
2013;Bromberg <32325>;1221,125
2013;Dreistetten ^<32303>;-
2013;Ebenfurth <32304>;2878,125
2013;Eggendorf <32305>;4558,875
2013;Felixdorf <32307>;4287,75
2013;Gutenstein <32308>;1275,375
2013;Hochneukirchen-Gschaidt <32309>;1647,375
2013;Hochwolkersdorf <32310>;1011,75
2013;Hohe Wand <32311>;1405
2013;Hollenthon <32312>;1045,75
2013;Katzelsdorf <32313>;3170
2013;Kirchschlag in der Buckligen Welt <32314>;2895,625
2013;Krumbach <32315>;2309,75
2013;Lanzenkirchen <32316>;3870,5
2013;Lichtenegg <32317>;1069,5
2013;Lichtenwörth <32318>;2837
2013;Markt Piesting <32319>;2943,5
2013;Matzendorf-Hölles <32320>;1913,5
2013;Miesenbach <32321>;695,75
2013;Muggendorf <32322>;517
2013;Pernitz <32323>;2523,5
2013;Rohr im Gebirge <32324>;469
2013;Schwarzenbach <32326>;985,25
2013;Sollenau <32327>;4740,375
2013;Theresienfeld <32330>;3015,5
2013;Waidmannsfeld <32331>;1583,625
2013;Waldegg <32332>;1976
2013;Walpersbach <32333>;1059,5
2013;Weikersdorf am Steinfelde <32334>;1052,75
2013;Wiesmath <32335>;1512,625
2013;Winzendorf-Muthmannsdorf <32336>;1862,5
2013;Wöllersdorf-Steinabrückl <32337>;4215
2013;Zillingdorf <32338>;2005,125
2013;Ebergassing ^<32401>;3894,5
2013;Fischamend ^<32402>;4991,5
2013;Gablitz ^<32403>;4725,125
2013;Gerasdorf bei Wien ^<32404>;10368,375
2013;Gramatneusiedl ^<32405>;2981,5
2013;Himberg ^<32406>;6895,75
2013;Klein-Neusiedl ^<32407>;817,75
2013;Klosterneuburg ^<32408>;26004,25
2013;Lanzendorf ^<32409>;1668,875
2013;Leopoldsdorf ^<32410>;4871,875
2013;Maria-Lanzendorf ^<32411>;2051,75
2013;Mauerbach ^<32412>;3668,875
2013;Moosbrunn ^<32413>;1640,25
2013;Pressbaum ^<32415>;7101,875
2013;Purkersdorf ^<32416>;9310
2013;Rauchenwarth ^<32417>;672
2013;Schwadorf ^<32418>;1956,5
2013;Schwechat ^<32419>;16911,125
2013;Tullnerbach ^<32421>;2737
2013;Wienerherberg ^<32422>;-
2013;Wolfsgraben ^<32423>;1654,125
2013;Zwölfaxing ^<32424>;1609,125
2013;Allentsteig <32501>;1956,125
2013;Altmelon <32519>;851,125
2013;Arbesbach <32502>;1693,375
2013;Bad Traunstein <32528>;1056
2013;Bärnkopf <32503>;352,625
2013;Echsenbach <32504>;1219
2013;Göpfritz an der Wild <32505>;1813,375
2013;Grafenschlag <32506>;899,125
2013;Groß Gerungs <32508>;4553,25
2013;Großgöttfritz <32509>;1399,25
2013;Gutenbrunn <32511>;547,75
2013;Kirchschlag <32514>;654,375
2013;Kottes-Purk <32515>;1500,625
2013;Langschlag <32516>;1792,625
2013;Martinsberg <32517>;1146,75
2013;Ottenschlag <32518>;997,5
2013;Pölla <32520>;957
2013;Rappottenstein <32521>;1727,75
2013;Sallingberg <32522>;1342,625
2013;Schönbach <32523>;839,75
2013;Schwarzenau <32524>;1535,25
2013;Schweiggers <32525>;1980,5
2013;Waldhausen <32529>;1263,25
2013;Zwettl-Niederösterreich <32530>;11113,875
2014;Krems an der Donau <30101>;24078,25
2014;St. Pölten <30201>;52466
2014;Waidhofen an der Ybbs <30301>;11310,375
2014;Wiener Neustadt <30401>;42597,375
2014;Altenburg <31101>;809,75
2014;Brunn an der Wild <31102>;841,125
2014;Burgschleinitz-Kühnring <31103>;1366,75
2014;Drosendorf-Zissersdorf <31104>;1214,75
2014;Eggenburg <31105>;3504,125
2014;Gars am Kamp <31106>;3514,125
2014;Geras <31107>;1374,375
2014;Horn <31109>;6451,625
2014;Irnfritz-Messern <31110>;1440,375
2014;Japons <31111>;729,375
2014;Langau <31113>;664,75
2014;Meiseldorf <31114>;895,375
2014;Pernegg <31117>;713,625
2014;Röhrenbach <31119>;540,375
2014;Röschitz <31120>;1032,5
2014;Rosenburg-Mold <31121>;822,125
2014;St. Bernhard-Frauenhofen <31123>;1261,25
2014;Sigmundsherberg <31124>;1684,125
2014;Straning-Grafenberg <31130>;754,125
2014;Weitersfeld <31129>;1611,875
2014;Bisamberg <31201>;4554
2014;Enzersfeld im Weinviertel <31202>;1663,875
2014;Ernstbrunn <31203>;3105,125
2014;Gerasdorf bei Wien <31235>;-
2014;Großmugl <31204>;1575,625
2014;Großrußbach <31205>;2130
2014;Hagenbrunn <31206>;2080,75
2014;Harmannsdorf <31207>;3924,125
2014;Hausleiten <31208>;3663,75
2014;Korneuburg <31213>;12508,875
2014;Langenzersdorf <31214>;8000,875
2014;Leitzersdorf <31215>;1255,625
2014;Leobendorf <31216>;4824,625
2014;Niederhollabrunn <31234>;1570,875
2014;Oberzögersdorf ^<31223>;-
2014;Rußbach <31224>;1389
2014;Sierndorf <31226>;3736,125
2014;Spillern <31227>;2136,375
2014;Stetteldorf am Wagram <31228>;1033,375
2014;Stetten <31229>;1314,5
2014;Stockerau <31230>;16183,25
2014;Würnitz ^<31233>;-
2014;Aggsbach <31301>;670,75
2014;Albrechtsberg an der Großen Krems <31302>;1050
2014;Bergern im Dunkelsteinerwald <31303>;1221,625
2014;Droß <31356>;951,625
2014;Dürnstein <31304>;877,625
2014;Furth bei Göttweig <31309>;2975,25
2014;Gedersdorf <31310>;2159,625
2014;Gföhl <31311>;3686,375
2014;Grafenegg <31308>;2973,75
2014;Gut am Steg ^<31314>;-
2014;Hadersdorf-Kammern <31315>;2038,25
2014;Imbach ^<31318>;-
2014;Jaidhof <31319>;1177,625
2014;Krumau am Kamp <31321>;770
2014;Langenlois <31322>;7565,75
2014;Lengenfeld <31323>;1420,75
2014;Lichtenau im Waldviertel <31324>;2044,5
2014;Maria Laach am Jauerling <31326>;919,5
2014;Mautern an der Donau <31327>;3518,375
2014;Mühldorf <31330>;1356,125
2014;Paudorf <31333>;2523,5
2014;Rastenfeld <31336>;1454,625
2014;Rohrendorf bei Krems <31337>;2044,25
2014;Rossatz-Arnsdorf <31338>;1045,75
2014;St. Leonhard am Hornerwald <31340>;1142,375
2014;Schönberg am Kamp <31355>;1845,5
2014;Senftenberg <31343>;1916,5
2014;Spitz <31344>;1631,875
2014;Straß im Straßertale <31346>;1621,875
2014;Stratzing <31347>;837,25
2014;Weinzierl am Walde <31350>;1259
2014;Weißenkirchen in der Wachau <31351>;1386
2014;Annaberg <31401>;538,5
2014;Eschenau <31402>;1357,5
2014;Hainfeld <31403>;3741,125
2014;Hohenberg <31404>;1480
2014;Kaumberg <31405>;993,625
2014;Kleinzell <31406>;832,625
2014;Lilienfeld <31407>;2878,25
2014;Mitterbach am Erlaufsee <31408>;524,375
2014;Ramsau <31409>;828,375
2014;Rohrbach an der Gölsen <31410>;1619,25
2014;St. Aegyd am Neuwalde <31411>;1975,625
2014;St. Veit an der Gölsen <31412>;3908
2014;Traisen <31413>;3492,125
2014;Türnitz <31414>;1885,625
2014;Artstetten-Pöbring <31502>;1159
2014;Bergland <31503>;1873,125
2014;Bischofstetten <31504>;1172,875
2014;Blindenmarkt <31505>;2596,375
2014;Dorfstetten <31506>;574,25
2014;Dunkelsteinerwald <31507>;2326,625
2014;Emmersdorf an der Donau <31553>;1729,5
2014;Erlauf <31508>;1083,625
2014;Golling an der Erlauf <31509>;1490,25
2014;Hofamt Priel <31511>;1671,875
2014;Hürm <31513>;1770,375
2014;Kilb <31514>;2538,125
2014;Kirnberg an der Mank <31515>;1056,25
2014;Klein-Pöchlarn <31516>;943,5
2014;Krummnußbaum <31517>;1465,875
2014;Leiben <31519>;1356,5
2014;Loosdorf <31520>;3804,25
2014;Mank <31521>;3113
2014;Marbach an der Donau <31522>;1668,125
2014;Maria Taferl <31523>;887,125
2014;Melk <31524>;5247,5
2014;Münichreith-Laimbach <31525>;1662,5
2014;Neumarkt an der Ybbs <31527>;1880
2014;Nöchling <31528>;1070,5
2014;Persenbeug-Gottsdorf <31530>;2234,75
2014;Petzenkirchen <31531>;1301,375
2014;Pöchlarn <31533>;3929,375
2014;Pöggstall <31534>;2448
2014;Raxendorf <31535>;1037,5
2014;Ritzengrub ^<31536>;-
2014;Ruprechtshofen <31537>;2301,25
2014;St. Leonhard am Forst <31539>;2987,875
2014;St. Martin-Karlsbach <31540>;1702,125
2014;St. Oswald <31541>;1125,125
2014;Schollach <31543>;942,625
2014;Schönbühel-Aggsbach <31542>;1004,625
2014;Texingtal <31551>;1607
2014;Weiten <31546>;1106,125
2014;Ybbs an der Donau <31549>;5640
2014;Yspertal <31552>;1854,375
2014;Zelking-Matzleinsdorf <31550>;1237,125
2014;Altlichtenwarth <31601>;744,875
2014;Asparn an der Zaya <31603>;1772,125
2014;Bernhardsthal <31604>;1615,625
2014;Bockfließ <31605>;1331,875
2014;Drasenhofen <31606>;1116,875
2014;Falkenstein <31608>;440
2014;Fallbach <31609>;817,25
2014;Gartenbrunn ^<31657>;-
2014;Gaubitsch <31611>;858,75
2014;Gaweinstal <31612>;3786,875
2014;Gnadendorf <31613>;1121,375
2014;Großebersdorf <31614>;2270,125
2014;Großengersdorf <31615>;1498,625
2014;Großharras <31616>;1129,125
2014;Großkrut <31617>;1577,75
2014;Hausbrunn <31620>;820,25
2014;Herrnbaumgarten <31621>;969,375
2014;Hochleithen <31622>;1136,625
2014;Kreuttal <31627>;1398,5
2014;Kreuzstetten <31628>;1533,5
2014;Laa an der Thaya <31629>;6238,5
2014;Ladendorf <31630>;2225,125
2014;Mistelbach <31633>;11125,25
2014;Neudorf im Weinviertel <31634>;1426,5
2014;Niederleis <31636>;840,5
2014;Ottenthal <31658>;583,875
2014;Pillichsdorf <31642>;1136,125
2014;Poysdorf <31644>;5478,25
2014;Rabensburg <31645>;1107,375
2014;Schrattenberg <31646>;810,75
2014;Staatz <31649>;1970,375
2014;Stronsdorf <31650>;1631,125
2014;Ulrichskirchen-Schleinbach <31651>;2600,5
2014;Unterstinkenbrunn <31652>;551
2014;Wildendürnbach <31653>;1565,875
2014;Wilfersdorf <31654>;2095,625
2014;Wolkersdorf im Weinviertel <31655>;6956,125
2014;Achau <31701>;1338
2014;Biedermannsdorf <31702>;2887,25
2014;Breitenfurt bei Wien <31703>;5850,625
2014;Brunn am Gebirge <31704>;11575,375
2014;Gaaden <31706>;1585
2014;Gießhübl <31707>;2251,375
2014;Gumpoldskirchen <31709>;3774,875
2014;Guntramsdorf <31710>;9158,875
2014;Hennersdorf <31711>;1414,125
2014;Hinterbrühl <31712>;4019,5
2014;Kaltenleutgeben <31713>;3316
2014;Laab im Walde <31714>;1149,375
2014;Laxenburg <31715>;2845,375
2014;Maria Enzersdorf <31716>;8714,625
2014;Mödling <31717>;20567,75
2014;Münchendorf <31718>;2845,125
2014;Perchtoldsdorf <31719>;14836,375
2014;Vösendorf <31723>;6644,25
2014;Wiener Neudorf <31725>;9000,5
2014;Wienerwald <31726>;2546,25
2014;Altendorf <31801>;324,25
2014;Aspangberg-St. Peter <31803>;1905,25
2014;Aspang-Markt <31802>;1783,75
2014;Breitenau <31804>;1439,625
2014;Breitenstein <31805>;330,5
2014;Buchbach <31806>;352,75
2014;Bürg-Vöstenhof <31842>;172
2014;Edlitz <31807>;923,5
2014;Enzenreith <31808>;1932,125
2014;Feistritz am Wechsel <31809>;1036
2014;Gloggnitz <31810>;5965,375
2014;Grafenbach-St. Valentin <31811>;2251,25
2014;Grimmenstein <31812>;1354,375
2014;Grünbach am Schneeberg <31813>;1662,625
2014;Höflein an der Hohen Wand <31849>;905,875
2014;Kirchberg am Wechsel <31814>;2399,375
2014;Mönichkirchen <31815>;611,25
2014;Natschbach-Loipersbach <31817>;1719,25
2014;Neunkirchen <31818>;12392,5
2014;Otterthal <31820>;597,75
2014;Payerbach <31821>;2103
2014;Pitten <31823>;2557,5
2014;Pottschach ^<31824>;-
2014;Prigglitz <31825>;460,75
2014;Puchberg am Schneeberg <31826>;2653,125
2014;Raach am Hochgebirge <31827>;298,5
2014;Raglitz ^<31828>;-
2014;Reichenau an der Rax <31829>;2610,625
2014;St. Corona am Wechsel <31830>;380,625
2014;St. Egyden am Steinfeld <31831>;1895,5
2014;Scheiblingkirchen-Thernberg <31832>;1888,25
2014;Schottwien <31833>;666,125
2014;Schrattenbach <31834>;357,5
2014;Schwarzau am Steinfeld <31835>;1858,875
2014;Schwarzau im Gebirge <31836>;668,375
2014;Seebenstein <31837>;1363,25
2014;Semmering <31838>;570,5
2014;Ternitz <31839>;14839,625
2014;Thomasberg <31840>;1243,375
2014;Trattenbach <31841>;542,5
2014;Warth <31843>;1505,375
2014;Wartmannstetten <31844>;1587,5
2014;Willendorf <31845>;930,25
2014;Wimpassing im Schwarzatale <31846>;1645,625
2014;Würflach <31847>;1544,5
2014;Zöbern <31848>;1391,875
2014;Altlengbach <31901>;2751,375
2014;Asperhofen <31902>;2198
2014;Böheimkirchen <31903>;4891,875
2014;Brand-Laaben <31904>;1197,875
2014;Eichgraben <31905>;4474,625
2014;Frankenfels <31906>;2026,875
2014;Gablitz <31949>;-
2014;Gerersdorf <31907>;914
2014;Hafnerbach <31910>;1575
2014;Haunoldstein <31911>;1110,375
2014;Herzogenburg <31912>;7718,25
2014;Hofstetten-Grünau <31909>;2599,375
2014;Inzersdorf-Getzersdorf <31913>;1511,875
2014;Kapelln <31915>;1378,375
2014;Karlstetten <31916>;2097,375
2014;Kasten bei Böheimkirchen <31917>;1369,125
2014;Kirchberg an der Pielach <31918>;3133,375
2014;Kirchstetten <31919>;2073,375
2014;Loich <31920>;605,625
2014;Maria Anzbach <31921>;2880
2014;Markersdorf-Haindorf <31922>;2032,875
2014;Mauerbach <31950>;-
2014;Michelbach <31923>;904,75
2014;Neidling <31925>;1489,5
2014;Neulengbach <31926>;7961,5
2014;Neustift-Innermanzing <31927>;1484,5
2014;Nußdorf ob der Traisen <31928>;1714,375
2014;Ober-Grafendorf <31929>;4571,5
2014;Obritzberg-Rust <31930>;2290,5
2014;Pressbaum <31951>;-
2014;Prinzersdorf <31932>;1614,125
2014;Purkersdorf <31952>;-
2014;Pyhra <31934>;3460,5
2014;Rabenstein an der Pielach <31935>;2457,125
2014;St. Margarethen an der Sierning <31938>;1036,375
2014;Schwarzenbach an der Pielach <31939>;371,875
2014;Statzendorf <31940>;1387,5
2014;Stössing <31941>;803,75
2014;Traismauer <31943>;5909
2014;Tullnerbach <31953>;-
2014;Weinburg <31945>;1309,125
2014;Perschling <31946>;1319
2014;Wilhelmsburg <31947>;6552,5
2014;Wölbling <31948>;2455
2014;Wolfsgraben <31954>;-
2014;Gaming <32001>;3169,75
2014;Göstling an der Ybbs <32002>;2066,875
2014;Gresten <32003>;1975,375
2014;Gresten-Land <32004>;1540,25
2014;Lunz am See <32005>;1800,25
2014;Oberndorf an der Melk <32006>;2962,375
2014;Puchenstuben <32007>;328
2014;Purgstall an der Erlauf <32008>;5355,875
2014;Randegg <32009>;1927,75
2014;Reinsberg <32010>;1012,25
2014;St. Anton an der Jeßnitz <32011>;1224,875
2014;St. Georgen an der Leys <32012>;1337,75
2014;Scheibbs <32013>;4209,625
2014;Steinakirchen am Forst <32014>;2254,625
2014;Wang <32015>;1306,125
2014;Wieselburg <32016>;3839,75
2014;Wieselburg-Land <32017>;3253,75
2014;Wolfpassing <32018>;1503,375
2014;Absdorf <32101>;1869,25
2014;Atzenbrugg <32104>;2759,875
2014;Fels am Wagram <32106>;2148,625
2014;Grafenwörth <32107>;3077,875
2014;Großriedenthal <32109>;944,625
2014;Großweikersdorf <32110>;3064,25
2014;Judenau-Baumgarten <32112>;2182
2014;Kirchberg am Wagram <32114>;3531,25
2014;Klosterneuburg <32144>;-
2014;Königsbrunn am Wagram <32115>;1339,875
2014;Königstetten <32116>;2124,5
2014;Langenrohr <32119>;2329,125
2014;Michelhausen <32120>;2707,625
2014;Muckendorf-Wipfing <32143>;1388
2014;St. Andrä-Wördern <32142>;7724
2014;Sieghartskirchen <32131>;7218,125
2014;Sitzenberg-Reidling <32132>;2018,875
2014;Tulbing <32134>;2880,375
2014;Tulln an der Donau <32135>;15701,5
2014;Würmla <32139>;1293,25
2014;Zeiselmauer-Wolfpassing <32140>;2220,25
2014;Zwentendorf an der Donau <32141>;4015
2014;Dietmanns <32202>;1080,875
2014;Dobersberg <32203>;1668
2014;Gastern <32206>;1238,875
2014;Groß-Siegharts <32207>;2771,5
2014;Karlstein an der Thaya <32209>;1493,125
2014;Kautzen <32210>;1170,125
2014;Ludweis-Aigen <32212>;959,375
2014;Pfaffenschlag bei Waidhofen a.d.Thaya<32214>;920,25
2014;Raabs an der Thaya <32216>;2706,125
2014;Thaya <32217>;1389,75
2014;Vitis <32219>;2642,125
2014;Waidhofen an der Thaya <32220>;5588
2014;Waidhofen an der Thaya-Land <32221>;1213,625
2014;Waldkirchen an der Thaya <32222>;544,75
2014;Windigsteig <32223>;979,25
2014;Bad Erlach <32306>;2898,625
2014;Bad Fischau-Brunn <32301>;3119,125
2014;Bad Schönau <32302>;727,875
2014;Bromberg <32325>;1223,25
2014;Dreistetten ^<32303>;-
2014;Ebenfurth <32304>;2954,375
2014;Eggendorf <32305>;4626,625
2014;Felixdorf <32307>;4316,5
2014;Gutenstein <32308>;1276,75
2014;Hochneukirchen-Gschaidt <32309>;1631,375
2014;Hochwolkersdorf <32310>;1015,625
2014;Hohe Wand <32311>;1418
2014;Hollenthon <32312>;1038,125
2014;Katzelsdorf <32313>;3234,125
2014;Kirchschlag in der Buckligen Welt <32314>;2881,875
2014;Krumbach <32315>;2310
2014;Lanzenkirchen <32316>;3858,75
2014;Lichtenegg <32317>;1046,625
2014;Lichtenwörth <32318>;2794,375
2014;Markt Piesting <32319>;2997,5
2014;Matzendorf-Hölles <32320>;1961,375
2014;Miesenbach <32321>;698
2014;Muggendorf <32322>;511,875
2014;Pernitz <32323>;2498,375
2014;Rohr im Gebirge <32324>;475,375
2014;Schwarzenbach <32326>;972,75
2014;Sollenau <32327>;4777,875
2014;Theresienfeld <32330>;3086,625
2014;Waidmannsfeld <32331>;1555,875
2014;Waldegg <32332>;1982,875
2014;Walpersbach <32333>;1083,125
2014;Weikersdorf am Steinfelde <32334>;1052
2014;Wiesmath <32335>;1510
2014;Winzendorf-Muthmannsdorf <32336>;1886,25
2014;Wöllersdorf-Steinabrückl <32337>;4199
2014;Zillingdorf <32338>;2014
2014;Ebergassing ^<32401>;3923,5
2014;Fischamend ^<32402>;5217,375
2014;Gablitz ^<32403>;4768,625
2014;Gerasdorf bei Wien ^<32404>;10521,75
2014;Gramatneusiedl ^<32405>;3015
2014;Himberg ^<32406>;6957,75
2014;Klein-Neusiedl ^<32407>;872,75
2014;Klosterneuburg ^<32408>;26295,125
2014;Lanzendorf ^<32409>;1670,625
2014;Leopoldsdorf ^<32410>;4974,375
2014;Maria-Lanzendorf ^<32411>;2065,875
2014;Mauerbach ^<32412>;3701,75
2014;Moosbrunn ^<32413>;1665,125
2014;Pressbaum ^<32415>;7162,375
2014;Purkersdorf ^<32416>;9379,75
2014;Rauchenwarth ^<32417>;681,25
2014;Schwadorf ^<32418>;1975,375
2014;Schwechat ^<32419>;17091,25
2014;Tullnerbach ^<32421>;2715
2014;Wienerherberg ^<32422>;-
2014;Wolfsgraben ^<32423>;1686,75
2014;Zwölfaxing ^<32424>;1613,875
2014;Allentsteig <32501>;1938,875
2014;Altmelon <32519>;848,875
2014;Arbesbach <32502>;1694,5
2014;Bad Traunstein <32528>;1048,25
2014;Bärnkopf <32503>;350,375
2014;Echsenbach <32504>;1215,5
2014;Göpfritz an der Wild <32505>;1811
2014;Grafenschlag <32506>;891
2014;Groß Gerungs <32508>;4517,625
2014;Großgöttfritz <32509>;1384
2014;Gutenbrunn <32511>;544,5
2014;Kirchschlag <32514>;650,5
2014;Kottes-Purk <32515>;1500,25
2014;Langschlag <32516>;1787,125
2014;Martinsberg <32517>;1147
2014;Ottenschlag <32518>;999,625
2014;Pölla <32520>;939,875
2014;Rappottenstein <32521>;1724,125
2014;Sallingberg <32522>;1332,125
2014;Schönbach <32523>;830,75
2014;Schwarzenau <32524>;1538,625
2014;Schweiggers <32525>;1968,25
2014;Waldhausen <32529>;1267,625
2014;Zwettl-Niederösterreich <32530>;11058,375
2015;Krems an der Donau <30101>;24120,625
2015;St. Pölten <30201>;53102,375
2015;Waidhofen an der Ybbs <30301>;11312,5
2015;Wiener Neustadt <30401>;43343,625
2015;Altenburg <31101>;802,125
2015;Brunn an der Wild <31102>;829,375
2015;Burgschleinitz-Kühnring <31103>;1377,375
2015;Drosendorf-Zissersdorf <31104>;1215,875
2015;Eggenburg <31105>;3510,5
2015;Gars am Kamp <31106>;3532,75
2015;Geras <31107>;1361,25
2015;Horn <31109>;6545,375
2015;Irnfritz-Messern <31110>;1434,375
2015;Japons <31111>;732,25
2015;Langau <31113>;670
2015;Meiseldorf <31114>;894,5
2015;Pernegg <31117>;714,75
2015;Röhrenbach <31119>;525,125
2015;Röschitz <31120>;1040,75
2015;Rosenburg-Mold <31121>;813
2015;St. Bernhard-Frauenhofen <31123>;1257,125
2015;Sigmundsherberg <31124>;1663,75
2015;Straning-Grafenberg <31130>;747,625
2015;Weitersfeld <31129>;1600,5
2015;Bisamberg <31201>;4596,875
2015;Enzersfeld im Weinviertel <31202>;1674,125
2015;Ernstbrunn <31203>;3119,25
2015;Gerasdorf bei Wien <31235>;-
2015;Großmugl <31204>;1571,25
2015;Großrußbach <31205>;2143,625
2015;Hagenbrunn <31206>;2141
2015;Harmannsdorf <31207>;3939,875
2015;Hausleiten <31208>;3686,125
2015;Korneuburg <31213>;12621,75
2015;Langenzersdorf <31214>;8054,75
2015;Leitzersdorf <31215>;1226,625
2015;Leobendorf <31216>;4850,5
2015;Niederhollabrunn <31234>;1540,75
2015;Oberzögersdorf ^<31223>;-
2015;Rußbach <31224>;1387
2015;Sierndorf <31226>;3809,5
2015;Spillern <31227>;2141,375
2015;Stetteldorf am Wagram <31228>;1035,625
2015;Stetten <31229>;1348,125
2015;Stockerau <31230>;16330,25
2015;Würnitz ^<31233>;-
2015;Aggsbach <31301>;666,75
2015;Albrechtsberg an der Großen Krems <31302>;1046,375
2015;Bergern im Dunkelsteinerwald <31303>;1220,5
2015;Droß <31356>;964,625
2015;Dürnstein <31304>;864,75
2015;Furth bei Göttweig <31309>;3004
2015;Gedersdorf <31310>;2163,25
2015;Gföhl <31311>;3711
2015;Grafenegg <31308>;3020,625
2015;Gut am Steg ^<31314>;-
2015;Hadersdorf-Kammern <31315>;2019
2015;Imbach ^<31318>;-
2015;Jaidhof <31319>;1184,75
2015;Krumau am Kamp <31321>;769,625
2015;Langenlois <31322>;7619,25
2015;Lengenfeld <31323>;1417
2015;Lichtenau im Waldviertel <31324>;2046,125
2015;Maria Laach am Jauerling <31326>;922,375
2015;Mautern an der Donau <31327>;3556,125
2015;Mühldorf <31330>;1374,25
2015;Paudorf <31333>;2540,5
2015;Rastenfeld <31336>;1500,125
2015;Rohrendorf bei Krems <31337>;2071,875
2015;Rossatz-Arnsdorf <31338>;1044,375
2015;St. Leonhard am Hornerwald <31340>;1143,125
2015;Schönberg am Kamp <31355>;1856
2015;Senftenberg <31343>;1901,5
2015;Spitz <31344>;1624,875
2015;Straß im Straßertale <31346>;1630,875
2015;Stratzing <31347>;841,375
2015;Weinzierl am Walde <31350>;1250,875
2015;Weißenkirchen in der Wachau <31351>;1437,75
2015;Annaberg <31401>;547,5
2015;Eschenau <31402>;1338,125
2015;Hainfeld <31403>;3775,875
2015;Hohenberg <31404>;1486,875
2015;Kaumberg <31405>;1020,125
2015;Kleinzell <31406>;838
2015;Lilienfeld <31407>;2917,375
2015;Mitterbach am Erlaufsee <31408>;507,375
2015;Ramsau <31409>;814,5
2015;Rohrbach an der Gölsen <31410>;1583,75
2015;St. Aegyd am Neuwalde <31411>;1961,25
2015;St. Veit an der Gölsen <31412>;3920
2015;Traisen <31413>;3502,25
2015;Türnitz <31414>;1892
2015;Artstetten-Pöbring <31502>;1172
2015;Bergland <31503>;1907,375
2015;Bischofstetten <31504>;1207
2015;Blindenmarkt <31505>;2616,5
2015;Dorfstetten <31506>;572,25
2015;Dunkelsteinerwald <31507>;2352,625
2015;Emmersdorf an der Donau <31553>;1739,625
2015;Erlauf <31508>;1081,5
2015;Golling an der Erlauf <31509>;1502,5
2015;Hofamt Priel <31511>;1695,375
2015;Hürm <31513>;1777,125
2015;Kilb <31514>;2557,125
2015;Kirnberg an der Mank <31515>;1052,625
2015;Klein-Pöchlarn <31516>;951,25
2015;Krummnußbaum <31517>;1483,75
2015;Leiben <31519>;1364,375
2015;Loosdorf <31520>;3790,5
2015;Mank <31521>;3162,875
2015;Marbach an der Donau <31522>;1658,75
2015;Maria Taferl <31523>;893,625
2015;Melk <31524>;5293,25
2015;Münichreith-Laimbach <31525>;1666
2015;Neumarkt an der Ybbs <31527>;1888,875
2015;Nöchling <31528>;1086,625
2015;Persenbeug-Gottsdorf <31530>;2223
2015;Petzenkirchen <31531>;1319,875
2015;Pöchlarn <31533>;3942,125
2015;Pöggstall <31534>;2442
2015;Raxendorf <31535>;1043,75
2015;Ritzengrub ^<31536>;-
2015;Ruprechtshofen <31537>;2274,875
2015;St. Leonhard am Forst <31539>;2972,875
2015;St. Martin-Karlsbach <31540>;1691,75
2015;St. Oswald <31541>;1121,25
2015;Schollach <31543>;945,125
2015;Schönbühel-Aggsbach <31542>;994,625
2015;Texingtal <31551>;1610
2015;Weiten <31546>;1095,625
2015;Ybbs an der Donau <31549>;5662
2015;Yspertal <31552>;1910,625
2015;Zelking-Matzleinsdorf <31550>;1239,375
2015;Altlichtenwarth <31601>;750,125
2015;Asparn an der Zaya <31603>;1792,625
2015;Bernhardsthal <31604>;1611,75
2015;Bockfließ <31605>;1356,625
2015;Drasenhofen <31606>;1129
2015;Falkenstein <31608>;438,375
2015;Fallbach <31609>;819,625
2015;Gartenbrunn ^<31657>;-
2015;Gaubitsch <31611>;859,5
2015;Gaweinstal <31612>;3843,125
2015;Gnadendorf <31613>;1120,125
2015;Großebersdorf <31614>;2269,125
2015;Großengersdorf <31615>;1496,125
2015;Großharras <31616>;1124,75
2015;Großkrut <31617>;1573,375
2015;Hausbrunn <31620>;836,625
2015;Herrnbaumgarten <31621>;953,625
2015;Hochleithen <31622>;1148,5
2015;Kreuttal <31627>;1408,875
2015;Kreuzstetten <31628>;1564,125
2015;Laa an der Thaya <31629>;6215,875
2015;Ladendorf <31630>;2240,25
2015;Mistelbach <31633>;11179,625
2015;Neudorf im Weinviertel <31634>;1442,125
2015;Niederleis <31636>;845,5
2015;Ottenthal <31658>;579,125
2015;Pillichsdorf <31642>;1144
2015;Poysdorf <31644>;5508,375
2015;Rabensburg <31645>;1111,25
2015;Schrattenberg <31646>;807,5
2015;Staatz <31649>;1960,75
2015;Stronsdorf <31650>;1613,625
2015;Ulrichskirchen-Schleinbach <31651>;2606,125
2015;Unterstinkenbrunn <31652>;559,25
2015;Wildendürnbach <31653>;1559,625
2015;Wilfersdorf <31654>;2114,5
2015;Wolkersdorf im Weinviertel <31655>;6991
2015;Achau <31701>;1394,875
2015;Biedermannsdorf <31702>;2910,625
2015;Breitenfurt bei Wien <31703>;5858,625
2015;Brunn am Gebirge <31704>;11606,625
2015;Gaaden <31706>;1607,25
2015;Gießhübl <31707>;2290,125
2015;Gumpoldskirchen <31709>;3809
2015;Guntramsdorf <31710>;9244,75
2015;Hennersdorf <31711>;1458,75
2015;Hinterbrühl <31712>;4000,5
2015;Kaltenleutgeben <31713>;3298,75
2015;Laab im Walde <31714>;1144,125
2015;Laxenburg <31715>;2853,75
2015;Maria Enzersdorf <31716>;8739,625
2015;Mödling <31717>;20651,75
2015;Münchendorf <31718>;2921,625
2015;Perchtoldsdorf <31719>;14919,25
2015;Vösendorf <31723>;6751
2015;Wiener Neudorf <31725>;9131,125
2015;Wienerwald <31726>;2612,75
2015;Altendorf <31801>;334,375
2015;Aspangberg-St. Peter <31803>;1921,5
2015;Aspang-Markt <31802>;1787,125
2015;Breitenau <31804>;1508,25
2015;Breitenstein <31805>;330,625
2015;Buchbach <31806>;352,625
2015;Bürg-Vöstenhof <31842>;176,25
2015;Edlitz <31807>;918,125
2015;Enzenreith <31808>;1918,625
2015;Feistritz am Wechsel <31809>;1028,875
2015;Gloggnitz <31810>;5957,125
2015;Grafenbach-St. Valentin <31811>;2259,375
2015;Grimmenstein <31812>;1384
2015;Grünbach am Schneeberg <31813>;1673,625
2015;Höflein an der Hohen Wand <31849>;911,875
2015;Kirchberg am Wechsel <31814>;2430,375
2015;Mönichkirchen <31815>;615,125
2015;Natschbach-Loipersbach <31817>;1717
2015;Neunkirchen <31818>;12508,875
2015;Otterthal <31820>;605,625
2015;Payerbach <31821>;2038,125
2015;Pitten <31823>;2591,125
2015;Pottschach ^<31824>;-
2015;Prigglitz <31825>;446,25
2015;Puchberg am Schneeberg <31826>;2658,5
2015;Raach am Hochgebirge <31827>;290,75
2015;Raglitz ^<31828>;-
2015;Reichenau an der Rax <31829>;2608,5
2015;St. Corona am Wechsel <31830>;390,625
2015;St. Egyden am Steinfeld <31831>;1903,625
2015;Scheiblingkirchen-Thernberg <31832>;1884,625
2015;Schottwien <31833>;682
2015;Schrattenbach <31834>;356
2015;Schwarzau am Steinfeld <31835>;1868,5
2015;Schwarzau im Gebirge <31836>;664
2015;Seebenstein <31837>;1369,25
2015;Semmering <31838>;582,875
2015;Ternitz <31839>;14797,5
2015;Thomasberg <31840>;1248,875
2015;Trattenbach <31841>;551,25
2015;Warth <31843>;1513
2015;Wartmannstetten <31844>;1594
2015;Willendorf <31845>;933,875
2015;Wimpassing im Schwarzatale <31846>;1651,625
2015;Würflach <31847>;1558,125
2015;Zöbern <31848>;1414,625
2015;Altlengbach <31901>;2767,125
2015;Asperhofen <31902>;2223,875
2015;Böheimkirchen <31903>;4996,875
2015;Brand-Laaben <31904>;1194,875
2015;Eichgraben <31905>;4493,625
2015;Frankenfels <31906>;2019,75
2015;Gablitz <31949>;-
2015;Gerersdorf <31907>;937,25
2015;Hafnerbach <31910>;1577,625
2015;Haunoldstein <31911>;1121,125
2015;Herzogenburg <31912>;7683,125
2015;Hofstetten-Grünau <31909>;2597,5
2015;Inzersdorf-Getzersdorf <31913>;1512
2015;Kapelln <31915>;1387,25
2015;Karlstetten <31916>;2142
2015;Kasten bei Böheimkirchen <31917>;1367,375
2015;Kirchberg an der Pielach <31918>;3164
2015;Kirchstetten <31919>;2107,5
2015;Loich <31920>;600
2015;Maria Anzbach <31921>;2932,25
2015;Markersdorf-Haindorf <31922>;2053
2015;Mauerbach <31950>;-
2015;Michelbach <31923>;904,5
2015;Neidling <31925>;1464,625
2015;Neulengbach <31926>;8009,875
2015;Neustift-Innermanzing <31927>;1544,75
2015;Nußdorf ob der Traisen <31928>;1744,875
2015;Ober-Grafendorf <31929>;4591,25
2015;Obritzberg-Rust <31930>;2301,875
2015;Pressbaum <31951>;-
2015;Prinzersdorf <31932>;1604,875
2015;Purkersdorf <31952>;-
2015;Pyhra <31934>;3476,25
2015;Rabenstein an der Pielach <31935>;2493,75
2015;St. Margarethen an der Sierning <31938>;1038,375
2015;Schwarzenbach an der Pielach <31939>;367,75
2015;Statzendorf <31940>;1376
2015;Stössing <31941>;830,375
2015;Traismauer <31943>;6014,25
2015;Tullnerbach <31953>;-
2015;Weinburg <31945>;1307,875
2015;Perschling <31946>;1317,25
2015;Wilhelmsburg <31947>;6522,375
2015;Wölbling <31948>;2477
2015;Wolfsgraben <31954>;-
2015;Gaming <32001>;3163,625
2015;Göstling an der Ybbs <32002>;2085,375
2015;Gresten <32003>;2006,375
2015;Gresten-Land <32004>;1531,5
2015;Lunz am See <32005>;1792,75
2015;Oberndorf an der Melk <32006>;2956,875
2015;Puchenstuben <32007>;315,875
2015;Purgstall an der Erlauf <32008>;5358,75
2015;Randegg <32009>;1925,125
2015;Reinsberg <32010>;1008,875
2015;St. Anton an der Jeßnitz <32011>;1226,5
2015;St. Georgen an der Leys <32012>;1327,5
2015;Scheibbs <32013>;4215,875
2015;Steinakirchen am Forst <32014>;2282,625
2015;Wang <32015>;1304,375
2015;Wieselburg <32016>;3834
2015;Wieselburg-Land <32017>;3262
2015;Wolfpassing <32018>;1496,875
2015;Absdorf <32101>;1895
2015;Atzenbrugg <32104>;2792,125
2015;Fels am Wagram <32106>;2198,75
2015;Grafenwörth <32107>;3103,125
2015;Großriedenthal <32109>;939
2015;Großweikersdorf <32110>;3105,125
2015;Judenau-Baumgarten <32112>;2218,25
2015;Kirchberg am Wagram <32114>;3542,375
2015;Klosterneuburg <32144>;-
2015;Königsbrunn am Wagram <32115>;1333,75
2015;Königstetten <32116>;2228,25
2015;Langenrohr <32119>;2327,5
2015;Michelhausen <32120>;2782,125
2015;Muckendorf-Wipfing <32143>;1432
2015;St. Andrä-Wördern <32142>;7779,125
2015;Sieghartskirchen <32131>;7311,5
2015;Sitzenberg-Reidling <32132>;2042,875
2015;Tulbing <32134>;2898,125
2015;Tulln an der Donau <32135>;15894,5
2015;Würmla <32139>;1332,75
2015;Zeiselmauer-Wolfpassing <32140>;2232,625
2015;Zwentendorf an der Donau <32141>;4012,25
2015;Dietmanns <32202>;1073,25
2015;Dobersberg <32203>;1658,25
2015;Gastern <32206>;1235,125
2015;Groß-Siegharts <32207>;2780
2015;Karlstein an der Thaya <32209>;1479,25
2015;Kautzen <32210>;1157,5
2015;Ludweis-Aigen <32212>;957,625
2015;Pfaffenschlag bei Waidhofen a.d.Thaya<32214>;921,875
2015;Raabs an der Thaya <32216>;2691
2015;Thaya <32217>;1389,25
2015;Vitis <32219>;2650,25
2015;Waidhofen an der Thaya <32220>;5574,375
2015;Waidhofen an der Thaya-Land <32221>;1227,625
2015;Waldkirchen an der Thaya <32222>;536,25
2015;Windigsteig <32223>;972,75
2015;Bad Erlach <32306>;2956,375
2015;Bad Fischau-Brunn <32301>;3223,875
2015;Bad Schönau <32302>;732,125
2015;Bromberg <32325>;1237,5
2015;Dreistetten ^<32303>;-
2015;Ebenfurth <32304>;3016,25
2015;Eggendorf <32305>;4673,25
2015;Felixdorf <32307>;4299
2015;Gutenstein <32308>;1287,25
2015;Hochneukirchen-Gschaidt <32309>;1625,5
2015;Hochwolkersdorf <32310>;1008,75
2015;Hohe Wand <32311>;1423,875
2015;Hollenthon <32312>;1040,5
2015;Katzelsdorf <32313>;3251,25
2015;Kirchschlag in der Buckligen Welt <32314>;2880,125
2015;Krumbach <32315>;2311,625
2015;Lanzenkirchen <32316>;3858,875
2015;Lichtenegg <32317>;1045,375
2015;Lichtenwörth <32318>;2792
2015;Markt Piesting <32319>;2986,625
2015;Matzendorf-Hölles <32320>;2006,25
2015;Miesenbach <32321>;702,875
2015;Muggendorf <32322>;511,25
2015;Pernitz <32323>;2476
2015;Rohr im Gebirge <32324>;484,375
2015;Schwarzenbach <32326>;967,875
2015;Sollenau <32327>;4831,625
2015;Theresienfeld <32330>;3163,875
2015;Waidmannsfeld <32331>;1535,75
2015;Waldegg <32332>;2027,375
2015;Walpersbach <32333>;1113,25
2015;Weikersdorf am Steinfelde <32334>;1065,625
2015;Wiesmath <32335>;1506,625
2015;Winzendorf-Muthmannsdorf <32336>;1893,375
2015;Wöllersdorf-Steinabrückl <32337>;4251,125
2015;Zillingdorf <32338>;2014,5
2015;Ebergassing ^<32401>;3923,375
2015;Fischamend ^<32402>;5315,25
2015;Gablitz ^<32403>;4844,5
2015;Gerasdorf bei Wien ^<32404>;10702,75
2015;Gramatneusiedl ^<32405>;3078,5
2015;Himberg ^<32406>;7104,375
2015;Klein-Neusiedl ^<32407>;891,25
2015;Klosterneuburg ^<32408>;26718,875
2015;Lanzendorf ^<32409>;1675,25
2015;Leopoldsdorf ^<32410>;5028,875
2015;Maria-Lanzendorf ^<32411>;2084
2015;Mauerbach ^<32412>;3732,75
2015;Moosbrunn ^<32413>;1700,125
2015;Pressbaum ^<32415>;7226,375
2015;Purkersdorf ^<32416>;9470,75
2015;Rauchenwarth ^<32417>;692,5
2015;Schwadorf ^<32418>;2036,25
2015;Schwechat ^<32419>;17296,5
2015;Tullnerbach ^<32421>;2742,375
2015;Wienerherberg ^<32422>;-
2015;Wolfsgraben ^<32423>;1702,375
2015;Zwölfaxing ^<32424>;1636,625
2015;Allentsteig <32501>;1918
2015;Altmelon <32519>;844,875
2015;Arbesbach <32502>;1679,875
2015;Bad Traunstein <32528>;1042,75
2015;Bärnkopf <32503>;345,125
2015;Echsenbach <32504>;1214,25
2015;Göpfritz an der Wild <32505>;1832,25
2015;Grafenschlag <32506>;894,125
2015;Groß Gerungs <32508>;4489,875
2015;Großgöttfritz <32509>;1375,125
2015;Gutenbrunn <32511>;534,125
2015;Kirchschlag <32514>;636,625
2015;Kottes-Purk <32515>;1487,25
2015;Langschlag <32516>;1793,625
2015;Martinsberg <32517>;1140,25
2015;Ottenschlag <32518>;996
2015;Pölla <32520>;946,75
2015;Rappottenstein <32521>;1722
2015;Sallingberg <32522>;1321,625
2015;Schönbach <32523>;826,625
2015;Schwarzenau <32524>;1529,5
2015;Schweiggers <32525>;1976,625
2015;Waldhausen <32529>;1259,25
2015;Zwettl-Niederösterreich <32530>;11021,625
2016;Krems an der Donau <30101>;24506,375
2016;St. Pölten <30201>;53832,375
2016;Waidhofen an der Ybbs <30301>;11373,875
2016;Wiener Neustadt <30401>;44248,75
2016;Altenburg <31101>;822,625
2016;Brunn an der Wild <31102>;823,625
2016;Burgschleinitz-Kühnring <31103>;1379,75
2016;Drosendorf-Zissersdorf <31104>;1214,25
2016;Eggenburg <31105>;3583,75
2016;Gars am Kamp <31106>;3567,375
2016;Geras <31107>;1359,5
2016;Horn <31109>;6636
2016;Irnfritz-Messern <31110>;1433
2016;Japons <31111>;739
2016;Langau <31113>;678,625
2016;Meiseldorf <31114>;897,125
2016;Pernegg <31117>;706,625
2016;Röhrenbach <31119>;528,625
2016;Röschitz <31120>;1053,625
2016;Rosenburg-Mold <31121>;811,875
2016;St. Bernhard-Frauenhofen <31123>;1256,25
2016;Sigmundsherberg <31124>;1647,5
2016;Straning-Grafenberg <31130>;765
2016;Weitersfeld <31129>;1591,125
2016;Bisamberg <31201>;4648,625
2016;Enzersfeld im Weinviertel <31202>;1686
2016;Ernstbrunn <31203>;3174,125
2016;Gerasdorf bei Wien <31235>;-
2016;Großmugl <31204>;1559
2016;Großrußbach <31205>;2189,75
2016;Hagenbrunn <31206>;2195,625
2016;Harmannsdorf <31207>;3946,625
2016;Hausleiten <31208>;3735,5
2016;Korneuburg <31213>;12855,5
2016;Langenzersdorf <31214>;8199,375
2016;Leitzersdorf <31215>;1225,125
2016;Leobendorf <31216>;4874,125
2016;Niederhollabrunn <31234>;1527,25
2016;Oberzögersdorf ^<31223>;-
2016;Rußbach <31224>;1401
2016;Sierndorf <31226>;3847,125
2016;Spillern <31227>;2169,625
2016;Stetteldorf am Wagram <31228>;1038,875
2016;Stetten <31229>;1359,875
2016;Stockerau <31230>;16704,875
2016;Würnitz ^<31233>;-
2016;Aggsbach <31301>;650,875
2016;Albrechtsberg an der Großen Krems <31302>;1036,75
2016;Bergern im Dunkelsteinerwald <31303>;1234,25
2016;Droß <31356>;970,75
2016;Dürnstein <31304>;874,25
2016;Furth bei Göttweig <31309>;2995,875
2016;Gedersdorf <31310>;2174,875
2016;Gföhl <31311>;3732,875
2016;Grafenegg <31308>;3041
2016;Gut am Steg ^<31314>;-
2016;Hadersdorf-Kammern <31315>;2001,75
2016;Imbach ^<31318>;-
2016;Jaidhof <31319>;1206,25
2016;Krumau am Kamp <31321>;762
2016;Langenlois <31322>;7668,5
2016;Lengenfeld <31323>;1428,75
2016;Lichtenau im Waldviertel <31324>;2060,375
2016;Maria Laach am Jauerling <31326>;926,75
2016;Mautern an der Donau <31327>;3603,375
2016;Mühldorf <31330>;1374
2016;Paudorf <31333>;2538
2016;Rastenfeld <31336>;1541,125
2016;Rohrendorf bei Krems <31337>;2074,375
2016;Rossatz-Arnsdorf <31338>;1067,875
2016;St. Leonhard am Hornerwald <31340>;1147,25
2016;Schönberg am Kamp <31355>;1882,75
2016;Senftenberg <31343>;1901,25
2016;Spitz <31344>;1620
2016;Straß im Straßertale <31346>;1667,375
2016;Stratzing <31347>;837,375
2016;Weinzierl am Walde <31350>;1245
2016;Weißenkirchen in der Wachau <31351>;1463,875
2016;Annaberg <31401>;550,25
2016;Eschenau <31402>;1338,75
2016;Hainfeld <31403>;3792,875
2016;Hohenberg <31404>;1528,875
2016;Kaumberg <31405>;1018,5
2016;Kleinzell <31406>;849,875
2016;Lilienfeld <31407>;2896,375
2016;Mitterbach am Erlaufsee <31408>;510,875
2016;Ramsau <31409>;833,75
2016;Rohrbach an der Gölsen <31410>;1580,5
2016;St. Aegyd am Neuwalde <31411>;1948,75
2016;St. Veit an der Gölsen <31412>;3927
2016;Traisen <31413>;3534,75
2016;Türnitz <31414>;1911,5
2016;Artstetten-Pöbring <31502>;1175,5
2016;Bergland <31503>;1918,875
2016;Bischofstetten <31504>;1201,375
2016;Blindenmarkt <31505>;2644,25
2016;Dorfstetten <31506>;577,75
2016;Dunkelsteinerwald <31507>;2371,875
2016;Emmersdorf an der Donau <31553>;1764,5
2016;Erlauf <31508>;1079
2016;Golling an der Erlauf <31509>;1501,625
2016;Hofamt Priel <31511>;1712,25
2016;Hürm <31513>;1772,625
2016;Kilb <31514>;2575,875
2016;Kirnberg an der Mank <31515>;1073,875
2016;Klein-Pöchlarn <31516>;964,75
2016;Krummnußbaum <31517>;1483,625
2016;Leiben <31519>;1363,5
2016;Loosdorf <31520>;3823
2016;Mank <31521>;3185
2016;Marbach an der Donau <31522>;1670,25
2016;Maria Taferl <31523>;902,125
2016;Melk <31524>;5392,625
2016;Münichreith-Laimbach <31525>;1665,625
2016;Neumarkt an der Ybbs <31527>;1917,875
2016;Nöchling <31528>;1083,75
2016;Persenbeug-Gottsdorf <31530>;2209,25
2016;Petzenkirchen <31531>;1313,125
2016;Pöchlarn <31533>;3972,625
2016;Pöggstall <31534>;2467,375
2016;Raxendorf <31535>;1040,625
2016;Ritzengrub ^<31536>;-
2016;Ruprechtshofen <31537>;2265,75
2016;St. Leonhard am Forst <31539>;2984,5
2016;St. Martin-Karlsbach <31540>;1677,75
2016;St. Oswald <31541>;1122,75
2016;Schollach <31543>;959,125
2016;Schönbühel-Aggsbach <31542>;986,5
2016;Texingtal <31551>;1617,25
2016;Weiten <31546>;1097,375
2016;Ybbs an der Donau <31549>;5701,25
2016;Yspertal <31552>;1977,625
2016;Zelking-Matzleinsdorf <31550>;1261,75
2016;Altlichtenwarth <31601>;777,375
2016;Asparn an der Zaya <31603>;1818,375
2016;Bernhardsthal <31604>;1604,75
2016;Bockfließ <31605>;1357,625
2016;Drasenhofen <31606>;1169,375
2016;Falkenstein <31608>;454
2016;Fallbach <31609>;813,75
2016;Gartenbrunn ^<31657>;-
2016;Gaubitsch <31611>;886,25
2016;Gaweinstal <31612>;3888,125
2016;Gnadendorf <31613>;1130,25
2016;Großebersdorf <31614>;2274,25
2016;Großengersdorf <31615>;1493,5
2016;Großharras <31616>;1136,375
2016;Großkrut <31617>;1574,375
2016;Hausbrunn <31620>;846,875
2016;Herrnbaumgarten <31621>;948,125
2016;Hochleithen <31622>;1156,875
2016;Kreuttal <31627>;1407,25
2016;Kreuzstetten <31628>;1573,75
2016;Laa an der Thaya <31629>;6222,875
2016;Ladendorf <31630>;2242
2016;Mistelbach <31633>;11496,875
2016;Neudorf im Weinviertel <31634>;1445,5
2016;Niederleis <31636>;849,25
2016;Ottenthal <31658>;570,75
2016;Pillichsdorf <31642>;1149,375
2016;Poysdorf <31644>;5525,75
2016;Rabensburg <31645>;1101,625
2016;Schrattenberg <31646>;795,875
2016;Staatz <31649>;1970,25
2016;Stronsdorf <31650>;1616,5
2016;Ulrichskirchen-Schleinbach <31651>;2598,125
2016;Unterstinkenbrunn <31652>;563,875
2016;Wildendürnbach <31653>;1573,125
2016;Wilfersdorf <31654>;2179,125
2016;Wolkersdorf im Weinviertel <31655>;7136,875
2016;Achau <31701>;1409,125
2016;Biedermannsdorf <31702>;2928,125
2016;Breitenfurt bei Wien <31703>;5895
2016;Brunn am Gebirge <31704>;11712,375
2016;Gaaden <31706>;1622,75
2016;Gießhübl <31707>;2326,25
2016;Gumpoldskirchen <31709>;3834,625
2016;Guntramsdorf <31710>;9257,875
2016;Hennersdorf <31711>;1524,75
2016;Hinterbrühl <31712>;4044,375
2016;Kaltenleutgeben <31713>;3270
2016;Laab im Walde <31714>;1152,875
2016;Laxenburg <31715>;2850,5
2016;Maria Enzersdorf <31716>;8787,625
2016;Mödling <31717>;20710
2016;Münchendorf <31718>;2947,125
2016;Perchtoldsdorf <31719>;14940,5
2016;Vösendorf <31723>;6787,125
2016;Wiener Neudorf <31725>;9277,875
2016;Wienerwald <31726>;2727,5
2016;Altendorf <31801>;336,875
2016;Aspangberg-St. Peter <31803>;1929,875
2016;Aspang-Markt <31802>;1808,75
2016;Breitenau <31804>;1572,875
2016;Breitenstein <31805>;325,5
2016;Buchbach <31806>;340,25
2016;Bürg-Vöstenhof <31842>;179
2016;Edlitz <31807>;931,75
2016;Enzenreith <31808>;1925,875
2016;Feistritz am Wechsel <31809>;1032,375
2016;Gloggnitz <31810>;6006,875
2016;Grafenbach-St. Valentin <31811>;2264,25
2016;Grimmenstein <31812>;1377,25
2016;Grünbach am Schneeberg <31813>;1697,375
2016;Höflein an der Hohen Wand <31849>;896,625
2016;Kirchberg am Wechsel <31814>;2467,625
2016;Mönichkirchen <31815>;608,125
2016;Natschbach-Loipersbach <31817>;1707,5
2016;Neunkirchen <31818>;12750,125
2016;Otterthal <31820>;603,25
2016;Payerbach <31821>;2078,875
2016;Pitten <31823>;2624,375
2016;Pottschach ^<31824>;-
2016;Prigglitz <31825>;425,75
2016;Puchberg am Schneeberg <31826>;2678,625
2016;Raach am Hochgebirge <31827>;295,875
2016;Raglitz ^<31828>;-
2016;Reichenau an der Rax <31829>;2602,125
2016;St. Corona am Wechsel <31830>;398,125
2016;St. Egyden am Steinfeld <31831>;1896,5
2016;Scheiblingkirchen-Thernberg <31832>;1891
2016;Schottwien <31833>;672,625
2016;Schrattenbach <31834>;359,75
2016;Schwarzau am Steinfeld <31835>;1912,125
2016;Schwarzau im Gebirge <31836>;675
2016;Seebenstein <31837>;1396,5
2016;Semmering <31838>;562,25
2016;Ternitz <31839>;14769
2016;Thomasberg <31840>;1267,25
2016;Trattenbach <31841>;550,125
2016;Warth <31843>;1516,625
2016;Wartmannstetten <31844>;1620
2016;Willendorf <31845>;956,25
2016;Wimpassing im Schwarzatale <31846>;1640,125
2016;Würflach <31847>;1574,75
2016;Zöbern <31848>;1424,375
2016;Altlengbach <31901>;2813,375
2016;Asperhofen <31902>;2223
2016;Böheimkirchen <31903>;5048,375
2016;Brand-Laaben <31904>;1211,5
2016;Eichgraben <31905>;4545,875
2016;Frankenfels <31906>;2011
2016;Gablitz <31949>;-
2016;Gerersdorf <31907>;956
2016;Hafnerbach <31910>;1627
2016;Haunoldstein <31911>;1124,125
2016;Herzogenburg <31912>;7769
2016;Hofstetten-Grünau <31909>;2610,75
2016;Inzersdorf-Getzersdorf <31913>;1545,375
2016;Kapelln <31915>;1388,5
2016;Karlstetten <31916>;2182
2016;Kasten bei Böheimkirchen <31917>;1393,25
2016;Kirchberg an der Pielach <31918>;3223,125
2016;Kirchstetten <31919>;2151
2016;Loich <31920>;599,125
2016;Maria Anzbach <31921>;3024,25
2016;Markersdorf-Haindorf <31922>;2079,25
2016;Mauerbach <31950>;-
2016;Michelbach <31923>;906,75
2016;Neidling <31925>;1453,25
2016;Neulengbach <31926>;8265,375
2016;Neustift-Innermanzing <31927>;1540
2016;Nußdorf ob der Traisen <31928>;1741,875
2016;Ober-Grafendorf <31929>;4623,375
2016;Obritzberg-Rust <31930>;2313,875
2016;Pressbaum <31951>;-
2016;Prinzersdorf <31932>;1605,375
2016;Purkersdorf <31952>;-
2016;Pyhra <31934>;3526,875
2016;Rabenstein an der Pielach <31935>;2523,125
2016;St. Margarethen an der Sierning <31938>;1028,625
2016;Schwarzenbach an der Pielach <31939>;366,625
2016;Statzendorf <31940>;1383,875
2016;Stössing <31941>;832,75
2016;Traismauer <31943>;6139,625
2016;Tullnerbach <31953>;-
2016;Weinburg <31945>;1337,75
2016;Perschling <31946>;1351,75
2016;Wilhelmsburg <31947>;6545,375
2016;Wölbling <31948>;2554,375
2016;Wolfsgraben <31954>;-
2016;Gaming <32001>;3169,125
2016;Göstling an der Ybbs <32002>;2082,5
2016;Gresten <32003>;2016,125
2016;Gresten-Land <32004>;1538,5
2016;Lunz am See <32005>;1811,375
2016;Oberndorf an der Melk <32006>;2945,25
2016;Puchenstuben <32007>;309,125
2016;Purgstall an der Erlauf <32008>;5383,125
2016;Randegg <32009>;1915
2016;Reinsberg <32010>;1013,75
2016;St. Anton an der Jeßnitz <32011>;1216,375
2016;St. Georgen an der Leys <32012>;1326,25
2016;Scheibbs <32013>;4229,375
2016;Steinakirchen am Forst <32014>;2277,5
2016;Wang <32015>;1328,125
2016;Wieselburg <32016>;3912,875
2016;Wieselburg-Land <32017>;3276,75
2016;Wolfpassing <32018>;1533,125
2016;Absdorf <32101>;1970,375
2016;Atzenbrugg <32104>;2825,5
2016;Fels am Wagram <32106>;2219,625
2016;Grafenwörth <32107>;3114,5
2016;Großriedenthal <32109>;936,25
2016;Großweikersdorf <32110>;3146,875
2016;Judenau-Baumgarten <32112>;2263,875
2016;Kirchberg am Wagram <32114>;3627,875
2016;Klosterneuburg <32144>;-
2016;Königsbrunn am Wagram <32115>;1333,5
2016;Königstetten <32116>;2328,5
2016;Langenrohr <32119>;2335,625
2016;Michelhausen <32120>;2948,25
2016;Muckendorf-Wipfing <32143>;1473
2016;St. Andrä-Wördern <32142>;7830,875
2016;Sieghartskirchen <32131>;7446,75
2016;Sitzenberg-Reidling <32132>;2078
2016;Tulbing <32134>;2926,875
2016;Tulln an der Donau <32135>;16110,5
2016;Würmla <32139>;1373,375
2016;Zeiselmauer-Wolfpassing <32140>;2283,875
2016;Zwentendorf an der Donau <32141>;4003,25
2016;Dietmanns <32202>;1071,25
2016;Dobersberg <32203>;1647,25
2016;Gastern <32206>;1221,625
2016;Groß-Siegharts <32207>;2798
2016;Karlstein an der Thaya <32209>;1500,875
2016;Kautzen <32210>;1162
2016;Ludweis-Aigen <32212>;947,375
2016;Pfaffenschlag bei Waidhofen a.d.Thaya<32214>;919,625
2016;Raabs an der Thaya <32216>;2689
2016;Thaya <32217>;1391,625
2016;Vitis <32219>;2669,5
2016;Waidhofen an der Thaya <32220>;5654,75
2016;Waidhofen an der Thaya-Land <32221>;1259
2016;Waldkirchen an der Thaya <32222>;530,625
2016;Windigsteig <32223>;974,875
2016;Bad Erlach <32306>;3026,875
2016;Bad Fischau-Brunn <32301>;3339,125
2016;Bad Schönau <32302>;718,75
2016;Bromberg <32325>;1236,5
2016;Dreistetten ^<32303>;-
2016;Ebenfurth <32304>;3085,5
2016;Eggendorf <32305>;4741,375
2016;Felixdorf <32307>;4340,625
2016;Gutenstein <32308>;1339,625
2016;Hochneukirchen-Gschaidt <32309>;1630,875
2016;Hochwolkersdorf <32310>;1009,5
2016;Hohe Wand <32311>;1437,75
2016;Hollenthon <32312>;1031,75
2016;Katzelsdorf <32313>;3264,875
2016;Kirchschlag in der Buckligen Welt <32314>;2877,25
2016;Krumbach <32315>;2317,375
2016;Lanzenkirchen <32316>;3900
2016;Lichtenegg <32317>;1051,375
2016;Lichtenwörth <32318>;2749,75
2016;Markt Piesting <32319>;3007,5
2016;Matzendorf-Hölles <32320>;2003,875
2016;Miesenbach <32321>;704,125
2016;Muggendorf <32322>;532,25
2016;Pernitz <32323>;2496,125
2016;Rohr im Gebirge <32324>;479,75
2016;Schwarzenbach <32326>;948,5
2016;Sollenau <32327>;4889,625
2016;Theresienfeld <32330>;3292,125
2016;Waidmannsfeld <32331>;1518,25
2016;Waldegg <32332>;2045,625
2016;Walpersbach <32333>;1114,375
2016;Weikersdorf am Steinfelde <32334>;1074,25
2016;Wiesmath <32335>;1509,625
2016;Winzendorf-Muthmannsdorf <32336>;1896,125
2016;Wöllersdorf-Steinabrückl <32337>;4296,625
2016;Zillingdorf <32338>;2043
2016;Ebergassing ^<32401>;3916,625
2016;Fischamend ^<32402>;5443,75
2016;Gablitz ^<32403>;4927,875
2016;Gerasdorf bei Wien ^<32404>;10802,5
2016;Gramatneusiedl ^<32405>;3188,125
2016;Himberg ^<32406>;7367,875
2016;Klein-Neusiedl ^<32407>;919
2016;Klosterneuburg ^<32408>;26809,5
2016;Lanzendorf ^<32409>;1756,125
2016;Leopoldsdorf ^<32410>;5060,25
2016;Maria-Lanzendorf ^<32411>;2116,125
2016;Mauerbach ^<32412>;3715,875
2016;Moosbrunn ^<32413>;1736,875
2016;Pressbaum ^<32415>;7380,125
2016;Purkersdorf ^<32416>;9610,375
2016;Rauchenwarth ^<32417>;726,125
2016;Schwadorf ^<32418>;2063,125
2016;Schwechat ^<32419>;17878,625
2016;Tullnerbach ^<32421>;2762,625
2016;Wienerherberg ^<32422>;-
2016;Wolfsgraben ^<32423>;1703,125
2016;Zwölfaxing ^<32424>;1708,125
2016;Allentsteig <32501>;1904,375
2016;Altmelon <32519>;848,625
2016;Arbesbach <32502>;1665,25
2016;Bad Traunstein <32528>;1039,375
2016;Bärnkopf <32503>;346,875
2016;Echsenbach <32504>;1253,25
2016;Göpfritz an der Wild <32505>;1850,375
2016;Grafenschlag <32506>;887,875
2016;Groß Gerungs <32508>;4517,125
2016;Großgöttfritz <32509>;1365,25
2016;Gutenbrunn <32511>;526
2016;Kirchschlag <32514>;627,625
2016;Kottes-Purk <32515>;1480,25
2016;Langschlag <32516>;1810,25
2016;Martinsberg <32517>;1115,125
2016;Ottenschlag <32518>;999,375
2016;Pölla <32520>;949,625
2016;Rappottenstein <32521>;1715,875
2016;Sallingberg <32522>;1309,25
2016;Schönbach <32523>;823,375
2016;Schwarzenau <32524>;1519
2016;Schweiggers <32525>;2025,375
2016;Waldhausen <32529>;1243,125
2016;Zwettl-Niederösterreich <32530>;10996,5
2017;Krems an der Donau <30101>;24582,625
2017;St. Pölten <30201>;54406,75
2017;Waidhofen an der Ybbs <30301>;11365
2017;Wiener Neustadt <30401>;44656,125
2017;Altenburg <31101>;829
2017;Brunn an der Wild <31102>;823,375
2017;Burgschleinitz-Kühnring <31103>;1365
2017;Drosendorf-Zissersdorf <31104>;1201,25
2017;Eggenburg <31105>;3568,625
2017;Gars am Kamp <31106>;3540,875
2017;Geras <31107>;1337,375
2017;Horn <31109>;6554,25
2017;Irnfritz-Messern <31110>;1414,75
2017;Japons <31111>;731,625
2017;Langau <31113>;674,875
2017;Meiseldorf <31114>;884,25
2017;Pernegg <31117>;700,125
2017;Röhrenbach <31119>;529,875
2017;Röschitz <31120>;1049
2017;Rosenburg-Mold <31121>;843,375
2017;St. Bernhard-Frauenhofen <31123>;1299,875
2017;Sigmundsherberg <31124>;1644
2017;Straning-Grafenberg <31130>;773,75
2017;Weitersfeld <31129>;1586,875
2017;Bisamberg <31201>;4686,25
2017;Enzersfeld im Weinviertel <31202>;1699,125
2017;Ernstbrunn <31203>;3193,125
2017;Gerasdorf bei Wien <31235>;11002,875
2017;Großmugl <31204>;1577
2017;Großrußbach <31205>;2196,375
2017;Hagenbrunn <31206>;2235,875
2017;Harmannsdorf <31207>;3962,125
2017;Hausleiten <31208>;3769,5
2017;Korneuburg <31213>;12955,5
2017;Langenzersdorf <31214>;8186,25
2017;Leitzersdorf <31215>;1217,5
2017;Leobendorf <31216>;4855,75
2017;Niederhollabrunn <31234>;1536
2017;Oberzögersdorf ^<31223>;-
2017;Rußbach <31224>;1425,125
2017;Sierndorf <31226>;3906,625
2017;Spillern <31227>;2195,75
2017;Stetteldorf am Wagram <31228>;1043,125
2017;Stetten <31229>;1366
2017;Stockerau <31230>;16849,75
2017;Würnitz ^<31233>;-
2017;Aggsbach <31301>;641,75
2017;Albrechtsberg an der Großen Krems <31302>;1036,125
2017;Bergern im Dunkelsteinerwald <31303>;1251,875
2017;Droß <31356>;974,75
2017;Dürnstein <31304>;873,875
2017;Furth bei Göttweig <31309>;2965,25
2017;Gedersdorf <31310>;2157,625
2017;Gföhl <31311>;3762
2017;Grafenegg <31308>;3061
2017;Gut am Steg ^<31314>;-
2017;Hadersdorf-Kammern <31315>;1999,875
2017;Imbach ^<31318>;-
2017;Jaidhof <31319>;1221,875
2017;Krumau am Kamp <31321>;756,25
2017;Langenlois <31322>;7644,625
2017;Lengenfeld <31323>;1422,25
2017;Lichtenau im Waldviertel <31324>;2053,125
2017;Maria Laach am Jauerling <31326>;916,75
2017;Mautern an der Donau <31327>;3576,25
2017;Mühldorf <31330>;1343,625
2017;Paudorf <31333>;2571,625
2017;Rastenfeld <31336>;1551,5
2017;Rohrendorf bei Krems <31337>;2081,125
2017;Rossatz-Arnsdorf <31338>;1073,25
2017;St. Leonhard am Hornerwald <31340>;1122,375
2017;Schönberg am Kamp <31355>;1905,875
2017;Senftenberg <31343>;1951,75
2017;Spitz <31344>;1628,375
2017;Straß im Straßertale <31346>;1668,625
2017;Stratzing <31347>;825,625
2017;Weinzierl am Walde <31350>;1248,75
2017;Weißenkirchen in der Wachau <31351>;1444,75
2017;Annaberg <31401>;535,25
2017;Eschenau <31402>;1323,625
2017;Hainfeld <31403>;3746,375
2017;Hohenberg <31404>;1521,375
2017;Kaumberg <31405>;1020,625
2017;Kleinzell <31406>;839,25
2017;Lilienfeld <31407>;2842,125
2017;Mitterbach am Erlaufsee <31408>;500,125
2017;Ramsau <31409>;839,375
2017;Rohrbach an der Gölsen <31410>;1574,125
2017;St. Aegyd am Neuwalde <31411>;1929,375
2017;St. Veit an der Gölsen <31412>;3911,125
2017;Traisen <31413>;3499,375
2017;Türnitz <31414>;1921
2017;Artstetten-Pöbring <31502>;1181,75
2017;Bergland <31503>;1914,25
2017;Bischofstetten <31504>;1176,375
2017;Blindenmarkt <31505>;2705,5
2017;Dorfstetten <31506>;583,5
2017;Dunkelsteinerwald <31507>;2383,375
2017;Emmersdorf an der Donau <31553>;1769,25
2017;Erlauf <31508>;1065,625
2017;Golling an der Erlauf <31509>;1519,125
2017;Hofamt Priel <31511>;1675,125
2017;Hürm <31513>;1806,875
2017;Kilb <31514>;2558,75
2017;Kirnberg an der Mank <31515>;1073,75
2017;Klein-Pöchlarn <31516>;982
2017;Krummnußbaum <31517>;1499,375
2017;Leiben <31519>;1363,875
2017;Loosdorf <31520>;3804,75
2017;Mank <31521>;3204,875
2017;Marbach an der Donau <31522>;1680,625
2017;Maria Taferl <31523>;893,75
2017;Melk <31524>;5473,125
2017;Münichreith-Laimbach <31525>;1669,625
2017;Neumarkt an der Ybbs <31527>;1910,625
2017;Nöchling <31528>;1082,5
2017;Persenbeug-Gottsdorf <31530>;2203,25
2017;Petzenkirchen <31531>;1321,125
2017;Pöchlarn <31533>;3945,625
2017;Pöggstall <31534>;2456,875
2017;Raxendorf <31535>;1042,25
2017;Ritzengrub ^<31536>;-
2017;Ruprechtshofen <31537>;2286,75
2017;St. Leonhard am Forst <31539>;2988,25
2017;St. Martin-Karlsbach <31540>;1662,25
2017;St. Oswald <31541>;1128,25
2017;Schollach <31543>;974,125
2017;Schönbühel-Aggsbach <31542>;978,375
2017;Texingtal <31551>;1620,625
2017;Weiten <31546>;1097,75
2017;Ybbs an der Donau <31549>;5635,625
2017;Yspertal <31552>;2010
2017;Zelking-Matzleinsdorf <31550>;1233,625
2017;Altlichtenwarth <31601>;775,375
2017;Asparn an der Zaya <31603>;1845,125
2017;Bernhardsthal <31604>;1615,5
2017;Bockfließ <31605>;1352,625
2017;Drasenhofen <31606>;1140,625
2017;Falkenstein <31608>;463
2017;Fallbach <31609>;818,75
2017;Gartenbrunn ^<31657>;-
2017;Gaubitsch <31611>;898,25
2017;Gaweinstal <31612>;3936,25
2017;Gnadendorf <31613>;1131,5
2017;Großebersdorf <31614>;2245,25
2017;Großengersdorf <31615>;1486
2017;Großharras <31616>;1128,5
2017;Großkrut <31617>;1571
2017;Hausbrunn <31620>;855,25
2017;Herrnbaumgarten <31621>;937,75
2017;Hochleithen <31622>;1165,25
2017;Kreuttal <31627>;1408,375
2017;Kreuzstetten <31628>;1559,875
2017;Laa an der Thaya <31629>;6263,5
2017;Ladendorf <31630>;2269,5
2017;Mistelbach <31633>;11575,125
2017;Neudorf im Weinviertel <31634>;1436
2017;Niederleis <31636>;855,125
2017;Ottenthal <31658>;557,75
2017;Pillichsdorf <31642>;1162,375
2017;Poysdorf <31644>;5512,125
2017;Rabensburg <31645>;1098,75
2017;Schrattenberg <31646>;800,125
2017;Staatz <31649>;1953,125
2017;Stronsdorf <31650>;1589,375
2017;Ulrichskirchen-Schleinbach <31651>;2624,375
2017;Unterstinkenbrunn <31652>;563,375
2017;Wildendürnbach <31653>;1574,375
2017;Wilfersdorf <31654>;2190,25
2017;Wolkersdorf im Weinviertel <31655>;7174,625
2017;Achau <31701>;1417,5
2017;Biedermannsdorf <31702>;2914
2017;Breitenfurt bei Wien <31703>;5870,875
2017;Brunn am Gebirge <31704>;11792,25
2017;Gaaden <31706>;1623,875
2017;Gießhübl <31707>;2345,25
2017;Gumpoldskirchen <31709>;3861,625
2017;Guntramsdorf <31710>;9228
2017;Hennersdorf <31711>;1533,25
2017;Hinterbrühl <31712>;4040
2017;Kaltenleutgeben <31713>;3274,375
2017;Laab im Walde <31714>;1137,125
2017;Laxenburg <31715>;2832,625
2017;Maria Enzersdorf <31716>;8818,625
2017;Mödling <31717>;20627
2017;Münchendorf <31718>;2968,375
2017;Perchtoldsdorf <31719>;15010,5
2017;Vösendorf <31723>;6822
2017;Wiener Neudorf <31725>;9373,375
2017;Wienerwald <31726>;2806,375
2017;Altendorf <31801>;348,5
2017;Aspangberg-St. Peter <31803>;1906,25
2017;Aspang-Markt <31802>;1817,625
2017;Breitenau <31804>;1567,75
2017;Breitenstein <31805>;321,125
2017;Buchbach <31806>;331,125
2017;Bürg-Vöstenhof <31842>;180,5
2017;Edlitz <31807>;943,875
2017;Enzenreith <31808>;1939,5
2017;Feistritz am Wechsel <31809>;1036
2017;Gloggnitz <31810>;5979
2017;Grafenbach-St. Valentin <31811>;2253,5
2017;Grimmenstein <31812>;1345
2017;Grünbach am Schneeberg <31813>;1654,375
2017;Höflein an der Hohen Wand <31849>;900,25
2017;Kirchberg am Wechsel <31814>;2493,625
2017;Mönichkirchen <31815>;600,25
2017;Natschbach-Loipersbach <31817>;1697,375
2017;Neunkirchen <31818>;12856,125
2017;Otterthal <31820>;597,375
2017;Payerbach <31821>;2067,875
2017;Pitten <31823>;2661,625
2017;Pottschach ^<31824>;-
2017;Prigglitz <31825>;425,875
2017;Puchberg am Schneeberg <31826>;2677,25
2017;Raach am Hochgebirge <31827>;290,125
2017;Raglitz ^<31828>;-
2017;Reichenau an der Rax <31829>;2583,25
2017;St. Corona am Wechsel <31830>;390,625
2017;St. Egyden am Steinfeld <31831>;1902
2017;Scheiblingkirchen-Thernberg <31832>;1865,75
2017;Schottwien <31833>;666,125
2017;Schrattenbach <31834>;363,5
2017;Schwarzau am Steinfeld <31835>;1923,375
2017;Schwarzau im Gebirge <31836>;650,875
2017;Seebenstein <31837>;1411,125
2017;Semmering <31838>;544
2017;Ternitz <31839>;14677,75
2017;Thomasberg <31840>;1268,375
2017;Trattenbach <31841>;552,75
2017;Warth <31843>;1509,5
2017;Wartmannstetten <31844>;1610,75
2017;Willendorf <31845>;971,875
2017;Wimpassing im Schwarzatale <31846>;1630,125
2017;Würflach <31847>;1578,375
2017;Zöbern <31848>;1426,375
2017;Altlengbach <31901>;2892
2017;Asperhofen <31902>;2220,875
2017;Böheimkirchen <31903>;5069,375
2017;Brand-Laaben <31904>;1232,375
2017;Eichgraben <31905>;4574,75
2017;Frankenfels <31906>;1992
2017;Gablitz <31949>;4979,125
2017;Gerersdorf <31907>;973,375
2017;Hafnerbach <31910>;1671,5
2017;Haunoldstein <31911>;1154,875
2017;Herzogenburg <31912>;7758,375
2017;Hofstetten-Grünau <31909>;2668,25
2017;Inzersdorf-Getzersdorf <31913>;1553,375
2017;Kapelln <31915>;1379,75
2017;Karlstetten <31916>;2169,25
2017;Kasten bei Böheimkirchen <31917>;1411,5
2017;Kirchberg an der Pielach <31918>;3222,875
2017;Kirchstetten <31919>;2183,125
2017;Loich <31920>;604,625
2017;Maria Anzbach <31921>;3055,875
2017;Markersdorf-Haindorf <31922>;2094,125
2017;Mauerbach <31950>;3683,625
2017;Michelbach <31923>;901,5
2017;Neidling <31925>;1460
2017;Neulengbach <31926>;8287,875
2017;Neustift-Innermanzing <31927>;1538,125
2017;Nußdorf ob der Traisen <31928>;1753,875
2017;Ober-Grafendorf <31929>;4578,375
2017;Obritzberg-Rust <31930>;2318,75
2017;Pressbaum <31951>;7485,75
2017;Prinzersdorf <31932>;1619,5
2017;Purkersdorf <31952>;9670,125
2017;Pyhra <31934>;3537,125
2017;Rabenstein an der Pielach <31935>;2540,875
2017;St. Margarethen an der Sierning <31938>;1012,125
2017;Schwarzenbach an der Pielach <31939>;365,625
2017;Statzendorf <31940>;1367,875
2017;Stössing <31941>;821,75
2017;Traismauer <31943>;6204
2017;Tullnerbach <31953>;2767,375
2017;Weinburg <31945>;1336,75
2017;Perschling <31946>;1378,625
2017;Wilhelmsburg <31947>;6567,375
2017;Wölbling <31948>;2572,875
2017;Wolfsgraben <31954>;1711,75
2017;Gaming <32001>;3147,875
2017;Göstling an der Ybbs <32002>;2062,875
2017;Gresten <32003>;1980
2017;Gresten-Land <32004>;1523,625
2017;Lunz am See <32005>;1810,125
2017;Oberndorf an der Melk <32006>;2947,75
2017;Puchenstuben <32007>;306,75
2017;Purgstall an der Erlauf <32008>;5371,625
2017;Randegg <32009>;1892,75
2017;Reinsberg <32010>;1020,625
2017;St. Anton an der Jeßnitz <32011>;1201,625
2017;St. Georgen an der Leys <32012>;1333,25
2017;Scheibbs <32013>;4212,25
2017;Steinakirchen am Forst <32014>;2276,25
2017;Wang <32015>;1352
2017;Wieselburg <32016>;4042,5
2017;Wieselburg-Land <32017>;3300,75
2017;Wolfpassing <32018>;1603,75
2017;Absdorf <32101>;2049,375
2017;Atzenbrugg <32104>;2917,125
2017;Fels am Wagram <32106>;2285,875
2017;Grafenwörth <32107>;3131,375
2017;Großriedenthal <32109>;909,875
2017;Großweikersdorf <32110>;3173,125
2017;Judenau-Baumgarten <32112>;2263,75
2017;Kirchberg am Wagram <32114>;3649,375
2017;Klosterneuburg <32144>;26938,25
2017;Königsbrunn am Wagram <32115>;1322,75
2017;Königstetten <32116>;2372,125
2017;Langenrohr <32119>;2353,375
2017;Michelhausen <32120>;3073
2017;Muckendorf-Wipfing <32143>;1522,875
2017;St. Andrä-Wördern <32142>;7845,625
2017;Sieghartskirchen <32131>;7469,875
2017;Sitzenberg-Reidling <32132>;2072,25
2017;Tulbing <32134>;2945,5
2017;Tulln an der Donau <32135>;16178,625
2017;Würmla <32139>;1396,375
2017;Zeiselmauer-Wolfpassing <32140>;2283,625
2017;Zwentendorf an der Donau <32141>;3984,125
2017;Dietmanns <32202>;1065,875
2017;Dobersberg <32203>;1634,25
2017;Gastern <32206>;1217,375
2017;Groß-Siegharts <32207>;2783,25
2017;Karlstein an der Thaya <32209>;1475,875
2017;Kautzen <32210>;1136,5
2017;Ludweis-Aigen <32212>;927,875
2017;Pfaffenschlag bei Waidhofen a.d.Thaya<32214>;912,375
2017;Raabs an der Thaya <32216>;2646
2017;Thaya <32217>;1386,375
2017;Vitis <32219>;2672
2017;Waidhofen an der Thaya <32220>;5553
2017;Waidhofen an der Thaya-Land <32221>;1264,25
2017;Waldkirchen an der Thaya <32222>;533,5
2017;Windigsteig <32223>;958,625
2017;Bad Erlach <32306>;3064,125
2017;Bad Fischau-Brunn <32301>;3407,5
2017;Bad Schönau <32302>;711
2017;Bromberg <32325>;1216,75
2017;Dreistetten ^<32303>;-
2017;Ebenfurth <32304>;3136,125
2017;Eggendorf <32305>;4773,125
2017;Felixdorf <32307>;4306,375
2017;Gutenstein <32308>;1283,625
2017;Hochneukirchen-Gschaidt <32309>;1640,625
2017;Hochwolkersdorf <32310>;1007,125
2017;Hohe Wand <32311>;1429,125
2017;Hollenthon <32312>;1026,875
2017;Katzelsdorf <32313>;3270,5
2017;Kirchschlag in der Buckligen Welt <32314>;2896,375
2017;Krumbach <32315>;2310,625
2017;Lanzenkirchen <32316>;3973,125
2017;Lichtenegg <32317>;1038,625
2017;Lichtenwörth <32318>;2731,75
2017;Markt Piesting <32319>;3012
2017;Matzendorf-Hölles <32320>;2009,25
2017;Miesenbach <32321>;703,5
2017;Muggendorf <32322>;531
2017;Pernitz <32323>;2467,125
2017;Rohr im Gebirge <32324>;471,875
2017;Schwarzenbach <32326>;939,625
2017;Sollenau <32327>;5032,75
2017;Theresienfeld <32330>;3407,875
2017;Waidmannsfeld <32331>;1523
2017;Waldegg <32332>;2058,25
2017;Walpersbach <32333>;1110,5
2017;Weikersdorf am Steinfelde <32334>;1073
2017;Wiesmath <32335>;1510,125
2017;Winzendorf-Muthmannsdorf <32336>;1896,5
2017;Wöllersdorf-Steinabrückl <32337>;4418,25
2017;Zillingdorf <32338>;2033
2017;Ebergassing ^<32401>;-
2017;Fischamend ^<32402>;-
2017;Gablitz ^<32403>;-
2017;Gerasdorf bei Wien ^<32404>;-
2017;Gramatneusiedl ^<32405>;-
2017;Himberg ^<32406>;-
2017;Klein-Neusiedl ^<32407>;-
2017;Klosterneuburg ^<32408>;-
2017;Lanzendorf ^<32409>;-
2017;Leopoldsdorf ^<32410>;-
2017;Maria-Lanzendorf ^<32411>;-
2017;Mauerbach ^<32412>;-
2017;Moosbrunn ^<32413>;-
2017;Pressbaum ^<32415>;-
2017;Purkersdorf ^<32416>;-
2017;Rauchenwarth ^<32417>;-
2017;Schwadorf ^<32418>;-
2017;Schwechat ^<32419>;-
2017;Tullnerbach ^<32421>;-
2017;Wienerherberg ^<32422>;-
2017;Wolfsgraben ^<32423>;-
2017;Zwölfaxing ^<32424>;-
2017;Allentsteig <32501>;1851
2017;Altmelon <32519>;857,125
2017;Arbesbach <32502>;1645,125
2017;Bad Traunstein <32528>;1032,5
2017;Bärnkopf <32503>;354,125
2017;Echsenbach <32504>;1255,125
2017;Göpfritz an der Wild <32505>;1835,625
2017;Grafenschlag <32506>;863
2017;Groß Gerungs <32508>;4511,75
2017;Großgöttfritz <32509>;1368,5
2017;Gutenbrunn <32511>;526,625
2017;Kirchschlag <32514>;625
2017;Kottes-Purk <32515>;1466,5
2017;Langschlag <32516>;1793,875
2017;Martinsberg <32517>;1108,375
2017;Ottenschlag <32518>;1008,25
2017;Pölla <32520>;945,75
2017;Rappottenstein <32521>;1719,25
2017;Sallingberg <32522>;1301,375
2017;Schönbach <32523>;803,5
2017;Schwarzenau <32524>;1528,625
2017;Schweiggers <32525>;2021
2017;Waldhausen <32529>;1229,75
2017;Zwettl-Niederösterreich <32530>;10959,625
2018;Krems an der Donau <30101>;24716
2018;St. Pölten <30201>;54842,875
2018;Waidhofen an der Ybbs <30301>;11301,5
2018;Wiener Neustadt <30401>;45054,375
2018;Altenburg <31101>;826,75
2018;Brunn an der Wild <31102>;825,625
2018;Burgschleinitz-Kühnring <31103>;1348
2018;Drosendorf-Zissersdorf <31104>;1214,5
2018;Eggenburg <31105>;3515,25
2018;Gars am Kamp <31106>;3537
2018;Geras <31107>;1325,625
2018;Horn <31109>;6489,25
2018;Irnfritz-Messern <31110>;1417,375
2018;Japons <31111>;727,25
2018;Langau <31113>;673,875
2018;Meiseldorf <31114>;876
2018;Pernegg <31117>;703,25
2018;Röhrenbach <31119>;522,75
2018;Röschitz <31120>;1047,25
2018;Rosenburg-Mold <31121>;848,5
2018;St. Bernhard-Frauenhofen <31123>;1295,5
2018;Sigmundsherberg <31124>;1637,625
2018;Straning-Grafenberg <31130>;765,375
2018;Weitersfeld <31129>;1580,375
2018;Bisamberg <31201>;4736,25
2018;Enzersfeld im Weinviertel <31202>;1725
2018;Ernstbrunn <31203>;3205,875
2018;Gerasdorf bei Wien <31235>;11215,625
2018;Großmugl <31204>;1603,5
2018;Großrußbach <31205>;2205,125
2018;Hagenbrunn <31206>;2212,375
2018;Harmannsdorf <31207>;3989,125
2018;Hausleiten <31208>;3769,625
2018;Korneuburg <31213>;13129,875
2018;Langenzersdorf <31214>;8134,625
2018;Leitzersdorf <31215>;1200,125
2018;Leobendorf <31216>;4869,875
2018;Niederhollabrunn <31234>;1537
2018;Oberzögersdorf ^<31223>;-
2018;Rußbach <31224>;1433
2018;Sierndorf <31226>;3930,625
2018;Spillern <31227>;2252,75
2018;Stetteldorf am Wagram <31228>;1032,75
2018;Stetten <31229>;1357,5
2018;Stockerau <31230>;16964
2018;Würnitz ^<31233>;-
2018;Aggsbach <31301>;644,25
2018;Albrechtsberg an der Großen Krems <31302>;1030,25
2018;Bergern im Dunkelsteinerwald <31303>;1255,625
2018;Droß <31356>;1001,125
2018;Dürnstein <31304>;856,25
2018;Furth bei Göttweig <31309>;2956,875
2018;Gedersdorf <31310>;2181,25
2018;Gföhl <31311>;3773,75
2018;Grafenegg <31308>;3068,875
2018;Gut am Steg ^<31314>;-
2018;Hadersdorf-Kammern <31315>;1995,75
2018;Imbach ^<31318>;-
2018;Jaidhof <31319>;1217
2018;Krumau am Kamp <31321>;761,125
2018;Langenlois <31322>;7626,25
2018;Lengenfeld <31323>;1414,125
2018;Lichtenau im Waldviertel <31324>;2042,125
2018;Maria Laach am Jauerling <31326>;916,875
2018;Mautern an der Donau <31327>;3568,375
2018;Mühldorf <31330>;1306,125
2018;Paudorf <31333>;2589,75
2018;Rastenfeld <31336>;1543,25
2018;Rohrendorf bei Krems <31337>;2095,5
2018;Rossatz-Arnsdorf <31338>;1065,875
2018;St. Leonhard am Hornerwald <31340>;1109,375
2018;Schönberg am Kamp <31355>;1884,75
2018;Senftenberg <31343>;1975,875
2018;Spitz <31344>;1599,25
2018;Straß im Straßertale <31346>;1690,75
2018;Stratzing <31347>;831,875
2018;Weinzierl am Walde <31350>;1242,375
2018;Weißenkirchen in der Wachau <31351>;1423,875
2018;Annaberg <31401>;517,875
2018;Eschenau <31402>;1317,5
2018;Hainfeld <31403>;3757,375
2018;Hohenberg <31404>;1514,25
2018;Kaumberg <31405>;1036
2018;Kleinzell <31406>;852,125
2018;Lilienfeld <31407>;2821,25
2018;Mitterbach am Erlaufsee <31408>;493
2018;Ramsau <31409>;853,75
2018;Rohrbach an der Gölsen <31410>;1550,25
2018;St. Aegyd am Neuwalde <31411>;1874,125
2018;St. Veit an der Gölsen <31412>;3917,625
2018;Traisen <31413>;3426,625
2018;Türnitz <31414>;1912,5
2018;Artstetten-Pöbring <31502>;1182,25
2018;Bergland <31503>;1924,75
2018;Bischofstetten <31504>;1191,125
2018;Blindenmarkt <31505>;2713,125
2018;Dorfstetten <31506>;578,375
2018;Dunkelsteinerwald <31507>;2395,75
2018;Emmersdorf an der Donau <31553>;1778,75
2018;Erlauf <31508>;1081,125
2018;Golling an der Erlauf <31509>;1502,375
2018;Hofamt Priel <31511>;1686,875
2018;Hürm <31513>;1817,5
2018;Kilb <31514>;2549,75
2018;Kirnberg an der Mank <31515>;1065,625
2018;Klein-Pöchlarn <31516>;1001,5
2018;Krummnußbaum <31517>;1504
2018;Leiben <31519>;1355,875
2018;Loosdorf <31520>;3802
2018;Mank <31521>;3222,125
2018;Marbach an der Donau <31522>;1693,375
2018;Maria Taferl <31523>;892,625
2018;Melk <31524>;5553,125
2018;Münichreith-Laimbach <31525>;1654,5
2018;Neumarkt an der Ybbs <31527>;1912,75
2018;Nöchling <31528>;1072
2018;Persenbeug-Gottsdorf <31530>;2190,25
2018;Petzenkirchen <31531>;1354,875
2018;Pöchlarn <31533>;3927,125
2018;Pöggstall <31534>;2435,25
2018;Raxendorf <31535>;1050,25
2018;Ritzengrub ^<31536>;-
2018;Ruprechtshofen <31537>;2301
2018;St. Leonhard am Forst <31539>;2986,25
2018;St. Martin-Karlsbach <31540>;1660,625
2018;St. Oswald <31541>;1122,5
2018;Schollach <31543>;978,75
2018;Schönbühel-Aggsbach <31542>;974,875
2018;Texingtal <31551>;1628
2018;Weiten <31546>;1097,75
2018;Ybbs an der Donau <31549>;5656,75
2018;Yspertal <31552>;1996,375
2018;Zelking-Matzleinsdorf <31550>;1215,75
2018;Altlichtenwarth <31601>;774,5
2018;Asparn an der Zaya <31603>;1870,875
2018;Bernhardsthal <31604>;1601,375
2018;Bockfließ <31605>;1340,25
2018;Drasenhofen <31606>;1107
2018;Falkenstein <31608>;466,25
2018;Fallbach <31609>;817,5
2018;Gartenbrunn ^<31657>;-
2018;Gaubitsch <31611>;888,625
2018;Gaweinstal <31612>;3954,25
2018;Gnadendorf <31613>;1132,125
2018;Großebersdorf <31614>;2229,625
2018;Großengersdorf <31615>;1484,25
2018;Großharras <31616>;1112,875
2018;Großkrut <31617>;1572
2018;Hausbrunn <31620>;861
2018;Herrnbaumgarten <31621>;957,125
2018;Hochleithen <31622>;1161,125
2018;Kreuttal <31627>;1437,375
2018;Kreuzstetten <31628>;1528,75
2018;Laa an der Thaya <31629>;6256
2018;Ladendorf <31630>;2287,5
2018;Mistelbach <31633>;11523,25
2018;Neudorf im Weinviertel <31634>;1422,875
2018;Niederleis <31636>;875
2018;Ottenthal <31658>;538,125
2018;Pillichsdorf <31642>;1143,25
2018;Poysdorf <31644>;5530,125
2018;Rabensburg <31645>;1105,125
2018;Schrattenberg <31646>;812,875
2018;Staatz <31649>;1932,5
2018;Stronsdorf <31650>;1598,625
2018;Ulrichskirchen-Schleinbach <31651>;2623,875
2018;Unterstinkenbrunn <31652>;557,75
2018;Wildendürnbach <31653>;1566,75
2018;Wilfersdorf <31654>;2165
2018;Wolkersdorf im Weinviertel <31655>;7220,125
2018;Achau <31701>;1428,375
2018;Biedermannsdorf <31702>;3039
2018;Breitenfurt bei Wien <31703>;5859,25
2018;Brunn am Gebirge <31704>;11883,25
2018;Gaaden <31706>;1634,375
2018;Gießhübl <31707>;2350,75
2018;Gumpoldskirchen <31709>;3901,875
2018;Guntramsdorf <31710>;9180,25
2018;Hennersdorf <31711>;1539,875
2018;Hinterbrühl <31712>;4010
2018;Kaltenleutgeben <31713>;3296
2018;Laab im Walde <31714>;1135,125
2018;Laxenburg <31715>;2847,125
2018;Maria Enzersdorf <31716>;8764,25
2018;Mödling <31717>;20502,375
2018;Münchendorf <31718>;2975,625
2018;Perchtoldsdorf <31719>;15038,125
2018;Vösendorf <31723>;7113,625
2018;Wiener Neudorf <31725>;9416,5
2018;Wienerwald <31726>;2849,75
2018;Altendorf <31801>;341,375
2018;Aspangberg-St. Peter <31803>;1893,625
2018;Aspang-Markt <31802>;1809,125
2018;Breitenau <31804>;1579,75
2018;Breitenstein <31805>;319
2018;Buchbach <31806>;333,625
2018;Bürg-Vöstenhof <31842>;175,875
2018;Edlitz <31807>;919,625
2018;Enzenreith <31808>;1954,25
2018;Feistritz am Wechsel <31809>;1044,875
2018;Gloggnitz <31810>;5921,25
2018;Grafenbach-St. Valentin <31811>;2221,5
2018;Grimmenstein <31812>;1328,125
2018;Grünbach am Schneeberg <31813>;1603,125
2018;Höflein an der Hohen Wand <31849>;883,625
2018;Kirchberg am Wechsel <31814>;2505,25
2018;Mönichkirchen <31815>;600
2018;Natschbach-Loipersbach <31817>;1709,625
2018;Neunkirchen <31818>;12797,25
2018;Otterthal <31820>;594
2018;Payerbach <31821>;2056
2018;Pitten <31823>;2744,25
2018;Pottschach ^<31824>;-
2018;Prigglitz <31825>;429,375
2018;Puchberg am Schneeberg <31826>;2690,875
2018;Raach am Hochgebirge <31827>;297,75
2018;Raglitz ^<31828>;-
2018;Reichenau an der Rax <31829>;2547,625
2018;St. Corona am Wechsel <31830>;387,25
2018;St. Egyden am Steinfeld <31831>;1949,125
2018;Scheiblingkirchen-Thernberg <31832>;1872,625
2018;Schottwien <31833>;676,375
2018;Schrattenbach <31834>;364,75
2018;Schwarzau am Steinfeld <31835>;1968,75
2018;Schwarzau im Gebirge <31836>;646,75
2018;Seebenstein <31837>;1417,125
2018;Semmering <31838>;538
2018;Ternitz <31839>;14614,5
2018;Thomasberg <31840>;1265,375
2018;Trattenbach <31841>;539,75
2018;Warth <31843>;1512,625
2018;Wartmannstetten <31844>;1627,625
2018;Willendorf <31845>;976,125
2018;Wimpassing im Schwarzatale <31846>;1621,625
2018;Würflach <31847>;1586,125
2018;Zöbern <31848>;1407,25
2018;Altlengbach <31901>;2952
2018;Asperhofen <31902>;2216,25
2018;Böheimkirchen <31903>;5082,25
2018;Brand-Laaben <31904>;1226,75
2018;Eichgraben <31905>;4616,25
2018;Frankenfels <31906>;1964,375
2018;Gablitz <31949>;4969,125
2018;Gerersdorf <31907>;971,375
2018;Hafnerbach <31910>;1674,75
2018;Haunoldstein <31911>;1174,5
2018;Herzogenburg <31912>;7777
2018;Hofstetten-Grünau <31909>;2686,125
2018;Inzersdorf-Getzersdorf <31913>;1581,625
2018;Kapelln <31915>;1383,625
2018;Karlstetten <31916>;2173,125
2018;Kasten bei Böheimkirchen <31917>;1400
2018;Kirchberg an der Pielach <31918>;3220,75
2018;Kirchstetten <31919>;2190,25
2018;Loich <31920>;599
2018;Maria Anzbach <31921>;3057,625
2018;Markersdorf-Haindorf <31922>;2084,5
2018;Mauerbach <31950>;3667
2018;Michelbach <31923>;905
2018;Neidling <31925>;1461,125
2018;Neulengbach <31926>;8261,625
2018;Neustift-Innermanzing <31927>;1549,375
2018;Nußdorf ob der Traisen <31928>;1752
2018;Ober-Grafendorf <31929>;4564,625
2018;Obritzberg-Rust <31930>;2336,125
2018;Pressbaum <31951>;7687,875
2018;Prinzersdorf <31932>;1605,125
2018;Purkersdorf <31952>;9724,75
2018;Pyhra <31934>;3539,375
2018;Rabenstein an der Pielach <31935>;2559,625
2018;St. Margarethen an der Sierning <31938>;1013,5
2018;Schwarzenbach an der Pielach <31939>;370,5
2018;Statzendorf <31940>;1369,75
2018;Stössing <31941>;837,25
2018;Traismauer <31943>;6212,75
2018;Tullnerbach <31953>;2794
2018;Weinburg <31945>;1350,75
2018;Perschling <31946>;1405,375
2018;Wilhelmsburg <31947>;6535,5
2018;Wölbling <31948>;2555,25
2018;Wolfsgraben <31954>;1702,375
2018;Gaming <32001>;3095,5
2018;Göstling an der Ybbs <32002>;2052,75
2018;Gresten <32003>;1962,125
2018;Gresten-Land <32004>;1516,375
2018;Lunz am See <32005>;1791,875
2018;Oberndorf an der Melk <32006>;2967,375
2018;Puchenstuben <32007>;297,375
2018;Purgstall an der Erlauf <32008>;5351,75
2018;Randegg <32009>;1885
2018;Reinsberg <32010>;1034,5
2018;St. Anton an der Jeßnitz <32011>;1207,5
2018;St. Georgen an der Leys <32012>;1338,75
2018;Scheibbs <32013>;4170,75
2018;Steinakirchen am Forst <32014>;2271,75
2018;Wang <32015>;1357,5
2018;Wieselburg <32016>;4175
2018;Wieselburg-Land <32017>;3337,25
2018;Wolfpassing <32018>;1618
2018;Absdorf <32101>;2087,875
2018;Atzenbrugg <32104>;2988,375
2018;Fels am Wagram <32106>;2330,75
2018;Grafenwörth <32107>;3155,875
2018;Großriedenthal <32109>;912,125
2018;Großweikersdorf <32110>;3171,375
2018;Judenau-Baumgarten <32112>;2266,375
2018;Kirchberg am Wagram <32114>;3662,5
2018;Klosterneuburg <32144>;27228,5
2018;Königsbrunn am Wagram <32115>;1329,75
2018;Königstetten <32116>;2461,375
2018;Langenrohr <32119>;2373,75
2018;Michelhausen <32120>;3174,125
2018;Muckendorf-Wipfing <32143>;1614,75
2018;St. Andrä-Wördern <32142>;7842,875
2018;Sieghartskirchen <32131>;7541,75
2018;Sitzenberg-Reidling <32132>;2159,875
2018;Tulbing <32134>;2997,25
2018;Tulln an der Donau <32135>;16179,125
2018;Würmla <32139>;1432,75
2018;Zeiselmauer-Wolfpassing <32140>;2299,375
2018;Zwentendorf an der Donau <32141>;4026,5
2018;Dietmanns <32202>;1058,375
2018;Dobersberg <32203>;1605
2018;Gastern <32206>;1210,5
2018;Groß-Siegharts <32207>;2763,25
2018;Karlstein an der Thaya <32209>;1476
2018;Kautzen <32210>;1110,25
2018;Ludweis-Aigen <32212>;907,875
2018;Pfaffenschlag bei Waidhofen a.d.Thaya<32214>;921,75
2018;Raabs an der Thaya <32216>;2649,125
2018;Thaya <32217>;1383,75
2018;Vitis <32219>;2692,125
2018;Waidhofen an der Thaya <32220>;5477,5
2018;Waidhofen an der Thaya-Land <32221>;1251,5
2018;Waldkirchen an der Thaya <32222>;533,25
2018;Windigsteig <32223>;936,125
2018;Bad Erlach <32306>;3090,25
2018;Bad Fischau-Brunn <32301>;3418
2018;Bad Schönau <32302>;725,125
2018;Bromberg <32325>;1224,375
2018;Dreistetten ^<32303>;-
2018;Ebenfurth <32304>;3162,375
2018;Eggendorf <32305>;4793,125
2018;Felixdorf <32307>;4332,875
2018;Gutenstein <32308>;1266,625
2018;Hochneukirchen-Gschaidt <32309>;1633,25
2018;Hochwolkersdorf <32310>;1000,25
2018;Hohe Wand <32311>;1418
2018;Hollenthon <32312>;1009,875
2018;Katzelsdorf <32313>;3254,375
2018;Kirchschlag in der Buckligen Welt <32314>;2868,625
2018;Krumbach <32315>;2314,125
2018;Lanzenkirchen <32316>;3975,75
2018;Lichtenegg <32317>;1039,625
2018;Lichtenwörth <32318>;2727,5
2018;Markt Piesting <32319>;3021,875
2018;Matzendorf-Hölles <32320>;2052,125
2018;Miesenbach <32321>;694,875
2018;Muggendorf <32322>;521,625
2018;Pernitz <32323>;2487,75
2018;Rohr im Gebirge <32324>;470,375
2018;Schwarzenbach <32326>;932,25
2018;Sollenau <32327>;5095,625
2018;Theresienfeld <32330>;3574,5
2018;Waidmannsfeld <32331>;1512,375
2018;Waldegg <32332>;2059,25
2018;Walpersbach <32333>;1128
2018;Weikersdorf am Steinfelde <32334>;1062,875
2018;Wiesmath <32335>;1496,75
2018;Winzendorf-Muthmannsdorf <32336>;1876
2018;Wöllersdorf-Steinabrückl <32337>;4512,875
2018;Zillingdorf <32338>;2029,625
2018;Ebergassing ^<32401>;-
2018;Fischamend ^<32402>;-
2018;Gablitz ^<32403>;-
2018;Gerasdorf bei Wien ^<32404>;-
2018;Gramatneusiedl ^<32405>;-
2018;Himberg ^<32406>;-
2018;Klein-Neusiedl ^<32407>;-
2018;Klosterneuburg ^<32408>;-
2018;Lanzendorf ^<32409>;-
2018;Leopoldsdorf ^<32410>;-
2018;Maria-Lanzendorf ^<32411>;-
2018;Mauerbach ^<32412>;-
2018;Moosbrunn ^<32413>;-
2018;Pressbaum ^<32415>;-
2018;Purkersdorf ^<32416>;-
2018;Rauchenwarth ^<32417>;-
2018;Schwadorf ^<32418>;-
2018;Schwechat ^<32419>;-
2018;Tullnerbach ^<32421>;-
2018;Wienerherberg ^<32422>;-
2018;Wolfsgraben ^<32423>;-
2018;Zwölfaxing ^<32424>;-
2018;Allentsteig <32501>;1814,125
2018;Altmelon <32519>;855,375
2018;Arbesbach <32502>;1630,375
2018;Bad Traunstein <32528>;1026,5
2018;Bärnkopf <32503>;354,5
2018;Echsenbach <32504>;1255
2018;Göpfritz an der Wild <32505>;1815,875
2018;Grafenschlag <32506>;866,125
2018;Groß Gerungs <32508>;4488,875
2018;Großgöttfritz <32509>;1372,875
2018;Gutenbrunn <32511>;522,5
2018;Kirchschlag <32514>;619,625
2018;Kottes-Purk <32515>;1482,5
2018;Langschlag <32516>;1761,875
2018;Martinsberg <32517>;1094,5
2018;Ottenschlag <32518>;1002
2018;Pölla <32520>;935,625
2018;Rappottenstein <32521>;1723
2018;Sallingberg <32522>;1286,25
2018;Schönbach <32523>;790,375
2018;Schwarzenau <32524>;1522,625
2018;Schweiggers <32525>;2009,75
2018;Waldhausen <32529>;1210
2018;Zwettl-Niederösterreich <32530>;10904,625
2019;Krems an der Donau <30101>;24907,25
2019;St. Pölten <30201>;55279,25
2019;Waidhofen an der Ybbs <30301>;11227,375
2019;Wiener Neustadt <30401>;45477,75
2019;Altenburg <31101>;817,125
2019;Brunn an der Wild <31102>;835,625
2019;Burgschleinitz-Kühnring <31103>;1342,25
2019;Drosendorf-Zissersdorf <31104>;1201,875
2019;Eggenburg <31105>;3507,875
2019;Gars am Kamp <31106>;3504,25
2019;Geras <31107>;1297,125
2019;Horn <31109>;6426,75
2019;Irnfritz-Messern <31110>;1429,375
2019;Japons <31111>;718
2019;Langau <31113>;668,25
2019;Meiseldorf <31114>;873
2019;Pernegg <31117>;701,375
2019;Röhrenbach <31119>;526,5
2019;Röschitz <31120>;1052,25
2019;Rosenburg-Mold <31121>;842,25
2019;St. Bernhard-Frauenhofen <31123>;1293,625
2019;Sigmundsherberg <31124>;1623,25
2019;Straning-Grafenberg <31130>;745,625
2019;Weitersfeld <31129>;1570,875
2019;Bisamberg <31201>;4788,25
2019;Enzersfeld im Weinviertel <31202>;1744,375
2019;Ernstbrunn <31203>;3227,75
2019;Gerasdorf bei Wien <31235>;11337,125
2019;Großmugl <31204>;1603,25
2019;Großrußbach <31205>;2217
2019;Hagenbrunn <31206>;2260,625
2019;Harmannsdorf <31207>;4020,5
2019;Hausleiten <31208>;3759,625
2019;Korneuburg <31213>;13300,25
2019;Langenzersdorf <31214>;8077,125
2019;Leitzersdorf <31215>;1197,125
2019;Leobendorf <31216>;4884
2019;Niederhollabrunn <31234>;1542,875
2019;Oberzögersdorf ^<31223>;-
2019;Rußbach <31224>;1422,625
2019;Sierndorf <31226>;3977,375
2019;Spillern <31227>;2392
2019;Stetteldorf am Wagram <31228>;1042,5
2019;Stetten <31229>;1362,125
2019;Stockerau <31230>;16897,625
2019;Würnitz ^<31233>;-
2019;Aggsbach <31301>;639,75
2019;Albrechtsberg an der Großen Krems <31302>;1020,875
2019;Bergern im Dunkelsteinerwald <31303>;1262,875
2019;Droß <31356>;1026,25
2019;Dürnstein <31304>;839,75
2019;Furth bei Göttweig <31309>;2966,875
2019;Gedersdorf <31310>;2175,625
2019;Gföhl <31311>;3783,5
2019;Grafenegg <31308>;3106,375
2019;Gut am Steg ^<31314>;-
2019;Hadersdorf-Kammern <31315>;1958,625
2019;Imbach ^<31318>;-
2019;Jaidhof <31319>;1214,375
2019;Krumau am Kamp <31321>;752,5
2019;Langenlois <31322>;7595,375
2019;Lengenfeld <31323>;1383
2019;Lichtenau im Waldviertel <31324>;2028,125
2019;Maria Laach am Jauerling <31326>;916,125
2019;Mautern an der Donau <31327>;3543,375
2019;Mühldorf <31330>;1291,75
2019;Paudorf <31333>;2573,5
2019;Rastenfeld <31336>;1562,125
2019;Rohrendorf bei Krems <31337>;2098,625
2019;Rossatz-Arnsdorf <31338>;1060,5
2019;St. Leonhard am Hornerwald <31340>;1107,875
2019;Schönberg am Kamp <31355>;1859,125
2019;Senftenberg <31343>;1983,125
2019;Spitz <31344>;1573,125
2019;Straß im Straßertale <31346>;1712,25
2019;Stratzing <31347>;834,375
2019;Weinzierl am Walde <31350>;1241,5
2019;Weißenkirchen in der Wachau <31351>;1406,375
2019;Annaberg <31401>;515,75
2019;Eschenau <31402>;1321,625
2019;Hainfeld <31403>;3802,25
2019;Hohenberg <31404>;1506,125
2019;Kaumberg <31405>;1056,625
2019;Kleinzell <31406>;873,375
2019;Lilienfeld <31407>;2718,125
2019;Mitterbach am Erlaufsee <31408>;482,75
2019;Ramsau <31409>;846,75
2019;Rohrbach an der Gölsen <31410>;1542,625
2019;St. Aegyd am Neuwalde <31411>;1871,25
2019;St. Veit an der Gölsen <31412>;3903
2019;Traisen <31413>;3406,25
2019;Türnitz <31414>;1912,625
2019;Artstetten-Pöbring <31502>;1199,75
2019;Bergland <31503>;1936,125
2019;Bischofstetten <31504>;1212,625
2019;Blindenmarkt <31505>;2698,875
2019;Dorfstetten <31506>;582,125
2019;Dunkelsteinerwald <31507>;2396,375
2019;Emmersdorf an der Donau <31553>;1759
2019;Erlauf <31508>;1090,375
2019;Golling an der Erlauf <31509>;1519,125
2019;Hofamt Priel <31511>;1695,625
2019;Hürm <31513>;1834,375
2019;Kilb <31514>;2547,375
2019;Kirnberg an der Mank <31515>;1078,25
2019;Klein-Pöchlarn <31516>;1016,5
2019;Krummnußbaum <31517>;1516,5
2019;Leiben <31519>;1368
2019;Loosdorf <31520>;3804,625
2019;Mank <31521>;3232,625
2019;Marbach an der Donau <31522>;1713,375
2019;Maria Taferl <31523>;910,125
2019;Melk <31524>;5599,25
2019;Münichreith-Laimbach <31525>;1637,125
2019;Neumarkt an der Ybbs <31527>;1967,875
2019;Nöchling <31528>;1053,875
2019;Persenbeug-Gottsdorf <31530>;2176,875
2019;Petzenkirchen <31531>;1416,375
2019;Pöchlarn <31533>;3954,875
2019;Pöggstall <31534>;2439,375
2019;Raxendorf <31535>;1047,5
2019;Ritzengrub ^<31536>;-
2019;Ruprechtshofen <31537>;2301,25
2019;St. Leonhard am Forst <31539>;3013,375
2019;St. Martin-Karlsbach <31540>;1645,5
2019;St. Oswald <31541>;1123,5
2019;Schollach <31543>;1000,625
2019;Schönbühel-Aggsbach <31542>;962,125
2019;Texingtal <31551>;1669,375
2019;Weiten <31546>;1099,375
2019;Ybbs an der Donau <31549>;5620
2019;Yspertal <31552>;1985,375
2019;Zelking-Matzleinsdorf <31550>;1224,25
2019;Altlichtenwarth <31601>;776,375
2019;Asparn an der Zaya <31603>;1874,625
2019;Bernhardsthal <31604>;1583,875
2019;Bockfließ <31605>;1330,125
2019;Drasenhofen <31606>;1107,75
2019;Falkenstein <31608>;478,375
2019;Fallbach <31609>;817,75
2019;Gartenbrunn ^<31657>;-
2019;Gaubitsch <31611>;883,125
2019;Gaweinstal <31612>;3975
2019;Gnadendorf <31613>;1147,125
2019;Großebersdorf <31614>;2209,375
2019;Großengersdorf <31615>;1490,375
2019;Großharras <31616>;1109,625
2019;Großkrut <31617>;1595,625
2019;Hausbrunn <31620>;866,5
2019;Herrnbaumgarten <31621>;953
2019;Hochleithen <31622>;1154,625
2019;Kreuttal <31627>;1463
2019;Kreuzstetten <31628>;1540,25
2019;Laa an der Thaya <31629>;6248,625
2019;Ladendorf <31630>;2283,75
2019;Mistelbach <31633>;11519,5
2019;Neudorf im Weinviertel <31634>;1412
2019;Niederleis <31636>;887
2019;Ottenthal <31658>;537,25
2019;Pillichsdorf <31642>;1156,125
2019;Poysdorf <31644>;5519,625
2019;Rabensburg <31645>;1095,625
2019;Schrattenberg <31646>;823,75
2019;Staatz <31649>;1930,75
2019;Stronsdorf <31650>;1621,375
2019;Ulrichskirchen-Schleinbach <31651>;2621,5
2019;Unterstinkenbrunn <31652>;551,75
2019;Wildendürnbach <31653>;1573,5
2019;Wilfersdorf <31654>;2132,5
2019;Wolkersdorf im Weinviertel <31655>;7280,875
2019;Achau <31701>;1427,375
2019;Biedermannsdorf <31702>;3124,875
2019;Breitenfurt bei Wien <31703>;5883,625
2019;Brunn am Gebirge <31704>;11946,375
2019;Gaaden <31706>;1645,125
2019;Gießhübl <31707>;2367,875
2019;Gumpoldskirchen <31709>;3911,5
2019;Guntramsdorf <31710>;9212,75
2019;Hennersdorf <31711>;1543,125
2019;Hinterbrühl <31712>;3971,125
2019;Kaltenleutgeben <31713>;3333,125
2019;Laab im Walde <31714>;1116,625
2019;Laxenburg <31715>;2873,125
2019;Maria Enzersdorf <31716>;8643,125
2019;Mödling <31717>;20582
2019;Münchendorf <31718>;2967
2019;Perchtoldsdorf <31719>;15001
2019;Vösendorf <31723>;7255,75
2019;Wiener Neudorf <31725>;9392,125
2019;Wienerwald <31726>;2879
2019;Altendorf <31801>;344,625
2019;Aspangberg-St. Peter <31803>;1868,75
2019;Aspang-Markt <31802>;1779,25
2019;Breitenau <31804>;1582,75
2019;Breitenstein <31805>;316,5
2019;Buchbach <31806>;347,125
2019;Bürg-Vöstenhof <31842>;169,625
2019;Edlitz <31807>;901,125
2019;Enzenreith <31808>;1965,25
2019;Feistritz am Wechsel <31809>;1041,75
2019;Gloggnitz <31810>;5931,5
2019;Grafenbach-St. Valentin <31811>;2188,125
2019;Grimmenstein <31812>;1319,5
2019;Grünbach am Schneeberg <31813>;1571,125
2019;Höflein an der Hohen Wand <31849>;870,125
2019;Kirchberg am Wechsel <31814>;2501,625
2019;Mönichkirchen <31815>;607,75
2019;Natschbach-Loipersbach <31817>;1710,75
2019;Neunkirchen <31818>;12724,5
2019;Otterthal <31820>;593,25
2019;Payerbach <31821>;2051,25
2019;Pitten <31823>;2832,625
2019;Pottschach ^<31824>;-
2019;Prigglitz <31825>;425,125
2019;Puchberg am Schneeberg <31826>;2693
2019;Raach am Hochgebirge <31827>;305,375
2019;Raglitz ^<31828>;-
2019;Reichenau an der Rax <31829>;2516,875
2019;St. Corona am Wechsel <31830>;391,75
2019;St. Egyden am Steinfeld <31831>;2013
2019;Scheiblingkirchen-Thernberg <31832>;1879,875
2019;Schottwien <31833>;680,625
2019;Schrattenbach <31834>;375,625
2019;Schwarzau am Steinfeld <31835>;2018,625
2019;Schwarzau im Gebirge <31836>;618,25
2019;Seebenstein <31837>;1447,5
2019;Semmering <31838>;526,5
2019;Ternitz <31839>;14639,5
2019;Thomasberg <31840>;1270,625
2019;Trattenbach <31841>;535,375
2019;Warth <31843>;1500,5
2019;Wartmannstetten <31844>;1632,375
2019;Willendorf <31845>;969,25
2019;Wimpassing im Schwarzatale <31846>;1620
2019;Würflach <31847>;1583,125
2019;Zöbern <31848>;1403,75
2019;Altlengbach <31901>;3030,25
2019;Asperhofen <31902>;2231,5
2019;Böheimkirchen <31903>;5071,875
2019;Brand-Laaben <31904>;1230,25
2019;Eichgraben <31905>;4650
2019;Frankenfels <31906>;1946,125
2019;Gablitz <31949>;4992,25
2019;Gerersdorf <31907>;981
2019;Hafnerbach <31910>;1656,875
2019;Haunoldstein <31911>;1217,5
2019;Herzogenburg <31912>;7818,875
2019;Hofstetten-Grünau <31909>;2678
2019;Inzersdorf-Getzersdorf <31913>;1597,375
2019;Kapelln <31915>;1387,25
2019;Karlstetten <31916>;2184,625
2019;Kasten bei Böheimkirchen <31917>;1404,375
2019;Kirchberg an der Pielach <31918>;3216
2019;Kirchstetten <31919>;2205,625
2019;Loich <31920>;593,375
2019;Maria Anzbach <31921>;3051,25
2019;Markersdorf-Haindorf <31922>;2087,375
2019;Mauerbach <31950>;3642,875
2019;Michelbach <31923>;890,5
2019;Neidling <31925>;1462,75
2019;Neulengbach <31926>;8294,25
2019;Neustift-Innermanzing <31927>;1565,75
2019;Nußdorf ob der Traisen <31928>;1783
2019;Ober-Grafendorf <31929>;4568,75
2019;Obritzberg-Rust <31930>;2323,5
2019;Pressbaum <31951>;7782,25
2019;Prinzersdorf <31932>;1589,75
2019;Purkersdorf <31952>;9772,875
2019;Pyhra <31934>;3536,5
2019;Rabenstein an der Pielach <31935>;2549
2019;St. Margarethen an der Sierning <31938>;1011,25
2019;Schwarzenbach an der Pielach <31939>;377,125
2019;Statzendorf <31940>;1416,625
2019;Stössing <31941>;848,375
2019;Traismauer <31943>;6291,25
2019;Tullnerbach <31953>;2842,125
2019;Weinburg <31945>;1384,75
2019;Perschling <31946>;1410,125
2019;Wilhelmsburg <31947>;6533,375
2019;Wölbling <31948>;2560,25
2019;Wolfsgraben <31954>;1715,375
2019;Gaming <32001>;3040,5
2019;Göstling an der Ybbs <32002>;2036,625
2019;Gresten <32003>;1961,25
2019;Gresten-Land <32004>;1497
2019;Lunz am See <32005>;1787,875
2019;Oberndorf an der Melk <32006>;2962
2019;Puchenstuben <32007>;303,375
2019;Purgstall an der Erlauf <32008>;5355
2019;Randegg <32009>;1881,125
2019;Reinsberg <32010>;1046,125
2019;St. Anton an der Jeßnitz <32011>;1196,25
2019;St. Georgen an der Leys <32012>;1332
2019;Scheibbs <32013>;4139,25
2019;Steinakirchen am Forst <32014>;2259,375
2019;Wang <32015>;1359
2019;Wieselburg <32016>;4221,875
2019;Wieselburg-Land <32017>;3396,375
2019;Wolfpassing <32018>;1634,625
2019;Absdorf <32101>;2113,5
2019;Atzenbrugg <32104>;3075,25
2019;Fels am Wagram <32106>;2342,375
2019;Grafenwörth <32107>;3180
2019;Großriedenthal <32109>;920,25
2019;Großweikersdorf <32110>;3197
2019;Judenau-Baumgarten <32112>;2274,125
2019;Kirchberg am Wagram <32114>;3693,5
2019;Klosterneuburg <32144>;27447,25
2019;Königsbrunn am Wagram <32115>;1348,125
2019;Königstetten <32116>;2512,375
2019;Langenrohr <32119>;2398,25
2019;Michelhausen <32120>;3344
2019;Muckendorf-Wipfing <32143>;1665,5
2019;St. Andrä-Wördern <32142>;7850,375
2019;Sieghartskirchen <32131>;7537,5
2019;Sitzenberg-Reidling <32132>;2206,625
2019;Tulbing <32134>;3003
2019;Tulln an der Donau <32135>;16180,5
2019;Würmla <32139>;1465,375
2019;Zeiselmauer-Wolfpassing <32140>;2299,5
2019;Zwentendorf an der Donau <32141>;4091,125
2019;Dietmanns <32202>;1047,375
2019;Dobersberg <32203>;1594
2019;Gastern <32206>;1198
2019;Groß-Siegharts <32207>;2725,25
2019;Karlstein an der Thaya <32209>;1478,375
2019;Kautzen <32210>;1116,375
2019;Ludweis-Aigen <32212>;900,75
2019;Pfaffenschlag bei Waidhofen a.d.Thaya<32214>;921,25
2019;Raabs an der Thaya <32216>;2643,625
2019;Thaya <32217>;1385
2019;Vitis <32219>;2673,5
2019;Waidhofen an der Thaya <32220>;5407
2019;Waidhofen an der Thaya-Land <32221>;1261,5
2019;Waldkirchen an der Thaya <32222>;511,125
2019;Windigsteig <32223>;923,125
2019;Bad Erlach <32306>;3125,375
2019;Bad Fischau-Brunn <32301>;3434
2019;Bad Schönau <32302>;730,875
2019;Bromberg <32325>;1195,875
2019;Dreistetten ^<32303>;-
2019;Ebenfurth <32304>;3150,75
2019;Eggendorf <32305>;4900,125
2019;Felixdorf <32307>;4357
2019;Gutenstein <32308>;1268,25
2019;Hochneukirchen-Gschaidt <32309>;1636,875
2019;Hochwolkersdorf <32310>;1013,125
2019;Hohe Wand <32311>;1406,75
2019;Hollenthon <32312>;997,25
2019;Katzelsdorf <32313>;3219,25
2019;Kirchschlag in der Buckligen Welt <32314>;2860,5
2019;Krumbach <32315>;2277,625
2019;Lanzenkirchen <32316>;3993,375
2019;Lichtenegg <32317>;1045,5
2019;Lichtenwörth <32318>;2760,125
2019;Markt Piesting <32319>;3047,375
2019;Matzendorf-Hölles <32320>;2080,875
2019;Miesenbach <32321>;680,875
2019;Muggendorf <32322>;515,25
2019;Pernitz <32323>;2497
2019;Rohr im Gebirge <32324>;464,375
2019;Schwarzenbach <32326>;926,875
2019;Sollenau <32327>;5168,875
2019;Theresienfeld <32330>;3667,5
2019;Waidmannsfeld <32331>;1497,625
2019;Waldegg <32332>;2061,75
2019;Walpersbach <32333>;1140,125
2019;Weikersdorf am Steinfelde <32334>;1061,625
2019;Wiesmath <32335>;1507
2019;Winzendorf-Muthmannsdorf <32336>;1862,125
2019;Wöllersdorf-Steinabrückl <32337>;4579,625
2019;Zillingdorf <32338>;2051,5
2019;Ebergassing ^<32401>;-
2019;Fischamend ^<32402>;-
2019;Gablitz ^<32403>;-
2019;Gerasdorf bei Wien ^<32404>;-
2019;Gramatneusiedl ^<32405>;-
2019;Himberg ^<32406>;-
2019;Klein-Neusiedl ^<32407>;-
2019;Klosterneuburg ^<32408>;-
2019;Lanzendorf ^<32409>;-
2019;Leopoldsdorf ^<32410>;-
2019;Maria-Lanzendorf ^<32411>;-
2019;Mauerbach ^<32412>;-
2019;Moosbrunn ^<32413>;-
2019;Pressbaum ^<32415>;-
2019;Purkersdorf ^<32416>;-
2019;Rauchenwarth ^<32417>;-
2019;Schwadorf ^<32418>;-
2019;Schwechat ^<32419>;-
2019;Tullnerbach ^<32421>;-
2019;Wienerherberg ^<32422>;-
2019;Wolfsgraben ^<32423>;-
2019;Zwölfaxing ^<32424>;-
2019;Allentsteig <32501>;1789,75
2019;Altmelon <32519>;845,75
2019;Arbesbach <32502>;1616,375
2019;Bad Traunstein <32528>;1013,625
2019;Bärnkopf <32503>;353,875
2019;Echsenbach <32504>;1263,5
2019;Göpfritz an der Wild <32505>;1814,875
2019;Grafenschlag <32506>;853,25
2019;Groß Gerungs <32508>;4460,25
2019;Großgöttfritz <32509>;1380,625
2019;Gutenbrunn <32511>;523,875
2019;Kirchschlag <32514>;622,5
2019;Kottes-Purk <32515>;1467,75
2019;Langschlag <32516>;1742,375
2019;Martinsberg <32517>;1095,625
2019;Ottenschlag <32518>;995,125
2019;Pölla <32520>;923,125
2019;Rappottenstein <32521>;1721,75
2019;Sallingberg <32522>;1272,5
2019;Schönbach <32523>;782
2019;Schwarzenau <32524>;1516,5
2019;Schweiggers <32525>;2002,875
2019;Waldhausen <32529>;1209,5
2019;Zwettl-Niederösterreich <32530>;10828,75
2020;Krems an der Donau <30101>;25001,125
2020;St. Pölten <30201>;55693,75
2020;Waidhofen an der Ybbs <30301>;11173,75
2020;Wiener Neustadt <30401>;46110,375
2020;Altenburg <31101>;813,5
2020;Brunn an der Wild <31102>;838,75
2020;Burgschleinitz-Kühnring <31103>;1333,125
2020;Drosendorf-Zissersdorf <31104>;1209,125
2020;Eggenburg <31105>;3477,5
2020;Gars am Kamp <31106>;3491,25
2020;Geras <31107>;1274
2020;Horn <31109>;6413,625
2020;Irnfritz-Messern <31110>;1438,5
2020;Japons <31111>;714,875
2020;Langau <31113>;678,75
2020;Meiseldorf <31114>;871,125
2020;Pernegg <31117>;704,625
2020;Röhrenbach <31119>;518,875
2020;Röschitz <31120>;1053
2020;Rosenburg-Mold <31121>;845,875
2020;St. Bernhard-Frauenhofen <31123>;1295,375
2020;Sigmundsherberg <31124>;1654,75
2020;Straning-Grafenberg <31130>;718,125
2020;Weitersfeld <31129>;1546,25
2020;Bisamberg <31201>;4814
2020;Enzersfeld im Weinviertel <31202>;1768,875
2020;Ernstbrunn <31203>;3286,25
2020;Gerasdorf bei Wien <31235>;11533,625
2020;Großmugl <31204>;1617,5
2020;Großrußbach <31205>;2222,375
2020;Hagenbrunn <31206>;2333,25
2020;Harmannsdorf <31207>;4021,5
2020;Hausleiten <31208>;3822,125
2020;Korneuburg <31213>;13321,875
2020;Langenzersdorf <31214>;8054,625
2020;Leitzersdorf <31215>;1171,25
2020;Leobendorf <31216>;4931,125
2020;Niederhollabrunn <31234>;1550,125
2020;Oberzögersdorf ^<31223>;-
2020;Rußbach <31224>;1406,625
2020;Sierndorf <31226>;3968,875
2020;Spillern <31227>;2455,625
2020;Stetteldorf am Wagram <31228>;1054,5
2020;Stetten <31229>;1374,75
2020;Stockerau <31230>;16822,5
2020;Würnitz ^<31233>;-
2020;Aggsbach <31301>;639
2020;Albrechtsberg an der Großen Krems <31302>;1010,75
2020;Bergern im Dunkelsteinerwald <31303>;1280,5
2020;Droß <31356>;1043,625
2020;Dürnstein <31304>;837,25
2020;Furth bei Göttweig <31309>;2968,25
2020;Gedersdorf <31310>;2144,5
2020;Gföhl <31311>;3776,25
2020;Grafenegg <31308>;3178,75
2020;Gut am Steg ^<31314>;-
2020;Hadersdorf-Kammern <31315>;1955,5
2020;Imbach ^<31318>;-
2020;Jaidhof <31319>;1217,25
2020;Krumau am Kamp <31321>;752,375
2020;Langenlois <31322>;7522,125
2020;Lengenfeld <31323>;1386,375
2020;Lichtenau im Waldviertel <31324>;2028,125
2020;Maria Laach am Jauerling <31326>;916,125
2020;Mautern an der Donau <31327>;3505,375
2020;Mühldorf <31330>;1279,625
2020;Paudorf <31333>;2550,875
2020;Rastenfeld <31336>;1583,625
2020;Rohrendorf bei Krems <31337>;2122,375
2020;Rossatz-Arnsdorf <31338>;1062,625
2020;St. Leonhard am Hornerwald <31340>;1099,625
2020;Schönberg am Kamp <31355>;1863,5
2020;Senftenberg <31343>;1949,625
2020;Spitz <31344>;1561,125
2020;Straß im Straßertale <31346>;1734,25
2020;Stratzing <31347>;850,125
2020;Weinzierl am Walde <31350>;1244,875
2020;Weißenkirchen in der Wachau <31351>;1397,625
2020;Annaberg <31401>;516
2020;Eschenau <31402>;1299,375
2020;Hainfeld <31403>;3779,875
2020;Hohenberg <31404>;1477,75
2020;Kaumberg <31405>;1062,625
2020;Kleinzell <31406>;873,625
2020;Lilienfeld <31407>;2652,125
2020;Mitterbach am Erlaufsee <31408>;479,75
2020;Ramsau <31409>;828,625
2020;Rohrbach an der Gölsen <31410>;1543,5
2020;St. Aegyd am Neuwalde <31411>;1851,5
2020;St. Veit an der Gölsen <31412>;3885,25
2020;Traisen <31413>;3408,125
2020;Türnitz <31414>;1903,75
2020;Artstetten-Pöbring <31502>;1233,625
2020;Bergland <31503>;1922,75
2020;Bischofstetten <31504>;1240
2020;Blindenmarkt <31505>;2717,5
2020;Dorfstetten <31506>;577,875
2020;Dunkelsteinerwald <31507>;2394
2020;Emmersdorf an der Donau <31553>;1759,625
2020;Erlauf <31508>;1084,5
2020;Golling an der Erlauf <31509>;1505
2020;Hofamt Priel <31511>;1697,75
2020;Hürm <31513>;1860,75
2020;Kilb <31514>;2571
2020;Kirnberg an der Mank <31515>;1095,125
2020;Klein-Pöchlarn <31516>;1047,75
2020;Krummnußbaum <31517>;1540,125
2020;Leiben <31519>;1360,25
2020;Loosdorf <31520>;3815,375
2020;Mank <31521>;3231,25
2020;Marbach an der Donau <31522>;1681,625
2020;Maria Taferl <31523>;912,25
2020;Melk <31524>;5606,25
2020;Münichreith-Laimbach <31525>;1661,875
2020;Neumarkt an der Ybbs <31527>;1989,25
2020;Nöchling <31528>;1040,5
2020;Persenbeug-Gottsdorf <31530>;2181,5
2020;Petzenkirchen <31531>;1439,375
2020;Pöchlarn <31533>;3955,75
2020;Pöggstall <31534>;2424,875
2020;Raxendorf <31535>;1044,625
2020;Ritzengrub ^<31536>;-
2020;Ruprechtshofen <31537>;2305,25
2020;St. Leonhard am Forst <31539>;3041,75
2020;St. Martin-Karlsbach <31540>;1632,375
2020;St. Oswald <31541>;1121,375
2020;Schollach <31543>;1023
2020;Schönbühel-Aggsbach <31542>;961,125
2020;Texingtal <31551>;1658
2020;Weiten <31546>;1098,125
2020;Ybbs an der Donau <31549>;5594,5
2020;Yspertal <31552>;1996,25
2020;Zelking-Matzleinsdorf <31550>;1224,875
2020;Altlichtenwarth <31601>;753,75
2020;Asparn an der Zaya <31603>;1886,25
2020;Bernhardsthal <31604>;1586,625
2020;Bockfließ <31605>;1332,625
2020;Drasenhofen <31606>;1102,25
2020;Falkenstein <31608>;478,75
2020;Fallbach <31609>;814,625
2020;Gartenbrunn ^<31657>;-
2020;Gaubitsch <31611>;873,875
2020;Gaweinstal <31612>;4017,625
2020;Gnadendorf <31613>;1148,375
2020;Großebersdorf <31614>;2225,25
2020;Großengersdorf <31615>;1483,5
2020;Großharras <31616>;1107,625
2020;Großkrut <31617>;1623,125
2020;Hausbrunn <31620>;862,25
2020;Herrnbaumgarten <31621>;948,75
2020;Hochleithen <31622>;1135
2020;Kreuttal <31627>;1475,5
2020;Kreuzstetten <31628>;1546,875
2020;Laa an der Thaya <31629>;6236,125
2020;Ladendorf <31630>;2296,125
2020;Mistelbach <31633>;11580,125
2020;Neudorf im Weinviertel <31634>;1400,125
2020;Niederleis <31636>;884,25
2020;Ottenthal <31658>;534
2020;Pillichsdorf <31642>;1171,625
2020;Poysdorf <31644>;5468,625
2020;Rabensburg <31645>;1090,125
2020;Schrattenberg <31646>;829,875
2020;Staatz <31649>;1914
2020;Stronsdorf <31650>;1607,75
2020;Ulrichskirchen-Schleinbach <31651>;2637,5
2020;Unterstinkenbrunn <31652>;555,125
2020;Wildendürnbach <31653>;1556,5
2020;Wilfersdorf <31654>;2106,875
2020;Wolkersdorf im Weinviertel <31655>;7330,625
2020;Achau <31701>;1418,875
2020;Biedermannsdorf <31702>;3123,75
2020;Breitenfurt bei Wien <31703>;5873,875
2020;Brunn am Gebirge <31704>;12006,625
2020;Gaaden <31706>;1648,5
2020;Gießhübl <31707>;2378,875
2020;Gumpoldskirchen <31709>;3918,125
2020;Guntramsdorf <31710>;9185,375
2020;Hennersdorf <31711>;1547,625
2020;Hinterbrühl <31712>;3958,25
2020;Kaltenleutgeben <31713>;3367,125
2020;Laab im Walde <31714>;1113,875
2020;Laxenburg <31715>;2883
2020;Maria Enzersdorf <31716>;8650,625
2020;Mödling <31717>;20564,625
2020;Münchendorf <31718>;3013,375
2020;Perchtoldsdorf <31719>;14991
2020;Vösendorf <31723>;7367,75
2020;Wiener Neudorf <31725>;9332,75
2020;Wienerwald <31726>;2881,875
2020;Altendorf <31801>;353,625
2020;Aspangberg-St. Peter <31803>;1873
2020;Aspang-Markt <31802>;1769,625
2020;Breitenau <31804>;1571,375
2020;Breitenstein <31805>;310,5
2020;Buchbach <31806>;359,75
2020;Bürg-Vöstenhof <31842>;162,125
2020;Edlitz <31807>;898,625
2020;Enzenreith <31808>;1990,625
2020;Feistritz am Wechsel <31809>;1034,625
2020;Gloggnitz <31810>;5870,625
2020;Grafenbach-St. Valentin <31811>;2226,125
2020;Grimmenstein <31812>;1318,625
2020;Grünbach am Schneeberg <31813>;1582,375
2020;Höflein an der Hohen Wand <31849>;877,75
2020;Kirchberg am Wechsel <31814>;2473,625
2020;Mönichkirchen <31815>;615,625
2020;Natschbach-Loipersbach <31817>;1696,25
2020;Neunkirchen <31818>;12699,625
2020;Otterthal <31820>;584
2020;Payerbach <31821>;2054,625
2020;Pitten <31823>;2880,25
2020;Pottschach ^<31824>;-
2020;Prigglitz <31825>;428,625
2020;Puchberg am Schneeberg <31826>;2686,5
2020;Raach am Hochgebirge <31827>;302,75
2020;Raglitz ^<31828>;-
2020;Reichenau an der Rax <31829>;2543
2020;St. Corona am Wechsel <31830>;395
2020;St. Egyden am Steinfeld <31831>;2097,125
2020;Scheiblingkirchen-Thernberg <31832>;1924
2020;Schottwien <31833>;670,125
2020;Schrattenbach <31834>;387,5
2020;Schwarzau am Steinfeld <31835>;2029,625
2020;Schwarzau im Gebirge <31836>;622,5
2020;Seebenstein <31837>;1448,75
2020;Semmering <31838>;522,625
2020;Ternitz <31839>;14651
2020;Thomasberg <31840>;1257,25
2020;Trattenbach <31841>;534,875
2020;Warth <31843>;1505,375
2020;Wartmannstetten <31844>;1623,75
2020;Willendorf <31845>;980,375
2020;Wimpassing im Schwarzatale <31846>;1604,625
2020;Würflach <31847>;1591
2020;Zöbern <31848>;1399,25
2020;Altlengbach <31901>;3053,5
2020;Asperhofen <31902>;2253,5
2020;Böheimkirchen <31903>;5095,375
2020;Brand-Laaben <31904>;1258,5
2020;Eichgraben <31905>;4684,375
2020;Frankenfels <31906>;1940,125
2020;Gablitz <31949>;5014,5
2020;Gerersdorf <31907>;997
2020;Hafnerbach <31910>;1653,75
2020;Haunoldstein <31911>;1241,5
2020;Herzogenburg <31912>;7839,625
2020;Hofstetten-Grünau <31909>;2684,25
2020;Inzersdorf-Getzersdorf <31913>;1614
2020;Kapelln <31915>;1379,375
2020;Karlstetten <31916>;2177
2020;Kasten bei Böheimkirchen <31917>;1392,25
2020;Kirchberg an der Pielach <31918>;3195,125
2020;Kirchstetten <31919>;2219
2020;Loich <31920>;585,625
2020;Maria Anzbach <31921>;3043,875
2020;Markersdorf-Haindorf <31922>;2084,875
2020;Mauerbach <31950>;3620,75
2020;Michelbach <31923>;880
2020;Neidling <31925>;1465,375
2020;Neulengbach <31926>;8344,875
2020;Neustift-Innermanzing <31927>;1590
2020;Nußdorf ob der Traisen <31928>;1811,125
2020;Ober-Grafendorf <31929>;4581,5
2020;Obritzberg-Rust <31930>;2327
2020;Pressbaum <31951>;7765
2020;Prinzersdorf <31932>;1569,125
2020;Purkersdorf <31952>;9857,25
2020;Pyhra <31934>;3597,25
2020;Rabenstein an der Pielach <31935>;2525,625
2020;St. Margarethen an der Sierning <31938>;1011,125
2020;Schwarzenbach an der Pielach <31939>;376
2020;Statzendorf <31940>;1441,375
2020;Stössing <31941>;846,625
2020;Traismauer <31943>;6353,625
2020;Tullnerbach <31953>;2923,5
2020;Weinburg <31945>;1400,25
2020;Perschling <31946>;1418,75
2020;Wilhelmsburg <31947>;6517,625
2020;Wölbling <31948>;2523,25
2020;Wolfsgraben <31954>;1749,5
2020;Gaming <32001>;3005,375
2020;Göstling an der Ybbs <32002>;2008,25
2020;Gresten <32003>;1984,625
2020;Gresten-Land <32004>;1492,125
2020;Lunz am See <32005>;1782,125
2020;Oberndorf an der Melk <32006>;2969,375
2020;Puchenstuben <32007>;294,625
2020;Purgstall an der Erlauf <32008>;5378,75
2020;Randegg <32009>;1865,125
2020;Reinsberg <32010>;1048,875
2020;St. Anton an der Jeßnitz <32011>;1177,25
2020;St. Georgen an der Leys <32012>;1330
2020;Scheibbs <32013>;4125
2020;Steinakirchen am Forst <32014>;2277,875
2020;Wang <32015>;1381,125
2020;Wieselburg <32016>;4318,5
2020;Wieselburg-Land <32017>;3418,25
2020;Wolfpassing <32018>;1649,875
2020;Absdorf <32101>;2179,625
2020;Atzenbrugg <32104>;3124,25
2020;Fels am Wagram <32106>;2361,625
2020;Grafenwörth <32107>;3189,875
2020;Großriedenthal <32109>;927,75
2020;Großweikersdorf <32110>;3210,5
2020;Judenau-Baumgarten <32112>;2307,625
2020;Kirchberg am Wagram <32114>;3706,25
2020;Klosterneuburg <32144>;27532,75
2020;Königsbrunn am Wagram <32115>;1393,75
2020;Königstetten <32116>;2554,75
2020;Langenrohr <32119>;2429,375
2020;Michelhausen <32120>;3559
2020;Muckendorf-Wipfing <32143>;1682
2020;St. Andrä-Wördern <32142>;7870,125
2020;Sieghartskirchen <32131>;7577,625
2020;Sitzenberg-Reidling <32132>;2301
2020;Tulbing <32134>;3002,125
2020;Tulln an der Donau <32135>;16297,25
2020;Würmla <32139>;1509,625
2020;Zeiselmauer-Wolfpassing <32140>;2275
2020;Zwentendorf an der Donau <32141>;4103,25
2020;Dietmanns <32202>;1029
2020;Dobersberg <32203>;1568
2020;Gastern <32206>;1191,875
2020;Groß-Siegharts <32207>;2704,875
2020;Karlstein an der Thaya <32209>;1485,75
2020;Kautzen <32210>;1103,5
2020;Ludweis-Aigen <32212>;898,25
2020;Pfaffenschlag bei Waidhofen a.d.Thaya<32214>;924,5
2020;Raabs an der Thaya <32216>;2633,75
2020;Thaya <32217>;1393,625
2020;Vitis <32219>;2655,75
2020;Waidhofen an der Thaya <32220>;5332,75
2020;Waidhofen an der Thaya-Land <32221>;1275,125
2020;Waldkirchen an der Thaya <32222>;493,5
2020;Windigsteig <32223>;916,875
2020;Bad Erlach <32306>;3176,75
2020;Bad Fischau-Brunn <32301>;3447,125
2020;Bad Schönau <32302>;730
2020;Bromberg <32325>;1187,375
2020;Dreistetten ^<32303>;-
2020;Ebenfurth <32304>;3166,125
2020;Eggendorf <32305>;4987,5
2020;Felixdorf <32307>;4367
2020;Gutenstein <32308>;1271,5
2020;Hochneukirchen-Gschaidt <32309>;1633,375
2020;Hochwolkersdorf <32310>;1015,625
2020;Hohe Wand <32311>;1408
2020;Hollenthon <32312>;1005,25
2020;Katzelsdorf <32313>;3222
2020;Kirchschlag in der Buckligen Welt <32314>;2829,75
2020;Krumbach <32315>;2286,625
2020;Lanzenkirchen <32316>;4003,75
2020;Lichtenegg <32317>;1044,75
2020;Lichtenwörth <32318>;2732,5
2020;Markt Piesting <32319>;3103,125
2020;Matzendorf-Hölles <32320>;2104,5
2020;Miesenbach <32321>;670,25
2020;Muggendorf <32322>;517
2020;Pernitz <32323>;2472,875
2020;Rohr im Gebirge <32324>;457,125
2020;Schwarzenbach <32326>;920,875
2020;Sollenau <32327>;5202,125
2020;Theresienfeld <32330>;3733,75
2020;Waidmannsfeld <32331>;1512,625
2020;Waldegg <32332>;2031,625
2020;Walpersbach <32333>;1152,25
2020;Weikersdorf am Steinfelde <32334>;1064,25
2020;Wiesmath <32335>;1520,125
2020;Winzendorf-Muthmannsdorf <32336>;1882,375
2020;Wöllersdorf-Steinabrückl <32337>;4674,875
2020;Zillingdorf <32338>;2081,25
2020;Ebergassing ^<32401>;-
2020;Fischamend ^<32402>;-
2020;Gablitz ^<32403>;-
2020;Gerasdorf bei Wien ^<32404>;-
2020;Gramatneusiedl ^<32405>;-
2020;Himberg ^<32406>;-
2020;Klein-Neusiedl ^<32407>;-
2020;Klosterneuburg ^<32408>;-
2020;Lanzendorf ^<32409>;-
2020;Leopoldsdorf ^<32410>;-
2020;Maria-Lanzendorf ^<32411>;-
2020;Mauerbach ^<32412>;-
2020;Moosbrunn ^<32413>;-
2020;Pressbaum ^<32415>;-
2020;Purkersdorf ^<32416>;-
2020;Rauchenwarth ^<32417>;-
2020;Schwadorf ^<32418>;-
2020;Schwechat ^<32419>;-
2020;Tullnerbach ^<32421>;-
2020;Wienerherberg ^<32422>;-
2020;Wolfsgraben ^<32423>;-
2020;Zwölfaxing ^<32424>;-
2020;Allentsteig <32501>;1751,25
2020;Altmelon <32519>;855,75
2020;Arbesbach <32502>;1600,875
2020;Bad Traunstein <32528>;1001,375
2020;Bärnkopf <32503>;348
2020;Echsenbach <32504>;1275,375
2020;Göpfritz an der Wild <32505>;1811,5
2020;Grafenschlag <32506>;853,125
2020;Groß Gerungs <32508>;4442,875
2020;Großgöttfritz <32509>;1370,75
2020;Gutenbrunn <32511>;516,125
2020;Kirchschlag <32514>;628
2020;Kottes-Purk <32515>;1458,5
2020;Langschlag <32516>;1727,875
2020;Martinsberg <32517>;1087
2020;Ottenschlag <32518>;995,5
2020;Pölla <32520>;911,75
2020;Rappottenstein <32521>;1718,75
2020;Sallingberg <32522>;1272,875
2020;Schönbach <32523>;774,75
2020;Schwarzenau <32524>;1517,75
2020;Schweiggers <32525>;2024,625
2020;Waldhausen <32529>;1214,875
2020;Zwettl-Niederösterreich <32530>;10744,75
2021;Krems an der Donau <30101>;24869,25
2021;St. Pölten <30201>;55988
2021;Waidhofen an der Ybbs <30301>;11125,75
2021;Wiener Neustadt <30401>;46788
2021;Altenburg <31101>;797,875
2021;Brunn an der Wild <31102>;841,125
2021;Burgschleinitz-Kühnring <31103>;1333,375
2021;Drosendorf-Zissersdorf <31104>;1184,5
2021;Eggenburg <31105>;3488,5
2021;Gars am Kamp <31106>;3469
2021;Geras <31107>;1278
2021;Horn <31109>;6405
2021;Irnfritz-Messern <31110>;1431,875
2021;Japons <31111>;710,25
2021;Langau <31113>;693,75
2021;Meiseldorf <31114>;857,25
2021;Pernegg <31117>;698,625
2021;Röhrenbach <31119>;504,25
2021;Röschitz <31120>;1069,125
2021;Rosenburg-Mold <31121>;838,625
2021;St. Bernhard-Frauenhofen <31123>;1289,375
2021;Sigmundsherberg <31124>;1680,75
2021;Straning-Grafenberg <31130>;704
2021;Weitersfeld <31129>;1528
2021;Bisamberg <31201>;4828,875
2021;Enzersfeld im Weinviertel <31202>;1791,125
2021;Ernstbrunn <31203>;3279,5
2021;Gerasdorf bei Wien <31235>;11674,375
2021;Großmugl <31204>;1621,25
2021;Großrußbach <31205>;2244,375
2021;Hagenbrunn <31206>;2383,5
2021;Harmannsdorf <31207>;4045,5
2021;Hausleiten <31208>;3834,25
2021;Korneuburg <31213>;13421,625
2021;Langenzersdorf <31214>;8051,375
2021;Leitzersdorf <31215>;1150,625
2021;Leobendorf <31216>;4996,375
2021;Niederhollabrunn <31234>;1534,625
2021;Oberzögersdorf ^<31223>;-
2021;Rußbach <31224>;1395
2021;Sierndorf <31226>;3960,5
2021;Spillern <31227>;2447,5
2021;Stetteldorf am Wagram <31228>;1056
2021;Stetten <31229>;1354,25
2021;Stockerau <31230>;16759
2021;Würnitz ^<31233>;-
2021;Aggsbach <31301>;640,25
2021;Albrechtsberg an der Großen Krems <31302>;1005,5
2021;Bergern im Dunkelsteinerwald <31303>;1305
2021;Droß <31356>;1032,125
2021;Dürnstein <31304>;814,875
2021;Furth bei Göttweig <31309>;2982,25
2021;Gedersdorf <31310>;2142,875
2021;Gföhl <31311>;3798,625
2021;Grafenegg <31308>;3204,25
2021;Gut am Steg ^<31314>;-
2021;Hadersdorf-Kammern <31315>;1963,875
2021;Imbach ^<31318>;-
2021;Jaidhof <31319>;1215
2021;Krumau am Kamp <31321>;749,375
2021;Langenlois <31322>;7470,25
2021;Lengenfeld <31323>;1428,375
2021;Lichtenau im Waldviertel <31324>;2057,125
2021;Maria Laach am Jauerling <31326>;921,375
2021;Mautern an der Donau <31327>;3476
2021;Mühldorf <31330>;1271,5
2021;Paudorf <31333>;2609,375
2021;Rastenfeld <31336>;1604,375
2021;Rohrendorf bei Krems <31337>;2108,875
2021;Rossatz-Arnsdorf <31338>;1067,5
2021;St. Leonhard am Hornerwald <31340>;1086
2021;Schönberg am Kamp <31355>;1857,375
2021;Senftenberg <31343>;1927,125
2021;Spitz <31344>;1545,25
2021;Straß im Straßertale <31346>;1762,25
2021;Stratzing <31347>;912,75
2021;Weinzierl am Walde <31350>;1237,375
2021;Weißenkirchen in der Wachau <31351>;1398,25
2021;Annaberg <31401>;505,375
2021;Eschenau <31402>;1299,625
2021;Hainfeld <31403>;3754,5
2021;Hohenberg <31404>;1455,375
2021;Kaumberg <31405>;1075,25
2021;Kleinzell <31406>;858,75
2021;Lilienfeld <31407>;2639,5
2021;Mitterbach am Erlaufsee <31408>;486,875
2021;Ramsau <31409>;831
2021;Rohrbach an der Gölsen <31410>;1547,75
2021;St. Aegyd am Neuwalde <31411>;1835,75
2021;St. Veit an der Gölsen <31412>;3863,125
2021;Traisen <31413>;3439,875
2021;Türnitz <31414>;1874
2021;Artstetten-Pöbring <31502>;1237,375
2021;Bergland <31503>;1896
2021;Bischofstetten <31504>;1224,5
2021;Blindenmarkt <31505>;2742,625
2021;Dorfstetten <31506>;576,875
2021;Dunkelsteinerwald <31507>;2394,5
2021;Emmersdorf an der Donau <31553>;1752
2021;Erlauf <31508>;1118,75
2021;Golling an der Erlauf <31509>;1481,25
2021;Hofamt Priel <31511>;1723,25
2021;Hürm <31513>;1896,75
2021;Kilb <31514>;2576,75
2021;Kirnberg an der Mank <31515>;1108,5
2021;Klein-Pöchlarn <31516>;1072,5
2021;Krummnußbaum <31517>;1559
2021;Leiben <31519>;1347,375
2021;Loosdorf <31520>;3834,125
2021;Mank <31521>;3242,25
2021;Marbach an der Donau <31522>;1685,125
2021;Maria Taferl <31523>;926,125
2021;Melk <31524>;5571,75
2021;Münichreith-Laimbach <31525>;1674,375
2021;Neumarkt an der Ybbs <31527>;2032
2021;Nöchling <31528>;1031,375
2021;Persenbeug-Gottsdorf <31530>;2150
2021;Petzenkirchen <31531>;1456,5
2021;Pöchlarn <31533>;3957,75
2021;Pöggstall <31534>;2405,5
2021;Raxendorf <31535>;1028,375
2021;Ritzengrub ^<31536>;-
2021;Ruprechtshofen <31537>;2303
2021;St. Leonhard am Forst <31539>;3049,25
2021;St. Martin-Karlsbach <31540>;1619,5
2021;St. Oswald <31541>;1110,625
2021;Schollach <31543>;1034
2021;Schönbühel-Aggsbach <31542>;950,125
2021;Texingtal <31551>;1664,75
2021;Weiten <31546>;1118
2021;Ybbs an der Donau <31549>;5599,125
2021;Yspertal <31552>;2011,375
2021;Zelking-Matzleinsdorf <31550>;1213,25
2021;Altlichtenwarth <31601>;762,375
2021;Asparn an der Zaya <31603>;1896,125
2021;Bernhardsthal <31604>;1597,75
2021;Bockfließ <31605>;1321,375
2021;Drasenhofen <31606>;1088,125
2021;Falkenstein <31608>;485,625
2021;Fallbach <31609>;796,625
2021;Gartenbrunn ^<31657>;-
2021;Gaubitsch <31611>;880,125
2021;Gaweinstal <31612>;4047,25
2021;Gnadendorf <31613>;1150
2021;Großebersdorf <31614>;2235,5
2021;Großengersdorf <31615>;1506,625
2021;Großharras <31616>;1107,875
2021;Großkrut <31617>;1659,25
2021;Hausbrunn <31620>;870,5
2021;Herrnbaumgarten <31621>;947,875
2021;Hochleithen <31622>;1125,25
2021;Kreuttal <31627>;1463
2021;Kreuzstetten <31628>;1622,75
2021;Laa an der Thaya <31629>;6263,125
2021;Ladendorf <31630>;2317,25
2021;Mistelbach <31633>;11634,625
2021;Neudorf im Weinviertel <31634>;1391
2021;Niederleis <31636>;884,125
2021;Ottenthal <31658>;537,25
2021;Pillichsdorf <31642>;1179,375
2021;Poysdorf <31644>;5510,75
2021;Rabensburg <31645>;1086,5
2021;Schrattenberg <31646>;840,125
2021;Staatz <31649>;1910,625
2021;Stronsdorf <31650>;1605
2021;Ulrichskirchen-Schleinbach <31651>;2631,375
2021;Unterstinkenbrunn <31652>;553,375
2021;Wildendürnbach <31653>;1568
2021;Wilfersdorf <31654>;2094,625
2021;Wolkersdorf im Weinviertel <31655>;7346,625
2021;Achau <31701>;1444,625
2021;Biedermannsdorf <31702>;3138,75
2021;Breitenfurt bei Wien <31703>;5905,5
2021;Brunn am Gebirge <31704>;12085,375
2021;Gaaden <31706>;1646,75
2021;Gießhübl <31707>;2388,125
2021;Gumpoldskirchen <31709>;3933,875
2021;Guntramsdorf <31710>;9147,25
2021;Hennersdorf <31711>;1544,625
2021;Hinterbrühl <31712>;3921,5
2021;Kaltenleutgeben <31713>;3353,375
2021;Laab im Walde <31714>;1106
2021;Laxenburg <31715>;2936,375
2021;Maria Enzersdorf <31716>;8713,5
2021;Mödling <31717>;20543,25
2021;Münchendorf <31718>;3097,125
2021;Perchtoldsdorf <31719>;14945,5
2021;Vösendorf <31723>;7416
2021;Wiener Neudorf <31725>;9293,375
2021;Wienerwald <31726>;2903,25
2021;Altendorf <31801>;357,5
2021;Aspangberg-St. Peter <31803>;1889,625
2021;Aspang-Markt <31802>;1766,625
2021;Breitenau <31804>;1561,875
2021;Breitenstein <31805>;305,75
2021;Buchbach <31806>;362,375
2021;Bürg-Vöstenhof <31842>;162,5
2021;Edlitz <31807>;902,125
2021;Enzenreith <31808>;1996,5
2021;Feistritz am Wechsel <31809>;1030,125
2021;Gloggnitz <31810>;5846,875
2021;Grafenbach-St. Valentin <31811>;2253,625
2021;Grimmenstein <31812>;1317,625
2021;Grünbach am Schneeberg <31813>;1589,625
2021;Höflein an der Hohen Wand <31849>;884,5
2021;Kirchberg am Wechsel <31814>;2458
2021;Mönichkirchen <31815>;612,5
2021;Natschbach-Loipersbach <31817>;1701,875
2021;Neunkirchen <31818>;12561,625
2021;Otterthal <31820>;574
2021;Payerbach <31821>;2062,25
2021;Pitten <31823>;2889,25
2021;Pottschach ^<31824>;-
2021;Prigglitz <31825>;424,25
2021;Puchberg am Schneeberg <31826>;2669
2021;Raach am Hochgebirge <31827>;304,25
2021;Raglitz ^<31828>;-
2021;Reichenau an der Rax <31829>;2546,75
2021;St. Corona am Wechsel <31830>;394,875
2021;St. Egyden am Steinfeld <31831>;2157,375
2021;Scheiblingkirchen-Thernberg <31832>;1939,625
2021;Schottwien <31833>;650,625
2021;Schrattenbach <31834>;390,25
2021;Schwarzau am Steinfeld <31835>;2053
2021;Schwarzau im Gebirge <31836>;619,125
2021;Seebenstein <31837>;1483,875
2021;Semmering <31838>;524,125
2021;Ternitz <31839>;14697,125
2021;Thomasberg <31840>;1259
2021;Trattenbach <31841>;516,625
2021;Warth <31843>;1510,75
2021;Wartmannstetten <31844>;1618,875
2021;Willendorf <31845>;987,125
2021;Wimpassing im Schwarzatale <31846>;1596,25
2021;Würflach <31847>;1599,75
2021;Zöbern <31848>;1395,375
2021;Altlengbach <31901>;3167,125
2021;Asperhofen <31902>;2273,875
2021;Böheimkirchen <31903>;5118,375
2021;Brand-Laaben <31904>;1256,875
2021;Eichgraben <31905>;4732,75
2021;Frankenfels <31906>;1930,625
2021;Gablitz <31949>;5020,625
2021;Gerersdorf <31907>;1023,75
2021;Hafnerbach <31910>;1648,375
2021;Haunoldstein <31911>;1244,375
2021;Herzogenburg <31912>;7852,5
2021;Hofstetten-Grünau <31909>;2716,5
2021;Inzersdorf-Getzersdorf <31913>;1631,875
2021;Kapelln <31915>;1362,125
2021;Karlstetten <31916>;2174,25
2021;Kasten bei Böheimkirchen <31917>;1386,875
2021;Kirchberg an der Pielach <31918>;3192,5
2021;Kirchstetten <31919>;2232,75
2021;Loich <31920>;575,25
2021;Maria Anzbach <31921>;3073,125
2021;Markersdorf-Haindorf <31922>;2064,875
2021;Mauerbach <31950>;3586,75
2021;Michelbach <31923>;858,875
2021;Neidling <31925>;1493,75
2021;Neulengbach <31926>;8355
2021;Neustift-Innermanzing <31927>;1591,5
2021;Nußdorf ob der Traisen <31928>;1835,75
2021;Ober-Grafendorf <31929>;4622
2021;Obritzberg-Rust <31930>;2334
2021;Pressbaum <31951>;7728,625
2021;Prinzersdorf <31932>;1611,375
2021;Purkersdorf <31952>;9870,125
2021;Pyhra <31934>;3637
2021;Rabenstein an der Pielach <31935>;2512,25
2021;St. Margarethen an der Sierning <31938>;1022,875
2021;Schwarzenbach an der Pielach <31939>;370,25
2021;Statzendorf <31940>;1433,875
2021;Stössing <31941>;841,25
2021;Traismauer <31943>;6411
2021;Tullnerbach <31953>;2941,125
2021;Weinburg <31945>;1398
2021;Perschling <31946>;1439,375
2021;Wilhelmsburg <31947>;6596,875
2021;Wölbling <31948>;2491,75
2021;Wolfsgraben <31954>;1753,375
2021;Gaming <32001>;2936,125
2021;Göstling an der Ybbs <32002>;1978,875
2021;Gresten <32003>;1985,125
2021;Gresten-Land <32004>;1496,75
2021;Lunz am See <32005>;1793,375
2021;Oberndorf an der Melk <32006>;2995,375
2021;Puchenstuben <32007>;283,75
2021;Purgstall an der Erlauf <32008>;5371
2021;Randegg <32009>;1852,875
2021;Reinsberg <32010>;1061,375
2021;St. Anton an der Jeßnitz <32011>;1173
2021;St. Georgen an der Leys <32012>;1328,875
2021;Scheibbs <32013>;4136,5
2021;Steinakirchen am Forst <32014>;2319,75
2021;Wang <32015>;1398,25
2021;Wieselburg <32016>;4420,75
2021;Wieselburg-Land <32017>;3410,625
2021;Wolfpassing <32018>;1655,875
2021;Absdorf <32101>;2268,375
2021;Atzenbrugg <32104>;3167,125
2021;Fels am Wagram <32106>;2387,25
2021;Grafenwörth <32107>;3217,125
2021;Großriedenthal <32109>;949,375
2021;Großweikersdorf <32110>;3283,875
2021;Judenau-Baumgarten <32112>;2314,25
2021;Kirchberg am Wagram <32114>;3717,375
2021;Klosterneuburg <32144>;27576,75
2021;Königsbrunn am Wagram <32115>;1415,5
2021;Königstetten <32116>;2550
2021;Langenrohr <32119>;2455,25
2021;Michelhausen <32120>;3795,5
2021;Muckendorf-Wipfing <32143>;1690
2021;St. Andrä-Wördern <32142>;7892,5
2021;Sieghartskirchen <32131>;7696,625
2021;Sitzenberg-Reidling <32132>;2386,5
2021;Tulbing <32134>;3092,875
2021;Tulln an der Donau <32135>;16475,25
2021;Würmla <32139>;1566,375
2021;Zeiselmauer-Wolfpassing <32140>;2256,25
2021;Zwentendorf an der Donau <32141>;4158,5
2021;Dietmanns <32202>;1035,75
2021;Dobersberg <32203>;1544
2021;Gastern <32206>;1178,25
2021;Groß-Siegharts <32207>;2706,625
2021;Karlstein an der Thaya <32209>;1474,75
2021;Kautzen <32210>;1080,5
2021;Ludweis-Aigen <32212>;898,125
2021;Pfaffenschlag bei Waidhofen a.d.Thaya<32214>;927,75
2021;Raabs an der Thaya <32216>;2641,375
2021;Thaya <32217>;1417
2021;Vitis <32219>;2650,375
2021;Waidhofen an der Thaya <32220>;5272,375
2021;Waidhofen an der Thaya-Land <32221>;1298,25
2021;Waldkirchen an der Thaya <32222>;492,625
2021;Windigsteig <32223>;919,5
2021;Bad Erlach <32306>;3219,875
2021;Bad Fischau-Brunn <32301>;3486
2021;Bad Schönau <32302>;738,5
2021;Bromberg <32325>;1183,25
2021;Dreistetten ^<32303>;-
2021;Ebenfurth <32304>;3155,375
2021;Eggendorf <32305>;5053
2021;Felixdorf <32307>;4423,875
2021;Gutenstein <32308>;1265
2021;Hochneukirchen-Gschaidt <32309>;1629,875
2021;Hochwolkersdorf <32310>;1010,625
2021;Hohe Wand <32311>;1444,5
2021;Hollenthon <32312>;996,75
2021;Katzelsdorf <32313>;3212,375
2021;Kirchschlag in der Buckligen Welt <32314>;2824,5
2021;Krumbach <32315>;2327,25
2021;Lanzenkirchen <32316>;4062,5
2021;Lichtenegg <32317>;1058,375
2021;Lichtenwörth <32318>;2744,375
2021;Markt Piesting <32319>;3137,75
2021;Matzendorf-Hölles <32320>;2093,875
2021;Miesenbach <32321>;667,75
2021;Muggendorf <32322>;520,375
2021;Pernitz <32323>;2462,375
2021;Rohr im Gebirge <32324>;448,5
2021;Schwarzenbach <32326>;918,625
2021;Sollenau <32327>;5277,5
2021;Theresienfeld <32330>;3920,5
2021;Waidmannsfeld <32331>;1510,875
2021;Waldegg <32332>;2011
2021;Walpersbach <32333>;1166,875
2021;Weikersdorf am Steinfelde <32334>;1076,625
2021;Wiesmath <32335>;1530,625
2021;Winzendorf-Muthmannsdorf <32336>;1879,625
2021;Wöllersdorf-Steinabrückl <32337>;4763
2021;Zillingdorf <32338>;2084,375
2021;Ebergassing ^<32401>;-
2021;Fischamend ^<32402>;-
2021;Gablitz ^<32403>;-
2021;Gerasdorf bei Wien ^<32404>;-
2021;Gramatneusiedl ^<32405>;-
2021;Himberg ^<32406>;-
2021;Klein-Neusiedl ^<32407>;-
2021;Klosterneuburg ^<32408>;-
2021;Lanzendorf ^<32409>;-
2021;Leopoldsdorf ^<32410>;-
2021;Maria-Lanzendorf ^<32411>;-
2021;Mauerbach ^<32412>;-
2021;Moosbrunn ^<32413>;-
2021;Pressbaum ^<32415>;-
2021;Purkersdorf ^<32416>;-
2021;Rauchenwarth ^<32417>;-
2021;Schwadorf ^<32418>;-
2021;Schwechat ^<32419>;-
2021;Tullnerbach ^<32421>;-
2021;Wienerherberg ^<32422>;-
2021;Wolfsgraben ^<32423>;-
2021;Zwölfaxing ^<32424>;-
2021;Allentsteig <32501>;1738
2021;Altmelon <32519>;858,5
2021;Arbesbach <32502>;1592,625
2021;Bad Traunstein <32528>;993,5
2021;Bärnkopf <32503>;345,25
2021;Echsenbach <32504>;1279,375
2021;Göpfritz an der Wild <32505>;1798,75
2021;Grafenschlag <32506>;847,25
2021;Groß Gerungs <32508>;4425,625
2021;Großgöttfritz <32509>;1359,125
2021;Gutenbrunn <32511>;498,375
2021;Kirchschlag <32514>;634,625
2021;Kottes-Purk <32515>;1453,375
2021;Langschlag <32516>;1724,875
2021;Martinsberg <32517>;1088,25
2021;Ottenschlag <32518>;1016,375
2021;Pölla <32520>;913,375
2021;Rappottenstein <32521>;1728,625
2021;Sallingberg <32522>;1267,625
2021;Schönbach <32523>;758,875
2021;Schwarzenau <32524>;1504,375
2021;Schweiggers <32525>;2026,25
2021;Waldhausen <32529>;1212,875
2021;Zwettl-Niederösterreich <32530>;10721,625
2022;Krems an der Donau <30101>;25090,5
2022;St. Pölten <30201>;57035,875
2022;Waidhofen an der Ybbs <30301>;11141,75
2022;Wiener Neustadt <30401>;47488,25
2022;Altenburg <31101>;833,5
2022;Brunn an der Wild <31102>;832,875
2022;Burgschleinitz-Kühnring <31103>;1324
2022;Drosendorf-Zissersdorf <31104>;1191,125
2022;Eggenburg <31105>;3522,5
2022;Gars am Kamp <31106>;3485,5
2022;Geras <31107>;1287
2022;Horn <31109>;6481,125
2022;Irnfritz-Messern <31110>;1431,25
2022;Japons <31111>;704,5
2022;Langau <31113>;696,375
2022;Meiseldorf <31114>;846,25
2022;Pernegg <31117>;679,625
2022;Röhrenbach <31119>;494
2022;Röschitz <31120>;1089,25
2022;Rosenburg-Mold <31121>;860,25
2022;St. Bernhard-Frauenhofen <31123>;1282,75
2022;Sigmundsherberg <31124>;1695,375
2022;Straning-Grafenberg <31130>;693,75
2022;Weitersfeld <31129>;1522,75
2022;Bisamberg <31201>;4874,25
2022;Enzersfeld im Weinviertel <31202>;1822,625
2022;Ernstbrunn <31203>;3294,125
2022;Gerasdorf bei Wien <31235>;11821
2022;Großmugl <31204>;1650,625
2022;Großrußbach <31205>;2247,875
2022;Hagenbrunn <31206>;2417,375
2022;Harmannsdorf <31207>;4074,625
2022;Hausleiten <31208>;3840
2022;Korneuburg <31213>;13623
2022;Langenzersdorf <31214>;8033,625
2022;Leitzersdorf <31215>;1170,875
2022;Leobendorf <31216>;5063
2022;Niederhollabrunn <31234>;1517,875
2022;Oberzögersdorf ^<31223>;-
2022;Rußbach <31224>;1386,5
2022;Sierndorf <31226>;3944,875
2022;Spillern <31227>;2489,75
2022;Stetteldorf am Wagram <31228>;1069,5
2022;Stetten <31229>;1354,75
2022;Stockerau <31230>;16874,875
2022;Würnitz ^<31233>;-
2022;Aggsbach <31301>;628,125
2022;Albrechtsberg an der Großen Krems <31302>;1011,25
2022;Bergern im Dunkelsteinerwald <31303>;1333,75
2022;Droß <31356>;1022,75
2022;Dürnstein <31304>;804,125
2022;Furth bei Göttweig <31309>;2997,5
2022;Gedersdorf <31310>;2139
2022;Gföhl <31311>;3820,5
2022;Grafenegg <31308>;3238,75
2022;Gut am Steg ^<31314>;-
2022;Hadersdorf-Kammern <31315>;1965,25
2022;Imbach ^<31318>;-
2022;Jaidhof <31319>;1236,375
2022;Krumau am Kamp <31321>;760,625
2022;Langenlois <31322>;7555,375
2022;Lengenfeld <31323>;1417,625
2022;Lichtenau im Waldviertel <31324>;2065,625
2022;Maria Laach am Jauerling <31326>;919,25
2022;Mautern an der Donau <31327>;3435,25
2022;Mühldorf <31330>;1273,125
2022;Paudorf <31333>;2672,75
2022;Rastenfeld <31336>;1613,375
2022;Rohrendorf bei Krems <31337>;2081,75
2022;Rossatz-Arnsdorf <31338>;1084,125
2022;St. Leonhard am Hornerwald <31340>;1097
2022;Schönberg am Kamp <31355>;1857
2022;Senftenberg <31343>;1949,5
2022;Spitz <31344>;1559
2022;Straß im Straßertale <31346>;1774,375
2022;Stratzing <31347>;897,125
2022;Weinzierl am Walde <31350>;1224,125
2022;Weißenkirchen in der Wachau <31351>;1398,875
2022;Annaberg <31401>;507,875
2022;Eschenau <31402>;1294,25
2022;Hainfeld <31403>;3793,5
2022;Hohenberg <31404>;1446,75
2022;Kaumberg <31405>;1077,5
2022;Kleinzell <31406>;873,25
2022;Lilienfeld <31407>;2652,375
2022;Mitterbach am Erlaufsee <31408>;472,375
2022;Ramsau <31409>;821,375
2022;Rohrbach an der Gölsen <31410>;1534,875
2022;St. Aegyd am Neuwalde <31411>;1810
2022;St. Veit an der Gölsen <31412>;3844,5
2022;Traisen <31413>;3419,5
2022;Türnitz <31414>;1890,375
2022;Artstetten-Pöbring <31502>;1251,25
2022;Bergland <31503>;1907,375
2022;Bischofstetten <31504>;1220
2022;Blindenmarkt <31505>;2762,125
2022;Dorfstetten <31506>;570,25
2022;Dunkelsteinerwald <31507>;2401,375
2022;Emmersdorf an der Donau <31553>;1772
2022;Erlauf <31508>;1119,25
2022;Golling an der Erlauf <31509>;1475
2022;Hofamt Priel <31511>;1718,375
2022;Hürm <31513>;1964,125
2022;Kilb <31514>;2591
2022;Kirnberg an der Mank <31515>;1113
2022;Klein-Pöchlarn <31516>;1093,75
2022;Krummnußbaum <31517>;1597,875
2022;Leiben <31519>;1332,875
2022;Loosdorf <31520>;3883,625
2022;Mank <31521>;3296,75
2022;Marbach an der Donau <31522>;1685,375
2022;Maria Taferl <31523>;955,25
2022;Melk <31524>;5589
2022;Münichreith-Laimbach <31525>;1661,875
2022;Neumarkt an der Ybbs <31527>;2067,125
2022;Nöchling <31528>;1027
2022;Persenbeug-Gottsdorf <31530>;2159,625
2022;Petzenkirchen <31531>;1517,125
2022;Pöchlarn <31533>;3992,5
2022;Pöggstall <31534>;2412,375
2022;Raxendorf <31535>;1029,125
2022;Ritzengrub ^<31536>;-
2022;Ruprechtshofen <31537>;2304,125
2022;St. Leonhard am Forst <31539>;3056,25
2022;St. Martin-Karlsbach <31540>;1636,625
2022;St. Oswald <31541>;1120,875
2022;Schollach <31543>;1041,125
2022;Schönbühel-Aggsbach <31542>;934,875
2022;Texingtal <31551>;1687,25
2022;Weiten <31546>;1117
2022;Ybbs an der Donau <31549>;5657,125
2022;Yspertal <31552>;2027
2022;Zelking-Matzleinsdorf <31550>;1232
2022;Altlichtenwarth <31601>;773,625
2022;Asparn an der Zaya <31603>;1911,625
2022;Bernhardsthal <31604>;1595,375
2022;Bockfließ <31605>;1297,25
2022;Drasenhofen <31606>;1131,75
2022;Falkenstein <31608>;542,75
2022;Fallbach <31609>;804
2022;Gartenbrunn ^<31657>;-
2022;Gaubitsch <31611>;901,625
2022;Gaweinstal <31612>;4079,25
2022;Gnadendorf <31613>;1165,125
2022;Großebersdorf <31614>;2291,375
2022;Großengersdorf <31615>;1515,625
2022;Großharras <31616>;1093,75
2022;Großkrut <31617>;1694,125
2022;Hausbrunn <31620>;868,625
2022;Herrnbaumgarten <31621>;938,625
2022;Hochleithen <31622>;1104,75
2022;Kreuttal <31627>;1479,5
2022;Kreuzstetten <31628>;1688,25
2022;Laa an der Thaya <31629>;6260,5
2022;Ladendorf <31630>;2345,5
2022;Mistelbach <31633>;11868
2022;Neudorf im Weinviertel <31634>;1395,25
2022;Niederleis <31636>;903,125
2022;Ottenthal <31658>;532,25
2022;Pillichsdorf <31642>;1217,625
2022;Poysdorf <31644>;5627,125
2022;Rabensburg <31645>;1086,875
2022;Schrattenberg <31646>;860,875
2022;Staatz <31649>;1913,875
2022;Stronsdorf <31650>;1599,125
2022;Ulrichskirchen-Schleinbach <31651>;2656,375
2022;Unterstinkenbrunn <31652>;552,875
2022;Wildendürnbach <31653>;1555,625
2022;Wilfersdorf <31654>;2085,625
2022;Wolkersdorf im Weinviertel <31655>;7418
2022;Achau <31701>;1547,875
2022;Biedermannsdorf <31702>;3161,5
2022;Breitenfurt bei Wien <31703>;5969,125
2022;Brunn am Gebirge <31704>;12151,125
2022;Gaaden <31706>;1626,125
2022;Gießhübl <31707>;2418,25
2022;Gumpoldskirchen <31709>;3993,375
2022;Guntramsdorf <31710>;9219,625
2022;Hennersdorf <31711>;1543,375
2022;Hinterbrühl <31712>;3937,125
2022;Kaltenleutgeben <31713>;3345,25
2022;Laab im Walde <31714>;1102,75
2022;Laxenburg <31715>;3026,75
2022;Maria Enzersdorf <31716>;8787,875
2022;Mödling <31717>;20694,625
2022;Münchendorf <31718>;3170,625
2022;Perchtoldsdorf <31719>;14961,25
2022;Vösendorf <31723>;7553,375
2022;Wiener Neudorf <31725>;9438,75
2022;Wienerwald <31726>;2925,75
2022;Altendorf <31801>;359,75
2022;Aspangberg-St. Peter <31803>;1899,75
2022;Aspang-Markt <31802>;1793,5
2022;Breitenau <31804>;1567
2022;Breitenstein <31805>;305,25
2022;Buchbach <31806>;357
2022;Bürg-Vöstenhof <31842>;161,875
2022;Edlitz <31807>;910,5
2022;Enzenreith <31808>;1987,125
2022;Feistritz am Wechsel <31809>;1030,5
2022;Gloggnitz <31810>;5881,125
2022;Grafenbach-St. Valentin <31811>;2296,625
2022;Grimmenstein <31812>;1324,875
2022;Grünbach am Schneeberg <31813>;1612,125
2022;Höflein an der Hohen Wand <31849>;894,875
2022;Kirchberg am Wechsel <31814>;2485,375
2022;Mönichkirchen <31815>;618
2022;Natschbach-Loipersbach <31817>;1728,875
2022;Neunkirchen <31818>;12699,125
2022;Otterthal <31820>;561,75
2022;Payerbach <31821>;2085,375
2022;Pitten <31823>;2889,75
2022;Pottschach ^<31824>;-
2022;Prigglitz <31825>;431,5
2022;Puchberg am Schneeberg <31826>;2721,375
2022;Raach am Hochgebirge <31827>;320,125
2022;Raglitz ^<31828>;-
2022;Reichenau an der Rax <31829>;2561
2022;St. Corona am Wechsel <31830>;391,625
2022;St. Egyden am Steinfeld <31831>;2196,125
2022;Scheiblingkirchen-Thernberg <31832>;1940,125
2022;Schottwien <31833>;645,75
2022;Schrattenbach <31834>;406,625
2022;Schwarzau am Steinfeld <31835>;2121,875
2022;Schwarzau im Gebirge <31836>;625,375
2022;Seebenstein <31837>;1493
2022;Semmering <31838>;583,125
2022;Ternitz <31839>;14669,25
2022;Thomasberg <31840>;1241,375
2022;Trattenbach <31841>;519,875
2022;Warth <31843>;1545,75
2022;Wartmannstetten <31844>;1602
2022;Willendorf <31845>;979,625
2022;Wimpassing im Schwarzatale <31846>;1618,75
2022;Würflach <31847>;1636,25
2022;Zöbern <31848>;1385,875
2022;Altlengbach <31901>;3170,125
2022;Asperhofen <31902>;2334,25
2022;Böheimkirchen <31903>;5147
2022;Brand-Laaben <31904>;1251,375
2022;Eichgraben <31905>;4790,75
2022;Frankenfels <31906>;1920,5
2022;Gablitz <31949>;5005,75
2022;Gerersdorf <31907>;1051,75
2022;Hafnerbach <31910>;1678,625
2022;Haunoldstein <31911>;1240,625
2022;Herzogenburg <31912>;7913,125
2022;Hofstetten-Grünau <31909>;2725,125
2022;Inzersdorf-Getzersdorf <31913>;1698,875
2022;Kapelln <31915>;1348,25
2022;Karlstetten <31916>;2243,875
2022;Kasten bei Böheimkirchen <31917>;1421,125
2022;Kirchberg an der Pielach <31918>;3214,625
2022;Kirchstetten <31919>;2264
2022;Loich <31920>;561,5
2022;Maria Anzbach <31921>;3235,75
2022;Markersdorf-Haindorf <31922>;2030,375
2022;Mauerbach <31950>;3602,5
2022;Michelbach <31923>;858,25
2022;Neidling <31925>;1484,125
2022;Neulengbach <31926>;8533
2022;Neustift-Innermanzing <31927>;1595,875
2022;Nußdorf ob der Traisen <31928>;1877,75
2022;Ober-Grafendorf <31929>;4771,625
2022;Obritzberg-Rust <31930>;2318,5
2022;Pressbaum <31951>;7799,5
2022;Prinzersdorf <31932>;1664,125
2022;Purkersdorf <31952>;9934,125
2022;Pyhra <31934>;3630,875
2022;Rabenstein an der Pielach <31935>;2511,25
2022;St. Margarethen an der Sierning <31938>;1045,75
2022;Schwarzenbach an der Pielach <31939>;359,75
2022;Statzendorf <31940>;1440,375
2022;Stössing <31941>;848,25
2022;Traismauer <31943>;6458,625
2022;Tullnerbach <31953>;2987,125
2022;Weinburg <31945>;1400,125
2022;Perschling <31946>;1492,875
2022;Wilhelmsburg <31947>;6537,125
2022;Wölbling <31948>;2492,75
2022;Wolfsgraben <31954>;1766,75
2022;Gaming <32001>;2916
2022;Göstling an der Ybbs <32002>;2013,5
2022;Gresten <32003>;1995,375
2022;Gresten-Land <32004>;1487,875
2022;Lunz am See <32005>;1767
2022;Oberndorf an der Melk <32006>;2997,625
2022;Puchenstuben <32007>;277,375
2022;Purgstall an der Erlauf <32008>;5351,5
2022;Randegg <32009>;1864,125
2022;Reinsberg <32010>;1073,875
2022;St. Anton an der Jeßnitz <32011>;1160,125
2022;St. Georgen an der Leys <32012>;1324,25
2022;Scheibbs <32013>;4211,375
2022;Steinakirchen am Forst <32014>;2318,375
2022;Wang <32015>;1379,25
2022;Wieselburg <32016>;4582,25
2022;Wieselburg-Land <32017>;3423,375
2022;Wolfpassing <32018>;1693,625
2022;Absdorf <32101>;2356,625
2022;Atzenbrugg <32104>;3293,625
2022;Fels am Wagram <32106>;2403,625
2022;Grafenwörth <32107>;3286,25
2022;Großriedenthal <32109>;965
2022;Großweikersdorf <32110>;3326,125
2022;Judenau-Baumgarten <32112>;2343,5
2022;Kirchberg am Wagram <32114>;3799
2022;Klosterneuburg <32144>;27935,625
2022;Königsbrunn am Wagram <32115>;1439,875
2022;Königstetten <32116>;2552,375
2022;Langenrohr <32119>;2536
2022;Michelhausen <32120>;4005,25
2022;Muckendorf-Wipfing <32143>;1706,375
2022;St. Andrä-Wördern <32142>;7933,75
2022;Sieghartskirchen <32131>;7810,125
2022;Sitzenberg-Reidling <32132>;2427,5
2022;Tulbing <32134>;3199,375
2022;Tulln an der Donau <32135>;16830,25
2022;Würmla <32139>;1593,75
2022;Zeiselmauer-Wolfpassing <32140>;2244,75
2022;Zwentendorf an der Donau <32141>;4191,25
2022;Dietmanns <32202>;1037,125
2022;Dobersberg <32203>;1549,125
2022;Gastern <32206>;1169
2022;Groß-Siegharts <32207>;2692,25
2022;Karlstein an der Thaya <32209>;1483,375
2022;Kautzen <32210>;1081,75
2022;Ludweis-Aigen <32212>;882,75
2022;Pfaffenschlag bei Waidhofen a.d.Thaya<32214>;936,25
2022;Raabs an der Thaya <32216>;2686,75
2022;Thaya <32217>;1430,375
2022;Vitis <32219>;2699,25
2022;Waidhofen an der Thaya <32220>;5231,125
2022;Waidhofen an der Thaya-Land <32221>;1295,375
2022;Waldkirchen an der Thaya <32222>;486,375
2022;Windigsteig <32223>;936,375
2022;Bad Erlach <32306>;3218,75
2022;Bad Fischau-Brunn <32301>;3568,375
2022;Bad Schönau <32302>;743,375
2022;Bromberg <32325>;1194,5
2022;Dreistetten ^<32303>;-
2022;Ebenfurth <32304>;3144,625
2022;Eggendorf <32305>;5071,5
2022;Felixdorf <32307>;4516,5
2022;Gutenstein <32308>;1264,125
2022;Hochneukirchen-Gschaidt <32309>;1633,875
2022;Hochwolkersdorf <32310>;1007,25
2022;Hohe Wand <32311>;1476
2022;Hollenthon <32312>;986,5
2022;Katzelsdorf <32313>;3212,25
2022;Kirchschlag in der Buckligen Welt <32314>;2809,375
2022;Krumbach <32315>;2367,875
2022;Lanzenkirchen <32316>;4194,625
2022;Lichtenegg <32317>;1068,125
2022;Lichtenwörth <32318>;2828,5
2022;Markt Piesting <32319>;3144,125
2022;Matzendorf-Hölles <32320>;2096,5
2022;Miesenbach <32321>;656,5
2022;Muggendorf <32322>;520,25
2022;Pernitz <32323>;2469,125
2022;Rohr im Gebirge <32324>;437,375
2022;Schwarzenbach <32326>;922,125
2022;Sollenau <32327>;5383,125
2022;Theresienfeld <32330>;4064,25
2022;Waidmannsfeld <32331>;1531,375
2022;Waldegg <32332>;2027
2022;Walpersbach <32333>;1198,625
2022;Weikersdorf am Steinfelde <32334>;1094,375
2022;Wiesmath <32335>;1539,625
2022;Winzendorf-Muthmannsdorf <32336>;1852,25
2022;Wöllersdorf-Steinabrückl <32337>;4913
2022;Zillingdorf <32338>;2131,625
2022;Ebergassing ^<32401>;-
2022;Fischamend ^<32402>;-
2022;Gablitz ^<32403>;-
2022;Gerasdorf bei Wien ^<32404>;-
2022;Gramatneusiedl ^<32405>;-
2022;Himberg ^<32406>;-
2022;Klein-Neusiedl ^<32407>;-
2022;Klosterneuburg ^<32408>;-
2022;Lanzendorf ^<32409>;-
2022;Leopoldsdorf ^<32410>;-
2022;Maria-Lanzendorf ^<32411>;-
2022;Mauerbach ^<32412>;-
2022;Moosbrunn ^<32413>;-
2022;Pressbaum ^<32415>;-
2022;Purkersdorf ^<32416>;-
2022;Rauchenwarth ^<32417>;-
2022;Schwadorf ^<32418>;-
2022;Schwechat ^<32419>;-
2022;Tullnerbach ^<32421>;-
2022;Wienerherberg ^<32422>;-
2022;Wolfsgraben ^<32423>;-
2022;Zwölfaxing ^<32424>;-
2022;Allentsteig <32501>;1735,25
2022;Altmelon <32519>;866,75
2022;Arbesbach <32502>;1588,125
2022;Bad Traunstein <32528>;998,875
2022;Bärnkopf <32503>;343,5
2022;Echsenbach <32504>;1291,875
2022;Göpfritz an der Wild <32505>;1782,125
2022;Grafenschlag <32506>;834,375
2022;Groß Gerungs <32508>;4463,625
2022;Großgöttfritz <32509>;1348,125
2022;Gutenbrunn <32511>;488,25
2022;Kirchschlag <32514>;624,75
2022;Kottes-Purk <32515>;1444,5
2022;Langschlag <32516>;1715,25
2022;Martinsberg <32517>;1079,25
2022;Ottenschlag <32518>;1025,375
2022;Pölla <32520>;911,75
2022;Rappottenstein <32521>;1749,625
2022;Sallingberg <32522>;1267,625
2022;Schönbach <32523>;760,75
2022;Schwarzenau <32524>;1495,875
2022;Schweiggers <32525>;2042,625
2022;Waldhausen <32529>;1199,75
2022;Zwettl-Niederösterreich <32530>;10733
2023;Krems an der Donau <30101>;25360,25
2023;St. Pölten <30201>;58287,125
2023;Waidhofen an der Ybbs <30301>;11132
2023;Wiener Neustadt <30401>;48256,625
2023;Altenburg <31101>;838,5
2023;Brunn an der Wild <31102>;843,5
2023;Burgschleinitz-Kühnring <31103>;1315,25
2023;Drosendorf-Zissersdorf <31104>;1199,25
2023;Eggenburg <31105>;3524,375
2023;Gars am Kamp <31106>;3488,125
2023;Geras <31107>;1284,125
2023;Horn <31109>;6495,625
2023;Irnfritz-Messern <31110>;1435,125
2023;Japons <31111>;693,125
2023;Langau <31113>;693,625
2023;Meiseldorf <31114>;861,125
2023;Pernegg <31117>;681,625
2023;Röhrenbach <31119>;490,125
2023;Röschitz <31120>;1107,75
2023;Rosenburg-Mold <31121>;864,875
2023;St. Bernhard-Frauenhofen <31123>;1272,5
2023;Sigmundsherberg <31124>;1693,75
2023;Straning-Grafenberg <31130>;695,25
2023;Weitersfeld <31129>;1533,125
2023;Bisamberg <31201>;4870,625
2023;Enzersfeld im Weinviertel <31202>;1833,75
2023;Ernstbrunn <31203>;3313,625
2023;Gerasdorf bei Wien <31235>;11899
2023;Großmugl <31204>;1641,125
2023;Großrußbach <31205>;2266,25
2023;Hagenbrunn <31206>;2418,125
2023;Harmannsdorf <31207>;4100,25
2023;Hausleiten <31208>;3849,5
2023;Korneuburg <31213>;13676,5
2023;Langenzersdorf <31214>;8103,875
2023;Leitzersdorf <31215>;1163,625
2023;Leobendorf <31216>;5191,375
2023;Niederhollabrunn <31234>;1504,875
2023;Oberzögersdorf ^<31223>;-
2023;Rußbach <31224>;1392,875
2023;Sierndorf <31226>;3937,875
2023;Spillern <31227>;2554,875
2023;Stetteldorf am Wagram <31228>;1070,625
2023;Stetten <31229>;1362,625
2023;Stockerau <31230>;17019,125
2023;Würnitz ^<31233>;-
2023;Aggsbach <31301>;622,375
2023;Albrechtsberg an der Großen Krems <31302>;1002,75
2023;Bergern im Dunkelsteinerwald <31303>;1327,625
2023;Droß <31356>;1022,375
2023;Dürnstein <31304>;796,875
2023;Furth bei Göttweig <31309>;3041,875
2023;Gedersdorf <31310>;2151,375
2023;Gföhl <31311>;3814,75
2023;Grafenegg <31308>;3280,75
2023;Gut am Steg ^<31314>;-
2023;Hadersdorf-Kammern <31315>;1990
2023;Imbach ^<31318>;-
2023;Jaidhof <31319>;1258,25
2023;Krumau am Kamp <31321>;741,125
2023;Langenlois <31322>;7543,25
2023;Lengenfeld <31323>;1413,875
2023;Lichtenau im Waldviertel <31324>;2041,125
2023;Maria Laach am Jauerling <31326>;906,375
2023;Mautern an der Donau <31327>;3407,125
2023;Mühldorf <31330>;1243,5
2023;Paudorf <31333>;2690,875
2023;Rastenfeld <31336>;1593,25
2023;Rohrendorf bei Krems <31337>;2102,625
2023;Rossatz-Arnsdorf <31338>;1060,5
2023;St. Leonhard am Hornerwald <31340>;1117
2023;Schönberg am Kamp <31355>;1845,5
2023;Senftenberg <31343>;1914,125
2023;Spitz <31344>;1555,625
2023;Straß im Straßertale <31346>;1786,375
2023;Stratzing <31347>;882,5
2023;Weinzierl am Walde <31350>;1205,625
2023;Weißenkirchen in der Wachau <31351>;1393,75
2023;Annaberg <31401>;501,875
2023;Eschenau <31402>;1290,625
2023;Hainfeld <31403>;3833,375
2023;Hohenberg <31404>;1430,375
2023;Kaumberg <31405>;1068,625
2023;Kleinzell <31406>;876,375
2023;Lilienfeld <31407>;2619,375
2023;Mitterbach am Erlaufsee <31408>;473,5
2023;Ramsau <31409>;815,5
2023;Rohrbach an der Gölsen <31410>;1521,625
2023;St. Aegyd am Neuwalde <31411>;1791,125
2023;St. Veit an der Gölsen <31412>;3846,125
2023;Traisen <31413>;3421,875
2023;Türnitz <31414>;1879,625
2023;Artstetten-Pöbring <31502>;1263,625
2023;Bergland <31503>;1902
2023;Bischofstetten <31504>;1207,25
2023;Blindenmarkt <31505>;2768,75
2023;Dorfstetten <31506>;564,625
2023;Dunkelsteinerwald <31507>;2394,5
2023;Emmersdorf an der Donau <31553>;1782,625
2023;Erlauf <31508>;1121,5
2023;Golling an der Erlauf <31509>;1483,25
2023;Hofamt Priel <31511>;1707,5
2023;Hürm <31513>;1995,125
2023;Kilb <31514>;2589,375
2023;Kirnberg an der Mank <31515>;1112,125
2023;Klein-Pöchlarn <31516>;1086,25
2023;Krummnußbaum <31517>;1660,25
2023;Leiben <31519>;1339,75
2023;Loosdorf <31520>;3894,75
2023;Mank <31521>;3348,375
2023;Marbach an der Donau <31522>;1690,375
2023;Maria Taferl <31523>;965,125
2023;Melk <31524>;5626,75
2023;Münichreith-Laimbach <31525>;1646,75
2023;Neumarkt an der Ybbs <31527>;2092,125
2023;Nöchling <31528>;1026,25
2023;Persenbeug-Gottsdorf <31530>;2156,375
2023;Petzenkirchen <31531>;1568,875
2023;Pöchlarn <31533>;4028,875
2023;Pöggstall <31534>;2385,25
2023;Raxendorf <31535>;1027,75
2023;Ritzengrub ^<31536>;-
2023;Ruprechtshofen <31537>;2308,25
2023;St. Leonhard am Forst <31539>;3052,375
2023;St. Martin-Karlsbach <31540>;1632,875
2023;St. Oswald <31541>;1128
2023;Schollach <31543>;1066,875
2023;Schönbühel-Aggsbach <31542>;940,25
2023;Texingtal <31551>;1683,375
2023;Weiten <31546>;1100,875
2023;Ybbs an der Donau <31549>;5653,875
2023;Yspertal <31552>;2015,5
2023;Zelking-Matzleinsdorf <31550>;1222,375
2023;Altlichtenwarth <31601>;759,5
2023;Asparn an der Zaya <31603>;1915
2023;Bernhardsthal <31604>;1590,125
2023;Bockfließ <31605>;1275,25
2023;Drasenhofen <31606>;1132,25
2023;Falkenstein <31608>;551,75
2023;Fallbach <31609>;799,875
2023;Gartenbrunn ^<31657>;-
2023;Gaubitsch <31611>;907,875
2023;Gaweinstal <31612>;4130
2023;Gnadendorf <31613>;1185,625
2023;Großebersdorf <31614>;2312,25
2023;Großengersdorf <31615>;1536,75
2023;Großharras <31616>;1071,25
2023;Großkrut <31617>;1700,125
2023;Hausbrunn <31620>;889,625
2023;Herrnbaumgarten <31621>;951,25
2023;Hochleithen <31622>;1104
2023;Kreuttal <31627>;1480,125
2023;Kreuzstetten <31628>;1689,375
2023;Laa an der Thaya <31629>;6274,25
2023;Ladendorf <31630>;2334,375
2023;Mistelbach <31633>;12058,625
2023;Neudorf im Weinviertel <31634>;1380,625
2023;Niederleis <31636>;908,75
2023;Ottenthal <31658>;523,375
2023;Pillichsdorf <31642>;1261,625
2023;Poysdorf <31644>;5662,875
2023;Rabensburg <31645>;1072
2023;Schrattenberg <31646>;840,625
2023;Staatz <31649>;1920,625
2023;Stronsdorf <31650>;1569,25
2023;Ulrichskirchen-Schleinbach <31651>;2671,875
2023;Unterstinkenbrunn <31652>;559,5
2023;Wildendürnbach <31653>;1549
2023;Wilfersdorf <31654>;2085,875
2023;Wolkersdorf im Weinviertel <31655>;7445,375
2023;Achau <31701>;1640,625
2023;Biedermannsdorf <31702>;3161,125
2023;Breitenfurt bei Wien <31703>;6014,25
2023;Brunn am Gebirge <31704>;12246,125
2023;Gaaden <31706>;1592,875
2023;Gießhübl <31707>;2466,75
2023;Gumpoldskirchen <31709>;4032,625
2023;Guntramsdorf <31710>;9307,625
2023;Hennersdorf <31711>;1549,5
2023;Hinterbrühl <31712>;3930,25
2023;Kaltenleutgeben <31713>;3331,125
2023;Laab im Walde <31714>;1104,375
2023;Laxenburg <31715>;3073,625
2023;Maria Enzersdorf <31716>;8804,875
2023;Mödling <31717>;20619,25
2023;Münchendorf <31718>;3200,625
2023;Perchtoldsdorf <31719>;14927,125
2023;Vösendorf <31723>;7620
2023;Wiener Neudorf <31725>;9601,625
2023;Wienerwald <31726>;2926,75
2023;Altendorf <31801>;362,375
2023;Aspangberg-St. Peter <31803>;1894,875
2023;Aspang-Markt <31802>;1804,125
2023;Breitenau <31804>;1554,875
2023;Breitenstein <31805>;291,875
2023;Buchbach <31806>;354,625
2023;Bürg-Vöstenhof <31842>;157,625
2023;Edlitz <31807>;890,875
2023;Enzenreith <31808>;1961,375
2023;Feistritz am Wechsel <31809>;1029
2023;Gloggnitz <31810>;5856,625
2023;Grafenbach-St. Valentin <31811>;2310,875
2023;Grimmenstein <31812>;1305,75
2023;Grünbach am Schneeberg <31813>;1606,25
2023;Höflein an der Hohen Wand <31849>;900,25
2023;Kirchberg am Wechsel <31814>;2517,5
2023;Mönichkirchen <31815>;634,875
2023;Natschbach-Loipersbach <31817>;1738,625
2023;Neunkirchen <31818>;12873
2023;Otterthal <31820>;549,875
2023;Payerbach <31821>;2061,875
2023;Pitten <31823>;2906
2023;Pottschach ^<31824>;-
2023;Prigglitz <31825>;433,875
2023;Puchberg am Schneeberg <31826>;2727
2023;Raach am Hochgebirge <31827>;321,625
2023;Raglitz ^<31828>;-
2023;Reichenau an der Rax <31829>;2572,625
2023;St. Corona am Wechsel <31830>;384,375
2023;St. Egyden am Steinfeld <31831>;2205,25
2023;Scheiblingkirchen-Thernberg <31832>;1946,125
2023;Schottwien <31833>;667,25
2023;Schrattenbach <31834>;393,5
2023;Schwarzau am Steinfeld <31835>;2142,25
2023;Schwarzau im Gebirge <31836>;637,125
2023;Seebenstein <31837>;1502,125
2023;Semmering <31838>;620,5
2023;Ternitz <31839>;14722,5
2023;Thomasberg <31840>;1239,25
2023;Trattenbach <31841>;515
2023;Warth <31843>;1553,375
2023;Wartmannstetten <31844>;1602,75
2023;Willendorf <31845>;974,625
2023;Wimpassing im Schwarzatale <31846>;1631,5
2023;Würflach <31847>;1629,25
2023;Zöbern <31848>;1386
2023;Altlengbach <31901>;3203,75
2023;Asperhofen <31902>;2356,125
2023;Böheimkirchen <31903>;5174,625
2023;Brand-Laaben <31904>;1259,5
2023;Eichgraben <31905>;4767
2023;Frankenfels <31906>;1909,125
2023;Gablitz <31949>;5096,125
2023;Gerersdorf <31907>;1091,125
2023;Hafnerbach <31910>;1688,875
2023;Haunoldstein <31911>;1247
2023;Herzogenburg <31912>;7933,625
2023;Hofstetten-Grünau <31909>;2719,375
2023;Inzersdorf-Getzersdorf <31913>;1685,875
2023;Kapelln <31915>;1344
2023;Karlstetten <31916>;2244
2023;Kasten bei Böheimkirchen <31917>;1432,75
2023;Kirchberg an der Pielach <31918>;3164,875
2023;Kirchstetten <31919>;2276,625
2023;Loich <31920>;556,75
2023;Maria Anzbach <31921>;3281,5
2023;Markersdorf-Haindorf <31922>;2039,375
2023;Mauerbach <31950>;3605,25
2023;Michelbach <31923>;856,25
2023;Neidling <31925>;1509,625
2023;Neulengbach <31926>;8591,75
2023;Neustift-Innermanzing <31927>;1591,125
2023;Nußdorf ob der Traisen <31928>;1914,75
2023;Ober-Grafendorf <31929>;4841,5
2023;Obritzberg-Rust <31930>;2357,875
2023;Pressbaum <31951>;7886,625
2023;Prinzersdorf <31932>;1689
2023;Purkersdorf <31952>;9931,625
2023;Pyhra <31934>;3626,75
2023;Rabenstein an der Pielach <31935>;2493,875
2023;St. Margarethen an der Sierning <31938>;1048,375
2023;Schwarzenbach an der Pielach <31939>;351,5
2023;Statzendorf <31940>;1426,25
2023;Stössing <31941>;846
2023;Traismauer <31943>;6484,875
2023;Tullnerbach <31953>;2982
2023;Weinburg <31945>;1395,625
2023;Perschling <31946>;1529,875
2023;Wilhelmsburg <31947>;6452,25
2023;Wölbling <31948>;2480
2023;Wolfsgraben <31954>;1774,125
2023;Gaming <32001>;2920,25
2023;Göstling an der Ybbs <32002>;2021,625
2023;Gresten <32003>;1976,25
2023;Gresten-Land <32004>;1485,25
2023;Lunz am See <32005>;1767,5
2023;Oberndorf an der Melk <32006>;2983,25
2023;Puchenstuben <32007>;273,375
2023;Purgstall an der Erlauf <32008>;5348,75
2023;Randegg <32009>;1854,625
2023;Reinsberg <32010>;1060,625
2023;St. Anton an der Jeßnitz <32011>;1138,75
2023;St. Georgen an der Leys <32012>;1336,125
2023;Scheibbs <32013>;4215,625
2023;Steinakirchen am Forst <32014>;2317,375
2023;Wang <32015>;1372,375
2023;Wieselburg <32016>;4730,875
2023;Wieselburg-Land <32017>;3427,5
2023;Wolfpassing <32018>;1745,75
2023;Absdorf <32101>;2437,5
2023;Atzenbrugg <32104>;3420
2023;Fels am Wagram <32106>;2465,5
2023;Grafenwörth <32107>;3297,625
2023;Großriedenthal <32109>;972,125
2023;Großweikersdorf <32110>;3334,875
2023;Judenau-Baumgarten <32112>;2393,125
2023;Kirchberg am Wagram <32114>;3847,625
2023;Klosterneuburg <32144>;28080,25
2023;Königsbrunn am Wagram <32115>;1430,875
2023;Königstetten <32116>;2538,625
2023;Langenrohr <32119>;2567,5
2023;Michelhausen <32120>;4180,25
2023;Muckendorf-Wipfing <32143>;1695,875
2023;St. Andrä-Wördern <32142>;7951,25
2023;Sieghartskirchen <32131>;7879
2023;Sitzenberg-Reidling <32132>;2455,875
2023;Tulbing <32134>;3289,125
2023;Tulln an der Donau <32135>;17024,125
2023;Würmla <32139>;1616
2023;Zeiselmauer-Wolfpassing <32140>;2264,125
2023;Zwentendorf an der Donau <32141>;4185,5
2023;Dietmanns <32202>;1044,375
2023;Dobersberg <32203>;1553,375
2023;Gastern <32206>;1167,75
2023;Groß-Siegharts <32207>;2663,125
2023;Karlstein an der Thaya <32209>;1492,375
2023;Kautzen <32210>;1074,25
2023;Ludweis-Aigen <32212>;876,625
2023;Pfaffenschlag bei Waidhofen a.d.Thaya<32214>;928,625
2023;Raabs an der Thaya <32216>;2671,5
2023;Thaya <32217>;1449,25
2023;Vitis <32219>;2706,25
2023;Waidhofen an der Thaya <32220>;5215,125
2023;Waidhofen an der Thaya-Land <32221>;1290
2023;Waldkirchen an der Thaya <32222>;483,875
2023;Windigsteig <32223>;948,125
2023;Bad Erlach <32306>;3250,375
2023;Bad Fischau-Brunn <32301>;3541,375
2023;Bad Schönau <32302>;748,625
2023;Bromberg <32325>;1163,875
2023;Dreistetten ^<32303>;-
2023;Ebenfurth <32304>;3141,75
2023;Eggendorf <32305>;5051,5
2023;Felixdorf <32307>;4541,375
2023;Gutenstein <32308>;1275
2023;Hochneukirchen-Gschaidt <32309>;1634,125
2023;Hochwolkersdorf <32310>;985,625
2023;Hohe Wand <32311>;1465,5
2023;Hollenthon <32312>;994,625
2023;Katzelsdorf <32313>;3211,875
2023;Kirchschlag in der Buckligen Welt <32314>;2787,625
2023;Krumbach <32315>;2404,5
2023;Lanzenkirchen <32316>;4305,5
2023;Lichtenegg <32317>;1059,625
2023;Lichtenwörth <32318>;2935,375
2023;Markt Piesting <32319>;3132,5
2023;Matzendorf-Hölles <32320>;2133,25
2023;Miesenbach <32321>;644,75
2023;Muggendorf <32322>;508
2023;Pernitz <32323>;2496,625
2023;Rohr im Gebirge <32324>;426,375
2023;Schwarzenbach <32326>;934,5
2023;Sollenau <32327>;5454,625
2023;Theresienfeld <32330>;4197,375
2023;Waidmannsfeld <32331>;1523,875
2023;Waldegg <32332>;2011,375
2023;Walpersbach <32333>;1233,125
2023;Weikersdorf am Steinfelde <32334>;1101
2023;Wiesmath <32335>;1541,125
2023;Winzendorf-Muthmannsdorf <32336>;1868,125
2023;Wöllersdorf-Steinabrückl <32337>;5008,5
2023;Zillingdorf <32338>;2142,375
2023;Ebergassing ^<32401>;-
2023;Fischamend ^<32402>;-
2023;Gablitz ^<32403>;-
2023;Gerasdorf bei Wien ^<32404>;-
2023;Gramatneusiedl ^<32405>;-
2023;Himberg ^<32406>;-
2023;Klein-Neusiedl ^<32407>;-
2023;Klosterneuburg ^<32408>;-
2023;Lanzendorf ^<32409>;-
2023;Leopoldsdorf ^<32410>;-
2023;Maria-Lanzendorf ^<32411>;-
2023;Mauerbach ^<32412>;-
2023;Moosbrunn ^<32413>;-
2023;Pressbaum ^<32415>;-
2023;Purkersdorf ^<32416>;-
2023;Rauchenwarth ^<32417>;-
2023;Schwadorf ^<32418>;-
2023;Schwechat ^<32419>;-
2023;Tullnerbach ^<32421>;-
2023;Wienerherberg ^<32422>;-
2023;Wolfsgraben ^<32423>;-
2023;Zwölfaxing ^<32424>;-
2023;Allentsteig <32501>;1729
2023;Altmelon <32519>;862,375
2023;Arbesbach <32502>;1578,375
2023;Bad Traunstein <32528>;991,875
2023;Bärnkopf <32503>;347,75
2023;Echsenbach <32504>;1280,125
2023;Göpfritz an der Wild <32505>;1765,875
2023;Grafenschlag <32506>;842,5
2023;Groß Gerungs <32508>;4478,75
2023;Großgöttfritz <32509>;1326,5
2023;Gutenbrunn <32511>;498,5
2023;Kirchschlag <32514>;617,25
2023;Kottes-Purk <32515>;1448,875
2023;Langschlag <32516>;1709,125
2023;Martinsberg <32517>;1066
2023;Ottenschlag <32518>;1025,625
2023;Pölla <32520>;905,5
2023;Rappottenstein <32521>;1745,75
2023;Sallingberg <32522>;1266,375
2023;Schönbach <32523>;757,5
2023;Schwarzenau <32524>;1496
2023;Schweiggers <32525>;2042
2023;Waldhausen <32529>;1197,625
2023;Zwettl-Niederösterreich <32530>;10726
2024;Krems an der Donau <30101>;25370,75
2024;St. Pölten <30201>;59368,625
2024;Waidhofen an der Ybbs <30301>;11076,75
2024;Wiener Neustadt <30401>;48774,125
2024;Altenburg <31101>;825
2024;Brunn an der Wild <31102>;860,75
2024;Burgschleinitz-Kühnring <31103>;1307,5
2024;Drosendorf-Zissersdorf <31104>;1153,75
2024;Eggenburg <31105>;3507,375
2024;Gars am Kamp <31106>;3476,5
2024;Geras <31107>;1261,625
2024;Horn <31109>;6508,375
2024;Irnfritz-Messern <31110>;1419
2024;Japons <31111>;694,875
2024;Langau <31113>;682,5
2024;Meiseldorf <31114>;852,125
2024;Pernegg <31117>;684,875
2024;Röhrenbach <31119>;483,5
2024;Röschitz <31120>;1128,375
2024;Rosenburg-Mold <31121>;863
2024;St. Bernhard-Frauenhofen <31123>;1274,125
2024;Sigmundsherberg <31124>;1700,875
2024;Straning-Grafenberg <31130>;692,75
2024;Weitersfeld <31129>;1544,5
2024;Bisamberg <31201>;4880,25
2024;Enzersfeld im Weinviertel <31202>;1854,25
2024;Ernstbrunn <31203>;3315,5
2024;Gerasdorf bei Wien <31235>;12046,625
2024;Großmugl <31204>;1629,25
2024;Großrußbach <31205>;2297,625
2024;Hagenbrunn <31206>;2406,75
2024;Harmannsdorf <31207>;4122,625
2024;Hausleiten <31208>;3847,5
2024;Korneuburg <31213>;13737,25
2024;Langenzersdorf <31214>;8205,875
2024;Leitzersdorf <31215>;1153,25
2024;Leobendorf <31216>;5264,75
2024;Niederhollabrunn <31234>;1507,75
2024;Oberzögersdorf ^<31223>;-
2024;Rußbach <31224>;1390
2024;Sierndorf <31226>;3964,625
2024;Spillern <31227>;2630,75
2024;Stetteldorf am Wagram <31228>;1072,375
2024;Stetten <31229>;1378,375
2024;Stockerau <31230>;17082,875
2024;Würnitz ^<31233>;-
2024;Aggsbach <31301>;613,25
2024;Albrechtsberg an der Großen Krems <31302>;992,25
2024;Bergern im Dunkelsteinerwald <31303>;1308,625
2024;Droß <31356>;1030,875
2024;Dürnstein <31304>;809,375
2024;Furth bei Göttweig <31309>;3018,75
2024;Gedersdorf <31310>;2144,625
2024;Gföhl <31311>;3823,75
2024;Grafenegg <31308>;3309,625
2024;Gut am Steg ^<31314>;-
2024;Hadersdorf-Kammern <31315>;1985,5
2024;Imbach ^<31318>;-
2024;Jaidhof <31319>;1233,5
2024;Krumau am Kamp <31321>;724,5
2024;Langenlois <31322>;7487,125
2024;Lengenfeld <31323>;1402
2024;Lichtenau im Waldviertel <31324>;2030,125
2024;Maria Laach am Jauerling <31326>;893,375
2024;Mautern an der Donau <31327>;3397
2024;Mühldorf <31330>;1229,375
2024;Paudorf <31333>;2688,125
2024;Rastenfeld <31336>;1578,75
2024;Rohrendorf bei Krems <31337>;2114,5
2024;Rossatz-Arnsdorf <31338>;1040,75
2024;St. Leonhard am Hornerwald <31340>;1116,25
2024;Schönberg am Kamp <31355>;1851,375
2024;Senftenberg <31343>;1898,625
2024;Spitz <31344>;1536,375
2024;Straß im Straßertale <31346>;1773,5
2024;Stratzing <31347>;886,25
2024;Weinzierl am Walde <31350>;1204,625
2024;Weißenkirchen in der Wachau <31351>;1365,75
2024;Annaberg <31401>;487,25
2024;Eschenau <31402>;1296
2024;Hainfeld <31403>;3798,5
2024;Hohenberg <31404>;1404,5
2024;Kaumberg <31405>;1071
2024;Kleinzell <31406>;861,375
2024;Lilienfeld <31407>;2604,125
2024;Mitterbach am Erlaufsee <31408>;480,875
2024;Ramsau <31409>;801,75
2024;Rohrbach an der Gölsen <31410>;1527,25
2024;St. Aegyd am Neuwalde <31411>;1787
2024;St. Veit an der Gölsen <31412>;3848,75
2024;Traisen <31413>;3394,25
2024;Türnitz <31414>;1853,25
2024;Artstetten-Pöbring <31502>;1267,5
2024;Bergland <31503>;1893
2024;Bischofstetten <31504>;1199
2024;Blindenmarkt <31505>;2778,625
2024;Dorfstetten <31506>;559
2024;Dunkelsteinerwald <31507>;2410
2024;Emmersdorf an der Donau <31553>;1786
2024;Erlauf <31508>;1132
2024;Golling an der Erlauf <31509>;1476,875
2024;Hofamt Priel <31511>;1713,75
2024;Hürm <31513>;2003,75
2024;Kilb <31514>;2597,75
2024;Kirnberg an der Mank <31515>;1106,625
2024;Klein-Pöchlarn <31516>;1049,75
2024;Krummnußbaum <31517>;1701
2024;Leiben <31519>;1332
2024;Loosdorf <31520>;3894,25
2024;Mank <31521>;3342,5
2024;Marbach an der Donau <31522>;1693,125
2024;Maria Taferl <31523>;966,75
2024;Melk <31524>;5694,375
2024;Münichreith-Laimbach <31525>;1619
2024;Neumarkt an der Ybbs <31527>;2147,75
2024;Nöchling <31528>;1019,5
2024;Persenbeug-Gottsdorf <31530>;2159,25
2024;Petzenkirchen <31531>;1612,625
2024;Pöchlarn <31533>;3994,75
2024;Pöggstall <31534>;2385,75
2024;Raxendorf <31535>;1015,875
2024;Ritzengrub ^<31536>;-
2024;Ruprechtshofen <31537>;2339,75
2024;St. Leonhard am Forst <31539>;3069,25
2024;St. Martin-Karlsbach <31540>;1626,875
2024;St. Oswald <31541>;1133,875
2024;Schollach <31543>;1076,625
2024;Schönbühel-Aggsbach <31542>;942,875
2024;Texingtal <31551>;1673,25
2024;Weiten <31546>;1102,875
2024;Ybbs an der Donau <31549>;5646,25
2024;Yspertal <31552>;2001,125
2024;Zelking-Matzleinsdorf <31550>;1197,5
2024;Altlichtenwarth <31601>;752
2024;Asparn an der Zaya <31603>;1933,375
2024;Bernhardsthal <31604>;1581,25
2024;Bockfließ <31605>;1263,125
2024;Drasenhofen <31606>;1116,875
2024;Falkenstein <31608>;561,75
2024;Fallbach <31609>;803,25
2024;Gartenbrunn ^<31657>;-
2024;Gaubitsch <31611>;923,5
2024;Gaweinstal <31612>;4124,75
2024;Gnadendorf <31613>;1180,75
2024;Großebersdorf <31614>;2316,875
2024;Großengersdorf <31615>;1547,5
2024;Großharras <31616>;1069,25
2024;Großkrut <31617>;1693,125
2024;Hausbrunn <31620>;891,625
2024;Herrnbaumgarten <31621>;926,25
2024;Hochleithen <31622>;1105,375
2024;Kreuttal <31627>;1478
2024;Kreuzstetten <31628>;1687,125
2024;Laa an der Thaya <31629>;6284,125
2024;Ladendorf <31630>;2332,875
2024;Mistelbach <31633>;12049,75
2024;Neudorf im Weinviertel <31634>;1350,125
2024;Niederleis <31636>;923
2024;Ottenthal <31658>;526,625
2024;Pillichsdorf <31642>;1244,875
2024;Poysdorf <31644>;5636,5
2024;Rabensburg <31645>;1062,625
2024;Schrattenberg <31646>;841,625
2024;Staatz <31649>;1928,375
2024;Stronsdorf <31650>;1549,25
2024;Ulrichskirchen-Schleinbach <31651>;2666,875
2024;Unterstinkenbrunn <31652>;562,125
2024;Wildendürnbach <31653>;1531,125
2024;Wilfersdorf <31654>;2077
2024;Wolkersdorf im Weinviertel <31655>;7522
2024;Achau <31701>;1711,5
2024;Biedermannsdorf <31702>;3149,625
2024;Breitenfurt bei Wien <31703>;5994,5
2024;Brunn am Gebirge <31704>;12312,125
2024;Gaaden <31706>;1593,125
2024;Gießhübl <31707>;2461,875
2024;Gumpoldskirchen <31709>;4036
2024;Guntramsdorf <31710>;9380,75
2024;Hennersdorf <31711>;1535,5
2024;Hinterbrühl <31712>;3899,75
2024;Kaltenleutgeben <31713>;3292,625
2024;Laab im Walde <31714>;1110
2024;Laxenburg <31715>;3060,875
2024;Maria Enzersdorf <31716>;8803,375
2024;Mödling <31717>;20642
2024;Münchendorf <31718>;3235,375
2024;Perchtoldsdorf <31719>;14918,875
2024;Vösendorf <31723>;7684
2024;Wiener Neudorf <31725>;9626,625
2024;Wienerwald <31726>;2923,125
2024;Altendorf <31801>;358,875
2024;Aspangberg-St. Peter <31803>;1864,875
2024;Aspang-Markt <31802>;1816,5
2024;Breitenau <31804>;1552,875
2024;Breitenstein <31805>;277,125
2024;Buchbach <31806>;355,25
2024;Bürg-Vöstenhof <31842>;160,5
2024;Edlitz <31807>;901,5
2024;Enzenreith <31808>;1946,375
2024;Feistritz am Wechsel <31809>;1030,75
2024;Gloggnitz <31810>;5832,25
2024;Grafenbach-St. Valentin <31811>;2340,625
2024;Grimmenstein <31812>;1323,375
2024;Grünbach am Schneeberg <31813>;1627,25
2024;Höflein an der Hohen Wand <31849>;894,25
2024;Kirchberg am Wechsel <31814>;2534,375
2024;Mönichkirchen <31815>;633,75
2024;Natschbach-Loipersbach <31817>;1745,75
2024;Neunkirchen <31818>;12899,75
2024;Otterthal <31820>;537,5
2024;Payerbach <31821>;2078
2024;Pitten <31823>;2949,875
2024;Pottschach ^<31824>;-
2024;Prigglitz <31825>;434,125
2024;Puchberg am Schneeberg <31826>;2720,25
2024;Raach am Hochgebirge <31827>;325,875
2024;Raglitz ^<31828>;-
2024;Reichenau an der Rax <31829>;2505,375
2024;St. Corona am Wechsel <31830>;393,125
2024;St. Egyden am Steinfeld <31831>;2251,75
2024;Scheiblingkirchen-Thernberg <31832>;1944,125
2024;Schottwien <31833>;657,375
2024;Schrattenbach <31834>;388,75
2024;Schwarzau am Steinfeld <31835>;2158
2024;Schwarzau im Gebirge <31836>;626,125
2024;Seebenstein <31837>;1493,25
2024;Semmering <31838>;611
2024;Ternitz <31839>;14704,5
2024;Thomasberg <31840>;1232,5
2024;Trattenbach <31841>;516,375
2024;Warth <31843>;1561,125
2024;Wartmannstetten <31844>;1606,5
2024;Willendorf <31845>;981,875
2024;Wimpassing im Schwarzatale <31846>;1622,625
2024;Würflach <31847>;1644,125
2024;Zöbern <31848>;1370,5
2024;Altlengbach <31901>;3235,75
2024;Asperhofen <31902>;2358,375
2024;Böheimkirchen <31903>;5282,125
2024;Brand-Laaben <31904>;1260,75
2024;Eichgraben <31905>;4795,125
2024;Frankenfels <31906>;1884,25
2024;Gablitz <31949>;5143,875
2024;Gerersdorf <31907>;1092
2024;Hafnerbach <31910>;1659
2024;Haunoldstein <31911>;1263,875
2024;Herzogenburg <31912>;7981,875
2024;Hofstetten-Grünau <31909>;2701,375
2024;Inzersdorf-Getzersdorf <31913>;1685,5
2024;Kapelln <31915>;1348,625
2024;Karlstetten <31916>;2228,75
2024;Kasten bei Böheimkirchen <31917>;1438,125
2024;Kirchberg an der Pielach <31918>;3144,125
2024;Kirchstetten <31919>;2286,875
2024;Loich <31920>;546,125
2024;Maria Anzbach <31921>;3253,75
2024;Markersdorf-Haindorf <31922>;2063,75
2024;Mauerbach <31950>;3629,625
2024;Michelbach <31923>;851
2024;Neidling <31925>;1535,625
2024;Neulengbach <31926>;8692
2024;Neustift-Innermanzing <31927>;1568,875
2024;Nußdorf ob der Traisen <31928>;1910,75
2024;Ober-Grafendorf <31929>;4963,75
2024;Obritzberg-Rust <31930>;2356,625
2024;Pressbaum <31951>;7901,25
2024;Prinzersdorf <31932>;1732,875
2024;Purkersdorf <31952>;9981,875
2024;Pyhra <31934>;3597,75
2024;Rabenstein an der Pielach <31935>;2484,875
2024;St. Margarethen an der Sierning <31938>;1043,875
2024;Schwarzenbach an der Pielach <31939>;344,625
2024;Statzendorf <31940>;1407,25
2024;Stössing <31941>;849
2024;Traismauer <31943>;6514,75
2024;Tullnerbach <31953>;2951,375
2024;Weinburg <31945>;1405,25
2024;Perschling <31946>;1566,75
2024;Wilhelmsburg <31947>;6498,5
2024;Wölbling <31948>;2444,625
2024;Wolfsgraben <31954>;1787,375
2024;Gaming <32001>;2892,75
2024;Göstling an der Ybbs <32002>;2037,875
2024;Gresten <32003>;1990
2024;Gresten-Land <32004>;1492,125
2024;Lunz am See <32005>;1769,25
2024;Oberndorf an der Melk <32006>;3002
2024;Puchenstuben <32007>;268,625
2024;Purgstall an der Erlauf <32008>;5368,625
2024;Randegg <32009>;1830,625
2024;Reinsberg <32010>;1052
2024;St. Anton an der Jeßnitz <32011>;1137
2024;St. Georgen an der Leys <32012>;1321,75
2024;Scheibbs <32013>;4202,75
2024;Steinakirchen am Forst <32014>;2304
2024;Wang <32015>;1363,875
2024;Wieselburg <32016>;4821,625
2024;Wieselburg-Land <32017>;3397,375
2024;Wolfpassing <32018>;1763,375
2024;Absdorf <32101>;2472
2024;Atzenbrugg <32104>;3483,75
2024;Fels am Wagram <32106>;2517
2024;Grafenwörth <32107>;3317,625
2024;Großriedenthal <32109>;969,125
2024;Großweikersdorf <32110>;3370,5
2024;Judenau-Baumgarten <32112>;2410
2024;Kirchberg am Wagram <32114>;3834,5
2024;Klosterneuburg <32144>;28160,875
2024;Königsbrunn am Wagram <32115>;1440,5
2024;Königstetten <32116>;2528,375
2024;Langenrohr <32119>;2566,5
2024;Michelhausen <32120>;4260,125
2024;Muckendorf-Wipfing <32143>;1687,375
2024;St. Andrä-Wördern <32142>;7961,625
2024;Sieghartskirchen <32131>;7851,25
2024;Sitzenberg-Reidling <32132>;2456,125
2024;Tulbing <32134>;3311,75
2024;Tulln an der Donau <32135>;17001
2024;Würmla <32139>;1638,875
2024;Zeiselmauer-Wolfpassing <32140>;2289,875
2024;Zwentendorf an der Donau <32141>;4201,125
2024;Dietmanns <32202>;1036,625
2024;Dobersberg <32203>;1542,125
2024;Gastern <32206>;1160,875
2024;Groß-Siegharts <32207>;2633,125
2024;Karlstein an der Thaya <32209>;1464,5
2024;Kautzen <32210>;1068,75
2024;Ludweis-Aigen <32212>;876,875
2024;Pfaffenschlag bei Waidhofen a.d.Thaya<32214>;913
2024;Raabs an der Thaya <32216>;2620,875
2024;Thaya <32217>;1471,5
2024;Vitis <32219>;2690,125
2024;Waidhofen an der Thaya <32220>;5224,5
2024;Waidhofen an der Thaya-Land <32221>;1292,125
2024;Waldkirchen an der Thaya <32222>;484,75
2024;Windigsteig <32223>;956,75
2024;Bad Erlach <32306>;3283,875
2024;Bad Fischau-Brunn <32301>;3531,125
2024;Bad Schönau <32302>;744,625
2024;Bromberg <32325>;1161,5
2024;Dreistetten ^<32303>;-
2024;Ebenfurth <32304>;3205,625
2024;Eggendorf <32305>;5057,25
2024;Felixdorf <32307>;4581,75
2024;Gutenstein <32308>;1260,5
2024;Hochneukirchen-Gschaidt <32309>;1649,375
2024;Hochwolkersdorf <32310>;981
2024;Hohe Wand <32311>;1470,625
2024;Hollenthon <32312>;1004
2024;Katzelsdorf <32313>;3192,25
2024;Kirchschlag in der Buckligen Welt <32314>;2772,875
2024;Krumbach <32315>;2390,75
2024;Lanzenkirchen <32316>;4413,75
2024;Lichtenegg <32317>;1058,75
2024;Lichtenwörth <32318>;2950,625
2024;Markt Piesting <32319>;3121,625
2024;Matzendorf-Hölles <32320>;2148,625
2024;Miesenbach <32321>;644,5
2024;Muggendorf <32322>;504,625
2024;Pernitz <32323>;2540
2024;Rohr im Gebirge <32324>;424
2024;Schwarzenbach <32326>;945,875
2024;Sollenau <32327>;5453,75
2024;Theresienfeld <32330>;4233,5
2024;Waidmannsfeld <32331>;1483,875
2024;Waldegg <32332>;1996,375
2024;Walpersbach <32333>;1231,875
2024;Weikersdorf am Steinfelde <32334>;1112,25
2024;Wiesmath <32335>;1543,25
2024;Winzendorf-Muthmannsdorf <32336>;1879,25
2024;Wöllersdorf-Steinabrückl <32337>;5046,5
2024;Zillingdorf <32338>;2108
2024;Ebergassing ^<32401>;-
2024;Fischamend ^<32402>;-
2024;Gablitz ^<32403>;-
2024;Gerasdorf bei Wien ^<32404>;-
2024;Gramatneusiedl ^<32405>;-
2024;Himberg ^<32406>;-
2024;Klein-Neusiedl ^<32407>;-
2024;Klosterneuburg ^<32408>;-
2024;Lanzendorf ^<32409>;-
2024;Leopoldsdorf ^<32410>;-
2024;Maria-Lanzendorf ^<32411>;-
2024;Mauerbach ^<32412>;-
2024;Moosbrunn ^<32413>;-
2024;Pressbaum ^<32415>;-
2024;Purkersdorf ^<32416>;-
2024;Rauchenwarth ^<32417>;-
2024;Schwadorf ^<32418>;-
2024;Schwechat ^<32419>;-
2024;Tullnerbach ^<32421>;-
2024;Wienerherberg ^<32422>;-
2024;Wolfsgraben ^<32423>;-
2024;Zwölfaxing ^<32424>;-
2024;Allentsteig <32501>;1732,625
2024;Altmelon <32519>;850,625
2024;Arbesbach <32502>;1574,75
2024;Bad Traunstein <32528>;981,875
2024;Bärnkopf <32503>;333,75
2024;Echsenbach <32504>;1261,25
2024;Göpfritz an der Wild <32505>;1748,875
2024;Grafenschlag <32506>;838,625
2024;Groß Gerungs <32508>;4466,625
2024;Großgöttfritz <32509>;1317,25
2024;Gutenbrunn <32511>;507
2024;Kirchschlag <32514>;619,75
2024;Kottes-Purk <32515>;1440,625
2024;Langschlag <32516>;1715,375
2024;Martinsberg <32517>;1057,375
2024;Ottenschlag <32518>;1015,125
2024;Pölla <32520>;903,375
2024;Rappottenstein <32521>;1736,75
2024;Sallingberg <32522>;1271,625
2024;Schönbach <32523>;747
2024;Schwarzenau <32524>;1479,375
2024;Schweiggers <32525>;2031,375
2024;Waldhausen <32529>;1187,75
2024;Zwettl-Niederösterreich <32530>;10783,375
