jahr;gemnr;n
2002;Linz <40101>;183286,375
2002;Steyr <40201>;39263
2002;Wels <40301>;57104,875
2002;Alkoven <40501>;5223,75
2002;Aschach an der Donau <40502>;2132,75
2002;Eferding <40503>;3384,25
2002;Fraham <40504>;2002,25
2002;Haibach ob der Donau <40505>;1295
2002;Hartkirchen <40506>;4172,625
2002;Hinzenbach <40507>;1979
2002;Prambachkirchen <40508>;2783,125
2002;Pupping <40509>;1827,25
2002;St. Marienkirchen an der Polsenz <40510>;2219,625
2002;Scharten <40511>;2114,25
2002;Stroheim <40512>;1564,375
2002;Bad Zell <40627>;2721,375
2002;Freistadt <40601>;7457
2002;Grünbach <40602>;1830,625
2002;Gutau <40603>;2638,375
2002;Hagenberg im Mühlkreis <40604>;2539,75
2002;Hirschbach im Mühlkreis <40605>;1178,75
2002;Kaltenberg <40606>;652,125
2002;Kefermarkt <40607>;2068,5
2002;Königswiesen <40608>;3146,5
2002;Lasberg <40609>;2762,5
2002;Leopoldschlag <40610>;1068,75
2002;Liebenau <40611>;1822,5
2002;Neumarkt im Mühlkreis <40612>;3061,25
2002;Pierbach <40613>;965,5
2002;Pregarten <40614>;4822,5
2002;Rainbach im Mühlkreis <40615>;2916,125
2002;Sandl <40616>;1516,5
2002;St. Leonhard bei Freistadt <40617>;1463,125
2002;St. Oswald bei Freistadt <40618>;2689,5
2002;Schönau im Mühlkreis <40619>;1822,625
2002;Tragwein <40620>;2993,625
2002;Unterweißenbach <40621>;2291,25
2002;Unterweitersdorf <40622>;1724,625
2002;Waldburg <40623>;1357,125
2002;Wartberg ob der Aist <40624>;3803,5
2002;Weitersfelden <40625>;1115,875
2002;Windhaag bei Freistadt <40626>;1722,75
2002;Altmünster <40701>;9470,25
2002;Bad Goisern am Hallstättersee <40702>;7597,625
2002;Bad Ischl <40703>;14118,25
2002;Ebensee am Traunsee <40704>;8335,5
2002;Gmunden <40705>;13136,625
2002;Gosau <40706>;1927,875
2002;Grünau im Almtal <40707>;2103,25
2002;Gschwandt <40708>;2461,5
2002;Hallstatt <40709>;932,875
2002;Kirchham <40710>;1916
2002;Laakirchen <40711>;9224,625
2002;Obertraun <40712>;757,125
2002;Ohlsdorf <40713>;4584,125
2002;Pinsdorf <40714>;3456
2002;Roitham am Traunfall <40715>;2008,75
2002;St. Konrad <40716>;1031
2002;St. Wolfgang im Salzkammergut <40717>;2792,25
2002;Scharnstein <40719>;4567,75
2002;Traunkirchen <40718>;1751,25
2002;Vorchdorf <40720>;7256,25
2002;Aistersheim <40801>;786,375
2002;Bad Schallerbach <40802>;3320,5
2002;Bruck-Waasen ^<40803>;2299,75
2002;Eschenau im Hausruckkreis <40804>;1164
2002;Gallspach <40805>;2549,625
2002;Gaspoltshofen <40806>;3588,625
2002;Geboltskirchen <40807>;1412,125
2002;Grieskirchen <40808>;4745,375
2002;Haag am Hausruck <40809>;2075,875
2002;Heiligenberg <40810>;708,375
2002;Hofkirchen an der Trattnach <40811>;1500,75
2002;Kallham <40812>;2532,875
2002;Kematen am Innbach <40813>;1301,5
2002;Meggenhofen <40814>;1253,625
2002;Michaelnbach <40815>;1234,625
2002;Natternbach <40816>;2325
2002;Neukirchen am Walde <40817>;1679,375
2002;Neumarkt im Hausruckkreis <40818>;1460,25
2002;Peuerbach ^<40819>;2200,5
2002;Peuerbach <40835>;-
2002;Pollham <40821>;915,625
2002;Pötting <40820>;536,25
2002;Pram <40822>;1819,5
2002;Rottenbach <40823>;1034,875
2002;St. Agatha <40824>;2138,5
2002;St. Georgen bei Grieskirchen <40825>;1017
2002;St. Thomas <40826>;455,875
2002;Schlüßlberg <40827>;2969,125
2002;Steegen <40828>;1111,25
2002;Taufkirchen an der Trattnach <40829>;2092
2002;Tollet <40830>;873,625
2002;Waizenkirchen <40831>;3673,75
2002;Wallern an der Trattnach <40832>;2906
2002;Weibern <40833>;1577,75
2002;Wendling <40834>;828,625
2002;Edlbach <40901>;663,75
2002;Grünburg <40902>;3869
2002;Hinterstoder <40903>;1004,625
2002;Inzersdorf im Kremstal <40904>;1797,625
2002;Kirchdorf an der Krems <40905>;4073,625
2002;Klaus an der Pyhrnbahn <40906>;1167,375
2002;Kremsmünster <40907>;6454,875
2002;Micheldorf in Oberösterreich <40908>;5743,625
2002;Molln <40909>;3754,75
2002;Nußbach <40910>;2256,25
2002;Oberschlierbach <40911>;460,125
2002;Pettenbach <40912>;4734,75
2002;Ried im Traunkreis <40913>;2432,875
2002;Rosenau am Hengstpaß <40914>;750,5
2002;Roßleithen <40915>;1826,125
2002;St. Pankraz <40916>;379,625
2002;Schlierbach <40917>;2770,625
2002;Spital am Pyhrn <40918>;2271,625
2002;Steinbach am Ziehberg <40919>;839,25
2002;Steinbach an der Steyr <40920>;2047,125
2002;Vorderstoder <40921>;774,375
2002;Wartberg an der Krems <40922>;2991,375
2002;Windischgarsten <40923>;2340,5
2002;Allhaming <41001>;1027,75
2002;Ansfelden <41002>;15026,25
2002;Asten <41003>;6136,25
2002;Eggendorf im Traunkreis <41004>;689,5
2002;Enns <41005>;10710,125
2002;Hargelsberg <41006>;1096,875
2002;Hofkirchen im Traunkreis <41008>;1412,625
2002;Hörsching <41007>;5344,625
2002;Kematen an der Krems <41009>;2178,25
2002;Kirchberg-Thening <41010>;2125,75
2002;Kronstorf <41011>;3033,5
2002;Leonding <41012>;22336,625
2002;Neuhofen an der Krems <41014>;5458,75
2002;Niederneukirchen <41015>;1777,5
2002;Oftering <41016>;1810,75
2002;Pasching <41017>;6159,5
2002;Piberbach <41018>;1687,125
2002;Pucking <41019>;3490,625
2002;St. Florian <41013>;5589,25
2002;St. Marien <41020>;4202,75
2002;Traun <41021>;23626
2002;Wilhering <41022>;5284,5
2002;Allerheiligen im Mühlkreis <41101>;1098,875
2002;Arbing <41102>;1291
2002;Bad Kreuzen <41108>;2208,625
2002;Baumgartenberg <41103>;1433,625
2002;Dimbach <41104>;1116,875
2002;Grein <41105>;3095,5
2002;Katsdorf <41106>;2748,75
2002;Klam <41107>;793,125
2002;Langenstein <41109>;2690,375
2002;Luftenberg an der Donau <41110>;3696,375
2002;Mauthausen <41111>;4863,25
2002;Mitterkirchen im Machland <41112>;1791,75
2002;Münzbach <41113>;1712,625
2002;Naarn im Machlande <41114>;3404,5
2002;Pabneukirchen <41115>;1714,375
2002;Perg <41116>;7255,125
2002;Rechberg <41117>;877,875
2002;Ried in der Riedmark <41118>;3781
2002;St. Georgen am Walde <41119>;2196,125
2002;St. Georgen an der Gusen <41120>;3567
2002;St. Nikola an der Donau <41121>;861,875
2002;St. Thomas am Blasenstein <41122>;875,125
2002;Saxen <41123>;1771,125
2002;Schwertberg <41124>;5207,25
2002;Waldhausen im Strudengau <41125>;2915,625
2002;Windhaag bei Perg <41126>;1320,75
2002;Andrichsfurt <41201>;733,625
2002;Antiesenhofen <41202>;1122,625
2002;Aurolzmünster <41203>;2868,875
2002;Eberschwang <41204>;3396,625
2002;Eitzing <41205>;689
2002;Geiersberg <41206>;533,5
2002;Geinberg <41207>;1329,625
2002;Gurten <41208>;1191,75
2002;Hohenzell <41209>;2010,625
2002;Kirchdorf am Inn <41210>;628,75
2002;Kirchheim im Innkreis <41211>;692,875
2002;Lambrechten <41212>;1330,25
2002;Lohnsburg am Kobernaußerwald <41213>;2333,25
2002;Mehrnbach <41214>;2330,625
2002;Mettmach <41215>;2535,875
2002;Mörschwang <41216>;300,625
2002;Mühlheim am Inn <41217>;651,625
2002;Neuhofen im Innkreis <41218>;2135,125
2002;Obernberg am Inn <41219>;1669
2002;Ort im Innkreis <41220>;1187,875
2002;Pattigham <41221>;812,125
2002;Peterskirchen <41222>;707
2002;Pramet <41223>;1000
2002;Reichersberg <41224>;1410,75
2002;Ried im Innkreis <41225>;11420,5
2002;St. Georgen bei Obernberg am Inn <41226>;608,875
2002;St. Marienkirchen am Hausruck <41227>;746,375
2002;St. Martin im Innkreis <41228>;1688,625
2002;Schildorn <41229>;1069,75
2002;Senftenbach <41230>;718,875
2002;Taiskirchen im Innkreis <41231>;2390,625
2002;Tumeltsham <41232>;1391,625
2002;Utzenaich <41233>;1524,625
2002;Waldzell <41234>;2104,25
2002;Weilbach <41235>;591,75
2002;Wippenham <41236>;553,5
2002;Afiesl ^<41301>;420,75
2002;Ahorn ^<41302>;490,125
2002;Aigen im Mühlkreis ^<41303>;1898,25
2002;Aigen-Schlägl <41343>;-
2002;Altenfelden <41304>;2240,75
2002;Arnreit <41305>;1080,875
2002;Atzesberg <41306>;492,375
2002;Auberg <41307>;529,875
2002;Berg bei Rohrbach ^<41308>;2698,25
2002;Haslach an der Mühl <41309>;2576,5
2002;Helfenberg ^<41310>;1038,75
2002;Helfenberg <41345>;-
2002;Hofkirchen im Mühlkreis <41312>;1447,125
2002;Hörbich <41311>;426,875
2002;Julbach <41313>;1641
2002;Kirchberg ob der Donau <41314>;1143,625
2002;Klaffer am Hochficht <41315>;1337,25
2002;Kleinzell im Mühlkreis <41316>;1395,75
2002;Kollerschlag <41317>;1527,5
2002;Lembach im Mühlkreis <41318>;1545,375
2002;Lichtenau im Mühlkreis <41319>;572,625
2002;Nebelberg <41320>;640,125
2002;Neufelden <41321>;1299,875
2002;Neustift im Mühlkreis <41329>;1478,125
2002;Niederkappel <41322>;1019,625
2002;Niederwaldkirchen <41323>;1775,375
2002;Oberkappel <41324>;733,75
2002;Oepping <41325>;1641,125
2002;Peilstein im Mühlviertel <41326>;1651,875
2002;Pfarrkirchen im Mühlkreis <41327>;1527,125
2002;Putzleinsdorf <41328>;1571,75
2002;Rohrbach in Oberösterreich ^<41330>;2345,5
2002;Rohrbach-Berg <41344>;-
2002;St. Johann am Wimberg <41331>;998,375
2002;St. Martin im Mühlkreis <41332>;3564,5
2002;St. Oswald bei Haslach <41333>;567,125
2002;St. Peter am Wimberg <41334>;1776,5
2002;St. Stefan-Afiesl <41346>;-
2002;St. Ulrich im Mühlkreis <41336>;608,5
2002;St. Veit im Mühlkreis <41337>;1140,875
2002;Sankt Stefan am Walde ^<41335>;836,25
2002;Sarleinsbach <41338>;2350
2002;Schlägl ^<41339>;1401,75
2002;Schönegg ^<41340>;550,625
2002;Schwarzenberg am Böhmerwald <41341>;697,375
2002;Ulrichsberg <41342>;3008,625
2002;Altschwendt <41401>;680,875
2002;Andorf <41402>;4869,125
2002;Brunnenthal <41403>;1954,375
2002;Diersbach <41404>;1682,625
2002;Dorf an der Pram <41405>;1009,875
2002;Eggerding <41406>;1311,875
2002;Engelhartszell <41407>;1143,75
2002;Enzenkirchen <41408>;1765,625
2002;Esternberg <41409>;2805
2002;Freinberg <41410>;1464,375
2002;Kopfing im Innkreis <41411>;2043,75
2002;Mayrhof <41412>;263
2002;Münzkirchen <41413>;2549,75
2002;Raab <41414>;2299,875
2002;Rainbach im Innkreis <41415>;1512,625
2002;Riedau <41416>;1991,625
2002;St. Aegidi <41417>;1637,875
2002;St. Florian am Inn <41418>;3015,375
2002;St. Marienkirchen bei Schärding <41419>;1835,5
2002;St. Roman <41420>;1802,75
2002;St. Willibald <41421>;1129,625
2002;Schardenberg <41423>;2318,75
2002;Schärding <41422>;5076,5
2002;Sigharting <41424>;829,875
2002;Suben <41425>;1361,5
2002;Taufkirchen an der Pram <41426>;2912,5
2002;Vichtenstein <41427>;718,125
2002;Waldkirchen am Wesen <41428>;1310,125
2002;Wernstein am Inn <41429>;1643,125
2002;Zell an der Pram <41430>;2012,125
2002;Adlwang <41501>;1585,75
2002;Aschach an der Steyr <41502>;2150,125
2002;Bad Hall <41503>;4692,25
2002;Dietach <41504>;2499,125
2002;Gaflenz <41505>;1828,75
2002;Garsten <41506>;6481,625
2002;Großraming <41507>;2769,25
2002;Laussa <41508>;1361,375
2002;Losenstein <41509>;1731,5
2002;Maria Neustift <41510>;1653,25
2002;Pfarrkirchen bei Bad Hall <41511>;2067,625
2002;Reichraming <41512>;1890,375
2002;Rohr im Kremstal <41513>;1149,625
2002;St. Ulrich bei Steyr <41514>;2982,125
2002;Schiedlberg <41515>;1238,25
2002;Sierning <41516>;8600,75
2002;Ternberg <41517>;3290,875
2002;Waldneukirchen <41518>;2226
2002;Weyer <41522>;-
2002;Weyer Land ^<41519>;2376,5
2002;Weyer Markt ^<41520>;2311,375
2002;Wolfern <41521>;2823,25
2002;Alberndorf in der Riedmark <41601>;3582,25
2002;Altenberg bei Linz <41602>;4122,875
2002;Bad Leonfelden <41603>;3913,25
2002;Eidenberg <41604>;1852,375
2002;Engerwitzdorf <41605>;7616,625
2002;Feldkirchen an der Donau <41606>;5112,125
2002;Gallneukirchen <41607>;6060
2002;Goldwörth <41608>;886,25
2002;Gramastetten <41609>;4568,625
2002;Haibach im Mühlkreis <41610>;807,25
2002;Hellmonsödt <41611>;2087,375
2002;Herzogsdorf <41612>;2364,5
2002;Kirchschlag bei Linz <41613>;1881,5
2002;Lichtenberg <41614>;2385,625
2002;Oberneukirchen <41615>;3042,625
2002;Ottenschlag im Mühlkreis <41616>;475,125
2002;Ottensheim <41617>;4345
2002;Puchenau <41618>;4626,625
2002;Reichenau im Mühlkreis <41619>;1159,625
2002;Reichenthal <41620>;1397,875
2002;St. Gotthard im Mühlkreis <41621>;1308,125
2002;Schenkenfelden <41622>;1503,25
2002;Sonnberg im Mühlkreis <41623>;787,125
2002;Steyregg <41624>;4792,75
2002;Vorderweißenbach ^<41625>;2091
2002;Vorderweißenbach <41628>;-
2002;Walding <41626>;3803,125
2002;Zwettl an der Rodl <41627>;1773,125
2002;Ampflwang im Hausruckwald <41701>;3586,75
2002;Attersee am Attersee <41702>;1504,5
2002;Attnang-Puchheim <41703>;8818,875
2002;Atzbach <41704>;1159
2002;Aurach am Hongar <41705>;1560
2002;Berg im Attergau <41706>;1005,875
2002;Desselbrunn <41707>;1541,375
2002;Fornach <41708>;877,875
2002;Frankenburg am Hausruck <41709>;5061,125
2002;Frankenmarkt <41710>;3526,25
2002;Gampern <41711>;2512,625
2002;Innerschwand am Mondsee <41712>;1038,125
2002;Lenzing an der Ager <41713>;5030,625
2002;Manning <41714>;831,625
2002;Mondsee <41715>;3204,5
2002;Neukirchen an der Vöckla <41716>;2521,375
2002;Niederthalheim <41717>;1049,25
2002;Nußdorf am Attersee <41718>;1084,25
2002;Oberhofen am Irrsee <41719>;1331,875
2002;Oberndorf bei Schwanenstadt <41720>;1366,75
2002;Oberwang <41721>;1573,125
2002;Ottnang am Hausruck <41722>;3786,875
2002;Pfaffing <41723>;1360
2002;Pilsbach <41724>;620,5
2002;Pitzenberg <41725>;496,375
2002;Pöndorf <41726>;2242,125
2002;Puchkirchen am Trattberg <41727>;925,375
2002;Pühret <41728>;574,625
2002;Redleiten <41729>;462,5
2002;Redlham <41730>;1326,625
2002;Regau <41731>;5567,375
2002;Rüstorf <41732>;1960,375
2002;Rutzenham <41733>;232,125
2002;St. Georgen im Attergau <41734>;4021,25
2002;St. Lorenz <41735>;1979,875
2002;Schlatt <41736>;1337,125
2002;Schörfling am Attersee <41737>;3133,75
2002;Schwanenstadt <41738>;4122,75
2002;Seewalchen am Attersee <41739>;4836,5
2002;Steinbach am Attersee <41740>;824,125
2002;Straß im Attergau <41741>;1509,125
2002;Tiefgraben <41742>;3153,5
2002;Timelkam <41743>;5909,5
2002;Ungenach <41744>;1321,625
2002;Unterach am Attersee <41745>;1471,875
2002;Vöcklabruck <41746>;11652,75
2002;Vöcklamarkt <41747>;4813,375
2002;Weißenkirchen im Attergau <41748>;960,375
2002;Weyregg am Attersee <41749>;1479
2002;Wolfsegg am Hausruck <41750>;1944,125
2002;Zell am Moos <41751>;1413,75
2002;Zell am Pettenfirst <41752>;1206,625
2002;Aichkirchen <41801>;501,75
2002;Bachmanning <41802>;627,125
2002;Bad Wimsbach-Neydharting <41803>;2367,25
2002;Buchkirchen <41804>;3675,75
2002;Eberstalzell <41805>;2202,875
2002;Edt bei Lambach <41806>;2079,75
2002;Fischlham <41807>;1244,75
2002;Gunskirchen <41808>;5239,375
2002;Holzhausen <41809>;648
2002;Krenglbach <41810>;2672,375
2002;Lambach <41811>;3286,625
2002;Marchtrenk <41812>;11384,25
2002;Neukirchen bei Lambach <41813>;816
2002;Offenhausen <41814>;1522,125
2002;Pennewang <41815>;859,625
2002;Pichl bei Wels <41816>;2735
2002;Sattledt <41817>;2281
2002;Schleißheim <41818>;982,125
2002;Sipbachzell <41819>;1740,125
2002;Stadl-Paura <41820>;4919,875
2002;Steinerkirchen an der Traun <41821>;2166,125
2002;Steinhaus <41822>;1818,5
2002;Thalheim bei Wels <41823>;5099,75
2002;Weißkirchen an der Traun <41824>;2700,25
2003;Linz <40101>;184413,625
2003;Steyr <40201>;39129,625
2003;Wels <40301>;57547,125
2003;Alkoven <40501>;5237,625
2003;Aschach an der Donau <40502>;2147,125
2003;Eferding <40503>;3440
2003;Fraham <40504>;2005,75
2003;Haibach ob der Donau <40505>;1304,875
2003;Hartkirchen <40506>;4168,5
2003;Hinzenbach <40507>;1973,625
2003;Prambachkirchen <40508>;2784,625
2003;Pupping <40509>;1818,5
2003;St. Marienkirchen an der Polsenz <40510>;2220,75
2003;Scharten <40511>;2116
2003;Stroheim <40512>;1571,5
2003;Bad Zell <40627>;2716,625
2003;Freistadt <40601>;7507,75
2003;Grünbach <40602>;1830,875
2003;Gutau <40603>;2633
2003;Hagenberg im Mühlkreis <40604>;2545,375
2003;Hirschbach im Mühlkreis <40605>;1167,25
2003;Kaltenberg <40606>;654,75
2003;Kefermarkt <40607>;2080,25
2003;Königswiesen <40608>;3153,875
2003;Lasberg <40609>;2802,5
2003;Leopoldschlag <40610>;1063,875
2003;Liebenau <40611>;1811,75
2003;Neumarkt im Mühlkreis <40612>;3038,5
2003;Pierbach <40613>;968,5
2003;Pregarten <40614>;4795
2003;Rainbach im Mühlkreis <40615>;2899,125
2003;Sandl <40616>;1510,125
2003;St. Leonhard bei Freistadt <40617>;1458,25
2003;St. Oswald bei Freistadt <40618>;2684,625
2003;Schönau im Mühlkreis <40619>;1821
2003;Tragwein <40620>;3004,25
2003;Unterweißenbach <40621>;2294,875
2003;Unterweitersdorf <40622>;1752,625
2003;Waldburg <40623>;1349,125
2003;Wartberg ob der Aist <40624>;3830,875
2003;Weitersfelden <40625>;1116,875
2003;Windhaag bei Freistadt <40626>;1720,25
2003;Altmünster <40701>;9495,125
2003;Bad Goisern am Hallstättersee <40702>;7581
2003;Bad Ischl <40703>;14089,25
2003;Ebensee am Traunsee <40704>;8293
2003;Gmunden <40705>;13176,375
2003;Gosau <40706>;1908,25
2003;Grünau im Almtal <40707>;2101,375
2003;Gschwandt <40708>;2483,5
2003;Hallstatt <40709>;929,875
2003;Kirchham <40710>;1911
2003;Laakirchen <40711>;9268,125
2003;Obertraun <40712>;748
2003;Ohlsdorf <40713>;4615,625
2003;Pinsdorf <40714>;3509,5
2003;Roitham am Traunfall <40715>;2011,75
2003;St. Konrad <40716>;1053,625
2003;St. Wolfgang im Salzkammergut <40717>;2785,625
2003;Scharnstein <40719>;4563
2003;Traunkirchen <40718>;1751,625
2003;Vorchdorf <40720>;7258
2003;Aistersheim <40801>;797,125
2003;Bad Schallerbach <40802>;3390,625
2003;Bruck-Waasen ^<40803>;2288,25
2003;Eschenau im Hausruckkreis <40804>;1163,125
2003;Gallspach <40805>;2570,625
2003;Gaspoltshofen <40806>;3582,875
2003;Geboltskirchen <40807>;1399
2003;Grieskirchen <40808>;4707
2003;Haag am Hausruck <40809>;2081,5
2003;Heiligenberg <40810>;712,75
2003;Hofkirchen an der Trattnach <40811>;1505
2003;Kallham <40812>;2545,625
2003;Kematen am Innbach <40813>;1311,5
2003;Meggenhofen <40814>;1274,875
2003;Michaelnbach <40815>;1251,375
2003;Natternbach <40816>;2336,25
2003;Neukirchen am Walde <40817>;1664,125
2003;Neumarkt im Hausruckkreis <40818>;1433,75
2003;Peuerbach ^<40819>;2184,875
2003;Peuerbach <40835>;-
2003;Pollham <40821>;921,25
2003;Pötting <40820>;539,75
2003;Pram <40822>;1807,125
2003;Rottenbach <40823>;1059,75
2003;St. Agatha <40824>;2150,625
2003;St. Georgen bei Grieskirchen <40825>;1080,875
2003;St. Thomas <40826>;459,25
2003;Schlüßlberg <40827>;3001,375
2003;Steegen <40828>;1107,75
2003;Taufkirchen an der Trattnach <40829>;2061,875
2003;Tollet <40830>;865,75
2003;Waizenkirchen <40831>;3664,75
2003;Wallern an der Trattnach <40832>;2911
2003;Weibern <40833>;1594,25
2003;Wendling <40834>;821,625
2003;Edlbach <40901>;658,875
2003;Grünburg <40902>;3892,625
2003;Hinterstoder <40903>;984,625
2003;Inzersdorf im Kremstal <40904>;1799,125
2003;Kirchdorf an der Krems <40905>;4062,625
2003;Klaus an der Pyhrnbahn <40906>;1145,75
2003;Kremsmünster <40907>;6469,25
2003;Micheldorf in Oberösterreich <40908>;5806
2003;Molln <40909>;3735,25
2003;Nußbach <40910>;2251,5
2003;Oberschlierbach <40911>;462,25
2003;Pettenbach <40912>;4767,125
2003;Ried im Traunkreis <40913>;2447
2003;Rosenau am Hengstpaß <40914>;748,25
2003;Roßleithen <40915>;1831,25
2003;St. Pankraz <40916>;374,5
2003;Schlierbach <40917>;2773,75
2003;Spital am Pyhrn <40918>;2273,125
2003;Steinbach am Ziehberg <40919>;840
2003;Steinbach an der Steyr <40920>;2019,375
2003;Vorderstoder <40921>;760,75
2003;Wartberg an der Krems <40922>;2986,25
2003;Windischgarsten <40923>;2334,125
2003;Allhaming <41001>;1021,625
2003;Ansfelden <41002>;15166,5
2003;Asten <41003>;6234,5
2003;Eggendorf im Traunkreis <41004>;705,625
2003;Enns <41005>;10741,625
2003;Hargelsberg <41006>;1109,75
2003;Hofkirchen im Traunkreis <41008>;1421,5
2003;Hörsching <41007>;5367,375
2003;Kematen an der Krems <41009>;2162,875
2003;Kirchberg-Thening <41010>;2162,625
2003;Kronstorf <41011>;3076,125
2003;Leonding <41012>;22574,25
2003;Neuhofen an der Krems <41014>;5462,625
2003;Niederneukirchen <41015>;1800,875
2003;Oftering <41016>;1808
2003;Pasching <41017>;6303,625
2003;Piberbach <41018>;1723
2003;Pucking <41019>;3527,25
2003;St. Florian <41013>;5544,375
2003;St. Marien <41020>;4267,625
2003;Traun <41021>;23774,75
2003;Wilhering <41022>;5392
2003;Allerheiligen im Mühlkreis <41101>;1123,625
2003;Arbing <41102>;1299,5
2003;Bad Kreuzen <41108>;2313,375
2003;Baumgartenberg <41103>;1457,5
2003;Dimbach <41104>;1111,625
2003;Grein <41105>;3092
2003;Katsdorf <41106>;2770
2003;Klam <41107>;797,75
2003;Langenstein <41109>;2698,25
2003;Luftenberg an der Donau <41110>;3705
2003;Mauthausen <41111>;4860,25
2003;Mitterkirchen im Machland <41112>;1762,375
2003;Münzbach <41113>;1696,25
2003;Naarn im Machlande <41114>;3410,875
2003;Pabneukirchen <41115>;1720,875
2003;Perg <41116>;7303,625
2003;Rechberg <41117>;869,625
2003;Ried in der Riedmark <41118>;3793,375
2003;St. Georgen am Walde <41119>;2167,625
2003;St. Georgen an der Gusen <41120>;3583,75
2003;St. Nikola an der Donau <41121>;867
2003;St. Thomas am Blasenstein <41122>;865,625
2003;Saxen <41123>;1748,5
2003;Schwertberg <41124>;5198,125
2003;Waldhausen im Strudengau <41125>;2910,625
2003;Windhaag bei Perg <41126>;1349,875
2003;Andrichsfurt <41201>;717,5
2003;Antiesenhofen <41202>;1108
2003;Aurolzmünster <41203>;2864,5
2003;Eberschwang <41204>;3395
2003;Eitzing <41205>;700,25
2003;Geiersberg <41206>;533,75
2003;Geinberg <41207>;1332,125
2003;Gurten <41208>;1177,625
2003;Hohenzell <41209>;2014,375
2003;Kirchdorf am Inn <41210>;619,5
2003;Kirchheim im Innkreis <41211>;683,5
2003;Lambrechten <41212>;1339,875
2003;Lohnsburg am Kobernaußerwald <41213>;2316,125
2003;Mehrnbach <41214>;2325,875
2003;Mettmach <41215>;2531
2003;Mörschwang <41216>;303,625
2003;Mühlheim am Inn <41217>;646,625
2003;Neuhofen im Innkreis <41218>;2150
2003;Obernberg am Inn <41219>;1650,25
2003;Ort im Innkreis <41220>;1191,375
2003;Pattigham <41221>;825
2003;Peterskirchen <41222>;708,25
2003;Pramet <41223>;1001,625
2003;Reichersberg <41224>;1417,25
2003;Ried im Innkreis <41225>;11436,375
2003;St. Georgen bei Obernberg am Inn <41226>;610,5
2003;St. Marienkirchen am Hausruck <41227>;759
2003;St. Martin im Innkreis <41228>;1705,5
2003;Schildorn <41229>;1071,375
2003;Senftenbach <41230>;738,125
2003;Taiskirchen im Innkreis <41231>;2393,5
2003;Tumeltsham <41232>;1424,375
2003;Utzenaich <41233>;1526,625
2003;Waldzell <41234>;2114,75
2003;Weilbach <41235>;593,25
2003;Wippenham <41236>;557,875
2003;Afiesl ^<41301>;417,375
2003;Ahorn ^<41302>;486,375
2003;Aigen im Mühlkreis ^<41303>;1891,875
2003;Aigen-Schlägl <41343>;-
2003;Altenfelden <41304>;2223,625
2003;Arnreit <41305>;1077,75
2003;Atzesberg <41306>;487,25
2003;Auberg <41307>;533
2003;Berg bei Rohrbach ^<41308>;2694,375
2003;Haslach an der Mühl <41309>;2568,125
2003;Helfenberg ^<41310>;1041,75
2003;Helfenberg <41345>;-
2003;Hofkirchen im Mühlkreis <41312>;1434,25
2003;Hörbich <41311>;419,625
2003;Julbach <41313>;1629,25
2003;Kirchberg ob der Donau <41314>;1130,125
2003;Klaffer am Hochficht <41315>;1316,75
2003;Kleinzell im Mühlkreis <41316>;1405,375
2003;Kollerschlag <41317>;1530,875
2003;Lembach im Mühlkreis <41318>;1562,875
2003;Lichtenau im Mühlkreis <41319>;565,875
2003;Nebelberg <41320>;640,375
2003;Neufelden <41321>;1331,125
2003;Neustift im Mühlkreis <41329>;1479,875
2003;Niederkappel <41322>;1014,75
2003;Niederwaldkirchen <41323>;1750,375
2003;Oberkappel <41324>;727
2003;Oepping <41325>;1634,125
2003;Peilstein im Mühlviertel <41326>;1646,25
2003;Pfarrkirchen im Mühlkreis <41327>;1505
2003;Putzleinsdorf <41328>;1576,875
2003;Rohrbach in Oberösterreich ^<41330>;2367,625
2003;Rohrbach-Berg <41344>;-
2003;St. Johann am Wimberg <41331>;986,25
2003;St. Martin im Mühlkreis <41332>;3560,25
2003;St. Oswald bei Haslach <41333>;552,875
2003;St. Peter am Wimberg <41334>;1771,25
2003;St. Stefan-Afiesl <41346>;-
2003;St. Ulrich im Mühlkreis <41336>;609,875
2003;St. Veit im Mühlkreis <41337>;1146,375
2003;Sankt Stefan am Walde ^<41335>;840
2003;Sarleinsbach <41338>;2319
2003;Schlägl ^<41339>;1398,5
2003;Schönegg ^<41340>;540,375
2003;Schwarzenberg am Böhmerwald <41341>;686
2003;Ulrichsberg <41342>;3005
2003;Altschwendt <41401>;675,25
2003;Andorf <41402>;4872,5
2003;Brunnenthal <41403>;1976,75
2003;Diersbach <41404>;1674,25
2003;Dorf an der Pram <41405>;1006
2003;Eggerding <41406>;1293,625
2003;Engelhartszell <41407>;1105
2003;Enzenkirchen <41408>;1756,5
2003;Esternberg <41409>;2803,375
2003;Freinberg <41410>;1473,5
2003;Kopfing im Innkreis <41411>;2041,75
2003;Mayrhof <41412>;263,25
2003;Münzkirchen <41413>;2564,75
2003;Raab <41414>;2310
2003;Rainbach im Innkreis <41415>;1509,375
2003;Riedau <41416>;2015,25
2003;St. Aegidi <41417>;1639,375
2003;St. Florian am Inn <41418>;3039,5
2003;St. Marienkirchen bei Schärding <41419>;1836,625
2003;St. Roman <41420>;1801,875
2003;St. Willibald <41421>;1140,625
2003;Schardenberg <41423>;2311,25
2003;Schärding <41422>;5058,75
2003;Sigharting <41424>;821,5
2003;Suben <41425>;1363,5
2003;Taufkirchen an der Pram <41426>;2909,75
2003;Vichtenstein <41427>;705,875
2003;Waldkirchen am Wesen <41428>;1296,75
2003;Wernstein am Inn <41429>;1611
2003;Zell an der Pram <41430>;2001,875
2003;Adlwang <41501>;1600,25
2003;Aschach an der Steyr <41502>;2161
2003;Bad Hall <41503>;4717,5
2003;Dietach <41504>;2513,125
2003;Gaflenz <41505>;1828,625
2003;Garsten <41506>;6459,375
2003;Großraming <41507>;2758,625
2003;Laussa <41508>;1351,5
2003;Losenstein <41509>;1723,375
2003;Maria Neustift <41510>;1651,125
2003;Pfarrkirchen bei Bad Hall <41511>;2093,125
2003;Reichraming <41512>;1883
2003;Rohr im Kremstal <41513>;1179
2003;St. Ulrich bei Steyr <41514>;3047,75
2003;Schiedlberg <41515>;1259,5
2003;Sierning <41516>;8700,625
2003;Ternberg <41517>;3275,125
2003;Waldneukirchen <41518>;2212,25
2003;Weyer <41522>;-
2003;Weyer Land ^<41519>;2367,25
2003;Weyer Markt ^<41520>;2295,75
2003;Wolfern <41521>;2842,5
2003;Alberndorf in der Riedmark <41601>;3612,625
2003;Altenberg bei Linz <41602>;4143,625
2003;Bad Leonfelden <41603>;3950,75
2003;Eidenberg <41604>;1872,375
2003;Engerwitzdorf <41605>;7760,75
2003;Feldkirchen an der Donau <41606>;5145
2003;Gallneukirchen <41607>;6127,625
2003;Goldwörth <41608>;882,875
2003;Gramastetten <41609>;4601,25
2003;Haibach im Mühlkreis <41610>;824,5
2003;Hellmonsödt <41611>;2093,25
2003;Herzogsdorf <41612>;2359,625
2003;Kirchschlag bei Linz <41613>;1895,375
2003;Lichtenberg <41614>;2398,25
2003;Oberneukirchen <41615>;3066,75
2003;Ottenschlag im Mühlkreis <41616>;475,625
2003;Ottensheim <41617>;4348
2003;Puchenau <41618>;4568,875
2003;Reichenau im Mühlkreis <41619>;1166,75
2003;Reichenthal <41620>;1412,75
2003;St. Gotthard im Mühlkreis <41621>;1307
2003;Schenkenfelden <41622>;1505,125
2003;Sonnberg im Mühlkreis <41623>;782,25
2003;Steyregg <41624>;4751,5
2003;Vorderweißenbach ^<41625>;2069,375
2003;Vorderweißenbach <41628>;-
2003;Walding <41626>;3805,25
2003;Zwettl an der Rodl <41627>;1751,5
2003;Ampflwang im Hausruckwald <41701>;3554,5
2003;Attersee am Attersee <41702>;1505,375
2003;Attnang-Puchheim <41703>;8886,875
2003;Atzbach <41704>;1167,375
2003;Aurach am Hongar <41705>;1555
2003;Berg im Attergau <41706>;986,5
2003;Desselbrunn <41707>;1539,125
2003;Fornach <41708>;886,25
2003;Frankenburg am Hausruck <41709>;5004,375
2003;Frankenmarkt <41710>;3551,375
2003;Gampern <41711>;2502,5
2003;Innerschwand am Mondsee <41712>;1037
2003;Lenzing an der Ager <41713>;5063,875
2003;Manning <41714>;833,5
2003;Mondsee <41715>;3249,625
2003;Neukirchen an der Vöckla <41716>;2523,25
2003;Niederthalheim <41717>;1034
2003;Nußdorf am Attersee <41718>;1068,75
2003;Oberhofen am Irrsee <41719>;1349,625
2003;Oberndorf bei Schwanenstadt <41720>;1380,625
2003;Oberwang <41721>;1574,625
2003;Ottnang am Hausruck <41722>;3812,625
2003;Pfaffing <41723>;1364,75
2003;Pilsbach <41724>;618,25
2003;Pitzenberg <41725>;505,375
2003;Pöndorf <41726>;2250,375
2003;Puchkirchen am Trattberg <41727>;931,75
2003;Pühret <41728>;569
2003;Redleiten <41729>;459,125
2003;Redlham <41730>;1344,375
2003;Regau <41731>;5639,25
2003;Rüstorf <41732>;1948,5
2003;Rutzenham <41733>;231,5
2003;St. Georgen im Attergau <41734>;4068,5
2003;St. Lorenz <41735>;2017,25
2003;Schlatt <41736>;1333,875
2003;Schörfling am Attersee <41737>;3112,25
2003;Schwanenstadt <41738>;4130,75
2003;Seewalchen am Attersee <41739>;4868,875
2003;Steinbach am Attersee <41740>;835,625
2003;Straß im Attergau <41741>;1510,875
2003;Tiefgraben <41742>;3195,125
2003;Timelkam <41743>;5937,375
2003;Ungenach <41744>;1318,875
2003;Unterach am Attersee <41745>;1462,25
2003;Vöcklabruck <41746>;11628
2003;Vöcklamarkt <41747>;4809,5
2003;Weißenkirchen im Attergau <41748>;958,875
2003;Weyregg am Attersee <41749>;1478,75
2003;Wolfsegg am Hausruck <41750>;1941,5
2003;Zell am Moos <41751>;1436,625
2003;Zell am Pettenfirst <41752>;1182,75
2003;Aichkirchen <41801>;497,875
2003;Bachmanning <41802>;646,25
2003;Bad Wimsbach-Neydharting <41803>;2366,875
2003;Buchkirchen <41804>;3707,375
2003;Eberstalzell <41805>;2208,5
2003;Edt bei Lambach <41806>;2082,875
2003;Fischlham <41807>;1254,125
2003;Gunskirchen <41808>;5265
2003;Holzhausen <41809>;649
2003;Krenglbach <41810>;2711
2003;Lambach <41811>;3308,375
2003;Marchtrenk <41812>;11510,125
2003;Neukirchen bei Lambach <41813>;822,375
2003;Offenhausen <41814>;1518,25
2003;Pennewang <41815>;860,25
2003;Pichl bei Wels <41816>;2754,125
2003;Sattledt <41817>;2275,375
2003;Schleißheim <41818>;994,625
2003;Sipbachzell <41819>;1744,875
2003;Stadl-Paura <41820>;4956,25
2003;Steinerkirchen an der Traun <41821>;2175,875
2003;Steinhaus <41822>;1818,375
2003;Thalheim bei Wels <41823>;5164,125
2003;Weißkirchen an der Traun <41824>;2785,375
2004;Linz <40101>;185962,375
2004;Steyr <40201>;39174,375
2004;Wels <40301>;57913,25
2004;Alkoven <40501>;5248,5
2004;Aschach an der Donau <40502>;2172
2004;Eferding <40503>;3503
2004;Fraham <40504>;2014,875
2004;Haibach ob der Donau <40505>;1299,5
2004;Hartkirchen <40506>;4163,125
2004;Hinzenbach <40507>;1959,875
2004;Prambachkirchen <40508>;2780,375
2004;Pupping <40509>;1857,125
2004;St. Marienkirchen an der Polsenz <40510>;2239,875
2004;Scharten <40511>;2142,125
2004;Stroheim <40512>;1579
2004;Bad Zell <40627>;2751
2004;Freistadt <40601>;7448,375
2004;Grünbach <40602>;1836,125
2004;Gutau <40603>;2669,125
2004;Hagenberg im Mühlkreis <40604>;2538,5
2004;Hirschbach im Mühlkreis <40605>;1161,125
2004;Kaltenberg <40606>;646,875
2004;Kefermarkt <40607>;2075,875
2004;Königswiesen <40608>;3175,5
2004;Lasberg <40609>;2828,125
2004;Leopoldschlag <40610>;1066,125
2004;Liebenau <40611>;1806,25
2004;Neumarkt im Mühlkreis <40612>;3019,75
2004;Pierbach <40613>;985,25
2004;Pregarten <40614>;4793,125
2004;Rainbach im Mühlkreis <40615>;2905,625
2004;Sandl <40616>;1493,75
2004;St. Leonhard bei Freistadt <40617>;1454,75
2004;St. Oswald bei Freistadt <40618>;2704,5
2004;Schönau im Mühlkreis <40619>;1840,25
2004;Tragwein <40620>;3045,25
2004;Unterweißenbach <40621>;2272
2004;Unterweitersdorf <40622>;1797,125
2004;Waldburg <40623>;1370,375
2004;Wartberg ob der Aist <40624>;3866,875
2004;Weitersfelden <40625>;1116
2004;Windhaag bei Freistadt <40626>;1709,5
2004;Altmünster <40701>;9542,5
2004;Bad Goisern am Hallstättersee <40702>;7556,5
2004;Bad Ischl <40703>;14074,25
2004;Ebensee am Traunsee <40704>;8251,75
2004;Gmunden <40705>;13297,25
2004;Gosau <40706>;1901,875
2004;Grünau im Almtal <40707>;2072,125
2004;Gschwandt <40708>;2488,625
2004;Hallstatt <40709>;918,5
2004;Kirchham <40710>;1907,625
2004;Laakirchen <40711>;9278,625
2004;Obertraun <40712>;741,625
2004;Ohlsdorf <40713>;4620,375
2004;Pinsdorf <40714>;3532,375
2004;Roitham am Traunfall <40715>;2015,375
2004;St. Konrad <40716>;1065,875
2004;St. Wolfgang im Salzkammergut <40717>;2792,625
2004;Scharnstein <40719>;4622,75
2004;Traunkirchen <40718>;1733,125
2004;Vorchdorf <40720>;7249,25
2004;Aistersheim <40801>;799,375
2004;Bad Schallerbach <40802>;3395,5
2004;Bruck-Waasen ^<40803>;2286,625
2004;Eschenau im Hausruckkreis <40804>;1144,25
2004;Gallspach <40805>;2598,25
2004;Gaspoltshofen <40806>;3577
2004;Geboltskirchen <40807>;1394,625
2004;Grieskirchen <40808>;4749,25
2004;Haag am Hausruck <40809>;2106,375
2004;Heiligenberg <40810>;712,125
2004;Hofkirchen an der Trattnach <40811>;1493,75
2004;Kallham <40812>;2549,25
2004;Kematen am Innbach <40813>;1331,625
2004;Meggenhofen <40814>;1288,875
2004;Michaelnbach <40815>;1263,25
2004;Natternbach <40816>;2352,125
2004;Neukirchen am Walde <40817>;1655,875
2004;Neumarkt im Hausruckkreis <40818>;1461,25
2004;Peuerbach ^<40819>;2182,5
2004;Peuerbach <40835>;-
2004;Pollham <40821>;932
2004;Pötting <40820>;542,625
2004;Pram <40822>;1814,25
2004;Rottenbach <40823>;1086,875
2004;St. Agatha <40824>;2156,5
2004;St. Georgen bei Grieskirchen <40825>;1109
2004;St. Thomas <40826>;461,125
2004;Schlüßlberg <40827>;3021,375
2004;Steegen <40828>;1097
2004;Taufkirchen an der Trattnach <40829>;2048,25
2004;Tollet <40830>;859,75
2004;Waizenkirchen <40831>;3644,625
2004;Wallern an der Trattnach <40832>;2903
2004;Weibern <40833>;1602,625
2004;Wendling <40834>;812,75
2004;Edlbach <40901>;669,25
2004;Grünburg <40902>;3916,75
2004;Hinterstoder <40903>;971,375
2004;Inzersdorf im Kremstal <40904>;1785,875
2004;Kirchdorf an der Krems <40905>;4075,5
2004;Klaus an der Pyhrnbahn <40906>;1158
2004;Kremsmünster <40907>;6460,75
2004;Micheldorf in Oberösterreich <40908>;5848,875
2004;Molln <40909>;3713,625
2004;Nußbach <40910>;2280,5
2004;Oberschlierbach <40911>;462,25
2004;Pettenbach <40912>;4810
2004;Ried im Traunkreis <40913>;2461,125
2004;Rosenau am Hengstpaß <40914>;740,875
2004;Roßleithen <40915>;1833
2004;St. Pankraz <40916>;385
2004;Schlierbach <40917>;2743,875
2004;Spital am Pyhrn <40918>;2250,75
2004;Steinbach am Ziehberg <40919>;843,875
2004;Steinbach an der Steyr <40920>;1993,25
2004;Vorderstoder <40921>;751,875
2004;Wartberg an der Krems <40922>;2978,875
2004;Windischgarsten <40923>;2400,875
2004;Allhaming <41001>;1019,25
2004;Ansfelden <41002>;15290,5
2004;Asten <41003>;6236,375
2004;Eggendorf im Traunkreis <41004>;724,125
2004;Enns <41005>;10827,75
2004;Hargelsberg <41006>;1122
2004;Hofkirchen im Traunkreis <41008>;1436,5
2004;Hörsching <41007>;5364,625
2004;Kematen an der Krems <41009>;2191,5
2004;Kirchberg-Thening <41010>;2180,875
2004;Kronstorf <41011>;3102,25
2004;Leonding <41012>;22828,375
2004;Neuhofen an der Krems <41014>;5488,125
2004;Niederneukirchen <41015>;1860,75
2004;Oftering <41016>;1841,125
2004;Pasching <41017>;6377
2004;Piberbach <41018>;1737,125
2004;Pucking <41019>;3584,875
2004;St. Florian <41013>;5534,375
2004;St. Marien <41020>;4317,5
2004;Traun <41021>;23832,5
2004;Wilhering <41022>;5446,25
2004;Allerheiligen im Mühlkreis <41101>;1124,375
2004;Arbing <41102>;1304,875
2004;Bad Kreuzen <41108>;2439,25
2004;Baumgartenberg <41103>;1460
2004;Dimbach <41104>;1112,125
2004;Grein <41105>;3088,125
2004;Katsdorf <41106>;2794,125
2004;Klam <41107>;816,875
2004;Langenstein <41109>;2690,5
2004;Luftenberg an der Donau <41110>;3708,5
2004;Mauthausen <41111>;4892,875
2004;Mitterkirchen im Machland <41112>;1754,875
2004;Münzbach <41113>;1689,875
2004;Naarn im Machlande <41114>;3411,875
2004;Pabneukirchen <41115>;1713,625
2004;Perg <41116>;7369,5
2004;Rechberg <41117>;869,375
2004;Ried in der Riedmark <41118>;3837,25
2004;St. Georgen am Walde <41119>;2163,75
2004;St. Georgen an der Gusen <41120>;3598,625
2004;St. Nikola an der Donau <41121>;877,625
2004;St. Thomas am Blasenstein <41122>;869,875
2004;Saxen <41123>;1732,125
2004;Schwertberg <41124>;5236,875
2004;Waldhausen im Strudengau <41125>;2952,75
2004;Windhaag bei Perg <41126>;1369,375
2004;Andrichsfurt <41201>;718,5
2004;Antiesenhofen <41202>;1082,125
2004;Aurolzmünster <41203>;2883,75
2004;Eberschwang <41204>;3352,5
2004;Eitzing <41205>;701
2004;Geiersberg <41206>;543,125
2004;Geinberg <41207>;1325,875
2004;Gurten <41208>;1164,25
2004;Hohenzell <41209>;2022
2004;Kirchdorf am Inn <41210>;607
2004;Kirchheim im Innkreis <41211>;699
2004;Lambrechten <41212>;1335,625
2004;Lohnsburg am Kobernaußerwald <41213>;2298,125
2004;Mehrnbach <41214>;2297,125
2004;Mettmach <41215>;2530,75
2004;Mörschwang <41216>;299
2004;Mühlheim am Inn <41217>;635,125
2004;Neuhofen im Innkreis <41218>;2165,625
2004;Obernberg am Inn <41219>;1630,125
2004;Ort im Innkreis <41220>;1203,875
2004;Pattigham <41221>;821,5
2004;Peterskirchen <41222>;701,5
2004;Pramet <41223>;984,75
2004;Reichersberg <41224>;1426
2004;Ried im Innkreis <41225>;11479,75
2004;St. Georgen bei Obernberg am Inn <41226>;620,875
2004;St. Marienkirchen am Hausruck <41227>;771,75
2004;St. Martin im Innkreis <41228>;1712
2004;Schildorn <41229>;1088,625
2004;Senftenbach <41230>;746,5
2004;Taiskirchen im Innkreis <41231>;2398,875
2004;Tumeltsham <41232>;1467,25
2004;Utzenaich <41233>;1555,125
2004;Waldzell <41234>;2109,375
2004;Weilbach <41235>;601,375
2004;Wippenham <41236>;571,75
2004;Afiesl ^<41301>;418,875
2004;Ahorn ^<41302>;485,625
2004;Aigen im Mühlkreis ^<41303>;1877,875
2004;Aigen-Schlägl <41343>;-
2004;Altenfelden <41304>;2221,125
2004;Arnreit <41305>;1072,625
2004;Atzesberg <41306>;479
2004;Auberg <41307>;541,25
2004;Berg bei Rohrbach ^<41308>;2677
2004;Haslach an der Mühl <41309>;2573,125
2004;Helfenberg ^<41310>;1027,25
2004;Helfenberg <41345>;-
2004;Hofkirchen im Mühlkreis <41312>;1431,75
2004;Hörbich <41311>;416,75
2004;Julbach <41313>;1630
2004;Kirchberg ob der Donau <41314>;1118,625
2004;Klaffer am Hochficht <41315>;1298,375
2004;Kleinzell im Mühlkreis <41316>;1417,25
2004;Kollerschlag <41317>;1543,5
2004;Lembach im Mühlkreis <41318>;1566,375
2004;Lichtenau im Mühlkreis <41319>;551,125
2004;Nebelberg <41320>;634,875
2004;Neufelden <41321>;1346
2004;Neustift im Mühlkreis <41329>;1486
2004;Niederkappel <41322>;1014,375
2004;Niederwaldkirchen <41323>;1748,25
2004;Oberkappel <41324>;719,625
2004;Oepping <41325>;1597,25
2004;Peilstein im Mühlviertel <41326>;1647
2004;Pfarrkirchen im Mühlkreis <41327>;1521,5
2004;Putzleinsdorf <41328>;1577,125
2004;Rohrbach in Oberösterreich ^<41330>;2390,625
2004;Rohrbach-Berg <41344>;-
2004;St. Johann am Wimberg <41331>;986,75
2004;St. Martin im Mühlkreis <41332>;3563,5
2004;St. Oswald bei Haslach <41333>;542,875
2004;St. Peter am Wimberg <41334>;1775,375
2004;St. Stefan-Afiesl <41346>;-
2004;St. Ulrich im Mühlkreis <41336>;622
2004;St. Veit im Mühlkreis <41337>;1155,625
2004;Sankt Stefan am Walde ^<41335>;859,25
2004;Sarleinsbach <41338>;2304
2004;Schlägl ^<41339>;1402
2004;Schönegg ^<41340>;534
2004;Schwarzenberg am Böhmerwald <41341>;667
2004;Ulrichsberg <41342>;3028,5
2004;Altschwendt <41401>;657,875
2004;Andorf <41402>;4885,375
2004;Brunnenthal <41403>;1986,125
2004;Diersbach <41404>;1657,375
2004;Dorf an der Pram <41405>;998,375
2004;Eggerding <41406>;1285,75
2004;Engelhartszell <41407>;1102,75
2004;Enzenkirchen <41408>;1748,625
2004;Esternberg <41409>;2812,25
2004;Freinberg <41410>;1475,625
2004;Kopfing im Innkreis <41411>;2032,625
2004;Mayrhof <41412>;266
2004;Münzkirchen <41413>;2570
2004;Raab <41414>;2305,375
2004;Rainbach im Innkreis <41415>;1505,875
2004;Riedau <41416>;2036,75
2004;St. Aegidi <41417>;1630,125
2004;St. Florian am Inn <41418>;3034,875
2004;St. Marienkirchen bei Schärding <41419>;1846,25
2004;St. Roman <41420>;1792,125
2004;St. Willibald <41421>;1150,375
2004;Schardenberg <41423>;2306,625
2004;Schärding <41422>;5070,875
2004;Sigharting <41424>;824,75
2004;Suben <41425>;1400
2004;Taufkirchen an der Pram <41426>;2907,25
2004;Vichtenstein <41427>;717,25
2004;Waldkirchen am Wesen <41428>;1286,125
2004;Wernstein am Inn <41429>;1606,875
2004;Zell an der Pram <41430>;2024,125
2004;Adlwang <41501>;1633,75
2004;Aschach an der Steyr <41502>;2159
2004;Bad Hall <41503>;4735,25
2004;Dietach <41504>;2526,25
2004;Gaflenz <41505>;1820,875
2004;Garsten <41506>;6507,375
2004;Großraming <41507>;2741,875
2004;Laussa <41508>;1347,375
2004;Losenstein <41509>;1713,125
2004;Maria Neustift <41510>;1658
2004;Pfarrkirchen bei Bad Hall <41511>;2114,125
2004;Reichraming <41512>;1889,75
2004;Rohr im Kremstal <41513>;1215
2004;St. Ulrich bei Steyr <41514>;3089,875
2004;Schiedlberg <41515>;1253,125
2004;Sierning <41516>;8780,625
2004;Ternberg <41517>;3284,625
2004;Waldneukirchen <41518>;2203
2004;Weyer <41522>;-
2004;Weyer Land ^<41519>;2343,75
2004;Weyer Markt ^<41520>;2283,375
2004;Wolfern <41521>;2893,125
2004;Alberndorf in der Riedmark <41601>;3646,5
2004;Altenberg bei Linz <41602>;4173
2004;Bad Leonfelden <41603>;3984,25
2004;Eidenberg <41604>;1893,125
2004;Engerwitzdorf <41605>;7810,375
2004;Feldkirchen an der Donau <41606>;5177,5
2004;Gallneukirchen <41607>;6211,5
2004;Goldwörth <41608>;878,875
2004;Gramastetten <41609>;4608,375
2004;Haibach im Mühlkreis <41610>;824,375
2004;Hellmonsödt <41611>;2095,375
2004;Herzogsdorf <41612>;2380,625
2004;Kirchschlag bei Linz <41613>;1916,25
2004;Lichtenberg <41614>;2402,625
2004;Oberneukirchen <41615>;3077
2004;Ottenschlag im Mühlkreis <41616>;469,5
2004;Ottensheim <41617>;4365,625
2004;Puchenau <41618>;4547,5
2004;Reichenau im Mühlkreis <41619>;1174,875
2004;Reichenthal <41620>;1414,75
2004;St. Gotthard im Mühlkreis <41621>;1312,375
2004;Schenkenfelden <41622>;1525,5
2004;Sonnberg im Mühlkreis <41623>;795,5
2004;Steyregg <41624>;4730,125
2004;Vorderweißenbach ^<41625>;2066,375
2004;Vorderweißenbach <41628>;-
2004;Walding <41626>;3814,875
2004;Zwettl an der Rodl <41627>;1772,125
2004;Ampflwang im Hausruckwald <41701>;3537,625
2004;Attersee am Attersee <41702>;1508,625
2004;Attnang-Puchheim <41703>;8933,375
2004;Atzbach <41704>;1163,125
2004;Aurach am Hongar <41705>;1553,75
2004;Berg im Attergau <41706>;987,25
2004;Desselbrunn <41707>;1535,75
2004;Fornach <41708>;896,25
2004;Frankenburg am Hausruck <41709>;4992,125
2004;Frankenmarkt <41710>;3541,5
2004;Gampern <41711>;2525,875
2004;Innerschwand am Mondsee <41712>;1038,625
2004;Lenzing an der Ager <41713>;5086,75
2004;Manning <41714>;833,375
2004;Mondsee <41715>;3250,875
2004;Neukirchen an der Vöckla <41716>;2511,625
2004;Niederthalheim <41717>;1020,875
2004;Nußdorf am Attersee <41718>;1049,625
2004;Oberhofen am Irrsee <41719>;1349,625
2004;Oberndorf bei Schwanenstadt <41720>;1410,5
2004;Oberwang <41721>;1572
2004;Ottnang am Hausruck <41722>;3800,125
2004;Pfaffing <41723>;1365,25
2004;Pilsbach <41724>;622,375
2004;Pitzenberg <41725>;519
2004;Pöndorf <41726>;2247,75
2004;Puchkirchen am Trattberg <41727>;951,375
2004;Pühret <41728>;576,5
2004;Redleiten <41729>;462
2004;Redlham <41730>;1346,125
2004;Regau <41731>;5679,375
2004;Rüstorf <41732>;1941,25
2004;Rutzenham <41733>;232,625
2004;St. Georgen im Attergau <41734>;4094,875
2004;St. Lorenz <41735>;2064,25
2004;Schlatt <41736>;1340,75
2004;Schörfling am Attersee <41737>;3135,125
2004;Schwanenstadt <41738>;4173,25
2004;Seewalchen am Attersee <41739>;4908,75
2004;Steinbach am Attersee <41740>;828,375
2004;Straß im Attergau <41741>;1537,25
2004;Tiefgraben <41742>;3277,25
2004;Timelkam <41743>;5966,375
2004;Ungenach <41744>;1337,375
2004;Unterach am Attersee <41745>;1478,125
2004;Vöcklabruck <41746>;11669,5
2004;Vöcklamarkt <41747>;4752
2004;Weißenkirchen im Attergau <41748>;949,625
2004;Weyregg am Attersee <41749>;1481
2004;Wolfsegg am Hausruck <41750>;1982,625
2004;Zell am Moos <41751>;1466,75
2004;Zell am Pettenfirst <41752>;1200,625
2004;Aichkirchen <41801>;483,5
2004;Bachmanning <41802>;655,375
2004;Bad Wimsbach-Neydharting <41803>;2381,375
2004;Buchkirchen <41804>;3719,75
2004;Eberstalzell <41805>;2220,25
2004;Edt bei Lambach <41806>;2078,625
2004;Fischlham <41807>;1269
2004;Gunskirchen <41808>;5305,625
2004;Holzhausen <41809>;651,75
2004;Krenglbach <41810>;2742,75
2004;Lambach <41811>;3350
2004;Marchtrenk <41812>;11593,125
2004;Neukirchen bei Lambach <41813>;824,25
2004;Offenhausen <41814>;1503,375
2004;Pennewang <41815>;864,875
2004;Pichl bei Wels <41816>;2772,875
2004;Sattledt <41817>;2258,75
2004;Schleißheim <41818>;996,125
2004;Sipbachzell <41819>;1764,5
2004;Stadl-Paura <41820>;5045,375
2004;Steinerkirchen an der Traun <41821>;2226,375
2004;Steinhaus <41822>;1815,125
2004;Thalheim bei Wels <41823>;5242,75
2004;Weißkirchen an der Traun <41824>;2838,25
2005;Linz <40101>;187382,375
2005;Steyr <40201>;39057,125
2005;Wels <40301>;58207,625
2005;Alkoven <40501>;5268,875
2005;Aschach an der Donau <40502>;2187,625
2005;Eferding <40503>;3510,625
2005;Fraham <40504>;2046
2005;Haibach ob der Donau <40505>;1289,375
2005;Hartkirchen <40506>;4161,5
2005;Hinzenbach <40507>;1943,5
2005;Prambachkirchen <40508>;2805,125
2005;Pupping <40509>;1900,875
2005;St. Marienkirchen an der Polsenz <40510>;2272,125
2005;Scharten <40511>;2164,125
2005;Stroheim <40512>;1569,625
2005;Bad Zell <40627>;2767,75
2005;Freistadt <40601>;7462,25
2005;Grünbach <40602>;1842,875
2005;Gutau <40603>;2698,375
2005;Hagenberg im Mühlkreis <40604>;2529,125
2005;Hirschbach im Mühlkreis <40605>;1157,75
2005;Kaltenberg <40606>;642
2005;Kefermarkt <40607>;2094,625
2005;Königswiesen <40608>;3187,875
2005;Lasberg <40609>;2853,25
2005;Leopoldschlag <40610>;1054,5
2005;Liebenau <40611>;1805,25
2005;Neumarkt im Mühlkreis <40612>;3029,875
2005;Pierbach <40613>;982,75
2005;Pregarten <40614>;4813,5
2005;Rainbach im Mühlkreis <40615>;2904,25
2005;Sandl <40616>;1497,875
2005;St. Leonhard bei Freistadt <40617>;1445,5
2005;St. Oswald bei Freistadt <40618>;2717,375
2005;Schönau im Mühlkreis <40619>;1863,875
2005;Tragwein <40620>;3071,375
2005;Unterweißenbach <40621>;2250,25
2005;Unterweitersdorf <40622>;1830,5
2005;Waldburg <40623>;1375,625
2005;Wartberg ob der Aist <40624>;3883,375
2005;Weitersfelden <40625>;1121,125
2005;Windhaag bei Freistadt <40626>;1689,75
2005;Altmünster <40701>;9578,25
2005;Bad Goisern am Hallstättersee <40702>;7515,125
2005;Bad Ischl <40703>;14042,75
2005;Ebensee am Traunsee <40704>;8262,875
2005;Gmunden <40705>;13317,125
2005;Gosau <40706>;1919,375
2005;Grünau im Almtal <40707>;2062,5
2005;Gschwandt <40708>;2489,125
2005;Hallstatt <40709>;920,625
2005;Kirchham <40710>;1899,125
2005;Laakirchen <40711>;9324
2005;Obertraun <40712>;748,75
2005;Ohlsdorf <40713>;4672,125
2005;Pinsdorf <40714>;3552,125
2005;Roitham am Traunfall <40715>;2022,875
2005;St. Konrad <40716>;1068,625
2005;St. Wolfgang im Salzkammergut <40717>;2816,875
2005;Scharnstein <40719>;4705,75
2005;Traunkirchen <40718>;1710,75
2005;Vorchdorf <40720>;7270
2005;Aistersheim <40801>;802,25
2005;Bad Schallerbach <40802>;3305,375
2005;Bruck-Waasen ^<40803>;2307,625
2005;Eschenau im Hausruckkreis <40804>;1136,5
2005;Gallspach <40805>;2635,125
2005;Gaspoltshofen <40806>;3573,875
2005;Geboltskirchen <40807>;1393
2005;Grieskirchen <40808>;4819,625
2005;Haag am Hausruck <40809>;2122,25
2005;Heiligenberg <40810>;703,125
2005;Hofkirchen an der Trattnach <40811>;1496
2005;Kallham <40812>;2535,5
2005;Kematen am Innbach <40813>;1351,375
2005;Meggenhofen <40814>;1304,125
2005;Michaelnbach <40815>;1263,75
2005;Natternbach <40816>;2360,5
2005;Neukirchen am Walde <40817>;1622,75
2005;Neumarkt im Hausruckkreis <40818>;1484
2005;Peuerbach ^<40819>;2167,75
2005;Peuerbach <40835>;-
2005;Pollham <40821>;949,125
2005;Pötting <40820>;540,875
2005;Pram <40822>;1805,125
2005;Rottenbach <40823>;1089,375
2005;St. Agatha <40824>;2159,125
2005;St. Georgen bei Grieskirchen <40825>;1127
2005;St. Thomas <40826>;460,125
2005;Schlüßlberg <40827>;3026,75
2005;Steegen <40828>;1071,125
2005;Taufkirchen an der Trattnach <40829>;2049,75
2005;Tollet <40830>;850,125
2005;Waizenkirchen <40831>;3644,75
2005;Wallern an der Trattnach <40832>;2901,875
2005;Weibern <40833>;1592
2005;Wendling <40834>;804,25
2005;Edlbach <40901>;669,125
2005;Grünburg <40902>;3925,75
2005;Hinterstoder <40903>;970,875
2005;Inzersdorf im Kremstal <40904>;1790,875
2005;Kirchdorf an der Krems <40905>;4068,125
2005;Klaus an der Pyhrnbahn <40906>;1155,75
2005;Kremsmünster <40907>;6426,75
2005;Micheldorf in Oberösterreich <40908>;5904,625
2005;Molln <40909>;3707,875
2005;Nußbach <40910>;2304,75
2005;Oberschlierbach <40911>;471,75
2005;Pettenbach <40912>;4839,625
2005;Ried im Traunkreis <40913>;2496,375
2005;Rosenau am Hengstpaß <40914>;735,25
2005;Roßleithen <40915>;1823,875
2005;St. Pankraz <40916>;377
2005;Schlierbach <40917>;2749
2005;Spital am Pyhrn <40918>;2225,375
2005;Steinbach am Ziehberg <40919>;847
2005;Steinbach an der Steyr <40920>;1988,625
2005;Vorderstoder <40921>;756,75
2005;Wartberg an der Krems <40922>;2945,375
2005;Windischgarsten <40923>;2451
2005;Allhaming <41001>;1021,375
2005;Ansfelden <41002>;15417,25
2005;Asten <41003>;6244,25
2005;Eggendorf im Traunkreis <41004>;732
2005;Enns <41005>;10907,75
2005;Hargelsberg <41006>;1123,125
2005;Hofkirchen im Traunkreis <41008>;1465,75
2005;Hörsching <41007>;5379,5
2005;Kematen an der Krems <41009>;2231,25
2005;Kirchberg-Thening <41010>;2195,625
2005;Kronstorf <41011>;3124,625
2005;Leonding <41012>;23040,5
2005;Neuhofen an der Krems <41014>;5497,625
2005;Niederneukirchen <41015>;1883,25
2005;Oftering <41016>;1845
2005;Pasching <41017>;6463,875
2005;Piberbach <41018>;1765,5
2005;Pucking <41019>;3652,25
2005;St. Florian <41013>;5514
2005;St. Marien <41020>;4357
2005;Traun <41021>;23853,125
2005;Wilhering <41022>;5473
2005;Allerheiligen im Mühlkreis <41101>;1139,375
2005;Arbing <41102>;1334,25
2005;Bad Kreuzen <41108>;2446,5
2005;Baumgartenberg <41103>;1448,25
2005;Dimbach <41104>;1095,125
2005;Grein <41105>;3093,75
2005;Katsdorf <41106>;2809,25
2005;Klam <41107>;842,625
2005;Langenstein <41109>;2697,875
2005;Luftenberg an der Donau <41110>;3728
2005;Mauthausen <41111>;4910,625
2005;Mitterkirchen im Machland <41112>;1706,25
2005;Münzbach <41113>;1697
2005;Naarn im Machlande <41114>;3385,125
2005;Pabneukirchen <41115>;1727,75
2005;Perg <41116>;7473,5
2005;Rechberg <41117>;898
2005;Ried in der Riedmark <41118>;3873,25
2005;St. Georgen am Walde <41119>;2155,75
2005;St. Georgen an der Gusen <41120>;3613,75
2005;St. Nikola an der Donau <41121>;864,5
2005;St. Thomas am Blasenstein <41122>;879
2005;Saxen <41123>;1728
2005;Schwertberg <41124>;5282,75
2005;Waldhausen im Strudengau <41125>;2976,25
2005;Windhaag bei Perg <41126>;1397,5
2005;Andrichsfurt <41201>;716
2005;Antiesenhofen <41202>;1089,125
2005;Aurolzmünster <41203>;2922,375
2005;Eberschwang <41204>;3350,75
2005;Eitzing <41205>;717,875
2005;Geiersberg <41206>;545
2005;Geinberg <41207>;1327
2005;Gurten <41208>;1161,375
2005;Hohenzell <41209>;2037,875
2005;Kirchdorf am Inn <41210>;598,625
2005;Kirchheim im Innkreis <41211>;707,75
2005;Lambrechten <41212>;1325,125
2005;Lohnsburg am Kobernaußerwald <41213>;2279,75
2005;Mehrnbach <41214>;2299,125
2005;Mettmach <41215>;2544,5
2005;Mörschwang <41216>;295,125
2005;Mühlheim am Inn <41217>;635,75
2005;Neuhofen im Innkreis <41218>;2168,25
2005;Obernberg am Inn <41219>;1602,5
2005;Ort im Innkreis <41220>;1209
2005;Pattigham <41221>;814
2005;Peterskirchen <41222>;700,625
2005;Pramet <41223>;978,875
2005;Reichersberg <41224>;1412,25
2005;Ried im Innkreis <41225>;11532,375
2005;St. Georgen bei Obernberg am Inn <41226>;615,75
2005;St. Marienkirchen am Hausruck <41227>;775,25
2005;St. Martin im Innkreis <41228>;1717
2005;Schildorn <41229>;1113,125
2005;Senftenbach <41230>;749,375
2005;Taiskirchen im Innkreis <41231>;2398,875
2005;Tumeltsham <41232>;1482
2005;Utzenaich <41233>;1558,5
2005;Waldzell <41234>;2092,75
2005;Weilbach <41235>;620,5
2005;Wippenham <41236>;566,25
2005;Afiesl ^<41301>;431,875
2005;Ahorn ^<41302>;491,75
2005;Aigen im Mühlkreis ^<41303>;1876,75
2005;Aigen-Schlägl <41343>;-
2005;Altenfelden <41304>;2198,25
2005;Arnreit <41305>;1074
2005;Atzesberg <41306>;472,375
2005;Auberg <41307>;546,25
2005;Berg bei Rohrbach ^<41308>;2658,875
2005;Haslach an der Mühl <41309>;2579
2005;Helfenberg ^<41310>;1012,875
2005;Helfenberg <41345>;-
2005;Hofkirchen im Mühlkreis <41312>;1421,875
2005;Hörbich <41311>;414,375
2005;Julbach <41313>;1612,125
2005;Kirchberg ob der Donau <41314>;1114
2005;Klaffer am Hochficht <41315>;1309,75
2005;Kleinzell im Mühlkreis <41316>;1419,375
2005;Kollerschlag <41317>;1540,875
2005;Lembach im Mühlkreis <41318>;1576,625
2005;Lichtenau im Mühlkreis <41319>;551,375
2005;Nebelberg <41320>;637,75
2005;Neufelden <41321>;1341
2005;Neustift im Mühlkreis <41329>;1471,375
2005;Niederkappel <41322>;1015,25
2005;Niederwaldkirchen <41323>;1747,875
2005;Oberkappel <41324>;740,125
2005;Oepping <41325>;1580,75
2005;Peilstein im Mühlviertel <41326>;1620,25
2005;Pfarrkirchen im Mühlkreis <41327>;1534,625
2005;Putzleinsdorf <41328>;1603,125
2005;Rohrbach in Oberösterreich ^<41330>;2448,125
2005;Rohrbach-Berg <41344>;-
2005;St. Johann am Wimberg <41331>;988
2005;St. Martin im Mühlkreis <41332>;3572,625
2005;St. Oswald bei Haslach <41333>;534,5
2005;St. Peter am Wimberg <41334>;1764,75
2005;St. Stefan-Afiesl <41346>;-
2005;St. Ulrich im Mühlkreis <41336>;636,75
2005;St. Veit im Mühlkreis <41337>;1168,125
2005;Sankt Stefan am Walde ^<41335>;868,25
2005;Sarleinsbach <41338>;2306,625
2005;Schlägl ^<41339>;1397,375
2005;Schönegg ^<41340>;539,5
2005;Schwarzenberg am Böhmerwald <41341>;668,125
2005;Ulrichsberg <41342>;3025,375
2005;Altschwendt <41401>;646,25
2005;Andorf <41402>;4924,75
2005;Brunnenthal <41403>;1995,125
2005;Diersbach <41404>;1645,375
2005;Dorf an der Pram <41405>;1005,25
2005;Eggerding <41406>;1258,375
2005;Engelhartszell <41407>;1110,125
2005;Enzenkirchen <41408>;1763,25
2005;Esternberg <41409>;2815,625
2005;Freinberg <41410>;1472,375
2005;Kopfing im Innkreis <41411>;2032,75
2005;Mayrhof <41412>;262,75
2005;Münzkirchen <41413>;2561
2005;Raab <41414>;2325
2005;Rainbach im Innkreis <41415>;1507,875
2005;Riedau <41416>;2024,75
2005;St. Aegidi <41417>;1619,875
2005;St. Florian am Inn <41418>;3036,75
2005;St. Marienkirchen bei Schärding <41419>;1841,875
2005;St. Roman <41420>;1798,625
2005;St. Willibald <41421>;1141,875
2005;Schardenberg <41423>;2287,5
2005;Schärding <41422>;5053,375
2005;Sigharting <41424>;824,75
2005;Suben <41425>;1416,625
2005;Taufkirchen an der Pram <41426>;2895
2005;Vichtenstein <41427>;715,25
2005;Waldkirchen am Wesen <41428>;1280
2005;Wernstein am Inn <41429>;1595,875
2005;Zell an der Pram <41430>;2035,625
2005;Adlwang <41501>;1648
2005;Aschach an der Steyr <41502>;2179,625
2005;Bad Hall <41503>;4762,625
2005;Dietach <41504>;2566,625
2005;Gaflenz <41505>;1830,125
2005;Garsten <41506>;6581,875
2005;Großraming <41507>;2724,375
2005;Laussa <41508>;1344,75
2005;Losenstein <41509>;1696,25
2005;Maria Neustift <41510>;1660,5
2005;Pfarrkirchen bei Bad Hall <41511>;2126,375
2005;Reichraming <41512>;1880,5
2005;Rohr im Kremstal <41513>;1226,375
2005;St. Ulrich bei Steyr <41514>;3099,625
2005;Schiedlberg <41515>;1271,625
2005;Sierning <41516>;8918,625
2005;Ternberg <41517>;3299,125
2005;Waldneukirchen <41518>;2218
2005;Weyer <41522>;-
2005;Weyer Land ^<41519>;2311,25
2005;Weyer Markt ^<41520>;2256,75
2005;Wolfern <41521>;2891
2005;Alberndorf in der Riedmark <41601>;3703,125
2005;Altenberg bei Linz <41602>;4203,25
2005;Bad Leonfelden <41603>;4013,25
2005;Eidenberg <41604>;1931,125
2005;Engerwitzdorf <41605>;7878,75
2005;Feldkirchen an der Donau <41606>;5206,25
2005;Gallneukirchen <41607>;6250,5
2005;Goldwörth <41608>;885,25
2005;Gramastetten <41609>;4570
2005;Haibach im Mühlkreis <41610>;832,125
2005;Hellmonsödt <41611>;2095,625
2005;Herzogsdorf <41612>;2389,625
2005;Kirchschlag bei Linz <41613>;1958,5
2005;Lichtenberg <41614>;2441,375
2005;Oberneukirchen <41615>;3084,25
2005;Ottenschlag im Mühlkreis <41616>;473,5
2005;Ottensheim <41617>;4415,75
2005;Puchenau <41618>;4537,875
2005;Reichenau im Mühlkreis <41619>;1186,125
2005;Reichenthal <41620>;1415,875
2005;St. Gotthard im Mühlkreis <41621>;1322,125
2005;Schenkenfelden <41622>;1524,875
2005;Sonnberg im Mühlkreis <41623>;805,625
2005;Steyregg <41624>;4753,375
2005;Vorderweißenbach ^<41625>;2057,125
2005;Vorderweißenbach <41628>;-
2005;Walding <41626>;3891,375
2005;Zwettl an der Rodl <41627>;1758,625
2005;Ampflwang im Hausruckwald <41701>;3533
2005;Attersee am Attersee <41702>;1531,625
2005;Attnang-Puchheim <41703>;8974,375
2005;Atzbach <41704>;1155,25
2005;Aurach am Hongar <41705>;1574,5
2005;Berg im Attergau <41706>;995,125
2005;Desselbrunn <41707>;1532,5
2005;Fornach <41708>;914
2005;Frankenburg am Hausruck <41709>;4967,125
2005;Frankenmarkt <41710>;3556
2005;Gampern <41711>;2539,375
2005;Innerschwand am Mondsee <41712>;1045,875
2005;Lenzing an der Ager <41713>;5128,125
2005;Manning <41714>;834,5
2005;Mondsee <41715>;3296,125
2005;Neukirchen an der Vöckla <41716>;2477
2005;Niederthalheim <41717>;1016,375
2005;Nußdorf am Attersee <41718>;1077,625
2005;Oberhofen am Irrsee <41719>;1382,25
2005;Oberndorf bei Schwanenstadt <41720>;1401,625
2005;Oberwang <41721>;1579,125
2005;Ottnang am Hausruck <41722>;3804
2005;Pfaffing <41723>;1370,125
2005;Pilsbach <41724>;630,125
2005;Pitzenberg <41725>;519
2005;Pöndorf <41726>;2257,625
2005;Puchkirchen am Trattberg <41727>;964,375
2005;Pühret <41728>;578,375
2005;Redleiten <41729>;469
2005;Redlham <41730>;1371,5
2005;Regau <41731>;5757,25
2005;Rüstorf <41732>;1944,375
2005;Rutzenham <41733>;235,5
2005;St. Georgen im Attergau <41734>;4118
2005;St. Lorenz <41735>;2103,5
2005;Schlatt <41736>;1361,375
2005;Schörfling am Attersee <41737>;3146,125
2005;Schwanenstadt <41738>;4199,375
2005;Seewalchen am Attersee <41739>;4974,75
2005;Steinbach am Attersee <41740>;834
2005;Straß im Attergau <41741>;1509,875
2005;Tiefgraben <41742>;3318,375
2005;Timelkam <41743>;5962,375
2005;Ungenach <41744>;1358,625
2005;Unterach am Attersee <41745>;1496,625
2005;Vöcklabruck <41746>;11812,125
2005;Vöcklamarkt <41747>;4762,875
2005;Weißenkirchen im Attergau <41748>;942,5
2005;Weyregg am Attersee <41749>;1486,125
2005;Wolfsegg am Hausruck <41750>;2022,125
2005;Zell am Moos <41751>;1483,5
2005;Zell am Pettenfirst <41752>;1204,625
2005;Aichkirchen <41801>;490,625
2005;Bachmanning <41802>;662,875
2005;Bad Wimsbach-Neydharting <41803>;2370,875
2005;Buchkirchen <41804>;3708,25
2005;Eberstalzell <41805>;2236
2005;Edt bei Lambach <41806>;2070,625
2005;Fischlham <41807>;1284,875
2005;Gunskirchen <41808>;5368,375
2005;Holzhausen <41809>;659
2005;Krenglbach <41810>;2797,125
2005;Lambach <41811>;3363,875
2005;Marchtrenk <41812>;11654,375
2005;Neukirchen bei Lambach <41813>;834,5
2005;Offenhausen <41814>;1522
2005;Pennewang <41815>;860,25
2005;Pichl bei Wels <41816>;2815,75
2005;Sattledt <41817>;2281,25
2005;Schleißheim <41818>;1027,25
2005;Sipbachzell <41819>;1753,75
2005;Stadl-Paura <41820>;5046,75
2005;Steinerkirchen an der Traun <41821>;2246,125
2005;Steinhaus <41822>;1813,875
2005;Thalheim bei Wels <41823>;5329
2005;Weißkirchen an der Traun <41824>;2917,75
2006;Linz <40101>;188313,625
2006;Steyr <40201>;39006,75
2006;Wels <40301>;58549,5
2006;Alkoven <40501>;5277,875
2006;Aschach an der Donau <40502>;2198,875
2006;Eferding <40503>;3559,125
2006;Fraham <40504>;2076,625
2006;Haibach ob der Donau <40505>;1294,125
2006;Hartkirchen <40506>;4161,5
2006;Hinzenbach <40507>;1969
2006;Prambachkirchen <40508>;2810,75
2006;Pupping <40509>;1953,375
2006;St. Marienkirchen an der Polsenz <40510>;2292
2006;Scharten <40511>;2158,5
2006;Stroheim <40512>;1542,5
2006;Bad Zell <40627>;2769,375
2006;Freistadt <40601>;7470,125
2006;Grünbach <40602>;1851,375
2006;Gutau <40603>;2690,125
2006;Hagenberg im Mühlkreis <40604>;2532,125
2006;Hirschbach im Mühlkreis <40605>;1147,625
2006;Kaltenberg <40606>;638,125
2006;Kefermarkt <40607>;2105,875
2006;Königswiesen <40608>;3196,375
2006;Lasberg <40609>;2845,875
2006;Leopoldschlag <40610>;1058,25
2006;Liebenau <40611>;1795,75
2006;Neumarkt im Mühlkreis <40612>;3040,125
2006;Pierbach <40613>;990,625
2006;Pregarten <40614>;4853,625
2006;Rainbach im Mühlkreis <40615>;2918,625
2006;Sandl <40616>;1480,5
2006;St. Leonhard bei Freistadt <40617>;1436,875
2006;St. Oswald bei Freistadt <40618>;2714,125
2006;Schönau im Mühlkreis <40619>;1882,125
2006;Tragwein <40620>;3072,5
2006;Unterweißenbach <40621>;2254,375
2006;Unterweitersdorf <40622>;1865,75
2006;Waldburg <40623>;1362,75
2006;Wartberg ob der Aist <40624>;3909,5
2006;Weitersfelden <40625>;1109,5
2006;Windhaag bei Freistadt <40626>;1676
2006;Altmünster <40701>;9584
2006;Bad Goisern am Hallstättersee <40702>;7504,125
2006;Bad Ischl <40703>;14104,375
2006;Ebensee am Traunsee <40704>;8220,75
2006;Gmunden <40705>;13262,25
2006;Gosau <40706>;1893,25
2006;Grünau im Almtal <40707>;2105,625
2006;Gschwandt <40708>;2496,375
2006;Hallstatt <40709>;913
2006;Kirchham <40710>;1889
2006;Laakirchen <40711>;9428,5
2006;Obertraun <40712>;744,5
2006;Ohlsdorf <40713>;4702,375
2006;Pinsdorf <40714>;3581
2006;Roitham am Traunfall <40715>;2017
2006;St. Konrad <40716>;1063,25
2006;St. Wolfgang im Salzkammergut <40717>;2798,75
2006;Scharnstein <40719>;4693,875
2006;Traunkirchen <40718>;1704,25
2006;Vorchdorf <40720>;7275,625
2006;Aistersheim <40801>;805,5
2006;Bad Schallerbach <40802>;3310
2006;Bruck-Waasen ^<40803>;2310,875
2006;Eschenau im Hausruckkreis <40804>;1131,125
2006;Gallspach <40805>;2626,75
2006;Gaspoltshofen <40806>;3575,125
2006;Geboltskirchen <40807>;1386,625
2006;Grieskirchen <40808>;4863,5
2006;Haag am Hausruck <40809>;2140,375
2006;Heiligenberg <40810>;699,875
2006;Hofkirchen an der Trattnach <40811>;1483,125
2006;Kallham <40812>;2534,625
2006;Kematen am Innbach <40813>;1346,25
2006;Meggenhofen <40814>;1301,625
2006;Michaelnbach <40815>;1277,875
2006;Natternbach <40816>;2355,125
2006;Neukirchen am Walde <40817>;1616,125
2006;Neumarkt im Hausruckkreis <40818>;1496,25
2006;Peuerbach ^<40819>;2164,375
2006;Peuerbach <40835>;-
2006;Pollham <40821>;936,875
2006;Pötting <40820>;538
2006;Pram <40822>;1796,75
2006;Rottenbach <40823>;1086,375
2006;St. Agatha <40824>;2155,25
2006;St. Georgen bei Grieskirchen <40825>;1165,875
2006;St. Thomas <40826>;468,375
2006;Schlüßlberg <40827>;3012,375
2006;Steegen <40828>;1056,25
2006;Taufkirchen an der Trattnach <40829>;2053,125
2006;Tollet <40830>;846,875
2006;Waizenkirchen <40831>;3666,75
2006;Wallern an der Trattnach <40832>;2887,25
2006;Weibern <40833>;1613,375
2006;Wendling <40834>;810,375
2006;Edlbach <40901>;663,875
2006;Grünburg <40902>;3883,125
2006;Hinterstoder <40903>;970,125
2006;Inzersdorf im Kremstal <40904>;1823,375
2006;Kirchdorf an der Krems <40905>;4053,5
2006;Klaus an der Pyhrnbahn <40906>;1160,375
2006;Kremsmünster <40907>;6433,875
2006;Micheldorf in Oberösterreich <40908>;5953,375
2006;Molln <40909>;3684,75
2006;Nußbach <40910>;2298,5
2006;Oberschlierbach <40911>;471,75
2006;Pettenbach <40912>;4850,875
2006;Ried im Traunkreis <40913>;2515,75
2006;Rosenau am Hengstpaß <40914>;728,625
2006;Roßleithen <40915>;1853,625
2006;St. Pankraz <40916>;373
2006;Schlierbach <40917>;2745,125
2006;Spital am Pyhrn <40918>;2213
2006;Steinbach am Ziehberg <40919>;858,125
2006;Steinbach an der Steyr <40920>;1993,5
2006;Vorderstoder <40921>;762
2006;Wartberg an der Krems <40922>;2934,125
2006;Windischgarsten <40923>;2449
2006;Allhaming <41001>;1011,5
2006;Ansfelden <41002>;15516,875
2006;Asten <41003>;6265,375
2006;Eggendorf im Traunkreis <41004>;731,625
2006;Enns <41005>;11001
2006;Hargelsberg <41006>;1141,375
2006;Hofkirchen im Traunkreis <41008>;1508,125
2006;Hörsching <41007>;5422,625
2006;Kematen an der Krems <41009>;2265,75
2006;Kirchberg-Thening <41010>;2241,625
2006;Kronstorf <41011>;3137,5
2006;Leonding <41012>;23369,875
2006;Neuhofen an der Krems <41014>;5509,5
2006;Niederneukirchen <41015>;1883,5
2006;Oftering <41016>;1857,875
2006;Pasching <41017>;6522,125
2006;Piberbach <41018>;1781
2006;Pucking <41019>;3669,875
2006;St. Florian <41013>;5587,5
2006;St. Marien <41020>;4367,875
2006;Traun <41021>;23921,75
2006;Wilhering <41022>;5560,875
2006;Allerheiligen im Mühlkreis <41101>;1145,5
2006;Arbing <41102>;1332,625
2006;Bad Kreuzen <41108>;2437
2006;Baumgartenberg <41103>;1489
2006;Dimbach <41104>;1080,125
2006;Grein <41105>;3123,5
2006;Katsdorf <41106>;2799,75
2006;Klam <41107>;867,75
2006;Langenstein <41109>;2674,875
2006;Luftenberg an der Donau <41110>;3729,75
2006;Mauthausen <41111>;4849,625
2006;Mitterkirchen im Machland <41112>;1699,75
2006;Münzbach <41113>;1710
2006;Naarn im Machlande <41114>;3383,25
2006;Pabneukirchen <41115>;1723,125
2006;Perg <41116>;7512,5
2006;Rechberg <41117>;920,125
2006;Ried in der Riedmark <41118>;3911,625
2006;St. Georgen am Walde <41119>;2147,625
2006;St. Georgen an der Gusen <41120>;3649,125
2006;St. Nikola an der Donau <41121>;857,75
2006;St. Thomas am Blasenstein <41122>;880,5
2006;Saxen <41123>;1729,375
2006;Schwertberg <41124>;5266,5
2006;Waldhausen im Strudengau <41125>;2947,375
2006;Windhaag bei Perg <41126>;1413,75
2006;Andrichsfurt <41201>;718,375
2006;Antiesenhofen <41202>;1109,625
2006;Aurolzmünster <41203>;2955,375
2006;Eberschwang <41204>;3325,75
2006;Eitzing <41205>;720,375
2006;Geiersberg <41206>;551,75
2006;Geinberg <41207>;1338,5
2006;Gurten <41208>;1157,125
2006;Hohenzell <41209>;2043,5
2006;Kirchdorf am Inn <41210>;595,75
2006;Kirchheim im Innkreis <41211>;695,875
2006;Lambrechten <41212>;1325,375
2006;Lohnsburg am Kobernaußerwald <41213>;2265,375
2006;Mehrnbach <41214>;2302,625
2006;Mettmach <41215>;2545,375
2006;Mörschwang <41216>;292
2006;Mühlheim am Inn <41217>;641,625
2006;Neuhofen im Innkreis <41218>;2176
2006;Obernberg am Inn <41219>;1580,875
2006;Ort im Innkreis <41220>;1216,5
2006;Pattigham <41221>;799,5
2006;Peterskirchen <41222>;693,125
2006;Pramet <41223>;993,125
2006;Reichersberg <41224>;1392,125
2006;Ried im Innkreis <41225>;11584,875
2006;St. Georgen bei Obernberg am Inn <41226>;612,625
2006;St. Marienkirchen am Hausruck <41227>;777,125
2006;St. Martin im Innkreis <41228>;1742
2006;Schildorn <41229>;1107,125
2006;Senftenbach <41230>;744
2006;Taiskirchen im Innkreis <41231>;2387,125
2006;Tumeltsham <41232>;1501,625
2006;Utzenaich <41233>;1547,25
2006;Waldzell <41234>;2100,75
2006;Weilbach <41235>;628,875
2006;Wippenham <41236>;550,875
2006;Afiesl ^<41301>;430,25
2006;Ahorn ^<41302>;491,375
2006;Aigen im Mühlkreis ^<41303>;1880,5
2006;Aigen-Schlägl <41343>;-
2006;Altenfelden <41304>;2181
2006;Arnreit <41305>;1092,25
2006;Atzesberg <41306>;469,125
2006;Auberg <41307>;546,625
2006;Berg bei Rohrbach ^<41308>;2659,75
2006;Haslach an der Mühl <41309>;2585,375
2006;Helfenberg ^<41310>;1002,25
2006;Helfenberg <41345>;-
2006;Hofkirchen im Mühlkreis <41312>;1424,875
2006;Hörbich <41311>;414,625
2006;Julbach <41313>;1603,875
2006;Kirchberg ob der Donau <41314>;1111,75
2006;Klaffer am Hochficht <41315>;1303,625
2006;Kleinzell im Mühlkreis <41316>;1426,5
2006;Kollerschlag <41317>;1534,125
2006;Lembach im Mühlkreis <41318>;1572,375
2006;Lichtenau im Mühlkreis <41319>;549,875
2006;Nebelberg <41320>;630,25
2006;Neufelden <41321>;1325,625
2006;Neustift im Mühlkreis <41329>;1468,875
2006;Niederkappel <41322>;1022
2006;Niederwaldkirchen <41323>;1741,75
2006;Oberkappel <41324>;753,625
2006;Oepping <41325>;1582,125
2006;Peilstein im Mühlviertel <41326>;1624,75
2006;Pfarrkirchen im Mühlkreis <41327>;1546,375
2006;Putzleinsdorf <41328>;1596,5
2006;Rohrbach in Oberösterreich ^<41330>;2468
2006;Rohrbach-Berg <41344>;-
2006;St. Johann am Wimberg <41331>;975,125
2006;St. Martin im Mühlkreis <41332>;3589,25
2006;St. Oswald bei Haslach <41333>;528,125
2006;St. Peter am Wimberg <41334>;1778,875
2006;St. Stefan-Afiesl <41346>;-
2006;St. Ulrich im Mühlkreis <41336>;635
2006;St. Veit im Mühlkreis <41337>;1165,5
2006;Sankt Stefan am Walde ^<41335>;853,875
2006;Sarleinsbach <41338>;2286,25
2006;Schlägl ^<41339>;1376,25
2006;Schönegg ^<41340>;539,875
2006;Schwarzenberg am Böhmerwald <41341>;671
2006;Ulrichsberg <41342>;3021,625
2006;Altschwendt <41401>;632,125
2006;Andorf <41402>;4963
2006;Brunnenthal <41403>;1997,5
2006;Diersbach <41404>;1629,25
2006;Dorf an der Pram <41405>;1009,875
2006;Eggerding <41406>;1267,125
2006;Engelhartszell <41407>;1083,875
2006;Enzenkirchen <41408>;1786,875
2006;Esternberg <41409>;2794,25
2006;Freinberg <41410>;1488,125
2006;Kopfing im Innkreis <41411>;2013,375
2006;Mayrhof <41412>;264
2006;Münzkirchen <41413>;2535,25
2006;Raab <41414>;2319,25
2006;Rainbach im Innkreis <41415>;1503,875
2006;Riedau <41416>;2020
2006;St. Aegidi <41417>;1618,375
2006;St. Florian am Inn <41418>;3076,25
2006;St. Marienkirchen bei Schärding <41419>;1867,75
2006;St. Roman <41420>;1795,375
2006;St. Willibald <41421>;1133,125
2006;Schardenberg <41423>;2291,5
2006;Schärding <41422>;5022,75
2006;Sigharting <41424>;815,625
2006;Suben <41425>;1415,875
2006;Taufkirchen an der Pram <41426>;2893,75
2006;Vichtenstein <41427>;705,25
2006;Waldkirchen am Wesen <41428>;1277,625
2006;Wernstein am Inn <41429>;1565,375
2006;Zell an der Pram <41430>;2020,375
2006;Adlwang <41501>;1669,875
2006;Aschach an der Steyr <41502>;2192,5
2006;Bad Hall <41503>;4797
2006;Dietach <41504>;2580,875
2006;Gaflenz <41505>;1842,125
2006;Garsten <41506>;6639,375
2006;Großraming <41507>;2724
2006;Laussa <41508>;1340,625
2006;Losenstein <41509>;1694,75
2006;Maria Neustift <41510>;1639,75
2006;Pfarrkirchen bei Bad Hall <41511>;2116,5
2006;Reichraming <41512>;1856,875
2006;Rohr im Kremstal <41513>;1223,5
2006;St. Ulrich bei Steyr <41514>;3108,75
2006;Schiedlberg <41515>;1281,25
2006;Sierning <41516>;9026,875
2006;Ternberg <41517>;3290,5
2006;Waldneukirchen <41518>;2219
2006;Weyer <41522>;561,25
2006;Weyer Land ^<41519>;1997,375
2006;Weyer Markt ^<41520>;1965,625
2006;Wolfern <41521>;2919,875
2006;Alberndorf in der Riedmark <41601>;3746
2006;Altenberg bei Linz <41602>;4235,25
2006;Bad Leonfelden <41603>;4041,25
2006;Eidenberg <41604>;1957,375
2006;Engerwitzdorf <41605>;8008,875
2006;Feldkirchen an der Donau <41606>;5224,625
2006;Gallneukirchen <41607>;6300,5
2006;Goldwörth <41608>;897,5
2006;Gramastetten <41609>;4566,375
2006;Haibach im Mühlkreis <41610>;836,625
2006;Hellmonsödt <41611>;2125,75
2006;Herzogsdorf <41612>;2385,125
2006;Kirchschlag bei Linz <41613>;1967,25
2006;Lichtenberg <41614>;2483,75
2006;Oberneukirchen <41615>;3103,25
2006;Ottenschlag im Mühlkreis <41616>;473,75
2006;Ottensheim <41617>;4468,125
2006;Puchenau <41618>;4501,5
2006;Reichenau im Mühlkreis <41619>;1190,25
2006;Reichenthal <41620>;1424,5
2006;St. Gotthard im Mühlkreis <41621>;1321,625
2006;Schenkenfelden <41622>;1548,375
2006;Sonnberg im Mühlkreis <41623>;804,125
2006;Steyregg <41624>;4758,875
2006;Vorderweißenbach ^<41625>;2058,375
2006;Vorderweißenbach <41628>;-
2006;Walding <41626>;3886,25
2006;Zwettl an der Rodl <41627>;1751,125
2006;Ampflwang im Hausruckwald <41701>;3552
2006;Attersee am Attersee <41702>;1544,25
2006;Attnang-Puchheim <41703>;8992,25
2006;Atzbach <41704>;1163,875
2006;Aurach am Hongar <41705>;1564,75
2006;Berg im Attergau <41706>;977
2006;Desselbrunn <41707>;1527
2006;Fornach <41708>;923,875
2006;Frankenburg am Hausruck <41709>;4954,875
2006;Frankenmarkt <41710>;3560,5
2006;Gampern <41711>;2558,5
2006;Innerschwand am Mondsee <41712>;1058,5
2006;Lenzing an der Ager <41713>;5133,625
2006;Manning <41714>;832,125
2006;Mondsee <41715>;3326,25
2006;Neukirchen an der Vöckla <41716>;2472,125
2006;Niederthalheim <41717>;1007,375
2006;Nußdorf am Attersee <41718>;1089,25
2006;Oberhofen am Irrsee <41719>;1413
2006;Oberndorf bei Schwanenstadt <41720>;1411,125
2006;Oberwang <41721>;1589,625
2006;Ottnang am Hausruck <41722>;3811
2006;Pfaffing <41723>;1366,75
2006;Pilsbach <41724>;632
2006;Pitzenberg <41725>;521,125
2006;Pöndorf <41726>;2276,375
2006;Puchkirchen am Trattberg <41727>;962,25
2006;Pühret <41728>;578,75
2006;Redleiten <41729>;479,875
2006;Redlham <41730>;1405,25
2006;Regau <41731>;5839,5
2006;Rüstorf <41732>;1942,5
2006;Rutzenham <41733>;238,5
2006;St. Georgen im Attergau <41734>;4121,75
2006;St. Lorenz <41735>;2141,875
2006;Schlatt <41736>;1360,125
2006;Schörfling am Attersee <41737>;3158,125
2006;Schwanenstadt <41738>;4234,5
2006;Seewalchen am Attersee <41739>;5020,75
2006;Steinbach am Attersee <41740>;851,625
2006;Straß im Attergau <41741>;1497,125
2006;Tiefgraben <41742>;3397,5
2006;Timelkam <41743>;5980,875
2006;Ungenach <41744>;1371,625
2006;Unterach am Attersee <41745>;1503
2006;Vöcklabruck <41746>;11915,5
2006;Vöcklamarkt <41747>;4750,125
2006;Weißenkirchen im Attergau <41748>;947
2006;Weyregg am Attersee <41749>;1493,375
2006;Wolfsegg am Hausruck <41750>;2029,875
2006;Zell am Moos <41751>;1494,25
2006;Zell am Pettenfirst <41752>;1193,875
2006;Aichkirchen <41801>;499,875
2006;Bachmanning <41802>;649,125
2006;Bad Wimsbach-Neydharting <41803>;2379,125
2006;Buchkirchen <41804>;3687,5
2006;Eberstalzell <41805>;2263,625
2006;Edt bei Lambach <41806>;2090
2006;Fischlham <41807>;1289,375
2006;Gunskirchen <41808>;5383,25
2006;Holzhausen <41809>;671,875
2006;Krenglbach <41810>;2840,375
2006;Lambach <41811>;3396,375
2006;Marchtrenk <41812>;11724
2006;Neukirchen bei Lambach <41813>;846,375
2006;Offenhausen <41814>;1534,75
2006;Pennewang <41815>;859,625
2006;Pichl bei Wels <41816>;2804,5
2006;Sattledt <41817>;2270,5
2006;Schleißheim <41818>;1074,875
2006;Sipbachzell <41819>;1761,375
2006;Stadl-Paura <41820>;5028,5
2006;Steinerkirchen an der Traun <41821>;2267,5
2006;Steinhaus <41822>;1812,75
2006;Thalheim bei Wels <41823>;5355,375
2006;Weißkirchen an der Traun <41824>;2963
2007;Linz <40101>;188434,5
2007;Steyr <40201>;38789,875
2007;Wels <40301>;58557,25
2007;Alkoven <40501>;5277,5
2007;Aschach an der Donau <40502>;2190,875
2007;Eferding <40503>;3571,25
2007;Fraham <40504>;2126,125
2007;Haibach ob der Donau <40505>;1307,375
2007;Hartkirchen <40506>;4183,75
2007;Hinzenbach <40507>;1975,5
2007;Prambachkirchen <40508>;2845,25
2007;Pupping <40509>;1973,625
2007;St. Marienkirchen an der Polsenz <40510>;2299,25
2007;Scharten <40511>;2166,25
2007;Stroheim <40512>;1534,25
2007;Bad Zell <40627>;2749,125
2007;Freistadt <40601>;7450,5
2007;Grünbach <40602>;1856
2007;Gutau <40603>;2654
2007;Hagenberg im Mühlkreis <40604>;2547,25
2007;Hirschbach im Mühlkreis <40605>;1134,25
2007;Kaltenberg <40606>;639,625
2007;Kefermarkt <40607>;2096,5
2007;Königswiesen <40608>;3179,75
2007;Lasberg <40609>;2839,125
2007;Leopoldschlag <40610>;1055,5
2007;Liebenau <40611>;1768,875
2007;Neumarkt im Mühlkreis <40612>;3065,375
2007;Pierbach <40613>;1002,625
2007;Pregarten <40614>;4901,125
2007;Rainbach im Mühlkreis <40615>;2926
2007;Sandl <40616>;1475,25
2007;St. Leonhard bei Freistadt <40617>;1435,125
2007;St. Oswald bei Freistadt <40618>;2709,375
2007;Schönau im Mühlkreis <40619>;1875,25
2007;Tragwein <40620>;3088,75
2007;Unterweißenbach <40621>;2294,5
2007;Unterweitersdorf <40622>;1915,5
2007;Waldburg <40623>;1349,75
2007;Wartberg ob der Aist <40624>;3941,125
2007;Weitersfelden <40625>;1087,125
2007;Windhaag bei Freistadt <40626>;1672,25
2007;Altmünster <40701>;9566,625
2007;Bad Goisern am Hallstättersee <40702>;7542,375
2007;Bad Ischl <40703>;14023
2007;Ebensee am Traunsee <40704>;8122
2007;Gmunden <40705>;13161,75
2007;Gosau <40706>;1899,375
2007;Grünau im Almtal <40707>;2122,625
2007;Gschwandt <40708>;2504,75
2007;Hallstatt <40709>;889,125
2007;Kirchham <40710>;1885,875
2007;Laakirchen <40711>;9464,75
2007;Obertraun <40712>;749,625
2007;Ohlsdorf <40713>;4710,25
2007;Pinsdorf <40714>;3601,75
2007;Roitham am Traunfall <40715>;2020,625
2007;St. Konrad <40716>;1077,125
2007;St. Wolfgang im Salzkammergut <40717>;2807,375
2007;Scharnstein <40719>;4696,5
2007;Traunkirchen <40718>;1683,75
2007;Vorchdorf <40720>;7317,625
2007;Aistersheim <40801>;803,125
2007;Bad Schallerbach <40802>;3316,375
2007;Bruck-Waasen ^<40803>;2311,375
2007;Eschenau im Hausruckkreis <40804>;1120,875
2007;Gallspach <40805>;2602,875
2007;Gaspoltshofen <40806>;3556,875
2007;Geboltskirchen <40807>;1395,625
2007;Grieskirchen <40808>;4872,875
2007;Haag am Hausruck <40809>;2148,625
2007;Heiligenberg <40810>;698,75
2007;Hofkirchen an der Trattnach <40811>;1495,5
2007;Kallham <40812>;2515,75
2007;Kematen am Innbach <40813>;1345,5
2007;Meggenhofen <40814>;1314,625
2007;Michaelnbach <40815>;1285,5
2007;Natternbach <40816>;2350,125
2007;Neukirchen am Walde <40817>;1615,625
2007;Neumarkt im Hausruckkreis <40818>;1522,625
2007;Peuerbach ^<40819>;2142,25
2007;Peuerbach <40835>;-
2007;Pollham <40821>;944,625
2007;Pötting <40820>;535
2007;Pram <40822>;1768,25
2007;Rottenbach <40823>;1083
2007;St. Agatha <40824>;2155,375
2007;St. Georgen bei Grieskirchen <40825>;1157,25
2007;St. Thomas <40826>;461,375
2007;Schlüßlberg <40827>;3001,875
2007;Steegen <40828>;1058
2007;Taufkirchen an der Trattnach <40829>;2034,375
2007;Tollet <40830>;845,125
2007;Waizenkirchen <40831>;3649,125
2007;Wallern an der Trattnach <40832>;2880,625
2007;Weibern <40833>;1622,5
2007;Wendling <40834>;813,875
2007;Edlbach <40901>;660,625
2007;Grünburg <40902>;3862,25
2007;Hinterstoder <40903>;960,375
2007;Inzersdorf im Kremstal <40904>;1836,125
2007;Kirchdorf an der Krems <40905>;4092,25
2007;Klaus an der Pyhrnbahn <40906>;1163,5
2007;Kremsmünster <40907>;6428,25
2007;Micheldorf in Oberösterreich <40908>;5962,625
2007;Molln <40909>;3652,875
2007;Nußbach <40910>;2289,25
2007;Oberschlierbach <40911>;467,75
2007;Pettenbach <40912>;4893,5
2007;Ried im Traunkreis <40913>;2504,625
2007;Rosenau am Hengstpaß <40914>;732,875
2007;Roßleithen <40915>;1846,625
2007;St. Pankraz <40916>;360,5
2007;Schlierbach <40917>;2749,875
2007;Spital am Pyhrn <40918>;2206
2007;Steinbach am Ziehberg <40919>;854,125
2007;Steinbach an der Steyr <40920>;1990,125
2007;Vorderstoder <40921>;766
2007;Wartberg an der Krems <40922>;2946,875
2007;Windischgarsten <40923>;2445,875
2007;Allhaming <41001>;1004,875
2007;Ansfelden <41002>;15694,25
2007;Asten <41003>;6271
2007;Eggendorf im Traunkreis <41004>;738,625
2007;Enns <41005>;11167,25
2007;Hargelsberg <41006>;1150,875
2007;Hofkirchen im Traunkreis <41008>;1590,125
2007;Hörsching <41007>;5515,125
2007;Kematen an der Krems <41009>;2299,875
2007;Kirchberg-Thening <41010>;2270,75
2007;Kronstorf <41011>;3129
2007;Leonding <41012>;23796,125
2007;Neuhofen an der Krems <41014>;5548,625
2007;Niederneukirchen <41015>;1897,25
2007;Oftering <41016>;1885,625
2007;Pasching <41017>;6585,5
2007;Piberbach <41018>;1826,5
2007;Pucking <41019>;3669,75
2007;St. Florian <41013>;5694
2007;St. Marien <41020>;4425,375
2007;Traun <41021>;23824,25
2007;Wilhering <41022>;5618,75
2007;Allerheiligen im Mühlkreis <41101>;1161,625
2007;Arbing <41102>;1334,5
2007;Bad Kreuzen <41108>;2453,125
2007;Baumgartenberg <41103>;1570,625
2007;Dimbach <41104>;1066,25
2007;Grein <41105>;3123,25
2007;Katsdorf <41106>;2772,125
2007;Klam <41107>;876,125
2007;Langenstein <41109>;2667
2007;Luftenberg an der Donau <41110>;3761
2007;Mauthausen <41111>;4825,875
2007;Mitterkirchen im Machland <41112>;1694,75
2007;Münzbach <41113>;1721,875
2007;Naarn im Machlande <41114>;3421,125
2007;Pabneukirchen <41115>;1729,5
2007;Perg <41116>;7533,125
2007;Rechberg <41117>;913,375
2007;Ried in der Riedmark <41118>;3984,625
2007;St. Georgen am Walde <41119>;2132,375
2007;St. Georgen an der Gusen <41120>;3649,125
2007;St. Nikola an der Donau <41121>;845
2007;St. Thomas am Blasenstein <41122>;878,5
2007;Saxen <41123>;1705,875
2007;Schwertberg <41124>;5241,75
2007;Waldhausen im Strudengau <41125>;2943,375
2007;Windhaag bei Perg <41126>;1410,5
2007;Andrichsfurt <41201>;725,125
2007;Antiesenhofen <41202>;1123,125
2007;Aurolzmünster <41203>;2960,375
2007;Eberschwang <41204>;3360,625
2007;Eitzing <41205>;729,375
2007;Geiersberg <41206>;553,5
2007;Geinberg <41207>;1345,75
2007;Gurten <41208>;1157,75
2007;Hohenzell <41209>;2031,875
2007;Kirchdorf am Inn <41210>;604,875
2007;Kirchheim im Innkreis <41211>;696,5
2007;Lambrechten <41212>;1322,5
2007;Lohnsburg am Kobernaußerwald <41213>;2258,375
2007;Mehrnbach <41214>;2289
2007;Mettmach <41215>;2513,625
2007;Mörschwang <41216>;292,875
2007;Mühlheim am Inn <41217>;641,5
2007;Neuhofen im Innkreis <41218>;2173,5
2007;Obernberg am Inn <41219>;1526,125
2007;Ort im Innkreis <41220>;1226,875
2007;Pattigham <41221>;814,625
2007;Peterskirchen <41222>;691,875
2007;Pramet <41223>;997,75
2007;Reichersberg <41224>;1375,125
2007;Ried im Innkreis <41225>;11560,625
2007;St. Georgen bei Obernberg am Inn <41226>;607,875
2007;St. Marienkirchen am Hausruck <41227>;796,75
2007;St. Martin im Innkreis <41228>;1761,5
2007;Schildorn <41229>;1104,125
2007;Senftenbach <41230>;736,375
2007;Taiskirchen im Innkreis <41231>;2402,875
2007;Tumeltsham <41232>;1514,75
2007;Utzenaich <41233>;1519,125
2007;Waldzell <41234>;2115,875
2007;Weilbach <41235>;626,875
2007;Wippenham <41236>;548,625
2007;Afiesl ^<41301>;425
2007;Ahorn ^<41302>;486,875
2007;Aigen im Mühlkreis ^<41303>;1885,25
2007;Aigen-Schlägl <41343>;-
2007;Altenfelden <41304>;2176,75
2007;Arnreit <41305>;1119,875
2007;Atzesberg <41306>;471,25
2007;Auberg <41307>;548,25
2007;Berg bei Rohrbach ^<41308>;2654,875
2007;Haslach an der Mühl <41309>;2598,625
2007;Helfenberg ^<41310>;997,625
2007;Helfenberg <41345>;-
2007;Hofkirchen im Mühlkreis <41312>;1425,875
2007;Hörbich <41311>;415,625
2007;Julbach <41313>;1607
2007;Kirchberg ob der Donau <41314>;1086,875
2007;Klaffer am Hochficht <41315>;1290,625
2007;Kleinzell im Mühlkreis <41316>;1421,125
2007;Kollerschlag <41317>;1528,875
2007;Lembach im Mühlkreis <41318>;1587,5
2007;Lichtenau im Mühlkreis <41319>;544,375
2007;Nebelberg <41320>;623,75
2007;Neufelden <41321>;1325,75
2007;Neustift im Mühlkreis <41329>;1464,375
2007;Niederkappel <41322>;1011
2007;Niederwaldkirchen <41323>;1738,75
2007;Oberkappel <41324>;759,125
2007;Oepping <41325>;1573,625
2007;Peilstein im Mühlviertel <41326>;1629,875
2007;Pfarrkirchen im Mühlkreis <41327>;1541,75
2007;Putzleinsdorf <41328>;1606,875
2007;Rohrbach in Oberösterreich ^<41330>;2461,5
2007;Rohrbach-Berg <41344>;-
2007;St. Johann am Wimberg <41331>;985,375
2007;St. Martin im Mühlkreis <41332>;3601,25
2007;St. Oswald bei Haslach <41333>;523,625
2007;St. Peter am Wimberg <41334>;1806,875
2007;St. Stefan-Afiesl <41346>;-
2007;St. Ulrich im Mühlkreis <41336>;636,875
2007;St. Veit im Mühlkreis <41337>;1175
2007;Sankt Stefan am Walde ^<41335>;842,75
2007;Sarleinsbach <41338>;2271,5
2007;Schlägl ^<41339>;1345,25
2007;Schönegg ^<41340>;535
2007;Schwarzenberg am Böhmerwald <41341>;667
2007;Ulrichsberg <41342>;3002,875
2007;Altschwendt <41401>;633,5
2007;Andorf <41402>;5004,125
2007;Brunnenthal <41403>;1992,625
2007;Diersbach <41404>;1635,5
2007;Dorf an der Pram <41405>;1018,625
2007;Eggerding <41406>;1268,625
2007;Engelhartszell <41407>;1060,75
2007;Enzenkirchen <41408>;1796
2007;Esternberg <41409>;2797
2007;Freinberg <41410>;1496,875
2007;Kopfing im Innkreis <41411>;2004,25
2007;Mayrhof <41412>;275,5
2007;Münzkirchen <41413>;2572
2007;Raab <41414>;2298,875
2007;Rainbach im Innkreis <41415>;1509,375
2007;Riedau <41416>;2033,25
2007;St. Aegidi <41417>;1628,5
2007;St. Florian am Inn <41418>;3101
2007;St. Marienkirchen bei Schärding <41419>;1871
2007;St. Roman <41420>;1784,25
2007;St. Willibald <41421>;1147
2007;Schardenberg <41423>;2297,625
2007;Schärding <41422>;4979,625
2007;Sigharting <41424>;798,375
2007;Suben <41425>;1415,75
2007;Taufkirchen an der Pram <41426>;2879,625
2007;Vichtenstein <41427>;685,125
2007;Waldkirchen am Wesen <41428>;1272
2007;Wernstein am Inn <41429>;1550,875
2007;Zell an der Pram <41430>;2013,75
2007;Adlwang <41501>;1689,5
2007;Aschach an der Steyr <41502>;2212,5
2007;Bad Hall <41503>;4804,25
2007;Dietach <41504>;2617,5
2007;Gaflenz <41505>;1847,125
2007;Garsten <41506>;6693,75
2007;Großraming <41507>;2714,5
2007;Laussa <41508>;1339,75
2007;Losenstein <41509>;1685,875
2007;Maria Neustift <41510>;1637,75
2007;Pfarrkirchen bei Bad Hall <41511>;2132,625
2007;Reichraming <41512>;1842,5
2007;Rohr im Kremstal <41513>;1247,5
2007;St. Ulrich bei Steyr <41514>;3091,25
2007;Schiedlberg <41515>;1266,125
2007;Sierning <41516>;9065,25
2007;Ternberg <41517>;3309,375
2007;Waldneukirchen <41518>;2212
2007;Weyer <41522>;4471,875
2007;Weyer Land ^<41519>;-
2007;Weyer Markt ^<41520>;-
2007;Wolfern <41521>;2924
2007;Alberndorf in der Riedmark <41601>;3744
2007;Altenberg bei Linz <41602>;4257,875
2007;Bad Leonfelden <41603>;4047,125
2007;Eidenberg <41604>;1968,125
2007;Engerwitzdorf <41605>;8160,125
2007;Feldkirchen an der Donau <41606>;5190
2007;Gallneukirchen <41607>;6308
2007;Goldwörth <41608>;912,5
2007;Gramastetten <41609>;4600,125
2007;Haibach im Mühlkreis <41610>;856,75
2007;Hellmonsödt <41611>;2144
2007;Herzogsdorf <41612>;2385,875
2007;Kirchschlag bei Linz <41613>;1979,25
2007;Lichtenberg <41614>;2572,75
2007;Oberneukirchen <41615>;3098,75
2007;Ottenschlag im Mühlkreis <41616>;481,125
2007;Ottensheim <41617>;4460
2007;Puchenau <41618>;4458,25
2007;Reichenau im Mühlkreis <41619>;1181,5
2007;Reichenthal <41620>;1424,5
2007;St. Gotthard im Mühlkreis <41621>;1305
2007;Schenkenfelden <41622>;1559,25
2007;Sonnberg im Mühlkreis <41623>;809,125
2007;Steyregg <41624>;4720,625
2007;Vorderweißenbach ^<41625>;2031,875
2007;Vorderweißenbach <41628>;-
2007;Walding <41626>;3865,125
2007;Zwettl an der Rodl <41627>;1756,125
2007;Ampflwang im Hausruckwald <41701>;3536,625
2007;Attersee am Attersee <41702>;1556,25
2007;Attnang-Puchheim <41703>;9008,375
2007;Atzbach <41704>;1172,75
2007;Aurach am Hongar <41705>;1584,125
2007;Berg im Attergau <41706>;987,5
2007;Desselbrunn <41707>;1557,375
2007;Fornach <41708>;922
2007;Frankenburg am Hausruck <41709>;4930,5
2007;Frankenmarkt <41710>;3529,5
2007;Gampern <41711>;2585,75
2007;Innerschwand am Mondsee <41712>;1069,5
2007;Lenzing an der Ager <41713>;5092,5
2007;Manning <41714>;814,875
2007;Mondsee <41715>;3351,625
2007;Neukirchen an der Vöckla <41716>;2454,625
2007;Niederthalheim <41717>;1010,25
2007;Nußdorf am Attersee <41718>;1096,125
2007;Oberhofen am Irrsee <41719>;1430,75
2007;Oberndorf bei Schwanenstadt <41720>;1424
2007;Oberwang <41721>;1601
2007;Ottnang am Hausruck <41722>;3806
2007;Pfaffing <41723>;1371
2007;Pilsbach <41724>;630,75
2007;Pitzenberg <41725>;517,875
2007;Pöndorf <41726>;2296,125
2007;Puchkirchen am Trattberg <41727>;957,25
2007;Pühret <41728>;583
2007;Redleiten <41729>;479,125
2007;Redlham <41730>;1418,875
2007;Regau <41731>;5922
2007;Rüstorf <41732>;1934,125
2007;Rutzenham <41733>;241,125
2007;St. Georgen im Attergau <41734>;4088,375
2007;St. Lorenz <41735>;2175,375
2007;Schlatt <41736>;1353,125
2007;Schörfling am Attersee <41737>;3159,75
2007;Schwanenstadt <41738>;4255,125
2007;Seewalchen am Attersee <41739>;5100,25
2007;Steinbach am Attersee <41740>;847,375
2007;Straß im Attergau <41741>;1496
2007;Tiefgraben <41742>;3453,5
2007;Timelkam <41743>;5966,875
2007;Ungenach <41744>;1390,125
2007;Unterach am Attersee <41745>;1499,375
2007;Vöcklabruck <41746>;11898,25
2007;Vöcklamarkt <41747>;4739,625
2007;Weißenkirchen im Attergau <41748>;938,875
2007;Weyregg am Attersee <41749>;1492,125
2007;Wolfsegg am Hausruck <41750>;2022
2007;Zell am Moos <41751>;1500,125
2007;Zell am Pettenfirst <41752>;1181,625
2007;Aichkirchen <41801>;504,375
2007;Bachmanning <41802>;641,5
2007;Bad Wimsbach-Neydharting <41803>;2395,5
2007;Buchkirchen <41804>;3717,75
2007;Eberstalzell <41805>;2281,75
2007;Edt bei Lambach <41806>;2096,875
2007;Fischlham <41807>;1306,125
2007;Gunskirchen <41808>;5467,75
2007;Holzhausen <41809>;688,875
2007;Krenglbach <41810>;2893,25
2007;Lambach <41811>;3375,25
2007;Marchtrenk <41812>;11835,375
2007;Neukirchen bei Lambach <41813>;847,875
2007;Offenhausen <41814>;1567,125
2007;Pennewang <41815>;858,625
2007;Pichl bei Wels <41816>;2816,5
2007;Sattledt <41817>;2277,625
2007;Schleißheim <41818>;1116
2007;Sipbachzell <41819>;1769,375
2007;Stadl-Paura <41820>;5048,375
2007;Steinerkirchen an der Traun <41821>;2293
2007;Steinhaus <41822>;1818,25
2007;Thalheim bei Wels <41823>;5443,125
2007;Weißkirchen an der Traun <41824>;3009,375
2008;Linz <40101>;188575,125
2008;Steyr <40201>;38521,875
2008;Wels <40301>;58444,375
2008;Alkoven <40501>;5309,75
2008;Aschach an der Donau <40502>;2191,5
2008;Eferding <40503>;3622,125
2008;Fraham <40504>;2147,625
2008;Haibach ob der Donau <40505>;1313,375
2008;Hartkirchen <40506>;4185,125
2008;Hinzenbach <40507>;1978,125
2008;Prambachkirchen <40508>;2860,25
2008;Pupping <40509>;1965,25
2008;St. Marienkirchen an der Polsenz <40510>;2289,25
2008;Scharten <40511>;2155,25
2008;Stroheim <40512>;1527,375
2008;Bad Zell <40627>;2746,625
2008;Freistadt <40601>;7433,5
2008;Grünbach <40602>;1862,5
2008;Gutau <40603>;2673,375
2008;Hagenberg im Mühlkreis <40604>;2582,125
2008;Hirschbach im Mühlkreis <40605>;1131,625
2008;Kaltenberg <40606>;640,25
2008;Kefermarkt <40607>;2080,375
2008;Königswiesen <40608>;3154,25
2008;Lasberg <40609>;2843,75
2008;Leopoldschlag <40610>;1057,625
2008;Liebenau <40611>;1756,5
2008;Neumarkt im Mühlkreis <40612>;3081,125
2008;Pierbach <40613>;1016,125
2008;Pregarten <40614>;4904
2008;Rainbach im Mühlkreis <40615>;2918
2008;Sandl <40616>;1469,25
2008;St. Leonhard bei Freistadt <40617>;1434,375
2008;St. Oswald bei Freistadt <40618>;2725,625
2008;Schönau im Mühlkreis <40619>;1880,375
2008;Tragwein <40620>;3101,375
2008;Unterweißenbach <40621>;2333,375
2008;Unterweitersdorf <40622>;1942,125
2008;Waldburg <40623>;1345,875
2008;Wartberg ob der Aist <40624>;3997,5
2008;Weitersfelden <40625>;1076,375
2008;Windhaag bei Freistadt <40626>;1651,875
2008;Altmünster <40701>;9541,625
2008;Bad Goisern am Hallstättersee <40702>;7528,375
2008;Bad Ischl <40703>;14013,125
2008;Ebensee am Traunsee <40704>;8034,375
2008;Gmunden <40705>;13177
2008;Gosau <40706>;1882,375
2008;Grünau im Almtal <40707>;2132,25
2008;Gschwandt <40708>;2520,5
2008;Hallstatt <40709>;867
2008;Kirchham <40710>;1891,625
2008;Laakirchen <40711>;9530,75
2008;Obertraun <40712>;740,875
2008;Ohlsdorf <40713>;4728,25
2008;Pinsdorf <40714>;3584,5
2008;Roitham am Traunfall <40715>;2011,5
2008;St. Konrad <40716>;1092,125
2008;St. Wolfgang im Salzkammergut <40717>;2822,625
2008;Scharnstein <40719>;4691,625
2008;Traunkirchen <40718>;1666,375
2008;Vorchdorf <40720>;7356,75
2008;Aistersheim <40801>;821,5
2008;Bad Schallerbach <40802>;3397,125
2008;Bruck-Waasen ^<40803>;2335,875
2008;Eschenau im Hausruckkreis <40804>;1108,25
2008;Gallspach <40805>;2587,25
2008;Gaspoltshofen <40806>;3541,375
2008;Geboltskirchen <40807>;1421,75
2008;Grieskirchen <40808>;4872,5
2008;Haag am Hausruck <40809>;2151,75
2008;Heiligenberg <40810>;693
2008;Hofkirchen an der Trattnach <40811>;1510,25
2008;Kallham <40812>;2520,625
2008;Kematen am Innbach <40813>;1330,125
2008;Meggenhofen <40814>;1342,125
2008;Michaelnbach <40815>;1292,625
2008;Natternbach <40816>;2346,125
2008;Neukirchen am Walde <40817>;1623
2008;Neumarkt im Hausruckkreis <40818>;1532,25
2008;Peuerbach ^<40819>;2145
2008;Peuerbach <40835>;-
2008;Pollham <40821>;952
2008;Pötting <40820>;539
2008;Pram <40822>;1773,5
2008;Rottenbach <40823>;1095,875
2008;St. Agatha <40824>;2150,125
2008;St. Georgen bei Grieskirchen <40825>;1156,875
2008;St. Thomas <40826>;454,375
2008;Schlüßlberg <40827>;3028,375
2008;Steegen <40828>;1040
2008;Taufkirchen an der Trattnach <40829>;2032,875
2008;Tollet <40830>;848,875
2008;Waizenkirchen <40831>;3652,625
2008;Wallern an der Trattnach <40832>;2868,25
2008;Weibern <40833>;1610,75
2008;Wendling <40834>;808,5
2008;Edlbach <40901>;661,625
2008;Grünburg <40902>;3828,875
2008;Hinterstoder <40903>;942,375
2008;Inzersdorf im Kremstal <40904>;1833,625
2008;Kirchdorf an der Krems <40905>;4087,375
2008;Klaus an der Pyhrnbahn <40906>;1175,25
2008;Kremsmünster <40907>;6436,375
2008;Micheldorf in Oberösterreich <40908>;5972,5
2008;Molln <40909>;3629
2008;Nußbach <40910>;2288,625
2008;Oberschlierbach <40911>;472,5
2008;Pettenbach <40912>;4941,5
2008;Ried im Traunkreis <40913>;2570,625
2008;Rosenau am Hengstpaß <40914>;746,375
2008;Roßleithen <40915>;1850,125
2008;St. Pankraz <40916>;361,625
2008;Schlierbach <40917>;2756,875
2008;Spital am Pyhrn <40918>;2200
2008;Steinbach am Ziehberg <40919>;836,625
2008;Steinbach an der Steyr <40920>;1982,5
2008;Vorderstoder <40921>;771
2008;Wartberg an der Krems <40922>;2939,25
2008;Windischgarsten <40923>;2434
2008;Allhaming <41001>;984,25
2008;Ansfelden <41002>;15697,125
2008;Asten <41003>;6263,75
2008;Eggendorf im Traunkreis <41004>;745,875
2008;Enns <41005>;11251,125
2008;Hargelsberg <41006>;1177,5
2008;Hofkirchen im Traunkreis <41008>;1636,125
2008;Hörsching <41007>;5672,625
2008;Kematen an der Krems <41009>;2367,5
2008;Kirchberg-Thening <41010>;2338,375
2008;Kronstorf <41011>;3147,5
2008;Leonding <41012>;24175,375
2008;Neuhofen an der Krems <41014>;5633,5
2008;Niederneukirchen <41015>;1892,875
2008;Oftering <41016>;1888,5
2008;Pasching <41017>;6539,75
2008;Piberbach <41018>;1822,75
2008;Pucking <41019>;3684,375
2008;St. Florian <41013>;5739
2008;St. Marien <41020>;4490
2008;Traun <41021>;23878,125
2008;Wilhering <41022>;5662,25
2008;Allerheiligen im Mühlkreis <41101>;1165,5
2008;Arbing <41102>;1363,625
2008;Bad Kreuzen <41108>;2439,375
2008;Baumgartenberg <41103>;1559,5
2008;Dimbach <41104>;1054,5
2008;Grein <41105>;3111
2008;Katsdorf <41106>;2793,375
2008;Klam <41107>;881,125
2008;Langenstein <41109>;2608,125
2008;Luftenberg an der Donau <41110>;3793,125
2008;Mauthausen <41111>;4864
2008;Mitterkirchen im Machland <41112>;1696,875
2008;Münzbach <41113>;1723,625
2008;Naarn im Machlande <41114>;3460
2008;Pabneukirchen <41115>;1726,625
2008;Perg <41116>;7600,5
2008;Rechberg <41117>;921,25
2008;Ried in der Riedmark <41118>;4039
2008;St. Georgen am Walde <41119>;2127,125
2008;St. Georgen an der Gusen <41120>;3639,375
2008;St. Nikola an der Donau <41121>;797
2008;St. Thomas am Blasenstein <41122>;887
2008;Saxen <41123>;1704,25
2008;Schwertberg <41124>;5230,25
2008;Waldhausen im Strudengau <41125>;2930,25
2008;Windhaag bei Perg <41126>;1415,375
2008;Andrichsfurt <41201>;730,25
2008;Antiesenhofen <41202>;1118,375
2008;Aurolzmünster <41203>;2942,75
2008;Eberschwang <41204>;3361,5
2008;Eitzing <41205>;732,25
2008;Geiersberg <41206>;558,625
2008;Geinberg <41207>;1355,875
2008;Gurten <41208>;1156,125
2008;Hohenzell <41209>;2026,5
2008;Kirchdorf am Inn <41210>;597
2008;Kirchheim im Innkreis <41211>;698
2008;Lambrechten <41212>;1319
2008;Lohnsburg am Kobernaußerwald <41213>;2247,5
2008;Mehrnbach <41214>;2295,75
2008;Mettmach <41215>;2524,25
2008;Mörschwang <41216>;297,5
2008;Mühlheim am Inn <41217>;627,25
2008;Neuhofen im Innkreis <41218>;2186,75
2008;Obernberg am Inn <41219>;1509,625
2008;Ort im Innkreis <41220>;1199,875
2008;Pattigham <41221>;837,5
2008;Peterskirchen <41222>;689,875
2008;Pramet <41223>;997
2008;Reichersberg <41224>;1383,375
2008;Ried im Innkreis <41225>;11570,25
2008;St. Georgen bei Obernberg am Inn <41226>;599,875
2008;St. Marienkirchen am Hausruck <41227>;818,25
2008;St. Martin im Innkreis <41228>;1783
2008;Schildorn <41229>;1112,75
2008;Senftenbach <41230>;735,625
2008;Taiskirchen im Innkreis <41231>;2400,125
2008;Tumeltsham <41232>;1514,625
2008;Utzenaich <41233>;1515,75
2008;Waldzell <41234>;2118
2008;Weilbach <41235>;619,75
2008;Wippenham <41236>;546,5
2008;Afiesl ^<41301>;420,375
2008;Ahorn ^<41302>;488,5
2008;Aigen im Mühlkreis ^<41303>;1904,5
2008;Aigen-Schlägl <41343>;-
2008;Altenfelden <41304>;2164,25
2008;Arnreit <41305>;1135,25
2008;Atzesberg <41306>;468,5
2008;Auberg <41307>;552,375
2008;Berg bei Rohrbach ^<41308>;2636,25
2008;Haslach an der Mühl <41309>;2595,75
2008;Helfenberg ^<41310>;988,125
2008;Helfenberg <41345>;-
2008;Hofkirchen im Mühlkreis <41312>;1437,375
2008;Hörbich <41311>;414,625
2008;Julbach <41313>;1614,375
2008;Kirchberg ob der Donau <41314>;1070,625
2008;Klaffer am Hochficht <41315>;1288,375
2008;Kleinzell im Mühlkreis <41316>;1412
2008;Kollerschlag <41317>;1526,375
2008;Lembach im Mühlkreis <41318>;1577,75
2008;Lichtenau im Mühlkreis <41319>;539,125
2008;Nebelberg <41320>;626,75
2008;Neufelden <41321>;1321,25
2008;Neustift im Mühlkreis <41329>;1457,375
2008;Niederkappel <41322>;1016,125
2008;Niederwaldkirchen <41323>;1743
2008;Oberkappel <41324>;753,25
2008;Oepping <41325>;1569,75
2008;Peilstein im Mühlviertel <41326>;1611,75
2008;Pfarrkirchen im Mühlkreis <41327>;1536,375
2008;Putzleinsdorf <41328>;1606,75
2008;Rohrbach in Oberösterreich ^<41330>;2487,625
2008;Rohrbach-Berg <41344>;-
2008;St. Johann am Wimberg <41331>;1006,625
2008;St. Martin im Mühlkreis <41332>;3628,75
2008;St. Oswald bei Haslach <41333>;520,25
2008;St. Peter am Wimberg <41334>;1801
2008;St. Stefan-Afiesl <41346>;-
2008;St. Ulrich im Mühlkreis <41336>;639
2008;St. Veit im Mühlkreis <41337>;1171
2008;Sankt Stefan am Walde ^<41335>;809,625
2008;Sarleinsbach <41338>;2245
2008;Schlägl ^<41339>;1337,125
2008;Schönegg ^<41340>;542,625
2008;Schwarzenberg am Böhmerwald <41341>;656,25
2008;Ulrichsberg <41342>;2990
2008;Altschwendt <41401>;637,125
2008;Andorf <41402>;5017
2008;Brunnenthal <41403>;1980,625
2008;Diersbach <41404>;1617,125
2008;Dorf an der Pram <41405>;1019,75
2008;Eggerding <41406>;1264,375
2008;Engelhartszell <41407>;1050,375
2008;Enzenkirchen <41408>;1792,5
2008;Esternberg <41409>;2829,375
2008;Freinberg <41410>;1504
2008;Kopfing im Innkreis <41411>;1998,25
2008;Mayrhof <41412>;277,875
2008;Münzkirchen <41413>;2551,5
2008;Raab <41414>;2283,5
2008;Rainbach im Innkreis <41415>;1508,25
2008;Riedau <41416>;2021,125
2008;St. Aegidi <41417>;1622
2008;St. Florian am Inn <41418>;3104,625
2008;St. Marienkirchen bei Schärding <41419>;1866,25
2008;St. Roman <41420>;1776,125
2008;St. Willibald <41421>;1143,75
2008;Schardenberg <41423>;2323
2008;Schärding <41422>;4918,625
2008;Sigharting <41424>;798,875
2008;Suben <41425>;1395
2008;Taufkirchen an der Pram <41426>;2892,125
2008;Vichtenstein <41427>;688,5
2008;Waldkirchen am Wesen <41428>;1264
2008;Wernstein am Inn <41429>;1526,25
2008;Zell an der Pram <41430>;2026,375
2008;Adlwang <41501>;1706,25
2008;Aschach an der Steyr <41502>;2216,5
2008;Bad Hall <41503>;4808,5
2008;Dietach <41504>;2728,75
2008;Gaflenz <41505>;1836,125
2008;Garsten <41506>;6644,25
2008;Großraming <41507>;2734
2008;Laussa <41508>;1328,25
2008;Losenstein <41509>;1684,5
2008;Maria Neustift <41510>;1638,875
2008;Pfarrkirchen bei Bad Hall <41511>;2122,625
2008;Reichraming <41512>;1825
2008;Rohr im Kremstal <41513>;1245,625
2008;St. Ulrich bei Steyr <41514>;3065,75
2008;Schiedlberg <41515>;1250,5
2008;Sierning <41516>;9068
2008;Ternberg <41517>;3345,875
2008;Waldneukirchen <41518>;2202
2008;Weyer <41522>;4414
2008;Weyer Land ^<41519>;-
2008;Weyer Markt ^<41520>;-
2008;Wolfern <41521>;2957
2008;Alberndorf in der Riedmark <41601>;3780,625
2008;Altenberg bei Linz <41602>;4257
2008;Bad Leonfelden <41603>;4020,125
2008;Eidenberg <41604>;1994,375
2008;Engerwitzdorf <41605>;8257,25
2008;Feldkirchen an der Donau <41606>;5167,375
2008;Gallneukirchen <41607>;6286,75
2008;Goldwörth <41608>;922,625
2008;Gramastetten <41609>;4616,5
2008;Haibach im Mühlkreis <41610>;854,875
2008;Hellmonsödt <41611>;2134,25
2008;Herzogsdorf <41612>;2402
2008;Kirchschlag bei Linz <41613>;2001,125
2008;Lichtenberg <41614>;2610,375
2008;Oberneukirchen <41615>;3114,5
2008;Ottenschlag im Mühlkreis <41616>;477,125
2008;Ottensheim <41617>;4460,125
2008;Puchenau <41618>;4442,875
2008;Reichenau im Mühlkreis <41619>;1197,75
2008;Reichenthal <41620>;1451,5
2008;St. Gotthard im Mühlkreis <41621>;1304,625
2008;Schenkenfelden <41622>;1564,5
2008;Sonnberg im Mühlkreis <41623>;802,5
2008;Steyregg <41624>;4685,125
2008;Vorderweißenbach ^<41625>;2028,625
2008;Vorderweißenbach <41628>;-
2008;Walding <41626>;3886,625
2008;Zwettl an der Rodl <41627>;1757,875
2008;Ampflwang im Hausruckwald <41701>;3518,5
2008;Attersee am Attersee <41702>;1572,25
2008;Attnang-Puchheim <41703>;8918,375
2008;Atzbach <41704>;1179,125
2008;Aurach am Hongar <41705>;1572,75
2008;Berg im Attergau <41706>;995,5
2008;Desselbrunn <41707>;1586,125
2008;Fornach <41708>;928,875
2008;Frankenburg am Hausruck <41709>;4895
2008;Frankenmarkt <41710>;3527,75
2008;Gampern <41711>;2599,5
2008;Innerschwand am Mondsee <41712>;1073
2008;Lenzing an der Ager <41713>;5063,875
2008;Manning <41714>;809,5
2008;Mondsee <41715>;3345,625
2008;Neukirchen an der Vöckla <41716>;2444,125
2008;Niederthalheim <41717>;1015
2008;Nußdorf am Attersee <41718>;1095,875
2008;Oberhofen am Irrsee <41719>;1449,25
2008;Oberndorf bei Schwanenstadt <41720>;1417,5
2008;Oberwang <41721>;1597,5
2008;Ottnang am Hausruck <41722>;3826
2008;Pfaffing <41723>;1367,75
2008;Pilsbach <41724>;642
2008;Pitzenberg <41725>;510,25
2008;Pöndorf <41726>;2307,25
2008;Puchkirchen am Trattberg <41727>;955,25
2008;Pühret <41728>;588,25
2008;Redleiten <41729>;489,875
2008;Redlham <41730>;1425,875
2008;Regau <41731>;6018,375
2008;Rüstorf <41732>;1937,25
2008;Rutzenham <41733>;245,125
2008;St. Georgen im Attergau <41734>;4111,875
2008;St. Lorenz <41735>;2211,375
2008;Schlatt <41736>;1352,25
2008;Schörfling am Attersee <41737>;3168
2008;Schwanenstadt <41738>;4232,25
2008;Seewalchen am Attersee <41739>;5180,125
2008;Steinbach am Attersee <41740>;866,625
2008;Straß im Attergau <41741>;1494,875
2008;Tiefgraben <41742>;3529,25
2008;Timelkam <41743>;5995,25
2008;Ungenach <41744>;1413,125
2008;Unterach am Attersee <41745>;1473,25
2008;Vöcklabruck <41746>;11892,5
2008;Vöcklamarkt <41747>;4713,625
2008;Weißenkirchen im Attergau <41748>;933,5
2008;Weyregg am Attersee <41749>;1489,25
2008;Wolfsegg am Hausruck <41750>;2029,375
2008;Zell am Moos <41751>;1522,625
2008;Zell am Pettenfirst <41752>;1174,75
2008;Aichkirchen <41801>;509,875
2008;Bachmanning <41802>;635,125
2008;Bad Wimsbach-Neydharting <41803>;2413,75
2008;Buchkirchen <41804>;3804
2008;Eberstalzell <41805>;2297,125
2008;Edt bei Lambach <41806>;2088,625
2008;Fischlham <41807>;1291,625
2008;Gunskirchen <41808>;5545,375
2008;Holzhausen <41809>;708,375
2008;Krenglbach <41810>;2951,5
2008;Lambach <41811>;3365,25
2008;Marchtrenk <41812>;12017,75
2008;Neukirchen bei Lambach <41813>;861,625
2008;Offenhausen <41814>;1604,75
2008;Pennewang <41815>;863,875
2008;Pichl bei Wels <41816>;2818,125
2008;Sattledt <41817>;2304
2008;Schleißheim <41818>;1141,375
2008;Sipbachzell <41819>;1773
2008;Stadl-Paura <41820>;5034
2008;Steinerkirchen an der Traun <41821>;2289,5
2008;Steinhaus <41822>;1823,5
2008;Thalheim bei Wels <41823>;5478,625
2008;Weißkirchen an der Traun <41824>;3075,125
2009;Linz <40101>;188602,875
2009;Steyr <40201>;38343,5
2009;Wels <40301>;58541,625
2009;Alkoven <40501>;5342,75
2009;Aschach an der Donau <40502>;2188,125
2009;Eferding <40503>;3689,125
2009;Fraham <40504>;2155
2009;Haibach ob der Donau <40505>;1320,5
2009;Hartkirchen <40506>;4152,25
2009;Hinzenbach <40507>;1990,375
2009;Prambachkirchen <40508>;2845,125
2009;Pupping <40509>;1963,75
2009;St. Marienkirchen an der Polsenz <40510>;2271,75
2009;Scharten <40511>;2185,375
2009;Stroheim <40512>;1547,25
2009;Bad Zell <40627>;2746,625
2009;Freistadt <40601>;7422,375
2009;Grünbach <40602>;1876
2009;Gutau <40603>;2693,625
2009;Hagenberg im Mühlkreis <40604>;2588,125
2009;Hirschbach im Mühlkreis <40605>;1134,75
2009;Kaltenberg <40606>;638,125
2009;Kefermarkt <40607>;2084,375
2009;Königswiesen <40608>;3148
2009;Lasberg <40609>;2832,875
2009;Leopoldschlag <40610>;1046,5
2009;Liebenau <40611>;1738
2009;Neumarkt im Mühlkreis <40612>;3074,375
2009;Pierbach <40613>;1010,625
2009;Pregarten <40614>;4930,375
2009;Rainbach im Mühlkreis <40615>;2923,5
2009;Sandl <40616>;1452,125
2009;St. Leonhard bei Freistadt <40617>;1440,25
2009;St. Oswald bei Freistadt <40618>;2746
2009;Schönau im Mühlkreis <40619>;1865,75
2009;Tragwein <40620>;3085,375
2009;Unterweißenbach <40621>;2339,5
2009;Unterweitersdorf <40622>;1957,375
2009;Waldburg <40623>;1349,375
2009;Wartberg ob der Aist <40624>;4037
2009;Weitersfelden <40625>;1058,625
2009;Windhaag bei Freistadt <40626>;1636,75
2009;Altmünster <40701>;9554,75
2009;Bad Goisern am Hallstättersee <40702>;7474,5
2009;Bad Ischl <40703>;14055,375
2009;Ebensee am Traunsee <40704>;7957,75
2009;Gmunden <40705>;13143,25
2009;Gosau <40706>;1854,625
2009;Grünau im Almtal <40707>;2109,875
2009;Gschwandt <40708>;2577,625
2009;Hallstatt <40709>;852,125
2009;Kirchham <40710>;1887,875
2009;Laakirchen <40711>;9501
2009;Obertraun <40712>;738,75
2009;Ohlsdorf <40713>;4751,875
2009;Pinsdorf <40714>;3586
2009;Roitham am Traunfall <40715>;1999
2009;St. Konrad <40716>;1086,75
2009;St. Wolfgang im Salzkammergut <40717>;2822,125
2009;Scharnstein <40719>;4698,75
2009;Traunkirchen <40718>;1647,75
2009;Vorchdorf <40720>;7326,875
2009;Aistersheim <40801>;828,75
2009;Bad Schallerbach <40802>;3435,75
2009;Bruck-Waasen ^<40803>;2330,375
2009;Eschenau im Hausruckkreis <40804>;1108,125
2009;Gallspach <40805>;2621,125
2009;Gaspoltshofen <40806>;3531
2009;Geboltskirchen <40807>;1428,25
2009;Grieskirchen <40808>;4842,75
2009;Haag am Hausruck <40809>;2176,125
2009;Heiligenberg <40810>;690,375
2009;Hofkirchen an der Trattnach <40811>;1523,25
2009;Kallham <40812>;2521
2009;Kematen am Innbach <40813>;1329,75
2009;Meggenhofen <40814>;1368
2009;Michaelnbach <40815>;1284,625
2009;Natternbach <40816>;2339,625
2009;Neukirchen am Walde <40817>;1616,75
2009;Neumarkt im Hausruckkreis <40818>;1524
2009;Peuerbach ^<40819>;2123,25
2009;Peuerbach <40835>;-
2009;Pollham <40821>;951,5
2009;Pötting <40820>;546,375
2009;Pram <40822>;1760,625
2009;Rottenbach <40823>;1082,25
2009;St. Agatha <40824>;2147,125
2009;St. Georgen bei Grieskirchen <40825>;1141,5
2009;St. Thomas <40826>;454,875
2009;Schlüßlberg <40827>;3013,5
2009;Steegen <40828>;1036,125
2009;Taufkirchen an der Trattnach <40829>;2014,125
2009;Tollet <40830>;884,375
2009;Waizenkirchen <40831>;3685,625
2009;Wallern an der Trattnach <40832>;2840
2009;Weibern <40833>;1629,875
2009;Wendling <40834>;803,125
2009;Edlbach <40901>;661
2009;Grünburg <40902>;3816,125
2009;Hinterstoder <40903>;927,125
2009;Inzersdorf im Kremstal <40904>;1862,875
2009;Kirchdorf an der Krems <40905>;4062,125
2009;Klaus an der Pyhrnbahn <40906>;1166,5
2009;Kremsmünster <40907>;6430,875
2009;Micheldorf in Oberösterreich <40908>;5963,75
2009;Molln <40909>;3633,25
2009;Nußbach <40910>;2297,25
2009;Oberschlierbach <40911>;467,875
2009;Pettenbach <40912>;4956,75
2009;Ried im Traunkreis <40913>;2614,5
2009;Rosenau am Hengstpaß <40914>;744,125
2009;Roßleithen <40915>;1866,625
2009;St. Pankraz <40916>;363,25
2009;Schlierbach <40917>;2767,5
2009;Spital am Pyhrn <40918>;2208,25
2009;Steinbach am Ziehberg <40919>;833
2009;Steinbach an der Steyr <40920>;2000,75
2009;Vorderstoder <40921>;776,75
2009;Wartberg an der Krems <40922>;2944,875
2009;Windischgarsten <40923>;2433,375
2009;Allhaming <41001>;992,875
2009;Ansfelden <41002>;15693,75
2009;Asten <41003>;6225,5
2009;Eggendorf im Traunkreis <41004>;749,75
2009;Enns <41005>;11258,75
2009;Hargelsberg <41006>;1178,5
2009;Hofkirchen im Traunkreis <41008>;1688,5
2009;Hörsching <41007>;5788,5
2009;Kematen an der Krems <41009>;2416,375
2009;Kirchberg-Thening <41010>;2325
2009;Kronstorf <41011>;3131,25
2009;Leonding <41012>;24540,125
2009;Neuhofen an der Krems <41014>;5632,375
2009;Niederneukirchen <41015>;1888,75
2009;Oftering <41016>;1919,125
2009;Pasching <41017>;6587,5
2009;Piberbach <41018>;1828
2009;Pucking <41019>;3710,25
2009;St. Florian <41013>;5788,25
2009;St. Marien <41020>;4584,625
2009;Traun <41021>;23850,25
2009;Wilhering <41022>;5750,375
2009;Allerheiligen im Mühlkreis <41101>;1181,125
2009;Arbing <41102>;1372,625
2009;Bad Kreuzen <41108>;2381,625
2009;Baumgartenberg <41103>;1560,5
2009;Dimbach <41104>;1047
2009;Grein <41105>;3121,375
2009;Katsdorf <41106>;2850,5
2009;Klam <41107>;906,25
2009;Langenstein <41109>;2566
2009;Luftenberg an der Donau <41110>;3834,25
2009;Mauthausen <41111>;4851,5
2009;Mitterkirchen im Machland <41112>;1702
2009;Münzbach <41113>;1717,625
2009;Naarn im Machlande <41114>;3493,625
2009;Pabneukirchen <41115>;1713,875
2009;Perg <41116>;7657,875
2009;Rechberg <41117>;931
2009;Ried in der Riedmark <41118>;4052,5
2009;St. Georgen am Walde <41119>;2132,375
2009;St. Georgen an der Gusen <41120>;3639,5
2009;St. Nikola an der Donau <41121>;780,625
2009;St. Thomas am Blasenstein <41122>;908
2009;Saxen <41123>;1708,25
2009;Schwertberg <41124>;5189
2009;Waldhausen im Strudengau <41125>;2901,75
2009;Windhaag bei Perg <41126>;1406,25
2009;Andrichsfurt <41201>;715,625
2009;Antiesenhofen <41202>;1108
2009;Aurolzmünster <41203>;2933,375
2009;Eberschwang <41204>;3354
2009;Eitzing <41205>;721,25
2009;Geiersberg <41206>;558,375
2009;Geinberg <41207>;1342,375
2009;Gurten <41208>;1168
2009;Hohenzell <41209>;2026
2009;Kirchdorf am Inn <41210>;600,375
2009;Kirchheim im Innkreis <41211>;717,125
2009;Lambrechten <41212>;1318,125
2009;Lohnsburg am Kobernaußerwald <41213>;2240,875
2009;Mehrnbach <41214>;2299,5
2009;Mettmach <41215>;2514,375
2009;Mörschwang <41216>;303
2009;Mühlheim am Inn <41217>;626,5
2009;Neuhofen im Innkreis <41218>;2236,5
2009;Obernberg am Inn <41219>;1483,25
2009;Ort im Innkreis <41220>;1194,5
2009;Pattigham <41221>;852
2009;Peterskirchen <41222>;688,75
2009;Pramet <41223>;998,5
2009;Reichersberg <41224>;1384,125
2009;Ried im Innkreis <41225>;11489,125
2009;St. Georgen bei Obernberg am Inn <41226>;596,875
2009;St. Marienkirchen am Hausruck <41227>;827,375
2009;St. Martin im Innkreis <41228>;1791,875
2009;Schildorn <41229>;1133,75
2009;Senftenbach <41230>;742,125
2009;Taiskirchen im Innkreis <41231>;2411
2009;Tumeltsham <41232>;1491,25
2009;Utzenaich <41233>;1532,375
2009;Waldzell <41234>;2116,875
2009;Weilbach <41235>;630,5
2009;Wippenham <41236>;542,375
2009;Afiesl ^<41301>;417,875
2009;Ahorn ^<41302>;489
2009;Aigen im Mühlkreis ^<41303>;1928,625
2009;Aigen-Schlägl <41343>;-
2009;Altenfelden <41304>;2157,25
2009;Arnreit <41305>;1133,375
2009;Atzesberg <41306>;462,875
2009;Auberg <41307>;567
2009;Berg bei Rohrbach ^<41308>;2598,375
2009;Haslach an der Mühl <41309>;2585,125
2009;Helfenberg ^<41310>;974,5
2009;Helfenberg <41345>;-
2009;Hofkirchen im Mühlkreis <41312>;1436,125
2009;Hörbich <41311>;417,125
2009;Julbach <41313>;1609,375
2009;Kirchberg ob der Donau <41314>;1066,375
2009;Klaffer am Hochficht <41315>;1299,625
2009;Kleinzell im Mühlkreis <41316>;1424,875
2009;Kollerschlag <41317>;1524,625
2009;Lembach im Mühlkreis <41318>;1561,625
2009;Lichtenau im Mühlkreis <41319>;530,5
2009;Nebelberg <41320>;623,375
2009;Neufelden <41321>;1319,5
2009;Neustift im Mühlkreis <41329>;1449,5
2009;Niederkappel <41322>;1001
2009;Niederwaldkirchen <41323>;1736,75
2009;Oberkappel <41324>;735,625
2009;Oepping <41325>;1554,125
2009;Peilstein im Mühlviertel <41326>;1596,75
2009;Pfarrkirchen im Mühlkreis <41327>;1539,5
2009;Putzleinsdorf <41328>;1588,25
2009;Rohrbach in Oberösterreich ^<41330>;2475,625
2009;Rohrbach-Berg <41344>;-
2009;St. Johann am Wimberg <41331>;1013,875
2009;St. Martin im Mühlkreis <41332>;3647,375
2009;St. Oswald bei Haslach <41333>;509,125
2009;St. Peter am Wimberg <41334>;1776,25
2009;St. Stefan-Afiesl <41346>;-
2009;St. Ulrich im Mühlkreis <41336>;640,125
2009;St. Veit im Mühlkreis <41337>;1179,25
2009;Sankt Stefan am Walde ^<41335>;809,125
2009;Sarleinsbach <41338>;2245,375
2009;Schlägl ^<41339>;1330,625
2009;Schönegg ^<41340>;544,125
2009;Schwarzenberg am Böhmerwald <41341>;647,625
2009;Ulrichsberg <41342>;2987,375
2009;Altschwendt <41401>;640,75
2009;Andorf <41402>;5031
2009;Brunnenthal <41403>;1979
2009;Diersbach <41404>;1590,125
2009;Dorf an der Pram <41405>;1026,5
2009;Eggerding <41406>;1257,25
2009;Engelhartszell <41407>;1018,625
2009;Enzenkirchen <41408>;1788,625
2009;Esternberg <41409>;2855,375
2009;Freinberg <41410>;1507,375
2009;Kopfing im Innkreis <41411>;1982,125
2009;Mayrhof <41412>;277,75
2009;Münzkirchen <41413>;2547,125
2009;Raab <41414>;2301,25
2009;Rainbach im Innkreis <41415>;1502,5
2009;Riedau <41416>;1992,875
2009;St. Aegidi <41417>;1625,375
2009;St. Florian am Inn <41418>;3113,375
2009;St. Marienkirchen bei Schärding <41419>;1847,125
2009;St. Roman <41420>;1761,75
2009;St. Willibald <41421>;1138
2009;Schardenberg <41423>;2303,25
2009;Schärding <41422>;4945,625
2009;Sigharting <41424>;799,625
2009;Suben <41425>;1372,375
2009;Taufkirchen an der Pram <41426>;2913
2009;Vichtenstein <41427>;682,25
2009;Waldkirchen am Wesen <41428>;1257
2009;Wernstein am Inn <41429>;1507,625
2009;Zell an der Pram <41430>;2038,75
2009;Adlwang <41501>;1676,125
2009;Aschach an der Steyr <41502>;2222,75
2009;Bad Hall <41503>;4818
2009;Dietach <41504>;2824,5
2009;Gaflenz <41505>;1836,25
2009;Garsten <41506>;6635
2009;Großraming <41507>;2717,25
2009;Laussa <41508>;1312,375
2009;Losenstein <41509>;1669,25
2009;Maria Neustift <41510>;1650,125
2009;Pfarrkirchen bei Bad Hall <41511>;2118,875
2009;Reichraming <41512>;1794,375
2009;Rohr im Kremstal <41513>;1248,625
2009;St. Ulrich bei Steyr <41514>;3044,625
2009;Schiedlberg <41515>;1257,375
2009;Sierning <41516>;9088,625
2009;Ternberg <41517>;3343,75
2009;Waldneukirchen <41518>;2217,125
2009;Weyer <41522>;4349,625
2009;Weyer Land ^<41519>;-
2009;Weyer Markt ^<41520>;-
2009;Wolfern <41521>;2983
2009;Alberndorf in der Riedmark <41601>;3814,75
2009;Altenberg bei Linz <41602>;4266,5
2009;Bad Leonfelden <41603>;4059,5
2009;Eidenberg <41604>;2011,875
2009;Engerwitzdorf <41605>;8302,875
2009;Feldkirchen an der Donau <41606>;5145,25
2009;Gallneukirchen <41607>;6260,875
2009;Goldwörth <41608>;941,375
2009;Gramastetten <41609>;4629,875
2009;Haibach im Mühlkreis <41610>;852,125
2009;Hellmonsödt <41611>;2140,25
2009;Herzogsdorf <41612>;2423
2009;Kirchschlag bei Linz <41613>;1979,125
2009;Lichtenberg <41614>;2609
2009;Oberneukirchen <41615>;3110,75
2009;Ottenschlag im Mühlkreis <41616>;479,625
2009;Ottensheim <41617>;4461,625
2009;Puchenau <41618>;4416,5
2009;Reichenau im Mühlkreis <41619>;1220,125
2009;Reichenthal <41620>;1467,125
2009;St. Gotthard im Mühlkreis <41621>;1284,375
2009;Schenkenfelden <41622>;1558,75
2009;Sonnberg im Mühlkreis <41623>;820,125
2009;Steyregg <41624>;4668,25
2009;Vorderweißenbach ^<41625>;2038,375
2009;Vorderweißenbach <41628>;-
2009;Walding <41626>;3885,5
2009;Zwettl an der Rodl <41627>;1759,875
2009;Ampflwang im Hausruckwald <41701>;3475,125
2009;Attersee am Attersee <41702>;1575,375
2009;Attnang-Puchheim <41703>;8901
2009;Atzbach <41704>;1169,375
2009;Aurach am Hongar <41705>;1581,25
2009;Berg im Attergau <41706>;1007,625
2009;Desselbrunn <41707>;1599,5
2009;Fornach <41708>;912,75
2009;Frankenburg am Hausruck <41709>;4870,875
2009;Frankenmarkt <41710>;3516,375
2009;Gampern <41711>;2633,375
2009;Innerschwand am Mondsee <41712>;1071,625
2009;Lenzing an der Ager <41713>;5036,375
2009;Manning <41714>;819,375
2009;Mondsee <41715>;3306,25
2009;Neukirchen an der Vöckla <41716>;2450,625
2009;Niederthalheim <41717>;1028,5
2009;Nußdorf am Attersee <41718>;1082,875
2009;Oberhofen am Irrsee <41719>;1485,125
2009;Oberndorf bei Schwanenstadt <41720>;1408,375
2009;Oberwang <41721>;1596,875
2009;Ottnang am Hausruck <41722>;3811,5
2009;Pfaffing <41723>;1374,125
2009;Pilsbach <41724>;646,875
2009;Pitzenberg <41725>;501,25
2009;Pöndorf <41726>;2286,5
2009;Puchkirchen am Trattberg <41727>;970,375
2009;Pühret <41728>;593,75
2009;Redleiten <41729>;493,875
2009;Redlham <41730>;1438,25
2009;Regau <41731>;6085,5
2009;Rüstorf <41732>;1956,5
2009;Rutzenham <41733>;249,5
2009;St. Georgen im Attergau <41734>;4144,25
2009;St. Lorenz <41735>;2217,25
2009;Schlatt <41736>;1348
2009;Schörfling am Attersee <41737>;3193,625
2009;Schwanenstadt <41738>;4235,875
2009;Seewalchen am Attersee <41739>;5202,875
2009;Steinbach am Attersee <41740>;854,375
2009;Straß im Attergau <41741>;1475,25
2009;Tiefgraben <41742>;3613,875
2009;Timelkam <41743>;5930,125
2009;Ungenach <41744>;1413,25
2009;Unterach am Attersee <41745>;1435,625
2009;Vöcklabruck <41746>;11912,25
2009;Vöcklamarkt <41747>;4731,75
2009;Weißenkirchen im Attergau <41748>;932,75
2009;Weyregg am Attersee <41749>;1490,25
2009;Wolfsegg am Hausruck <41750>;2017,625
2009;Zell am Moos <41751>;1525,5
2009;Zell am Pettenfirst <41752>;1171,125
2009;Aichkirchen <41801>;529,875
2009;Bachmanning <41802>;642,75
2009;Bad Wimsbach-Neydharting <41803>;2441,75
2009;Buchkirchen <41804>;3862,125
2009;Eberstalzell <41805>;2314,625
2009;Edt bei Lambach <41806>;2059,5
2009;Fischlham <41807>;1301,5
2009;Gunskirchen <41808>;5585,75
2009;Holzhausen <41809>;740
2009;Krenglbach <41810>;2973,375
2009;Lambach <41811>;3358,125
2009;Marchtrenk <41812>;12140,625
2009;Neukirchen bei Lambach <41813>;875,5
2009;Offenhausen <41814>;1621,625
2009;Pennewang <41815>;861,625
2009;Pichl bei Wels <41816>;2802,25
2009;Sattledt <41817>;2307,75
2009;Schleißheim <41818>;1173,375
2009;Sipbachzell <41819>;1787,125
2009;Stadl-Paura <41820>;5000,75
2009;Steinerkirchen an der Traun <41821>;2279,375
2009;Steinhaus <41822>;1823,5
2009;Thalheim bei Wels <41823>;5475,875
2009;Weißkirchen an der Traun <41824>;3095,625
2010;Linz <40101>;188528,25
2010;Steyr <40201>;38301,375
2010;Wels <40301>;58535,125
2010;Alkoven <40501>;5373,75
2010;Aschach an der Donau <40502>;2174,5
2010;Eferding <40503>;3729,375
2010;Fraham <40504>;2191,5
2010;Haibach ob der Donau <40505>;1315,375
2010;Hartkirchen <40506>;4134,125
2010;Hinzenbach <40507>;1981
2010;Prambachkirchen <40508>;2831,125
2010;Pupping <40509>;1973
2010;St. Marienkirchen an der Polsenz <40510>;2280
2010;Scharten <40511>;2164,5
2010;Stroheim <40512>;1548,375
2010;Bad Zell <40627>;2756,375
2010;Freistadt <40601>;7455
2010;Grünbach <40602>;1849
2010;Gutau <40603>;2705,875
2010;Hagenberg im Mühlkreis <40604>;2606,625
2010;Hirschbach im Mühlkreis <40605>;1128,375
2010;Kaltenberg <40606>;627,875
2010;Kefermarkt <40607>;2099,375
2010;Königswiesen <40608>;3168,625
2010;Lasberg <40609>;2797,625
2010;Leopoldschlag <40610>;1032,375
2010;Liebenau <40611>;1737,875
2010;Neumarkt im Mühlkreis <40612>;3064,375
2010;Pierbach <40613>;1000,75
2010;Pregarten <40614>;4976,625
2010;Rainbach im Mühlkreis <40615>;2905,375
2010;Sandl <40616>;1444,625
2010;St. Leonhard bei Freistadt <40617>;1438,125
2010;St. Oswald bei Freistadt <40618>;2769,375
2010;Schönau im Mühlkreis <40619>;1872,25
2010;Tragwein <40620>;3075,125
2010;Unterweißenbach <40621>;2333,25
2010;Unterweitersdorf <40622>;1981,125
2010;Waldburg <40623>;1349,75
2010;Wartberg ob der Aist <40624>;4023,375
2010;Weitersfelden <40625>;1056,625
2010;Windhaag bei Freistadt <40626>;1638,125
2010;Altmünster <40701>;9553
2010;Bad Goisern am Hallstättersee <40702>;7499,875
2010;Bad Ischl <40703>;13970,875
2010;Ebensee am Traunsee <40704>;7888,25
2010;Gmunden <40705>;13075,125
2010;Gosau <40706>;1829,75
2010;Grünau im Almtal <40707>;2117,375
2010;Gschwandt <40708>;2624,75
2010;Hallstatt <40709>;822
2010;Kirchham <40710>;1890,625
2010;Laakirchen <40711>;9475,625
2010;Obertraun <40712>;732,375
2010;Ohlsdorf <40713>;4803,5
2010;Pinsdorf <40714>;3579,5
2010;Roitham am Traunfall <40715>;1995,25
2010;St. Konrad <40716>;1086,5
2010;St. Wolfgang im Salzkammergut <40717>;2829,25
2010;Scharnstein <40719>;4711,125
2010;Traunkirchen <40718>;1638,375
2010;Vorchdorf <40720>;7302,75
2010;Aistersheim <40801>;830,625
2010;Bad Schallerbach <40802>;3423,625
2010;Bruck-Waasen ^<40803>;2317
2010;Eschenau im Hausruckkreis <40804>;1108,5
2010;Gallspach <40805>;2623,875
2010;Gaspoltshofen <40806>;3540
2010;Geboltskirchen <40807>;1435,125
2010;Grieskirchen <40808>;4855,25
2010;Haag am Hausruck <40809>;2140,625
2010;Heiligenberg <40810>;694,375
2010;Hofkirchen an der Trattnach <40811>;1558,75
2010;Kallham <40812>;2513,25
2010;Kematen am Innbach <40813>;1337,375
2010;Meggenhofen <40814>;1384
2010;Michaelnbach <40815>;1288,5
2010;Natternbach <40816>;2338,875
2010;Neukirchen am Walde <40817>;1613,625
2010;Neumarkt im Hausruckkreis <40818>;1500,875
2010;Peuerbach ^<40819>;2133,375
2010;Peuerbach <40835>;-
2010;Pollham <40821>;961,375
2010;Pötting <40820>;537,375
2010;Pram <40822>;1745,375
2010;Rottenbach <40823>;1074,75
2010;St. Agatha <40824>;2148
2010;St. Georgen bei Grieskirchen <40825>;1154,125
2010;St. Thomas <40826>;466,75
2010;Schlüßlberg <40827>;2994,875
2010;Steegen <40828>;1061,875
2010;Taufkirchen an der Trattnach <40829>;2032,25
2010;Tollet <40830>;894,375
2010;Waizenkirchen <40831>;3645,25
2010;Wallern an der Trattnach <40832>;2821,625
2010;Weibern <40833>;1628,375
2010;Wendling <40834>;803,75
2010;Edlbach <40901>;645,25
2010;Grünburg <40902>;3802,125
2010;Hinterstoder <40903>;922,875
2010;Inzersdorf im Kremstal <40904>;1863,875
2010;Kirchdorf an der Krems <40905>;4050,25
2010;Klaus an der Pyhrnbahn <40906>;1144,25
2010;Kremsmünster <40907>;6435
2010;Micheldorf in Oberösterreich <40908>;5952,5
2010;Molln <40909>;3595,25
2010;Nußbach <40910>;2275,25
2010;Oberschlierbach <40911>;466
2010;Pettenbach <40912>;4963,5
2010;Ried im Traunkreis <40913>;2622,5
2010;Rosenau am Hengstpaß <40914>;729,75
2010;Roßleithen <40915>;1870,75
2010;St. Pankraz <40916>;358
2010;Schlierbach <40917>;2748,5
2010;Spital am Pyhrn <40918>;2199,875
2010;Steinbach am Ziehberg <40919>;833,875
2010;Steinbach an der Steyr <40920>;1969,875
2010;Vorderstoder <40921>;775,125
2010;Wartberg an der Krems <40922>;2979,5
2010;Windischgarsten <40923>;2441,75
2010;Allhaming <41001>;1017,25
2010;Ansfelden <41002>;15729
2010;Asten <41003>;6218,5
2010;Eggendorf im Traunkreis <41004>;745,375
2010;Enns <41005>;11275,5
2010;Hargelsberg <41006>;1212,5
2010;Hofkirchen im Traunkreis <41008>;1715,625
2010;Hörsching <41007>;5789,5
2010;Kematen an der Krems <41009>;2471,75
2010;Kirchberg-Thening <41010>;2320,75
2010;Kronstorf <41011>;3130,75
2010;Leonding <41012>;25131,625
2010;Neuhofen an der Krems <41014>;5623,5
2010;Niederneukirchen <41015>;1909,25
2010;Oftering <41016>;1942,125
2010;Pasching <41017>;6601,875
2010;Piberbach <41018>;1850,5
2010;Pucking <41019>;3693,25
2010;St. Florian <41013>;5874,125
2010;St. Marien <41020>;4615,375
2010;Traun <41021>;23833,875
2010;Wilhering <41022>;5780,875
2010;Allerheiligen im Mühlkreis <41101>;1176,25
2010;Arbing <41102>;1355,875
2010;Bad Kreuzen <41108>;2335,75
2010;Baumgartenberg <41103>;1580,75
2010;Dimbach <41104>;1049,75
2010;Grein <41105>;3055,125
2010;Katsdorf <41106>;2866,25
2010;Klam <41107>;927,5
2010;Langenstein <41109>;2505,25
2010;Luftenberg an der Donau <41110>;3848,625
2010;Mauthausen <41111>;4907,625
2010;Mitterkirchen im Machland <41112>;1690,875
2010;Münzbach <41113>;1730,125
2010;Naarn im Machlande <41114>;3514,25
2010;Pabneukirchen <41115>;1717,875
2010;Perg <41116>;7747,625
2010;Rechberg <41117>;924,875
2010;Ried in der Riedmark <41118>;4064,5
2010;St. Georgen am Walde <41119>;2115,5
2010;St. Georgen an der Gusen <41120>;3632,25
2010;St. Nikola an der Donau <41121>;750,5
2010;St. Thomas am Blasenstein <41122>;916
2010;Saxen <41123>;1720,25
2010;Schwertberg <41124>;5123,5
2010;Waldhausen im Strudengau <41125>;2890
2010;Windhaag bei Perg <41126>;1410,5
2010;Andrichsfurt <41201>;705
2010;Antiesenhofen <41202>;1097,5
2010;Aurolzmünster <41203>;2920,25
2010;Eberschwang <41204>;3375
2010;Eitzing <41205>;714,75
2010;Geiersberg <41206>;557,625
2010;Geinberg <41207>;1358,25
2010;Gurten <41208>;1173,125
2010;Hohenzell <41209>;2042,375
2010;Kirchdorf am Inn <41210>;599
2010;Kirchheim im Innkreis <41211>;709
2010;Lambrechten <41212>;1324,125
2010;Lohnsburg am Kobernaußerwald <41213>;2240,125
2010;Mehrnbach <41214>;2334,875
2010;Mettmach <41215>;2474
2010;Mörschwang <41216>;300,375
2010;Mühlheim am Inn <41217>;623,5
2010;Neuhofen im Innkreis <41218>;2231,125
2010;Obernberg am Inn <41219>;1476,875
2010;Ort im Innkreis <41220>;1208,75
2010;Pattigham <41221>;873,875
2010;Peterskirchen <41222>;683,125
2010;Pramet <41223>;1020,75
2010;Reichersberg <41224>;1390
2010;Ried im Innkreis <41225>;11439,5
2010;St. Georgen bei Obernberg am Inn <41226>;596,5
2010;St. Marienkirchen am Hausruck <41227>;821,5
2010;St. Martin im Innkreis <41228>;1808,5
2010;Schildorn <41229>;1134,75
2010;Senftenbach <41230>;731,5
2010;Taiskirchen im Innkreis <41231>;2426,625
2010;Tumeltsham <41232>;1483,125
2010;Utzenaich <41233>;1527,625
2010;Waldzell <41234>;2100,875
2010;Weilbach <41235>;622,25
2010;Wippenham <41236>;532,125
2010;Afiesl ^<41301>;411
2010;Ahorn ^<41302>;483,25
2010;Aigen im Mühlkreis ^<41303>;1920,125
2010;Aigen-Schlägl <41343>;-
2010;Altenfelden <41304>;2169,75
2010;Arnreit <41305>;1142,125
2010;Atzesberg <41306>;451,5
2010;Auberg <41307>;592,875
2010;Berg bei Rohrbach ^<41308>;2583,375
2010;Haslach an der Mühl <41309>;2562,25
2010;Helfenberg ^<41310>;968,5
2010;Helfenberg <41345>;-
2010;Hofkirchen im Mühlkreis <41312>;1422
2010;Hörbich <41311>;416,625
2010;Julbach <41313>;1606,5
2010;Kirchberg ob der Donau <41314>;1077,75
2010;Klaffer am Hochficht <41315>;1311,5
2010;Kleinzell im Mühlkreis <41316>;1433,25
2010;Kollerschlag <41317>;1512,5
2010;Lembach im Mühlkreis <41318>;1539
2010;Lichtenau im Mühlkreis <41319>;522
2010;Nebelberg <41320>;624
2010;Neufelden <41321>;1311,625
2010;Neustift im Mühlkreis <41329>;1452,625
2010;Niederkappel <41322>;980,5
2010;Niederwaldkirchen <41323>;1747,25
2010;Oberkappel <41324>;737,75
2010;Oepping <41325>;1532
2010;Peilstein im Mühlviertel <41326>;1593,625
2010;Pfarrkirchen im Mühlkreis <41327>;1525,75
2010;Putzleinsdorf <41328>;1552,25
2010;Rohrbach in Oberösterreich ^<41330>;2483,625
2010;Rohrbach-Berg <41344>;-
2010;St. Johann am Wimberg <41331>;1002,25
2010;St. Martin im Mühlkreis <41332>;3626,125
2010;St. Oswald bei Haslach <41333>;507,125
2010;St. Peter am Wimberg <41334>;1762,125
2010;St. Stefan-Afiesl <41346>;-
2010;St. Ulrich im Mühlkreis <41336>;662,375
2010;St. Veit im Mühlkreis <41337>;1193,625
2010;Sankt Stefan am Walde ^<41335>;817,5
2010;Sarleinsbach <41338>;2237
2010;Schlägl ^<41339>;1311,375
2010;Schönegg ^<41340>;533,375
2010;Schwarzenberg am Böhmerwald <41341>;638
2010;Ulrichsberg <41342>;2968,375
2010;Altschwendt <41401>;647,25
2010;Andorf <41402>;5046
2010;Brunnenthal <41403>;1983,25
2010;Diersbach <41404>;1597,125
2010;Dorf an der Pram <41405>;1037
2010;Eggerding <41406>;1239
2010;Engelhartszell <41407>;994,125
2010;Enzenkirchen <41408>;1785,375
2010;Esternberg <41409>;2883,125
2010;Freinberg <41410>;1497,875
2010;Kopfing im Innkreis <41411>;1975,125
2010;Mayrhof <41412>;279,625
2010;Münzkirchen <41413>;2544,25
2010;Raab <41414>;2280,875
2010;Rainbach im Innkreis <41415>;1500,625
2010;Riedau <41416>;1979,375
2010;St. Aegidi <41417>;1611,75
2010;St. Florian am Inn <41418>;3097,875
2010;St. Marienkirchen bei Schärding <41419>;1831,625
2010;St. Roman <41420>;1755,25
2010;St. Willibald <41421>;1137
2010;Schardenberg <41423>;2297,375
2010;Schärding <41422>;4925
2010;Sigharting <41424>;793,625
2010;Suben <41425>;1334,5
2010;Taufkirchen an der Pram <41426>;2934
2010;Vichtenstein <41427>;681,75
2010;Waldkirchen am Wesen <41428>;1244,25
2010;Wernstein am Inn <41429>;1506,75
2010;Zell an der Pram <41430>;2029,875
2010;Adlwang <41501>;1684,75
2010;Aschach an der Steyr <41502>;2214
2010;Bad Hall <41503>;4810,75
2010;Dietach <41504>;2880,25
2010;Gaflenz <41505>;1852
2010;Garsten <41506>;6650,25
2010;Großraming <41507>;2692
2010;Laussa <41508>;1294,25
2010;Losenstein <41509>;1653,75
2010;Maria Neustift <41510>;1641,125
2010;Pfarrkirchen bei Bad Hall <41511>;2109
2010;Reichraming <41512>;1795,25
2010;Rohr im Kremstal <41513>;1246,75
2010;St. Ulrich bei Steyr <41514>;3032,5
2010;Schiedlberg <41515>;1252
2010;Sierning <41516>;9105,125
2010;Ternberg <41517>;3333
2010;Waldneukirchen <41518>;2229,375
2010;Weyer <41522>;4310,75
2010;Weyer Land ^<41519>;-
2010;Weyer Markt ^<41520>;-
2010;Wolfern <41521>;2988,375
2010;Alberndorf in der Riedmark <41601>;3831
2010;Altenberg bei Linz <41602>;4315,5
2010;Bad Leonfelden <41603>;4067,625
2010;Eidenberg <41604>;2032,25
2010;Engerwitzdorf <41605>;8354
2010;Feldkirchen an der Donau <41606>;5139,25
2010;Gallneukirchen <41607>;6218,875
2010;Goldwörth <41608>;951,875
2010;Gramastetten <41609>;4650
2010;Haibach im Mühlkreis <41610>;856,625
2010;Hellmonsödt <41611>;2138,75
2010;Herzogsdorf <41612>;2422,875
2010;Kirchschlag bei Linz <41613>;1995,125
2010;Lichtenberg <41614>;2593,875
2010;Oberneukirchen <41615>;3131,375
2010;Ottenschlag im Mühlkreis <41616>;497,625
2010;Ottensheim <41617>;4483,875
2010;Puchenau <41618>;4385,5
2010;Reichenau im Mühlkreis <41619>;1232,875
2010;Reichenthal <41620>;1464,5
2010;St. Gotthard im Mühlkreis <41621>;1287,25
2010;Schenkenfelden <41622>;1545,75
2010;Sonnberg im Mühlkreis <41623>;840,375
2010;Steyregg <41624>;4758,625
2010;Vorderweißenbach ^<41625>;2034
2010;Vorderweißenbach <41628>;-
2010;Walding <41626>;3878
2010;Zwettl an der Rodl <41627>;1751,125
2010;Ampflwang im Hausruckwald <41701>;3424,5
2010;Attersee am Attersee <41702>;1560,625
2010;Attnang-Puchheim <41703>;8920,5
2010;Atzbach <41704>;1152,625
2010;Aurach am Hongar <41705>;1592,375
2010;Berg im Attergau <41706>;996,875
2010;Desselbrunn <41707>;1625,25
2010;Fornach <41708>;913,125
2010;Frankenburg am Hausruck <41709>;4834,625
2010;Frankenmarkt <41710>;3508,875
2010;Gampern <41711>;2660,5
2010;Innerschwand am Mondsee <41712>;1113,5
2010;Lenzing an der Ager <41713>;4960,875
2010;Manning <41714>;821,625
2010;Mondsee <41715>;3262,875
2010;Neukirchen an der Vöckla <41716>;2462,5
2010;Niederthalheim <41717>;1019,25
2010;Nußdorf am Attersee <41718>;1106,125
2010;Oberhofen am Irrsee <41719>;1498,125
2010;Oberndorf bei Schwanenstadt <41720>;1401,25
2010;Oberwang <41721>;1605,75
2010;Ottnang am Hausruck <41722>;3833,625
2010;Pfaffing <41723>;1408,625
2010;Pilsbach <41724>;645,75
2010;Pitzenberg <41725>;492,375
2010;Pöndorf <41726>;2287,75
2010;Puchkirchen am Trattberg <41727>;979,625
2010;Pühret <41728>;592,625
2010;Redleiten <41729>;499,5
2010;Redlham <41730>;1450,625
2010;Regau <41731>;6170,75
2010;Rüstorf <41732>;1969,875
2010;Rutzenham <41733>;251,375
2010;St. Georgen im Attergau <41734>;4142,25
2010;St. Lorenz <41735>;2258,75
2010;Schlatt <41736>;1339,875
2010;Schörfling am Attersee <41737>;3222,25
2010;Schwanenstadt <41738>;4189,5
2010;Seewalchen am Attersee <41739>;5262,125
2010;Steinbach am Attersee <41740>;841,375
2010;Straß im Attergau <41741>;1455,5
2010;Tiefgraben <41742>;3672,25
2010;Timelkam <41743>;5897,25
2010;Ungenach <41744>;1412
2010;Unterach am Attersee <41745>;1410,375
2010;Vöcklabruck <41746>;11877,375
2010;Vöcklamarkt <41747>;4741,75
2010;Weißenkirchen im Attergau <41748>;927,125
2010;Weyregg am Attersee <41749>;1486
2010;Wolfsegg am Hausruck <41750>;2020,375
2010;Zell am Moos <41751>;1518,25
2010;Zell am Pettenfirst <41752>;1172,875
2010;Aichkirchen <41801>;527,25
2010;Bachmanning <41802>;654,5
2010;Bad Wimsbach-Neydharting <41803>;2441
2010;Buchkirchen <41804>;3922,875
2010;Eberstalzell <41805>;2339,75
2010;Edt bei Lambach <41806>;2051,25
2010;Fischlham <41807>;1309,375
2010;Gunskirchen <41808>;5615,875
2010;Holzhausen <41809>;764
2010;Krenglbach <41810>;2990,5
2010;Lambach <41811>;3364,375
2010;Marchtrenk <41812>;12198,75
2010;Neukirchen bei Lambach <41813>;884
2010;Offenhausen <41814>;1621,25
2010;Pennewang <41815>;870
2010;Pichl bei Wels <41816>;2815,875
2010;Sattledt <41817>;2318,875
2010;Schleißheim <41818>;1216,875
2010;Sipbachzell <41819>;1796
2010;Stadl-Paura <41820>;4942
2010;Steinerkirchen an der Traun <41821>;2314,875
2010;Steinhaus <41822>;1848,25
2010;Thalheim bei Wels <41823>;5464,625
2010;Weißkirchen an der Traun <41824>;3118,875
2011;Linz <40101>;189119
2011;Steyr <40201>;38248,5
2011;Wels <40301>;58646
2011;Alkoven <40501>;5385,75
2011;Aschach an der Donau <40502>;2192,125
2011;Eferding <40503>;3824
2011;Fraham <40504>;2211,75
2011;Haibach ob der Donau <40505>;1309,625
2011;Hartkirchen <40506>;4088
2011;Hinzenbach <40507>;1976,875
2011;Prambachkirchen <40508>;2834,125
2011;Pupping <40509>;1946,625
2011;St. Marienkirchen an der Polsenz <40510>;2254,625
2011;Scharten <40511>;2173,25
2011;Stroheim <40512>;1547,125
2011;Bad Zell <40627>;2766,375
2011;Freistadt <40601>;7451
2011;Grünbach <40602>;1858,25
2011;Gutau <40603>;2678,5
2011;Hagenberg im Mühlkreis <40604>;2632,125
2011;Hirschbach im Mühlkreis <40605>;1123,125
2011;Kaltenberg <40606>;626,75
2011;Kefermarkt <40607>;2060,625
2011;Königswiesen <40608>;3188,625
2011;Lasberg <40609>;2774
2011;Leopoldschlag <40610>;1032,375
2011;Liebenau <40611>;1727,125
2011;Neumarkt im Mühlkreis <40612>;3067,625
2011;Pierbach <40613>;999,625
2011;Pregarten <40614>;5054,25
2011;Rainbach im Mühlkreis <40615>;2918,875
2011;Sandl <40616>;1450,125
2011;St. Leonhard bei Freistadt <40617>;1427
2011;St. Oswald bei Freistadt <40618>;2761
2011;Schönau im Mühlkreis <40619>;1886,625
2011;Tragwein <40620>;3084,25
2011;Unterweißenbach <40621>;2319,25
2011;Unterweitersdorf <40622>;2005,5
2011;Waldburg <40623>;1356,625
2011;Wartberg ob der Aist <40624>;4023,125
2011;Weitersfelden <40625>;1068
2011;Windhaag bei Freistadt <40626>;1656,625
2011;Altmünster <40701>;9527,125
2011;Bad Goisern am Hallstättersee <40702>;7529,375
2011;Bad Ischl <40703>;13917
2011;Ebensee am Traunsee <40704>;7840,5
2011;Gmunden <40705>;13071,25
2011;Gosau <40706>;1800,125
2011;Grünau im Almtal <40707>;2105
2011;Gschwandt <40708>;2677,125
2011;Hallstatt <40709>;806,375
2011;Kirchham <40710>;1906,875
2011;Laakirchen <40711>;9462,75
2011;Obertraun <40712>;726,25
2011;Ohlsdorf <40713>;4856
2011;Pinsdorf <40714>;3618,875
2011;Roitham am Traunfall <40715>;1984
2011;St. Konrad <40716>;1087,25
2011;St. Wolfgang im Salzkammergut <40717>;2838
2011;Scharnstein <40719>;4727,375
2011;Traunkirchen <40718>;1637,125
2011;Vorchdorf <40720>;7309,5
2011;Aistersheim <40801>;830,625
2011;Bad Schallerbach <40802>;3461,375
2011;Bruck-Waasen ^<40803>;2327
2011;Eschenau im Hausruckkreis <40804>;1087,75
2011;Gallspach <40805>;2609,625
2011;Gaspoltshofen <40806>;3491,125
2011;Geboltskirchen <40807>;1431,625
2011;Grieskirchen <40808>;4820,375
2011;Haag am Hausruck <40809>;2129,25
2011;Heiligenberg <40810>;689,625
2011;Hofkirchen an der Trattnach <40811>;1590,375
2011;Kallham <40812>;2524,625
2011;Kematen am Innbach <40813>;1338,875
2011;Meggenhofen <40814>;1380,875
2011;Michaelnbach <40815>;1281,625
2011;Natternbach <40816>;2324,375
2011;Neukirchen am Walde <40817>;1628
2011;Neumarkt im Hausruckkreis <40818>;1474,875
2011;Peuerbach ^<40819>;2133
2011;Peuerbach <40835>;-
2011;Pollham <40821>;981,875
2011;Pötting <40820>;537,875
2011;Pram <40822>;1735
2011;Rottenbach <40823>;1084,125
2011;St. Agatha <40824>;2147,75
2011;St. Georgen bei Grieskirchen <40825>;1167,625
2011;St. Thomas <40826>;484,5
2011;Schlüßlberg <40827>;2969,625
2011;Steegen <40828>;1062,875
2011;Taufkirchen an der Trattnach <40829>;2005,625
2011;Tollet <40830>;902,875
2011;Waizenkirchen <40831>;3610,625
2011;Wallern an der Trattnach <40832>;2836,125
2011;Weibern <40833>;1614,125
2011;Wendling <40834>;808,25
2011;Edlbach <40901>;641,375
2011;Grünburg <40902>;3837,5
2011;Hinterstoder <40903>;918,375
2011;Inzersdorf im Kremstal <40904>;1873,875
2011;Kirchdorf an der Krems <40905>;4059
2011;Klaus an der Pyhrnbahn <40906>;1121,5
2011;Kremsmünster <40907>;6469,25
2011;Micheldorf in Oberösterreich <40908>;5876,5
2011;Molln <40909>;3592,375
2011;Nußbach <40910>;2260,875
2011;Oberschlierbach <40911>;465
2011;Pettenbach <40912>;4971,5
2011;Ried im Traunkreis <40913>;2643,125
2011;Rosenau am Hengstpaß <40914>;708
2011;Roßleithen <40915>;1867
2011;St. Pankraz <40916>;358,25
2011;Schlierbach <40917>;2769,5
2011;Spital am Pyhrn <40918>;2202,75
2011;Steinbach am Ziehberg <40919>;823,5
2011;Steinbach an der Steyr <40920>;1975,375
2011;Vorderstoder <40921>;771,625
2011;Wartberg an der Krems <40922>;2957,375
2011;Windischgarsten <40923>;2427,375
2011;Allhaming <41001>;1060,5
2011;Ansfelden <41002>;15673
2011;Asten <41003>;6223,75
2011;Eggendorf im Traunkreis <41004>;761,125
2011;Enns <41005>;11315,625
2011;Hargelsberg <41006>;1230,375
2011;Hofkirchen im Traunkreis <41008>;1728,875
2011;Hörsching <41007>;5785,125
2011;Kematen an der Krems <41009>;2500,25
2011;Kirchberg-Thening <41010>;2297,875
2011;Kronstorf <41011>;3127,25
2011;Leonding <41012>;25511,25
2011;Neuhofen an der Krems <41014>;5620,75
2011;Niederneukirchen <41015>;1924
2011;Oftering <41016>;1957,125
2011;Pasching <41017>;6592,125
2011;Piberbach <41018>;1855,75
2011;Pucking <41019>;3722,625
2011;St. Florian <41013>;5953,125
2011;St. Marien <41020>;4595,75
2011;Traun <41021>;23786,125
2011;Wilhering <41022>;5795,75
2011;Allerheiligen im Mühlkreis <41101>;1183
2011;Arbing <41102>;1353,75
2011;Bad Kreuzen <41108>;2361,5
2011;Baumgartenberg <41103>;1601,125
2011;Dimbach <41104>;1043,5
2011;Grein <41105>;3022,75
2011;Katsdorf <41106>;2850,25
2011;Klam <41107>;920,25
2011;Langenstein <41109>;2476,125
2011;Luftenberg an der Donau <41110>;3872,75
2011;Mauthausen <41111>;4944,875
2011;Mitterkirchen im Machland <41112>;1691,25
2011;Münzbach <41113>;1726,875
2011;Naarn im Machlande <41114>;3525,5
2011;Pabneukirchen <41115>;1733,25
2011;Perg <41116>;7771,875
2011;Rechberg <41117>;927,5
2011;Ried in der Riedmark <41118>;4064,25
2011;St. Georgen am Walde <41119>;2098,75
2011;St. Georgen an der Gusen <41120>;3633,5
2011;St. Nikola an der Donau <41121>;755,375
2011;St. Thomas am Blasenstein <41122>;932,375
2011;Saxen <41123>;1735,5
2011;Schwertberg <41124>;5137,625
2011;Waldhausen im Strudengau <41125>;2905,125
2011;Windhaag bei Perg <41126>;1425,875
2011;Andrichsfurt <41201>;703,125
2011;Antiesenhofen <41202>;1095,375
2011;Aurolzmünster <41203>;2908,625
2011;Eberschwang <41204>;3383
2011;Eitzing <41205>;711,75
2011;Geiersberg <41206>;546,25
2011;Geinberg <41207>;1384
2011;Gurten <41208>;1173,125
2011;Hohenzell <41209>;2046,125
2011;Kirchdorf am Inn <41210>;598,375
2011;Kirchheim im Innkreis <41211>;712,625
2011;Lambrechten <41212>;1311,625
2011;Lohnsburg am Kobernaußerwald <41213>;2220,625
2011;Mehrnbach <41214>;2326,5
2011;Mettmach <41215>;2445,75
2011;Mörschwang <41216>;308,75
2011;Mühlheim am Inn <41217>;630,25
2011;Neuhofen im Innkreis <41218>;2210,5
2011;Obernberg am Inn <41219>;1457
2011;Ort im Innkreis <41220>;1218,375
2011;Pattigham <41221>;873,75
2011;Peterskirchen <41222>;673,625
2011;Pramet <41223>;1025,125
2011;Reichersberg <41224>;1432,75
2011;Ried im Innkreis <41225>;11406,625
2011;St. Georgen bei Obernberg am Inn <41226>;592
2011;St. Marienkirchen am Hausruck <41227>;838
2011;St. Martin im Innkreis <41228>;1788,625
2011;Schildorn <41229>;1110,625
2011;Senftenbach <41230>;728,25
2011;Taiskirchen im Innkreis <41231>;2444,125
2011;Tumeltsham <41232>;1512,375
2011;Utzenaich <41233>;1541,875
2011;Waldzell <41234>;2079,625
2011;Weilbach <41235>;621,875
2011;Wippenham <41236>;527,875
2011;Afiesl ^<41301>;407,25
2011;Ahorn ^<41302>;489
2011;Aigen im Mühlkreis ^<41303>;1929,25
2011;Aigen-Schlägl <41343>;-
2011;Altenfelden <41304>;2158,25
2011;Arnreit <41305>;1138,625
2011;Atzesberg <41306>;453,875
2011;Auberg <41307>;589,375
2011;Berg bei Rohrbach ^<41308>;2560,375
2011;Haslach an der Mühl <41309>;2537,75
2011;Helfenberg ^<41310>;966,375
2011;Helfenberg <41345>;-
2011;Hofkirchen im Mühlkreis <41312>;1431
2011;Hörbich <41311>;418
2011;Julbach <41313>;1591,125
2011;Kirchberg ob der Donau <41314>;1069,875
2011;Klaffer am Hochficht <41315>;1303,25
2011;Kleinzell im Mühlkreis <41316>;1461,375
2011;Kollerschlag <41317>;1499,375
2011;Lembach im Mühlkreis <41318>;1552,5
2011;Lichtenau im Mühlkreis <41319>;516,75
2011;Nebelberg <41320>;621,625
2011;Neufelden <41321>;1287,125
2011;Neustift im Mühlkreis <41329>;1454,625
2011;Niederkappel <41322>;978,375
2011;Niederwaldkirchen <41323>;1755,875
2011;Oberkappel <41324>;732
2011;Oepping <41325>;1543,125
2011;Peilstein im Mühlviertel <41326>;1594,25
2011;Pfarrkirchen im Mühlkreis <41327>;1514,875
2011;Putzleinsdorf <41328>;1538,375
2011;Rohrbach in Oberösterreich ^<41330>;2490,625
2011;Rohrbach-Berg <41344>;-
2011;St. Johann am Wimberg <41331>;1002,375
2011;St. Martin im Mühlkreis <41332>;3606,625
2011;St. Oswald bei Haslach <41333>;497,75
2011;St. Peter am Wimberg <41334>;1754,875
2011;St. Stefan-Afiesl <41346>;-
2011;St. Ulrich im Mühlkreis <41336>;670
2011;St. Veit im Mühlkreis <41337>;1188,5
2011;Sankt Stefan am Walde ^<41335>;810,625
2011;Sarleinsbach <41338>;2233,875
2011;Schlägl ^<41339>;1298,25
2011;Schönegg ^<41340>;524,875
2011;Schwarzenberg am Böhmerwald <41341>;638
2011;Ulrichsberg <41342>;2959,5
2011;Altschwendt <41401>;660,125
2011;Andorf <41402>;5052,25
2011;Brunnenthal <41403>;1971,625
2011;Diersbach <41404>;1596
2011;Dorf an der Pram <41405>;1029
2011;Eggerding <41406>;1242,75
2011;Engelhartszell <41407>;976,875
2011;Enzenkirchen <41408>;1784,5
2011;Esternberg <41409>;2902,875
2011;Freinberg <41410>;1484,625
2011;Kopfing im Innkreis <41411>;1969
2011;Mayrhof <41412>;293,25
2011;Münzkirchen <41413>;2546,625
2011;Raab <41414>;2274,75
2011;Rainbach im Innkreis <41415>;1524,25
2011;Riedau <41416>;1968,75
2011;St. Aegidi <41417>;1602,25
2011;St. Florian am Inn <41418>;3089,125
2011;St. Marienkirchen bei Schärding <41419>;1849,125
2011;St. Roman <41420>;1755,625
2011;St. Willibald <41421>;1130
2011;Schardenberg <41423>;2284,625
2011;Schärding <41422>;4889,75
2011;Sigharting <41424>;792
2011;Suben <41425>;1353,5
2011;Taufkirchen an der Pram <41426>;2923,375
2011;Vichtenstein <41427>;682,75
2011;Waldkirchen am Wesen <41428>;1225,375
2011;Wernstein am Inn <41429>;1528,5
2011;Zell an der Pram <41430>;2019,75
2011;Adlwang <41501>;1677,375
2011;Aschach an der Steyr <41502>;2207,125
2011;Bad Hall <41503>;4796,375
2011;Dietach <41504>;2950,375
2011;Gaflenz <41505>;1858,375
2011;Garsten <41506>;6667,375
2011;Großraming <41507>;2680,625
2011;Laussa <41508>;1277,625
2011;Losenstein <41509>;1635,875
2011;Maria Neustift <41510>;1636
2011;Pfarrkirchen bei Bad Hall <41511>;2123,875
2011;Reichraming <41512>;1797,5
2011;Rohr im Kremstal <41513>;1222,75
2011;St. Ulrich bei Steyr <41514>;3012,75
2011;Schiedlberg <41515>;1242
2011;Sierning <41516>;9092,375
2011;Ternberg <41517>;3321,125
2011;Waldneukirchen <41518>;2231,375
2011;Weyer <41522>;4251,375
2011;Weyer Land ^<41519>;-
2011;Weyer Markt ^<41520>;-
2011;Wolfern <41521>;3001,625
2011;Alberndorf in der Riedmark <41601>;3855,875
2011;Altenberg bei Linz <41602>;4361,625
2011;Bad Leonfelden <41603>;4074
2011;Eidenberg <41604>;2047,625
2011;Engerwitzdorf <41605>;8483,125
2011;Feldkirchen an der Donau <41606>;5134,625
2011;Gallneukirchen <41607>;6211,625
2011;Goldwörth <41608>;935,375
2011;Gramastetten <41609>;4712,5
2011;Haibach im Mühlkreis <41610>;858,375
2011;Hellmonsödt <41611>;2157,75
2011;Herzogsdorf <41612>;2435,625
2011;Kirchschlag bei Linz <41613>;2007,25
2011;Lichtenberg <41614>;2596
2011;Oberneukirchen <41615>;3147,75
2011;Ottenschlag im Mühlkreis <41616>;505,625
2011;Ottensheim <41617>;4483
2011;Puchenau <41618>;4409
2011;Reichenau im Mühlkreis <41619>;1243,25
2011;Reichenthal <41620>;1473,625
2011;St. Gotthard im Mühlkreis <41621>;1281
2011;Schenkenfelden <41622>;1544,5
2011;Sonnberg im Mühlkreis <41623>;854,625
2011;Steyregg <41624>;4761,25
2011;Vorderweißenbach ^<41625>;2037,5
2011;Vorderweißenbach <41628>;-
2011;Walding <41626>;3896,5
2011;Zwettl an der Rodl <41627>;1729,25
2011;Ampflwang im Hausruckwald <41701>;3441,75
2011;Attersee am Attersee <41702>;1578,375
2011;Attnang-Puchheim <41703>;8882,75
2011;Atzbach <41704>;1166,875
2011;Aurach am Hongar <41705>;1593,875
2011;Berg im Attergau <41706>;996,875
2011;Desselbrunn <41707>;1661,25
2011;Fornach <41708>;932,125
2011;Frankenburg am Hausruck <41709>;4809,625
2011;Frankenmarkt <41710>;3496,875
2011;Gampern <41711>;2682,25
2011;Innerschwand am Mondsee <41712>;1113,375
2011;Lenzing an der Ager <41713>;4974,875
2011;Manning <41714>;809,25
2011;Mondsee <41715>;3279,375
2011;Neukirchen an der Vöckla <41716>;2475,875
2011;Niederthalheim <41717>;1027,125
2011;Nußdorf am Attersee <41718>;1111,5
2011;Oberhofen am Irrsee <41719>;1509,75
2011;Oberndorf bei Schwanenstadt <41720>;1404,75
2011;Oberwang <41721>;1608
2011;Ottnang am Hausruck <41722>;3845,375
2011;Pfaffing <41723>;1405,75
2011;Pilsbach <41724>;631,75
2011;Pitzenberg <41725>;491,5
2011;Pöndorf <41726>;2276,375
2011;Puchkirchen am Trattberg <41727>;965
2011;Pühret <41728>;594,875
2011;Redleiten <41729>;496
2011;Redlham <41730>;1477,125
2011;Regau <41731>;6236,5
2011;Rüstorf <41732>;1968,25
2011;Rutzenham <41733>;252,125
2011;St. Georgen im Attergau <41734>;4155,375
2011;St. Lorenz <41735>;2314,5
2011;Schlatt <41736>;1327,25
2011;Schörfling am Attersee <41737>;3218,125
2011;Schwanenstadt <41738>;4130,625
2011;Seewalchen am Attersee <41739>;5296,25
2011;Steinbach am Attersee <41740>;841,625
2011;Straß im Attergau <41741>;1476
2011;Tiefgraben <41742>;3723,625
2011;Timelkam <41743>;5895,5
2011;Ungenach <41744>;1417
2011;Unterach am Attersee <41745>;1419,5
2011;Vöcklabruck <41746>;11901,25
2011;Vöcklamarkt <41747>;4776,125
2011;Weißenkirchen im Attergau <41748>;924,625
2011;Weyregg am Attersee <41749>;1478
2011;Wolfsegg am Hausruck <41750>;2020,375
2011;Zell am Moos <41751>;1521,625
2011;Zell am Pettenfirst <41752>;1175,125
2011;Aichkirchen <41801>;541,625
2011;Bachmanning <41802>;669,875
2011;Bad Wimsbach-Neydharting <41803>;2431,375
2011;Buchkirchen <41804>;3992,125
2011;Eberstalzell <41805>;2324,125
2011;Edt bei Lambach <41806>;2031,25
2011;Fischlham <41807>;1310,875
2011;Gunskirchen <41808>;5655,125
2011;Holzhausen <41809>;782,25
2011;Krenglbach <41810>;2980,125
2011;Lambach <41811>;3347
2011;Marchtrenk <41812>;12314,125
2011;Neukirchen bei Lambach <41813>;888,375
2011;Offenhausen <41814>;1616,375
2011;Pennewang <41815>;877,625
2011;Pichl bei Wels <41816>;2806,625
2011;Sattledt <41817>;2377,25
2011;Schleißheim <41818>;1232,625
2011;Sipbachzell <41819>;1797,5
2011;Stadl-Paura <41820>;4935,625
2011;Steinerkirchen an der Traun <41821>;2334,5
2011;Steinhaus <41822>;1871,75
2011;Thalheim bei Wels <41823>;5507,625
2011;Weißkirchen an der Traun <41824>;3139,625
2012;Linz <40101>;190757,75
2012;Steyr <40201>;38138,625
2012;Wels <40301>;58771,25
2012;Alkoven <40501>;5355,625
2012;Aschach an der Donau <40502>;2179,75
2012;Eferding <40503>;3854,875
2012;Fraham <40504>;2231,125
2012;Haibach ob der Donau <40505>;1294,75
2012;Hartkirchen <40506>;4083,625
2012;Hinzenbach <40507>;1999,125
2012;Prambachkirchen <40508>;2807,5
2012;Pupping <40509>;1930
2012;St. Marienkirchen an der Polsenz <40510>;2255,625
2012;Scharten <40511>;2175,625
2012;Stroheim <40512>;1548,375
2012;Bad Zell <40627>;2765,375
2012;Freistadt <40601>;7468,625
2012;Grünbach <40602>;1883,75
2012;Gutau <40603>;2685,75
2012;Hagenberg im Mühlkreis <40604>;2655,5
2012;Hirschbach im Mühlkreis <40605>;1126,375
2012;Kaltenberg <40606>;622,875
2012;Kefermarkt <40607>;2041,75
2012;Königswiesen <40608>;3183,625
2012;Lasberg <40609>;2783,875
2012;Leopoldschlag <40610>;1033,5
2012;Liebenau <40611>;1695,5
2012;Neumarkt im Mühlkreis <40612>;3094,875
2012;Pierbach <40613>;1004,5
2012;Pregarten <40614>;5082,625
2012;Rainbach im Mühlkreis <40615>;2912,25
2012;Sandl <40616>;1440
2012;St. Leonhard bei Freistadt <40617>;1421,625
2012;St. Oswald bei Freistadt <40618>;2780,875
2012;Schönau im Mühlkreis <40619>;1881,625
2012;Tragwein <40620>;3079,125
2012;Unterweißenbach <40621>;2295,875
2012;Unterweitersdorf <40622>;2012,375
2012;Waldburg <40623>;1373,875
2012;Wartberg ob der Aist <40624>;4058,375
2012;Weitersfelden <40625>;1059,25
2012;Windhaag bei Freistadt <40626>;1638,875
2012;Altmünster <40701>;9516,75
2012;Bad Goisern am Hallstättersee <40702>;7529,125
2012;Bad Ischl <40703>;13815,125
2012;Ebensee am Traunsee <40704>;7800,25
2012;Gmunden <40705>;13040,5
2012;Gosau <40706>;1781,75
2012;Grünau im Almtal <40707>;2099,375
2012;Gschwandt <40708>;2671,375
2012;Hallstatt <40709>;793
2012;Kirchham <40710>;1951
2012;Laakirchen <40711>;9564,375
2012;Obertraun <40712>;722,125
2012;Ohlsdorf <40713>;4917,125
2012;Pinsdorf <40714>;3647,5
2012;Roitham am Traunfall <40715>;1980,875
2012;St. Konrad <40716>;1094,375
2012;St. Wolfgang im Salzkammergut <40717>;2836,75
2012;Scharnstein <40719>;4741,375
2012;Traunkirchen <40718>;1624,875
2012;Vorchdorf <40720>;7256,5
2012;Aistersheim <40801>;853,125
2012;Bad Schallerbach <40802>;3571
2012;Bruck-Waasen ^<40803>;2297,125
2012;Eschenau im Hausruckkreis <40804>;1076,875
2012;Gallspach <40805>;2626
2012;Gaspoltshofen <40806>;3492,375
2012;Geboltskirchen <40807>;1432,5
2012;Grieskirchen <40808>;4811
2012;Haag am Hausruck <40809>;2125,875
2012;Heiligenberg <40810>;683,875
2012;Hofkirchen an der Trattnach <40811>;1583,25
2012;Kallham <40812>;2531,25
2012;Kematen am Innbach <40813>;1350
2012;Meggenhofen <40814>;1383,25
2012;Michaelnbach <40815>;1280,625
2012;Natternbach <40816>;2333,125
2012;Neukirchen am Walde <40817>;1637,875
2012;Neumarkt im Hausruckkreis <40818>;1451,5
2012;Peuerbach ^<40819>;2149,375
2012;Peuerbach <40835>;-
2012;Pollham <40821>;979
2012;Pötting <40820>;539,25
2012;Pram <40822>;1746,25
2012;Rottenbach <40823>;1083
2012;St. Agatha <40824>;2130,75
2012;St. Georgen bei Grieskirchen <40825>;1205,25
2012;St. Thomas <40826>;506,5
2012;Schlüßlberg <40827>;2943,5
2012;Steegen <40828>;1050,375
2012;Taufkirchen an der Trattnach <40829>;1995,25
2012;Tollet <40830>;904,875
2012;Waizenkirchen <40831>;3639,5
2012;Wallern an der Trattnach <40832>;2869,5
2012;Weibern <40833>;1621,875
2012;Wendling <40834>;801,375
2012;Edlbach <40901>;655,75
2012;Grünburg <40902>;3855,5
2012;Hinterstoder <40903>;918,25
2012;Inzersdorf im Kremstal <40904>;1909,375
2012;Kirchdorf an der Krems <40905>;4089,25
2012;Klaus an der Pyhrnbahn <40906>;1100,875
2012;Kremsmünster <40907>;6447
2012;Micheldorf in Oberösterreich <40908>;5851,375
2012;Molln <40909>;3583,125
2012;Nußbach <40910>;2244
2012;Oberschlierbach <40911>;469,75
2012;Pettenbach <40912>;4986,25
2012;Ried im Traunkreis <40913>;2667
2012;Rosenau am Hengstpaß <40914>;693,625
2012;Roßleithen <40915>;1870,125
2012;St. Pankraz <40916>;345,125
2012;Schlierbach <40917>;2766,5
2012;Spital am Pyhrn <40918>;2198,5
2012;Steinbach am Ziehberg <40919>;824
2012;Steinbach an der Steyr <40920>;1976,5
2012;Vorderstoder <40921>;780,125
2012;Wartberg an der Krems <40922>;2928,875
2012;Windischgarsten <40923>;2393
2012;Allhaming <41001>;1071
2012;Ansfelden <41002>;15686,125
2012;Asten <41003>;6240,25
2012;Eggendorf im Traunkreis <41004>;780,375
2012;Enns <41005>;11419,5
2012;Hargelsberg <41006>;1281
2012;Hofkirchen im Traunkreis <41008>;1758
2012;Hörsching <41007>;5828,125
2012;Kematen an der Krems <41009>;2519,875
2012;Kirchberg-Thening <41010>;2287,5
2012;Kronstorf <41011>;3159,875
2012;Leonding <41012>;25821,25
2012;Neuhofen an der Krems <41014>;5655,125
2012;Niederneukirchen <41015>;1929,75
2012;Oftering <41016>;1951,875
2012;Pasching <41017>;6618,25
2012;Piberbach <41018>;1849,875
2012;Pucking <41019>;3765,25
2012;St. Florian <41013>;6023,75
2012;St. Marien <41020>;4588,25
2012;Traun <41021>;23641
2012;Wilhering <41022>;5789,875
2012;Allerheiligen im Mühlkreis <41101>;1177,75
2012;Arbing <41102>;1367,5
2012;Bad Kreuzen <41108>;2354,125
2012;Baumgartenberg <41103>;1620,75
2012;Dimbach <41104>;1022,875
2012;Grein <41105>;3008,25
2012;Katsdorf <41106>;2842,125
2012;Klam <41107>;909,125
2012;Langenstein <41109>;2473
2012;Luftenberg an der Donau <41110>;3874,125
2012;Mauthausen <41111>;4923,25
2012;Mitterkirchen im Machland <41112>;1693,75
2012;Münzbach <41113>;1726,625
2012;Naarn im Machlande <41114>;3555,25
2012;Pabneukirchen <41115>;1720,75
2012;Perg <41116>;7954,75
2012;Rechberg <41117>;928,25
2012;Ried in der Riedmark <41118>;4101,875
2012;St. Georgen am Walde <41119>;2080
2012;St. Georgen an der Gusen <41120>;3684,25
2012;St. Nikola an der Donau <41121>;756,25
2012;St. Thomas am Blasenstein <41122>;932,625
2012;Saxen <41123>;1735
2012;Schwertberg <41124>;5115
2012;Waldhausen im Strudengau <41125>;2891,375
2012;Windhaag bei Perg <41126>;1447,125
2012;Andrichsfurt <41201>;710,375
2012;Antiesenhofen <41202>;1095,25
2012;Aurolzmünster <41203>;2889,5
2012;Eberschwang <41204>;3377,625
2012;Eitzing <41205>;729,25
2012;Geiersberg <41206>;535,375
2012;Geinberg <41207>;1406,25
2012;Gurten <41208>;1181,25
2012;Hohenzell <41209>;2050
2012;Kirchdorf am Inn <41210>;615,125
2012;Kirchheim im Innkreis <41211>;703,875
2012;Lambrechten <41212>;1288,25
2012;Lohnsburg am Kobernaußerwald <41213>;2184,625
2012;Mehrnbach <41214>;2296
2012;Mettmach <41215>;2423,875
2012;Mörschwang <41216>;316,25
2012;Mühlheim am Inn <41217>;652,875
2012;Neuhofen im Innkreis <41218>;2211,875
2012;Obernberg am Inn <41219>;1441
2012;Ort im Innkreis <41220>;1207,625
2012;Pattigham <41221>;888,25
2012;Peterskirchen <41222>;668,625
2012;Pramet <41223>;1016,875
2012;Reichersberg <41224>;1481
2012;Ried im Innkreis <41225>;11373,125
2012;St. Georgen bei Obernberg am Inn <41226>;587,25
2012;St. Marienkirchen am Hausruck <41227>;837
2012;St. Martin im Innkreis <41228>;1790,875
2012;Schildorn <41229>;1125
2012;Senftenbach <41230>;746,75
2012;Taiskirchen im Innkreis <41231>;2449,875
2012;Tumeltsham <41232>;1526,25
2012;Utzenaich <41233>;1539
2012;Waldzell <41234>;2087
2012;Weilbach <41235>;621,25
2012;Wippenham <41236>;537,25
2012;Afiesl ^<41301>;407,625
2012;Ahorn ^<41302>;486,5
2012;Aigen im Mühlkreis ^<41303>;1926,875
2012;Aigen-Schlägl <41343>;-
2012;Altenfelden <41304>;2119,5
2012;Arnreit <41305>;1144,125
2012;Atzesberg <41306>;453,625
2012;Auberg <41307>;581,875
2012;Berg bei Rohrbach ^<41308>;2526,75
2012;Haslach an der Mühl <41309>;2527
2012;Helfenberg ^<41310>;960,875
2012;Helfenberg <41345>;-
2012;Hofkirchen im Mühlkreis <41312>;1454
2012;Hörbich <41311>;416,75
2012;Julbach <41313>;1578,25
2012;Kirchberg ob der Donau <41314>;1056,875
2012;Klaffer am Hochficht <41315>;1306
2012;Kleinzell im Mühlkreis <41316>;1475,875
2012;Kollerschlag <41317>;1490,875
2012;Lembach im Mühlkreis <41318>;1553,125
2012;Lichtenau im Mühlkreis <41319>;517
2012;Nebelberg <41320>;623,5
2012;Neufelden <41321>;1281
2012;Neustift im Mühlkreis <41329>;1451,5
2012;Niederkappel <41322>;973,875
2012;Niederwaldkirchen <41323>;1754,375
2012;Oberkappel <41324>;730,875
2012;Oepping <41325>;1542,25
2012;Peilstein im Mühlviertel <41326>;1571,375
2012;Pfarrkirchen im Mühlkreis <41327>;1492
2012;Putzleinsdorf <41328>;1534,75
2012;Rohrbach in Oberösterreich ^<41330>;2488,125
2012;Rohrbach-Berg <41344>;-
2012;St. Johann am Wimberg <41331>;1008,25
2012;St. Martin im Mühlkreis <41332>;3593,625
2012;St. Oswald bei Haslach <41333>;498,25
2012;St. Peter am Wimberg <41334>;1750
2012;St. Stefan-Afiesl <41346>;-
2012;St. Ulrich im Mühlkreis <41336>;672,125
2012;St. Veit im Mühlkreis <41337>;1197,125
2012;Sankt Stefan am Walde ^<41335>;802,625
2012;Sarleinsbach <41338>;2245,375
2012;Schlägl ^<41339>;1266,625
2012;Schönegg ^<41340>;520,375
2012;Schwarzenberg am Böhmerwald <41341>;635
2012;Ulrichsberg <41342>;2936,625
2012;Altschwendt <41401>;663,125
2012;Andorf <41402>;5062
2012;Brunnenthal <41403>;1968,125
2012;Diersbach <41404>;1598,5
2012;Dorf an der Pram <41405>;1038
2012;Eggerding <41406>;1256
2012;Engelhartszell <41407>;975
2012;Enzenkirchen <41408>;1767
2012;Esternberg <41409>;2898
2012;Freinberg <41410>;1469,625
2012;Kopfing im Innkreis <41411>;1954,875
2012;Mayrhof <41412>;298,375
2012;Münzkirchen <41413>;2544,75
2012;Raab <41414>;2262,625
2012;Rainbach im Innkreis <41415>;1520,25
2012;Riedau <41416>;1989,125
2012;St. Aegidi <41417>;1597,375
2012;St. Florian am Inn <41418>;3091,875
2012;St. Marienkirchen bei Schärding <41419>;1840,125
2012;St. Roman <41420>;1737,875
2012;St. Willibald <41421>;1111,125
2012;Schardenberg <41423>;2305,875
2012;Schärding <41422>;4837,25
2012;Sigharting <41424>;794,125
2012;Suben <41425>;1442,25
2012;Taufkirchen an der Pram <41426>;2922,25
2012;Vichtenstein <41427>;676,875
2012;Waldkirchen am Wesen <41428>;1220,125
2012;Wernstein am Inn <41429>;1547
2012;Zell an der Pram <41430>;2002,625
2012;Adlwang <41501>;1667,875
2012;Aschach an der Steyr <41502>;2190,25
2012;Bad Hall <41503>;4818,25
2012;Dietach <41504>;3016,125
2012;Gaflenz <41505>;1852,5
2012;Garsten <41506>;6632
2012;Großraming <41507>;2668,875
2012;Laussa <41508>;1270,625
2012;Losenstein <41509>;1617,25
2012;Maria Neustift <41510>;1616,125
2012;Pfarrkirchen bei Bad Hall <41511>;2147
2012;Reichraming <41512>;1780,75
2012;Rohr im Kremstal <41513>;1213,5
2012;St. Ulrich bei Steyr <41514>;3007,375
2012;Schiedlberg <41515>;1222,125
2012;Sierning <41516>;9057,5
2012;Ternberg <41517>;3328,5
2012;Waldneukirchen <41518>;2244,375
2012;Weyer <41522>;4231,5
2012;Weyer Land ^<41519>;-
2012;Weyer Markt ^<41520>;-
2012;Wolfern <41521>;3010,625
2012;Alberndorf in der Riedmark <41601>;3873,75
2012;Altenberg bei Linz <41602>;4408,375
2012;Bad Leonfelden <41603>;4088,75
2012;Eidenberg <41604>;2047,625
2012;Engerwitzdorf <41605>;8560,875
2012;Feldkirchen an der Donau <41606>;5189,375
2012;Gallneukirchen <41607>;6192,875
2012;Goldwörth <41608>;926,625
2012;Gramastetten <41609>;4801,125
2012;Haibach im Mühlkreis <41610>;873,25
2012;Hellmonsödt <41611>;2162,5
2012;Herzogsdorf <41612>;2447,5
2012;Kirchschlag bei Linz <41613>;2029,125
2012;Lichtenberg <41614>;2597,25
2012;Oberneukirchen <41615>;3155,125
2012;Ottenschlag im Mühlkreis <41616>;514,25
2012;Ottensheim <41617>;4503,25
2012;Puchenau <41618>;4471,375
2012;Reichenau im Mühlkreis <41619>;1242,5
2012;Reichenthal <41620>;1473,25
2012;St. Gotthard im Mühlkreis <41621>;1284,625
2012;Schenkenfelden <41622>;1542,75
2012;Sonnberg im Mühlkreis <41623>;879,375
2012;Steyregg <41624>;4778,125
2012;Vorderweißenbach ^<41625>;2054,125
2012;Vorderweißenbach <41628>;-
2012;Walding <41626>;3942,625
2012;Zwettl an der Rodl <41627>;1714,75
2012;Ampflwang im Hausruckwald <41701>;3451
2012;Attersee am Attersee <41702>;1587
2012;Attnang-Puchheim <41703>;8835,875
2012;Atzbach <41704>;1170,5
2012;Aurach am Hongar <41705>;1603,625
2012;Berg im Attergau <41706>;997,625
2012;Desselbrunn <41707>;1706,5
2012;Fornach <41708>;949,25
2012;Frankenburg am Hausruck <41709>;4793
2012;Frankenmarkt <41710>;3495,875
2012;Gampern <41711>;2710
2012;Innerschwand am Mondsee <41712>;1119,625
2012;Lenzing an der Ager <41713>;5035,5
2012;Manning <41714>;806,125
2012;Mondsee <41715>;3358
2012;Neukirchen an der Vöckla <41716>;2494,75
2012;Niederthalheim <41717>;1033,125
2012;Nußdorf am Attersee <41718>;1121,125
2012;Oberhofen am Irrsee <41719>;1509,625
2012;Oberndorf bei Schwanenstadt <41720>;1414,25
2012;Oberwang <41721>;1604,75
2012;Ottnang am Hausruck <41722>;3867,625
2012;Pfaffing <41723>;1427,625
2012;Pilsbach <41724>;615,25
2012;Pitzenberg <41725>;494,75
2012;Pöndorf <41726>;2283,75
2012;Puchkirchen am Trattberg <41727>;973,5
2012;Pühret <41728>;595,5
2012;Redleiten <41729>;497,375
2012;Redlham <41730>;1471,625
2012;Regau <41731>;6316,875
2012;Rüstorf <41732>;1969,875
2012;Rutzenham <41733>;253,75
2012;St. Georgen im Attergau <41734>;4169
2012;St. Lorenz <41735>;2355,25
2012;Schlatt <41736>;1333,25
2012;Schörfling am Attersee <41737>;3222,625
2012;Schwanenstadt <41738>;4079,25
2012;Seewalchen am Attersee <41739>;5314
2012;Steinbach am Attersee <41740>;854
2012;Straß im Attergau <41741>;1490,625
2012;Tiefgraben <41742>;3731,625
2012;Timelkam <41743>;5894,375
2012;Ungenach <41744>;1414,75
2012;Unterach am Attersee <41745>;1425,125
2012;Vöcklabruck <41746>;11940,875
2012;Vöcklamarkt <41747>;4742,5
2012;Weißenkirchen im Attergau <41748>;928,625
2012;Weyregg am Attersee <41749>;1496,75
2012;Wolfsegg am Hausruck <41750>;2010,875
2012;Zell am Moos <41751>;1541,25
2012;Zell am Pettenfirst <41752>;1158,75
2012;Aichkirchen <41801>;553
2012;Bachmanning <41802>;671,75
2012;Bad Wimsbach-Neydharting <41803>;2443,5
2012;Buchkirchen <41804>;4041,25
2012;Eberstalzell <41805>;2326,875
2012;Edt bei Lambach <41806>;2007,875
2012;Fischlham <41807>;1318,5
2012;Gunskirchen <41808>;5700
2012;Holzhausen <41809>;791,875
2012;Krenglbach <41810>;2988,625
2012;Lambach <41811>;3327,625
2012;Marchtrenk <41812>;12407,625
2012;Neukirchen bei Lambach <41813>;881,375
2012;Offenhausen <41814>;1595,375
2012;Pennewang <41815>;886,125
2012;Pichl bei Wels <41816>;2818,875
2012;Sattledt <41817>;2426,25
2012;Schleißheim <41818>;1240,25
2012;Sipbachzell <41819>;1832,625
2012;Stadl-Paura <41820>;4912,125
2012;Steinerkirchen an der Traun <41821>;2359,375
2012;Steinhaus <41822>;1911,875
2012;Thalheim bei Wels <41823>;5460,875
2012;Weißkirchen an der Traun <41824>;3175,75
2013;Linz <40101>;192584,875
2013;Steyr <40201>;38086,75
2013;Wels <40301>;59081,375
2013;Alkoven <40501>;5436
2013;Aschach an der Donau <40502>;2195,75
2013;Eferding <40503>;3893,375
2013;Fraham <40504>;2274,625
2013;Haibach ob der Donau <40505>;1298,125
2013;Hartkirchen <40506>;4089,125
2013;Hinzenbach <40507>;1979,125
2013;Prambachkirchen <40508>;2804,375
2013;Pupping <40509>;1901
2013;St. Marienkirchen an der Polsenz <40510>;2248,625
2013;Scharten <40511>;2194,375
2013;Stroheim <40512>;1556,875
2013;Bad Zell <40627>;2789,625
2013;Freistadt <40601>;7458
2013;Grünbach <40602>;1890,125
2013;Gutau <40603>;2714,125
2013;Hagenberg im Mühlkreis <40604>;2654,875
2013;Hirschbach im Mühlkreis <40605>;1140,375
2013;Kaltenberg <40606>;622,875
2013;Kefermarkt <40607>;2038,375
2013;Königswiesen <40608>;3167
2013;Lasberg <40609>;2771
2013;Leopoldschlag <40610>;1031,125
2013;Liebenau <40611>;1661,875
2013;Neumarkt im Mühlkreis <40612>;3105,125
2013;Pierbach <40613>;1000,625
2013;Pregarten <40614>;5111,25
2013;Rainbach im Mühlkreis <40615>;2908,75
2013;Sandl <40616>;1438,125
2013;St. Leonhard bei Freistadt <40617>;1403,875
2013;St. Oswald bei Freistadt <40618>;2800,5
2013;Schönau im Mühlkreis <40619>;1902
2013;Tragwein <40620>;3091,375
2013;Unterweißenbach <40621>;2291,875
2013;Unterweitersdorf <40622>;2031,625
2013;Waldburg <40623>;1360,375
2013;Wartberg ob der Aist <40624>;4104,625
2013;Weitersfelden <40625>;1048,25
2013;Windhaag bei Freistadt <40626>;1629,5
2013;Altmünster <40701>;9587,75
2013;Bad Goisern am Hallstättersee <40702>;7552
2013;Bad Ischl <40703>;13729,875
2013;Ebensee am Traunsee <40704>;7754,125
2013;Gmunden <40705>;13033
2013;Gosau <40706>;1745,375
2013;Grünau im Almtal <40707>;2088,875
2013;Gschwandt <40708>;2700,625
2013;Hallstatt <40709>;787,625
2013;Kirchham <40710>;1977,125
2013;Laakirchen <40711>;9560,75
2013;Obertraun <40712>;738,75
2013;Ohlsdorf <40713>;4974,375
2013;Pinsdorf <40714>;3723,5
2013;Roitham am Traunfall <40715>;1978,75
2013;St. Konrad <40716>;1091,125
2013;St. Wolfgang im Salzkammergut <40717>;2830,875
2013;Scharnstein <40719>;4729,5
2013;Traunkirchen <40718>;1618,125
2013;Vorchdorf <40720>;7240,125
2013;Aistersheim <40801>;873,625
2013;Bad Schallerbach <40802>;3667,125
2013;Bruck-Waasen ^<40803>;2284,25
2013;Eschenau im Hausruckkreis <40804>;1058,5
2013;Gallspach <40805>;2660,75
2013;Gaspoltshofen <40806>;3493,25
2013;Geboltskirchen <40807>;1411,25
2013;Grieskirchen <40808>;4832,875
2013;Haag am Hausruck <40809>;2151,625
2013;Heiligenberg <40810>;669,875
2013;Hofkirchen an der Trattnach <40811>;1593,875
2013;Kallham <40812>;2508,375
2013;Kematen am Innbach <40813>;1342
2013;Meggenhofen <40814>;1406,375
2013;Michaelnbach <40815>;1273,25
2013;Natternbach <40816>;2361,25
2013;Neukirchen am Walde <40817>;1630,25
2013;Neumarkt im Hausruckkreis <40818>;1454,625
2013;Peuerbach ^<40819>;2165,125
2013;Peuerbach <40835>;-
2013;Pollham <40821>;965,75
2013;Pötting <40820>;535,75
2013;Pram <40822>;1737,25
2013;Rottenbach <40823>;1085,875
2013;St. Agatha <40824>;2111,25
2013;St. Georgen bei Grieskirchen <40825>;1232,375
2013;St. Thomas <40826>;517,875
2013;Schlüßlberg <40827>;2957,375
2013;Steegen <40828>;1035,375
2013;Taufkirchen an der Trattnach <40829>;1966,75
2013;Tollet <40830>;892,5
2013;Waizenkirchen <40831>;3609,625
2013;Wallern an der Trattnach <40832>;2902,375
2013;Weibern <40833>;1639,75
2013;Wendling <40834>;804,75
2013;Edlbach <40901>;653,875
2013;Grünburg <40902>;3795,75
2013;Hinterstoder <40903>;908,625
2013;Inzersdorf im Kremstal <40904>;1913,75
2013;Kirchdorf an der Krems <40905>;4129,75
2013;Klaus an der Pyhrnbahn <40906>;1082,75
2013;Kremsmünster <40907>;6404,5
2013;Micheldorf in Oberösterreich <40908>;5835,5
2013;Molln <40909>;3583,25
2013;Nußbach <40910>;2232
2013;Oberschlierbach <40911>;461,5
2013;Pettenbach <40912>;5047,125
2013;Ried im Traunkreis <40913>;2672
2013;Rosenau am Hengstpaß <40914>;691,125
2013;Roßleithen <40915>;1900,375
2013;St. Pankraz <40916>;338,25
2013;Schlierbach <40917>;2798,5
2013;Spital am Pyhrn <40918>;2172,75
2013;Steinbach am Ziehberg <40919>;822,625
2013;Steinbach an der Steyr <40920>;2011,25
2013;Vorderstoder <40921>;783,5
2013;Wartberg an der Krems <40922>;2923
2013;Windischgarsten <40923>;2395,625
2013;Allhaming <41001>;1087,75
2013;Ansfelden <41002>;15705
2013;Asten <41003>;6227,75
2013;Eggendorf im Traunkreis <41004>;822
2013;Enns <41005>;11491
2013;Hargelsberg <41006>;1302,25
2013;Hofkirchen im Traunkreis <41008>;1774
2013;Hörsching <41007>;5852,375
2013;Kematen an der Krems <41009>;2558,375
2013;Kirchberg-Thening <41010>;2273
2013;Kronstorf <41011>;3206,875
2013;Leonding <41012>;26198,5
2013;Neuhofen an der Krems <41014>;5749,5
2013;Niederneukirchen <41015>;1944,25
2013;Oftering <41016>;1965,875
2013;Pasching <41017>;6808,375
2013;Piberbach <41018>;1853,625
2013;Pucking <41019>;3813,875
2013;St. Florian <41013>;6032,625
2013;St. Marien <41020>;4599,25
2013;Traun <41021>;23713,75
2013;Wilhering <41022>;5855,625
2013;Allerheiligen im Mühlkreis <41101>;1185,875
2013;Arbing <41102>;1371,625
2013;Bad Kreuzen <41108>;2311,875
2013;Baumgartenberg <41103>;1657,375
2013;Dimbach <41104>;1012,75
2013;Grein <41105>;2987,875
2013;Katsdorf <41106>;2876,875
2013;Klam <41107>;896
2013;Langenstein <41109>;2464,375
2013;Luftenberg an der Donau <41110>;3922,25
2013;Mauthausen <41111>;4891,5
2013;Mitterkirchen im Machland <41112>;1695
2013;Münzbach <41113>;1707
2013;Naarn im Machlande <41114>;3589,875
2013;Pabneukirchen <41115>;1720,125
2013;Perg <41116>;8031,375
2013;Rechberg <41117>;937,75
2013;Ried in der Riedmark <41118>;4106,875
2013;St. Georgen am Walde <41119>;2069,375
2013;St. Georgen an der Gusen <41120>;3738,5
2013;St. Nikola an der Donau <41121>;810,25
2013;St. Thomas am Blasenstein <41122>;925,375
2013;Saxen <41123>;1750,125
2013;Schwertberg <41124>;5154
2013;Waldhausen im Strudengau <41125>;2869,75
2013;Windhaag bei Perg <41126>;1445,75
2013;Andrichsfurt <41201>;709
2013;Antiesenhofen <41202>;1077,875
2013;Aurolzmünster <41203>;2901,75
2013;Eberschwang <41204>;3355,5
2013;Eitzing <41205>;731,75
2013;Geiersberg <41206>;532
2013;Geinberg <41207>;1425,875
2013;Gurten <41208>;1183
2013;Hohenzell <41209>;2077,375
2013;Kirchdorf am Inn <41210>;611,625
2013;Kirchheim im Innkreis <41211>;712,75
2013;Lambrechten <41212>;1268,875
2013;Lohnsburg am Kobernaußerwald <41213>;2162,875
2013;Mehrnbach <41214>;2279,375
2013;Mettmach <41215>;2426,125
2013;Mörschwang <41216>;322,625
2013;Mühlheim am Inn <41217>;653,75
2013;Neuhofen im Innkreis <41218>;2218,875
2013;Obernberg am Inn <41219>;1457,625
2013;Ort im Innkreis <41220>;1212,75
2013;Pattigham <41221>;887,875
2013;Peterskirchen <41222>;655,875
2013;Pramet <41223>;998,625
2013;Reichersberg <41224>;1497,875
2013;Ried im Innkreis <41225>;11418,375
2013;St. Georgen bei Obernberg am Inn <41226>;580,25
2013;St. Marienkirchen am Hausruck <41227>;840,625
2013;St. Martin im Innkreis <41228>;1802,25
2013;Schildorn <41229>;1147,875
2013;Senftenbach <41230>;749
2013;Taiskirchen im Innkreis <41231>;2440
2013;Tumeltsham <41232>;1540,125
2013;Utzenaich <41233>;1527,75
2013;Waldzell <41234>;2102,375
2013;Weilbach <41235>;619,875
2013;Wippenham <41236>;543,25
2013;Afiesl ^<41301>;404,625
2013;Ahorn ^<41302>;486,75
2013;Aigen im Mühlkreis ^<41303>;1888,875
2013;Aigen-Schlägl <41343>;-
2013;Altenfelden <41304>;2119
2013;Arnreit <41305>;1144,875
2013;Atzesberg <41306>;452,125
2013;Auberg <41307>;570
2013;Berg bei Rohrbach ^<41308>;2527,5
2013;Haslach an der Mühl <41309>;2510,75
2013;Helfenberg ^<41310>;950,875
2013;Helfenberg <41345>;-
2013;Hofkirchen im Mühlkreis <41312>;1480,625
2013;Hörbich <41311>;416,5
2013;Julbach <41313>;1560,25
2013;Kirchberg ob der Donau <41314>;1055
2013;Klaffer am Hochficht <41315>;1304,5
2013;Kleinzell im Mühlkreis <41316>;1487,625
2013;Kollerschlag <41317>;1484,125
2013;Lembach im Mühlkreis <41318>;1550
2013;Lichtenau im Mühlkreis <41319>;516,25
2013;Nebelberg <41320>;625,375
2013;Neufelden <41321>;1299,125
2013;Neustift im Mühlkreis <41329>;1443,625
2013;Niederkappel <41322>;971,125
2013;Niederwaldkirchen <41323>;1744,75
2013;Oberkappel <41324>;739,5
2013;Oepping <41325>;1519,5
2013;Peilstein im Mühlviertel <41326>;1563,125
2013;Pfarrkirchen im Mühlkreis <41327>;1488,375
2013;Putzleinsdorf <41328>;1534,875
2013;Rohrbach in Oberösterreich ^<41330>;2493,375
2013;Rohrbach-Berg <41344>;-
2013;St. Johann am Wimberg <41331>;1018,25
2013;St. Martin im Mühlkreis <41332>;3612,625
2013;St. Oswald bei Haslach <41333>;497,75
2013;St. Peter am Wimberg <41334>;1751,375
2013;St. Stefan-Afiesl <41346>;-
2013;St. Ulrich im Mühlkreis <41336>;664
2013;St. Veit im Mühlkreis <41337>;1203,25
2013;Sankt Stefan am Walde ^<41335>;799,625
2013;Sarleinsbach <41338>;2259,75
2013;Schlägl ^<41339>;1256,625
2013;Schönegg ^<41340>;523,625
2013;Schwarzenberg am Böhmerwald <41341>;630
2013;Ulrichsberg <41342>;2891,75
2013;Altschwendt <41401>;671
2013;Andorf <41402>;5119,625
2013;Brunnenthal <41403>;1976,625
2013;Diersbach <41404>;1575,125
2013;Dorf an der Pram <41405>;1044
2013;Eggerding <41406>;1258,75
2013;Engelhartszell <41407>;981,125
2013;Enzenkirchen <41408>;1762,75
2013;Esternberg <41409>;2888,5
2013;Freinberg <41410>;1464,875
2013;Kopfing im Innkreis <41411>;1954,375
2013;Mayrhof <41412>;294,875
2013;Münzkirchen <41413>;2540,25
2013;Raab <41414>;2271,25
2013;Rainbach im Innkreis <41415>;1495,875
2013;Riedau <41416>;1993,875
2013;St. Aegidi <41417>;1581,625
2013;St. Florian am Inn <41418>;3079,125
2013;St. Marienkirchen bei Schärding <41419>;1841,25
2013;St. Roman <41420>;1723,625
2013;St. Willibald <41421>;1113,375
2013;Schardenberg <41423>;2319,875
2013;Schärding <41422>;4850
2013;Sigharting <41424>;798,875
2013;Suben <41425>;1458,125
2013;Taufkirchen an der Pram <41426>;2901,625
2013;Vichtenstein <41427>;680,5
2013;Waldkirchen am Wesen <41428>;1213,75
2013;Wernstein am Inn <41429>;1527,5
2013;Zell an der Pram <41430>;2003,375
2013;Adlwang <41501>;1700,5
2013;Aschach an der Steyr <41502>;2167,375
2013;Bad Hall <41503>;4843,5
2013;Dietach <41504>;3029,625
2013;Gaflenz <41505>;1880,25
2013;Garsten <41506>;6612,375
2013;Großraming <41507>;2682,5
2013;Laussa <41508>;1266,75
2013;Losenstein <41509>;1616,25
2013;Maria Neustift <41510>;1608,875
2013;Pfarrkirchen bei Bad Hall <41511>;2152,375
2013;Reichraming <41512>;1746,25
2013;Rohr im Kremstal <41513>;1208,75
2013;St. Ulrich bei Steyr <41514>;2991,125
2013;Schiedlberg <41515>;1218,5
2013;Sierning <41516>;9074,75
2013;Ternberg <41517>;3335,5
2013;Waldneukirchen <41518>;2251,25
2013;Weyer <41522>;4198,25
2013;Weyer Land ^<41519>;-
2013;Weyer Markt ^<41520>;-
2013;Wolfern <41521>;2997,375
2013;Alberndorf in der Riedmark <41601>;3909,375
2013;Altenberg bei Linz <41602>;4403,25
2013;Bad Leonfelden <41603>;4112,125
2013;Eidenberg <41604>;2066,125
2013;Engerwitzdorf <41605>;8558,75
2013;Feldkirchen an der Donau <41606>;5208,375
2013;Gallneukirchen <41607>;6190
2013;Goldwörth <41608>;919,375
2013;Gramastetten <41609>;4869,5
2013;Haibach im Mühlkreis <41610>;871,625
2013;Hellmonsödt <41611>;2177,625
2013;Herzogsdorf <41612>;2446,875
2013;Kirchschlag bei Linz <41613>;2046,625
2013;Lichtenberg <41614>;2609,625
2013;Oberneukirchen <41615>;3162,625
2013;Ottenschlag im Mühlkreis <41616>;508,375
2013;Ottensheim <41617>;4487,625
2013;Puchenau <41618>;4443,125
2013;Reichenau im Mühlkreis <41619>;1257,25
2013;Reichenthal <41620>;1492,375
2013;St. Gotthard im Mühlkreis <41621>;1264,125
2013;Schenkenfelden <41622>;1557,875
2013;Sonnberg im Mühlkreis <41623>;891,5
2013;Steyregg <41624>;4798,125
2013;Vorderweißenbach ^<41625>;2052,625
2013;Vorderweißenbach <41628>;-
2013;Walding <41626>;3975,625
2013;Zwettl an der Rodl <41627>;1717,75
2013;Ampflwang im Hausruckwald <41701>;3434,25
2013;Attersee am Attersee <41702>;1594
2013;Attnang-Puchheim <41703>;8816,75
2013;Atzbach <41704>;1164,125
2013;Aurach am Hongar <41705>;1612,875
2013;Berg im Attergau <41706>;1001,125
2013;Desselbrunn <41707>;1750,375
2013;Fornach <41708>;951
2013;Frankenburg am Hausruck <41709>;4799,875
2013;Frankenmarkt <41710>;3558,625
2013;Gampern <41711>;2724,625
2013;Innerschwand am Mondsee <41712>;1119,25
2013;Lenzing an der Ager <41713>;5040,25
2013;Manning <41714>;817,125
2013;Mondsee <41715>;3382,75
2013;Neukirchen an der Vöckla <41716>;2529,75
2013;Niederthalheim <41717>;1031,75
2013;Nußdorf am Attersee <41718>;1128,875
2013;Oberhofen am Irrsee <41719>;1529,5
2013;Oberndorf bei Schwanenstadt <41720>;1405,75
2013;Oberwang <41721>;1620,625
2013;Ottnang am Hausruck <41722>;3878,375
2013;Pfaffing <41723>;1437,625
2013;Pilsbach <41724>;617
2013;Pitzenberg <41725>;495,125
2013;Pöndorf <41726>;2286,875
2013;Puchkirchen am Trattberg <41727>;979,125
2013;Pühret <41728>;595,75
2013;Redleiten <41729>;499,875
2013;Redlham <41730>;1484,125
2013;Regau <41731>;6398,125
2013;Rüstorf <41732>;1982,5
2013;Rutzenham <41733>;257,125
2013;St. Georgen im Attergau <41734>;4202,375
2013;St. Lorenz <41735>;2404,125
2013;Schlatt <41736>;1323,25
2013;Schörfling am Attersee <41737>;3244,875
2013;Schwanenstadt <41738>;4076,375
2013;Seewalchen am Attersee <41739>;5311,125
2013;Steinbach am Attersee <41740>;853,25
2013;Straß im Attergau <41741>;1475,125
2013;Tiefgraben <41742>;3749,375
2013;Timelkam <41743>;5908,125
2013;Ungenach <41744>;1429,875
2013;Unterach am Attersee <41745>;1447,125
2013;Vöcklabruck <41746>;11975,125
2013;Vöcklamarkt <41747>;4738
2013;Weißenkirchen im Attergau <41748>;921,5
2013;Weyregg am Attersee <41749>;1504,75
2013;Wolfsegg am Hausruck <41750>;2025,5
2013;Zell am Moos <41751>;1545,375
2013;Zell am Pettenfirst <41752>;1163,5
2013;Aichkirchen <41801>;558,75
2013;Bachmanning <41802>;686,625
2013;Bad Wimsbach-Neydharting <41803>;2433,125
2013;Buchkirchen <41804>;4049,375
2013;Eberstalzell <41805>;2362,75
2013;Edt bei Lambach <41806>;2027
2013;Fischlham <41807>;1321,25
2013;Gunskirchen <41808>;5696
2013;Holzhausen <41809>;798,5
2013;Krenglbach <41810>;2984,25
2013;Lambach <41811>;3346,125
2013;Marchtrenk <41812>;12569,375
2013;Neukirchen bei Lambach <41813>;882,75
2013;Offenhausen <41814>;1594,125
2013;Pennewang <41815>;892,625
2013;Pichl bei Wels <41816>;2821
2013;Sattledt <41817>;2431,125
2013;Schleißheim <41818>;1257,5
2013;Sipbachzell <41819>;1872,25
2013;Stadl-Paura <41820>;4893,875
2013;Steinerkirchen an der Traun <41821>;2354
2013;Steinhaus <41822>;1924,375
2013;Thalheim bei Wels <41823>;5471,5
2013;Weißkirchen an der Traun <41824>;3225,625
2014;Linz <40101>;195567,875
2014;Steyr <40201>;38228,125
2014;Wels <40301>;59592,375
2014;Alkoven <40501>;5568
2014;Aschach an der Donau <40502>;2192,5
2014;Eferding <40503>;3923,625
2014;Fraham <40504>;2318,375
2014;Haibach ob der Donau <40505>;1298,375
2014;Hartkirchen <40506>;4059,375
2014;Hinzenbach <40507>;1982,75
2014;Prambachkirchen <40508>;2803,5
2014;Pupping <40509>;1884,5
2014;St. Marienkirchen an der Polsenz <40510>;2260,125
2014;Scharten <40511>;2228,625
2014;Stroheim <40512>;1559,75
2014;Bad Zell <40627>;2811,125
2014;Freistadt <40601>;7477,5
2014;Grünbach <40602>;1877,625
2014;Gutau <40603>;2705,5
2014;Hagenberg im Mühlkreis <40604>;2665,375
2014;Hirschbach im Mühlkreis <40605>;1153,125
2014;Kaltenberg <40606>;622,125
2014;Kefermarkt <40607>;2060,875
2014;Königswiesen <40608>;3156,25
2014;Lasberg <40609>;2758,5
2014;Leopoldschlag <40610>;1022,125
2014;Liebenau <40611>;1643
2014;Neumarkt im Mühlkreis <40612>;3099,125
2014;Pierbach <40613>;996,125
2014;Pregarten <40614>;5159,625
2014;Rainbach im Mühlkreis <40615>;2915,25
2014;Sandl <40616>;1410,125
2014;St. Leonhard bei Freistadt <40617>;1395,875
2014;St. Oswald bei Freistadt <40618>;2819
2014;Schönau im Mühlkreis <40619>;1911,375
2014;Tragwein <40620>;3063,25
2014;Unterweißenbach <40621>;2291
2014;Unterweitersdorf <40622>;2043,125
2014;Waldburg <40623>;1365,375
2014;Wartberg ob der Aist <40624>;4141,75
2014;Weitersfelden <40625>;1042,375
2014;Windhaag bei Freistadt <40626>;1617,875
2014;Altmünster <40701>;9660,625
2014;Bad Goisern am Hallstättersee <40702>;7489,5
2014;Bad Ischl <40703>;13782,25
2014;Ebensee am Traunsee <40704>;7679,875
2014;Gmunden <40705>;13090,75
2014;Gosau <40706>;1744,875
2014;Grünau im Almtal <40707>;2091,75
2014;Gschwandt <40708>;2694,375
2014;Hallstatt <40709>;791,125
2014;Kirchham <40710>;1989
2014;Laakirchen <40711>;9653,5
2014;Obertraun <40712>;738,625
2014;Ohlsdorf <40713>;5078,25
2014;Pinsdorf <40714>;3763,75
2014;Roitham am Traunfall <40715>;1977,5
2014;St. Konrad <40716>;1086,625
2014;St. Wolfgang im Salzkammergut <40717>;2807,625
2014;Scharnstein <40719>;4746,125
2014;Traunkirchen <40718>;1617,125
2014;Vorchdorf <40720>;7276,25
2014;Aistersheim <40801>;864,5
2014;Bad Schallerbach <40802>;3777,375
2014;Bruck-Waasen ^<40803>;2291
2014;Eschenau im Hausruckkreis <40804>;1048,875
2014;Gallspach <40805>;2693,75
2014;Gaspoltshofen <40806>;3525,625
2014;Geboltskirchen <40807>;1421,25
2014;Grieskirchen <40808>;4849,125
2014;Haag am Hausruck <40809>;2173,75
2014;Heiligenberg <40810>;661,25
2014;Hofkirchen an der Trattnach <40811>;1606,875
2014;Kallham <40812>;2480
2014;Kematen am Innbach <40813>;1352,875
2014;Meggenhofen <40814>;1420,5
2014;Michaelnbach <40815>;1268
2014;Natternbach <40816>;2356,375
2014;Neukirchen am Walde <40817>;1633,25
2014;Neumarkt im Hausruckkreis <40818>;1438,375
2014;Peuerbach ^<40819>;2174,875
2014;Peuerbach <40835>;-
2014;Pollham <40821>;959
2014;Pötting <40820>;528,5
2014;Pram <40822>;1719,75
2014;Rottenbach <40823>;1072,375
2014;St. Agatha <40824>;2108,375
2014;St. Georgen bei Grieskirchen <40825>;1258,25
2014;St. Thomas <40826>;540,875
2014;Schlüßlberg <40827>;3005,375
2014;Steegen <40828>;1044,875
2014;Taufkirchen an der Trattnach <40829>;1950,875
2014;Tollet <40830>;896
2014;Waizenkirchen <40831>;3624,75
2014;Wallern an der Trattnach <40832>;2957,125
2014;Weibern <40833>;1658,5
2014;Wendling <40834>;814,75
2014;Edlbach <40901>;647,5
2014;Grünburg <40902>;3783,625
2014;Hinterstoder <40903>;898,125
2014;Inzersdorf im Kremstal <40904>;1916,625
2014;Kirchdorf an der Krems <40905>;4141,5
2014;Klaus an der Pyhrnbahn <40906>;1072,375
2014;Kremsmünster <40907>;6423,75
2014;Micheldorf in Oberösterreich <40908>;5810
2014;Molln <40909>;3587,25
2014;Nußbach <40910>;2228,125
2014;Oberschlierbach <40911>;477,375
2014;Pettenbach <40912>;5095
2014;Ried im Traunkreis <40913>;2653,375
2014;Rosenau am Hengstpaß <40914>;676,875
2014;Roßleithen <40915>;1896,5
2014;St. Pankraz <40916>;342
2014;Schlierbach <40917>;2825,875
2014;Spital am Pyhrn <40918>;2184,875
2014;Steinbach am Ziehberg <40919>;818,375
2014;Steinbach an der Steyr <40920>;2017,375
2014;Vorderstoder <40921>;797,625
2014;Wartberg an der Krems <40922>;2946,875
2014;Windischgarsten <40923>;2399,25
2014;Allhaming <41001>;1120,75
2014;Ansfelden <41002>;15728,875
2014;Asten <41003>;6288,25
2014;Eggendorf im Traunkreis <41004>;849,25
2014;Enns <41005>;11588,125
2014;Hargelsberg <41006>;1299,875
2014;Hofkirchen im Traunkreis <41008>;1807,5
2014;Hörsching <41007>;5879,75
2014;Kematen an der Krems <41009>;2638,875
2014;Kirchberg-Thening <41010>;2268,5
2014;Kronstorf <41011>;3193,75
2014;Leonding <41012>;26625
2014;Neuhofen an der Krems <41014>;5873,625
2014;Niederneukirchen <41015>;1966,125
2014;Oftering <41016>;1986,875
2014;Pasching <41017>;6961,125
2014;Piberbach <41018>;1877,375
2014;Pucking <41019>;3828,875
2014;St. Florian <41013>;6027,625
2014;St. Marien <41020>;4677,75
2014;Traun <41021>;23894,625
2014;Wilhering <41022>;5877,125
2014;Allerheiligen im Mühlkreis <41101>;1205,375
2014;Arbing <41102>;1376
2014;Bad Kreuzen <41108>;2347
2014;Baumgartenberg <41103>;1686,75
2014;Dimbach <41104>;1017,625
2014;Grein <41105>;2962,25
2014;Katsdorf <41106>;2914,625
2014;Klam <41107>;894,75
2014;Langenstein <41109>;2464
2014;Luftenberg an der Donau <41110>;3991,5
2014;Mauthausen <41111>;4892,625
2014;Mitterkirchen im Machland <41112>;1700,5
2014;Münzbach <41113>;1715,375
2014;Naarn im Machlande <41114>;3597,875
2014;Pabneukirchen <41115>;1725,125
2014;Perg <41116>;8077,5
2014;Rechberg <41117>;938,25
2014;Ried in der Riedmark <41118>;4104,5
2014;St. Georgen am Walde <41119>;2063,5
2014;St. Georgen an der Gusen <41120>;3745,375
2014;St. Nikola an der Donau <41121>;842,625
2014;St. Thomas am Blasenstein <41122>;918,5
2014;Saxen <41123>;1756,5
2014;Schwertberg <41124>;5179,875
2014;Waldhausen im Strudengau <41125>;2882,375
2014;Windhaag bei Perg <41126>;1438,25
2014;Andrichsfurt <41201>;729,25
2014;Antiesenhofen <41202>;1069,5
2014;Aurolzmünster <41203>;2883,375
2014;Eberschwang <41204>;3341,5
2014;Eitzing <41205>;745,25
2014;Geiersberg <41206>;527,25
2014;Geinberg <41207>;1411,875
2014;Gurten <41208>;1160,375
2014;Hohenzell <41209>;2097,625
2014;Kirchdorf am Inn <41210>;608,875
2014;Kirchheim im Innkreis <41211>;721,625
2014;Lambrechten <41212>;1277,125
2014;Lohnsburg am Kobernaußerwald <41213>;2182,5
2014;Mehrnbach <41214>;2280
2014;Mettmach <41215>;2383,375
2014;Mörschwang <41216>;326
2014;Mühlheim am Inn <41217>;660,75
2014;Neuhofen im Innkreis <41218>;2278,875
2014;Obernberg am Inn <41219>;1484,375
2014;Ort im Innkreis <41220>;1231
2014;Pattigham <41221>;877,375
2014;Peterskirchen <41222>;658,125
2014;Pramet <41223>;995,5
2014;Reichersberg <41224>;1507,25
2014;Ried im Innkreis <41225>;11450,25
2014;St. Georgen bei Obernberg am Inn <41226>;563,375
2014;St. Marienkirchen am Hausruck <41227>;841,625
2014;St. Martin im Innkreis <41228>;1871,625
2014;Schildorn <41229>;1167,5
2014;Senftenbach <41230>;758,125
2014;Taiskirchen im Innkreis <41231>;2418,5
2014;Tumeltsham <41232>;1540,125
2014;Utzenaich <41233>;1543,375
2014;Waldzell <41234>;2154
2014;Weilbach <41235>;616,375
2014;Wippenham <41236>;552,875
2014;Afiesl ^<41301>;403,125
2014;Ahorn ^<41302>;483,375
2014;Aigen im Mühlkreis ^<41303>;1893,25
2014;Aigen-Schlägl <41343>;-
2014;Altenfelden <41304>;2125,875
2014;Arnreit <41305>;1136,25
2014;Atzesberg <41306>;444,25
2014;Auberg <41307>;554,875
2014;Berg bei Rohrbach ^<41308>;2527,5
2014;Haslach an der Mühl <41309>;2504,625
2014;Helfenberg ^<41310>;961,375
2014;Helfenberg <41345>;-
2014;Hofkirchen im Mühlkreis <41312>;1474,625
2014;Hörbich <41311>;416
2014;Julbach <41313>;1549
2014;Kirchberg ob der Donau <41314>;1049
2014;Klaffer am Hochficht <41315>;1304,375
2014;Kleinzell im Mühlkreis <41316>;1506,75
2014;Kollerschlag <41317>;1483
2014;Lembach im Mühlkreis <41318>;1542
2014;Lichtenau im Mühlkreis <41319>;514,125
2014;Nebelberg <41320>;626,75
2014;Neufelden <41321>;1294
2014;Neustift im Mühlkreis <41329>;1435,875
2014;Niederkappel <41322>;982,625
2014;Niederwaldkirchen <41323>;1761,875
2014;Oberkappel <41324>;753,375
2014;Oepping <41325>;1499,375
2014;Peilstein im Mühlviertel <41326>;1559,625
2014;Pfarrkirchen im Mühlkreis <41327>;1480,125
2014;Putzleinsdorf <41328>;1542,25
2014;Rohrbach in Oberösterreich ^<41330>;2539,75
2014;Rohrbach-Berg <41344>;-
2014;St. Johann am Wimberg <41331>;1027,125
2014;St. Martin im Mühlkreis <41332>;3643,625
2014;St. Oswald bei Haslach <41333>;505,375
2014;St. Peter am Wimberg <41334>;1756,375
2014;St. Stefan-Afiesl <41346>;-
2014;St. Ulrich im Mühlkreis <41336>;645,5
2014;St. Veit im Mühlkreis <41337>;1201,875
2014;Sankt Stefan am Walde ^<41335>;786
2014;Sarleinsbach <41338>;2267,25
2014;Schlägl ^<41339>;1230,25
2014;Schönegg ^<41340>;533,125
2014;Schwarzenberg am Böhmerwald <41341>;628,25
2014;Ulrichsberg <41342>;2871,375
2014;Altschwendt <41401>;664,875
2014;Andorf <41402>;5132,125
2014;Brunnenthal <41403>;1994,75
2014;Diersbach <41404>;1554,25
2014;Dorf an der Pram <41405>;1048,625
2014;Eggerding <41406>;1279,25
2014;Engelhartszell <41407>;975,625
2014;Enzenkirchen <41408>;1765,125
2014;Esternberg <41409>;2871,625
2014;Freinberg <41410>;1456,5
2014;Kopfing im Innkreis <41411>;1939,125
2014;Mayrhof <41412>;298,875
2014;Münzkirchen <41413>;2543,25
2014;Raab <41414>;2278
2014;Rainbach im Innkreis <41415>;1491,25
2014;Riedau <41416>;2008,375
2014;St. Aegidi <41417>;1577,25
2014;St. Florian am Inn <41418>;3065,875
2014;St. Marienkirchen bei Schärding <41419>;1823
2014;St. Roman <41420>;1727,25
2014;St. Willibald <41421>;1116,25
2014;Schardenberg <41423>;2355,125
2014;Schärding <41422>;4902,25
2014;Sigharting <41424>;801
2014;Suben <41425>;1420,5
2014;Taufkirchen an der Pram <41426>;2889,5
2014;Vichtenstein <41427>;673,875
2014;Waldkirchen am Wesen <41428>;1192,625
2014;Wernstein am Inn <41429>;1526,125
2014;Zell an der Pram <41430>;2024,625
2014;Adlwang <41501>;1727,75
2014;Aschach an der Steyr <41502>;2174,625
2014;Bad Hall <41503>;4862,875
2014;Dietach <41504>;3038,125
2014;Gaflenz <41505>;1881,375
2014;Garsten <41506>;6624,125
2014;Großraming <41507>;2684,625
2014;Laussa <41508>;1262,125
2014;Losenstein <41509>;1604,875
2014;Maria Neustift <41510>;1596,625
2014;Pfarrkirchen bei Bad Hall <41511>;2152,75
2014;Reichraming <41512>;1728,5
2014;Rohr im Kremstal <41513>;1215,25
2014;St. Ulrich bei Steyr <41514>;3019,625
2014;Schiedlberg <41515>;1212,375
2014;Sierning <41516>;9164,75
2014;Ternberg <41517>;3355,5
2014;Waldneukirchen <41518>;2252,625
2014;Weyer <41522>;4158,75
2014;Weyer Land ^<41519>;-
2014;Weyer Markt ^<41520>;-
2014;Wolfern <41521>;3030,875
2014;Alberndorf in der Riedmark <41601>;3928
2014;Altenberg bei Linz <41602>;4409,625
2014;Bad Leonfelden <41603>;4116,375
2014;Eidenberg <41604>;2059,875
2014;Engerwitzdorf <41605>;8578,25
2014;Feldkirchen an der Donau <41606>;5259,5
2014;Gallneukirchen <41607>;6193,375
2014;Goldwörth <41608>;920,875
2014;Gramastetten <41609>;4926
2014;Haibach im Mühlkreis <41610>;872
2014;Hellmonsödt <41611>;2183,125
2014;Herzogsdorf <41612>;2438,625
2014;Kirchschlag bei Linz <41613>;2039,375
2014;Lichtenberg <41614>;2638,25
2014;Oberneukirchen <41615>;3140,125
2014;Ottenschlag im Mühlkreis <41616>;528,625
2014;Ottensheim <41617>;4496,5
2014;Puchenau <41618>;4417,25
2014;Reichenau im Mühlkreis <41619>;1272,75
2014;Reichenthal <41620>;1514,5
2014;St. Gotthard im Mühlkreis <41621>;1272,25
2014;Schenkenfelden <41622>;1567,625
2014;Sonnberg im Mühlkreis <41623>;912,375
2014;Steyregg <41624>;4874,125
2014;Vorderweißenbach ^<41625>;2047,25
2014;Vorderweißenbach <41628>;-
2014;Walding <41626>;4003,5
2014;Zwettl an der Rodl <41627>;1790,375
2014;Ampflwang im Hausruckwald <41701>;3418,875
2014;Attersee am Attersee <41702>;1594,625
2014;Attnang-Puchheim <41703>;8765,75
2014;Atzbach <41704>;1171,25
2014;Aurach am Hongar <41705>;1642
2014;Berg im Attergau <41706>;1000,625
2014;Desselbrunn <41707>;1782,25
2014;Fornach <41708>;952,25
2014;Frankenburg am Hausruck <41709>;4827,125
2014;Frankenmarkt <41710>;3630,25
2014;Gampern <41711>;2774,125
2014;Innerschwand am Mondsee <41712>;1113,75
2014;Lenzing an der Ager <41713>;5001,75
2014;Manning <41714>;827,875
2014;Mondsee <41715>;3451
2014;Neukirchen an der Vöckla <41716>;2542,75
2014;Niederthalheim <41717>;1052,5
2014;Nußdorf am Attersee <41718>;1138,875
2014;Oberhofen am Irrsee <41719>;1564,25
2014;Oberndorf bei Schwanenstadt <41720>;1411,25
2014;Oberwang <41721>;1633,75
2014;Ottnang am Hausruck <41722>;3873,125
2014;Pfaffing <41723>;1451,125
2014;Pilsbach <41724>;607,25
2014;Pitzenberg <41725>;505,25
2014;Pöndorf <41726>;2302,375
2014;Puchkirchen am Trattberg <41727>;1000,625
2014;Pühret <41728>;604,125
2014;Redleiten <41729>;500,875
2014;Redlham <41730>;1493,625
2014;Regau <41731>;6454,5
2014;Rüstorf <41732>;2005
2014;Rutzenham <41733>;267,25
2014;St. Georgen im Attergau <41734>;4312,875
2014;St. Lorenz <41735>;2438,125
2014;Schlatt <41736>;1292,75
2014;Schörfling am Attersee <41737>;3300,875
2014;Schwanenstadt <41738>;4116
2014;Seewalchen am Attersee <41739>;5387,875
2014;Steinbach am Attersee <41740>;877,125
2014;Straß im Attergau <41741>;1473,25
2014;Tiefgraben <41742>;3813,375
2014;Timelkam <41743>;5962,375
2014;Ungenach <41744>;1425,375
2014;Unterach am Attersee <41745>;1454,625
2014;Vöcklabruck <41746>;11929
2014;Vöcklamarkt <41747>;4757,625
2014;Weißenkirchen im Attergau <41748>;935,5
2014;Weyregg am Attersee <41749>;1485
2014;Wolfsegg am Hausruck <41750>;2026,75
2014;Zell am Moos <41751>;1562,75
2014;Zell am Pettenfirst <41752>;1161,625
2014;Aichkirchen <41801>;565,5
2014;Bachmanning <41802>;672,75
2014;Bad Wimsbach-Neydharting <41803>;2456,125
2014;Buchkirchen <41804>;4090,25
2014;Eberstalzell <41805>;2435,5
2014;Edt bei Lambach <41806>;2026
2014;Fischlham <41807>;1320,5
2014;Gunskirchen <41808>;5734,75
2014;Holzhausen <41809>;795,75
2014;Krenglbach <41810>;3025,125
2014;Lambach <41811>;3335,625
2014;Marchtrenk <41812>;12677,875
2014;Neukirchen bei Lambach <41813>;891,625
2014;Offenhausen <41814>;1606,375
2014;Pennewang <41815>;899,875
2014;Pichl bei Wels <41816>;2792,875
2014;Sattledt <41817>;2483,875
2014;Schleißheim <41818>;1298,75
2014;Sipbachzell <41819>;1903,625
2014;Stadl-Paura <41820>;4935,5
2014;Steinerkirchen an der Traun <41821>;2380,25
2014;Steinhaus <41822>;1940,875
2014;Thalheim bei Wels <41823>;5456,25
2014;Weißkirchen an der Traun <41824>;3261,875
2015;Linz <40101>;198916,25
2015;Steyr <40201>;38331
2015;Wels <40301>;60138,125
2015;Alkoven <40501>;5693,625
2015;Aschach an der Donau <40502>;2194,125
2015;Eferding <40503>;3985,125
2015;Fraham <40504>;2322,875
2015;Haibach ob der Donau <40505>;1297,25
2015;Hartkirchen <40506>;4081,125
2015;Hinzenbach <40507>;1983,625
2015;Prambachkirchen <40508>;2821,125
2015;Pupping <40509>;1845,5
2015;St. Marienkirchen an der Polsenz <40510>;2307,375
2015;Scharten <40511>;2265,375
2015;Stroheim <40512>;1541,75
2015;Bad Zell <40627>;2846,375
2015;Freistadt <40601>;7620,75
2015;Grünbach <40602>;1887,25
2015;Gutau <40603>;2724,625
2015;Hagenberg im Mühlkreis <40604>;2683,375
2015;Hirschbach im Mühlkreis <40605>;1145,625
2015;Kaltenberg <40606>;629,75
2015;Kefermarkt <40607>;2080,375
2015;Königswiesen <40608>;3164,375
2015;Lasberg <40609>;2754,125
2015;Leopoldschlag <40610>;1039,5
2015;Liebenau <40611>;1635
2015;Neumarkt im Mühlkreis <40612>;3132,375
2015;Pierbach <40613>;986
2015;Pregarten <40614>;5202
2015;Rainbach im Mühlkreis <40615>;2925,875
2015;Sandl <40616>;1388,25
2015;St. Leonhard bei Freistadt <40617>;1373,75
2015;St. Oswald bei Freistadt <40618>;2838,375
2015;Schönau im Mühlkreis <40619>;1927,375
2015;Tragwein <40620>;3051,875
2015;Unterweißenbach <40621>;2251,375
2015;Unterweitersdorf <40622>;2047,875
2015;Waldburg <40623>;1360
2015;Wartberg ob der Aist <40624>;4207,125
2015;Weitersfelden <40625>;1037,5
2015;Windhaag bei Freistadt <40626>;1596,125
2015;Altmünster <40701>;9729,125
2015;Bad Goisern am Hallstättersee <40702>;7504,875
2015;Bad Ischl <40703>;13866,75
2015;Ebensee am Traunsee <40704>;7710,875
2015;Gmunden <40705>;13120,875
2015;Gosau <40706>;1750,5
2015;Grünau im Almtal <40707>;2088,25
2015;Gschwandt <40708>;2692,75
2015;Hallstatt <40709>;763,625
2015;Kirchham <40710>;2016,875
2015;Laakirchen <40711>;9761,5
2015;Obertraun <40712>;744,625
2015;Ohlsdorf <40713>;5099,375
2015;Pinsdorf <40714>;3811,5
2015;Roitham am Traunfall <40715>;2000,75
2015;St. Konrad <40716>;1108,25
2015;St. Wolfgang im Salzkammergut <40717>;2813,25
2015;Scharnstein <40719>;4764,25
2015;Traunkirchen <40718>;1628,75
2015;Vorchdorf <40720>;7337,625
2015;Aistersheim <40801>;862,625
2015;Bad Schallerbach <40802>;3886
2015;Bruck-Waasen ^<40803>;2319
2015;Eschenau im Hausruckkreis <40804>;1037,625
2015;Gallspach <40805>;2791,25
2015;Gaspoltshofen <40806>;3548,375
2015;Geboltskirchen <40807>;1415,625
2015;Grieskirchen <40808>;4897,25
2015;Haag am Hausruck <40809>;2160
2015;Heiligenberg <40810>;673,375
2015;Hofkirchen an der Trattnach <40811>;1631,375
2015;Kallham <40812>;2454,125
2015;Kematen am Innbach <40813>;1366,875
2015;Meggenhofen <40814>;1476,125
2015;Michaelnbach <40815>;1262,25
2015;Natternbach <40816>;2337,25
2015;Neukirchen am Walde <40817>;1614,5
2015;Neumarkt im Hausruckkreis <40818>;1403,5
2015;Peuerbach ^<40819>;2180,25
2015;Peuerbach <40835>;-
2015;Pollham <40821>;971
2015;Pötting <40820>;534,25
2015;Pram <40822>;1705,25
2015;Rottenbach <40823>;1073,625
2015;St. Agatha <40824>;2119,25
2015;St. Georgen bei Grieskirchen <40825>;1274,375
2015;St. Thomas <40826>;553
2015;Schlüßlberg <40827>;3040,625
2015;Steegen <40828>;1045,125
2015;Taufkirchen an der Trattnach <40829>;1967,625
2015;Tollet <40830>;903,5
2015;Waizenkirchen <40831>;3642
2015;Wallern an der Trattnach <40832>;2955
2015;Weibern <40833>;1677
2015;Wendling <40834>;827,25
2015;Edlbach <40901>;640
2015;Grünburg <40902>;3795,625
2015;Hinterstoder <40903>;908,75
2015;Inzersdorf im Kremstal <40904>;1891,5
2015;Kirchdorf an der Krems <40905>;4250,875
2015;Klaus an der Pyhrnbahn <40906>;1079,875
2015;Kremsmünster <40907>;6479,125
2015;Micheldorf in Oberösterreich <40908>;5795,5
2015;Molln <40909>;3576,625
2015;Nußbach <40910>;2229,625
2015;Oberschlierbach <40911>;485,625
2015;Pettenbach <40912>;5158,25
2015;Ried im Traunkreis <40913>;2671,5
2015;Rosenau am Hengstpaß <40914>;665,25
2015;Roßleithen <40915>;1892,625
2015;St. Pankraz <40916>;341,5
2015;Schlierbach <40917>;2844,375
2015;Spital am Pyhrn <40918>;2232,25
2015;Steinbach am Ziehberg <40919>;825
2015;Steinbach an der Steyr <40920>;2044,125
2015;Vorderstoder <40921>;802,75
2015;Wartberg an der Krems <40922>;2977,625
2015;Windischgarsten <40923>;2400,75
2015;Allhaming <41001>;1148,25
2015;Ansfelden <41002>;15921,25
2015;Asten <41003>;6339,625
2015;Eggendorf im Traunkreis <41004>;885,5
2015;Enns <41005>;11663
2015;Hargelsberg <41006>;1338,25
2015;Hofkirchen im Traunkreis <41008>;1828,875
2015;Hörsching <41007>;5907,375
2015;Kematen an der Krems <41009>;2656,625
2015;Kirchberg-Thening <41010>;2314,5
2015;Kronstorf <41011>;3198,375
2015;Leonding <41012>;27127,5
2015;Neuhofen an der Krems <41014>;6007,125
2015;Niederneukirchen <41015>;1993,25
2015;Oftering <41016>;2027,875
2015;Pasching <41017>;7076,125
2015;Piberbach <41018>;1880,5
2015;Pucking <41019>;3852,375
2015;St. Florian <41013>;6033,625
2015;St. Marien <41020>;4633,5
2015;Traun <41021>;23970,125
2015;Wilhering <41022>;5914,875
2015;Allerheiligen im Mühlkreis <41101>;1224,75
2015;Arbing <41102>;1414
2015;Bad Kreuzen <41108>;2350,25
2015;Baumgartenberg <41103>;1681,625
2015;Dimbach <41104>;1016,625
2015;Grein <41105>;2984,5
2015;Katsdorf <41106>;2952,375
2015;Klam <41107>;903
2015;Langenstein <41109>;2490,75
2015;Luftenberg an der Donau <41110>;4007,75
2015;Mauthausen <41111>;4864,875
2015;Mitterkirchen im Machland <41112>;1737,375
2015;Münzbach <41113>;1728,75
2015;Naarn im Machlande <41114>;3634,25
2015;Pabneukirchen <41115>;1713,375
2015;Perg <41116>;8210,875
2015;Rechberg <41117>;951,75
2015;Ried in der Riedmark <41118>;4096,875
2015;St. Georgen am Walde <41119>;2047,5
2015;St. Georgen an der Gusen <41120>;3848,5
2015;St. Nikola an der Donau <41121>;827,875
2015;St. Thomas am Blasenstein <41122>;917,25
2015;Saxen <41123>;1789
2015;Schwertberg <41124>;5224,5
2015;Waldhausen im Strudengau <41125>;2898,25
2015;Windhaag bei Perg <41126>;1459,5
2015;Andrichsfurt <41201>;749,625
2015;Antiesenhofen <41202>;1072
2015;Aurolzmünster <41203>;2882,125
2015;Eberschwang <41204>;3363,75
2015;Eitzing <41205>;761,125
2015;Geiersberg <41206>;527,375
2015;Geinberg <41207>;1429,5
2015;Gurten <41208>;1155,75
2015;Hohenzell <41209>;2140,875
2015;Kirchdorf am Inn <41210>;612,75
2015;Kirchheim im Innkreis <41211>;717,625
2015;Lambrechten <41212>;1293,25
2015;Lohnsburg am Kobernaußerwald <41213>;2212,75
2015;Mehrnbach <41214>;2289,5
2015;Mettmach <41215>;2359,875
2015;Mörschwang <41216>;325,375
2015;Mühlheim am Inn <41217>;664,625
2015;Neuhofen im Innkreis <41218>;2339,875
2015;Obernberg am Inn <41219>;1588,5
2015;Ort im Innkreis <41220>;1227,625
2015;Pattigham <41221>;884,25
2015;Peterskirchen <41222>;669,75
2015;Pramet <41223>;1000,75
2015;Reichersberg <41224>;1527,875
2015;Ried im Innkreis <41225>;11548,25
2015;St. Georgen bei Obernberg am Inn <41226>;553,125
2015;St. Marienkirchen am Hausruck <41227>;851,375
2015;St. Martin im Innkreis <41228>;1943,75
2015;Schildorn <41229>;1175,75
2015;Senftenbach <41230>;782,875
2015;Taiskirchen im Innkreis <41231>;2393,625
2015;Tumeltsham <41232>;1544
2015;Utzenaich <41233>;1540,25
2015;Waldzell <41234>;2169,375
2015;Weilbach <41235>;615,875
2015;Wippenham <41236>;558,875
2015;Afiesl ^<41301>;398
2015;Ahorn ^<41302>;495,125
2015;Aigen im Mühlkreis ^<41303>;-
2015;Aigen-Schlägl <41343>;3123,875
2015;Altenfelden <41304>;2145,25
2015;Arnreit <41305>;1142,75
2015;Atzesberg <41306>;444
2015;Auberg <41307>;542,375
2015;Berg bei Rohrbach ^<41308>;-
2015;Haslach an der Mühl <41309>;2530,375
2015;Helfenberg ^<41310>;979,625
2015;Helfenberg <41345>;-
2015;Hofkirchen im Mühlkreis <41312>;1476,875
2015;Hörbich <41311>;418,25
2015;Julbach <41313>;1544,875
2015;Kirchberg ob der Donau <41314>;1046
2015;Klaffer am Hochficht <41315>;1331
2015;Kleinzell im Mühlkreis <41316>;1528,125
2015;Kollerschlag <41317>;1483,375
2015;Lembach im Mühlkreis <41318>;1523,125
2015;Lichtenau im Mühlkreis <41319>;508,5
2015;Nebelberg <41320>;643,375
2015;Neufelden <41321>;1306,75
2015;Neustift im Mühlkreis <41329>;1431,625
2015;Niederkappel <41322>;989,5
2015;Niederwaldkirchen <41323>;1777,125
2015;Oberkappel <41324>;752
2015;Oepping <41325>;1496,25
2015;Peilstein im Mühlviertel <41326>;1551,25
2015;Pfarrkirchen im Mühlkreis <41327>;1481,5
2015;Putzleinsdorf <41328>;1546,375
2015;Rohrbach in Oberösterreich ^<41330>;-
2015;Rohrbach-Berg <41344>;5131
2015;St. Johann am Wimberg <41331>;1020,5
2015;St. Martin im Mühlkreis <41332>;3660
2015;St. Oswald bei Haslach <41333>;507,125
2015;St. Peter am Wimberg <41334>;1770,375
2015;St. Stefan-Afiesl <41346>;-
2015;St. Ulrich im Mühlkreis <41336>;638,25
2015;St. Veit im Mühlkreis <41337>;1189,875
2015;Sankt Stefan am Walde ^<41335>;781,5
2015;Sarleinsbach <41338>;2264,125
2015;Schlägl ^<41339>;-
2015;Schönegg ^<41340>;540,25
2015;Schwarzenberg am Böhmerwald <41341>;633,5
2015;Ulrichsberg <41342>;2840
2015;Altschwendt <41401>;684,75
2015;Andorf <41402>;5131,875
2015;Brunnenthal <41403>;2015,375
2015;Diersbach <41404>;1539,125
2015;Dorf an der Pram <41405>;1036,5
2015;Eggerding <41406>;1288
2015;Engelhartszell <41407>;982,625
2015;Enzenkirchen <41408>;1786,25
2015;Esternberg <41409>;2862,625
2015;Freinberg <41410>;1451
2015;Kopfing im Innkreis <41411>;1949,875
2015;Mayrhof <41412>;297
2015;Münzkirchen <41413>;2537,375
2015;Raab <41414>;2278,5
2015;Rainbach im Innkreis <41415>;1487,875
2015;Riedau <41416>;2039
2015;St. Aegidi <41417>;1575,75
2015;St. Florian am Inn <41418>;3074,625
2015;St. Marienkirchen bei Schärding <41419>;1812,875
2015;St. Roman <41420>;1747,75
2015;St. Willibald <41421>;1118,5
2015;Schardenberg <41423>;2391,875
2015;Schärding <41422>;4941,875
2015;Sigharting <41424>;816,75
2015;Suben <41425>;1468,875
2015;Taufkirchen an der Pram <41426>;2907
2015;Vichtenstein <41427>;658
2015;Waldkirchen am Wesen <41428>;1183,125
2015;Wernstein am Inn <41429>;1578,75
2015;Zell an der Pram <41430>;2018
2015;Adlwang <41501>;1752,625
2015;Aschach an der Steyr <41502>;2198,5
2015;Bad Hall <41503>;4942
2015;Dietach <41504>;3072,25
2015;Gaflenz <41505>;1909,25
2015;Garsten <41506>;6630,75
2015;Großraming <41507>;2723
2015;Laussa <41508>;1247,875
2015;Losenstein <41509>;1599,125
2015;Maria Neustift <41510>;1588
2015;Pfarrkirchen bei Bad Hall <41511>;2145,5
2015;Reichraming <41512>;1730,625
2015;Rohr im Kremstal <41513>;1262
2015;St. Ulrich bei Steyr <41514>;2997,125
2015;Schiedlberg <41515>;1214
2015;Sierning <41516>;9230,375
2015;Ternberg <41517>;3370,75
2015;Waldneukirchen <41518>;2253,625
2015;Weyer <41522>;4197,875
2015;Weyer Land ^<41519>;-
2015;Weyer Markt ^<41520>;-
2015;Wolfern <41521>;3075,375
2015;Alberndorf in der Riedmark <41601>;3952,625
2015;Altenberg bei Linz <41602>;4496
2015;Bad Leonfelden <41603>;4135,125
2015;Eidenberg <41604>;2043,375
2015;Engerwitzdorf <41605>;8618,875
2015;Feldkirchen an der Donau <41606>;5273,125
2015;Gallneukirchen <41607>;6228,125
2015;Goldwörth <41608>;912,75
2015;Gramastetten <41609>;4987,375
2015;Haibach im Mühlkreis <41610>;878,5
2015;Hellmonsödt <41611>;2203,5
2015;Herzogsdorf <41612>;2448,25
2015;Kirchschlag bei Linz <41613>;2080
2015;Lichtenberg <41614>;2668,375
2015;Oberneukirchen <41615>;3151,875
2015;Ottenschlag im Mühlkreis <41616>;531,25
2015;Ottensheim <41617>;4556,75
2015;Puchenau <41618>;4423,75
2015;Reichenau im Mühlkreis <41619>;1293
2015;Reichenthal <41620>;1518,25
2015;St. Gotthard im Mühlkreis <41621>;1287,625
2015;Schenkenfelden <41622>;1558,5
2015;Sonnberg im Mühlkreis <41623>;912,75
2015;Steyregg <41624>;4933,375
2015;Vorderweißenbach ^<41625>;2055
2015;Vorderweißenbach <41628>;-
2015;Walding <41626>;4020,875
2015;Zwettl an der Rodl <41627>;1805,125
2015;Ampflwang im Hausruckwald <41701>;3420,75
2015;Attersee am Attersee <41702>;1601,875
2015;Attnang-Puchheim <41703>;8798,375
2015;Atzbach <41704>;1168,375
2015;Aurach am Hongar <41705>;1674,625
2015;Berg im Attergau <41706>;1018,125
2015;Desselbrunn <41707>;1793,25
2015;Fornach <41708>;948,625
2015;Frankenburg am Hausruck <41709>;4838,125
2015;Frankenmarkt <41710>;3677,125
2015;Gampern <41711>;2827,125
2015;Innerschwand am Mondsee <41712>;1118,5
2015;Lenzing an der Ager <41713>;4982
2015;Manning <41714>;831,125
2015;Mondsee <41715>;3587,125
2015;Neukirchen an der Vöckla <41716>;2538,5
2015;Niederthalheim <41717>;1079,625
2015;Nußdorf am Attersee <41718>;1146,125
2015;Oberhofen am Irrsee <41719>;1588,625
2015;Oberndorf bei Schwanenstadt <41720>;1420,75
2015;Oberwang <41721>;1652,5
2015;Ottnang am Hausruck <41722>;3860,875
2015;Pfaffing <41723>;1457,75
2015;Pilsbach <41724>;613,125
2015;Pitzenberg <41725>;508,125
2015;Pöndorf <41726>;2314,625
2015;Puchkirchen am Trattberg <41727>;1036,875
2015;Pühret <41728>;606,625
2015;Redleiten <41729>;508,75
2015;Redlham <41730>;1487,75
2015;Regau <41731>;6526
2015;Rüstorf <41732>;2039,875
2015;Rutzenham <41733>;276,125
2015;St. Georgen im Attergau <41734>;4449,75
2015;St. Lorenz <41735>;2437,75
2015;Schlatt <41736>;1286,75
2015;Schörfling am Attersee <41737>;3362,5
2015;Schwanenstadt <41738>;4233,375
2015;Seewalchen am Attersee <41739>;5441,75
2015;Steinbach am Attersee <41740>;888
2015;Straß im Attergau <41741>;1468,375
2015;Tiefgraben <41742>;3884,5
2015;Timelkam <41743>;5915,125
2015;Ungenach <41744>;1465,375
2015;Unterach am Attersee <41745>;1454,375
2015;Vöcklabruck <41746>;12055,25
2015;Vöcklamarkt <41747>;4806,5
2015;Weißenkirchen im Attergau <41748>;948,625
2015;Weyregg am Attersee <41749>;1508,125
2015;Wolfsegg am Hausruck <41750>;2012,875
2015;Zell am Moos <41751>;1568,875
2015;Zell am Pettenfirst <41752>;1199,875
2015;Aichkirchen <41801>;562
2015;Bachmanning <41802>;661,875
2015;Bad Wimsbach-Neydharting <41803>;2452,875
2015;Buchkirchen <41804>;4059,875
2015;Eberstalzell <41805>;2513,375
2015;Edt bei Lambach <41806>;2103
2015;Fischlham <41807>;1327
2015;Gunskirchen <41808>;5815,375
2015;Holzhausen <41809>;854,125
2015;Krenglbach <41810>;3063,875
2015;Lambach <41811>;3341,75
2015;Marchtrenk <41812>;12846,5
2015;Neukirchen bei Lambach <41813>;900
2015;Offenhausen <41814>;1612,875
2015;Pennewang <41815>;897
2015;Pichl bei Wels <41816>;2792,25
2015;Sattledt <41817>;2590,75
2015;Schleißheim <41818>;1304,25
2015;Sipbachzell <41819>;1927
2015;Stadl-Paura <41820>;4962,75
2015;Steinerkirchen an der Traun <41821>;2377
2015;Steinhaus <41822>;1970,5
2015;Thalheim bei Wels <41823>;5476
2015;Weißkirchen an der Traun <41824>;3327,875
2016;Linz <40101>;201991,875
2016;Steyr <40201>;38352,125
2016;Wels <40301>;60606,5
2016;Alkoven <40501>;5808,125
2016;Aschach an der Donau <40502>;2215,75
2016;Eferding <40503>;4021,625
2016;Fraham <40504>;2341,625
2016;Haibach ob der Donau <40505>;1291
2016;Hartkirchen <40506>;4121,375
2016;Hinzenbach <40507>;2000,625
2016;Prambachkirchen <40508>;2882,375
2016;Pupping <40509>;1837
2016;St. Marienkirchen an der Polsenz <40510>;2325,5
2016;Scharten <40511>;2288,5
2016;Stroheim <40512>;1544,125
2016;Bad Zell <40627>;2892,5
2016;Freistadt <40601>;7749,5
2016;Grünbach <40602>;1901,375
2016;Gutau <40603>;2726,375
2016;Hagenberg im Mühlkreis <40604>;2716,625
2016;Hirschbach im Mühlkreis <40605>;1168,25
2016;Kaltenberg <40606>;626,875
2016;Kefermarkt <40607>;2101
2016;Königswiesen <40608>;3185,875
2016;Lasberg <40609>;2747,75
2016;Leopoldschlag <40610>;1041,75
2016;Liebenau <40611>;1620,875
2016;Neumarkt im Mühlkreis <40612>;3155,625
2016;Pierbach <40613>;1004,25
2016;Pregarten <40614>;5234,75
2016;Rainbach im Mühlkreis <40615>;2937
2016;Sandl <40616>;1398,125
2016;St. Leonhard bei Freistadt <40617>;1362,5
2016;St. Oswald bei Freistadt <40618>;2884,625
2016;Schönau im Mühlkreis <40619>;1937,875
2016;Tragwein <40620>;3066,625
2016;Unterweißenbach <40621>;2213,625
2016;Unterweitersdorf <40622>;2077,75
2016;Waldburg <40623>;1357,25
2016;Wartberg ob der Aist <40624>;4231,25
2016;Weitersfelden <40625>;1038,625
2016;Windhaag bei Freistadt <40626>;1587,25
2016;Altmünster <40701>;9798,375
2016;Bad Goisern am Hallstättersee <40702>;7494,5
2016;Bad Ischl <40703>;13956,25
2016;Ebensee am Traunsee <40704>;7719
2016;Gmunden <40705>;13242
2016;Gosau <40706>;1775,25
2016;Grünau im Almtal <40707>;2093
2016;Gschwandt <40708>;2710,25
2016;Hallstatt <40709>;770,25
2016;Kirchham <40710>;2048,125
2016;Laakirchen <40711>;9817,25
2016;Obertraun <40712>;737,5
2016;Ohlsdorf <40713>;5143,625
2016;Pinsdorf <40714>;3809,125
2016;Roitham am Traunfall <40715>;2004,625
2016;St. Konrad <40716>;1108,25
2016;St. Wolfgang im Salzkammergut <40717>;2821,5
2016;Scharnstein <40719>;4808,125
2016;Traunkirchen <40718>;1630,625
2016;Vorchdorf <40720>;7448,625
2016;Aistersheim <40801>;884,875
2016;Bad Schallerbach <40802>;4035,5
2016;Bruck-Waasen ^<40803>;2327,625
2016;Eschenau im Hausruckkreis <40804>;1037,75
2016;Gallspach <40805>;2818,375
2016;Gaspoltshofen <40806>;3562
2016;Geboltskirchen <40807>;1421,875
2016;Grieskirchen <40808>;4967,5
2016;Haag am Hausruck <40809>;2180,875
2016;Heiligenberg <40810>;685,5
2016;Hofkirchen an der Trattnach <40811>;1644,625
2016;Kallham <40812>;2448,375
2016;Kematen am Innbach <40813>;1378,375
2016;Meggenhofen <40814>;1516,75
2016;Michaelnbach <40815>;1276,375
2016;Natternbach <40816>;2318,625
2016;Neukirchen am Walde <40817>;1601,875
2016;Neumarkt im Hausruckkreis <40818>;1428,25
2016;Peuerbach ^<40819>;2212,375
2016;Peuerbach <40835>;-
2016;Pollham <40821>;978,375
2016;Pötting <40820>;536,625
2016;Pram <40822>;1717,375
2016;Rottenbach <40823>;1070
2016;St. Agatha <40824>;2126,75
2016;St. Georgen bei Grieskirchen <40825>;1293,125
2016;St. Thomas <40826>;546,375
2016;Schlüßlberg <40827>;3088,25
2016;Steegen <40828>;1037,25
2016;Taufkirchen an der Trattnach <40829>;1964,875
2016;Tollet <40830>;912,5
2016;Waizenkirchen <40831>;3700,75
2016;Wallern an der Trattnach <40832>;2976,375
2016;Weibern <40833>;1704,75
2016;Wendling <40834>;823,125
2016;Edlbach <40901>;664,875
2016;Grünburg <40902>;3828,75
2016;Hinterstoder <40903>;928,375
2016;Inzersdorf im Kremstal <40904>;1891,25
2016;Kirchdorf an der Krems <40905>;4351,5
2016;Klaus an der Pyhrnbahn <40906>;1072,625
2016;Kremsmünster <40907>;6563,5
2016;Micheldorf in Oberösterreich <40908>;5834,625
2016;Molln <40909>;3618,5
2016;Nußbach <40910>;2258,5
2016;Oberschlierbach <40911>;489,25
2016;Pettenbach <40912>;5203,125
2016;Ried im Traunkreis <40913>;2688,5
2016;Rosenau am Hengstpaß <40914>;674,625
2016;Roßleithen <40915>;1894,25
2016;St. Pankraz <40916>;344,25
2016;Schlierbach <40917>;2882,375
2016;Spital am Pyhrn <40918>;2242
2016;Steinbach am Ziehberg <40919>;816,875
2016;Steinbach an der Steyr <40920>;2038,75
2016;Vorderstoder <40921>;814,375
2016;Wartberg an der Krems <40922>;2986
2016;Windischgarsten <40923>;2391,125
2016;Allhaming <41001>;1145,25
2016;Ansfelden <41002>;16066,875
2016;Asten <41003>;6482,625
2016;Eggendorf im Traunkreis <41004>;916,5
2016;Enns <41005>;11815
2016;Hargelsberg <41006>;1349,625
2016;Hofkirchen im Traunkreis <41008>;1860,375
2016;Hörsching <41007>;6015,125
2016;Kematen an der Krems <41009>;2738,875
2016;Kirchberg-Thening <41010>;2364,5
2016;Kronstorf <41011>;3300,75
2016;Leonding <41012>;27697,5
2016;Neuhofen an der Krems <41014>;6088
2016;Niederneukirchen <41015>;2023,875
2016;Oftering <41016>;2075,375
2016;Pasching <41017>;7346,25
2016;Piberbach <41018>;1862,5
2016;Pucking <41019>;3882
2016;St. Florian <41013>;6104,875
2016;St. Marien <41020>;4671,875
2016;Traun <41021>;24222,625
2016;Wilhering <41022>;5974,25
2016;Allerheiligen im Mühlkreis <41101>;1240,625
2016;Arbing <41102>;1438,5
2016;Bad Kreuzen <41108>;2263,375
2016;Baumgartenberg <41103>;1693,875
2016;Dimbach <41104>;1026,25
2016;Grein <41105>;2988,125
2016;Katsdorf <41106>;3003,25
2016;Klam <41107>;923,375
2016;Langenstein <41109>;2518,75
2016;Luftenberg an der Donau <41110>;4072
2016;Mauthausen <41111>;4862,625
2016;Mitterkirchen im Machland <41112>;1728,625
2016;Münzbach <41113>;1758,25
2016;Naarn im Machlande <41114>;3679,875
2016;Pabneukirchen <41115>;1718,625
2016;Perg <41116>;8320,875
2016;Rechberg <41117>;974,125
2016;Ried in der Riedmark <41118>;4146,5
2016;St. Georgen am Walde <41119>;2049,25
2016;St. Georgen an der Gusen <41120>;3962,25
2016;St. Nikola an der Donau <41121>;813,625
2016;St. Thomas am Blasenstein <41122>;916,75
2016;Saxen <41123>;1809
2016;Schwertberg <41124>;5330,125
2016;Waldhausen im Strudengau <41125>;2902
2016;Windhaag bei Perg <41126>;1486,5
2016;Andrichsfurt <41201>;750,125
2016;Antiesenhofen <41202>;1091,875
2016;Aurolzmünster <41203>;2922,125
2016;Eberschwang <41204>;3376,75
2016;Eitzing <41205>;786
2016;Geiersberg <41206>;530,875
2016;Geinberg <41207>;1446,625
2016;Gurten <41208>;1186,625
2016;Hohenzell <41209>;2187,375
2016;Kirchdorf am Inn <41210>;638,125
2016;Kirchheim im Innkreis <41211>;717,875
2016;Lambrechten <41212>;1305,75
2016;Lohnsburg am Kobernaußerwald <41213>;2211,125
2016;Mehrnbach <41214>;2351,625
2016;Mettmach <41215>;2375,75
2016;Mörschwang <41216>;331,625
2016;Mühlheim am Inn <41217>;656,625
2016;Neuhofen im Innkreis <41218>;2368,75
2016;Obernberg am Inn <41219>;1616,875
2016;Ort im Innkreis <41220>;1239,625
2016;Pattigham <41221>;900,25
2016;Peterskirchen <41222>;682
2016;Pramet <41223>;1004,125
2016;Reichersberg <41224>;1533,625
2016;Ried im Innkreis <41225>;11711,375
2016;St. Georgen bei Obernberg am Inn <41226>;549,375
2016;St. Marienkirchen am Hausruck <41227>;869,25
2016;St. Martin im Innkreis <41228>;1994,625
2016;Schildorn <41229>;1212,5
2016;Senftenbach <41230>;772,125
2016;Taiskirchen im Innkreis <41231>;2409,75
2016;Tumeltsham <41232>;1542,375
2016;Utzenaich <41233>;1532,625
2016;Waldzell <41234>;2162,125
2016;Weilbach <41235>;619,125
2016;Wippenham <41236>;573,375
2016;Afiesl ^<41301>;389,125
2016;Ahorn ^<41302>;501,625
2016;Aigen im Mühlkreis ^<41303>;-
2016;Aigen-Schlägl <41343>;3155,125
2016;Altenfelden <41304>;2178
2016;Arnreit <41305>;1153,125
2016;Atzesberg <41306>;446,875
2016;Auberg <41307>;547,75
2016;Berg bei Rohrbach ^<41308>;-
2016;Haslach an der Mühl <41309>;2534,25
2016;Helfenberg ^<41310>;992,125
2016;Helfenberg <41345>;-
2016;Hofkirchen im Mühlkreis <41312>;1501,375
2016;Hörbich <41311>;434,75
2016;Julbach <41313>;1540,125
2016;Kirchberg ob der Donau <41314>;1051
2016;Klaffer am Hochficht <41315>;1334,375
2016;Kleinzell im Mühlkreis <41316>;1544,125
2016;Kollerschlag <41317>;1502,875
2016;Lembach im Mühlkreis <41318>;1520
2016;Lichtenau im Mühlkreis <41319>;516,75
2016;Nebelberg <41320>;644,875
2016;Neufelden <41321>;1304
2016;Neustift im Mühlkreis <41329>;1463,625
2016;Niederkappel <41322>;998
2016;Niederwaldkirchen <41323>;1798,375
2016;Oberkappel <41324>;741,875
2016;Oepping <41325>;1507,75
2016;Peilstein im Mühlviertel <41326>;1550,375
2016;Pfarrkirchen im Mühlkreis <41327>;1492,875
2016;Putzleinsdorf <41328>;1588,625
2016;Rohrbach in Oberösterreich ^<41330>;-
2016;Rohrbach-Berg <41344>;5188,625
2016;St. Johann am Wimberg <41331>;1019,75
2016;St. Martin im Mühlkreis <41332>;3729,5
2016;St. Oswald bei Haslach <41333>;500,75
2016;St. Peter am Wimberg <41334>;1782,25
2016;St. Stefan-Afiesl <41346>;-
2016;St. Ulrich im Mühlkreis <41336>;634,75
2016;St. Veit im Mühlkreis <41337>;1205,5
2016;Sankt Stefan am Walde ^<41335>;802,75
2016;Sarleinsbach <41338>;2299,25
2016;Schlägl ^<41339>;-
2016;Schönegg ^<41340>;555,625
2016;Schwarzenberg am Böhmerwald <41341>;612,125
2016;Ulrichsberg <41342>;2825,125
2016;Altschwendt <41401>;705,875
2016;Andorf <41402>;5214,875
2016;Brunnenthal <41403>;2022
2016;Diersbach <41404>;1579,75
2016;Dorf an der Pram <41405>;1027,375
2016;Eggerding <41406>;1320,5
2016;Engelhartszell <41407>;972,875
2016;Enzenkirchen <41408>;1788,875
2016;Esternberg <41409>;2883,125
2016;Freinberg <41410>;1453,125
2016;Kopfing im Innkreis <41411>;1961,875
2016;Mayrhof <41412>;310,75
2016;Münzkirchen <41413>;2599,375
2016;Raab <41414>;2298,5
2016;Rainbach im Innkreis <41415>;1475,625
2016;Riedau <41416>;2060,25
2016;St. Aegidi <41417>;1572,25
2016;St. Florian am Inn <41418>;3093,375
2016;St. Marienkirchen bei Schärding <41419>;1814
2016;St. Roman <41420>;1751,125
2016;St. Willibald <41421>;1118,625
2016;Schardenberg <41423>;2389,375
2016;Schärding <41422>;5053
2016;Sigharting <41424>;841
2016;Suben <41425>;1494,5
2016;Taufkirchen an der Pram <41426>;2933,5
2016;Vichtenstein <41427>;632,625
2016;Waldkirchen am Wesen <41428>;1195,125
2016;Wernstein am Inn <41429>;1575,375
2016;Zell an der Pram <41430>;2012,75
2016;Adlwang <41501>;1776,625
2016;Aschach an der Steyr <41502>;2241,875
2016;Bad Hall <41503>;5104,75
2016;Dietach <41504>;3144,25
2016;Gaflenz <41505>;1918,625
2016;Garsten <41506>;6673,75
2016;Großraming <41507>;2701,25
2016;Laussa <41508>;1255,375
2016;Losenstein <41509>;1625,125
2016;Maria Neustift <41510>;1587
2016;Pfarrkirchen bei Bad Hall <41511>;2189,375
2016;Reichraming <41512>;1736,25
2016;Rohr im Kremstal <41513>;1325,875
2016;St. Ulrich bei Steyr <41514>;3005,25
2016;Schiedlberg <41515>;1235,25
2016;Sierning <41516>;9331,625
2016;Ternberg <41517>;3381,25
2016;Waldneukirchen <41518>;2238,25
2016;Weyer <41522>;4270,75
2016;Weyer Land ^<41519>;-
2016;Weyer Markt ^<41520>;-
2016;Wolfern <41521>;3164
2016;Alberndorf in der Riedmark <41601>;4020,625
2016;Altenberg bei Linz <41602>;4522,125
2016;Bad Leonfelden <41603>;4207,875
2016;Eidenberg <41604>;2082,25
2016;Engerwitzdorf <41605>;8709,25
2016;Feldkirchen an der Donau <41606>;5307
2016;Gallneukirchen <41607>;6369,75
2016;Goldwörth <41608>;871,5
2016;Gramastetten <41609>;5062,25
2016;Haibach im Mühlkreis <41610>;893,375
2016;Hellmonsödt <41611>;2267,125
2016;Herzogsdorf <41612>;2494,75
2016;Kirchschlag bei Linz <41613>;2136,875
2016;Lichtenberg <41614>;2677,875
2016;Oberneukirchen <41615>;3167,875
2016;Ottenschlag im Mühlkreis <41616>;534,375
2016;Ottensheim <41617>;4674,75
2016;Puchenau <41618>;4477,25
2016;Reichenau im Mühlkreis <41619>;1302,75
2016;Reichenthal <41620>;1524,625
2016;St. Gotthard im Mühlkreis <41621>;1305,375
2016;Schenkenfelden <41622>;1585,125
2016;Sonnberg im Mühlkreis <41623>;941,5
2016;Steyregg <41624>;5001,625
2016;Vorderweißenbach ^<41625>;2080,375
2016;Vorderweißenbach <41628>;-
2016;Walding <41626>;4076,875
2016;Zwettl an der Rodl <41627>;1777,25
2016;Ampflwang im Hausruckwald <41701>;3405,25
2016;Attersee am Attersee <41702>;1593,625
2016;Attnang-Puchheim <41703>;8887,375
2016;Atzbach <41704>;1186,75
2016;Aurach am Hongar <41705>;1690,25
2016;Berg im Attergau <41706>;1038,875
2016;Desselbrunn <41707>;1833
2016;Fornach <41708>;971
2016;Frankenburg am Hausruck <41709>;4865,75
2016;Frankenmarkt <41710>;3706,75
2016;Gampern <41711>;2878,5
2016;Innerschwand am Mondsee <41712>;1165,875
2016;Lenzing an der Ager <41713>;5006,75
2016;Manning <41714>;823,375
2016;Mondsee <41715>;3671,75
2016;Neukirchen an der Vöckla <41716>;2540,875
2016;Niederthalheim <41717>;1093,75
2016;Nußdorf am Attersee <41718>;1153
2016;Oberhofen am Irrsee <41719>;1609,875
2016;Oberndorf bei Schwanenstadt <41720>;1429,125
2016;Oberwang <41721>;1664,875
2016;Ottnang am Hausruck <41722>;3897,125
2016;Pfaffing <41723>;1506
2016;Pilsbach <41724>;621,375
2016;Pitzenberg <41725>;508,125
2016;Pöndorf <41726>;2359
2016;Puchkirchen am Trattberg <41727>;1049,125
2016;Pühret <41728>;612,75
2016;Redleiten <41729>;511,625
2016;Redlham <41730>;1484,5
2016;Regau <41731>;6687,5
2016;Rüstorf <41732>;2080
2016;Rutzenham <41733>;282,125
2016;St. Georgen im Attergau <41734>;4358,875
2016;St. Lorenz <41735>;2454,25
2016;Schlatt <41736>;1336,5
2016;Schörfling am Attersee <41737>;3409,625
2016;Schwanenstadt <41738>;4251,25
2016;Seewalchen am Attersee <41739>;5489
2016;Steinbach am Attersee <41740>;873
2016;Straß im Attergau <41741>;1474
2016;Tiefgraben <41742>;3961,75
2016;Timelkam <41743>;5863,25
2016;Ungenach <41744>;1486,625
2016;Unterach am Attersee <41745>;1456,375
2016;Vöcklabruck <41746>;12265,125
2016;Vöcklamarkt <41747>;4877,375
2016;Weißenkirchen im Attergau <41748>;953,25
2016;Weyregg am Attersee <41749>;1542,875
2016;Wolfsegg am Hausruck <41750>;2016,625
2016;Zell am Moos <41751>;1595,75
2016;Zell am Pettenfirst <41752>;1209,5
2016;Aichkirchen <41801>;572,25
2016;Bachmanning <41802>;678,25
2016;Bad Wimsbach-Neydharting <41803>;2484,75
2016;Buchkirchen <41804>;4079,875
2016;Eberstalzell <41805>;2568,75
2016;Edt bei Lambach <41806>;2154,875
2016;Fischlham <41807>;1332,5
2016;Gunskirchen <41808>;5903,75
2016;Holzhausen <41809>;933,5
2016;Krenglbach <41810>;3087
2016;Lambach <41811>;3396,875
2016;Marchtrenk <41812>;13128,125
2016;Neukirchen bei Lambach <41813>;900,375
2016;Offenhausen <41814>;1614,5
2016;Pennewang <41815>;896,25
2016;Pichl bei Wels <41816>;2814,5
2016;Sattledt <41817>;2634,5
2016;Schleißheim <41818>;1326,25
2016;Sipbachzell <41819>;1946,375
2016;Stadl-Paura <41820>;4977
2016;Steinerkirchen an der Traun <41821>;2394,5
2016;Steinhaus <41822>;2034,375
2016;Thalheim bei Wels <41823>;5512
2016;Weißkirchen an der Traun <41824>;3339,25
2017;Linz <40101>;203913,5
2017;Steyr <40201>;38293,125
2017;Wels <40301>;60987,5
2017;Alkoven <40501>;5872,5
2017;Aschach an der Donau <40502>;2204,25
2017;Eferding <40503>;4063,875
2017;Fraham <40504>;2370
2017;Haibach ob der Donau <40505>;1303,5
2017;Hartkirchen <40506>;4100,375
2017;Hinzenbach <40507>;2006
2017;Prambachkirchen <40508>;2901,5
2017;Pupping <40509>;1815,5
2017;St. Marienkirchen an der Polsenz <40510>;2334,875
2017;Scharten <40511>;2270,625
2017;Stroheim <40512>;1539,375
2017;Bad Zell <40627>;2939,375
2017;Freistadt <40601>;7858
2017;Grünbach <40602>;1936,25
2017;Gutau <40603>;2726,5
2017;Hagenberg im Mühlkreis <40604>;2714,625
2017;Hirschbach im Mühlkreis <40605>;1184,125
2017;Kaltenberg <40606>;626,25
2017;Kefermarkt <40607>;2105,625
2017;Königswiesen <40608>;3137,5
2017;Lasberg <40609>;2735,875
2017;Leopoldschlag <40610>;1020,375
2017;Liebenau <40611>;1595,125
2017;Neumarkt im Mühlkreis <40612>;3179,625
2017;Pierbach <40613>;1006,125
2017;Pregarten <40614>;5236,75
2017;Rainbach im Mühlkreis <40615>;2947,75
2017;Sandl <40616>;1395,25
2017;St. Leonhard bei Freistadt <40617>;1381,875
2017;St. Oswald bei Freistadt <40618>;2896,375
2017;Schönau im Mühlkreis <40619>;1926,375
2017;Tragwein <40620>;3078,625
2017;Unterweißenbach <40621>;2205,625
2017;Unterweitersdorf <40622>;2088,125
2017;Waldburg <40623>;1371,375
2017;Wartberg ob der Aist <40624>;4239,75
2017;Weitersfelden <40625>;1041,25
2017;Windhaag bei Freistadt <40626>;1579,625
2017;Altmünster <40701>;9783,375
2017;Bad Goisern am Hallstättersee <40702>;7486,75
2017;Bad Ischl <40703>;14061
2017;Ebensee am Traunsee <40704>;7711,875
2017;Gmunden <40705>;13208,375
2017;Gosau <40706>;1795,5
2017;Grünau im Almtal <40707>;2090
2017;Gschwandt <40708>;2740,75
2017;Hallstatt <40709>;767
2017;Kirchham <40710>;2097,75
2017;Laakirchen <40711>;9824,25
2017;Obertraun <40712>;725,5
2017;Ohlsdorf <40713>;5220,5
2017;Pinsdorf <40714>;3814,875
2017;Roitham am Traunfall <40715>;1996,125
2017;St. Konrad <40716>;1113,5
2017;St. Wolfgang im Salzkammergut <40717>;2793,875
2017;Scharnstein <40719>;4823
2017;Traunkirchen <40718>;1634,375
2017;Vorchdorf <40720>;7478
2017;Aistersheim <40801>;891,25
2017;Bad Schallerbach <40802>;4116,5
2017;Bruck-Waasen ^<40803>;2352,875
2017;Eschenau im Hausruckkreis <40804>;1043,5
2017;Gallspach <40805>;2759,75
2017;Gaspoltshofen <40806>;3561,375
2017;Geboltskirchen <40807>;1417
2017;Grieskirchen <40808>;5020
2017;Haag am Hausruck <40809>;2189,5
2017;Heiligenberg <40810>;692,875
2017;Hofkirchen an der Trattnach <40811>;1655,75
2017;Kallham <40812>;2505
2017;Kematen am Innbach <40813>;1397,5
2017;Meggenhofen <40814>;1518
2017;Michaelnbach <40815>;1266,75
2017;Natternbach <40816>;2309,25
2017;Neukirchen am Walde <40817>;1616,125
2017;Neumarkt im Hausruckkreis <40818>;1456,875
2017;Peuerbach ^<40819>;2125,75
2017;Peuerbach <40835>;-
2017;Pollham <40821>;982,125
2017;Pötting <40820>;541,125
2017;Pram <40822>;1720,375
2017;Rottenbach <40823>;1091,25
2017;St. Agatha <40824>;2112,625
2017;St. Georgen bei Grieskirchen <40825>;1321,75
2017;St. Thomas <40826>;543,5
2017;Schlüßlberg <40827>;3094,875
2017;Steegen <40828>;1042,875
2017;Taufkirchen an der Trattnach <40829>;1959,375
2017;Tollet <40830>;919,75
2017;Waizenkirchen <40831>;3725,625
2017;Wallern an der Trattnach <40832>;3009,875
2017;Weibern <40833>;1703,625
2017;Wendling <40834>;836
2017;Edlbach <40901>;666,5
2017;Grünburg <40902>;3840,25
2017;Hinterstoder <40903>;919,75
2017;Inzersdorf im Kremstal <40904>;1882
2017;Kirchdorf an der Krems <40905>;4457,625
2017;Klaus an der Pyhrnbahn <40906>;1061,375
2017;Kremsmünster <40907>;6596,375
2017;Micheldorf in Oberösterreich <40908>;5830,125
2017;Molln <40909>;3655,75
2017;Nußbach <40910>;2271,625
2017;Oberschlierbach <40911>;485,25
2017;Pettenbach <40912>;5228,75
2017;Ried im Traunkreis <40913>;2723,5
2017;Rosenau am Hengstpaß <40914>;667,875
2017;Roßleithen <40915>;1896,125
2017;St. Pankraz <40916>;351,375
2017;Schlierbach <40917>;2861
2017;Spital am Pyhrn <40918>;2234,75
2017;Steinbach am Ziehberg <40919>;825,125
2017;Steinbach an der Steyr <40920>;2027,875
2017;Vorderstoder <40921>;809,875
2017;Wartberg an der Krems <40922>;2997,125
2017;Windischgarsten <40923>;2401
2017;Allhaming <41001>;1163,5
2017;Ansfelden <41002>;16129
2017;Asten <41003>;6575,375
2017;Eggendorf im Traunkreis <41004>;939,625
2017;Enns <41005>;11881,875
2017;Hargelsberg <41006>;1369,875
2017;Hofkirchen im Traunkreis <41008>;1890,375
2017;Hörsching <41007>;6015
2017;Kematen an der Krems <41009>;2783,25
2017;Kirchberg-Thening <41010>;2355,375
2017;Kronstorf <41011>;3391,125
2017;Leonding <41012>;28353,375
2017;Neuhofen an der Krems <41014>;6223
2017;Niederneukirchen <41015>;2060,25
2017;Oftering <41016>;2082
2017;Pasching <41017>;7520,5
2017;Piberbach <41018>;1884,25
2017;Pucking <41019>;3925,125
2017;St. Florian <41013>;6168,25
2017;St. Marien <41020>;4738,25
2017;Traun <41021>;24395
2017;Wilhering <41022>;5926,375
2017;Allerheiligen im Mühlkreis <41101>;1248
2017;Arbing <41102>;1441,625
2017;Bad Kreuzen <41108>;2283,75
2017;Baumgartenberg <41103>;1724,25
2017;Dimbach <41104>;1015,625
2017;Grein <41105>;2952,375
2017;Katsdorf <41106>;3067,5
2017;Klam <41107>;920,625
2017;Langenstein <41109>;2525,375
2017;Luftenberg an der Donau <41110>;4091,375
2017;Mauthausen <41111>;4913
2017;Mitterkirchen im Machland <41112>;1721
2017;Münzbach <41113>;1789,5
2017;Naarn im Machlande <41114>;3680,25
2017;Pabneukirchen <41115>;1704
2017;Perg <41116>;8355,375
2017;Rechberg <41117>;992,5
2017;Ried in der Riedmark <41118>;4193,25
2017;St. Georgen am Walde <41119>;2025,125
2017;St. Georgen an der Gusen <41120>;4037,375
2017;St. Nikola an der Donau <41121>;809,375
2017;St. Thomas am Blasenstein <41122>;921,5
2017;Saxen <41123>;1822,75
2017;Schwertberg <41124>;5359
2017;Waldhausen im Strudengau <41125>;2889,125
2017;Windhaag bei Perg <41126>;1509,125
2017;Andrichsfurt <41201>;764,25
2017;Antiesenhofen <41202>;1088
2017;Aurolzmünster <41203>;2981,125
2017;Eberschwang <41204>;3352,25
2017;Eitzing <41205>;811,5
2017;Geiersberg <41206>;524
2017;Geinberg <41207>;1450,25
2017;Gurten <41208>;1202,875
2017;Hohenzell <41209>;2219
2017;Kirchdorf am Inn <41210>;637,5
2017;Kirchheim im Innkreis <41211>;720,125
2017;Lambrechten <41212>;1300,25
2017;Lohnsburg am Kobernaußerwald <41213>;2218
2017;Mehrnbach <41214>;2361,5
2017;Mettmach <41215>;2360,125
2017;Mörschwang <41216>;331
2017;Mühlheim am Inn <41217>;656,625
2017;Neuhofen im Innkreis <41218>;2398,75
2017;Obernberg am Inn <41219>;1623,875
2017;Ort im Innkreis <41220>;1276,625
2017;Pattigham <41221>;915,125
2017;Peterskirchen <41222>;692
2017;Pramet <41223>;1016
2017;Reichersberg <41224>;1523,25
2017;Ried im Innkreis <41225>;11854
2017;St. Georgen bei Obernberg am Inn <41226>;562,625
2017;St. Marienkirchen am Hausruck <41227>;881,375
2017;St. Martin im Innkreis <41228>;2048,375
2017;Schildorn <41229>;1223,875
2017;Senftenbach <41230>;758,25
2017;Taiskirchen im Innkreis <41231>;2409,625
2017;Tumeltsham <41232>;1568,125
2017;Utzenaich <41233>;1526,125
2017;Waldzell <41234>;2160
2017;Weilbach <41235>;610,625
2017;Wippenham <41236>;583,375
2017;Afiesl ^<41301>;389,375
2017;Ahorn ^<41302>;504,375
2017;Aigen im Mühlkreis ^<41303>;-
2017;Aigen-Schlägl <41343>;3198
2017;Altenfelden <41304>;2211,375
2017;Arnreit <41305>;1155,25
2017;Atzesberg <41306>;444
2017;Auberg <41307>;553,75
2017;Berg bei Rohrbach ^<41308>;-
2017;Haslach an der Mühl <41309>;2518,75
2017;Helfenberg ^<41310>;1000,25
2017;Helfenberg <41345>;-
2017;Hofkirchen im Mühlkreis <41312>;1515,625
2017;Hörbich <41311>;427,125
2017;Julbach <41313>;1524,75
2017;Kirchberg ob der Donau <41314>;1048,875
2017;Klaffer am Hochficht <41315>;1323,375
2017;Kleinzell im Mühlkreis <41316>;1557,875
2017;Kollerschlag <41317>;1514,125
2017;Lembach im Mühlkreis <41318>;1534,125
2017;Lichtenau im Mühlkreis <41319>;504,75
2017;Nebelberg <41320>;632,875
2017;Neufelden <41321>;1291,75
2017;Neustift im Mühlkreis <41329>;1461,625
2017;Niederkappel <41322>;983,875
2017;Niederwaldkirchen <41323>;1808,875
2017;Oberkappel <41324>;732,75
2017;Oepping <41325>;1505,125
2017;Peilstein im Mühlviertel <41326>;1538,625
2017;Pfarrkirchen im Mühlkreis <41327>;1479,625
2017;Putzleinsdorf <41328>;1578
2017;Rohrbach in Oberösterreich ^<41330>;-
2017;Rohrbach-Berg <41344>;5156,625
2017;St. Johann am Wimberg <41331>;1020,875
2017;St. Martin im Mühlkreis <41332>;3781,625
2017;St. Oswald bei Haslach <41333>;496,125
2017;St. Peter am Wimberg <41334>;1767,875
2017;St. Stefan-Afiesl <41346>;-
2017;St. Ulrich im Mühlkreis <41336>;628,5
2017;St. Veit im Mühlkreis <41337>;1203
2017;Sankt Stefan am Walde ^<41335>;804
2017;Sarleinsbach <41338>;2290,375
2017;Schlägl ^<41339>;-
2017;Schönegg ^<41340>;571,25
2017;Schwarzenberg am Böhmerwald <41341>;573
2017;Ulrichsberg <41342>;2836,125
2017;Altschwendt <41401>;699,375
2017;Andorf <41402>;5196
2017;Brunnenthal <41403>;2038,875
2017;Diersbach <41404>;1582
2017;Dorf an der Pram <41405>;1029,375
2017;Eggerding <41406>;1328
2017;Engelhartszell <41407>;939,25
2017;Enzenkirchen <41408>;1782,5
2017;Esternberg <41409>;2867,5
2017;Freinberg <41410>;1453
2017;Kopfing im Innkreis <41411>;1993,75
2017;Mayrhof <41412>;319,5
2017;Münzkirchen <41413>;2593,625
2017;Raab <41414>;2274,75
2017;Rainbach im Innkreis <41415>;1475,125
2017;Riedau <41416>;2058,875
2017;St. Aegidi <41417>;1569,375
2017;St. Florian am Inn <41418>;3109,25
2017;St. Marienkirchen bei Schärding <41419>;1822,25
2017;St. Roman <41420>;1733,125
2017;St. Willibald <41421>;1104,25
2017;Schardenberg <41423>;2393,125
2017;Schärding <41422>;5171,25
2017;Sigharting <41424>;838,25
2017;Suben <41425>;1490,5
2017;Taufkirchen an der Pram <41426>;2932,375
2017;Vichtenstein <41427>;621,75
2017;Waldkirchen am Wesen <41428>;1174,75
2017;Wernstein am Inn <41429>;1564,5
2017;Zell an der Pram <41430>;2015,25
2017;Adlwang <41501>;1794,75
2017;Aschach an der Steyr <41502>;2255,625
2017;Bad Hall <41503>;5225,625
2017;Dietach <41504>;3219,5
2017;Gaflenz <41505>;1925,875
2017;Garsten <41506>;6697
2017;Großraming <41507>;2701,75
2017;Laussa <41508>;1240
2017;Losenstein <41509>;1614,25
2017;Maria Neustift <41510>;1580,5
2017;Pfarrkirchen bei Bad Hall <41511>;2233,625
2017;Reichraming <41512>;1746,125
2017;Rohr im Kremstal <41513>;1368,375
2017;St. Ulrich bei Steyr <41514>;2985,625
2017;Schiedlberg <41515>;1230,5
2017;Sierning <41516>;9367,25
2017;Ternberg <41517>;3363,375
2017;Waldneukirchen <41518>;2247,375
2017;Weyer <41522>;4263,75
2017;Weyer Land ^<41519>;-
2017;Weyer Markt ^<41520>;-
2017;Wolfern <41521>;3179,625
2017;Alberndorf in der Riedmark <41601>;4056,875
2017;Altenberg bei Linz <41602>;4530,625
2017;Bad Leonfelden <41603>;4201,625
2017;Eidenberg <41604>;2104,5
2017;Engerwitzdorf <41605>;8752,625
2017;Feldkirchen an der Donau <41606>;5350,25
2017;Gallneukirchen <41607>;6477
2017;Goldwörth <41608>;844
2017;Gramastetten <41609>;5114,75
2017;Haibach im Mühlkreis <41610>;900,625
2017;Hellmonsödt <41611>;2271,625
2017;Herzogsdorf <41612>;2509,625
2017;Kirchschlag bei Linz <41613>;2156,5
2017;Lichtenberg <41614>;2648,375
2017;Oberneukirchen <41615>;3183
2017;Ottenschlag im Mühlkreis <41616>;541,625
2017;Ottensheim <41617>;4690,25
2017;Puchenau <41618>;4453,875
2017;Reichenau im Mühlkreis <41619>;1336,625
2017;Reichenthal <41620>;1523,125
2017;St. Gotthard im Mühlkreis <41621>;1321,5
2017;Schenkenfelden <41622>;1580,25
2017;Sonnberg im Mühlkreis <41623>;951,875
2017;Steyregg <41624>;4921
2017;Vorderweißenbach ^<41625>;2083,75
2017;Vorderweißenbach <41628>;-
2017;Walding <41626>;4105,25
2017;Zwettl an der Rodl <41627>;1762,75
2017;Ampflwang im Hausruckwald <41701>;3396,375
2017;Attersee am Attersee <41702>;1589,5
2017;Attnang-Puchheim <41703>;8935
2017;Atzbach <41704>;1191
2017;Aurach am Hongar <41705>;1707,125
2017;Berg im Attergau <41706>;1039,375
2017;Desselbrunn <41707>;1850,5
2017;Fornach <41708>;983,75
2017;Frankenburg am Hausruck <41709>;4829
2017;Frankenmarkt <41710>;3652,625
2017;Gampern <41711>;2915,25
2017;Innerschwand am Mondsee <41712>;1183,875
2017;Lenzing an der Ager <41713>;5011,875
2017;Manning <41714>;807
2017;Mondsee <41715>;3710,875
2017;Neukirchen an der Vöckla <41716>;2542,75
2017;Niederthalheim <41717>;1113,625
2017;Nußdorf am Attersee <41718>;1143,625
2017;Oberhofen am Irrsee <41719>;1627,75
2017;Oberndorf bei Schwanenstadt <41720>;1418,625
2017;Oberwang <41721>;1684,25
2017;Ottnang am Hausruck <41722>;3982,875
2017;Pfaffing <41723>;1491,5
2017;Pilsbach <41724>;624
2017;Pitzenberg <41725>;510,25
2017;Pöndorf <41726>;2383,625
2017;Puchkirchen am Trattberg <41727>;1040,25
2017;Pühret <41728>;616,125
2017;Redleiten <41729>;527,125
2017;Redlham <41730>;1508,25
2017;Regau <41731>;6758,25
2017;Rüstorf <41732>;2115
2017;Rutzenham <41733>;290,875
2017;St. Georgen im Attergau <41734>;4371,25
2017;St. Lorenz <41735>;2487,125
2017;Schlatt <41736>;1396,375
2017;Schörfling am Attersee <41737>;3437,125
2017;Schwanenstadt <41738>;4235,5
2017;Seewalchen am Attersee <41739>;5489,125
2017;Steinbach am Attersee <41740>;873,75
2017;Straß im Attergau <41741>;1477,75
2017;Tiefgraben <41742>;3969,75
2017;Timelkam <41743>;5769,5
2017;Ungenach <41744>;1486,625
2017;Unterach am Attersee <41745>;1445
2017;Vöcklabruck <41746>;12301,375
2017;Vöcklamarkt <41747>;4898,5
2017;Weißenkirchen im Attergau <41748>;963,125
2017;Weyregg am Attersee <41749>;1570,75
2017;Wolfsegg am Hausruck <41750>;1987,125
2017;Zell am Moos <41751>;1587
2017;Zell am Pettenfirst <41752>;1227
2017;Aichkirchen <41801>;578,125
2017;Bachmanning <41802>;708,875
2017;Bad Wimsbach-Neydharting <41803>;2505,25
2017;Buchkirchen <41804>;4058,125
2017;Eberstalzell <41805>;2605,25
2017;Edt bei Lambach <41806>;2182,75
2017;Fischlham <41807>;1334,125
2017;Gunskirchen <41808>;5982
2017;Holzhausen <41809>;986,375
2017;Krenglbach <41810>;3117,5
2017;Lambach <41811>;3430,5
2017;Marchtrenk <41812>;13424,125
2017;Neukirchen bei Lambach <41813>;912,125
2017;Offenhausen <41814>;1626,875
2017;Pennewang <41815>;886,125
2017;Pichl bei Wels <41816>;2837,25
2017;Sattledt <41817>;2629,75
2017;Schleißheim <41818>;1360,375
2017;Sipbachzell <41819>;1968,75
2017;Stadl-Paura <41820>;5042,25
2017;Steinerkirchen an der Traun <41821>;2391,75
2017;Steinhaus <41822>;2155,5
2017;Thalheim bei Wels <41823>;5498,5
2017;Weißkirchen an der Traun <41824>;3394,5
2018;Linz <40101>;205295,5
2018;Steyr <40201>;38243,75
2018;Wels <40301>;61421,75
2018;Alkoven <40501>;6049,5
2018;Aschach an der Donau <40502>;2203,25
2018;Eferding <40503>;4104,625
2018;Fraham <40504>;2399
2018;Haibach ob der Donau <40505>;1308,25
2018;Hartkirchen <40506>;4085,75
2018;Hinzenbach <40507>;2007,5
2018;Prambachkirchen <40508>;2926,875
2018;Pupping <40509>;1833,25
2018;St. Marienkirchen an der Polsenz <40510>;2326,25
2018;Scharten <40511>;2250,875
2018;Stroheim <40512>;1571,125
2018;Bad Zell <40627>;2915,5
2018;Freistadt <40601>;7955,375
2018;Grünbach <40602>;1932,75
2018;Gutau <40603>;2706,25
2018;Hagenberg im Mühlkreis <40604>;2745,25
2018;Hirschbach im Mühlkreis <40605>;1198,5
2018;Kaltenberg <40606>;623,375
2018;Kefermarkt <40607>;2132,25
2018;Königswiesen <40608>;3100,75
2018;Lasberg <40609>;2777,25
2018;Leopoldschlag <40610>;1023,25
2018;Liebenau <40611>;1595,75
2018;Neumarkt im Mühlkreis <40612>;3164,25
2018;Pierbach <40613>;1010,625
2018;Pregarten <40614>;5351,625
2018;Rainbach im Mühlkreis <40615>;2969,25
2018;Sandl <40616>;1399,625
2018;St. Leonhard bei Freistadt <40617>;1387,5
2018;St. Oswald bei Freistadt <40618>;2894,375
2018;Schönau im Mühlkreis <40619>;1934,25
2018;Tragwein <40620>;3087,125
2018;Unterweißenbach <40621>;2179,25
2018;Unterweitersdorf <40622>;2112,875
2018;Waldburg <40623>;1379,625
2018;Wartberg ob der Aist <40624>;4226,5
2018;Weitersfelden <40625>;1037,375
2018;Windhaag bei Freistadt <40626>;1572,75
2018;Altmünster <40701>;9791,125
2018;Bad Goisern am Hallstättersee <40702>;7517,875
2018;Bad Ischl <40703>;14119,375
2018;Ebensee am Traunsee <40704>;7697,875
2018;Gmunden <40705>;13220,625
2018;Gosau <40706>;1782,375
2018;Grünau im Almtal <40707>;2056,75
2018;Gschwandt <40708>;2762,75
2018;Hallstatt <40709>;767,5
2018;Kirchham <40710>;2157,25
2018;Laakirchen <40711>;9860,5
2018;Obertraun <40712>;731,125
2018;Ohlsdorf <40713>;5222
2018;Pinsdorf <40714>;3906,25
2018;Roitham am Traunfall <40715>;1999,375
2018;St. Konrad <40716>;1117,625
2018;St. Wolfgang im Salzkammergut <40717>;2763,875
2018;Scharnstein <40719>;4842,375
2018;Traunkirchen <40718>;1621,5
2018;Vorchdorf <40720>;7489,25
2018;Aistersheim <40801>;903
2018;Bad Schallerbach <40802>;4212,25
2018;Bruck-Waasen ^<40803>;-
2018;Eschenau im Hausruckkreis <40804>;1054,75
2018;Gallspach <40805>;2753,25
2018;Gaspoltshofen <40806>;3570,625
2018;Geboltskirchen <40807>;1432,375
2018;Grieskirchen <40808>;4977,125
2018;Haag am Hausruck <40809>;2174,5
2018;Heiligenberg <40810>;701,375
2018;Hofkirchen an der Trattnach <40811>;1664,25
2018;Kallham <40812>;2493,5
2018;Kematen am Innbach <40813>;1414,875
2018;Meggenhofen <40814>;1518,125
2018;Michaelnbach <40815>;1260,125
2018;Natternbach <40816>;2299,75
2018;Neukirchen am Walde <40817>;1634,75
2018;Neumarkt im Hausruckkreis <40818>;1455,875
2018;Peuerbach ^<40819>;-
2018;Peuerbach <40835>;4502,25
2018;Pollham <40821>;978,75
2018;Pötting <40820>;539,125
2018;Pram <40822>;1711,5
2018;Rottenbach <40823>;1105,375
2018;St. Agatha <40824>;2119
2018;St. Georgen bei Grieskirchen <40825>;1339,25
2018;St. Thomas <40826>;548,625
2018;Schlüßlberg <40827>;3075,625
2018;Steegen <40828>;1066,5
2018;Taufkirchen an der Trattnach <40829>;1969
2018;Tollet <40830>;923,25
2018;Waizenkirchen <40831>;3732
2018;Wallern an der Trattnach <40832>;3035,625
2018;Weibern <40833>;1718
2018;Wendling <40834>;846,875
2018;Edlbach <40901>;658,125
2018;Grünburg <40902>;3862,625
2018;Hinterstoder <40903>;902,25
2018;Inzersdorf im Kremstal <40904>;1877,125
2018;Kirchdorf an der Krems <40905>;4498,125
2018;Klaus an der Pyhrnbahn <40906>;1060
2018;Kremsmünster <40907>;6564,625
2018;Micheldorf in Oberösterreich <40908>;5902
2018;Molln <40909>;3644,375
2018;Nußbach <40910>;2280,875
2018;Oberschlierbach <40911>;486,125
2018;Pettenbach <40912>;5271,125
2018;Ried im Traunkreis <40913>;2747,375
2018;Rosenau am Hengstpaß <40914>;662,5
2018;Roßleithen <40915>;1898,125
2018;St. Pankraz <40916>;360,625
2018;Schlierbach <40917>;2856,375
2018;Spital am Pyhrn <40918>;2238,25
2018;Steinbach am Ziehberg <40919>;826,875
2018;Steinbach an der Steyr <40920>;2005,5
2018;Vorderstoder <40921>;811,75
2018;Wartberg an der Krems <40922>;3006,25
2018;Windischgarsten <40923>;2404,75
2018;Allhaming <41001>;1170,5
2018;Ansfelden <41002>;16450,5
2018;Asten <41003>;6636,625
2018;Eggendorf im Traunkreis <41004>;942,75
2018;Enns <41005>;11976,5
2018;Hargelsberg <41006>;1377,625
2018;Hofkirchen im Traunkreis <41008>;1890,375
2018;Hörsching <41007>;6091
2018;Kematen an der Krems <41009>;2823,375
2018;Kirchberg-Thening <41010>;2382
2018;Kronstorf <41011>;3448,125
2018;Leonding <41012>;28814,875
2018;Neuhofen an der Krems <41014>;6387,75
2018;Niederneukirchen <41015>;2084,625
2018;Oftering <41016>;2093,625
2018;Pasching <41017>;7576,125
2018;Piberbach <41018>;1886,25
2018;Pucking <41019>;3940,125
2018;St. Florian <41013>;6192,125
2018;St. Marien <41020>;4782,25
2018;Traun <41021>;24538,375
2018;Wilhering <41022>;5921,875
2018;Allerheiligen im Mühlkreis <41101>;1268,125
2018;Arbing <41102>;1470,75
2018;Bad Kreuzen <41108>;2247,125
2018;Baumgartenberg <41103>;1742,75
2018;Dimbach <41104>;1003,75
2018;Grein <41105>;2907,75
2018;Katsdorf <41106>;3107,5
2018;Klam <41107>;923,5
2018;Langenstein <41109>;2532,125
2018;Luftenberg an der Donau <41110>;4113
2018;Mauthausen <41111>;4904,25
2018;Mitterkirchen im Machland <41112>;1725,25
2018;Münzbach <41113>;1821,375
2018;Naarn im Machlande <41114>;3693,625
2018;Pabneukirchen <41115>;1706,25
2018;Perg <41116>;8517,75
2018;Rechberg <41117>;1004
2018;Ried in der Riedmark <41118>;4231,375
2018;St. Georgen am Walde <41119>;1982,125
2018;St. Georgen an der Gusen <41120>;4173
2018;St. Nikola an der Donau <41121>;787,875
2018;St. Thomas am Blasenstein <41122>;927,125
2018;Saxen <41123>;1800,25
2018;Schwertberg <41124>;5338
2018;Waldhausen im Strudengau <41125>;2884,75
2018;Windhaag bei Perg <41126>;1499,75
2018;Andrichsfurt <41201>;775,375
2018;Antiesenhofen <41202>;1092,625
2018;Aurolzmünster <41203>;3025,125
2018;Eberschwang <41204>;3393,625
2018;Eitzing <41205>;805
2018;Geiersberg <41206>;509,375
2018;Geinberg <41207>;1427,375
2018;Gurten <41208>;1195,125
2018;Hohenzell <41209>;2256,875
2018;Kirchdorf am Inn <41210>;644,25
2018;Kirchheim im Innkreis <41211>;723
2018;Lambrechten <41212>;1317
2018;Lohnsburg am Kobernaußerwald <41213>;2236
2018;Mehrnbach <41214>;2365,25
2018;Mettmach <41215>;2356,5
2018;Mörschwang <41216>;334,625
2018;Mühlheim am Inn <41217>;668,25
2018;Neuhofen im Innkreis <41218>;2421,875
2018;Obernberg am Inn <41219>;1644,5
2018;Ort im Innkreis <41220>;1276,75
2018;Pattigham <41221>;943,25
2018;Peterskirchen <41222>;698,625
2018;Pramet <41223>;1025
2018;Reichersberg <41224>;1511,875
2018;Ried im Innkreis <41225>;11998
2018;St. Georgen bei Obernberg am Inn <41226>;565,625
2018;St. Marienkirchen am Hausruck <41227>;879
2018;St. Martin im Innkreis <41228>;2041,125
2018;Schildorn <41229>;1220,25
2018;Senftenbach <41230>;775,75
2018;Taiskirchen im Innkreis <41231>;2405
2018;Tumeltsham <41232>;1585,5
2018;Utzenaich <41233>;1544,875
2018;Waldzell <41234>;2184,5
2018;Weilbach <41235>;616,5
2018;Wippenham <41236>;574,375
2018;Afiesl ^<41301>;395,375
2018;Ahorn ^<41302>;506,625
2018;Aigen im Mühlkreis ^<41303>;-
2018;Aigen-Schlägl <41343>;3219,75
2018;Altenfelden <41304>;2220,125
2018;Arnreit <41305>;1147,25
2018;Atzesberg <41306>;443,5
2018;Auberg <41307>;554,375
2018;Berg bei Rohrbach ^<41308>;-
2018;Haslach an der Mühl <41309>;2533,75
2018;Helfenberg ^<41310>;1005,875
2018;Helfenberg <41345>;-
2018;Hofkirchen im Mühlkreis <41312>;1520,5
2018;Hörbich <41311>;414,25
2018;Julbach <41313>;1549,875
2018;Kirchberg ob der Donau <41314>;1046,75
2018;Klaffer am Hochficht <41315>;1303,375
2018;Kleinzell im Mühlkreis <41316>;1569,75
2018;Kollerschlag <41317>;1513,25
2018;Lembach im Mühlkreis <41318>;1532,75
2018;Lichtenau im Mühlkreis <41319>;496,5
2018;Nebelberg <41320>;636,5
2018;Neufelden <41321>;1281,375
2018;Neustift im Mühlkreis <41329>;1463,625
2018;Niederkappel <41322>;986
2018;Niederwaldkirchen <41323>;1832,875
2018;Oberkappel <41324>;716,875
2018;Oepping <41325>;1516,875
2018;Peilstein im Mühlviertel <41326>;1548,75
2018;Pfarrkirchen im Mühlkreis <41327>;1461,375
2018;Putzleinsdorf <41328>;1545,875
2018;Rohrbach in Oberösterreich ^<41330>;-
2018;Rohrbach-Berg <41344>;5150,25
2018;St. Johann am Wimberg <41331>;1023,375
2018;St. Martin im Mühlkreis <41332>;3763,625
2018;St. Oswald bei Haslach <41333>;502,25
2018;St. Peter am Wimberg <41334>;1758,75
2018;St. Stefan-Afiesl <41346>;-
2018;St. Ulrich im Mühlkreis <41336>;633
2018;St. Veit im Mühlkreis <41337>;1211,625
2018;Sankt Stefan am Walde ^<41335>;799,375
2018;Sarleinsbach <41338>;2276,25
2018;Schlägl ^<41339>;-
2018;Schönegg ^<41340>;-
2018;Schwarzenberg am Böhmerwald <41341>;572,875
2018;Ulrichsberg <41342>;2832,25
2018;Altschwendt <41401>;694,875
2018;Andorf <41402>;5193,5
2018;Brunnenthal <41403>;2051,625
2018;Diersbach <41404>;1582,875
2018;Dorf an der Pram <41405>;1038,875
2018;Eggerding <41406>;1317,125
2018;Engelhartszell <41407>;937
2018;Enzenkirchen <41408>;1777,75
2018;Esternberg <41409>;2865,5
2018;Freinberg <41410>;1452,25
2018;Kopfing im Innkreis <41411>;1997,5
2018;Mayrhof <41412>;325,75
2018;Münzkirchen <41413>;2569,25
2018;Raab <41414>;2266,5
2018;Rainbach im Innkreis <41415>;1476,375
2018;Riedau <41416>;2073,875
2018;St. Aegidi <41417>;1547,5
2018;St. Florian am Inn <41418>;3171,375
2018;St. Marienkirchen bei Schärding <41419>;1864,375
2018;St. Roman <41420>;1709,875
2018;St. Willibald <41421>;1097
2018;Schardenberg <41423>;2421,625
2018;Schärding <41422>;5223,125
2018;Sigharting <41424>;837,375
2018;Suben <41425>;1465,75
2018;Taufkirchen an der Pram <41426>;2913,125
2018;Vichtenstein <41427>;616,5
2018;Waldkirchen am Wesen <41428>;1186,25
2018;Wernstein am Inn <41429>;1553,75
2018;Zell an der Pram <41430>;2020,25
2018;Adlwang <41501>;1841,75
2018;Aschach an der Steyr <41502>;2266,875
2018;Bad Hall <41503>;5338,125
2018;Dietach <41504>;3231,75
2018;Gaflenz <41505>;1954,75
2018;Garsten <41506>;6687,125
2018;Großraming <41507>;2693,25
2018;Laussa <41508>;1238,75
2018;Losenstein <41509>;1604,875
2018;Maria Neustift <41510>;1604,875
2018;Pfarrkirchen bei Bad Hall <41511>;2262,25
2018;Reichraming <41512>;1728,625
2018;Rohr im Kremstal <41513>;1387
2018;St. Ulrich bei Steyr <41514>;2992,875
2018;Schiedlberg <41515>;1218,25
2018;Sierning <41516>;9354,5
2018;Ternberg <41517>;3377,125
2018;Waldneukirchen <41518>;2215,25
2018;Weyer <41522>;4223,125
2018;Weyer Land ^<41519>;-
2018;Weyer Markt ^<41520>;-
2018;Wolfern <41521>;3171
2018;Alberndorf in der Riedmark <41601>;4115,375
2018;Altenberg bei Linz <41602>;4559
2018;Bad Leonfelden <41603>;4212,875
2018;Eidenberg <41604>;2097,25
2018;Engerwitzdorf <41605>;8829,875
2018;Feldkirchen an der Donau <41606>;5372,125
2018;Gallneukirchen <41607>;6474,375
2018;Goldwörth <41608>;829,125
2018;Gramastetten <41609>;5116,75
2018;Haibach im Mühlkreis <41610>;913,125
2018;Hellmonsödt <41611>;2329,5
2018;Herzogsdorf <41612>;2529,625
2018;Kirchschlag bei Linz <41613>;2154,25
2018;Lichtenberg <41614>;2652,5
2018;Oberneukirchen <41615>;3195,125
2018;Ottenschlag im Mühlkreis <41616>;539,375
2018;Ottensheim <41617>;4757,25
2018;Puchenau <41618>;4453,25
2018;Reichenau im Mühlkreis <41619>;1317,125
2018;Reichenthal <41620>;1513,5
2018;St. Gotthard im Mühlkreis <41621>;1320,75
2018;Schenkenfelden <41622>;1581,75
2018;Sonnberg im Mühlkreis <41623>;976,375
2018;Steyregg <41624>;4879,375
2018;Vorderweißenbach ^<41625>;-
2018;Vorderweißenbach <41628>;2648,625
2018;Walding <41626>;4110,125
2018;Zwettl an der Rodl <41627>;1758,125
2018;Ampflwang im Hausruckwald <41701>;3378
2018;Attersee am Attersee <41702>;1592
2018;Attnang-Puchheim <41703>;8994
2018;Atzbach <41704>;1202,875
2018;Aurach am Hongar <41705>;1723,75
2018;Berg im Attergau <41706>;1049,625
2018;Desselbrunn <41707>;1836
2018;Fornach <41708>;979,875
2018;Frankenburg am Hausruck <41709>;4858,375
2018;Frankenmarkt <41710>;3660,375
2018;Gampern <41711>;2944,25
2018;Innerschwand am Mondsee <41712>;1169,375
2018;Lenzing an der Ager <41713>;5093
2018;Manning <41714>;799,875
2018;Mondsee <41715>;3752,625
2018;Neukirchen an der Vöckla <41716>;2587,25
2018;Niederthalheim <41717>;1120,5
2018;Nußdorf am Attersee <41718>;1127
2018;Oberhofen am Irrsee <41719>;1655,5
2018;Oberndorf bei Schwanenstadt <41720>;1396,625
2018;Oberwang <41721>;1729,5
2018;Ottnang am Hausruck <41722>;3968,5
2018;Pfaffing <41723>;1478,375
2018;Pilsbach <41724>;623
2018;Pitzenberg <41725>;525,625
2018;Pöndorf <41726>;2395,5
2018;Puchkirchen am Trattberg <41727>;1064,75
2018;Pühret <41728>;612,375
2018;Redleiten <41729>;535,125
2018;Redlham <41730>;1566,375
2018;Regau <41731>;6735,5
2018;Rüstorf <41732>;2096,375
2018;Rutzenham <41733>;301,5
2018;St. Georgen im Attergau <41734>;4406,125
2018;St. Lorenz <41735>;2499,875
2018;Schlatt <41736>;1385,375
2018;Schörfling am Attersee <41737>;3452,375
2018;Schwanenstadt <41738>;4342,75
2018;Seewalchen am Attersee <41739>;5539,25
2018;Steinbach am Attersee <41740>;870,25
2018;Straß im Attergau <41741>;1482,375
2018;Tiefgraben <41742>;3975,125
2018;Timelkam <41743>;5710
2018;Ungenach <41744>;1488,25
2018;Unterach am Attersee <41745>;1461,75
2018;Vöcklabruck <41746>;12327,375
2018;Vöcklamarkt <41747>;4937,75
2018;Weißenkirchen im Attergau <41748>;965,5
2018;Weyregg am Attersee <41749>;1589,375
2018;Wolfsegg am Hausruck <41750>;1984
2018;Zell am Moos <41751>;1593,375
2018;Zell am Pettenfirst <41752>;1239,625
2018;Aichkirchen <41801>;584,75
2018;Bachmanning <41802>;710,875
2018;Bad Wimsbach-Neydharting <41803>;2545,625
2018;Buchkirchen <41804>;4062,375
2018;Eberstalzell <41805>;2642,5
2018;Edt bei Lambach <41806>;2220
2018;Fischlham <41807>;1337,875
2018;Gunskirchen <41808>;6097,875
2018;Holzhausen <41809>;1015,5
2018;Krenglbach <41810>;3170,625
2018;Lambach <41811>;3467
2018;Marchtrenk <41812>;13659,625
2018;Neukirchen bei Lambach <41813>;925,125
2018;Offenhausen <41814>;1668,375
2018;Pennewang <41815>;898
2018;Pichl bei Wels <41816>;2909,125
2018;Sattledt <41817>;2678,75
2018;Schleißheim <41818>;1397,875
2018;Sipbachzell <41819>;1991,25
2018;Stadl-Paura <41820>;5041,25
2018;Steinerkirchen an der Traun <41821>;2382,25
2018;Steinhaus <41822>;2215,625
2018;Thalheim bei Wels <41823>;5493,25
2018;Weißkirchen an der Traun <41824>;3431,75
2019;Linz <40101>;206125,375
2019;Steyr <40201>;38124,625
2019;Wels <40301>;62101,625
2019;Alkoven <40501>;6028,375
2019;Aschach an der Donau <40502>;2194
2019;Eferding <40503>;4189,25
2019;Fraham <40504>;2402
2019;Haibach ob der Donau <40505>;1301,625
2019;Hartkirchen <40506>;4062,25
2019;Hinzenbach <40507>;2051,625
2019;Prambachkirchen <40508>;2919,375
2019;Pupping <40509>;1803,125
2019;St. Marienkirchen an der Polsenz <40510>;2327,375
2019;Scharten <40511>;2258,5
2019;Stroheim <40512>;1603
2019;Bad Zell <40627>;2896,75
2019;Freistadt <40601>;7956,375
2019;Grünbach <40602>;1930,875
2019;Gutau <40603>;2707,125
2019;Hagenberg im Mühlkreis <40604>;2750,125
2019;Hirschbach im Mühlkreis <40605>;1187,5
2019;Kaltenberg <40606>;618,75
2019;Kefermarkt <40607>;2133,25
2019;Königswiesen <40608>;3086,75
2019;Lasberg <40609>;2819
2019;Leopoldschlag <40610>;1017,75
2019;Liebenau <40611>;1572,5
2019;Neumarkt im Mühlkreis <40612>;3161,75
2019;Pierbach <40613>;1025,125
2019;Pregarten <40614>;5467
2019;Rainbach im Mühlkreis <40615>;2981
2019;Sandl <40616>;1391,625
2019;St. Leonhard bei Freistadt <40617>;1384
2019;St. Oswald bei Freistadt <40618>;2901,5
2019;Schönau im Mühlkreis <40619>;1948,125
2019;Tragwein <40620>;3112,375
2019;Unterweißenbach <40621>;2173,875
2019;Unterweitersdorf <40622>;2175,5
2019;Waldburg <40623>;1398
2019;Wartberg ob der Aist <40624>;4294
2019;Weitersfelden <40625>;1050,5
2019;Windhaag bei Freistadt <40626>;1571,625
2019;Altmünster <40701>;9821,5
2019;Bad Goisern am Hallstättersee <40702>;7561,625
2019;Bad Ischl <40703>;14103
2019;Ebensee am Traunsee <40704>;7682,625
2019;Gmunden <40705>;13186,125
2019;Gosau <40706>;1798,375
2019;Grünau im Almtal <40707>;2054,5
2019;Gschwandt <40708>;2794,5
2019;Hallstatt <40709>;755
2019;Kirchham <40710>;2178,375
2019;Laakirchen <40711>;9848,75
2019;Obertraun <40712>;746,25
2019;Ohlsdorf <40713>;5232
2019;Pinsdorf <40714>;4032,75
2019;Roitham am Traunfall <40715>;1990,75
2019;St. Konrad <40716>;1131,5
2019;St. Wolfgang im Salzkammergut <40717>;2768,875
2019;Scharnstein <40719>;4875,875
2019;Traunkirchen <40718>;1647,5
2019;Vorchdorf <40720>;7543,875
2019;Aistersheim <40801>;912,375
2019;Bad Schallerbach <40802>;4229,125
2019;Bruck-Waasen ^<40803>;-
2019;Eschenau im Hausruckkreis <40804>;1063,5
2019;Gallspach <40805>;2759,125
2019;Gaspoltshofen <40806>;3590,5
2019;Geboltskirchen <40807>;1450,375
2019;Grieskirchen <40808>;4969
2019;Haag am Hausruck <40809>;2211,125
2019;Heiligenberg <40810>;699
2019;Hofkirchen an der Trattnach <40811>;1651,75
2019;Kallham <40812>;2486,125
2019;Kematen am Innbach <40813>;1426,625
2019;Meggenhofen <40814>;1529,625
2019;Michaelnbach <40815>;1266,25
2019;Natternbach <40816>;2291,25
2019;Neukirchen am Walde <40817>;1631,875
2019;Neumarkt im Hausruckkreis <40818>;1442,75
2019;Peuerbach ^<40819>;-
2019;Peuerbach <40835>;4630,875
2019;Pollham <40821>;970,75
2019;Pötting <40820>;539,375
2019;Pram <40822>;1644,75
2019;Rottenbach <40823>;1099,375
2019;St. Agatha <40824>;2121,625
2019;St. Georgen bei Grieskirchen <40825>;1339
2019;St. Thomas <40826>;549,375
2019;Schlüßlberg <40827>;3047,25
2019;Steegen <40828>;1065,125
2019;Taufkirchen an der Trattnach <40829>;1966,875
2019;Tollet <40830>;922,125
2019;Waizenkirchen <40831>;3720,75
2019;Wallern an der Trattnach <40832>;3040,125
2019;Weibern <40833>;1699,125
2019;Wendling <40834>;851,625
2019;Edlbach <40901>;652,75
2019;Grünburg <40902>;3850,75
2019;Hinterstoder <40903>;897,625
2019;Inzersdorf im Kremstal <40904>;1886,25
2019;Kirchdorf an der Krems <40905>;4521
2019;Klaus an der Pyhrnbahn <40906>;1044
2019;Kremsmünster <40907>;6619,375
2019;Micheldorf in Oberösterreich <40908>;5885,75
2019;Molln <40909>;3642,125
2019;Nußbach <40910>;2301
2019;Oberschlierbach <40911>;491,375
2019;Pettenbach <40912>;5322,25
2019;Ried im Traunkreis <40913>;2749,875
2019;Rosenau am Hengstpaß <40914>;654,875
2019;Roßleithen <40915>;1910,25
2019;St. Pankraz <40916>;362,25
2019;Schlierbach <40917>;2866,125
2019;Spital am Pyhrn <40918>;2241,375
2019;Steinbach am Ziehberg <40919>;843,125
2019;Steinbach an der Steyr <40920>;1981,375
2019;Vorderstoder <40921>;820,5
2019;Wartberg an der Krems <40922>;2995,375
2019;Windischgarsten <40923>;2416,75
2019;Allhaming <41001>;1176,375
2019;Ansfelden <41002>;16837,25
2019;Asten <41003>;6724,75
2019;Eggendorf im Traunkreis <41004>;997,875
2019;Enns <41005>;11996,625
2019;Hargelsberg <41006>;1388,875
2019;Hofkirchen im Traunkreis <41008>;1932,75
2019;Hörsching <41007>;6164,375
2019;Kematen an der Krems <41009>;2867,25
2019;Kirchberg-Thening <41010>;2422,375
2019;Kronstorf <41011>;3531,75
2019;Leonding <41012>;28862,5
2019;Neuhofen an der Krems <41014>;6602
2019;Niederneukirchen <41015>;2097
2019;Oftering <41016>;2111,875
2019;Pasching <41017>;7617,5
2019;Piberbach <41018>;1878,875
2019;Pucking <41019>;3993,5
2019;St. Florian <41013>;6170,25
2019;St. Marien <41020>;4793,875
2019;Traun <41021>;24682
2019;Wilhering <41022>;5939,125
2019;Allerheiligen im Mühlkreis <41101>;1276,875
2019;Arbing <41102>;1491,125
2019;Bad Kreuzen <41108>;2244
2019;Baumgartenberg <41103>;1772,375
2019;Dimbach <41104>;976,25
2019;Grein <41105>;2896,75
2019;Katsdorf <41106>;3169,25
2019;Klam <41107>;937
2019;Langenstein <41109>;2529,625
2019;Luftenberg an der Donau <41110>;4248
2019;Mauthausen <41111>;4917,75
2019;Mitterkirchen im Machland <41112>;1716
2019;Münzbach <41113>;1817,375
2019;Naarn im Machlande <41114>;3717,125
2019;Pabneukirchen <41115>;1701,75
2019;Perg <41116>;8742,375
2019;Rechberg <41117>;1003,25
2019;Ried in der Riedmark <41118>;4285
2019;St. Georgen am Walde <41119>;1959,5
2019;St. Georgen an der Gusen <41120>;4227,625
2019;St. Nikola an der Donau <41121>;769,125
2019;St. Thomas am Blasenstein <41122>;911,375
2019;Saxen <41123>;1765
2019;Schwertberg <41124>;5289,5
2019;Waldhausen im Strudengau <41125>;2875,625
2019;Windhaag bei Perg <41126>;1498,5
2019;Andrichsfurt <41201>;773,75
2019;Antiesenhofen <41202>;1102,875
2019;Aurolzmünster <41203>;3052,75
2019;Eberschwang <41204>;3436
2019;Eitzing <41205>;829,5
2019;Geiersberg <41206>;508,875
2019;Geinberg <41207>;1398
2019;Gurten <41208>;1195,75
2019;Hohenzell <41209>;2265,75
2019;Kirchdorf am Inn <41210>;648,875
2019;Kirchheim im Innkreis <41211>;727,25
2019;Lambrechten <41212>;1329,25
2019;Lohnsburg am Kobernaußerwald <41213>;2240,5
2019;Mehrnbach <41214>;2358,5
2019;Mettmach <41215>;2345,375
2019;Mörschwang <41216>;340,75
2019;Mühlheim am Inn <41217>;663,875
2019;Neuhofen im Innkreis <41218>;2449
2019;Obernberg am Inn <41219>;1644,25
2019;Ort im Innkreis <41220>;1273,125
2019;Pattigham <41221>;977,5
2019;Peterskirchen <41222>;701,875
2019;Pramet <41223>;1018,125
2019;Reichersberg <41224>;1543,125
2019;Ried im Innkreis <41225>;12150,625
2019;St. Georgen bei Obernberg am Inn <41226>;567,5
2019;St. Marienkirchen am Hausruck <41227>;873,375
2019;St. Martin im Innkreis <41228>;2062,5
2019;Schildorn <41229>;1217
2019;Senftenbach <41230>;778,875
2019;Taiskirchen im Innkreis <41231>;2404,875
2019;Tumeltsham <41232>;1603,125
2019;Utzenaich <41233>;1559
2019;Waldzell <41234>;2203
2019;Weilbach <41235>;621,5
2019;Wippenham <41236>;572,75
2019;Afiesl ^<41301>;-
2019;Ahorn ^<41302>;-
2019;Aigen im Mühlkreis ^<41303>;-
2019;Aigen-Schlägl <41343>;3227,375
2019;Altenfelden <41304>;2247
2019;Arnreit <41305>;1144
2019;Atzesberg <41306>;440,375
2019;Auberg <41307>;553,5
2019;Berg bei Rohrbach ^<41308>;-
2019;Haslach an der Mühl <41309>;2553
2019;Helfenberg ^<41310>;-
2019;Helfenberg <41345>;1565,875
2019;Hofkirchen im Mühlkreis <41312>;1510,125
2019;Hörbich <41311>;401,25
2019;Julbach <41313>;1554,25
2019;Kirchberg ob der Donau <41314>;1046,25
2019;Klaffer am Hochficht <41315>;1301,25
2019;Kleinzell im Mühlkreis <41316>;1611,5
2019;Kollerschlag <41317>;1511
2019;Lembach im Mühlkreis <41318>;1532,375
2019;Lichtenau im Mühlkreis <41319>;483,5
2019;Nebelberg <41320>;637,75
2019;Neufelden <41321>;1272
2019;Neustift im Mühlkreis <41329>;1463,5
2019;Niederkappel <41322>;987,5
2019;Niederwaldkirchen <41323>;1837
2019;Oberkappel <41324>;721,5
2019;Oepping <41325>;1524,75
2019;Peilstein im Mühlviertel <41326>;1539,75
2019;Pfarrkirchen im Mühlkreis <41327>;1459,5
2019;Putzleinsdorf <41328>;1539,375
2019;Rohrbach in Oberösterreich ^<41330>;-
2019;Rohrbach-Berg <41344>;5192,125
2019;St. Johann am Wimberg <41331>;1011,25
2019;St. Martin im Mühlkreis <41332>;3779
2019;St. Oswald bei Haslach <41333>;492,875
2019;St. Peter am Wimberg <41334>;1756,5
2019;St. Stefan-Afiesl <41346>;1103,25
2019;St. Ulrich im Mühlkreis <41336>;640,875
2019;St. Veit im Mühlkreis <41337>;1227,5
2019;Sankt Stefan am Walde ^<41335>;-
2019;Sarleinsbach <41338>;2274,25
2019;Schlägl ^<41339>;-
2019;Schönegg ^<41340>;-
2019;Schwarzenberg am Böhmerwald <41341>;570,625
2019;Ulrichsberg <41342>;2829,875
2019;Altschwendt <41401>;697,625
2019;Andorf <41402>;5189,125
2019;Brunnenthal <41403>;2079,125
2019;Diersbach <41404>;1581,125
2019;Dorf an der Pram <41405>;1051,125
2019;Eggerding <41406>;1324,5
2019;Engelhartszell <41407>;927,25
2019;Enzenkirchen <41408>;1780,5
2019;Esternberg <41409>;2857,125
2019;Freinberg <41410>;1447,375
2019;Kopfing im Innkreis <41411>;1987,125
2019;Mayrhof <41412>;326,25
2019;Münzkirchen <41413>;2557,25
2019;Raab <41414>;2277,75
2019;Rainbach im Innkreis <41415>;1483,125
2019;Riedau <41416>;2074
2019;St. Aegidi <41417>;1548,375
2019;St. Florian am Inn <41418>;3160,125
2019;St. Marienkirchen bei Schärding <41419>;1890,5
2019;St. Roman <41420>;1720,25
2019;St. Willibald <41421>;1100,125
2019;Schardenberg <41423>;2438,25
2019;Schärding <41422>;5230,875
2019;Sigharting <41424>;827,375
2019;Suben <41425>;1525,25
2019;Taufkirchen an der Pram <41426>;2914,625
2019;Vichtenstein <41427>;614,75
2019;Waldkirchen am Wesen <41428>;1185,25
2019;Wernstein am Inn <41429>;1532,5
2019;Zell an der Pram <41430>;2011,375
2019;Adlwang <41501>;1877,5
2019;Aschach an der Steyr <41502>;2301,875
2019;Bad Hall <41503>;5412,875
2019;Dietach <41504>;3246,25
2019;Gaflenz <41505>;1941,625
2019;Garsten <41506>;6620
2019;Großraming <41507>;2677,375
2019;Laussa <41508>;1237,375
2019;Losenstein <41509>;1617,75
2019;Maria Neustift <41510>;1607,625
2019;Pfarrkirchen bei Bad Hall <41511>;2300,875
2019;Reichraming <41512>;1712,875
2019;Rohr im Kremstal <41513>;1409,75
2019;St. Ulrich bei Steyr <41514>;3039,125
2019;Schiedlberg <41515>;1235,875
2019;Sierning <41516>;9366,5
2019;Ternberg <41517>;3397,875
2019;Waldneukirchen <41518>;2217,25
2019;Weyer <41522>;4174
2019;Weyer Land ^<41519>;-
2019;Weyer Markt ^<41520>;-
2019;Wolfern <41521>;3159,625
2019;Alberndorf in der Riedmark <41601>;4160,5
2019;Altenberg bei Linz <41602>;4630,875
2019;Bad Leonfelden <41603>;4244,875
2019;Eidenberg <41604>;2106,875
2019;Engerwitzdorf <41605>;8807,375
2019;Feldkirchen an der Donau <41606>;5375,125
2019;Gallneukirchen <41607>;6539,25
2019;Goldwörth <41608>;826,5
2019;Gramastetten <41609>;5129,25
2019;Haibach im Mühlkreis <41610>;922,5
2019;Hellmonsödt <41611>;2336,5
2019;Herzogsdorf <41612>;2619,5
2019;Kirchschlag bei Linz <41613>;2201,125
2019;Lichtenberg <41614>;2691,875
2019;Oberneukirchen <41615>;3189,375
2019;Ottenschlag im Mühlkreis <41616>;552,625
2019;Ottensheim <41617>;4748,375
2019;Puchenau <41618>;4451,75
2019;Reichenau im Mühlkreis <41619>;1324,375
2019;Reichenthal <41620>;1512,75
2019;St. Gotthard im Mühlkreis <41621>;1301,75
2019;Schenkenfelden <41622>;1575,5
2019;Sonnberg im Mühlkreis <41623>;1007,25
2019;Steyregg <41624>;4912,25
2019;Vorderweißenbach ^<41625>;-
2019;Vorderweißenbach <41628>;2666,5
2019;Walding <41626>;4152
2019;Zwettl an der Rodl <41627>;1755,875
2019;Ampflwang im Hausruckwald <41701>;3381
2019;Attersee am Attersee <41702>;1580,625
2019;Attnang-Puchheim <41703>;9082
2019;Atzbach <41704>;1215,5
2019;Aurach am Hongar <41705>;1724,625
2019;Berg im Attergau <41706>;1063,375
2019;Desselbrunn <41707>;1845,75
2019;Fornach <41708>;977,75
2019;Frankenburg am Hausruck <41709>;4898,625
2019;Frankenmarkt <41710>;3683,125
2019;Gampern <41711>;2981,625
2019;Innerschwand am Mondsee <41712>;1173,125
2019;Lenzing an der Ager <41713>;5200,5
2019;Manning <41714>;791,875
2019;Mondsee <41715>;3818,625
2019;Neukirchen an der Vöckla <41716>;2617,125
2019;Niederthalheim <41717>;1105,375
2019;Nußdorf am Attersee <41718>;1147,125
2019;Oberhofen am Irrsee <41719>;1674,25
2019;Oberndorf bei Schwanenstadt <41720>;1384,125
2019;Oberwang <41721>;1742,875
2019;Ottnang am Hausruck <41722>;3923,125
2019;Pfaffing <41723>;1473
2019;Pilsbach <41724>;623,625
2019;Pitzenberg <41725>;542,125
2019;Pöndorf <41726>;2408,25
2019;Puchkirchen am Trattberg <41727>;1069,625
2019;Pühret <41728>;622,375
2019;Redleiten <41729>;536,625
2019;Redlham <41730>;1614,375
2019;Regau <41731>;6702,125
2019;Rüstorf <41732>;2137,625
2019;Rutzenham <41733>;297,375
2019;St. Georgen im Attergau <41734>;4428,875
2019;St. Lorenz <41735>;2512,875
2019;Schlatt <41736>;1382,375
2019;Schörfling am Attersee <41737>;3464,875
2019;Schwanenstadt <41738>;4375,125
2019;Seewalchen am Attersee <41739>;5667
2019;Steinbach am Attersee <41740>;883,625
2019;Straß im Attergau <41741>;1489,125
2019;Tiefgraben <41742>;4012,625
2019;Timelkam <41743>;5737,5
2019;Ungenach <41744>;1489,5
2019;Unterach am Attersee <41745>;1492,375
2019;Vöcklabruck <41746>;12372,75
2019;Vöcklamarkt <41747>;5037,5
2019;Weißenkirchen im Attergau <41748>;971,75
2019;Weyregg am Attersee <41749>;1570,125
2019;Wolfsegg am Hausruck <41750>;1989,125
2019;Zell am Moos <41751>;1612,5
2019;Zell am Pettenfirst <41752>;1258,125
2019;Aichkirchen <41801>;596,25
2019;Bachmanning <41802>;728
2019;Bad Wimsbach-Neydharting <41803>;2588,125
2019;Buchkirchen <41804>;4066,5
2019;Eberstalzell <41805>;2691,125
2019;Edt bei Lambach <41806>;2256
2019;Fischlham <41807>;1348,875
2019;Gunskirchen <41808>;6198,25
2019;Holzhausen <41809>;1025,625
2019;Krenglbach <41810>;3177,625
2019;Lambach <41811>;3553,5
2019;Marchtrenk <41812>;13960
2019;Neukirchen bei Lambach <41813>;927,875
2019;Offenhausen <41814>;1701,25
2019;Pennewang <41815>;916,875
2019;Pichl bei Wels <41816>;2914,125
2019;Sattledt <41817>;2717,75
2019;Schleißheim <41818>;1415,875
2019;Sipbachzell <41819>;2067,875
2019;Stadl-Paura <41820>;5027
2019;Steinerkirchen an der Traun <41821>;2388,875
2019;Steinhaus <41822>;2244,75
2019;Thalheim bei Wels <41823>;5534,5
2019;Weißkirchen an der Traun <41824>;3426
2020;Linz <40101>;206583,5
2020;Steyr <40201>;38030,25
2020;Wels <40301>;62581,5
2020;Alkoven <40501>;6003,25
2020;Aschach an der Donau <40502>;2185
2020;Eferding <40503>;4275,625
2020;Fraham <40504>;2428,375
2020;Haibach ob der Donau <40505>;1283,75
2020;Hartkirchen <40506>;4064,625
2020;Hinzenbach <40507>;2075,75
2020;Prambachkirchen <40508>;2948,375
2020;Pupping <40509>;1807,125
2020;St. Marienkirchen an der Polsenz <40510>;2321,625
2020;Scharten <40511>;2279,625
2020;Stroheim <40512>;1619,625
2020;Bad Zell <40627>;2909,125
2020;Freistadt <40601>;7979,5
2020;Grünbach <40602>;1943,75
2020;Gutau <40603>;2740,625
2020;Hagenberg im Mühlkreis <40604>;2782,125
2020;Hirschbach im Mühlkreis <40605>;1178,625
2020;Kaltenberg <40606>;611,75
2020;Kefermarkt <40607>;2148,75
2020;Königswiesen <40608>;3080,625
2020;Lasberg <40609>;2840,25
2020;Leopoldschlag <40610>;992,125
2020;Liebenau <40611>;1566,5
2020;Neumarkt im Mühlkreis <40612>;3163,375
2020;Pierbach <40613>;1020,5
2020;Pregarten <40614>;5540,5
2020;Rainbach im Mühlkreis <40615>;2975,25
2020;Sandl <40616>;1386,375
2020;St. Leonhard bei Freistadt <40617>;1360,75
2020;St. Oswald bei Freistadt <40618>;2878,75
2020;Schönau im Mühlkreis <40619>;1956,125
2020;Tragwein <40620>;3129,375
2020;Unterweißenbach <40621>;2160,75
2020;Unterweitersdorf <40622>;2187,375
2020;Waldburg <40623>;1407,25
2020;Wartberg ob der Aist <40624>;4333,625
2020;Weitersfelden <40625>;1056,75
2020;Windhaag bei Freistadt <40626>;1573,625
2020;Altmünster <40701>;9861,125
2020;Bad Goisern am Hallstättersee <40702>;7553,25
2020;Bad Ischl <40703>;14093,125
2020;Ebensee am Traunsee <40704>;7633,5
2020;Gmunden <40705>;13217,75
2020;Gosau <40706>;1806
2020;Grünau im Almtal <40707>;2054,125
2020;Gschwandt <40708>;2847,25
2020;Hallstatt <40709>;750,75
2020;Kirchham <40710>;2214,5
2020;Laakirchen <40711>;9803
2020;Obertraun <40712>;748
2020;Ohlsdorf <40713>;5239,625
2020;Pinsdorf <40714>;4044,75
2020;Roitham am Traunfall <40715>;2016,875
2020;St. Konrad <40716>;1152,5
2020;St. Wolfgang im Salzkammergut <40717>;2820,125
2020;Scharnstein <40719>;4913
2020;Traunkirchen <40718>;1642,875
2020;Vorchdorf <40720>;7564
2020;Aistersheim <40801>;934,25
2020;Bad Schallerbach <40802>;4229,375
2020;Bruck-Waasen ^<40803>;-
2020;Eschenau im Hausruckkreis <40804>;1056,5
2020;Gallspach <40805>;2805,75
2020;Gaspoltshofen <40806>;3592,125
2020;Geboltskirchen <40807>;1440,875
2020;Grieskirchen <40808>;4980,375
2020;Haag am Hausruck <40809>;2209,25
2020;Heiligenberg <40810>;703,75
2020;Hofkirchen an der Trattnach <40811>;1651,875
2020;Kallham <40812>;2504,75
2020;Kematen am Innbach <40813>;1432,25
2020;Meggenhofen <40814>;1554,875
2020;Michaelnbach <40815>;1260,625
2020;Natternbach <40816>;2293,125
2020;Neukirchen am Walde <40817>;1638,75
2020;Neumarkt im Hausruckkreis <40818>;1459,5
2020;Peuerbach ^<40819>;-
2020;Peuerbach <40835>;4657,875
2020;Pollham <40821>;971,125
2020;Pötting <40820>;536
2020;Pram <40822>;1649
2020;Rottenbach <40823>;1096,25
2020;St. Agatha <40824>;2130
2020;St. Georgen bei Grieskirchen <40825>;1353
2020;St. Thomas <40826>;554,75
2020;Schlüßlberg <40827>;3037,625
2020;Steegen <40828>;1071,75
2020;Taufkirchen an der Trattnach <40829>;1949
2020;Tollet <40830>;925,125
2020;Waizenkirchen <40831>;3718,625
2020;Wallern an der Trattnach <40832>;3079,5
2020;Weibern <40833>;1702,125
2020;Wendling <40834>;858,75
2020;Edlbach <40901>;639
2020;Grünburg <40902>;3850,25
2020;Hinterstoder <40903>;901,875
2020;Inzersdorf im Kremstal <40904>;1882,25
2020;Kirchdorf an der Krems <40905>;4586,875
2020;Klaus an der Pyhrnbahn <40906>;1061,5
2020;Kremsmünster <40907>;6679,125
2020;Micheldorf in Oberösterreich <40908>;5904,125
2020;Molln <40909>;3642,5
2020;Nußbach <40910>;2300,375
2020;Oberschlierbach <40911>;489,25
2020;Pettenbach <40912>;5338,875
2020;Ried im Traunkreis <40913>;2807,5
2020;Rosenau am Hengstpaß <40914>;653,25
2020;Roßleithen <40915>;1913,625
2020;St. Pankraz <40916>;353,125
2020;Schlierbach <40917>;2873
2020;Spital am Pyhrn <40918>;2246,25
2020;Steinbach am Ziehberg <40919>;857,5
2020;Steinbach an der Steyr <40920>;1973,375
2020;Vorderstoder <40921>;819,625
2020;Wartberg an der Krems <40922>;2975,75
2020;Windischgarsten <40923>;2371,5
2020;Allhaming <41001>;1196,125
2020;Ansfelden <41002>;17253,875
2020;Asten <41003>;6783,375
2020;Eggendorf im Traunkreis <41004>;1068,375
2020;Enns <41005>;11911,5
2020;Hargelsberg <41006>;1412,375
2020;Hofkirchen im Traunkreis <41008>;1950,75
2020;Hörsching <41007>;6244,375
2020;Kematen an der Krems <41009>;2951,75
2020;Kirchberg-Thening <41010>;2457,5
2020;Kronstorf <41011>;3543
2020;Leonding <41012>;28998,625
2020;Neuhofen an der Krems <41014>;6665,625
2020;Niederneukirchen <41015>;2103,625
2020;Oftering <41016>;2123,75
2020;Pasching <41017>;7647,875
2020;Piberbach <41018>;1866,75
2020;Pucking <41019>;4016,375
2020;St. Florian <41013>;6174,375
2020;St. Marien <41020>;4846,875
2020;Traun <41021>;24827,25
2020;Wilhering <41022>;5905,375
2020;Allerheiligen im Mühlkreis <41101>;1270,75
2020;Arbing <41102>;1516,5
2020;Bad Kreuzen <41108>;2312,625
2020;Baumgartenberg <41103>;1800,375
2020;Dimbach <41104>;960
2020;Grein <41105>;2906,375
2020;Katsdorf <41106>;3189,5
2020;Klam <41107>;945,875
2020;Langenstein <41109>;2510,875
2020;Luftenberg an der Donau <41110>;4335,375
2020;Mauthausen <41111>;4942,5
2020;Mitterkirchen im Machland <41112>;1715
2020;Münzbach <41113>;1814,875
2020;Naarn im Machlande <41114>;3732,125
2020;Pabneukirchen <41115>;1693,25
2020;Perg <41116>;8823,875
2020;Rechberg <41117>;1004,125
2020;Ried in der Riedmark <41118>;4314,25
2020;St. Georgen am Walde <41119>;1968,75
2020;St. Georgen an der Gusen <41120>;4316,25
2020;St. Nikola an der Donau <41121>;751,5
2020;St. Thomas am Blasenstein <41122>;910,25
2020;Saxen <41123>;1751,375
2020;Schwertberg <41124>;5320,125
2020;Waldhausen im Strudengau <41125>;2853,625
2020;Windhaag bei Perg <41126>;1501,75
2020;Andrichsfurt <41201>;783,5
2020;Antiesenhofen <41202>;1070,75
2020;Aurolzmünster <41203>;3095,875
2020;Eberschwang <41204>;3457,875
2020;Eitzing <41205>;872,875
2020;Geiersberg <41206>;506
2020;Geinberg <41207>;1417,5
2020;Gurten <41208>;1203,25
2020;Hohenzell <41209>;2282,125
2020;Kirchdorf am Inn <41210>;645,25
2020;Kirchheim im Innkreis <41211>;725,5
2020;Lambrechten <41212>;1334,25
2020;Lohnsburg am Kobernaußerwald <41213>;2219,125
2020;Mehrnbach <41214>;2354,375
2020;Mettmach <41215>;2367,25
2020;Mörschwang <41216>;343,625
2020;Mühlheim am Inn <41217>;661,875
2020;Neuhofen im Innkreis <41218>;2468,625
2020;Obernberg am Inn <41219>;1637,75
2020;Ort im Innkreis <41220>;1288,375
2020;Pattigham <41221>;1013,875
2020;Peterskirchen <41222>;688,125
2020;Pramet <41223>;1023,625
2020;Reichersberg <41224>;1582,25
2020;Ried im Innkreis <41225>;12232,875
2020;St. Georgen bei Obernberg am Inn <41226>;561,375
2020;St. Marienkirchen am Hausruck <41227>;888,125
2020;St. Martin im Innkreis <41228>;2093,875
2020;Schildorn <41229>;1206,375
2020;Senftenbach <41230>;784
2020;Taiskirchen im Innkreis <41231>;2412,625
2020;Tumeltsham <41232>;1595,25
2020;Utzenaich <41233>;1599,75
2020;Waldzell <41234>;2240,875
2020;Weilbach <41235>;623,625
2020;Wippenham <41236>;566,625
2020;Afiesl ^<41301>;-
2020;Ahorn ^<41302>;-
2020;Aigen im Mühlkreis ^<41303>;-
2020;Aigen-Schlägl <41343>;3236,25
2020;Altenfelden <41304>;2278,5
2020;Arnreit <41305>;1141,875
2020;Atzesberg <41306>;440,625
2020;Auberg <41307>;559,5
2020;Berg bei Rohrbach ^<41308>;-
2020;Haslach an der Mühl <41309>;2562
2020;Helfenberg ^<41310>;-
2020;Helfenberg <41345>;1535,75
2020;Hofkirchen im Mühlkreis <41312>;1515,625
2020;Hörbich <41311>;400,25
2020;Julbach <41313>;1553,25
2020;Kirchberg ob der Donau <41314>;1049,625
2020;Klaffer am Hochficht <41315>;1303,5
2020;Kleinzell im Mühlkreis <41316>;1665,75
2020;Kollerschlag <41317>;1525,5
2020;Lembach im Mühlkreis <41318>;1528,875
2020;Lichtenau im Mühlkreis <41319>;480
2020;Nebelberg <41320>;647,625
2020;Neufelden <41321>;1224,25
2020;Neustift im Mühlkreis <41329>;1450,75
2020;Niederkappel <41322>;976,375
2020;Niederwaldkirchen <41323>;1840,75
2020;Oberkappel <41324>;714,125
2020;Oepping <41325>;1540,25
2020;Peilstein im Mühlviertel <41326>;1539,375
2020;Pfarrkirchen im Mühlkreis <41327>;1434,5
2020;Putzleinsdorf <41328>;1540,5
2020;Rohrbach in Oberösterreich ^<41330>;-
2020;Rohrbach-Berg <41344>;5207,625
2020;St. Johann am Wimberg <41331>;992
2020;St. Martin im Mühlkreis <41332>;3769
2020;St. Oswald bei Haslach <41333>;501
2020;St. Peter am Wimberg <41334>;1742,5
2020;St. Stefan-Afiesl <41346>;1106,75
2020;St. Ulrich im Mühlkreis <41336>;661,75
2020;St. Veit im Mühlkreis <41337>;1256,125
2020;Sankt Stefan am Walde ^<41335>;-
2020;Sarleinsbach <41338>;2265,25
2020;Schlägl ^<41339>;-
2020;Schönegg ^<41340>;-
2020;Schwarzenberg am Böhmerwald <41341>;572,125
2020;Ulrichsberg <41342>;2856,75
2020;Altschwendt <41401>;701,625
2020;Andorf <41402>;5229,25
2020;Brunnenthal <41403>;2104,375
2020;Diersbach <41404>;1552,75
2020;Dorf an der Pram <41405>;1053,875
2020;Eggerding <41406>;1334,75
2020;Engelhartszell <41407>;919,375
2020;Enzenkirchen <41408>;1780,25
2020;Esternberg <41409>;2859,5
2020;Freinberg <41410>;1435,625
2020;Kopfing im Innkreis <41411>;1982,375
2020;Mayrhof <41412>;323,5
2020;Münzkirchen <41413>;2538,375
2020;Raab <41414>;2269,5
2020;Rainbach im Innkreis <41415>;1501,375
2020;Riedau <41416>;2075,75
2020;St. Aegidi <41417>;1545,75
2020;St. Florian am Inn <41418>;3154,25
2020;St. Marienkirchen bei Schärding <41419>;1919,625
2020;St. Roman <41420>;1738
2020;St. Willibald <41421>;1116,625
2020;Schardenberg <41423>;2459,25
2020;Schärding <41422>;5220,875
2020;Sigharting <41424>;827,25
2020;Suben <41425>;1549,125
2020;Taufkirchen an der Pram <41426>;2934,375
2020;Vichtenstein <41427>;614
2020;Waldkirchen am Wesen <41428>;1183,5
2020;Wernstein am Inn <41429>;1552
2020;Zell an der Pram <41430>;2002
2020;Adlwang <41501>;1922,25
2020;Aschach an der Steyr <41502>;2317,5
2020;Bad Hall <41503>;5535,75
2020;Dietach <41504>;3282,125
2020;Gaflenz <41505>;1925,125
2020;Garsten <41506>;6629,875
2020;Großraming <41507>;2670,5
2020;Laussa <41508>;1228,625
2020;Losenstein <41509>;1604,875
2020;Maria Neustift <41510>;1621,375
2020;Pfarrkirchen bei Bad Hall <41511>;2318,875
2020;Reichraming <41512>;1712,375
2020;Rohr im Kremstal <41513>;1425,625
2020;St. Ulrich bei Steyr <41514>;3058,125
2020;Schiedlberg <41515>;1266,125
2020;Sierning <41516>;9403,75
2020;Ternberg <41517>;3381,125
2020;Waldneukirchen <41518>;2231,5
2020;Weyer <41522>;4111,875
2020;Weyer Land ^<41519>;-
2020;Weyer Markt ^<41520>;-
2020;Wolfern <41521>;3166,5
2020;Alberndorf in der Riedmark <41601>;4190,75
2020;Altenberg bei Linz <41602>;4650,875
2020;Bad Leonfelden <41603>;4264,5
2020;Eidenberg <41604>;2122,125
2020;Engerwitzdorf <41605>;8857,375
2020;Feldkirchen an der Donau <41606>;5369,5
2020;Gallneukirchen <41607>;6585,25
2020;Goldwörth <41608>;803,75
2020;Gramastetten <41609>;5113
2020;Haibach im Mühlkreis <41610>;922,25
2020;Hellmonsödt <41611>;2340,25
2020;Herzogsdorf <41612>;2658,5
2020;Kirchschlag bei Linz <41613>;2209,75
2020;Lichtenberg <41614>;2769,125
2020;Oberneukirchen <41615>;3182,75
2020;Ottenschlag im Mühlkreis <41616>;563,875
2020;Ottensheim <41617>;4751,5
2020;Puchenau <41618>;4510
2020;Reichenau im Mühlkreis <41619>;1313
2020;Reichenthal <41620>;1498,5
2020;St. Gotthard im Mühlkreis <41621>;1305,875
2020;Schenkenfelden <41622>;1580,75
2020;Sonnberg im Mühlkreis <41623>;1034,875
2020;Steyregg <41624>;4924,75
2020;Vorderweißenbach ^<41625>;-
2020;Vorderweißenbach <41628>;2671,5
2020;Walding <41626>;4195,25
2020;Zwettl an der Rodl <41627>;1750,875
2020;Ampflwang im Hausruckwald <41701>;3387,5
2020;Attersee am Attersee <41702>;1616,25
2020;Attnang-Puchheim <41703>;9100,875
2020;Atzbach <41704>;1224,25
2020;Aurach am Hongar <41705>;1741
2020;Berg im Attergau <41706>;1072,75
2020;Desselbrunn <41707>;1867,625
2020;Fornach <41708>;974
2020;Frankenburg am Hausruck <41709>;4896,25
2020;Frankenmarkt <41710>;3727,125
2020;Gampern <41711>;2970,875
2020;Innerschwand am Mondsee <41712>;1187,5
2020;Lenzing an der Ager <41713>;5224,875
2020;Manning <41714>;788,25
2020;Mondsee <41715>;3875
2020;Neukirchen an der Vöckla <41716>;2621,5
2020;Niederthalheim <41717>;1108,5
2020;Nußdorf am Attersee <41718>;1143,5
2020;Oberhofen am Irrsee <41719>;1685
2020;Oberndorf bei Schwanenstadt <41720>;1357,5
2020;Oberwang <41721>;1737,625
2020;Ottnang am Hausruck <41722>;3909,5
2020;Pfaffing <41723>;1490,25
2020;Pilsbach <41724>;629,375
2020;Pitzenberg <41725>;550
2020;Pöndorf <41726>;2428,25
2020;Puchkirchen am Trattberg <41727>;1082,875
2020;Pühret <41728>;624,125
2020;Redleiten <41729>;531,5
2020;Redlham <41730>;1632,875
2020;Regau <41731>;6740,375
2020;Rüstorf <41732>;2179,25
2020;Rutzenham <41733>;298,125
2020;St. Georgen im Attergau <41734>;4471,625
2020;St. Lorenz <41735>;2531,25
2020;Schlatt <41736>;1407,125
2020;Schörfling am Attersee <41737>;3476,375
2020;Schwanenstadt <41738>;4464,125
2020;Seewalchen am Attersee <41739>;5682
2020;Steinbach am Attersee <41740>;897,375
2020;Straß im Attergau <41741>;1507,75
2020;Tiefgraben <41742>;4000
2020;Timelkam <41743>;5881
2020;Ungenach <41744>;1508,875
2020;Unterach am Attersee <41745>;1514,125
2020;Vöcklabruck <41746>;12438,625
2020;Vöcklamarkt <41747>;5097
2020;Weißenkirchen im Attergau <41748>;965
2020;Weyregg am Attersee <41749>;1558
2020;Wolfsegg am Hausruck <41750>;2013,875
2020;Zell am Moos <41751>;1625,875
2020;Zell am Pettenfirst <41752>;1238,25
2020;Aichkirchen <41801>;611,625
2020;Bachmanning <41802>;742,75
2020;Bad Wimsbach-Neydharting <41803>;2587,75
2020;Buchkirchen <41804>;4038,375
2020;Eberstalzell <41805>;2768,5
2020;Edt bei Lambach <41806>;2297
2020;Fischlham <41807>;1355,625
2020;Gunskirchen <41808>;6302,875
2020;Holzhausen <41809>;1024,75
2020;Krenglbach <41810>;3199,375
2020;Lambach <41811>;3587,5
2020;Marchtrenk <41812>;14185,5
2020;Neukirchen bei Lambach <41813>;949,125
2020;Offenhausen <41814>;1719
2020;Pennewang <41815>;938,875
2020;Pichl bei Wels <41816>;2904,625
2020;Sattledt <41817>;2701,5
2020;Schleißheim <41818>;1424,625
2020;Sipbachzell <41819>;2123,5
2020;Stadl-Paura <41820>;4983,625
2020;Steinerkirchen an der Traun <41821>;2409,625
2020;Steinhaus <41822>;2300,375
2020;Thalheim bei Wels <41823>;5553,25
2020;Weißkirchen an der Traun <41824>;3430,625
2021;Linz <40101>;206661,5
2021;Steyr <40201>;37899,125
2021;Wels <40301>;62919,625
2021;Alkoven <40501>;6100
2021;Aschach an der Donau <40502>;2202
2021;Eferding <40503>;4286,625
2021;Fraham <40504>;2460,5
2021;Haibach ob der Donau <40505>;1279,125
2021;Hartkirchen <40506>;4039
2021;Hinzenbach <40507>;2071,25
2021;Prambachkirchen <40508>;2974,375
2021;Pupping <40509>;1822,25
2021;St. Marienkirchen an der Polsenz <40510>;2328,5
2021;Scharten <40511>;2284
2021;Stroheim <40512>;1629,625
2021;Bad Zell <40627>;2954
2021;Freistadt <40601>;7960,875
2021;Grünbach <40602>;1897,625
2021;Gutau <40603>;2731,5
2021;Hagenberg im Mühlkreis <40604>;2796,625
2021;Hirschbach im Mühlkreis <40605>;1171,75
2021;Kaltenberg <40606>;609,875
2021;Kefermarkt <40607>;2167,5
2021;Königswiesen <40608>;3085,875
2021;Lasberg <40609>;2867,875
2021;Leopoldschlag <40610>;993
2021;Liebenau <40611>;1573,75
2021;Neumarkt im Mühlkreis <40612>;3157,375
2021;Pierbach <40613>;1022
2021;Pregarten <40614>;5566,375
2021;Rainbach im Mühlkreis <40615>;2968
2021;Sandl <40616>;1368,75
2021;St. Leonhard bei Freistadt <40617>;1352,5
2021;St. Oswald bei Freistadt <40618>;2915
2021;Schönau im Mühlkreis <40619>;1950,375
2021;Tragwein <40620>;3133,5
2021;Unterweißenbach <40621>;2147,625
2021;Unterweitersdorf <40622>;2173,625
2021;Waldburg <40623>;1415,875
2021;Wartberg ob der Aist <40624>;4378,5
2021;Weitersfelden <40625>;1058,125
2021;Windhaag bei Freistadt <40626>;1577,25
2021;Altmünster <40701>;9876
2021;Bad Goisern am Hallstättersee <40702>;7524,5
2021;Bad Ischl <40703>;14078,625
2021;Ebensee am Traunsee <40704>;7563,25
2021;Gmunden <40705>;13214,5
2021;Gosau <40706>;1824
2021;Grünau im Almtal <40707>;2045,75
2021;Gschwandt <40708>;2917,625
2021;Hallstatt <40709>;739,125
2021;Kirchham <40710>;2233,125
2021;Laakirchen <40711>;9765,375
2021;Obertraun <40712>;739,125
2021;Ohlsdorf <40713>;5273,125
2021;Pinsdorf <40714>;4131,375
2021;Roitham am Traunfall <40715>;2065,25
2021;St. Konrad <40716>;1158,25
2021;St. Wolfgang im Salzkammergut <40717>;2857,125
2021;Scharnstein <40719>;4948,875
2021;Traunkirchen <40718>;1670,625
2021;Vorchdorf <40720>;7586,5
2021;Aistersheim <40801>;958,125
2021;Bad Schallerbach <40802>;4262,875
2021;Bruck-Waasen ^<40803>;-
2021;Eschenau im Hausruckkreis <40804>;1047,75
2021;Gallspach <40805>;2831,125
2021;Gaspoltshofen <40806>;3603,5
2021;Geboltskirchen <40807>;1446,875
2021;Grieskirchen <40808>;4999,875
2021;Haag am Hausruck <40809>;2224,5
2021;Heiligenberg <40810>;699,125
2021;Hofkirchen an der Trattnach <40811>;1668,625
2021;Kallham <40812>;2477,25
2021;Kematen am Innbach <40813>;1428,5
2021;Meggenhofen <40814>;1570,625
2021;Michaelnbach <40815>;1267,875
2021;Natternbach <40816>;2295,5
2021;Neukirchen am Walde <40817>;1634,625
2021;Neumarkt im Hausruckkreis <40818>;1463,125
2021;Peuerbach ^<40819>;-
2021;Peuerbach <40835>;4673,625
2021;Pollham <40821>;970,625
2021;Pötting <40820>;544,125
2021;Pram <40822>;1706,125
2021;Rottenbach <40823>;1104,625
2021;St. Agatha <40824>;2143,375
2021;St. Georgen bei Grieskirchen <40825>;1336,75
2021;St. Thomas <40826>;574,125
2021;Schlüßlberg <40827>;3041,75
2021;Steegen <40828>;1082
2021;Taufkirchen an der Trattnach <40829>;1950,375
2021;Tollet <40830>;931,5
2021;Waizenkirchen <40831>;3758,5
2021;Wallern an der Trattnach <40832>;3086,875
2021;Weibern <40833>;1721,625
2021;Wendling <40834>;865,5
2021;Edlbach <40901>;636,625
2021;Grünburg <40902>;3844,125
2021;Hinterstoder <40903>;899,875
2021;Inzersdorf im Kremstal <40904>;1884,625
2021;Kirchdorf an der Krems <40905>;4684,875
2021;Klaus an der Pyhrnbahn <40906>;1069,875
2021;Kremsmünster <40907>;6686,25
2021;Micheldorf in Oberösterreich <40908>;5919,375
2021;Molln <40909>;3633,125
2021;Nußbach <40910>;2300,625
2021;Oberschlierbach <40911>;487,25
2021;Pettenbach <40912>;5367
2021;Ried im Traunkreis <40913>;2870,5
2021;Rosenau am Hengstpaß <40914>;658
2021;Roßleithen <40915>;1896,375
2021;St. Pankraz <40916>;357,875
2021;Schlierbach <40917>;2897,75
2021;Spital am Pyhrn <40918>;2237,5
2021;Steinbach am Ziehberg <40919>;863,875
2021;Steinbach an der Steyr <40920>;1973,875
2021;Vorderstoder <40921>;816,5
2021;Wartberg an der Krems <40922>;2979,5
2021;Windischgarsten <40923>;2386,875
2021;Allhaming <41001>;1239
2021;Ansfelden <41002>;17599,375
2021;Asten <41003>;6826,875
2021;Eggendorf im Traunkreis <41004>;1111
2021;Enns <41005>;11948,125
2021;Hargelsberg <41006>;1430,5
2021;Hofkirchen im Traunkreis <41008>;1987
2021;Hörsching <41007>;6320,25
2021;Kematen an der Krems <41009>;3030,5
2021;Kirchberg-Thening <41010>;2511,75
2021;Kronstorf <41011>;3555,875
2021;Leonding <41012>;28930,875
2021;Neuhofen an der Krems <41014>;6719,875
2021;Niederneukirchen <41015>;2114,125
2021;Oftering <41016>;2122,5
2021;Pasching <41017>;7705,125
2021;Piberbach <41018>;1875,25
2021;Pucking <41019>;4120
2021;St. Florian <41013>;6200,5
2021;St. Marien <41020>;4884,5
2021;Traun <41021>;24874
2021;Wilhering <41022>;5851,75
2021;Allerheiligen im Mühlkreis <41101>;1261,875
2021;Arbing <41102>;1534,5
2021;Bad Kreuzen <41108>;2306,625
2021;Baumgartenberg <41103>;1805,125
2021;Dimbach <41104>;967,75
2021;Grein <41105>;2913,25
2021;Katsdorf <41106>;3201
2021;Klam <41107>;952,75
2021;Langenstein <41109>;2515
2021;Luftenberg an der Donau <41110>;4372,25
2021;Mauthausen <41111>;4931,875
2021;Mitterkirchen im Machland <41112>;1745,625
2021;Münzbach <41113>;1843
2021;Naarn im Machlande <41114>;3722
2021;Pabneukirchen <41115>;1680,375
2021;Perg <41116>;8925,75
2021;Rechberg <41117>;1008,25
2021;Ried in der Riedmark <41118>;4312
2021;St. Georgen am Walde <41119>;1967,5
2021;St. Georgen an der Gusen <41120>;4424,875
2021;St. Nikola an der Donau <41121>;769,25
2021;St. Thomas am Blasenstein <41122>;920,125
2021;Saxen <41123>;1734
2021;Schwertberg <41124>;5330,5
2021;Waldhausen im Strudengau <41125>;2855,875
2021;Windhaag bei Perg <41126>;1523,125
2021;Andrichsfurt <41201>;791,125
2021;Antiesenhofen <41202>;1068,5
2021;Aurolzmünster <41203>;3103,875
2021;Eberschwang <41204>;3455,875
2021;Eitzing <41205>;872,875
2021;Geiersberg <41206>;500,25
2021;Geinberg <41207>;1432,75
2021;Gurten <41208>;1209,25
2021;Hohenzell <41209>;2280,75
2021;Kirchdorf am Inn <41210>;643,5
2021;Kirchheim im Innkreis <41211>;741,875
2021;Lambrechten <41212>;1306,875
2021;Lohnsburg am Kobernaußerwald <41213>;2211,375
2021;Mehrnbach <41214>;2346,875
2021;Mettmach <41215>;2380,875
2021;Mörschwang <41216>;340
2021;Mühlheim am Inn <41217>;665,5
2021;Neuhofen im Innkreis <41218>;2496,25
2021;Obernberg am Inn <41219>;1645,75
2021;Ort im Innkreis <41220>;1314,625
2021;Pattigham <41221>;1038,375
2021;Peterskirchen <41222>;672,125
2021;Pramet <41223>;1021,125
2021;Reichersberg <41224>;1587,125
2021;Ried im Innkreis <41225>;12320,625
2021;St. Georgen bei Obernberg am Inn <41226>;549,5
2021;St. Marienkirchen am Hausruck <41227>;905,375
2021;St. Martin im Innkreis <41228>;2119,375
2021;Schildorn <41229>;1209,5
2021;Senftenbach <41230>;790,875
2021;Taiskirchen im Innkreis <41231>;2404,125
2021;Tumeltsham <41232>;1579,5
2021;Utzenaich <41233>;1622,875
2021;Waldzell <41234>;2267,375
2021;Weilbach <41235>;616,75
2021;Wippenham <41236>;562,375
2021;Afiesl ^<41301>;-
2021;Ahorn ^<41302>;-
2021;Aigen im Mühlkreis ^<41303>;-
2021;Aigen-Schlägl <41343>;3221,625
2021;Altenfelden <41304>;2300,625
2021;Arnreit <41305>;1161,25
2021;Atzesberg <41306>;434,875
2021;Auberg <41307>;587,5
2021;Berg bei Rohrbach ^<41308>;-
2021;Haslach an der Mühl <41309>;2549,125
2021;Helfenberg ^<41310>;-
2021;Helfenberg <41345>;1539,875
2021;Hofkirchen im Mühlkreis <41312>;1529,875
2021;Hörbich <41311>;401
2021;Julbach <41313>;1550,75
2021;Kirchberg ob der Donau <41314>;1058,125
2021;Klaffer am Hochficht <41315>;1303,625
2021;Kleinzell im Mühlkreis <41316>;1698,375
2021;Kollerschlag <41317>;1537,125
2021;Lembach im Mühlkreis <41318>;1520,875
2021;Lichtenau im Mühlkreis <41319>;471,875
2021;Nebelberg <41320>;649,875
2021;Neufelden <41321>;1208,5
2021;Neustift im Mühlkreis <41329>;1447,625
2021;Niederkappel <41322>;977,875
2021;Niederwaldkirchen <41323>;1846,25
2021;Oberkappel <41324>;702,875
2021;Oepping <41325>;1540,875
2021;Peilstein im Mühlviertel <41326>;1548,5
2021;Pfarrkirchen im Mühlkreis <41327>;1415
2021;Putzleinsdorf <41328>;1522,75
2021;Rohrbach in Oberösterreich ^<41330>;-
2021;Rohrbach-Berg <41344>;5222,125
2021;St. Johann am Wimberg <41331>;993,5
2021;St. Martin im Mühlkreis <41332>;3771,375
2021;St. Oswald bei Haslach <41333>;507,375
2021;St. Peter am Wimberg <41334>;1729,625
2021;St. Stefan-Afiesl <41346>;1110,875
2021;St. Ulrich im Mühlkreis <41336>;675
2021;St. Veit im Mühlkreis <41337>;1289,125
2021;Sankt Stefan am Walde ^<41335>;-
2021;Sarleinsbach <41338>;2246,625
2021;Schlägl ^<41339>;-
2021;Schönegg ^<41340>;-
2021;Schwarzenberg am Böhmerwald <41341>;570,75
2021;Ulrichsberg <41342>;2857,125
2021;Altschwendt <41401>;703,125
2021;Andorf <41402>;5204,75
2021;Brunnenthal <41403>;2106,875
2021;Diersbach <41404>;1539,375
2021;Dorf an der Pram <41405>;1076,875
2021;Eggerding <41406>;1347
2021;Engelhartszell <41407>;915,875
2021;Enzenkirchen <41408>;1798,5
2021;Esternberg <41409>;2843,125
2021;Freinberg <41410>;1428,875
2021;Kopfing im Innkreis <41411>;1967
2021;Mayrhof <41412>;317,625
2021;Münzkirchen <41413>;2556,875
2021;Raab <41414>;2269,625
2021;Rainbach im Innkreis <41415>;1521,875
2021;Riedau <41416>;2058,5
2021;St. Aegidi <41417>;1541
2021;St. Florian am Inn <41418>;3149,5
2021;St. Marienkirchen bei Schärding <41419>;1951,5
2021;St. Roman <41420>;1748,625
2021;St. Willibald <41421>;1116,25
2021;Schardenberg <41423>;2460,25
2021;Schärding <41422>;5215,375
2021;Sigharting <41424>;834,625
2021;Suben <41425>;1555,5
2021;Taufkirchen an der Pram <41426>;2921,5
2021;Vichtenstein <41427>;615,625
2021;Waldkirchen am Wesen <41428>;1175,25
2021;Wernstein am Inn <41429>;1550,625
2021;Zell an der Pram <41430>;2012,625
2021;Adlwang <41501>;1957,5
2021;Aschach an der Steyr <41502>;2297,75
2021;Bad Hall <41503>;5629,875
2021;Dietach <41504>;3313,375
2021;Gaflenz <41505>;1930,875
2021;Garsten <41506>;6613,75
2021;Großraming <41507>;2656,625
2021;Laussa <41508>;1228,125
2021;Losenstein <41509>;1615,25
2021;Maria Neustift <41510>;1635,625
2021;Pfarrkirchen bei Bad Hall <41511>;2322,875
2021;Reichraming <41512>;1692,25
2021;Rohr im Kremstal <41513>;1447,75
2021;St. Ulrich bei Steyr <41514>;3095
2021;Schiedlberg <41515>;1298,25
2021;Sierning <41516>;9473,25
2021;Ternberg <41517>;3374,875
2021;Waldneukirchen <41518>;2211,375
2021;Weyer <41522>;4053,625
2021;Weyer Land ^<41519>;-
2021;Weyer Markt ^<41520>;-
2021;Wolfern <41521>;3234,125
2021;Alberndorf in der Riedmark <41601>;4205
2021;Altenberg bei Linz <41602>;4655,625
2021;Bad Leonfelden <41603>;4301,125
2021;Eidenberg <41604>;2097,625
2021;Engerwitzdorf <41605>;8960,625
2021;Feldkirchen an der Donau <41606>;5393,125
2021;Gallneukirchen <41607>;6631,5
2021;Goldwörth <41608>;786,5
2021;Gramastetten <41609>;5110,5
2021;Haibach im Mühlkreis <41610>;932,25
2021;Hellmonsödt <41611>;2358,625
2021;Herzogsdorf <41612>;2682,75
2021;Kirchschlag bei Linz <41613>;2201
2021;Lichtenberg <41614>;2807,125
2021;Oberneukirchen <41615>;3163,125
2021;Ottenschlag im Mühlkreis <41616>;567,25
2021;Ottensheim <41617>;4797
2021;Puchenau <41618>;4549,375
2021;Reichenau im Mühlkreis <41619>;1330,5
2021;Reichenthal <41620>;1493,875
2021;St. Gotthard im Mühlkreis <41621>;1325,5
2021;Schenkenfelden <41622>;1583,375
2021;Sonnberg im Mühlkreis <41623>;1073
2021;Steyregg <41624>;4974
2021;Vorderweißenbach ^<41625>;-
2021;Vorderweißenbach <41628>;2690
2021;Walding <41626>;4257,375
2021;Zwettl an der Rodl <41627>;1741,25
2021;Ampflwang im Hausruckwald <41701>;3390,125
2021;Attersee am Attersee <41702>;1631,5
2021;Attnang-Puchheim <41703>;9089,25
2021;Atzbach <41704>;1234,5
2021;Aurach am Hongar <41705>;1811,5
2021;Berg im Attergau <41706>;1093,25
2021;Desselbrunn <41707>;1890,625
2021;Fornach <41708>;978
2021;Frankenburg am Hausruck <41709>;4949,875
2021;Frankenmarkt <41710>;3777,375
2021;Gampern <41711>;3000,375
2021;Innerschwand am Mondsee <41712>;1216,75
2021;Lenzing an der Ager <41713>;5238,625
2021;Manning <41714>;796,25
2021;Mondsee <41715>;3968,5
2021;Neukirchen an der Vöckla <41716>;2638,375
2021;Niederthalheim <41717>;1149
2021;Nußdorf am Attersee <41718>;1131,5
2021;Oberhofen am Irrsee <41719>;1695,25
2021;Oberndorf bei Schwanenstadt <41720>;1352,5
2021;Oberwang <41721>;1748,375
2021;Ottnang am Hausruck <41722>;3896,875
2021;Pfaffing <41723>;1527,125
2021;Pilsbach <41724>;641,875
2021;Pitzenberg <41725>;560,375
2021;Pöndorf <41726>;2414,75
2021;Puchkirchen am Trattberg <41727>;1091,5
2021;Pühret <41728>;626,75
2021;Redleiten <41729>;533,75
2021;Redlham <41730>;1622,375
2021;Regau <41731>;6803
2021;Rüstorf <41732>;2238,75
2021;Rutzenham <41733>;293,625
2021;St. Georgen im Attergau <41734>;4499,5
2021;St. Lorenz <41735>;2525,25
2021;Schlatt <41736>;1423
2021;Schörfling am Attersee <41737>;3461
2021;Schwanenstadt <41738>;4541,5
2021;Seewalchen am Attersee <41739>;5713,125
2021;Steinbach am Attersee <41740>;903,125
2021;Straß im Attergau <41741>;1530,625
2021;Tiefgraben <41742>;4026,125
2021;Timelkam <41743>;5925,875
2021;Ungenach <41744>;1484,625
2021;Unterach am Attersee <41745>;1531,875
2021;Vöcklabruck <41746>;12478,875
2021;Vöcklamarkt <41747>;5085
2021;Weißenkirchen im Attergau <41748>;961
2021;Weyregg am Attersee <41749>;1564,25
2021;Wolfsegg am Hausruck <41750>;2023,875
2021;Zell am Moos <41751>;1636,125
2021;Zell am Pettenfirst <41752>;1225,125
2021;Aichkirchen <41801>;626,25
2021;Bachmanning <41802>;733,125
2021;Bad Wimsbach-Neydharting <41803>;2574,25
2021;Buchkirchen <41804>;4021,125
2021;Eberstalzell <41805>;2836,375
2021;Edt bei Lambach <41806>;2355,875
2021;Fischlham <41807>;1342,875
2021;Gunskirchen <41808>;6381,25
2021;Holzhausen <41809>;1024,25
2021;Krenglbach <41810>;3219,75
2021;Lambach <41811>;3656,125
2021;Marchtrenk <41812>;14409,75
2021;Neukirchen bei Lambach <41813>;961,625
2021;Offenhausen <41814>;1707,75
2021;Pennewang <41815>;954,125
2021;Pichl bei Wels <41816>;2945,5
2021;Sattledt <41817>;2700,875
2021;Schleißheim <41818>;1408,625
2021;Sipbachzell <41819>;2178,375
2021;Stadl-Paura <41820>;5008,25
2021;Steinerkirchen an der Traun <41821>;2427,25
2021;Steinhaus <41822>;2428,25
2021;Thalheim bei Wels <41823>;5546,125
2021;Weißkirchen an der Traun <41824>;3482,375
2022;Linz <40101>;208940,625
2022;Steyr <40201>;37923,25
2022;Wels <40301>;63822,75
2022;Alkoven <40501>;6167,25
2022;Aschach an der Donau <40502>;2243
2022;Eferding <40503>;4299,875
2022;Fraham <40504>;2520,125
2022;Haibach ob der Donau <40505>;1293
2022;Hartkirchen <40506>;4009,625
2022;Hinzenbach <40507>;2095,25
2022;Prambachkirchen <40508>;2981,5
2022;Pupping <40509>;1827,25
2022;St. Marienkirchen an der Polsenz <40510>;2348,75
2022;Scharten <40511>;2350,75
2022;Stroheim <40512>;1639,625
2022;Bad Zell <40627>;2970,375
2022;Freistadt <40601>;8100,25
2022;Grünbach <40602>;1872,75
2022;Gutau <40603>;2768,375
2022;Hagenberg im Mühlkreis <40604>;2844,625
2022;Hirschbach im Mühlkreis <40605>;1185,875
2022;Kaltenberg <40606>;599,625
2022;Kefermarkt <40607>;2185,5
2022;Königswiesen <40608>;3120,25
2022;Lasberg <40609>;2902,375
2022;Leopoldschlag <40610>;991,125
2022;Liebenau <40611>;1593,375
2022;Neumarkt im Mühlkreis <40612>;3206,5
2022;Pierbach <40613>;1023,75
2022;Pregarten <40614>;5567
2022;Rainbach im Mühlkreis <40615>;3031
2022;Sandl <40616>;1387,625
2022;St. Leonhard bei Freistadt <40617>;1354,875
2022;St. Oswald bei Freistadt <40618>;2994,875
2022;Schönau im Mühlkreis <40619>;1959,5
2022;Tragwein <40620>;3164,375
2022;Unterweißenbach <40621>;2158,75
2022;Unterweitersdorf <40622>;2202,75
2022;Waldburg <40623>;1432,125
2022;Wartberg ob der Aist <40624>;4438,375
2022;Weitersfelden <40625>;1046,125
2022;Windhaag bei Freistadt <40626>;1599,25
2022;Altmünster <40701>;9906,5
2022;Bad Goisern am Hallstättersee <40702>;7571,5
2022;Bad Ischl <40703>;14189,25
2022;Ebensee am Traunsee <40704>;7532,5
2022;Gmunden <40705>;13352,625
2022;Gosau <40706>;1843,375
2022;Grünau im Almtal <40707>;2045,375
2022;Gschwandt <40708>;2970,75
2022;Hallstatt <40709>;737,625
2022;Kirchham <40710>;2237,75
2022;Laakirchen <40711>;9809,875
2022;Obertraun <40712>;734,875
2022;Ohlsdorf <40713>;5378,375
2022;Pinsdorf <40714>;4221
2022;Roitham am Traunfall <40715>;2092,25
2022;St. Konrad <40716>;1172,875
2022;St. Wolfgang im Salzkammergut <40717>;2880,5
2022;Scharnstein <40719>;4957,125
2022;Traunkirchen <40718>;1703,25
2022;Vorchdorf <40720>;7689,375
2022;Aistersheim <40801>;977,875
2022;Bad Schallerbach <40802>;4403,375
2022;Bruck-Waasen ^<40803>;-
2022;Eschenau im Hausruckkreis <40804>;1052,875
2022;Gallspach <40805>;2847,875
2022;Gaspoltshofen <40806>;3609,25
2022;Geboltskirchen <40807>;1462,375
2022;Grieskirchen <40808>;5108,125
2022;Haag am Hausruck <40809>;2275,625
2022;Heiligenberg <40810>;708,25
2022;Hofkirchen an der Trattnach <40811>;1697,625
2022;Kallham <40812>;2463,25
2022;Kematen am Innbach <40813>;1431,25
2022;Meggenhofen <40814>;1565,75
2022;Michaelnbach <40815>;1294,125
2022;Natternbach <40816>;2292,625
2022;Neukirchen am Walde <40817>;1640
2022;Neumarkt im Hausruckkreis <40818>;1493,625
2022;Peuerbach ^<40819>;-
2022;Peuerbach <40835>;4691,875
2022;Pollham <40821>;990,25
2022;Pötting <40820>;560,75
2022;Pram <40822>;1773,75
2022;Rottenbach <40823>;1115
2022;St. Agatha <40824>;2142,125
2022;St. Georgen bei Grieskirchen <40825>;1328,25
2022;St. Thomas <40826>;576,375
2022;Schlüßlberg <40827>;3046,5
2022;Steegen <40828>;1092,5
2022;Taufkirchen an der Trattnach <40829>;1976,25
2022;Tollet <40830>;935,25
2022;Waizenkirchen <40831>;3792,125
2022;Wallern an der Trattnach <40832>;3134,75
2022;Weibern <40833>;1706,5
2022;Wendling <40834>;885,75
2022;Edlbach <40901>;650,125
2022;Grünburg <40902>;3893,875
2022;Hinterstoder <40903>;896,25
2022;Inzersdorf im Kremstal <40904>;1907,75
2022;Kirchdorf an der Krems <40905>;4841,25
2022;Klaus an der Pyhrnbahn <40906>;1093
2022;Kremsmünster <40907>;6789,875
2022;Micheldorf in Oberösterreich <40908>;6014
2022;Molln <40909>;3689,5
2022;Nußbach <40910>;2303,875
2022;Oberschlierbach <40911>;483,5
2022;Pettenbach <40912>;5414,375
2022;Ried im Traunkreis <40913>;2924,375
2022;Rosenau am Hengstpaß <40914>;654,25
2022;Roßleithen <40915>;1858,875
2022;St. Pankraz <40916>;355,25
2022;Schlierbach <40917>;2897,75
2022;Spital am Pyhrn <40918>;2236,75
2022;Steinbach am Ziehberg <40919>;867,75
2022;Steinbach an der Steyr <40920>;1968,625
2022;Vorderstoder <40921>;830,375
2022;Wartberg an der Krems <40922>;2953,375
2022;Windischgarsten <40923>;2404
2022;Allhaming <41001>;1239
2022;Ansfelden <41002>;17998,375
2022;Asten <41003>;6856,125
2022;Eggendorf im Traunkreis <41004>;1137
2022;Enns <41005>;12141,125
2022;Hargelsberg <41006>;1434,125
2022;Hofkirchen im Traunkreis <41008>;2052,375
2022;Hörsching <41007>;6507,25
2022;Kematen an der Krems <41009>;3095
2022;Kirchberg-Thening <41010>;2576,375
2022;Kronstorf <41011>;3582,5
2022;Leonding <41012>;29039,25
2022;Neuhofen an der Krems <41014>;6835,375
2022;Niederneukirchen <41015>;2114,375
2022;Oftering <41016>;2141,875
2022;Pasching <41017>;7649,375
2022;Piberbach <41018>;1886,125
2022;Pucking <41019>;4174
2022;St. Florian <41013>;6358,375
2022;St. Marien <41020>;4953,25
2022;Traun <41021>;24969,75
2022;Wilhering <41022>;5942,5
2022;Allerheiligen im Mühlkreis <41101>;1256,375
2022;Arbing <41102>;1543,25
2022;Bad Kreuzen <41108>;2346,75
2022;Baumgartenberg <41103>;1851,75
2022;Dimbach <41104>;990,875
2022;Grein <41105>;2902,625
2022;Katsdorf <41106>;3276,875
2022;Klam <41107>;963,5
2022;Langenstein <41109>;2555,125
2022;Luftenberg an der Donau <41110>;4347,875
2022;Mauthausen <41111>;4921,75
2022;Mitterkirchen im Machland <41112>;1779,375
2022;Münzbach <41113>;1864,25
2022;Naarn im Machlande <41114>;3763,5
2022;Pabneukirchen <41115>;1682,75
2022;Perg <41116>;9141,25
2022;Rechberg <41117>;1021,25
2022;Ried in der Riedmark <41118>;4328
2022;St. Georgen am Walde <41119>;1963
2022;St. Georgen an der Gusen <41120>;4440,125
2022;St. Nikola an der Donau <41121>;793,125
2022;St. Thomas am Blasenstein <41122>;932,75
2022;Saxen <41123>;1705,375
2022;Schwertberg <41124>;5388
2022;Waldhausen im Strudengau <41125>;2849,75
2022;Windhaag bei Perg <41126>;1520,375
2022;Andrichsfurt <41201>;780
2022;Antiesenhofen <41202>;1084,375
2022;Aurolzmünster <41203>;3192,75
2022;Eberschwang <41204>;3460,125
2022;Eitzing <41205>;888,25
2022;Geiersberg <41206>;494,375
2022;Geinberg <41207>;1462,75
2022;Gurten <41208>;1215,25
2022;Hohenzell <41209>;2303
2022;Kirchdorf am Inn <41210>;651,125
2022;Kirchheim im Innkreis <41211>;778,625
2022;Lambrechten <41212>;1288
2022;Lohnsburg am Kobernaußerwald <41213>;2199,375
2022;Mehrnbach <41214>;2372,5
2022;Mettmach <41215>;2404,125
2022;Mörschwang <41216>;336,875
2022;Mühlheim am Inn <41217>;680
2022;Neuhofen im Innkreis <41218>;2500,5
2022;Obernberg am Inn <41219>;1679,75
2022;Ort im Innkreis <41220>;1348,125
2022;Pattigham <41221>;1066,125
2022;Peterskirchen <41222>;661,875
2022;Pramet <41223>;1018,875
2022;Reichersberg <41224>;1610,125
2022;Ried im Innkreis <41225>;12484,25
2022;St. Georgen bei Obernberg am Inn <41226>;556,375
2022;St. Marienkirchen am Hausruck <41227>;904
2022;St. Martin im Innkreis <41228>;2175,625
2022;Schildorn <41229>;1227,375
2022;Senftenbach <41230>;790,875
2022;Taiskirchen im Innkreis <41231>;2395,125
2022;Tumeltsham <41232>;1587,75
2022;Utzenaich <41233>;1629,25
2022;Waldzell <41234>;2274,625
2022;Weilbach <41235>;612
2022;Wippenham <41236>;557,75
2022;Afiesl ^<41301>;-
2022;Ahorn ^<41302>;-
2022;Aigen im Mühlkreis ^<41303>;-
2022;Aigen-Schlägl <41343>;3232,125
2022;Altenfelden <41304>;2285,875
2022;Arnreit <41305>;1175,25
2022;Atzesberg <41306>;445,75
2022;Auberg <41307>;593
2022;Berg bei Rohrbach ^<41308>;-
2022;Haslach an der Mühl <41309>;2597,875
2022;Helfenberg ^<41310>;-
2022;Helfenberg <41345>;1562,75
2022;Hofkirchen im Mühlkreis <41312>;1538,5
2022;Hörbich <41311>;411,5
2022;Julbach <41313>;1550
2022;Kirchberg ob der Donau <41314>;1064,375
2022;Klaffer am Hochficht <41315>;1323,125
2022;Kleinzell im Mühlkreis <41316>;1722,875
2022;Kollerschlag <41317>;1540,75
2022;Lembach im Mühlkreis <41318>;1524,5
2022;Lichtenau im Mühlkreis <41319>;483,875
2022;Nebelberg <41320>;649,875
2022;Neufelden <41321>;1220,25
2022;Neustift im Mühlkreis <41329>;1480,125
2022;Niederkappel <41322>;984,25
2022;Niederwaldkirchen <41323>;1855,125
2022;Oberkappel <41324>;747
2022;Oepping <41325>;1538,125
2022;Peilstein im Mühlviertel <41326>;1552,5
2022;Pfarrkirchen im Mühlkreis <41327>;1413,125
2022;Putzleinsdorf <41328>;1545,625
2022;Rohrbach in Oberösterreich ^<41330>;-
2022;Rohrbach-Berg <41344>;5242,75
2022;St. Johann am Wimberg <41331>;1013,125
2022;St. Martin im Mühlkreis <41332>;3775,375
2022;St. Oswald bei Haslach <41333>;509,75
2022;St. Peter am Wimberg <41334>;1714,375
2022;St. Stefan-Afiesl <41346>;1119,125
2022;St. Ulrich im Mühlkreis <41336>;687
2022;St. Veit im Mühlkreis <41337>;1312,625
2022;Sankt Stefan am Walde ^<41335>;-
2022;Sarleinsbach <41338>;2250,625
2022;Schlägl ^<41339>;-
2022;Schönegg ^<41340>;-
2022;Schwarzenberg am Böhmerwald <41341>;577,25
2022;Ulrichsberg <41342>;2884,625
2022;Altschwendt <41401>;716,5
2022;Andorf <41402>;5190,125
2022;Brunnenthal <41403>;2090,625
2022;Diersbach <41404>;1531,5
2022;Dorf an der Pram <41405>;1092,25
2022;Eggerding <41406>;1376,125
2022;Engelhartszell <41407>;928
2022;Enzenkirchen <41408>;1805,625
2022;Esternberg <41409>;2860,25
2022;Freinberg <41410>;1459,25
2022;Kopfing im Innkreis <41411>;1980,625
2022;Mayrhof <41412>;324
2022;Münzkirchen <41413>;2565,125
2022;Raab <41414>;2312,5
2022;Rainbach im Innkreis <41415>;1544,375
2022;Riedau <41416>;2053,625
2022;St. Aegidi <41417>;1562,875
2022;St. Florian am Inn <41418>;3164,875
2022;St. Marienkirchen bei Schärding <41419>;1983,375
2022;St. Roman <41420>;1769,125
2022;St. Willibald <41421>;1107,75
2022;Schardenberg <41423>;2471,125
2022;Schärding <41422>;5299
2022;Sigharting <41424>;863,5
2022;Suben <41425>;1549,875
2022;Taufkirchen an der Pram <41426>;2900,5
2022;Vichtenstein <41427>;621,125
2022;Waldkirchen am Wesen <41428>;1163,875
2022;Wernstein am Inn <41429>;1552,5
2022;Zell an der Pram <41430>;2013,75
2022;Adlwang <41501>;2026,125
2022;Aschach an der Steyr <41502>;2283,375
2022;Bad Hall <41503>;5696,875
2022;Dietach <41504>;3378,5
2022;Gaflenz <41505>;1960,5
2022;Garsten <41506>;6695,125
2022;Großraming <41507>;2653,75
2022;Laussa <41508>;1225,125
2022;Losenstein <41509>;1643
2022;Maria Neustift <41510>;1635,625
2022;Pfarrkirchen bei Bad Hall <41511>;2343,125
2022;Reichraming <41512>;1684,75
2022;Rohr im Kremstal <41513>;1467
2022;St. Ulrich bei Steyr <41514>;3153,25
2022;Schiedlberg <41515>;1305,75
2022;Sierning <41516>;9582,875
2022;Ternberg <41517>;3374
2022;Waldneukirchen <41518>;2205,5
2022;Weyer <41522>;4053,875
2022;Weyer Land ^<41519>;-
2022;Weyer Markt ^<41520>;-
2022;Wolfern <41521>;3333,125
2022;Alberndorf in der Riedmark <41601>;4215,375
2022;Altenberg bei Linz <41602>;4732,25
2022;Bad Leonfelden <41603>;4356,625
2022;Eidenberg <41604>;2124,25
2022;Engerwitzdorf <41605>;9080,75
2022;Feldkirchen an der Donau <41606>;5460,25
2022;Gallneukirchen <41607>;6629
2022;Goldwörth <41608>;788,25
2022;Gramastetten <41609>;5123,375
2022;Haibach im Mühlkreis <41610>;933,75
2022;Hellmonsödt <41611>;2359,625
2022;Herzogsdorf <41612>;2720,25
2022;Kirchschlag bei Linz <41613>;2228,625
2022;Lichtenberg <41614>;2848,375
2022;Oberneukirchen <41615>;3223,375
2022;Ottenschlag im Mühlkreis <41616>;563,75
2022;Ottensheim <41617>;4803,125
2022;Puchenau <41618>;4604,25
2022;Reichenau im Mühlkreis <41619>;1340,875
2022;Reichenthal <41620>;1502,25
2022;St. Gotthard im Mühlkreis <41621>;1326,875
2022;Schenkenfelden <41622>;1648
2022;Sonnberg im Mühlkreis <41623>;1100,75
2022;Steyregg <41624>;5105,625
2022;Vorderweißenbach ^<41625>;-
2022;Vorderweißenbach <41628>;2737,25
2022;Walding <41626>;4306
2022;Zwettl an der Rodl <41627>;1768,75
2022;Ampflwang im Hausruckwald <41701>;3377,75
2022;Attersee am Attersee <41702>;1641
2022;Attnang-Puchheim <41703>;9160,75
2022;Atzbach <41704>;1270,875
2022;Aurach am Hongar <41705>;1835,75
2022;Berg im Attergau <41706>;1127,25
2022;Desselbrunn <41707>;1897
2022;Fornach <41708>;1000
2022;Frankenburg am Hausruck <41709>;5166,875
2022;Frankenmarkt <41710>;3818,25
2022;Gampern <41711>;3085,625
2022;Innerschwand am Mondsee <41712>;1253,125
2022;Lenzing an der Ager <41713>;5225,125
2022;Manning <41714>;785,875
2022;Mondsee <41715>;4080,125
2022;Neukirchen an der Vöckla <41716>;2643,125
2022;Niederthalheim <41717>;1130,375
2022;Nußdorf am Attersee <41718>;1136,75
2022;Oberhofen am Irrsee <41719>;1715,625
2022;Oberndorf bei Schwanenstadt <41720>;1381,625
2022;Oberwang <41721>;1768,625
2022;Ottnang am Hausruck <41722>;3977,5
2022;Pfaffing <41723>;1553,125
2022;Pilsbach <41724>;649,375
2022;Pitzenberg <41725>;569,5
2022;Pöndorf <41726>;2423,875
2022;Puchkirchen am Trattberg <41727>;1114
2022;Pühret <41728>;641,5
2022;Redleiten <41729>;532,125
2022;Redlham <41730>;1643,25
2022;Regau <41731>;6937,875
2022;Rüstorf <41732>;2306,375
2022;Rutzenham <41733>;297,25
2022;St. Georgen im Attergau <41734>;4609,625
2022;St. Lorenz <41735>;2566,125
2022;Schlatt <41736>;1440
2022;Schörfling am Attersee <41737>;3467,25
2022;Schwanenstadt <41738>;4629,625
2022;Seewalchen am Attersee <41739>;5732,875
2022;Steinbach am Attersee <41740>;908,5
2022;Straß im Attergau <41741>;1541,5
2022;Tiefgraben <41742>;4077
2022;Timelkam <41743>;5995,375
2022;Ungenach <41744>;1482,875
2022;Unterach am Attersee <41745>;1553,5
2022;Vöcklabruck <41746>;12669,375
2022;Vöcklamarkt <41747>;5171,625
2022;Weißenkirchen im Attergau <41748>;967,75
2022;Weyregg am Attersee <41749>;1564,75
2022;Wolfsegg am Hausruck <41750>;2002,25
2022;Zell am Moos <41751>;1660,75
2022;Zell am Pettenfirst <41752>;1230,375
2022;Aichkirchen <41801>;637,875
2022;Bachmanning <41802>;726,5
2022;Bad Wimsbach-Neydharting <41803>;2553,625
2022;Buchkirchen <41804>;4020
2022;Eberstalzell <41805>;2878,375
2022;Edt bei Lambach <41806>;2351,625
2022;Fischlham <41807>;1343,875
2022;Gunskirchen <41808>;6480,375
2022;Holzhausen <41809>;1022,875
2022;Krenglbach <41810>;3223,625
2022;Lambach <41811>;3798,25
2022;Marchtrenk <41812>;14513,125
2022;Neukirchen bei Lambach <41813>;966,375
2022;Offenhausen <41814>;1716,875
2022;Pennewang <41815>;989,25
2022;Pichl bei Wels <41816>;2965
2022;Sattledt <41817>;2703,625
2022;Schleißheim <41818>;1400,5
2022;Sipbachzell <41819>;2247,5
2022;Stadl-Paura <41820>;5034,125
2022;Steinerkirchen an der Traun <41821>;2460,625
2022;Steinhaus <41822>;2569,375
2022;Thalheim bei Wels <41823>;5516,625
2022;Weißkirchen an der Traun <41824>;3570,375
2023;Linz <40101>;210978,75
2023;Steyr <40201>;37977,375
2023;Wels <40301>;64974
2023;Alkoven <40501>;6189,75
2023;Aschach an der Donau <40502>;2248,5
2023;Eferding <40503>;4302,75
2023;Fraham <40504>;2592,25
2023;Haibach ob der Donau <40505>;1278,5
2023;Hartkirchen <40506>;3990,375
2023;Hinzenbach <40507>;2072,125
2023;Prambachkirchen <40508>;2978
2023;Pupping <40509>;1804,75
2023;St. Marienkirchen an der Polsenz <40510>;2342,875
2023;Scharten <40511>;2359,625
2023;Stroheim <40512>;1678,75
2023;Bad Zell <40627>;2947,25
2023;Freistadt <40601>;8181,625
2023;Grünbach <40602>;1867,5
2023;Gutau <40603>;2776,5
2023;Hagenberg im Mühlkreis <40604>;2953,875
2023;Hirschbach im Mühlkreis <40605>;1220,25
2023;Kaltenberg <40606>;593,25
2023;Kefermarkt <40607>;2188,5
2023;Königswiesen <40608>;3092,375
2023;Lasberg <40609>;2907,75
2023;Leopoldschlag <40610>;986,875
2023;Liebenau <40611>;1603,125
2023;Neumarkt im Mühlkreis <40612>;3240
2023;Pierbach <40613>;1025,75
2023;Pregarten <40614>;5573,5
2023;Rainbach im Mühlkreis <40615>;3072,5
2023;Sandl <40616>;1394,625
2023;St. Leonhard bei Freistadt <40617>;1341,5
2023;St. Oswald bei Freistadt <40618>;3040,25
2023;Schönau im Mühlkreis <40619>;1984
2023;Tragwein <40620>;3171,25
2023;Unterweißenbach <40621>;2157
2023;Unterweitersdorf <40622>;2208,125
2023;Waldburg <40623>;1447,125
2023;Wartberg ob der Aist <40624>;4479,375
2023;Weitersfelden <40625>;1029,75
2023;Windhaag bei Freistadt <40626>;1598
2023;Altmünster <40701>;9994,125
2023;Bad Goisern am Hallstättersee <40702>;7591,875
2023;Bad Ischl <40703>;14181
2023;Ebensee am Traunsee <40704>;7479,125
2023;Gmunden <40705>;13295,5
2023;Gosau <40706>;1848,375
2023;Grünau im Almtal <40707>;2046
2023;Gschwandt <40708>;2977,75
2023;Hallstatt <40709>;740,875
2023;Kirchham <40710>;2231,25
2023;Laakirchen <40711>;9792,25
2023;Obertraun <40712>;740,125
2023;Ohlsdorf <40713>;5345,5
2023;Pinsdorf <40714>;4346,875
2023;Roitham am Traunfall <40715>;2127,125
2023;St. Konrad <40716>;1175,5
2023;St. Wolfgang im Salzkammergut <40717>;2888,875
2023;Scharnstein <40719>;4938,875
2023;Traunkirchen <40718>;1712,125
2023;Vorchdorf <40720>;7767,25
2023;Aistersheim <40801>;986,375
2023;Bad Schallerbach <40802>;4519,625
2023;Bruck-Waasen ^<40803>;-
2023;Eschenau im Hausruckkreis <40804>;1059,875
2023;Gallspach <40805>;2847,75
2023;Gaspoltshofen <40806>;3601,375
2023;Geboltskirchen <40807>;1463
2023;Grieskirchen <40808>;5148
2023;Haag am Hausruck <40809>;2279,25
2023;Heiligenberg <40810>;712,75
2023;Hofkirchen an der Trattnach <40811>;1727
2023;Kallham <40812>;2493,125
2023;Kematen am Innbach <40813>;1424,375
2023;Meggenhofen <40814>;1556,125
2023;Michaelnbach <40815>;1299,375
2023;Natternbach <40816>;2301,625
2023;Neukirchen am Walde <40817>;1664,25
2023;Neumarkt im Hausruckkreis <40818>;1536,875
2023;Peuerbach ^<40819>;-
2023;Peuerbach <40835>;4697,25
2023;Pollham <40821>;1009,375
2023;Pötting <40820>;564
2023;Pram <40822>;1762,625
2023;Rottenbach <40823>;1133,625
2023;St. Agatha <40824>;2154,75
2023;St. Georgen bei Grieskirchen <40825>;1323,375
2023;St. Thomas <40826>;578
2023;Schlüßlberg <40827>;3086,25
2023;Steegen <40828>;1098,125
2023;Taufkirchen an der Trattnach <40829>;1958
2023;Tollet <40830>;938,375
2023;Waizenkirchen <40831>;3821
2023;Wallern an der Trattnach <40832>;3134,625
2023;Weibern <40833>;1687,75
2023;Wendling <40834>;895,875
2023;Edlbach <40901>;651,625
2023;Grünburg <40902>;3873,875
2023;Hinterstoder <40903>;875,375
2023;Inzersdorf im Kremstal <40904>;1926,75
2023;Kirchdorf an der Krems <40905>;4957,125
2023;Klaus an der Pyhrnbahn <40906>;1127,75
2023;Kremsmünster <40907>;6960,875
2023;Micheldorf in Oberösterreich <40908>;5995,5
2023;Molln <40909>;3671,25
2023;Nußbach <40910>;2304,125
2023;Oberschlierbach <40911>;478,75
2023;Pettenbach <40912>;5394,75
2023;Ried im Traunkreis <40913>;2945,375
2023;Rosenau am Hengstpaß <40914>;634,5
2023;Roßleithen <40915>;1837
2023;St. Pankraz <40916>;368,875
2023;Schlierbach <40917>;2905,125
2023;Spital am Pyhrn <40918>;2264,875
2023;Steinbach am Ziehberg <40919>;873,5
2023;Steinbach an der Steyr <40920>;1972,375
2023;Vorderstoder <40921>;843,875
2023;Wartberg an der Krems <40922>;2954,875
2023;Windischgarsten <40923>;2387,5
2023;Allhaming <41001>;1250,375
2023;Ansfelden <41002>;18222,25
2023;Asten <41003>;6927,375
2023;Eggendorf im Traunkreis <41004>;1156,25
2023;Enns <41005>;12212,875
2023;Hargelsberg <41006>;1444,5
2023;Hofkirchen im Traunkreis <41008>;2081,875
2023;Hörsching <41007>;6545,25
2023;Kematen an der Krems <41009>;3108,75
2023;Kirchberg-Thening <41010>;2560,125
2023;Kronstorf <41011>;3548,875
2023;Leonding <41012>;29142,125
2023;Neuhofen an der Krems <41014>;6869,625
2023;Niederneukirchen <41015>;2110,625
2023;Oftering <41016>;2135
2023;Pasching <41017>;7678,25
2023;Piberbach <41018>;1997,125
2023;Pucking <41019>;4209,5
2023;St. Florian <41013>;6345,875
2023;St. Marien <41020>;5077,375
2023;Traun <41021>;25067,125
2023;Wilhering <41022>;6114,25
2023;Allerheiligen im Mühlkreis <41101>;1255,875
2023;Arbing <41102>;1549,375
2023;Bad Kreuzen <41108>;2392,375
2023;Baumgartenberg <41103>;1855,125
2023;Dimbach <41104>;1002,625
2023;Grein <41105>;2927,5
2023;Katsdorf <41106>;3320
2023;Klam <41107>;963,5
2023;Langenstein <41109>;2576,875
2023;Luftenberg an der Donau <41110>;4323
2023;Mauthausen <41111>;4923,375
2023;Mitterkirchen im Machland <41112>;1770
2023;Münzbach <41113>;1896,625
2023;Naarn im Machlande <41114>;3846,375
2023;Pabneukirchen <41115>;1690,375
2023;Perg <41116>;9414,375
2023;Rechberg <41117>;1030,25
2023;Ried in der Riedmark <41118>;4370,75
2023;St. Georgen am Walde <41119>;1959,5
2023;St. Georgen an der Gusen <41120>;4420,375
2023;St. Nikola an der Donau <41121>;798,25
2023;St. Thomas am Blasenstein <41122>;935,25
2023;Saxen <41123>;1698,625
2023;Schwertberg <41124>;5478,75
2023;Waldhausen im Strudengau <41125>;2861,125
2023;Windhaag bei Perg <41126>;1540,75
2023;Andrichsfurt <41201>;780,25
2023;Antiesenhofen <41202>;1091,75
2023;Aurolzmünster <41203>;3199,125
2023;Eberschwang <41204>;3497,625
2023;Eitzing <41205>;913,625
2023;Geiersberg <41206>;497,875
2023;Geinberg <41207>;1469,875
2023;Gurten <41208>;1228,75
2023;Hohenzell <41209>;2328,875
2023;Kirchdorf am Inn <41210>;669,625
2023;Kirchheim im Innkreis <41211>;805,625
2023;Lambrechten <41212>;1307,5
2023;Lohnsburg am Kobernaußerwald <41213>;2211,5
2023;Mehrnbach <41214>;2375,75
2023;Mettmach <41215>;2411,875
2023;Mörschwang <41216>;336,125
2023;Mühlheim am Inn <41217>;689,875
2023;Neuhofen im Innkreis <41218>;2516,25
2023;Obernberg am Inn <41219>;1709
2023;Ort im Innkreis <41220>;1365,5
2023;Pattigham <41221>;1072,375
2023;Peterskirchen <41222>;664,375
2023;Pramet <41223>;1034,875
2023;Reichersberg <41224>;1644
2023;Ried im Innkreis <41225>;12592,75
2023;St. Georgen bei Obernberg am Inn <41226>;547,25
2023;St. Marienkirchen am Hausruck <41227>;903,625
2023;St. Martin im Innkreis <41228>;2205,875
2023;Schildorn <41229>;1227,875
2023;Senftenbach <41230>;792,75
2023;Taiskirchen im Innkreis <41231>;2409,875
2023;Tumeltsham <41232>;1590
2023;Utzenaich <41233>;1648,375
2023;Waldzell <41234>;2318,375
2023;Weilbach <41235>;608
2023;Wippenham <41236>;556
2023;Afiesl ^<41301>;-
2023;Ahorn ^<41302>;-
2023;Aigen im Mühlkreis ^<41303>;-
2023;Aigen-Schlägl <41343>;3248,25
2023;Altenfelden <41304>;2281,375
2023;Arnreit <41305>;1192
2023;Atzesberg <41306>;448,5
2023;Auberg <41307>;598,625
2023;Berg bei Rohrbach ^<41308>;-
2023;Haslach an der Mühl <41309>;2595
2023;Helfenberg ^<41310>;-
2023;Helfenberg <41345>;1584
2023;Hofkirchen im Mühlkreis <41312>;1548,375
2023;Hörbich <41311>;425,25
2023;Julbach <41313>;1531,125
2023;Kirchberg ob der Donau <41314>;1074,25
2023;Klaffer am Hochficht <41315>;1351,25
2023;Kleinzell im Mühlkreis <41316>;1724,625
2023;Kollerschlag <41317>;1542,875
2023;Lembach im Mühlkreis <41318>;1524,625
2023;Lichtenau im Mühlkreis <41319>;481,625
2023;Nebelberg <41320>;646,875
2023;Neufelden <41321>;1210,25
2023;Neustift im Mühlkreis <41329>;1484,875
2023;Niederkappel <41322>;990,875
2023;Niederwaldkirchen <41323>;1868,125
2023;Oberkappel <41324>;755,125
2023;Oepping <41325>;1544,875
2023;Peilstein im Mühlviertel <41326>;1574,75
2023;Pfarrkirchen im Mühlkreis <41327>;1404,125
2023;Putzleinsdorf <41328>;1546,5
2023;Rohrbach in Oberösterreich ^<41330>;-
2023;Rohrbach-Berg <41344>;5245
2023;St. Johann am Wimberg <41331>;1020,375
2023;St. Martin im Mühlkreis <41332>;3819,75
2023;St. Oswald bei Haslach <41333>;510,875
2023;St. Peter am Wimberg <41334>;1724,875
2023;St. Stefan-Afiesl <41346>;1114,125
2023;St. Ulrich im Mühlkreis <41336>;698,5
2023;St. Veit im Mühlkreis <41337>;1330,125
2023;Sankt Stefan am Walde ^<41335>;-
2023;Sarleinsbach <41338>;2251
2023;Schlägl ^<41339>;-
2023;Schönegg ^<41340>;-
2023;Schwarzenberg am Böhmerwald <41341>;576,625
2023;Ulrichsberg <41342>;2882,5
2023;Altschwendt <41401>;719,5
2023;Andorf <41402>;5191,75
2023;Brunnenthal <41403>;2065,625
2023;Diersbach <41404>;1530,25
2023;Dorf an der Pram <41405>;1107,75
2023;Eggerding <41406>;1388,125
2023;Engelhartszell <41407>;930,125
2023;Enzenkirchen <41408>;1804,5
2023;Esternberg <41409>;2857,5
2023;Freinberg <41410>;1498
2023;Kopfing im Innkreis <41411>;1968,375
2023;Mayrhof <41412>;318,75
2023;Münzkirchen <41413>;2546,125
2023;Raab <41414>;2346,5
2023;Rainbach im Innkreis <41415>;1551,375
2023;Riedau <41416>;2030,25
2023;St. Aegidi <41417>;1569
2023;St. Florian am Inn <41418>;3199,625
2023;St. Marienkirchen bei Schärding <41419>;2008,25
2023;St. Roman <41420>;1783,375
2023;St. Willibald <41421>;1100,375
2023;Schardenberg <41423>;2494,375
2023;Schärding <41422>;5364,125
2023;Sigharting <41424>;873,125
2023;Suben <41425>;1667,125
2023;Taufkirchen an der Pram <41426>;2934,625
2023;Vichtenstein <41427>;629,375
2023;Waldkirchen am Wesen <41428>;1163,75
2023;Wernstein am Inn <41429>;1550,125
2023;Zell an der Pram <41430>;2005,75
2023;Adlwang <41501>;2134,25
2023;Aschach an der Steyr <41502>;2258
2023;Bad Hall <41503>;5748
2023;Dietach <41504>;3430,5
2023;Gaflenz <41505>;1964,875
2023;Garsten <41506>;6674,75
2023;Großraming <41507>;2655,25
2023;Laussa <41508>;1231,875
2023;Losenstein <41509>;1662,75
2023;Maria Neustift <41510>;1621,875
2023;Pfarrkirchen bei Bad Hall <41511>;2347,875
2023;Reichraming <41512>;1683
2023;Rohr im Kremstal <41513>;1505,25
2023;St. Ulrich bei Steyr <41514>;3178,625
2023;Schiedlberg <41515>;1302,75
2023;Sierning <41516>;9776,875
2023;Ternberg <41517>;3383,5
2023;Waldneukirchen <41518>;2214,125
2023;Weyer <41522>;4031,5
2023;Weyer Land ^<41519>;-
2023;Weyer Markt ^<41520>;-
2023;Wolfern <41521>;3371,75
2023;Alberndorf in der Riedmark <41601>;4224,5
2023;Altenberg bei Linz <41602>;4746,875
2023;Bad Leonfelden <41603>;4443,375
2023;Eidenberg <41604>;2157,75
2023;Engerwitzdorf <41605>;9100
2023;Feldkirchen an der Donau <41606>;5500,875
2023;Gallneukirchen <41607>;6655,5
2023;Goldwörth <41608>;769,75
2023;Gramastetten <41609>;5097,625
2023;Haibach im Mühlkreis <41610>;954,625
2023;Hellmonsödt <41611>;2369,375
2023;Herzogsdorf <41612>;2740,875
2023;Kirchschlag bei Linz <41613>;2218,625
2023;Lichtenberg <41614>;2869,875
2023;Oberneukirchen <41615>;3230,625
2023;Ottenschlag im Mühlkreis <41616>;570,625
2023;Ottensheim <41617>;4774,75
2023;Puchenau <41618>;4650,125
2023;Reichenau im Mühlkreis <41619>;1326,375
2023;Reichenthal <41620>;1528,75
2023;St. Gotthard im Mühlkreis <41621>;1319,625
2023;Schenkenfelden <41622>;1655,25
2023;Sonnberg im Mühlkreis <41623>;1120,5
2023;Steyregg <41624>;5029,5
2023;Vorderweißenbach ^<41625>;-
2023;Vorderweißenbach <41628>;2747,125
2023;Walding <41626>;4329,25
2023;Zwettl an der Rodl <41627>;1782,875
2023;Ampflwang im Hausruckwald <41701>;3396,625
2023;Attersee am Attersee <41702>;1643
2023;Attnang-Puchheim <41703>;9206,125
2023;Atzbach <41704>;1243,875
2023;Aurach am Hongar <41705>;1876,25
2023;Berg im Attergau <41706>;1134,625
2023;Desselbrunn <41707>;1912,375
2023;Fornach <41708>;1010
2023;Frankenburg am Hausruck <41709>;4979,75
2023;Frankenmarkt <41710>;3843,25
2023;Gampern <41711>;3127
2023;Innerschwand am Mondsee <41712>;1266,125
2023;Lenzing an der Ager <41713>;5229,25
2023;Manning <41714>;780,25
2023;Mondsee <41715>;4054,25
2023;Neukirchen an der Vöckla <41716>;2645,875
2023;Niederthalheim <41717>;1145,5
2023;Nußdorf am Attersee <41718>;1129,375
2023;Oberhofen am Irrsee <41719>;1724,75
2023;Oberndorf bei Schwanenstadt <41720>;1389,375
2023;Oberwang <41721>;1767,375
2023;Ottnang am Hausruck <41722>;4069,75
2023;Pfaffing <41723>;1533,125
2023;Pilsbach <41724>;639,625
2023;Pitzenberg <41725>;579,375
2023;Pöndorf <41726>;2414,25
2023;Puchkirchen am Trattberg <41727>;1104,875
2023;Pühret <41728>;647,875
2023;Redleiten <41729>;545,625
2023;Redlham <41730>;1638
2023;Regau <41731>;7121,375
2023;Rüstorf <41732>;2299
2023;Rutzenham <41733>;296,25
2023;St. Georgen im Attergau <41734>;4747,5
2023;St. Lorenz <41735>;2627
2023;Schlatt <41736>;1420,75
2023;Schörfling am Attersee <41737>;3506,875
2023;Schwanenstadt <41738>;4740,5
2023;Seewalchen am Attersee <41739>;5744,625
2023;Steinbach am Attersee <41740>;900,125
2023;Straß im Attergau <41741>;1534
2023;Tiefgraben <41742>;4139,125
2023;Timelkam <41743>;6014,5
2023;Ungenach <41744>;1477,125
2023;Unterach am Attersee <41745>;1541,125
2023;Vöcklabruck <41746>;12807,75
2023;Vöcklamarkt <41747>;5162,75
2023;Weißenkirchen im Attergau <41748>;950,5
2023;Weyregg am Attersee <41749>;1611,25
2023;Wolfsegg am Hausruck <41750>;1985,25
2023;Zell am Moos <41751>;1674,375
2023;Zell am Pettenfirst <41752>;1243,25
2023;Aichkirchen <41801>;635,625
2023;Bachmanning <41802>;714,75
2023;Bad Wimsbach-Neydharting <41803>;2532,625
2023;Buchkirchen <41804>;4096,375
2023;Eberstalzell <41805>;2906,625
2023;Edt bei Lambach <41806>;2352,375
2023;Fischlham <41807>;1351,5
2023;Gunskirchen <41808>;6568
2023;Holzhausen <41809>;1025
2023;Krenglbach <41810>;3246
2023;Lambach <41811>;3884,75
2023;Marchtrenk <41812>;14711,375
2023;Neukirchen bei Lambach <41813>;978,875
2023;Offenhausen <41814>;1721,75
2023;Pennewang <41815>;1031,125
2023;Pichl bei Wels <41816>;2922,125
2023;Sattledt <41817>;2754,625
2023;Schleißheim <41818>;1420
2023;Sipbachzell <41819>;2277,25
2023;Stadl-Paura <41820>;5147,125
2023;Steinerkirchen an der Traun <41821>;2459,25
2023;Steinhaus <41822>;2660,625
2023;Thalheim bei Wels <41823>;5549
2023;Weißkirchen an der Traun <41824>;3561,75
2024;Linz <40101>;212718,375
2024;Steyr <40201>;38068,75
2024;Wels <40301>;65390,625
2024;Alkoven <40501>;6184
2024;Aschach an der Donau <40502>;2228,875
2024;Eferding <40503>;4340,625
2024;Fraham <40504>;2616,375
2024;Haibach ob der Donau <40505>;1273
2024;Hartkirchen <40506>;3956,625
2024;Hinzenbach <40507>;2056,375
2024;Prambachkirchen <40508>;2979,625
2024;Pupping <40509>;1808,375
2024;St. Marienkirchen an der Polsenz <40510>;2349,75
2024;Scharten <40511>;2359,375
2024;Stroheim <40512>;1694,25
2024;Bad Zell <40627>;2960,375
2024;Freistadt <40601>;8231,375
2024;Grünbach <40602>;1861,125
2024;Gutau <40603>;2788
2024;Hagenberg im Mühlkreis <40604>;3072,125
2024;Hirschbach im Mühlkreis <40605>;1206,25
2024;Kaltenberg <40606>;589,625
2024;Kefermarkt <40607>;2211,625
2024;Königswiesen <40608>;3068
2024;Lasberg <40609>;2886,75
2024;Leopoldschlag <40610>;982,625
2024;Liebenau <40611>;1604,125
2024;Neumarkt im Mühlkreis <40612>;3242
2024;Pierbach <40613>;1018
2024;Pregarten <40614>;5577,875
2024;Rainbach im Mühlkreis <40615>;3044,625
2024;Sandl <40616>;1405,75
2024;St. Leonhard bei Freistadt <40617>;1331,875
2024;St. Oswald bei Freistadt <40618>;3038
2024;Schönau im Mühlkreis <40619>;1988,125
2024;Tragwein <40620>;3153
2024;Unterweißenbach <40621>;2171,5
2024;Unterweitersdorf <40622>;2195,375
2024;Waldburg <40623>;1455,625
2024;Wartberg ob der Aist <40624>;4499,75
2024;Weitersfelden <40625>;1025,5
2024;Windhaag bei Freistadt <40626>;1587,125
2024;Altmünster <40701>;10022,75
2024;Bad Goisern am Hallstättersee <40702>;7606
2024;Bad Ischl <40703>;14136,625
2024;Ebensee am Traunsee <40704>;7454
2024;Gmunden <40705>;13264,375
2024;Gosau <40706>;1856,125
2024;Grünau im Almtal <40707>;2044,25
2024;Gschwandt <40708>;2985,25
2024;Hallstatt <40709>;737,5
2024;Kirchham <40710>;2247,375
2024;Laakirchen <40711>;9724,875
2024;Obertraun <40712>;735,75
2024;Ohlsdorf <40713>;5357
2024;Pinsdorf <40714>;4404,25
2024;Roitham am Traunfall <40715>;2147
2024;St. Konrad <40716>;1169,25
2024;St. Wolfgang im Salzkammergut <40717>;2892,125
2024;Scharnstein <40719>;4907,625
2024;Traunkirchen <40718>;1718,5
2024;Vorchdorf <40720>;7812,75
2024;Aistersheim <40801>;1002,125
2024;Bad Schallerbach <40802>;4559,875
2024;Bruck-Waasen ^<40803>;-
2024;Eschenau im Hausruckkreis <40804>;1060,625
2024;Gallspach <40805>;2847,625
2024;Gaspoltshofen <40806>;3627,75
2024;Geboltskirchen <40807>;1467,875
2024;Grieskirchen <40808>;5199,5
2024;Haag am Hausruck <40809>;2320,75
2024;Heiligenberg <40810>;722,5
2024;Hofkirchen an der Trattnach <40811>;1725,25
2024;Kallham <40812>;2506,75
2024;Kematen am Innbach <40813>;1408,375
2024;Meggenhofen <40814>;1539,625
2024;Michaelnbach <40815>;1298,375
2024;Natternbach <40816>;2307,875
2024;Neukirchen am Walde <40817>;1659,875
2024;Neumarkt im Hausruckkreis <40818>;1523,5
2024;Peuerbach ^<40819>;-
2024;Peuerbach <40835>;4694,5
2024;Pollham <40821>;1022
2024;Pötting <40820>;569,625
2024;Pram <40822>;1729,25
2024;Rottenbach <40823>;1141,75
2024;St. Agatha <40824>;2168,25
2024;St. Georgen bei Grieskirchen <40825>;1316,5
2024;St. Thomas <40826>;582,875
2024;Schlüßlberg <40827>;3055,25
2024;Steegen <40828>;1097,25
2024;Taufkirchen an der Trattnach <40829>;1949,875
2024;Tollet <40830>;951,625
2024;Waizenkirchen <40831>;3896,25
2024;Wallern an der Trattnach <40832>;3132,5
2024;Weibern <40833>;1688,375
2024;Wendling <40834>;893
2024;Edlbach <40901>;655,875
2024;Grünburg <40902>;3845,5
2024;Hinterstoder <40903>;863,5
2024;Inzersdorf im Kremstal <40904>;1913
2024;Kirchdorf an der Krems <40905>;4996,625
2024;Klaus an der Pyhrnbahn <40906>;1137,375
2024;Kremsmünster <40907>;7053,875
2024;Micheldorf in Oberösterreich <40908>;5997,5
2024;Molln <40909>;3607,625
2024;Nußbach <40910>;2305,375
2024;Oberschlierbach <40911>;472,5
2024;Pettenbach <40912>;5411,75
2024;Ried im Traunkreis <40913>;2942,75
2024;Rosenau am Hengstpaß <40914>;645,125
2024;Roßleithen <40915>;1831,375
2024;St. Pankraz <40916>;368
2024;Schlierbach <40917>;2939
2024;Spital am Pyhrn <40918>;2282,5
2024;Steinbach am Ziehberg <40919>;884,5
2024;Steinbach an der Steyr <40920>;1964,625
2024;Vorderstoder <40921>;834,375
2024;Wartberg an der Krems <40922>;2945,75
2024;Windischgarsten <40923>;2362,375
2024;Allhaming <41001>;1256
2024;Ansfelden <41002>;18280
2024;Asten <41003>;7250,25
2024;Eggendorf im Traunkreis <41004>;1165,875
2024;Enns <41005>;12233,125
2024;Hargelsberg <41006>;1451,5
2024;Hofkirchen im Traunkreis <41008>;2088,375
2024;Hörsching <41007>;6548,875
2024;Kematen an der Krems <41009>;3104,125
2024;Kirchberg-Thening <41010>;2551,125
2024;Kronstorf <41011>;3502,5
2024;Leonding <41012>;29214,75
2024;Neuhofen an der Krems <41014>;6829,25
2024;Niederneukirchen <41015>;2100,75
2024;Oftering <41016>;2133,75
2024;Pasching <41017>;7837,375
2024;Piberbach <41018>;2045,5
2024;Pucking <41019>;4181,875
2024;St. Florian <41013>;6327,75
2024;St. Marien <41020>;5204,75
2024;Traun <41021>;25308
2024;Wilhering <41022>;6223,875
2024;Allerheiligen im Mühlkreis <41101>;1277
2024;Arbing <41102>;1543,875
2024;Bad Kreuzen <41108>;2364
2024;Baumgartenberg <41103>;1865,125
2024;Dimbach <41104>;1009,125
2024;Grein <41105>;2922,375
2024;Katsdorf <41106>;3306,375
2024;Klam <41107>;961,125
2024;Langenstein <41109>;2570,875
2024;Luftenberg an der Donau <41110>;4317
2024;Mauthausen <41111>;4902,625
2024;Mitterkirchen im Machland <41112>;1780,875
2024;Münzbach <41113>;1903,25
2024;Naarn im Machlande <41114>;3871,875
2024;Pabneukirchen <41115>;1685,625
2024;Perg <41116>;9456,125
2024;Rechberg <41117>;1040,875
2024;Ried in der Riedmark <41118>;4373,625
2024;St. Georgen am Walde <41119>;1964,5
2024;St. Georgen an der Gusen <41120>;4416,25
2024;St. Nikola an der Donau <41121>;790,375
2024;St. Thomas am Blasenstein <41122>;941,625
2024;Saxen <41123>;1699,5
2024;Schwertberg <41124>;5486,25
2024;Waldhausen im Strudengau <41125>;2870,375
2024;Windhaag bei Perg <41126>;1554
2024;Andrichsfurt <41201>;800,125
2024;Antiesenhofen <41202>;1097
2024;Aurolzmünster <41203>;3223,75
2024;Eberschwang <41204>;3541
2024;Eitzing <41205>;916,625
2024;Geiersberg <41206>;491,625
2024;Geinberg <41207>;1460,625
2024;Gurten <41208>;1200,25
2024;Hohenzell <41209>;2353,75
2024;Kirchdorf am Inn <41210>;672
2024;Kirchheim im Innkreis <41211>;807,5
2024;Lambrechten <41212>;1325,875
2024;Lohnsburg am Kobernaußerwald <41213>;2207,75
2024;Mehrnbach <41214>;2357,875
2024;Mettmach <41215>;2438,875
2024;Mörschwang <41216>;327,875
2024;Mühlheim am Inn <41217>;700,625
2024;Neuhofen im Innkreis <41218>;2524,625
2024;Obernberg am Inn <41219>;1705,25
2024;Ort im Innkreis <41220>;1395,875
2024;Pattigham <41221>;1091,5
2024;Peterskirchen <41222>;666,375
2024;Pramet <41223>;1036,625
2024;Reichersberg <41224>;1669,375
2024;Ried im Innkreis <41225>;12699
2024;St. Georgen bei Obernberg am Inn <41226>;534,25
2024;St. Marienkirchen am Hausruck <41227>;896,25
2024;St. Martin im Innkreis <41228>;2219,75
2024;Schildorn <41229>;1230,75
2024;Senftenbach <41230>;785,75
2024;Taiskirchen im Innkreis <41231>;2422,625
2024;Tumeltsham <41232>;1587
2024;Utzenaich <41233>;1650,5
2024;Waldzell <41234>;2307,75
2024;Weilbach <41235>;609,25
2024;Wippenham <41236>;564,375
2024;Afiesl ^<41301>;-
2024;Ahorn ^<41302>;-
2024;Aigen im Mühlkreis ^<41303>;-
2024;Aigen-Schlägl <41343>;3278,375
2024;Altenfelden <41304>;2278,625
2024;Arnreit <41305>;1191,75
2024;Atzesberg <41306>;446,875
2024;Auberg <41307>;609,125
2024;Berg bei Rohrbach ^<41308>;-
2024;Haslach an der Mühl <41309>;2580,875
2024;Helfenberg ^<41310>;-
2024;Helfenberg <41345>;1568,75
2024;Hofkirchen im Mühlkreis <41312>;1541,875
2024;Hörbich <41311>;422,375
2024;Julbach <41313>;1527,375
2024;Kirchberg ob der Donau <41314>;1069,375
2024;Klaffer am Hochficht <41315>;1368,25
2024;Kleinzell im Mühlkreis <41316>;1715
2024;Kollerschlag <41317>;1543
2024;Lembach im Mühlkreis <41318>;1513
2024;Lichtenau im Mühlkreis <41319>;481,5
2024;Nebelberg <41320>;641,375
2024;Neufelden <41321>;1214,625
2024;Neustift im Mühlkreis <41329>;1477,25
2024;Niederkappel <41322>;991,5
2024;Niederwaldkirchen <41323>;1878,125
2024;Oberkappel <41324>;744,5
2024;Oepping <41325>;1551,875
2024;Peilstein im Mühlviertel <41326>;1569,25
2024;Pfarrkirchen im Mühlkreis <41327>;1392,5
2024;Putzleinsdorf <41328>;1545,75
2024;Rohrbach in Oberösterreich ^<41330>;-
2024;Rohrbach-Berg <41344>;5283,25
2024;St. Johann am Wimberg <41331>;1020,125
2024;St. Martin im Mühlkreis <41332>;3815,625
2024;St. Oswald bei Haslach <41333>;516,625
2024;St. Peter am Wimberg <41334>;1769,875
2024;St. Stefan-Afiesl <41346>;1104,125
2024;St. Ulrich im Mühlkreis <41336>;719,375
2024;St. Veit im Mühlkreis <41337>;1328,75
2024;Sankt Stefan am Walde ^<41335>;-
2024;Sarleinsbach <41338>;2250,5
2024;Schlägl ^<41339>;-
2024;Schönegg ^<41340>;-
2024;Schwarzenberg am Böhmerwald <41341>;578,5
2024;Ulrichsberg <41342>;2858,5
2024;Altschwendt <41401>;720,625
2024;Andorf <41402>;5217,125
2024;Brunnenthal <41403>;2060,5
2024;Diersbach <41404>;1525
2024;Dorf an der Pram <41405>;1092,875
2024;Eggerding <41406>;1391,375
2024;Engelhartszell <41407>;918,125
2024;Enzenkirchen <41408>;1787,125
2024;Esternberg <41409>;2855,25
2024;Freinberg <41410>;1526
2024;Kopfing im Innkreis <41411>;1969,625
2024;Mayrhof <41412>;320,75
2024;Münzkirchen <41413>;2552,375
2024;Raab <41414>;2336,875
2024;Rainbach im Innkreis <41415>;1569,5
2024;Riedau <41416>;2013,875
2024;St. Aegidi <41417>;1564,125
2024;St. Florian am Inn <41418>;3228,625
2024;St. Marienkirchen bei Schärding <41419>;2024
2024;St. Roman <41420>;1781,625
2024;St. Willibald <41421>;1084,125
2024;Schardenberg <41423>;2468,75
2024;Schärding <41422>;5483,875
2024;Sigharting <41424>;888
2024;Suben <41425>;1736,625
2024;Taufkirchen an der Pram <41426>;2953,75
2024;Vichtenstein <41427>;619,125
2024;Waldkirchen am Wesen <41428>;1160,875
2024;Wernstein am Inn <41429>;1544,25
2024;Zell an der Pram <41430>;1983,5
2024;Adlwang <41501>;2164,375
2024;Aschach an der Steyr <41502>;2288,125
2024;Bad Hall <41503>;5836
2024;Dietach <41504>;3458,75
2024;Gaflenz <41505>;1961,625
2024;Garsten <41506>;6665,5
2024;Großraming <41507>;2645,75
2024;Laussa <41508>;1235,75
2024;Losenstein <41509>;1682,75
2024;Maria Neustift <41510>;1632,125
2024;Pfarrkirchen bei Bad Hall <41511>;2348,75
2024;Reichraming <41512>;1680,375
2024;Rohr im Kremstal <41513>;1498,125
2024;St. Ulrich bei Steyr <41514>;3235,25
2024;Schiedlberg <41515>;1312,875
2024;Sierning <41516>;9792
2024;Ternberg <41517>;3386,625
2024;Waldneukirchen <41518>;2244,125
2024;Weyer <41522>;4022,625
2024;Weyer Land ^<41519>;-
2024;Weyer Markt ^<41520>;-
2024;Wolfern <41521>;3380,125
2024;Alberndorf in der Riedmark <41601>;4220,625
2024;Altenberg bei Linz <41602>;4777,75
2024;Bad Leonfelden <41603>;4448,625
2024;Eidenberg <41604>;2146,875
2024;Engerwitzdorf <41605>;9104,875
2024;Feldkirchen an der Donau <41606>;5526,125
2024;Gallneukirchen <41607>;6692
2024;Goldwörth <41608>;754,875
2024;Gramastetten <41609>;5109,625
2024;Haibach im Mühlkreis <41610>;977,875
2024;Hellmonsödt <41611>;2405,25
2024;Herzogsdorf <41612>;2748,125
2024;Kirchschlag bei Linz <41613>;2224,25
2024;Lichtenberg <41614>;2909,25
2024;Oberneukirchen <41615>;3242,625
2024;Ottenschlag im Mühlkreis <41616>;582,875
2024;Ottensheim <41617>;4768,875
2024;Puchenau <41618>;4686
2024;Reichenau im Mühlkreis <41619>;1338,25
2024;Reichenthal <41620>;1546,125
2024;St. Gotthard im Mühlkreis <41621>;1324
2024;Schenkenfelden <41622>;1633,875
2024;Sonnberg im Mühlkreis <41623>;1120,125
2024;Steyregg <41624>;4982,75
2024;Vorderweißenbach ^<41625>;-
2024;Vorderweißenbach <41628>;2756,625
2024;Walding <41626>;4303,375
2024;Zwettl an der Rodl <41627>;1804,625
2024;Ampflwang im Hausruckwald <41701>;3430,125
2024;Attersee am Attersee <41702>;1655,25
2024;Attnang-Puchheim <41703>;9261,625
2024;Atzbach <41704>;1216,5
2024;Aurach am Hongar <41705>;1878,875
2024;Berg im Attergau <41706>;1133,625
2024;Desselbrunn <41707>;1945,125
2024;Fornach <41708>;1011,875
2024;Frankenburg am Hausruck <41709>;4935,875
2024;Frankenmarkt <41710>;3868,25
2024;Gampern <41711>;3124,5
2024;Innerschwand am Mondsee <41712>;1283,125
2024;Lenzing an der Ager <41713>;5238,75
2024;Manning <41714>;794,375
2024;Mondsee <41715>;3957,875
2024;Neukirchen an der Vöckla <41716>;2639,5
2024;Niederthalheim <41717>;1148,375
2024;Nußdorf am Attersee <41718>;1130
2024;Oberhofen am Irrsee <41719>;1725,625
2024;Oberndorf bei Schwanenstadt <41720>;1393,875
2024;Oberwang <41721>;1760,75
2024;Ottnang am Hausruck <41722>;4117,875
2024;Pfaffing <41723>;1525,125
2024;Pilsbach <41724>;666
2024;Pitzenberg <41725>;579,5
2024;Pöndorf <41726>;2429,75
2024;Puchkirchen am Trattberg <41727>;1093,625
2024;Pühret <41728>;660,375
2024;Redleiten <41729>;535
2024;Redlham <41730>;1647,25
2024;Regau <41731>;7194,25
2024;Rüstorf <41732>;2311,125
2024;Rutzenham <41733>;293,75
2024;St. Georgen im Attergau <41734>;4878,25
2024;St. Lorenz <41735>;2661
2024;Schlatt <41736>;1415,125
2024;Schörfling am Attersee <41737>;3528,375
2024;Schwanenstadt <41738>;4786,375
2024;Seewalchen am Attersee <41739>;5735,125
2024;Steinbach am Attersee <41740>;903,75
2024;Straß im Attergau <41741>;1533,75
2024;Tiefgraben <41742>;4194,375
2024;Timelkam <41743>;5950,625
2024;Ungenach <41744>;1474,625
2024;Unterach am Attersee <41745>;1569,375
2024;Vöcklabruck <41746>;12899,25
2024;Vöcklamarkt <41747>;5176,875
2024;Weißenkirchen im Attergau <41748>;947,25
2024;Weyregg am Attersee <41749>;1632,25
2024;Wolfsegg am Hausruck <41750>;1970,75
2024;Zell am Moos <41751>;1664,5
2024;Zell am Pettenfirst <41752>;1258,75
2024;Aichkirchen <41801>;624,125
2024;Bachmanning <41802>;710,875
2024;Bad Wimsbach-Neydharting <41803>;2499,75
2024;Buchkirchen <41804>;4122,25
2024;Eberstalzell <41805>;2920,25
2024;Edt bei Lambach <41806>;2365
2024;Fischlham <41807>;1361
2024;Gunskirchen <41808>;6546,875
2024;Holzhausen <41809>;1132
2024;Krenglbach <41810>;3265,5
2024;Lambach <41811>;3888,5
2024;Marchtrenk <41812>;14783,125
2024;Neukirchen bei Lambach <41813>;997,625
2024;Offenhausen <41814>;1707,125
2024;Pennewang <41815>;1053,375
2024;Pichl bei Wels <41816>;2940,125
2024;Sattledt <41817>;2763,5
2024;Schleißheim <41818>;1438,75
2024;Sipbachzell <41819>;2265,625
2024;Stadl-Paura <41820>;5265,875
2024;Steinerkirchen an der Traun <41821>;2455,25
2024;Steinhaus <41822>;2772
2024;Thalheim bei Wels <41823>;5540,625
2024;Weißkirchen an der Traun <41824>;3555,875
