jahr;gemnr;n
2002;Aflenz Kurort ^<60201>;1037,75
2002;Aflenz Land ^<60202>;1643,875
2002;Breitenau am Hochlantsch ^<60203>;2062,25
2002;Bruck an der Mur ^<60204>;13459,875
2002;Etmißl ^<60205>;515,875
2002;Frauenberg ^<60206>;170,25
2002;Gußwerk ^<60207>;1507,625
2002;Halltal ^<60208>;350,25
2002;Kapfenberg ^<60209>;22062,625
2002;Mariazell ^<60210>;1667,125
2002;Oberaich ^<60211>;2917
2002;Parschlug ^<60212>;1731,5
2002;Pernegg an der Mur ^<60213>;2518,625
2002;Sankt Ilgen ^<60214>;294,25
2002;Sankt Katharein an der Laming ^<60215>;1161,5
2002;Sankt Lorenzen im Mürztal ^<60216>;3242,125
2002;Sankt Marein im Mürztal ^<60217>;2342,125
2002;Sankt Sebastian ^<60218>;1151,125
2002;Thörl ^<60219>;1925,875
2002;Tragöß ^<60220>;1125,625
2002;Turnau ^<60221>;1646,375
2002;Aflenz  <62138>;-
2002;Aflenz Kurort ^<62101>;-
2002;Aflenz Land ^<62102>;-
2002;Allerheiligen im Mürztal ^<62103>;-
2002;Altenberg an der Rax ^<62104>;-
2002;Breitenau am Hochlantsch <62105>;-
2002;Bruck an der Mur ^<62106>;-
2002;Bruck an der Mur <62139>;-
2002;Etmißl ^<62107>;-
2002;Frauenberg ^<62108>;-
2002;Ganz ^<62109>;-
2002;Gußwerk ^<62110>;-
2002;Halltal ^<62111>;-
2002;Kapellen ^<62112>;-
2002;Kapfenberg ^<62113>;-
2002;Kapfenberg <62140>;-
2002;Kindberg ^<62114>;-
2002;Kindberg <62141>;-
2002;Krieglach <62115>;-
2002;Langenwang <62116>;-
2002;Mariazell ^<62117>;-
2002;Mariazell <62142>;-
2002;Mitterdorf im Mürztal ^<62118>;-
2002;Mürzhofen ^<62119>;-
2002;Mürzsteg ^<62120>;-
2002;Mürzzuschlag ^<62121>;-
2002;Mürzzuschlag <62143>;-
2002;Neuberg an der Mürz ^<62122>;-
2002;Neuberg an der Mürz <62144>;-
2002;Oberaich ^<62123>;-
2002;Parschlug ^<62124>;-
2002;Pernegg an der Mur <62125>;-
2002;Sankt Barbara im Mürztal <62145>;-
2002;Sankt Ilgen ^<62126>;-
2002;Sankt Katharein an der Laming ^<62127>;-
2002;Sankt Lorenzen im Mürztal <62128>;-
2002;Sankt Marein im Mürztal ^<62129>;-
2002;Sankt Marein im Mürztal <62146>;-
2002;Sankt Sebastian ^<62130>;-
2002;Spital am Semmering <62131>;-
2002;Stanz im Mürztal <62132>;-
2002;Thörl ^<62133>;-
2002;Thörl <62147>;-
2002;Tragöß ^<62134>;-
2002;Tragöß-Sankt Katharein <62148>;-
2002;Turnau <62135>;-
2002;Veitsch ^<62136>;-
2002;Wartberg im Mürztal ^<62137>;-
2002;Aibl ^<60301>;1507,625
2002;Bad Gams ^<60307>;2267
2002;Bad Schwanberg <60349>;-
2002;Deutschlandsberg ^<60302>;8017,75
2002;Deutschlandsberg <60344>;-
2002;Eibiswald ^<60303>;1470,75
2002;Eibiswald <60345>;-
2002;Feldbaum ^<60304>;-
2002;Frauental an der Laßnitz <60305>;2938,625
2002;Freiland bei Deutschlandsberg ^<60306>;124,75
2002;Garanas ^<60308>;304,25
2002;Georgsberg ^<60309>;1425,25
2002;Greisdorf ^<60310>;1047,625
2002;Gressenberg ^<60311>;342,75
2002;Groß Sankt Florian ^<60312>;2949,125
2002;Groß Sankt Florian <60346>;-
2002;Großradl ^<60313>;1496,375
2002;Gundersdorf ^<60314>;399,5
2002;Hollenegg ^<60315>;2239,625
2002;Kloster ^<60316>;225,625
2002;Kruckenberg ^<60317>;-
2002;Lannach <60318>;3187,75
2002;Limberg bei Wies ^<60319>;930,625
2002;Marhof ^<60320>;1056,5
2002;Osterwitz ^<60321>;158,25
2002;Pitschgau ^<60322>;1655,875
2002;Pölfing-Brunn <60323>;1733,25
2002;Preding <60324>;1633,25
2002;Rassach ^<60325>;1436,25
2002;Sankt Josef (Weststeiermark) <60326>;1311,25
2002;Sankt Martin im Sulmtal ^<60327>;1971,375
2002;Sankt Martin im Sulmtal <60347>;-
2002;Sankt Oswald ob Eibiswald ^<60328>;608,625
2002;Sankt Peter im Sulmtal <60329>;1269,875
2002;Sankt Stefan ob Stainz ^<60330>;2176,25
2002;Sankt Stefan ob Stainz <60348>;-
2002;Schwanberg ^<60331>;2114,625
2002;Soboth ^<60332>;416,125
2002;Stainz ^<60333>;2359,25
2002;Stainz <60350>;-
2002;Stainztal ^<60334>;1442,25
2002;Stallhof ^<60335>;516,125
2002;Sulmeck-Greith ^<60336>;1487,625
2002;Sulz-Laufenegg ^<60337>;-
2002;Trahütten ^<60338>;403,75
2002;Unterbergla ^<60339>;1432,125
2002;Wernersdorf ^<60340>;653,125
2002;Wettmannstätten <60341>;1459,25
2002;Wielfresen ^<60342>;693,75
2002;Wies ^<60343>;2426
2002;Wies <60351>;-
2002;Auersbach ^<60401>;859,125
2002;Aug-Radisch ^<60402>;299,75
2002;Bad Gleichenberg ^<60403>;2166,5
2002;Bairisch Kölldorf ^<60404>;981,375
2002;Baumgarten bei Gnas ^<60405>;619,75
2002;Breitenfeld an der Rittschein ^<60406>;810,5
2002;Edelsbach bei Feldbach ^<60407>;1357,25
2002;Edelstauden ^<60408>;431,875
2002;Eichkögl ^<60409>;1219,5
2002;Fehring ^<60410>;3148,75
2002;Feldbach ^<60411>;4708,5
2002;Fladnitz im Raabtal ^<60412>;731,125
2002;Frannach ^<60413>;539,5
2002;Frutten-Gießelsdorf ^<60414>;685,375
2002;Glojach ^<60415>;238,875
2002;Gnas ^<60416>;1886,5
2002;Gniebing-Weißenbach ^<60417>;2117,75
2002;Gossendorf ^<60418>;951,125
2002;Grabersdorf ^<60419>;379,625
2002;Hatzendorf ^<60420>;1849,75
2002;Hohenbrugg-Weinberg ^<60421>;1094,375
2002;Jagerberg ^<60422>;1773,625
2002;Johnsdorf-Brunn ^<60423>;761,125
2002;Kapfenstein ^<60424>;1682
2002;Kirchbach in Steiermark ^<60425>;1646,5
2002;Kirchberg an der Raab ^<60426>;1888
2002;Kohlberg ^<60427>;552,875
2002;Kornberg bei Riegersburg ^<60428>;1167,375
2002;Krusdorf ^<60429>;392,125
2002;Leitersdorf im Raabtal ^<60430>;573,375
2002;Lödersdorf ^<60431>;679,75
2002;Maierdorf ^<60432>;565
2002;Merkendorf ^<60433>;1148,25
2002;Mitterlabill ^<60434>;454,5
2002;Mühldorf bei Feldbach ^<60435>;2926,75
2002;Oberdorf am Hochegg ^<60436>;772,5
2002;Oberstorcha ^<60437>;587,75
2002;Paldau ^<60438>;2058,125
2002;Perlsdorf ^<60439>;374,75
2002;Pertlstein ^<60440>;817
2002;Petersdorf II ^<60441>;833
2002;Pirching am Traubenberg ^<60442>;1477
2002;Poppendorf ^<60443>;690,25
2002;Raabau ^<60444>;570
2002;Raning ^<60445>;828,125
2002;Reith b.Hartmannsdorf ^<60446>;-
2002;Riegersburg ^<60447>;2582,75
2002;Sankt Anna am Aigen ^<60448>;1880,375
2002;Sankt Stefan im Rosental ^<60449>;3816,75
2002;Schwarzau im Schwarzautal ^<60450>;645,625
2002;Stainz bei Straden ^<60451>;1003,75
2002;Studenzen ^<60452>;686,375
2002;Trautmannsdorf in Oststeiermark ^<60453>;870,875
2002;Unterauersbach ^<60454>;496,625
2002;Unterlamm ^<60455>;1288,75
2002;Zerlach ^<60456>;1729,875
2002;Altenmarkt bei Fürstenfeld ^<60501>;1213,25
2002;Bad Blumau ^<60502>;1528,375
2002;Burgau ^<60503>;1024
2002;Fürstenfeld ^<60504>;5922,375
2002;Großsteinbach ^<60505>;1358,25
2002;Großwilfersdorf ^<60506>;1411,375
2002;Hainersdorf ^<60507>;707,5
2002;Ilz ^<60508>;2569,625
2002;Loipersdorf bei Fürstenfeld ^<60509>;1374
2002;Nestelbach im Ilztal ^<60510>;1158,875
2002;Ottendorf an der Rittschein ^<60511>;1456,5
2002;Söchau ^<60512>;1469,625
2002;Stein ^<60513>;503,875
2002;Übersbach ^<60514>;1223,375
2002;Attendorf ^<60601>;1683
2002;Brodingberg ^<60602>;1230,875
2002;Deutschfeistritz ^<60603>;3843
2002;Deutschfeistritz <60659>;-
2002;Dobl ^<60604>;1453,375
2002;Dobl-Zwaring <60660>;-
2002;Edelsgrub ^<60605>;641,75
2002;Eggersdorf bei Graz ^<60606>;1917,125
2002;Eggersdorf bei Graz <60661>;-
2002;Eisbach ^<60607>;2899,25
2002;Feldkirchen bei Graz <60608>;5045,25
2002;Fernitz ^<60609>;2854,375
2002;Fernitz-Mellach <60662>;-
2002;Frohnleiten ^<60610>;6553,25
2002;Frohnleiten <60663>;-
2002;Gössendorf <60611>;3125,25
2002;Grambach ^<60612>;1375,5
2002;Gratkorn <60613>;6672,25
2002;Gratwein ^<60614>;3523,25
2002;Gratwein-Straßengel <60664>;-
2002;Großstübing ^<60615>;382,5
2002;Gschnaidt ^<60616>;400,5
2002;Hart bei Graz <60617>;4222
2002;Hart-Purgstall ^<60634>;1621,125
2002;Haselsdorf-Tobelbad <60618>;1234,625
2002;Hausmannstätten <60619>;2490,25
2002;Hitzendorf ^<60620>;3435,625
2002;Hitzendorf <60665>;-
2002;Höf-Präbach ^<60621>;1378,375
2002;Judendorf-Straßengel ^<60622>;5086,375
2002;Kainbach bei Graz <60623>;2500,125
2002;Kalsdorf bei Graz <60624>;4924,875
2002;Krumegg ^<60625>;1399,75
2002;Kumberg <60626>;3186,5
2002;Langegg bei Graz ^<60627>;777,875
2002;Laßnitzhöhe <60628>;2588,75
2002;Lieboch <60629>;4113,125
2002;Mellach ^<60630>;1004,625
2002;Nestelbach bei Graz ^<60631>;1127,25
2002;Nestelbach bei Graz <60666>;-
2002;Peggau <60632>;2157,375
2002;Pirka ^<60633>;2817,625
2002;Premstätten <60670>;-
2002;Raaba ^<60635>;1961
2002;Raaba-Grambach <60667>;-
2002;Rohrbach-Steinberg ^<60637>;1299,875
2002;Röthelstein ^<60636>;237
2002;Rothleiten ^<60638>;-
2002;Sankt Bartholomä <60639>;1395,5
2002;Sankt Marein bei Graz ^<60640>;1200,75
2002;Sankt Marein bei Graz <60668>;-
2002;Sankt Oswald bei Plankenwarth <60641>;1124,5
2002;Sankt Radegund bei Graz <60642>;2037,75
2002;Schrems bei Frohnleiten ^<60643>;547
2002;Seiersberg ^<60644>;6034,75
2002;Seiersberg-Pirka <60669>;-
2002;Semriach <60645>;3157,25
2002;Stattegg <60646>;2439,25
2002;Stiwoll <60647>;692,375
2002;Thal <60648>;2124
2002;Tulwitz ^<60649>;494
2002;Tyrnau ^<60650>;154,875
2002;Übelbach <60651>;2105
2002;Unterpremstätten ^<60652>;3213,625
2002;Vasoldsberg <60653>;3861,5
2002;Weinitzen <60654>;2393,375
2002;Werndorf <60655>;2010,375
2002;Wundschuh <60656>;1403,25
2002;Zettling ^<60657>;1364,75
2002;Zwaring-Pöls ^<60658>;1379,625
2002;Bad Waltersdorf ^<60748>;2028,75
2002;Blaindorf ^<60701>;681,5
2002;Buch-Geiseldorf ^<60702>;1009,75
2002;Dechantskirchen ^<60703>;1679,75
2002;Dienersdorf ^<60704>;650,25
2002;Ebersdorf ^<60705>;1161,75
2002;Eichberg ^<60716>;1220,125
2002;Friedberg ^<60706>;2631,875
2002;Grafendorf bei Hartberg ^<60707>;2549,75
2002;Greinbach ^<60708>;1824,375
2002;Großhart ^<60709>;641
2002;Hartberg ^<60710>;6554,75
2002;Hartberg Umgebung ^<60711>;2102,625
2002;Hartl ^<60712>;813,375
2002;Hofkirchen bei Hartberg ^<60713>;596,875
2002;Kaibing ^<60714>;371,25
2002;Kaindorf ^<60715>;1470,5
2002;Lafnitz ^<60717>;1419,25
2002;Limbach bei Neudau ^<60718>;330,625
2002;Mönichwald ^<60719>;959,375
2002;Neudau ^<60720>;1269,625
2002;Pinggau ^<60721>;3056,75
2002;Pöllau ^<60722>;2142,375
2002;Pöllauberg ^<60723>;2211,875
2002;Puchegg ^<60724>;563,25
2002;Rabenwald ^<60725>;660,25
2002;Riegersberg ^<60726>;1035,75
2002;Rohr bei Hartberg ^<60727>;1061,125
2002;Rohrbach an der Lafnitz ^<60728>;1068,125
2002;Saifen-Boden ^<60729>;1078
2002;Sankt Jakob im Walde ^<60730>;1134,375
2002;Sankt Johann bei Herberstein ^<60731>;351,5
2002;Sankt Johann in der Haide ^<60732>;1940,25
2002;Sankt Lorenzen am Wechsel ^<60733>;1717,5
2002;Sankt Magdalena am Lemberg ^<60734>;1147,625
2002;Schachen bei Vorau ^<60735>;1265,125
2002;Schäffern ^<60736>;1488,25
2002;Schlag bei Thalberg ^<60737>;1028,25
2002;Schönegg bei Pöllau ^<60738>;1397
2002;Sebersdorf ^<60739>;1371,125
2002;Siegersdorf bei Herberstein ^<60740>;305,875
2002;Sonnhofen ^<60741>;1055,125
2002;Stambach ^<60742>;657
2002;Stubenberg ^<60743>;2223,75
2002;Tiefenbach bei Kaindorf ^<60744>;688,625
2002;Vorau ^<60745>;1437,875
2002;Vornholz ^<60746>;763,375
2002;Waldbach ^<60747>;791,25
2002;Wenigzell ^<60749>;1536,875
2002;Wörth an der Lafnitz ^<60750>;416,25
2002;Altenmarkt bei Fürstenfeld ^<62201>;-
2002;Bad Blumau <62202>;-
2002;Bad Waltersdorf ^<62203>;-
2002;Bad Waltersdorf <62264>;-
2002;Blaindorf ^<62204>;-
2002;Buch-St. Magdalena <62205>;-
2002;Burgau <62206>;-
2002;Dechantskirchen ^<62207>;-
2002;Dechantskirchen <62265>;-
2002;Dienersdorf ^<62208>;-
2002;Ebersdorf <62209>;-
2002;Eichberg ^<62210>;-
2002;Feistritztal <62266>;-
2002;Friedberg <62211>;-
2002;Fürstenfeld ^<62212>;-
2002;Fürstenfeld ^<62267>;-
2002;Fürstenfeld <62280>;-
2002;Grafendorf bei Hartberg ^<62213>;-
2002;Grafendorf bei Hartberg <62268>;-
2002;Greinbach <62214>;-
2002;Großhart ^<62215>;-
2002;Großsteinbach <62216>;-
2002;Großwilfersdorf ^<62217>;-
2002;Großwilfersdorf <62269>;-
2002;Hainersdorf ^<62218>;-
2002;Hartberg <62219>;-
2002;Hartberg Umgebung <62220>;-
2002;Hartl ^<62221>;-
2002;Hartl <62270>;-
2002;Hofkirchen bei Hartberg ^<62222>;-
2002;Ilz ^<62223>;-
2002;Ilz <62271>;-
2002;Kaibing ^<62224>;-
2002;Kaindorf ^<62225>;-
2002;Kaindorf <62272>;-
2002;Lafnitz <62226>;-
2002;Limbach bei Neudau ^<62227>;-
2002;Loipersdorf bei Fürstenfeld ^<62228>;-
2002;Bad Loipersdorf <62273>;-
2002;Mönichwald ^<62229>;-
2002;Nestelbach im Ilztal ^<62230>;-
2002;Neudau ^<62231>;-
2002;Neudau <62274>;-
2002;Ottendorf an der Rittschein <62232>;-
2002;Pinggau <62233>;-
2002;Pöllau ^<62234>;-
2002;Pöllau <62275>;-
2002;Pöllauberg <62235>;-
2002;Puchegg ^<62236>;-
2002;Rabenwald ^<62237>;-
2002;Riegersberg ^<62238>;-
2002;Rohr bei Hartberg ^<62239>;-
2002;Rohr bei Hartberg <62276>;-
2002;Rohrbach an der Lafnitz ^<62240>;-
2002;Rohrbach an der Lafnitz <62277>;-
2002;Saifen-Boden ^<62241>;-
2002;Sankt Jakob im Walde <62242>;-
2002;Sankt Johann bei Herberstein ^<62243>;-
2002;Sankt Johann in der Haide <62244>;-
2002;Sankt Lorenzen am Wechsel <62245>;-
2002;Schachen bei Vorau ^<62246>;-
2002;Schäffern <62247>;-
2002;Schlag bei Thalberg ^<62248>;-
2002;Schönegg bei Pöllau ^<62249>;-
2002;Sebersdorf ^<62250>;-
2002;Siegersdorf bei Herberstein ^<62251>;-
2002;Söchau ^<62252>;-
2002;Sonnhofen ^<62253>;-
2002;Stambach ^<62254>;-
2002;Stein ^<62255>;-
2002;Stubenberg <62256>;-
2002;Tiefenbach bei Kaindorf ^<62257>;-
2002;Übersbach ^<62258>;-
2002;Vorau ^<62259>;-
2002;Vorau <62278>;-
2002;Vornholz ^<62260>;-
2002;Waldbach ^<62261>;-
2002;Waldbach-Mönichwald <62279>;-
2002;Wenigzell <62262>;-
2002;Wörth an der Lafnitz ^<62263>;-
2002;Amering ^<60801>;1044,375
2002;Bretstein ^<60802>;342,125
2002;Eppenstein ^<60803>;1341,625
2002;Fohnsdorf ^<60804>;8300,5
2002;Hohentauern ^<60805>;533,5
2002;Judenburg ^<60806>;9967,5
2002;Maria Buch-Feistritz ^<60809>;2206,5
2002;Obdach ^<60810>;2226,125
2002;Oberkurzheim ^<60811>;780,875
2002;Oberweg ^<60812>;679,25
2002;Oberzeiring ^<60813>;946,5
2002;Pöls ^<60814>;2724
2002;Pusterwald ^<60815>;541,125
2002;Reifling ^<60816>;394,125
2002;Reisstraße ^<60817>;188,25
2002;Sankt Anna am Lavantegg ^<60808>;450,125
2002;Sankt Georgen ob Judenburg ^<60818>;933
2002;Sankt Johann am Tauern ^<60819>;519,875
2002;Sankt Oswald-Möderbrugg ^<60820>;1230,5
2002;Sankt Peter ob Judenburg ^<60821>;1147,75
2002;Sankt Wolfgang-Kienberg ^<60807>;396,125
2002;Unzmarkt-Frauenburg ^<60822>;1575,75
2002;Weißkirchen in Steiermark ^<60823>;1322,875
2002;Zeltweg ^<60824>;7782,875
2002;Apfelberg ^<60901>;1065,875
2002;Feistritz bei Knittelfeld ^<60902>;638,625
2002;Flatschach ^<60903>;176,375
2002;Gaal ^<60904>;1498,875
2002;Großlobming ^<60905>;1046
2002;Kleinlobming ^<60906>;708,25
2002;Knittelfeld ^<60907>;12726,375
2002;Kobenz ^<60908>;1632,125
2002;Rachau ^<60909>;698,125
2002;Sankt Lorenzen bei Knittelfeld ^<60910>;807,625
2002;Sankt Marein bei Knittelfeld ^<60911>;1152,375
2002;Sankt Margarethen bei Knittelfeld ^<60912>;1363
2002;Seckau ^<60913>;1283,625
2002;Spielberg bei Knittelfeld ^<60914>;4893
2003;Aflenz Kurort ^<60201>;1020,625
2003;Aflenz Land ^<60202>;1649,875
2003;Breitenau am Hochlantsch ^<60203>;2017,25
2003;Bruck an der Mur ^<60204>;13446,25
2003;Etmißl ^<60205>;516,5
2003;Frauenberg ^<60206>;174,125
2003;Gußwerk ^<60207>;1484,5
2003;Halltal ^<60208>;344,25
2003;Kapfenberg ^<60209>;21899,375
2003;Mariazell ^<60210>;1657,5
2003;Oberaich ^<60211>;2888,125
2003;Parschlug ^<60212>;1759,5
2003;Pernegg an der Mur ^<60213>;2489,625
2003;Sankt Ilgen ^<60214>;290,375
2003;Sankt Katharein an der Laming ^<60215>;1154
2003;Sankt Lorenzen im Mürztal ^<60216>;3257
2003;Sankt Marein im Mürztal ^<60217>;2339,5
2003;Sankt Sebastian ^<60218>;1150,25
2003;Thörl ^<60219>;1901,625
2003;Tragöß ^<60220>;1111,375
2003;Turnau ^<60221>;1635,625
2003;Aflenz  <62138>;-
2003;Aflenz Kurort ^<62101>;-
2003;Aflenz Land ^<62102>;-
2003;Allerheiligen im Mürztal ^<62103>;-
2003;Altenberg an der Rax ^<62104>;-
2003;Breitenau am Hochlantsch <62105>;-
2003;Bruck an der Mur ^<62106>;-
2003;Bruck an der Mur <62139>;-
2003;Etmißl ^<62107>;-
2003;Frauenberg ^<62108>;-
2003;Ganz ^<62109>;-
2003;Gußwerk ^<62110>;-
2003;Halltal ^<62111>;-
2003;Kapellen ^<62112>;-
2003;Kapfenberg ^<62113>;-
2003;Kapfenberg <62140>;-
2003;Kindberg ^<62114>;-
2003;Kindberg <62141>;-
2003;Krieglach <62115>;-
2003;Langenwang <62116>;-
2003;Mariazell ^<62117>;-
2003;Mariazell <62142>;-
2003;Mitterdorf im Mürztal ^<62118>;-
2003;Mürzhofen ^<62119>;-
2003;Mürzsteg ^<62120>;-
2003;Mürzzuschlag ^<62121>;-
2003;Mürzzuschlag <62143>;-
2003;Neuberg an der Mürz ^<62122>;-
2003;Neuberg an der Mürz <62144>;-
2003;Oberaich ^<62123>;-
2003;Parschlug ^<62124>;-
2003;Pernegg an der Mur <62125>;-
2003;Sankt Barbara im Mürztal <62145>;-
2003;Sankt Ilgen ^<62126>;-
2003;Sankt Katharein an der Laming ^<62127>;-
2003;Sankt Lorenzen im Mürztal <62128>;-
2003;Sankt Marein im Mürztal ^<62129>;-
2003;Sankt Marein im Mürztal <62146>;-
2003;Sankt Sebastian ^<62130>;-
2003;Spital am Semmering <62131>;-
2003;Stanz im Mürztal <62132>;-
2003;Thörl ^<62133>;-
2003;Thörl <62147>;-
2003;Tragöß ^<62134>;-
2003;Tragöß-Sankt Katharein <62148>;-
2003;Turnau <62135>;-
2003;Veitsch ^<62136>;-
2003;Wartberg im Mürztal ^<62137>;-
2003;Aibl ^<60301>;1491,625
2003;Bad Gams ^<60307>;2266,5
2003;Bad Schwanberg <60349>;-
2003;Deutschlandsberg ^<60302>;8032,125
2003;Deutschlandsberg <60344>;-
2003;Eibiswald ^<60303>;1450,25
2003;Eibiswald <60345>;-
2003;Feldbaum ^<60304>;-
2003;Frauental an der Laßnitz <60305>;2910,5
2003;Freiland bei Deutschlandsberg ^<60306>;127,25
2003;Garanas ^<60308>;301,25
2003;Georgsberg ^<60309>;1439,5
2003;Greisdorf ^<60310>;1035,375
2003;Gressenberg ^<60311>;332
2003;Groß Sankt Florian ^<60312>;2953,125
2003;Groß Sankt Florian <60346>;-
2003;Großradl ^<60313>;1504
2003;Gundersdorf ^<60314>;405,25
2003;Hollenegg ^<60315>;2256,125
2003;Kloster ^<60316>;218,125
2003;Kruckenberg ^<60317>;-
2003;Lannach <60318>;3156,875
2003;Limberg bei Wies ^<60319>;918,125
2003;Marhof ^<60320>;1048,125
2003;Osterwitz ^<60321>;157,625
2003;Pitschgau ^<60322>;1629
2003;Pölfing-Brunn <60323>;1708,125
2003;Preding <60324>;1638,875
2003;Rassach ^<60325>;1441,125
2003;Sankt Josef (Weststeiermark) <60326>;1321,75
2003;Sankt Martin im Sulmtal ^<60327>;1951,125
2003;Sankt Martin im Sulmtal <60347>;-
2003;Sankt Oswald ob Eibiswald ^<60328>;605
2003;Sankt Peter im Sulmtal <60329>;1289,625
2003;Sankt Stefan ob Stainz ^<60330>;2172
2003;Sankt Stefan ob Stainz <60348>;-
2003;Schwanberg ^<60331>;2143,125
2003;Soboth ^<60332>;409,75
2003;Stainz ^<60333>;2364,125
2003;Stainz <60350>;-
2003;Stainztal ^<60334>;1457,5
2003;Stallhof ^<60335>;541,75
2003;Sulmeck-Greith ^<60336>;1459,75
2003;Sulz-Laufenegg ^<60337>;-
2003;Trahütten ^<60338>;392,375
2003;Unterbergla ^<60339>;1428,375
2003;Wernersdorf ^<60340>;669,375
2003;Wettmannstätten <60341>;1469,25
2003;Wielfresen ^<60342>;687,375
2003;Wies ^<60343>;2421,625
2003;Wies <60351>;-
2003;Auersbach ^<60401>;855,125
2003;Aug-Radisch ^<60402>;295,25
2003;Bad Gleichenberg ^<60403>;2143,375
2003;Bairisch Kölldorf ^<60404>;1001,375
2003;Baumgarten bei Gnas ^<60405>;605,5
2003;Breitenfeld an der Rittschein ^<60406>;807,875
2003;Edelsbach bei Feldbach ^<60407>;1377,5
2003;Edelstauden ^<60408>;441,625
2003;Eichkögl ^<60409>;1214,125
2003;Fehring ^<60410>;3146
2003;Feldbach ^<60411>;4687,625
2003;Fladnitz im Raabtal ^<60412>;739
2003;Frannach ^<60413>;536,625
2003;Frutten-Gießelsdorf ^<60414>;682
2003;Glojach ^<60415>;239,125
2003;Gnas ^<60416>;1900
2003;Gniebing-Weißenbach ^<60417>;2146,125
2003;Gossendorf ^<60418>;960,875
2003;Grabersdorf ^<60419>;382,75
2003;Hatzendorf ^<60420>;1839,25
2003;Hohenbrugg-Weinberg ^<60421>;1098
2003;Jagerberg ^<60422>;1759,5
2003;Johnsdorf-Brunn ^<60423>;752
2003;Kapfenstein ^<60424>;1674,25
2003;Kirchbach in Steiermark ^<60425>;1640,25
2003;Kirchberg an der Raab ^<60426>;1890
2003;Kohlberg ^<60427>;550,875
2003;Kornberg bei Riegersburg ^<60428>;1175,625
2003;Krusdorf ^<60429>;395,5
2003;Leitersdorf im Raabtal ^<60430>;583,625
2003;Lödersdorf ^<60431>;687,375
2003;Maierdorf ^<60432>;560,625
2003;Merkendorf ^<60433>;1132,375
2003;Mitterlabill ^<60434>;445,5
2003;Mühldorf bei Feldbach ^<60435>;2939,5
2003;Oberdorf am Hochegg ^<60436>;764,625
2003;Oberstorcha ^<60437>;596,5
2003;Paldau ^<60438>;2046,5
2003;Perlsdorf ^<60439>;375,25
2003;Pertlstein ^<60440>;817,875
2003;Petersdorf II ^<60441>;825,875
2003;Pirching am Traubenberg ^<60442>;1490
2003;Poppendorf ^<60443>;697,375
2003;Raabau ^<60444>;571,25
2003;Raning ^<60445>;831,75
2003;Reith b.Hartmannsdorf ^<60446>;-
2003;Riegersburg ^<60447>;2586,875
2003;Sankt Anna am Aigen ^<60448>;1854,375
2003;Sankt Stefan im Rosental ^<60449>;3824,125
2003;Schwarzau im Schwarzautal ^<60450>;652,625
2003;Stainz bei Straden ^<60451>;1008,375
2003;Studenzen ^<60452>;697,625
2003;Trautmannsdorf in Oststeiermark ^<60453>;878,5
2003;Unterauersbach ^<60454>;495,625
2003;Unterlamm ^<60455>;1267,125
2003;Zerlach ^<60456>;1743,5
2003;Altenmarkt bei Fürstenfeld ^<60501>;1196,25
2003;Bad Blumau ^<60502>;1542,875
2003;Burgau ^<60503>;1004
2003;Fürstenfeld ^<60504>;5952,625
2003;Großsteinbach ^<60505>;1356
2003;Großwilfersdorf ^<60506>;1404,75
2003;Hainersdorf ^<60507>;709,125
2003;Ilz ^<60508>;2567,5
2003;Loipersdorf bei Fürstenfeld ^<60509>;1378
2003;Nestelbach im Ilztal ^<60510>;1134,875
2003;Ottendorf an der Rittschein ^<60511>;1485,25
2003;Söchau ^<60512>;1469,375
2003;Stein ^<60513>;501
2003;Übersbach ^<60514>;1217
2003;Attendorf ^<60601>;1692,25
2003;Brodingberg ^<60602>;1212
2003;Deutschfeistritz ^<60603>;3895,125
2003;Deutschfeistritz <60659>;-
2003;Dobl ^<60604>;1463,25
2003;Dobl-Zwaring <60660>;-
2003;Edelsgrub ^<60605>;643,625
2003;Eggersdorf bei Graz ^<60606>;1927,875
2003;Eggersdorf bei Graz <60661>;-
2003;Eisbach ^<60607>;2886,875
2003;Feldkirchen bei Graz <60608>;5047,375
2003;Fernitz ^<60609>;2881,375
2003;Fernitz-Mellach <60662>;-
2003;Frohnleiten ^<60610>;6475,375
2003;Frohnleiten <60663>;-
2003;Gössendorf <60611>;3166,5
2003;Grambach ^<60612>;1402,875
2003;Gratkorn <60613>;6757,125
2003;Gratwein ^<60614>;3552,75
2003;Gratwein-Straßengel <60664>;-
2003;Großstübing ^<60615>;379,875
2003;Gschnaidt ^<60616>;396,875
2003;Hart bei Graz <60617>;4293,75
2003;Hart-Purgstall ^<60634>;1633
2003;Haselsdorf-Tobelbad <60618>;1239,75
2003;Hausmannstätten <60619>;2518,75
2003;Hitzendorf ^<60620>;3500,625
2003;Hitzendorf <60665>;-
2003;Höf-Präbach ^<60621>;1390
2003;Judendorf-Straßengel ^<60622>;5109,5
2003;Kainbach bei Graz <60623>;2520,375
2003;Kalsdorf bei Graz <60624>;5039,125
2003;Krumegg ^<60625>;1413,375
2003;Kumberg <60626>;3263,625
2003;Langegg bei Graz ^<60627>;774,625
2003;Laßnitzhöhe <60628>;2582,75
2003;Lieboch <60629>;4184,25
2003;Mellach ^<60630>;1052,25
2003;Nestelbach bei Graz ^<60631>;1115,625
2003;Nestelbach bei Graz <60666>;-
2003;Peggau <60632>;2147,375
2003;Pirka ^<60633>;2910,125
2003;Premstätten <60670>;-
2003;Raaba ^<60635>;2007,625
2003;Raaba-Grambach <60667>;-
2003;Rohrbach-Steinberg ^<60637>;1301,75
2003;Röthelstein ^<60636>;235,25
2003;Rothleiten ^<60638>;-
2003;Sankt Bartholomä <60639>;1389,375
2003;Sankt Marein bei Graz ^<60640>;1204,75
2003;Sankt Marein bei Graz <60668>;-
2003;Sankt Oswald bei Plankenwarth <60641>;1153,25
2003;Sankt Radegund bei Graz <60642>;2027,5
2003;Schrems bei Frohnleiten ^<60643>;562,75
2003;Seiersberg ^<60644>;6187,375
2003;Seiersberg-Pirka <60669>;-
2003;Semriach <60645>;3170,875
2003;Stattegg <60646>;2467,25
2003;Stiwoll <60647>;694,5
2003;Thal <60648>;2155,875
2003;Tulwitz ^<60649>;491
2003;Tyrnau ^<60650>;154,5
2003;Übelbach <60651>;2106,625
2003;Unterpremstätten ^<60652>;3220
2003;Vasoldsberg <60653>;3926,75
2003;Weinitzen <60654>;2389
2003;Werndorf <60655>;2014
2003;Wundschuh <60656>;1406,75
2003;Zettling ^<60657>;1382,125
2003;Zwaring-Pöls ^<60658>;1394,75
2003;Bad Waltersdorf ^<60748>;2042
2003;Blaindorf ^<60701>;684,375
2003;Buch-Geiseldorf ^<60702>;1018,25
2003;Dechantskirchen ^<60703>;1685,875
2003;Dienersdorf ^<60704>;655,125
2003;Ebersdorf ^<60705>;1171,25
2003;Eichberg ^<60716>;1231
2003;Friedberg ^<60706>;2618,375
2003;Grafendorf bei Hartberg ^<60707>;2522,5
2003;Greinbach ^<60708>;1837,375
2003;Großhart ^<60709>;641,5
2003;Hartberg ^<60710>;6580
2003;Hartberg Umgebung ^<60711>;2110,25
2003;Hartl ^<60712>;805
2003;Hofkirchen bei Hartberg ^<60713>;615,25
2003;Kaibing ^<60714>;361,625
2003;Kaindorf ^<60715>;1467,125
2003;Lafnitz ^<60717>;1411,5
2003;Limbach bei Neudau ^<60718>;334,625
2003;Mönichwald ^<60719>;944,375
2003;Neudau ^<60720>;1275,875
2003;Pinggau ^<60721>;3088,25
2003;Pöllau ^<60722>;2149,875
2003;Pöllauberg ^<60723>;2209,375
2003;Puchegg ^<60724>;568,5
2003;Rabenwald ^<60725>;657,25
2003;Riegersberg ^<60726>;1030
2003;Rohr bei Hartberg ^<60727>;1039,375
2003;Rohrbach an der Lafnitz ^<60728>;1068,5
2003;Saifen-Boden ^<60729>;1067,875
2003;Sankt Jakob im Walde ^<60730>;1124,5
2003;Sankt Johann bei Herberstein ^<60731>;353,5
2003;Sankt Johann in der Haide ^<60732>;1963,75
2003;Sankt Lorenzen am Wechsel ^<60733>;1701,375
2003;Sankt Magdalena am Lemberg ^<60734>;1143,625
2003;Schachen bei Vorau ^<60735>;1252,625
2003;Schäffern ^<60736>;1498,625
2003;Schlag bei Thalberg ^<60737>;1003,25
2003;Schönegg bei Pöllau ^<60738>;1393,25
2003;Sebersdorf ^<60739>;1370,5
2003;Siegersdorf bei Herberstein ^<60740>;303,125
2003;Sonnhofen ^<60741>;1051,375
2003;Stambach ^<60742>;653,875
2003;Stubenberg ^<60743>;2226,875
2003;Tiefenbach bei Kaindorf ^<60744>;683,25
2003;Vorau ^<60745>;1439,875
2003;Vornholz ^<60746>;763,875
2003;Waldbach ^<60747>;821,125
2003;Wenigzell ^<60749>;1535,125
2003;Wörth an der Lafnitz ^<60750>;411,375
2003;Altenmarkt bei Fürstenfeld ^<62201>;-
2003;Bad Blumau <62202>;-
2003;Bad Waltersdorf ^<62203>;-
2003;Bad Waltersdorf <62264>;-
2003;Blaindorf ^<62204>;-
2003;Buch-St. Magdalena <62205>;-
2003;Burgau <62206>;-
2003;Dechantskirchen ^<62207>;-
2003;Dechantskirchen <62265>;-
2003;Dienersdorf ^<62208>;-
2003;Ebersdorf <62209>;-
2003;Eichberg ^<62210>;-
2003;Feistritztal <62266>;-
2003;Friedberg <62211>;-
2003;Fürstenfeld ^<62212>;-
2003;Fürstenfeld ^<62267>;-
2003;Fürstenfeld <62280>;-
2003;Grafendorf bei Hartberg ^<62213>;-
2003;Grafendorf bei Hartberg <62268>;-
2003;Greinbach <62214>;-
2003;Großhart ^<62215>;-
2003;Großsteinbach <62216>;-
2003;Großwilfersdorf ^<62217>;-
2003;Großwilfersdorf <62269>;-
2003;Hainersdorf ^<62218>;-
2003;Hartberg <62219>;-
2003;Hartberg Umgebung <62220>;-
2003;Hartl ^<62221>;-
2003;Hartl <62270>;-
2003;Hofkirchen bei Hartberg ^<62222>;-
2003;Ilz ^<62223>;-
2003;Ilz <62271>;-
2003;Kaibing ^<62224>;-
2003;Kaindorf ^<62225>;-
2003;Kaindorf <62272>;-
2003;Lafnitz <62226>;-
2003;Limbach bei Neudau ^<62227>;-
2003;Loipersdorf bei Fürstenfeld ^<62228>;-
2003;Bad Loipersdorf <62273>;-
2003;Mönichwald ^<62229>;-
2003;Nestelbach im Ilztal ^<62230>;-
2003;Neudau ^<62231>;-
2003;Neudau <62274>;-
2003;Ottendorf an der Rittschein <62232>;-
2003;Pinggau <62233>;-
2003;Pöllau ^<62234>;-
2003;Pöllau <62275>;-
2003;Pöllauberg <62235>;-
2003;Puchegg ^<62236>;-
2003;Rabenwald ^<62237>;-
2003;Riegersberg ^<62238>;-
2003;Rohr bei Hartberg ^<62239>;-
2003;Rohr bei Hartberg <62276>;-
2003;Rohrbach an der Lafnitz ^<62240>;-
2003;Rohrbach an der Lafnitz <62277>;-
2003;Saifen-Boden ^<62241>;-
2003;Sankt Jakob im Walde <62242>;-
2003;Sankt Johann bei Herberstein ^<62243>;-
2003;Sankt Johann in der Haide <62244>;-
2003;Sankt Lorenzen am Wechsel <62245>;-
2003;Schachen bei Vorau ^<62246>;-
2003;Schäffern <62247>;-
2003;Schlag bei Thalberg ^<62248>;-
2003;Schönegg bei Pöllau ^<62249>;-
2003;Sebersdorf ^<62250>;-
2003;Siegersdorf bei Herberstein ^<62251>;-
2003;Söchau ^<62252>;-
2003;Sonnhofen ^<62253>;-
2003;Stambach ^<62254>;-
2003;Stein ^<62255>;-
2003;Stubenberg <62256>;-
2003;Tiefenbach bei Kaindorf ^<62257>;-
2003;Übersbach ^<62258>;-
2003;Vorau ^<62259>;-
2003;Vorau <62278>;-
2003;Vornholz ^<62260>;-
2003;Waldbach ^<62261>;-
2003;Waldbach-Mönichwald <62279>;-
2003;Wenigzell <62262>;-
2003;Wörth an der Lafnitz ^<62263>;-
2003;Amering ^<60801>;1031,875
2003;Bretstein ^<60802>;335,875
2003;Eppenstein ^<60803>;1357,625
2003;Fohnsdorf ^<60804>;8283,75
2003;Hohentauern ^<60805>;537,375
2003;Judenburg ^<60806>;9816,625
2003;Maria Buch-Feistritz ^<60809>;2230,625
2003;Obdach ^<60810>;2227,25
2003;Oberkurzheim ^<60811>;788,375
2003;Oberweg ^<60812>;680,875
2003;Oberzeiring ^<60813>;938
2003;Pöls ^<60814>;2696,875
2003;Pusterwald ^<60815>;523,125
2003;Reifling ^<60816>;393
2003;Reisstraße ^<60817>;191,125
2003;Sankt Anna am Lavantegg ^<60808>;446,5
2003;Sankt Georgen ob Judenburg ^<60818>;939,375
2003;Sankt Johann am Tauern ^<60819>;523,75
2003;Sankt Oswald-Möderbrugg ^<60820>;1242,125
2003;Sankt Peter ob Judenburg ^<60821>;1160,375
2003;Sankt Wolfgang-Kienberg ^<60807>;398,375
2003;Unzmarkt-Frauenburg ^<60822>;1560,375
2003;Weißkirchen in Steiermark ^<60823>;1304,375
2003;Zeltweg ^<60824>;7798,5
2003;Apfelberg ^<60901>;1050,875
2003;Feistritz bei Knittelfeld ^<60902>;644,125
2003;Flatschach ^<60903>;178,375
2003;Gaal ^<60904>;1484,75
2003;Großlobming ^<60905>;1072,375
2003;Kleinlobming ^<60906>;706,625
2003;Knittelfeld ^<60907>;12538,125
2003;Kobenz ^<60908>;1650
2003;Rachau ^<60909>;693,5
2003;Sankt Lorenzen bei Knittelfeld ^<60910>;806
2003;Sankt Marein bei Knittelfeld ^<60911>;1168,125
2003;Sankt Margarethen bei Knittelfeld ^<60912>;1362,375
2003;Seckau ^<60913>;1262,625
2003;Spielberg bei Knittelfeld ^<60914>;4909,75
2004;Aflenz Kurort ^<60201>;1018,125
2004;Aflenz Land ^<60202>;1683,25
2004;Breitenau am Hochlantsch ^<60203>;2004,5
2004;Bruck an der Mur ^<60204>;13430,25
2004;Etmißl ^<60205>;513,875
2004;Frauenberg ^<60206>;171,375
2004;Gußwerk ^<60207>;1467,125
2004;Halltal ^<60208>;338,5
2004;Kapfenberg ^<60209>;21920,125
2004;Mariazell ^<60210>;1635,25
2004;Oberaich ^<60211>;2877,875
2004;Parschlug ^<60212>;1777,5
2004;Pernegg an der Mur ^<60213>;2422,125
2004;Sankt Ilgen ^<60214>;288,625
2004;Sankt Katharein an der Laming ^<60215>;1131,25
2004;Sankt Lorenzen im Mürztal ^<60216>;3324,625
2004;Sankt Marein im Mürztal ^<60217>;2350,125
2004;Sankt Sebastian ^<60218>;1142,625
2004;Thörl ^<60219>;1898,5
2004;Tragöß ^<60220>;1106,625
2004;Turnau ^<60221>;1636,75
2004;Aflenz  <62138>;-
2004;Aflenz Kurort ^<62101>;-
2004;Aflenz Land ^<62102>;-
2004;Allerheiligen im Mürztal ^<62103>;-
2004;Altenberg an der Rax ^<62104>;-
2004;Breitenau am Hochlantsch <62105>;-
2004;Bruck an der Mur ^<62106>;-
2004;Bruck an der Mur <62139>;-
2004;Etmißl ^<62107>;-
2004;Frauenberg ^<62108>;-
2004;Ganz ^<62109>;-
2004;Gußwerk ^<62110>;-
2004;Halltal ^<62111>;-
2004;Kapellen ^<62112>;-
2004;Kapfenberg ^<62113>;-
2004;Kapfenberg <62140>;-
2004;Kindberg ^<62114>;-
2004;Kindberg <62141>;-
2004;Krieglach <62115>;-
2004;Langenwang <62116>;-
2004;Mariazell ^<62117>;-
2004;Mariazell <62142>;-
2004;Mitterdorf im Mürztal ^<62118>;-
2004;Mürzhofen ^<62119>;-
2004;Mürzsteg ^<62120>;-
2004;Mürzzuschlag ^<62121>;-
2004;Mürzzuschlag <62143>;-
2004;Neuberg an der Mürz ^<62122>;-
2004;Neuberg an der Mürz <62144>;-
2004;Oberaich ^<62123>;-
2004;Parschlug ^<62124>;-
2004;Pernegg an der Mur <62125>;-
2004;Sankt Barbara im Mürztal <62145>;-
2004;Sankt Ilgen ^<62126>;-
2004;Sankt Katharein an der Laming ^<62127>;-
2004;Sankt Lorenzen im Mürztal <62128>;-
2004;Sankt Marein im Mürztal ^<62129>;-
2004;Sankt Marein im Mürztal <62146>;-
2004;Sankt Sebastian ^<62130>;-
2004;Spital am Semmering <62131>;-
2004;Stanz im Mürztal <62132>;-
2004;Thörl ^<62133>;-
2004;Thörl <62147>;-
2004;Tragöß ^<62134>;-
2004;Tragöß-Sankt Katharein <62148>;-
2004;Turnau <62135>;-
2004;Veitsch ^<62136>;-
2004;Wartberg im Mürztal ^<62137>;-
2004;Aibl ^<60301>;1488,5
2004;Bad Gams ^<60307>;2278,5
2004;Bad Schwanberg <60349>;-
2004;Deutschlandsberg ^<60302>;8101,125
2004;Deutschlandsberg <60344>;-
2004;Eibiswald ^<60303>;1436,625
2004;Eibiswald <60345>;-
2004;Feldbaum ^<60304>;-
2004;Frauental an der Laßnitz <60305>;2929,75
2004;Freiland bei Deutschlandsberg ^<60306>;131,375
2004;Garanas ^<60308>;296
2004;Georgsberg ^<60309>;1441,125
2004;Greisdorf ^<60310>;1023,875
2004;Gressenberg ^<60311>;339,125
2004;Groß Sankt Florian ^<60312>;2938,25
2004;Groß Sankt Florian <60346>;-
2004;Großradl ^<60313>;1499,125
2004;Gundersdorf ^<60314>;410
2004;Hollenegg ^<60315>;2248,25
2004;Kloster ^<60316>;216,25
2004;Kruckenberg ^<60317>;-
2004;Lannach <60318>;3192,125
2004;Limberg bei Wies ^<60319>;912
2004;Marhof ^<60320>;1032,875
2004;Osterwitz ^<60321>;156,75
2004;Pitschgau ^<60322>;1618,625
2004;Pölfing-Brunn <60323>;1646,875
2004;Preding <60324>;1687,875
2004;Rassach ^<60325>;1457,875
2004;Sankt Josef (Weststeiermark) <60326>;1338,5
2004;Sankt Martin im Sulmtal ^<60327>;1939,125
2004;Sankt Martin im Sulmtal <60347>;-
2004;Sankt Oswald ob Eibiswald ^<60328>;601,375
2004;Sankt Peter im Sulmtal <60329>;1291,375
2004;Sankt Stefan ob Stainz ^<60330>;2181,25
2004;Sankt Stefan ob Stainz <60348>;-
2004;Schwanberg ^<60331>;2158,25
2004;Soboth ^<60332>;411,125
2004;Stainz ^<60333>;2385,25
2004;Stainz <60350>;-
2004;Stainztal ^<60334>;1463,375
2004;Stallhof ^<60335>;537,875
2004;Sulmeck-Greith ^<60336>;1414,5
2004;Sulz-Laufenegg ^<60337>;-
2004;Trahütten ^<60338>;395,375
2004;Unterbergla ^<60339>;1434
2004;Wernersdorf ^<60340>;674,25
2004;Wettmannstätten <60341>;1469,75
2004;Wielfresen ^<60342>;669,375
2004;Wies ^<60343>;2401,5
2004;Wies <60351>;-
2004;Auersbach ^<60401>;846,875
2004;Aug-Radisch ^<60402>;289,125
2004;Bad Gleichenberg ^<60403>;2140,625
2004;Bairisch Kölldorf ^<60404>;1012,625
2004;Baumgarten bei Gnas ^<60405>;600,125
2004;Breitenfeld an der Rittschein ^<60406>;811,625
2004;Edelsbach bei Feldbach ^<60407>;1371,5
2004;Edelstauden ^<60408>;441
2004;Eichkögl ^<60409>;1218,625
2004;Fehring ^<60410>;3154,5
2004;Feldbach ^<60411>;4689,125
2004;Fladnitz im Raabtal ^<60412>;736,75
2004;Frannach ^<60413>;537,75
2004;Frutten-Gießelsdorf ^<60414>;685,5
2004;Glojach ^<60415>;238,625
2004;Gnas ^<60416>;1900,125
2004;Gniebing-Weißenbach ^<60417>;2174,75
2004;Gossendorf ^<60418>;963,125
2004;Grabersdorf ^<60419>;379,875
2004;Hatzendorf ^<60420>;1817,125
2004;Hohenbrugg-Weinberg ^<60421>;1084
2004;Jagerberg ^<60422>;1755,75
2004;Johnsdorf-Brunn ^<60423>;768,125
2004;Kapfenstein ^<60424>;1662,875
2004;Kirchbach in Steiermark ^<60425>;1637,75
2004;Kirchberg an der Raab ^<60426>;1887,875
2004;Kohlberg ^<60427>;557,25
2004;Kornberg bei Riegersburg ^<60428>;1176,625
2004;Krusdorf ^<60429>;404,625
2004;Leitersdorf im Raabtal ^<60430>;599,875
2004;Lödersdorf ^<60431>;703,25
2004;Maierdorf ^<60432>;566
2004;Merkendorf ^<60433>;1135,875
2004;Mitterlabill ^<60434>;450,75
2004;Mühldorf bei Feldbach ^<60435>;2947,875
2004;Oberdorf am Hochegg ^<60436>;761,125
2004;Oberstorcha ^<60437>;603
2004;Paldau ^<60438>;2054,125
2004;Perlsdorf ^<60439>;376,75
2004;Pertlstein ^<60440>;835,75
2004;Petersdorf II ^<60441>;836,75
2004;Pirching am Traubenberg ^<60442>;1491,75
2004;Poppendorf ^<60443>;715,25
2004;Raabau ^<60444>;574,75
2004;Raning ^<60445>;827,75
2004;Reith b.Hartmannsdorf ^<60446>;-
2004;Riegersburg ^<60447>;2581,875
2004;Sankt Anna am Aigen ^<60448>;1833,75
2004;Sankt Stefan im Rosental ^<60449>;3833,125
2004;Schwarzau im Schwarzautal ^<60450>;652,75
2004;Stainz bei Straden ^<60451>;1007
2004;Studenzen ^<60452>;710,25
2004;Trautmannsdorf in Oststeiermark ^<60453>;876,875
2004;Unterauersbach ^<60454>;497,25
2004;Unterlamm ^<60455>;1264,5
2004;Zerlach ^<60456>;1761,625
2004;Altenmarkt bei Fürstenfeld ^<60501>;1184,75
2004;Bad Blumau ^<60502>;1562,125
2004;Burgau ^<60503>;1011,625
2004;Fürstenfeld ^<60504>;5961,75
2004;Großsteinbach ^<60505>;1357,125
2004;Großwilfersdorf ^<60506>;1412
2004;Hainersdorf ^<60507>;703,875
2004;Ilz ^<60508>;2597,5
2004;Loipersdorf bei Fürstenfeld ^<60509>;1373,25
2004;Nestelbach im Ilztal ^<60510>;1135,625
2004;Ottendorf an der Rittschein ^<60511>;1482,875
2004;Söchau ^<60512>;1467,875
2004;Stein ^<60513>;494,125
2004;Übersbach ^<60514>;1205,5
2004;Attendorf ^<60601>;1713,5
2004;Brodingberg ^<60602>;1215,25
2004;Deutschfeistritz ^<60603>;3906
2004;Deutschfeistritz <60659>;-
2004;Dobl ^<60604>;1443,125
2004;Dobl-Zwaring <60660>;-
2004;Edelsgrub ^<60605>;644
2004;Eggersdorf bei Graz ^<60606>;1968,875
2004;Eggersdorf bei Graz <60661>;-
2004;Eisbach ^<60607>;2893
2004;Feldkirchen bei Graz <60608>;5143,25
2004;Fernitz ^<60609>;2925,125
2004;Fernitz-Mellach <60662>;-
2004;Frohnleiten ^<60610>;6402,875
2004;Frohnleiten <60663>;-
2004;Gössendorf <60611>;3198,125
2004;Grambach ^<60612>;1451,25
2004;Gratkorn <60613>;6784,125
2004;Gratwein ^<60614>;3587,875
2004;Gratwein-Straßengel <60664>;-
2004;Großstübing ^<60615>;383,25
2004;Gschnaidt ^<60616>;399
2004;Hart bei Graz <60617>;4351,5
2004;Hart-Purgstall ^<60634>;1633,375
2004;Haselsdorf-Tobelbad <60618>;1254,875
2004;Hausmannstätten <60619>;2615,625
2004;Hitzendorf ^<60620>;3541,625
2004;Hitzendorf <60665>;-
2004;Höf-Präbach ^<60621>;1397,875
2004;Judendorf-Straßengel ^<60622>;5231,625
2004;Kainbach bei Graz <60623>;2532,375
2004;Kalsdorf bei Graz <60624>;5122
2004;Krumegg ^<60625>;1407,125
2004;Kumberg <60626>;3327,625
2004;Langegg bei Graz ^<60627>;782
2004;Laßnitzhöhe <60628>;2581,5
2004;Lieboch <60629>;4285,125
2004;Mellach ^<60630>;1129,5
2004;Nestelbach bei Graz ^<60631>;1121,25
2004;Nestelbach bei Graz <60666>;-
2004;Peggau <60632>;2161
2004;Pirka ^<60633>;2940,125
2004;Premstätten <60670>;-
2004;Raaba ^<60635>;2105,875
2004;Raaba-Grambach <60667>;-
2004;Rohrbach-Steinberg ^<60637>;1308,625
2004;Röthelstein ^<60636>;238,25
2004;Rothleiten ^<60638>;-
2004;Sankt Bartholomä <60639>;1397
2004;Sankt Marein bei Graz ^<60640>;1207,625
2004;Sankt Marein bei Graz <60668>;-
2004;Sankt Oswald bei Plankenwarth <60641>;1157,875
2004;Sankt Radegund bei Graz <60642>;2025,375
2004;Schrems bei Frohnleiten ^<60643>;578,875
2004;Seiersberg ^<60644>;6466,25
2004;Seiersberg-Pirka <60669>;-
2004;Semriach <60645>;3231,5
2004;Stattegg <60646>;2493,625
2004;Stiwoll <60647>;697,25
2004;Thal <60648>;2184
2004;Tulwitz ^<60649>;495,625
2004;Tyrnau ^<60650>;151,625
2004;Übelbach <60651>;2079,125
2004;Unterpremstätten ^<60652>;3263,625
2004;Vasoldsberg <60653>;3992
2004;Weinitzen <60654>;2425
2004;Werndorf <60655>;2061,625
2004;Wundschuh <60656>;1404,625
2004;Zettling ^<60657>;1414,75
2004;Zwaring-Pöls ^<60658>;1414
2004;Bad Waltersdorf ^<60748>;2048,625
2004;Blaindorf ^<60701>;680,25
2004;Buch-Geiseldorf ^<60702>;1028,875
2004;Dechantskirchen ^<60703>;1695,75
2004;Dienersdorf ^<60704>;658,125
2004;Ebersdorf ^<60705>;1172,625
2004;Eichberg ^<60716>;1231,25
2004;Friedberg ^<60706>;2600,75
2004;Grafendorf bei Hartberg ^<60707>;2514,25
2004;Greinbach ^<60708>;1847,375
2004;Großhart ^<60709>;642,625
2004;Hartberg ^<60710>;6557
2004;Hartberg Umgebung ^<60711>;2156,625
2004;Hartl ^<60712>;820,125
2004;Hofkirchen bei Hartberg ^<60713>;625,875
2004;Kaibing ^<60714>;365,875
2004;Kaindorf ^<60715>;1459,5
2004;Lafnitz ^<60717>;1416,75
2004;Limbach bei Neudau ^<60718>;336,375
2004;Mönichwald ^<60719>;947,625
2004;Neudau ^<60720>;1282,75
2004;Pinggau ^<60721>;3120
2004;Pöllau ^<60722>;2136,875
2004;Pöllauberg ^<60723>;2239,875
2004;Puchegg ^<60724>;568,125
2004;Rabenwald ^<60725>;655,125
2004;Riegersberg ^<60726>;1027
2004;Rohr bei Hartberg ^<60727>;1033,375
2004;Rohrbach an der Lafnitz ^<60728>;1055,5
2004;Saifen-Boden ^<60729>;1075,125
2004;Sankt Jakob im Walde ^<60730>;1121,25
2004;Sankt Johann bei Herberstein ^<60731>;342,125
2004;Sankt Johann in der Haide ^<60732>;1949,875
2004;Sankt Lorenzen am Wechsel ^<60733>;1693,75
2004;Sankt Magdalena am Lemberg ^<60734>;1141,75
2004;Schachen bei Vorau ^<60735>;1253,25
2004;Schäffern ^<60736>;1494,375
2004;Schlag bei Thalberg ^<60737>;1000,375
2004;Schönegg bei Pöllau ^<60738>;1397,25
2004;Sebersdorf ^<60739>;1377,5
2004;Siegersdorf bei Herberstein ^<60740>;303,625
2004;Sonnhofen ^<60741>;1062,5
2004;Stambach ^<60742>;656,875
2004;Stubenberg ^<60743>;2237,5
2004;Tiefenbach bei Kaindorf ^<60744>;685,875
2004;Vorau ^<60745>;1446,625
2004;Vornholz ^<60746>;756,5
2004;Waldbach ^<60747>;857,125
2004;Wenigzell ^<60749>;1531,5
2004;Wörth an der Lafnitz ^<60750>;407
2004;Altenmarkt bei Fürstenfeld ^<62201>;-
2004;Bad Blumau <62202>;-
2004;Bad Waltersdorf ^<62203>;-
2004;Bad Waltersdorf <62264>;-
2004;Blaindorf ^<62204>;-
2004;Buch-St. Magdalena <62205>;-
2004;Burgau <62206>;-
2004;Dechantskirchen ^<62207>;-
2004;Dechantskirchen <62265>;-
2004;Dienersdorf ^<62208>;-
2004;Ebersdorf <62209>;-
2004;Eichberg ^<62210>;-
2004;Feistritztal <62266>;-
2004;Friedberg <62211>;-
2004;Fürstenfeld ^<62212>;-
2004;Fürstenfeld ^<62267>;-
2004;Fürstenfeld <62280>;-
2004;Grafendorf bei Hartberg ^<62213>;-
2004;Grafendorf bei Hartberg <62268>;-
2004;Greinbach <62214>;-
2004;Großhart ^<62215>;-
2004;Großsteinbach <62216>;-
2004;Großwilfersdorf ^<62217>;-
2004;Großwilfersdorf <62269>;-
2004;Hainersdorf ^<62218>;-
2004;Hartberg <62219>;-
2004;Hartberg Umgebung <62220>;-
2004;Hartl ^<62221>;-
2004;Hartl <62270>;-
2004;Hofkirchen bei Hartberg ^<62222>;-
2004;Ilz ^<62223>;-
2004;Ilz <62271>;-
2004;Kaibing ^<62224>;-
2004;Kaindorf ^<62225>;-
2004;Kaindorf <62272>;-
2004;Lafnitz <62226>;-
2004;Limbach bei Neudau ^<62227>;-
2004;Loipersdorf bei Fürstenfeld ^<62228>;-
2004;Bad Loipersdorf <62273>;-
2004;Mönichwald ^<62229>;-
2004;Nestelbach im Ilztal ^<62230>;-
2004;Neudau ^<62231>;-
2004;Neudau <62274>;-
2004;Ottendorf an der Rittschein <62232>;-
2004;Pinggau <62233>;-
2004;Pöllau ^<62234>;-
2004;Pöllau <62275>;-
2004;Pöllauberg <62235>;-
2004;Puchegg ^<62236>;-
2004;Rabenwald ^<62237>;-
2004;Riegersberg ^<62238>;-
2004;Rohr bei Hartberg ^<62239>;-
2004;Rohr bei Hartberg <62276>;-
2004;Rohrbach an der Lafnitz ^<62240>;-
2004;Rohrbach an der Lafnitz <62277>;-
2004;Saifen-Boden ^<62241>;-
2004;Sankt Jakob im Walde <62242>;-
2004;Sankt Johann bei Herberstein ^<62243>;-
2004;Sankt Johann in der Haide <62244>;-
2004;Sankt Lorenzen am Wechsel <62245>;-
2004;Schachen bei Vorau ^<62246>;-
2004;Schäffern <62247>;-
2004;Schlag bei Thalberg ^<62248>;-
2004;Schönegg bei Pöllau ^<62249>;-
2004;Sebersdorf ^<62250>;-
2004;Siegersdorf bei Herberstein ^<62251>;-
2004;Söchau ^<62252>;-
2004;Sonnhofen ^<62253>;-
2004;Stambach ^<62254>;-
2004;Stein ^<62255>;-
2004;Stubenberg <62256>;-
2004;Tiefenbach bei Kaindorf ^<62257>;-
2004;Übersbach ^<62258>;-
2004;Vorau ^<62259>;-
2004;Vorau <62278>;-
2004;Vornholz ^<62260>;-
2004;Waldbach ^<62261>;-
2004;Waldbach-Mönichwald <62279>;-
2004;Wenigzell <62262>;-
2004;Wörth an der Lafnitz ^<62263>;-
2004;Amering ^<60801>;1022,125
2004;Bretstein ^<60802>;335,125
2004;Eppenstein ^<60803>;1349
2004;Fohnsdorf ^<60804>;8303
2004;Hohentauern ^<60805>;526,5
2004;Judenburg ^<60806>;9699,75
2004;Maria Buch-Feistritz ^<60809>;2253,75
2004;Obdach ^<60810>;2227,625
2004;Oberkurzheim ^<60811>;779,625
2004;Oberweg ^<60812>;672,75
2004;Oberzeiring ^<60813>;915,375
2004;Pöls ^<60814>;2700,625
2004;Pusterwald ^<60815>;518,75
2004;Reifling ^<60816>;409,125
2004;Reisstraße ^<60817>;189,875
2004;Sankt Anna am Lavantegg ^<60808>;446,25
2004;Sankt Georgen ob Judenburg ^<60818>;947
2004;Sankt Johann am Tauern ^<60819>;531,375
2004;Sankt Oswald-Möderbrugg ^<60820>;1232,25
2004;Sankt Peter ob Judenburg ^<60821>;1164
2004;Sankt Wolfgang-Kienberg ^<60807>;400,875
2004;Unzmarkt-Frauenburg ^<60822>;1532,75
2004;Weißkirchen in Steiermark ^<60823>;1300,125
2004;Zeltweg ^<60824>;7791
2004;Apfelberg ^<60901>;1057,125
2004;Feistritz bei Knittelfeld ^<60902>;657,75
2004;Flatschach ^<60903>;181,75
2004;Gaal ^<60904>;1466,5
2004;Großlobming ^<60905>;1115,125
2004;Kleinlobming ^<60906>;716
2004;Knittelfeld ^<60907>;12327,625
2004;Kobenz ^<60908>;1712,125
2004;Rachau ^<60909>;695,75
2004;Sankt Lorenzen bei Knittelfeld ^<60910>;804,625
2004;Sankt Marein bei Knittelfeld ^<60911>;1187,875
2004;Sankt Margarethen bei Knittelfeld ^<60912>;1376,75
2004;Seckau ^<60913>;1257,5
2004;Spielberg bei Knittelfeld ^<60914>;4924,25
2005;Aflenz Kurort ^<60201>;1009,125
2005;Aflenz Land ^<60202>;1650
2005;Breitenau am Hochlantsch ^<60203>;1976,875
2005;Bruck an der Mur ^<60204>;13357,875
2005;Etmißl ^<60205>;511,375
2005;Frauenberg ^<60206>;176,25
2005;Gußwerk ^<60207>;1456
2005;Halltal ^<60208>;338,125
2005;Kapfenberg ^<60209>;21973
2005;Mariazell ^<60210>;1617,25
2005;Oberaich ^<60211>;2919,125
2005;Parschlug ^<60212>;1783
2005;Pernegg an der Mur ^<60213>;2424,5
2005;Sankt Ilgen ^<60214>;290,625
2005;Sankt Katharein an der Laming ^<60215>;1118,75
2005;Sankt Lorenzen im Mürztal ^<60216>;3335,5
2005;Sankt Marein im Mürztal ^<60217>;2354,75
2005;Sankt Sebastian ^<60218>;1124,75
2005;Thörl ^<60219>;1854,625
2005;Tragöß ^<60220>;1090,5
2005;Turnau ^<60221>;1639,375
2005;Aflenz  <62138>;-
2005;Aflenz Kurort ^<62101>;-
2005;Aflenz Land ^<62102>;-
2005;Allerheiligen im Mürztal ^<62103>;-
2005;Altenberg an der Rax ^<62104>;-
2005;Breitenau am Hochlantsch <62105>;-
2005;Bruck an der Mur ^<62106>;-
2005;Bruck an der Mur <62139>;-
2005;Etmißl ^<62107>;-
2005;Frauenberg ^<62108>;-
2005;Ganz ^<62109>;-
2005;Gußwerk ^<62110>;-
2005;Halltal ^<62111>;-
2005;Kapellen ^<62112>;-
2005;Kapfenberg ^<62113>;-
2005;Kapfenberg <62140>;-
2005;Kindberg ^<62114>;-
2005;Kindberg <62141>;-
2005;Krieglach <62115>;-
2005;Langenwang <62116>;-
2005;Mariazell ^<62117>;-
2005;Mariazell <62142>;-
2005;Mitterdorf im Mürztal ^<62118>;-
2005;Mürzhofen ^<62119>;-
2005;Mürzsteg ^<62120>;-
2005;Mürzzuschlag ^<62121>;-
2005;Mürzzuschlag <62143>;-
2005;Neuberg an der Mürz ^<62122>;-
2005;Neuberg an der Mürz <62144>;-
2005;Oberaich ^<62123>;-
2005;Parschlug ^<62124>;-
2005;Pernegg an der Mur <62125>;-
2005;Sankt Barbara im Mürztal <62145>;-
2005;Sankt Ilgen ^<62126>;-
2005;Sankt Katharein an der Laming ^<62127>;-
2005;Sankt Lorenzen im Mürztal <62128>;-
2005;Sankt Marein im Mürztal ^<62129>;-
2005;Sankt Marein im Mürztal <62146>;-
2005;Sankt Sebastian ^<62130>;-
2005;Spital am Semmering <62131>;-
2005;Stanz im Mürztal <62132>;-
2005;Thörl ^<62133>;-
2005;Thörl <62147>;-
2005;Tragöß ^<62134>;-
2005;Tragöß-Sankt Katharein <62148>;-
2005;Turnau <62135>;-
2005;Veitsch ^<62136>;-
2005;Wartberg im Mürztal ^<62137>;-
2005;Aibl ^<60301>;1486,625
2005;Bad Gams ^<60307>;2276,875
2005;Bad Schwanberg <60349>;-
2005;Deutschlandsberg ^<60302>;8173
2005;Deutschlandsberg <60344>;-
2005;Eibiswald ^<60303>;1395,125
2005;Eibiswald <60345>;-
2005;Feldbaum ^<60304>;-
2005;Frauental an der Laßnitz <60305>;2931,75
2005;Freiland bei Deutschlandsberg ^<60306>;138,75
2005;Garanas ^<60308>;298,125
2005;Georgsberg ^<60309>;1446,5
2005;Greisdorf ^<60310>;1023,875
2005;Gressenberg ^<60311>;340,5
2005;Groß Sankt Florian ^<60312>;2935,25
2005;Groß Sankt Florian <60346>;-
2005;Großradl ^<60313>;1481,5
2005;Gundersdorf ^<60314>;417
2005;Hollenegg ^<60315>;2245
2005;Kloster ^<60316>;213,25
2005;Kruckenberg ^<60317>;-
2005;Lannach <60318>;3229,5
2005;Limberg bei Wies ^<60319>;913
2005;Marhof ^<60320>;1033,875
2005;Osterwitz ^<60321>;155,875
2005;Pitschgau ^<60322>;1610,625
2005;Pölfing-Brunn <60323>;1617,125
2005;Preding <60324>;1683,375
2005;Rassach ^<60325>;1441,125
2005;Sankt Josef (Weststeiermark) <60326>;1355,5
2005;Sankt Martin im Sulmtal ^<60327>;1931,75
2005;Sankt Martin im Sulmtal <60347>;-
2005;Sankt Oswald ob Eibiswald ^<60328>;588,125
2005;Sankt Peter im Sulmtal <60329>;1336,625
2005;Sankt Stefan ob Stainz ^<60330>;2196,375
2005;Sankt Stefan ob Stainz <60348>;-
2005;Schwanberg ^<60331>;2139,5
2005;Soboth ^<60332>;408,875
2005;Stainz ^<60333>;2400
2005;Stainz <60350>;-
2005;Stainztal ^<60334>;1473,75
2005;Stallhof ^<60335>;539,5
2005;Sulmeck-Greith ^<60336>;1403
2005;Sulz-Laufenegg ^<60337>;-
2005;Trahütten ^<60338>;410,125
2005;Unterbergla ^<60339>;1442,75
2005;Wernersdorf ^<60340>;673,875
2005;Wettmannstätten <60341>;1488
2005;Wielfresen ^<60342>;656,875
2005;Wies ^<60343>;2400,875
2005;Wies <60351>;-
2005;Auersbach ^<60401>;865,375
2005;Aug-Radisch ^<60402>;289
2005;Bad Gleichenberg ^<60403>;2107,125
2005;Bairisch Kölldorf ^<60404>;1016,375
2005;Baumgarten bei Gnas ^<60405>;597,75
2005;Breitenfeld an der Rittschein ^<60406>;810,875
2005;Edelsbach bei Feldbach ^<60407>;1362,25
2005;Edelstauden ^<60408>;445,75
2005;Eichkögl ^<60409>;1207
2005;Fehring ^<60410>;3131,5
2005;Feldbach ^<60411>;4716,375
2005;Fladnitz im Raabtal ^<60412>;745,75
2005;Frannach ^<60413>;536,375
2005;Frutten-Gießelsdorf ^<60414>;673,375
2005;Glojach ^<60415>;234,25
2005;Gnas ^<60416>;1911
2005;Gniebing-Weißenbach ^<60417>;2203,375
2005;Gossendorf ^<60418>;962,5
2005;Grabersdorf ^<60419>;371
2005;Hatzendorf ^<60420>;1792,875
2005;Hohenbrugg-Weinberg ^<60421>;1065,625
2005;Jagerberg ^<60422>;1767,875
2005;Johnsdorf-Brunn ^<60423>;803,125
2005;Kapfenstein ^<60424>;1663,625
2005;Kirchbach in Steiermark ^<60425>;1629
2005;Kirchberg an der Raab ^<60426>;1883
2005;Kohlberg ^<60427>;563,625
2005;Kornberg bei Riegersburg ^<60428>;1185,125
2005;Krusdorf ^<60429>;401,75
2005;Leitersdorf im Raabtal ^<60430>;607,875
2005;Lödersdorf ^<60431>;705
2005;Maierdorf ^<60432>;571,375
2005;Merkendorf ^<60433>;1148,25
2005;Mitterlabill ^<60434>;448,125
2005;Mühldorf bei Feldbach ^<60435>;2961,125
2005;Oberdorf am Hochegg ^<60436>;754,125
2005;Oberstorcha ^<60437>;604,625
2005;Paldau ^<60438>;2042,5
2005;Perlsdorf ^<60439>;375,25
2005;Pertlstein ^<60440>;828
2005;Petersdorf II ^<60441>;846,375
2005;Pirching am Traubenberg ^<60442>;1524,25
2005;Poppendorf ^<60443>;713,25
2005;Raabau ^<60444>;574,375
2005;Raning ^<60445>;819,75
2005;Reith b.Hartmannsdorf ^<60446>;-
2005;Riegersburg ^<60447>;2572,25
2005;Sankt Anna am Aigen ^<60448>;1822,25
2005;Sankt Stefan im Rosental ^<60449>;3839,875
2005;Schwarzau im Schwarzautal ^<60450>;651,25
2005;Stainz bei Straden ^<60451>;1008,75
2005;Studenzen ^<60452>;703,75
2005;Trautmannsdorf in Oststeiermark ^<60453>;883,75
2005;Unterauersbach ^<60454>;498,125
2005;Unterlamm ^<60455>;1267,875
2005;Zerlach ^<60456>;1770,5
2005;Altenmarkt bei Fürstenfeld ^<60501>;1174,5
2005;Bad Blumau ^<60502>;1579,25
2005;Burgau ^<60503>;1013,25
2005;Fürstenfeld ^<60504>;5982,5
2005;Großsteinbach ^<60505>;1373,875
2005;Großwilfersdorf ^<60506>;1432,625
2005;Hainersdorf ^<60507>;686,25
2005;Ilz ^<60508>;2611
2005;Loipersdorf bei Fürstenfeld ^<60509>;1375,625
2005;Nestelbach im Ilztal ^<60510>;1134,625
2005;Ottendorf an der Rittschein ^<60511>;1489
2005;Söchau ^<60512>;1488
2005;Stein ^<60513>;495,75
2005;Übersbach ^<60514>;1202,125
2005;Attendorf ^<60601>;1725,875
2005;Brodingberg ^<60602>;1212,375
2005;Deutschfeistritz ^<60603>;3945,375
2005;Deutschfeistritz <60659>;-
2005;Dobl ^<60604>;1468,75
2005;Dobl-Zwaring <60660>;-
2005;Edelsgrub ^<60605>;643,5
2005;Eggersdorf bei Graz ^<60606>;1987,875
2005;Eggersdorf bei Graz <60661>;-
2005;Eisbach ^<60607>;2912
2005;Feldkirchen bei Graz <60608>;5219,75
2005;Fernitz ^<60609>;2975,25
2005;Fernitz-Mellach <60662>;-
2005;Frohnleiten ^<60610>;6346,125
2005;Frohnleiten <60663>;-
2005;Gössendorf <60611>;3243,375
2005;Grambach ^<60612>;1491,875
2005;Gratkorn <60613>;6884,125
2005;Gratwein ^<60614>;3592
2005;Gratwein-Straßengel <60664>;-
2005;Großstübing ^<60615>;373
2005;Gschnaidt ^<60616>;396,25
2005;Hart bei Graz <60617>;4372,25
2005;Hart-Purgstall ^<60634>;1639,625
2005;Haselsdorf-Tobelbad <60618>;1244
2005;Hausmannstätten <60619>;2682,75
2005;Hitzendorf ^<60620>;3572,25
2005;Hitzendorf <60665>;-
2005;Höf-Präbach ^<60621>;1405,625
2005;Judendorf-Straßengel ^<60622>;5286,25
2005;Kainbach bei Graz <60623>;2537,625
2005;Kalsdorf bei Graz <60624>;5247
2005;Krumegg ^<60625>;1406,375
2005;Kumberg <60626>;3376,625
2005;Langegg bei Graz ^<60627>;801,625
2005;Laßnitzhöhe <60628>;2603,875
2005;Lieboch <60629>;4315,125
2005;Mellach ^<60630>;1165,125
2005;Nestelbach bei Graz ^<60631>;1086,5
2005;Nestelbach bei Graz <60666>;-
2005;Peggau <60632>;2178,75
2005;Pirka ^<60633>;2958,125
2005;Premstätten <60670>;-
2005;Raaba ^<60635>;2105,75
2005;Raaba-Grambach <60667>;-
2005;Rohrbach-Steinberg ^<60637>;1319,375
2005;Röthelstein ^<60636>;241,875
2005;Rothleiten ^<60638>;-
2005;Sankt Bartholomä <60639>;1390,125
2005;Sankt Marein bei Graz ^<60640>;1199,875
2005;Sankt Marein bei Graz <60668>;-
2005;Sankt Oswald bei Plankenwarth <60641>;1149,75
2005;Sankt Radegund bei Graz <60642>;2041
2005;Schrems bei Frohnleiten ^<60643>;587,5
2005;Seiersberg ^<60644>;6687,25
2005;Seiersberg-Pirka <60669>;-
2005;Semriach <60645>;3266,75
2005;Stattegg <60646>;2558,75
2005;Stiwoll <60647>;707,125
2005;Thal <60648>;2211
2005;Tulwitz ^<60649>;506,75
2005;Tyrnau ^<60650>;158,5
2005;Übelbach <60651>;2051,25
2005;Unterpremstätten ^<60652>;3370,875
2005;Vasoldsberg <60653>;4077,875
2005;Weinitzen <60654>;2455,625
2005;Werndorf <60655>;2078,75
2005;Wundschuh <60656>;1428,25
2005;Zettling ^<60657>;1422
2005;Zwaring-Pöls ^<60658>;1456,5
2005;Bad Waltersdorf ^<60748>;2083,125
2005;Blaindorf ^<60701>;667
2005;Buch-Geiseldorf ^<60702>;1027,625
2005;Dechantskirchen ^<60703>;1688
2005;Dienersdorf ^<60704>;661,625
2005;Ebersdorf ^<60705>;1181,25
2005;Eichberg ^<60716>;1223
2005;Friedberg ^<60706>;2605,25
2005;Grafendorf bei Hartberg ^<60707>;2520,75
2005;Greinbach ^<60708>;1850,625
2005;Großhart ^<60709>;636,25
2005;Hartberg ^<60710>;6598,875
2005;Hartberg Umgebung ^<60711>;2175,5
2005;Hartl ^<60712>;833,375
2005;Hofkirchen bei Hartberg ^<60713>;626,5
2005;Kaibing ^<60714>;372,5
2005;Kaindorf ^<60715>;1450,875
2005;Lafnitz ^<60717>;1423,5
2005;Limbach bei Neudau ^<60718>;337,125
2005;Mönichwald ^<60719>;937,25
2005;Neudau ^<60720>;1304,25
2005;Pinggau ^<60721>;3106,625
2005;Pöllau ^<60722>;2128,125
2005;Pöllauberg ^<60723>;2240,375
2005;Puchegg ^<60724>;556,125
2005;Rabenwald ^<60725>;652,75
2005;Riegersberg ^<60726>;1027
2005;Rohr bei Hartberg ^<60727>;1055,25
2005;Rohrbach an der Lafnitz ^<60728>;1046,125
2005;Saifen-Boden ^<60729>;1069
2005;Sankt Jakob im Walde ^<60730>;1113,625
2005;Sankt Johann bei Herberstein ^<60731>;340,5
2005;Sankt Johann in der Haide ^<60732>;1973,375
2005;Sankt Lorenzen am Wechsel ^<60733>;1672,5
2005;Sankt Magdalena am Lemberg ^<60734>;1133,5
2005;Schachen bei Vorau ^<60735>;1240,75
2005;Schäffern ^<60736>;1485
2005;Schlag bei Thalberg ^<60737>;985,25
2005;Schönegg bei Pöllau ^<60738>;1393,75
2005;Sebersdorf ^<60739>;1377,125
2005;Siegersdorf bei Herberstein ^<60740>;304,25
2005;Sonnhofen ^<60741>;1057,25
2005;Stambach ^<60742>;647
2005;Stubenberg ^<60743>;2222,5
2005;Tiefenbach bei Kaindorf ^<60744>;681,25
2005;Vorau ^<60745>;1429,375
2005;Vornholz ^<60746>;766,25
2005;Waldbach ^<60747>;817,375
2005;Wenigzell ^<60749>;1516,25
2005;Wörth an der Lafnitz ^<60750>;407
2005;Altenmarkt bei Fürstenfeld ^<62201>;-
2005;Bad Blumau <62202>;-
2005;Bad Waltersdorf ^<62203>;-
2005;Bad Waltersdorf <62264>;-
2005;Blaindorf ^<62204>;-
2005;Buch-St. Magdalena <62205>;-
2005;Burgau <62206>;-
2005;Dechantskirchen ^<62207>;-
2005;Dechantskirchen <62265>;-
2005;Dienersdorf ^<62208>;-
2005;Ebersdorf <62209>;-
2005;Eichberg ^<62210>;-
2005;Feistritztal <62266>;-
2005;Friedberg <62211>;-
2005;Fürstenfeld ^<62212>;-
2005;Fürstenfeld ^<62267>;-
2005;Fürstenfeld <62280>;-
2005;Grafendorf bei Hartberg ^<62213>;-
2005;Grafendorf bei Hartberg <62268>;-
2005;Greinbach <62214>;-
2005;Großhart ^<62215>;-
2005;Großsteinbach <62216>;-
2005;Großwilfersdorf ^<62217>;-
2005;Großwilfersdorf <62269>;-
2005;Hainersdorf ^<62218>;-
2005;Hartberg <62219>;-
2005;Hartberg Umgebung <62220>;-
2005;Hartl ^<62221>;-
2005;Hartl <62270>;-
2005;Hofkirchen bei Hartberg ^<62222>;-
2005;Ilz ^<62223>;-
2005;Ilz <62271>;-
2005;Kaibing ^<62224>;-
2005;Kaindorf ^<62225>;-
2005;Kaindorf <62272>;-
2005;Lafnitz <62226>;-
2005;Limbach bei Neudau ^<62227>;-
2005;Loipersdorf bei Fürstenfeld ^<62228>;-
2005;Bad Loipersdorf <62273>;-
2005;Mönichwald ^<62229>;-
2005;Nestelbach im Ilztal ^<62230>;-
2005;Neudau ^<62231>;-
2005;Neudau <62274>;-
2005;Ottendorf an der Rittschein <62232>;-
2005;Pinggau <62233>;-
2005;Pöllau ^<62234>;-
2005;Pöllau <62275>;-
2005;Pöllauberg <62235>;-
2005;Puchegg ^<62236>;-
2005;Rabenwald ^<62237>;-
2005;Riegersberg ^<62238>;-
2005;Rohr bei Hartberg ^<62239>;-
2005;Rohr bei Hartberg <62276>;-
2005;Rohrbach an der Lafnitz ^<62240>;-
2005;Rohrbach an der Lafnitz <62277>;-
2005;Saifen-Boden ^<62241>;-
2005;Sankt Jakob im Walde <62242>;-
2005;Sankt Johann bei Herberstein ^<62243>;-
2005;Sankt Johann in der Haide <62244>;-
2005;Sankt Lorenzen am Wechsel <62245>;-
2005;Schachen bei Vorau ^<62246>;-
2005;Schäffern <62247>;-
2005;Schlag bei Thalberg ^<62248>;-
2005;Schönegg bei Pöllau ^<62249>;-
2005;Sebersdorf ^<62250>;-
2005;Siegersdorf bei Herberstein ^<62251>;-
2005;Söchau ^<62252>;-
2005;Sonnhofen ^<62253>;-
2005;Stambach ^<62254>;-
2005;Stein ^<62255>;-
2005;Stubenberg <62256>;-
2005;Tiefenbach bei Kaindorf ^<62257>;-
2005;Übersbach ^<62258>;-
2005;Vorau ^<62259>;-
2005;Vorau <62278>;-
2005;Vornholz ^<62260>;-
2005;Waldbach ^<62261>;-
2005;Waldbach-Mönichwald <62279>;-
2005;Wenigzell <62262>;-
2005;Wörth an der Lafnitz ^<62263>;-
2005;Amering ^<60801>;1021
2005;Bretstein ^<60802>;336
2005;Eppenstein ^<60803>;1357,75
2005;Fohnsdorf ^<60804>;8289
2005;Hohentauern ^<60805>;541,25
2005;Judenburg ^<60806>;9667,5
2005;Maria Buch-Feistritz ^<60809>;2280,625
2005;Obdach ^<60810>;2237
2005;Oberkurzheim ^<60811>;776,25
2005;Oberweg ^<60812>;652
2005;Oberzeiring ^<60813>;910,25
2005;Pöls ^<60814>;2675,125
2005;Pusterwald ^<60815>;514,875
2005;Reifling ^<60816>;408,5
2005;Reisstraße ^<60817>;190,75
2005;Sankt Anna am Lavantegg ^<60808>;441,25
2005;Sankt Georgen ob Judenburg ^<60818>;939,625
2005;Sankt Johann am Tauern ^<60819>;529
2005;Sankt Oswald-Möderbrugg ^<60820>;1208,375
2005;Sankt Peter ob Judenburg ^<60821>;1167,5
2005;Sankt Wolfgang-Kienberg ^<60807>;400,75
2005;Unzmarkt-Frauenburg ^<60822>;1498,625
2005;Weißkirchen in Steiermark ^<60823>;1302,875
2005;Zeltweg ^<60824>;7677,625
2005;Apfelberg ^<60901>;1095,75
2005;Feistritz bei Knittelfeld ^<60902>;686,75
2005;Flatschach ^<60903>;186,125
2005;Gaal ^<60904>;1440
2005;Großlobming ^<60905>;1131,5
2005;Kleinlobming ^<60906>;717,125
2005;Knittelfeld ^<60907>;12156,625
2005;Kobenz ^<60908>;1735,5
2005;Rachau ^<60909>;692,5
2005;Sankt Lorenzen bei Knittelfeld ^<60910>;805,875
2005;Sankt Marein bei Knittelfeld ^<60911>;1194,25
2005;Sankt Margarethen bei Knittelfeld ^<60912>;1363,875
2005;Seckau ^<60913>;1270,625
2005;Spielberg bei Knittelfeld ^<60914>;5001,125
2006;Aflenz Kurort ^<60201>;1013,875
2006;Aflenz Land ^<60202>;1547,5
2006;Breitenau am Hochlantsch ^<60203>;1965,625
2006;Bruck an der Mur ^<60204>;13313,5
2006;Etmißl ^<60205>;518,75
2006;Frauenberg ^<60206>;176,375
2006;Gußwerk ^<60207>;1413
2006;Halltal ^<60208>;340,375
2006;Kapfenberg ^<60209>;21977,25
2006;Mariazell ^<60210>;1601,875
2006;Oberaich ^<60211>;2948,625
2006;Parschlug ^<60212>;1791,625
2006;Pernegg an der Mur ^<60213>;2419,625
2006;Sankt Ilgen ^<60214>;286,75
2006;Sankt Katharein an der Laming ^<60215>;1106,625
2006;Sankt Lorenzen im Mürztal ^<60216>;3332
2006;Sankt Marein im Mürztal ^<60217>;2388,75
2006;Sankt Sebastian ^<60218>;1095,375
2006;Thörl ^<60219>;1817,75
2006;Tragöß ^<60220>;1067
2006;Turnau ^<60221>;1631,875
2006;Aflenz  <62138>;-
2006;Aflenz Kurort ^<62101>;-
2006;Aflenz Land ^<62102>;-
2006;Allerheiligen im Mürztal ^<62103>;-
2006;Altenberg an der Rax ^<62104>;-
2006;Breitenau am Hochlantsch <62105>;-
2006;Bruck an der Mur ^<62106>;-
2006;Bruck an der Mur <62139>;-
2006;Etmißl ^<62107>;-
2006;Frauenberg ^<62108>;-
2006;Ganz ^<62109>;-
2006;Gußwerk ^<62110>;-
2006;Halltal ^<62111>;-
2006;Kapellen ^<62112>;-
2006;Kapfenberg ^<62113>;-
2006;Kapfenberg <62140>;-
2006;Kindberg ^<62114>;-
2006;Kindberg <62141>;-
2006;Krieglach <62115>;-
2006;Langenwang <62116>;-
2006;Mariazell ^<62117>;-
2006;Mariazell <62142>;-
2006;Mitterdorf im Mürztal ^<62118>;-
2006;Mürzhofen ^<62119>;-
2006;Mürzsteg ^<62120>;-
2006;Mürzzuschlag ^<62121>;-
2006;Mürzzuschlag <62143>;-
2006;Neuberg an der Mürz ^<62122>;-
2006;Neuberg an der Mürz <62144>;-
2006;Oberaich ^<62123>;-
2006;Parschlug ^<62124>;-
2006;Pernegg an der Mur <62125>;-
2006;Sankt Barbara im Mürztal <62145>;-
2006;Sankt Ilgen ^<62126>;-
2006;Sankt Katharein an der Laming ^<62127>;-
2006;Sankt Lorenzen im Mürztal <62128>;-
2006;Sankt Marein im Mürztal ^<62129>;-
2006;Sankt Marein im Mürztal <62146>;-
2006;Sankt Sebastian ^<62130>;-
2006;Spital am Semmering <62131>;-
2006;Stanz im Mürztal <62132>;-
2006;Thörl ^<62133>;-
2006;Thörl <62147>;-
2006;Tragöß ^<62134>;-
2006;Tragöß-Sankt Katharein <62148>;-
2006;Turnau <62135>;-
2006;Veitsch ^<62136>;-
2006;Wartberg im Mürztal ^<62137>;-
2006;Aibl ^<60301>;1496,875
2006;Bad Gams ^<60307>;2259,125
2006;Bad Schwanberg <60349>;-
2006;Deutschlandsberg ^<60302>;8172,75
2006;Deutschlandsberg <60344>;-
2006;Eibiswald ^<60303>;1384,875
2006;Eibiswald <60345>;-
2006;Feldbaum ^<60304>;-
2006;Frauental an der Laßnitz <60305>;2928,25
2006;Freiland bei Deutschlandsberg ^<60306>;141,375
2006;Garanas ^<60308>;291,5
2006;Georgsberg ^<60309>;1441
2006;Greisdorf ^<60310>;1014,25
2006;Gressenberg ^<60311>;337,375
2006;Groß Sankt Florian ^<60312>;2927,375
2006;Groß Sankt Florian <60346>;-
2006;Großradl ^<60313>;1453,875
2006;Gundersdorf ^<60314>;417,75
2006;Hollenegg ^<60315>;2236,5
2006;Kloster ^<60316>;211,625
2006;Kruckenberg ^<60317>;-
2006;Lannach <60318>;3272,125
2006;Limberg bei Wies ^<60319>;913,75
2006;Marhof ^<60320>;1040,75
2006;Osterwitz ^<60321>;159,875
2006;Pitschgau ^<60322>;1613,75
2006;Pölfing-Brunn <60323>;1621,625
2006;Preding <60324>;1686
2006;Rassach ^<60325>;1459,875
2006;Sankt Josef (Weststeiermark) <60326>;1358,125
2006;Sankt Martin im Sulmtal ^<60327>;1917,75
2006;Sankt Martin im Sulmtal <60347>;-
2006;Sankt Oswald ob Eibiswald ^<60328>;580,375
2006;Sankt Peter im Sulmtal <60329>;1339,25
2006;Sankt Stefan ob Stainz ^<60330>;2196,875
2006;Sankt Stefan ob Stainz <60348>;-
2006;Schwanberg ^<60331>;2161,625
2006;Soboth ^<60332>;398,125
2006;Stainz ^<60333>;2382,625
2006;Stainz <60350>;-
2006;Stainztal ^<60334>;1464,625
2006;Stallhof ^<60335>;550,125
2006;Sulmeck-Greith ^<60336>;1388,75
2006;Sulz-Laufenegg ^<60337>;-
2006;Trahütten ^<60338>;432,25
2006;Unterbergla ^<60339>;1435,125
2006;Wernersdorf ^<60340>;663
2006;Wettmannstätten <60341>;1500,5
2006;Wielfresen ^<60342>;639,875
2006;Wies ^<60343>;2371,25
2006;Wies <60351>;-
2006;Auersbach ^<60401>;868,125
2006;Aug-Radisch ^<60402>;291
2006;Bad Gleichenberg ^<60403>;2122,75
2006;Bairisch Kölldorf ^<60404>;1016,25
2006;Baumgarten bei Gnas ^<60405>;596,875
2006;Breitenfeld an der Rittschein ^<60406>;811,75
2006;Edelsbach bei Feldbach ^<60407>;1361,125
2006;Edelstauden ^<60408>;448,625
2006;Eichkögl ^<60409>;1210,75
2006;Fehring ^<60410>;3109,125
2006;Feldbach ^<60411>;4744,625
2006;Fladnitz im Raabtal ^<60412>;750,375
2006;Frannach ^<60413>;535,875
2006;Frutten-Gießelsdorf ^<60414>;666,125
2006;Glojach ^<60415>;233,375
2006;Gnas ^<60416>;1915,625
2006;Gniebing-Weißenbach ^<60417>;2200,25
2006;Gossendorf ^<60418>;949,5
2006;Grabersdorf ^<60419>;366,625
2006;Hatzendorf ^<60420>;1779,75
2006;Hohenbrugg-Weinberg ^<60421>;1047,875
2006;Jagerberg ^<60422>;1769,75
2006;Johnsdorf-Brunn ^<60423>;804,25
2006;Kapfenstein ^<60424>;1670,125
2006;Kirchbach in Steiermark ^<60425>;1612,25
2006;Kirchberg an der Raab ^<60426>;1909,375
2006;Kohlberg ^<60427>;556,625
2006;Kornberg bei Riegersburg ^<60428>;1180,125
2006;Krusdorf ^<60429>;404,375
2006;Leitersdorf im Raabtal ^<60430>;621,125
2006;Lödersdorf ^<60431>;697,875
2006;Maierdorf ^<60432>;575,625
2006;Merkendorf ^<60433>;1150,375
2006;Mitterlabill ^<60434>;445,125
2006;Mühldorf bei Feldbach ^<60435>;3005
2006;Oberdorf am Hochegg ^<60436>;737,125
2006;Oberstorcha ^<60437>;607,25
2006;Paldau ^<60438>;2035,25
2006;Perlsdorf ^<60439>;372,375
2006;Pertlstein ^<60440>;825,5
2006;Petersdorf II ^<60441>;866,25
2006;Pirching am Traubenberg ^<60442>;1557,75
2006;Poppendorf ^<60443>;720,625
2006;Raabau ^<60444>;571,625
2006;Raning ^<60445>;819,25
2006;Reith b.Hartmannsdorf ^<60446>;-
2006;Riegersburg ^<60447>;2569,5
2006;Sankt Anna am Aigen ^<60448>;1816
2006;Sankt Stefan im Rosental ^<60449>;3836,375
2006;Schwarzau im Schwarzautal ^<60450>;652,5
2006;Stainz bei Straden ^<60451>;1003
2006;Studenzen ^<60452>;705
2006;Trautmannsdorf in Oststeiermark ^<60453>;881,875
2006;Unterauersbach ^<60454>;491
2006;Unterlamm ^<60455>;1289,25
2006;Zerlach ^<60456>;1781,875
2006;Altenmarkt bei Fürstenfeld ^<60501>;1174,875
2006;Bad Blumau ^<60502>;1605,375
2006;Burgau ^<60503>;998,375
2006;Fürstenfeld ^<60504>;5948,75
2006;Großsteinbach ^<60505>;1367,75
2006;Großwilfersdorf ^<60506>;1434,75
2006;Hainersdorf ^<60507>;679,75
2006;Ilz ^<60508>;2632,625
2006;Loipersdorf bei Fürstenfeld ^<60509>;1399
2006;Nestelbach im Ilztal ^<60510>;1147,875
2006;Ottendorf an der Rittschein ^<60511>;1499,25
2006;Söchau ^<60512>;1472,125
2006;Stein ^<60513>;486
2006;Übersbach ^<60514>;1188
2006;Attendorf ^<60601>;1750,125
2006;Brodingberg ^<60602>;1217,5
2006;Deutschfeistritz ^<60603>;3940,5
2006;Deutschfeistritz <60659>;-
2006;Dobl ^<60604>;1529,875
2006;Dobl-Zwaring <60660>;-
2006;Edelsgrub ^<60605>;653
2006;Eggersdorf bei Graz ^<60606>;1984,625
2006;Eggersdorf bei Graz <60661>;-
2006;Eisbach ^<60607>;2917,25
2006;Feldkirchen bei Graz <60608>;5251,75
2006;Fernitz ^<60609>;3014
2006;Fernitz-Mellach <60662>;-
2006;Frohnleiten ^<60610>;6284,375
2006;Frohnleiten <60663>;-
2006;Gössendorf <60611>;3277,625
2006;Grambach ^<60612>;1535,625
2006;Gratkorn <60613>;7007
2006;Gratwein ^<60614>;3608
2006;Gratwein-Straßengel <60664>;-
2006;Großstübing ^<60615>;360,375
2006;Gschnaidt ^<60616>;393,125
2006;Hart bei Graz <60617>;4372,25
2006;Hart-Purgstall ^<60634>;1634,75
2006;Haselsdorf-Tobelbad <60618>;1271,375
2006;Hausmannstätten <60619>;2710,625
2006;Hitzendorf ^<60620>;3628,5
2006;Hitzendorf <60665>;-
2006;Höf-Präbach ^<60621>;1416,25
2006;Judendorf-Straßengel ^<60622>;5325,5
2006;Kainbach bei Graz <60623>;2570,5
2006;Kalsdorf bei Graz <60624>;5370
2006;Krumegg ^<60625>;1419
2006;Kumberg <60626>;3422,125
2006;Langegg bei Graz ^<60627>;811,875
2006;Laßnitzhöhe <60628>;2627
2006;Lieboch <60629>;4368
2006;Mellach ^<60630>;1174,5
2006;Nestelbach bei Graz ^<60631>;1087,125
2006;Nestelbach bei Graz <60666>;-
2006;Peggau <60632>;2169,875
2006;Pirka ^<60633>;2996,5
2006;Premstätten <60670>;-
2006;Raaba ^<60635>;2114
2006;Raaba-Grambach <60667>;-
2006;Rohrbach-Steinberg ^<60637>;1329,5
2006;Röthelstein ^<60636>;231,25
2006;Rothleiten ^<60638>;-
2006;Sankt Bartholomä <60639>;1394,5
2006;Sankt Marein bei Graz ^<60640>;1195,125
2006;Sankt Marein bei Graz <60668>;-
2006;Sankt Oswald bei Plankenwarth <60641>;1138,125
2006;Sankt Radegund bei Graz <60642>;2058,125
2006;Schrems bei Frohnleiten ^<60643>;589,75
2006;Seiersberg ^<60644>;6871,375
2006;Seiersberg-Pirka <60669>;-
2006;Semriach <60645>;3278,5
2006;Stattegg <60646>;2613,75
2006;Stiwoll <60647>;696
2006;Thal <60648>;2230,5
2006;Tulwitz ^<60649>;521,875
2006;Tyrnau ^<60650>;159,25
2006;Übelbach <60651>;2028,875
2006;Unterpremstätten ^<60652>;3437,875
2006;Vasoldsberg <60653>;4155,5
2006;Weinitzen <60654>;2446,125
2006;Werndorf <60655>;2076,375
2006;Wundschuh <60656>;1474,875
2006;Zettling ^<60657>;1443,875
2006;Zwaring-Pöls ^<60658>;1488,75
2006;Bad Waltersdorf ^<60748>;2078,125
2006;Blaindorf ^<60701>;676,875
2006;Buch-Geiseldorf ^<60702>;1016,25
2006;Dechantskirchen ^<60703>;1695
2006;Dienersdorf ^<60704>;656,5
2006;Ebersdorf ^<60705>;1206,5
2006;Eichberg ^<60716>;1214,75
2006;Friedberg ^<60706>;2609
2006;Grafendorf bei Hartberg ^<60707>;2529
2006;Greinbach ^<60708>;1840,375
2006;Großhart ^<60709>;636,875
2006;Hartberg ^<60710>;6628,125
2006;Hartberg Umgebung ^<60711>;2156,5
2006;Hartl ^<60712>;834
2006;Hofkirchen bei Hartberg ^<60713>;625
2006;Kaibing ^<60714>;366,875
2006;Kaindorf ^<60715>;1450,75
2006;Lafnitz ^<60717>;1419,5
2006;Limbach bei Neudau ^<60718>;340,25
2006;Mönichwald ^<60719>;927,75
2006;Neudau ^<60720>;1298,375
2006;Pinggau ^<60721>;3102,625
2006;Pöllau ^<60722>;2104,75
2006;Pöllauberg ^<60723>;2235,5
2006;Puchegg ^<60724>;555,125
2006;Rabenwald ^<60725>;650,5
2006;Riegersberg ^<60726>;1020,375
2006;Rohr bei Hartberg ^<60727>;1083,5
2006;Rohrbach an der Lafnitz ^<60728>;1047
2006;Saifen-Boden ^<60729>;1063
2006;Sankt Jakob im Walde ^<60730>;1105
2006;Sankt Johann bei Herberstein ^<60731>;348,375
2006;Sankt Johann in der Haide ^<60732>;1975
2006;Sankt Lorenzen am Wechsel ^<60733>;1660,5
2006;Sankt Magdalena am Lemberg ^<60734>;1118,125
2006;Schachen bei Vorau ^<60735>;1224,375
2006;Schäffern ^<60736>;1492,875
2006;Schlag bei Thalberg ^<60737>;983,25
2006;Schönegg bei Pöllau ^<60738>;1391,25
2006;Sebersdorf ^<60739>;1389,375
2006;Siegersdorf bei Herberstein ^<60740>;303,75
2006;Sonnhofen ^<60741>;1048,5
2006;Stambach ^<60742>;641,625
2006;Stubenberg ^<60743>;2245,75
2006;Tiefenbach bei Kaindorf ^<60744>;697
2006;Vorau ^<60745>;1414,625
2006;Vornholz ^<60746>;764
2006;Waldbach ^<60747>;807,125
2006;Wenigzell ^<60749>;1485,5
2006;Wörth an der Lafnitz ^<60750>;404,625
2006;Altenmarkt bei Fürstenfeld ^<62201>;-
2006;Bad Blumau <62202>;-
2006;Bad Waltersdorf ^<62203>;-
2006;Bad Waltersdorf <62264>;-
2006;Blaindorf ^<62204>;-
2006;Buch-St. Magdalena <62205>;-
2006;Burgau <62206>;-
2006;Dechantskirchen ^<62207>;-
2006;Dechantskirchen <62265>;-
2006;Dienersdorf ^<62208>;-
2006;Ebersdorf <62209>;-
2006;Eichberg ^<62210>;-
2006;Feistritztal <62266>;-
2006;Friedberg <62211>;-
2006;Fürstenfeld ^<62212>;-
2006;Fürstenfeld ^<62267>;-
2006;Fürstenfeld <62280>;-
2006;Grafendorf bei Hartberg ^<62213>;-
2006;Grafendorf bei Hartberg <62268>;-
2006;Greinbach <62214>;-
2006;Großhart ^<62215>;-
2006;Großsteinbach <62216>;-
2006;Großwilfersdorf ^<62217>;-
2006;Großwilfersdorf <62269>;-
2006;Hainersdorf ^<62218>;-
2006;Hartberg <62219>;-
2006;Hartberg Umgebung <62220>;-
2006;Hartl ^<62221>;-
2006;Hartl <62270>;-
2006;Hofkirchen bei Hartberg ^<62222>;-
2006;Ilz ^<62223>;-
2006;Ilz <62271>;-
2006;Kaibing ^<62224>;-
2006;Kaindorf ^<62225>;-
2006;Kaindorf <62272>;-
2006;Lafnitz <62226>;-
2006;Limbach bei Neudau ^<62227>;-
2006;Loipersdorf bei Fürstenfeld ^<62228>;-
2006;Bad Loipersdorf <62273>;-
2006;Mönichwald ^<62229>;-
2006;Nestelbach im Ilztal ^<62230>;-
2006;Neudau ^<62231>;-
2006;Neudau <62274>;-
2006;Ottendorf an der Rittschein <62232>;-
2006;Pinggau <62233>;-
2006;Pöllau ^<62234>;-
2006;Pöllau <62275>;-
2006;Pöllauberg <62235>;-
2006;Puchegg ^<62236>;-
2006;Rabenwald ^<62237>;-
2006;Riegersberg ^<62238>;-
2006;Rohr bei Hartberg ^<62239>;-
2006;Rohr bei Hartberg <62276>;-
2006;Rohrbach an der Lafnitz ^<62240>;-
2006;Rohrbach an der Lafnitz <62277>;-
2006;Saifen-Boden ^<62241>;-
2006;Sankt Jakob im Walde <62242>;-
2006;Sankt Johann bei Herberstein ^<62243>;-
2006;Sankt Johann in der Haide <62244>;-
2006;Sankt Lorenzen am Wechsel <62245>;-
2006;Schachen bei Vorau ^<62246>;-
2006;Schäffern <62247>;-
2006;Schlag bei Thalberg ^<62248>;-
2006;Schönegg bei Pöllau ^<62249>;-
2006;Sebersdorf ^<62250>;-
2006;Siegersdorf bei Herberstein ^<62251>;-
2006;Söchau ^<62252>;-
2006;Sonnhofen ^<62253>;-
2006;Stambach ^<62254>;-
2006;Stein ^<62255>;-
2006;Stubenberg <62256>;-
2006;Tiefenbach bei Kaindorf ^<62257>;-
2006;Übersbach ^<62258>;-
2006;Vorau ^<62259>;-
2006;Vorau <62278>;-
2006;Vornholz ^<62260>;-
2006;Waldbach ^<62261>;-
2006;Waldbach-Mönichwald <62279>;-
2006;Wenigzell <62262>;-
2006;Wörth an der Lafnitz ^<62263>;-
2006;Amering ^<60801>;1022
2006;Bretstein ^<60802>;331,125
2006;Eppenstein ^<60803>;1343,125
2006;Fohnsdorf ^<60804>;8239,75
2006;Hohentauern ^<60805>;543,25
2006;Judenburg ^<60806>;9543,625
2006;Maria Buch-Feistritz ^<60809>;2298,125
2006;Obdach ^<60810>;2217,375
2006;Oberkurzheim ^<60811>;752,75
2006;Oberweg ^<60812>;636,375
2006;Oberzeiring ^<60813>;913,375
2006;Pöls ^<60814>;2668,75
2006;Pusterwald ^<60815>;514,75
2006;Reifling ^<60816>;408,5
2006;Reisstraße ^<60817>;195,5
2006;Sankt Anna am Lavantegg ^<60808>;436,75
2006;Sankt Georgen ob Judenburg ^<60818>;931,375
2006;Sankt Johann am Tauern ^<60819>;523,75
2006;Sankt Oswald-Möderbrugg ^<60820>;1192,625
2006;Sankt Peter ob Judenburg ^<60821>;1168
2006;Sankt Wolfgang-Kienberg ^<60807>;395,25
2006;Unzmarkt-Frauenburg ^<60822>;1471,625
2006;Weißkirchen in Steiermark ^<60823>;1289
2006;Zeltweg ^<60824>;7561,875
2006;Apfelberg ^<60901>;1094,25
2006;Feistritz bei Knittelfeld ^<60902>;714,625
2006;Flatschach ^<60903>;189,625
2006;Gaal ^<60904>;1423,875
2006;Großlobming ^<60905>;1144,5
2006;Kleinlobming ^<60906>;697,25
2006;Knittelfeld ^<60907>;11989,125
2006;Kobenz ^<60908>;1777,375
2006;Rachau ^<60909>;675,875
2006;Sankt Lorenzen bei Knittelfeld ^<60910>;802,375
2006;Sankt Marein bei Knittelfeld ^<60911>;1193,25
2006;Sankt Margarethen bei Knittelfeld ^<60912>;1356,5
2006;Seckau ^<60913>;1282,75
2006;Spielberg bei Knittelfeld ^<60914>;5058,125
2007;Aflenz Kurort ^<60201>;1031,375
2007;Aflenz Land ^<60202>;1492
2007;Breitenau am Hochlantsch ^<60203>;1933,125
2007;Bruck an der Mur ^<60204>;13243,5
2007;Etmißl ^<60205>;514,75
2007;Frauenberg ^<60206>;174,875
2007;Gußwerk ^<60207>;1392,875
2007;Halltal ^<60208>;349,625
2007;Kapfenberg ^<60209>;21863,375
2007;Mariazell ^<60210>;1587,75
2007;Oberaich ^<60211>;2986,375
2007;Parschlug ^<60212>;1789,375
2007;Pernegg an der Mur ^<60213>;2396
2007;Sankt Ilgen ^<60214>;281,875
2007;Sankt Katharein an der Laming ^<60215>;1087,25
2007;Sankt Lorenzen im Mürztal ^<60216>;3359,125
2007;Sankt Marein im Mürztal ^<60217>;2448
2007;Sankt Sebastian ^<60218>;1073,375
2007;Thörl ^<60219>;1774,25
2007;Tragöß ^<60220>;1054,375
2007;Turnau ^<60221>;1610,875
2007;Aflenz  <62138>;-
2007;Aflenz Kurort ^<62101>;-
2007;Aflenz Land ^<62102>;-
2007;Allerheiligen im Mürztal ^<62103>;-
2007;Altenberg an der Rax ^<62104>;-
2007;Breitenau am Hochlantsch <62105>;-
2007;Bruck an der Mur ^<62106>;-
2007;Bruck an der Mur <62139>;-
2007;Etmißl ^<62107>;-
2007;Frauenberg ^<62108>;-
2007;Ganz ^<62109>;-
2007;Gußwerk ^<62110>;-
2007;Halltal ^<62111>;-
2007;Kapellen ^<62112>;-
2007;Kapfenberg ^<62113>;-
2007;Kapfenberg <62140>;-
2007;Kindberg ^<62114>;-
2007;Kindberg <62141>;-
2007;Krieglach <62115>;-
2007;Langenwang <62116>;-
2007;Mariazell ^<62117>;-
2007;Mariazell <62142>;-
2007;Mitterdorf im Mürztal ^<62118>;-
2007;Mürzhofen ^<62119>;-
2007;Mürzsteg ^<62120>;-
2007;Mürzzuschlag ^<62121>;-
2007;Mürzzuschlag <62143>;-
2007;Neuberg an der Mürz ^<62122>;-
2007;Neuberg an der Mürz <62144>;-
2007;Oberaich ^<62123>;-
2007;Parschlug ^<62124>;-
2007;Pernegg an der Mur <62125>;-
2007;Sankt Barbara im Mürztal <62145>;-
2007;Sankt Ilgen ^<62126>;-
2007;Sankt Katharein an der Laming ^<62127>;-
2007;Sankt Lorenzen im Mürztal <62128>;-
2007;Sankt Marein im Mürztal ^<62129>;-
2007;Sankt Marein im Mürztal <62146>;-
2007;Sankt Sebastian ^<62130>;-
2007;Spital am Semmering <62131>;-
2007;Stanz im Mürztal <62132>;-
2007;Thörl ^<62133>;-
2007;Thörl <62147>;-
2007;Tragöß ^<62134>;-
2007;Tragöß-Sankt Katharein <62148>;-
2007;Turnau <62135>;-
2007;Veitsch ^<62136>;-
2007;Wartberg im Mürztal ^<62137>;-
2007;Aibl ^<60301>;1481,875
2007;Bad Gams ^<60307>;2235,75
2007;Bad Schwanberg <60349>;-
2007;Deutschlandsberg ^<60302>;8179,375
2007;Deutschlandsberg <60344>;-
2007;Eibiswald ^<60303>;1410,375
2007;Eibiswald <60345>;-
2007;Feldbaum ^<60304>;-
2007;Frauental an der Laßnitz <60305>;2929
2007;Freiland bei Deutschlandsberg ^<60306>;143,875
2007;Garanas ^<60308>;297,875
2007;Georgsberg ^<60309>;1452,625
2007;Greisdorf ^<60310>;1012,125
2007;Gressenberg ^<60311>;336,75
2007;Groß Sankt Florian ^<60312>;2943,125
2007;Groß Sankt Florian <60346>;-
2007;Großradl ^<60313>;1440,375
2007;Gundersdorf ^<60314>;414,5
2007;Hollenegg ^<60315>;2243,625
2007;Kloster ^<60316>;207,125
2007;Kruckenberg ^<60317>;-
2007;Lannach <60318>;3286,375
2007;Limberg bei Wies ^<60319>;923,125
2007;Marhof ^<60320>;1042,375
2007;Osterwitz ^<60321>;159,625
2007;Pitschgau ^<60322>;1598,375
2007;Pölfing-Brunn <60323>;1614,75
2007;Preding <60324>;1689,875
2007;Rassach ^<60325>;1455,625
2007;Sankt Josef (Weststeiermark) <60326>;1362,75
2007;Sankt Martin im Sulmtal ^<60327>;1912,125
2007;Sankt Martin im Sulmtal <60347>;-
2007;Sankt Oswald ob Eibiswald ^<60328>;577,75
2007;Sankt Peter im Sulmtal <60329>;1324,5
2007;Sankt Stefan ob Stainz ^<60330>;2192,5
2007;Sankt Stefan ob Stainz <60348>;-
2007;Schwanberg ^<60331>;2191,375
2007;Soboth ^<60332>;388,5
2007;Stainz ^<60333>;2387,25
2007;Stainz <60350>;-
2007;Stainztal ^<60334>;1468,625
2007;Stallhof ^<60335>;539,25
2007;Sulmeck-Greith ^<60336>;1396
2007;Sulz-Laufenegg ^<60337>;-
2007;Trahütten ^<60338>;430,375
2007;Unterbergla ^<60339>;1441,375
2007;Wernersdorf ^<60340>;646,5
2007;Wettmannstätten <60341>;1508,25
2007;Wielfresen ^<60342>;613,125
2007;Wies ^<60343>;2340,25
2007;Wies <60351>;-
2007;Auersbach ^<60401>;871,125
2007;Aug-Radisch ^<60402>;288,625
2007;Bad Gleichenberg ^<60403>;2139,375
2007;Bairisch Kölldorf ^<60404>;1027
2007;Baumgarten bei Gnas ^<60405>;592,125
2007;Breitenfeld an der Rittschein ^<60406>;806
2007;Edelsbach bei Feldbach ^<60407>;1351,875
2007;Edelstauden ^<60408>;446,5
2007;Eichkögl ^<60409>;1214,25
2007;Fehring ^<60410>;3110,25
2007;Feldbach ^<60411>;4751,125
2007;Fladnitz im Raabtal ^<60412>;742,875
2007;Frannach ^<60413>;542,5
2007;Frutten-Gießelsdorf ^<60414>;668
2007;Glojach ^<60415>;240,875
2007;Gnas ^<60416>;1906,5
2007;Gniebing-Weißenbach ^<60417>;2186,875
2007;Gossendorf ^<60418>;942,75
2007;Grabersdorf ^<60419>;371,25
2007;Hatzendorf ^<60420>;1775,75
2007;Hohenbrugg-Weinberg ^<60421>;1044,75
2007;Jagerberg ^<60422>;1754,5
2007;Johnsdorf-Brunn ^<60423>;802
2007;Kapfenstein ^<60424>;1660,5
2007;Kirchbach in Steiermark ^<60425>;1601,5
2007;Kirchberg an der Raab ^<60426>;1902,875
2007;Kohlberg ^<60427>;546,375
2007;Kornberg bei Riegersburg ^<60428>;1168,625
2007;Krusdorf ^<60429>;406,25
2007;Leitersdorf im Raabtal ^<60430>;630,25
2007;Lödersdorf ^<60431>;695,875
2007;Maierdorf ^<60432>;571,25
2007;Merkendorf ^<60433>;1142,625
2007;Mitterlabill ^<60434>;444,25
2007;Mühldorf bei Feldbach ^<60435>;3044,625
2007;Oberdorf am Hochegg ^<60436>;735,875
2007;Oberstorcha ^<60437>;612,75
2007;Paldau ^<60438>;2050,375
2007;Perlsdorf ^<60439>;363,25
2007;Pertlstein ^<60440>;833
2007;Petersdorf II ^<60441>;868,25
2007;Pirching am Traubenberg ^<60442>;1570
2007;Poppendorf ^<60443>;709,125
2007;Raabau ^<60444>;573,75
2007;Raning ^<60445>;827,125
2007;Reith b.Hartmannsdorf ^<60446>;-
2007;Riegersburg ^<60447>;2537,625
2007;Sankt Anna am Aigen ^<60448>;1814,375
2007;Sankt Stefan im Rosental ^<60449>;3852,75
2007;Schwarzau im Schwarzautal ^<60450>;641,5
2007;Stainz bei Straden ^<60451>;989,375
2007;Studenzen ^<60452>;702,875
2007;Trautmannsdorf in Oststeiermark ^<60453>;861,75
2007;Unterauersbach ^<60454>;484,25
2007;Unterlamm ^<60455>;1290
2007;Zerlach ^<60456>;1783,75
2007;Altenmarkt bei Fürstenfeld ^<60501>;1184,25
2007;Bad Blumau ^<60502>;1617,875
2007;Burgau ^<60503>;996,875
2007;Fürstenfeld ^<60504>;5959,25
2007;Großsteinbach ^<60505>;1357,875
2007;Großwilfersdorf ^<60506>;1421,25
2007;Hainersdorf ^<60507>;668,25
2007;Ilz ^<60508>;2631,5
2007;Loipersdorf bei Fürstenfeld ^<60509>;1386
2007;Nestelbach im Ilztal ^<60510>;1139,25
2007;Ottendorf an der Rittschein ^<60511>;1530,875
2007;Söchau ^<60512>;1467,5
2007;Stein ^<60513>;480
2007;Übersbach ^<60514>;1177,25
2007;Attendorf ^<60601>;1766,625
2007;Brodingberg ^<60602>;1219,25
2007;Deutschfeistritz ^<60603>;3914,375
2007;Deutschfeistritz <60659>;-
2007;Dobl ^<60604>;1588,5
2007;Dobl-Zwaring <60660>;-
2007;Edelsgrub ^<60605>;651,5
2007;Eggersdorf bei Graz ^<60606>;2004,25
2007;Eggersdorf bei Graz <60661>;-
2007;Eisbach ^<60607>;2953,375
2007;Feldkirchen bei Graz <60608>;5336,375
2007;Fernitz ^<60609>;3034,375
2007;Fernitz-Mellach <60662>;-
2007;Frohnleiten ^<60610>;6215,625
2007;Frohnleiten <60663>;-
2007;Gössendorf <60611>;3355,625
2007;Grambach ^<60612>;1563
2007;Gratkorn <60613>;7152,75
2007;Gratwein ^<60614>;3660
2007;Gratwein-Straßengel <60664>;-
2007;Großstübing ^<60615>;361,125
2007;Gschnaidt ^<60616>;386,875
2007;Hart bei Graz <60617>;4372,375
2007;Hart-Purgstall ^<60634>;1614,375
2007;Haselsdorf-Tobelbad <60618>;1287,375
2007;Hausmannstätten <60619>;2729
2007;Hitzendorf ^<60620>;3687
2007;Hitzendorf <60665>;-
2007;Höf-Präbach ^<60621>;1425,875
2007;Judendorf-Straßengel ^<60622>;5367,125
2007;Kainbach bei Graz <60623>;2588,625
2007;Kalsdorf bei Graz <60624>;5490,5
2007;Krumegg ^<60625>;1424,75
2007;Kumberg <60626>;3470,125
2007;Langegg bei Graz ^<60627>;815,625
2007;Laßnitzhöhe <60628>;2667,375
2007;Lieboch <60629>;4451,125
2007;Mellach ^<60630>;1184,75
2007;Nestelbach bei Graz ^<60631>;1085,5
2007;Nestelbach bei Graz <60666>;-
2007;Peggau <60632>;2163,125
2007;Pirka ^<60633>;3038,5
2007;Premstätten <60670>;-
2007;Raaba ^<60635>;2118,375
2007;Raaba-Grambach <60667>;-
2007;Rohrbach-Steinberg ^<60637>;1328,5
2007;Röthelstein ^<60636>;225
2007;Rothleiten ^<60638>;-
2007;Sankt Bartholomä <60639>;1370,375
2007;Sankt Marein bei Graz ^<60640>;1216,75
2007;Sankt Marein bei Graz <60668>;-
2007;Sankt Oswald bei Plankenwarth <60641>;1131,5
2007;Sankt Radegund bei Graz <60642>;2053,25
2007;Schrems bei Frohnleiten ^<60643>;583,5
2007;Seiersberg ^<60644>;7048,625
2007;Seiersberg-Pirka <60669>;-
2007;Semriach <60645>;3239
2007;Stattegg <60646>;2707,5
2007;Stiwoll <60647>;686,375
2007;Thal <60648>;2234,625
2007;Tulwitz ^<60649>;517,25
2007;Tyrnau ^<60650>;160,5
2007;Übelbach <60651>;2008,75
2007;Unterpremstätten ^<60652>;3501,25
2007;Vasoldsberg <60653>;4179,375
2007;Weinitzen <60654>;2482,875
2007;Werndorf <60655>;2093,125
2007;Wundschuh <60656>;1485
2007;Zettling ^<60657>;1460,25
2007;Zwaring-Pöls ^<60658>;1491
2007;Bad Waltersdorf ^<60748>;2115,375
2007;Blaindorf ^<60701>;669,125
2007;Buch-Geiseldorf ^<60702>;1009,875
2007;Dechantskirchen ^<60703>;1691,25
2007;Dienersdorf ^<60704>;684
2007;Ebersdorf ^<60705>;1207,125
2007;Eichberg ^<60716>;1220,625
2007;Friedberg ^<60706>;2613,375
2007;Grafendorf bei Hartberg ^<60707>;2531,625
2007;Greinbach ^<60708>;1829,75
2007;Großhart ^<60709>;637,5
2007;Hartberg ^<60710>;6651
2007;Hartberg Umgebung ^<60711>;2152,125
2007;Hartl ^<60712>;833,375
2007;Hofkirchen bei Hartberg ^<60713>;620,375
2007;Kaibing ^<60714>;365,375
2007;Kaindorf ^<60715>;1430,5
2007;Lafnitz ^<60717>;1411,5
2007;Limbach bei Neudau ^<60718>;336,625
2007;Mönichwald ^<60719>;910,5
2007;Neudau ^<60720>;1280,875
2007;Pinggau ^<60721>;3106,75
2007;Pöllau ^<60722>;2110,25
2007;Pöllauberg ^<60723>;2198,125
2007;Puchegg ^<60724>;551,625
2007;Rabenwald ^<60725>;640,75
2007;Riegersberg ^<60726>;1009,375
2007;Rohr bei Hartberg ^<60727>;1083,625
2007;Rohrbach an der Lafnitz ^<60728>;1060,875
2007;Saifen-Boden ^<60729>;1070
2007;Sankt Jakob im Walde ^<60730>;1113,125
2007;Sankt Johann bei Herberstein ^<60731>;343,375
2007;Sankt Johann in der Haide ^<60732>;1978,875
2007;Sankt Lorenzen am Wechsel ^<60733>;1632,25
2007;Sankt Magdalena am Lemberg ^<60734>;1112,375
2007;Schachen bei Vorau ^<60735>;1217,125
2007;Schäffern ^<60736>;1481,375
2007;Schlag bei Thalberg ^<60737>;981,875
2007;Schönegg bei Pöllau ^<60738>;1372,75
2007;Sebersdorf ^<60739>;1378,125
2007;Siegersdorf bei Herberstein ^<60740>;302,75
2007;Sonnhofen ^<60741>;1048,75
2007;Stambach ^<60742>;648,375
2007;Stubenberg ^<60743>;2263,875
2007;Tiefenbach bei Kaindorf ^<60744>;693
2007;Vorau ^<60745>;1415,25
2007;Vornholz ^<60746>;759,5
2007;Waldbach ^<60747>;777,5
2007;Wenigzell ^<60749>;1475,125
2007;Wörth an der Lafnitz ^<60750>;400,875
2007;Altenmarkt bei Fürstenfeld ^<62201>;-
2007;Bad Blumau <62202>;-
2007;Bad Waltersdorf ^<62203>;-
2007;Bad Waltersdorf <62264>;-
2007;Blaindorf ^<62204>;-
2007;Buch-St. Magdalena <62205>;-
2007;Burgau <62206>;-
2007;Dechantskirchen ^<62207>;-
2007;Dechantskirchen <62265>;-
2007;Dienersdorf ^<62208>;-
2007;Ebersdorf <62209>;-
2007;Eichberg ^<62210>;-
2007;Feistritztal <62266>;-
2007;Friedberg <62211>;-
2007;Fürstenfeld ^<62212>;-
2007;Fürstenfeld ^<62267>;-
2007;Fürstenfeld <62280>;-
2007;Grafendorf bei Hartberg ^<62213>;-
2007;Grafendorf bei Hartberg <62268>;-
2007;Greinbach <62214>;-
2007;Großhart ^<62215>;-
2007;Großsteinbach <62216>;-
2007;Großwilfersdorf ^<62217>;-
2007;Großwilfersdorf <62269>;-
2007;Hainersdorf ^<62218>;-
2007;Hartberg <62219>;-
2007;Hartberg Umgebung <62220>;-
2007;Hartl ^<62221>;-
2007;Hartl <62270>;-
2007;Hofkirchen bei Hartberg ^<62222>;-
2007;Ilz ^<62223>;-
2007;Ilz <62271>;-
2007;Kaibing ^<62224>;-
2007;Kaindorf ^<62225>;-
2007;Kaindorf <62272>;-
2007;Lafnitz <62226>;-
2007;Limbach bei Neudau ^<62227>;-
2007;Loipersdorf bei Fürstenfeld ^<62228>;-
2007;Bad Loipersdorf <62273>;-
2007;Mönichwald ^<62229>;-
2007;Nestelbach im Ilztal ^<62230>;-
2007;Neudau ^<62231>;-
2007;Neudau <62274>;-
2007;Ottendorf an der Rittschein <62232>;-
2007;Pinggau <62233>;-
2007;Pöllau ^<62234>;-
2007;Pöllau <62275>;-
2007;Pöllauberg <62235>;-
2007;Puchegg ^<62236>;-
2007;Rabenwald ^<62237>;-
2007;Riegersberg ^<62238>;-
2007;Rohr bei Hartberg ^<62239>;-
2007;Rohr bei Hartberg <62276>;-
2007;Rohrbach an der Lafnitz ^<62240>;-
2007;Rohrbach an der Lafnitz <62277>;-
2007;Saifen-Boden ^<62241>;-
2007;Sankt Jakob im Walde <62242>;-
2007;Sankt Johann bei Herberstein ^<62243>;-
2007;Sankt Johann in der Haide <62244>;-
2007;Sankt Lorenzen am Wechsel <62245>;-
2007;Schachen bei Vorau ^<62246>;-
2007;Schäffern <62247>;-
2007;Schlag bei Thalberg ^<62248>;-
2007;Schönegg bei Pöllau ^<62249>;-
2007;Sebersdorf ^<62250>;-
2007;Siegersdorf bei Herberstein ^<62251>;-
2007;Söchau ^<62252>;-
2007;Sonnhofen ^<62253>;-
2007;Stambach ^<62254>;-
2007;Stein ^<62255>;-
2007;Stubenberg <62256>;-
2007;Tiefenbach bei Kaindorf ^<62257>;-
2007;Übersbach ^<62258>;-
2007;Vorau ^<62259>;-
2007;Vorau <62278>;-
2007;Vornholz ^<62260>;-
2007;Waldbach ^<62261>;-
2007;Waldbach-Mönichwald <62279>;-
2007;Wenigzell <62262>;-
2007;Wörth an der Lafnitz ^<62263>;-
2007;Amering ^<60801>;1029,125
2007;Bretstein ^<60802>;330,5
2007;Eppenstein ^<60803>;1323,5
2007;Fohnsdorf ^<60804>;8172,25
2007;Hohentauern ^<60805>;522,125
2007;Judenburg ^<60806>;9423,625
2007;Maria Buch-Feistritz ^<60809>;2312
2007;Obdach ^<60810>;2199
2007;Oberkurzheim ^<60811>;749,25
2007;Oberweg ^<60812>;620,375
2007;Oberzeiring ^<60813>;900
2007;Pöls ^<60814>;2637,375
2007;Pusterwald ^<60815>;508,125
2007;Reifling ^<60816>;402,75
2007;Reisstraße ^<60817>;198
2007;Sankt Anna am Lavantegg ^<60808>;432,625
2007;Sankt Georgen ob Judenburg ^<60818>;931,875
2007;Sankt Johann am Tauern ^<60819>;519,5
2007;Sankt Oswald-Möderbrugg ^<60820>;1194,5
2007;Sankt Peter ob Judenburg ^<60821>;1151,125
2007;Sankt Wolfgang-Kienberg ^<60807>;396,625
2007;Unzmarkt-Frauenburg ^<60822>;1445
2007;Weißkirchen in Steiermark ^<60823>;1280
2007;Zeltweg ^<60824>;7503,25
2007;Apfelberg ^<60901>;1074,375
2007;Feistritz bei Knittelfeld ^<60902>;725,875
2007;Flatschach ^<60903>;189,5
2007;Gaal ^<60904>;1419,125
2007;Großlobming ^<60905>;1156
2007;Kleinlobming ^<60906>;665,5
2007;Knittelfeld ^<60907>;11883,875
2007;Kobenz ^<60908>;1795
2007;Rachau ^<60909>;652,625
2007;Sankt Lorenzen bei Knittelfeld ^<60910>;815,625
2007;Sankt Marein bei Knittelfeld ^<60911>;1199,5
2007;Sankt Margarethen bei Knittelfeld ^<60912>;1356,625
2007;Seckau ^<60913>;1277,375
2007;Spielberg bei Knittelfeld ^<60914>;5112
2008;Aflenz Kurort ^<60201>;1031,375
2008;Aflenz Land ^<60202>;1501,25
2008;Breitenau am Hochlantsch ^<60203>;1897,875
2008;Bruck an der Mur ^<60204>;13067,375
2008;Etmißl ^<60205>;505,875
2008;Frauenberg ^<60206>;172,375
2008;Gußwerk ^<60207>;1367,375
2008;Halltal ^<60208>;351,5
2008;Kapfenberg ^<60209>;21856,125
2008;Mariazell ^<60210>;1579
2008;Oberaich ^<60211>;3013,875
2008;Parschlug ^<60212>;1755
2008;Pernegg an der Mur ^<60213>;2402
2008;Sankt Ilgen ^<60214>;274,875
2008;Sankt Katharein an der Laming ^<60215>;1059,375
2008;Sankt Lorenzen im Mürztal ^<60216>;3402,125
2008;Sankt Marein im Mürztal ^<60217>;2530
2008;Sankt Sebastian ^<60218>;1064,25
2008;Thörl ^<60219>;1742,375
2008;Tragöß ^<60220>;1047,125
2008;Turnau ^<60221>;1613,875
2008;Aflenz  <62138>;-
2008;Aflenz Kurort ^<62101>;-
2008;Aflenz Land ^<62102>;-
2008;Allerheiligen im Mürztal ^<62103>;-
2008;Altenberg an der Rax ^<62104>;-
2008;Breitenau am Hochlantsch <62105>;-
2008;Bruck an der Mur ^<62106>;-
2008;Bruck an der Mur <62139>;-
2008;Etmißl ^<62107>;-
2008;Frauenberg ^<62108>;-
2008;Ganz ^<62109>;-
2008;Gußwerk ^<62110>;-
2008;Halltal ^<62111>;-
2008;Kapellen ^<62112>;-
2008;Kapfenberg ^<62113>;-
2008;Kapfenberg <62140>;-
2008;Kindberg ^<62114>;-
2008;Kindberg <62141>;-
2008;Krieglach <62115>;-
2008;Langenwang <62116>;-
2008;Mariazell ^<62117>;-
2008;Mariazell <62142>;-
2008;Mitterdorf im Mürztal ^<62118>;-
2008;Mürzhofen ^<62119>;-
2008;Mürzsteg ^<62120>;-
2008;Mürzzuschlag ^<62121>;-
2008;Mürzzuschlag <62143>;-
2008;Neuberg an der Mürz ^<62122>;-
2008;Neuberg an der Mürz <62144>;-
2008;Oberaich ^<62123>;-
2008;Parschlug ^<62124>;-
2008;Pernegg an der Mur <62125>;-
2008;Sankt Barbara im Mürztal <62145>;-
2008;Sankt Ilgen ^<62126>;-
2008;Sankt Katharein an der Laming ^<62127>;-
2008;Sankt Lorenzen im Mürztal <62128>;-
2008;Sankt Marein im Mürztal ^<62129>;-
2008;Sankt Marein im Mürztal <62146>;-
2008;Sankt Sebastian ^<62130>;-
2008;Spital am Semmering <62131>;-
2008;Stanz im Mürztal <62132>;-
2008;Thörl ^<62133>;-
2008;Thörl <62147>;-
2008;Tragöß ^<62134>;-
2008;Tragöß-Sankt Katharein <62148>;-
2008;Turnau <62135>;-
2008;Veitsch ^<62136>;-
2008;Wartberg im Mürztal ^<62137>;-
2008;Aibl ^<60301>;1482,25
2008;Bad Gams ^<60307>;2235,5
2008;Bad Schwanberg <60349>;-
2008;Deutschlandsberg ^<60302>;8171,5
2008;Deutschlandsberg <60344>;-
2008;Eibiswald ^<60303>;1409,875
2008;Eibiswald <60345>;-
2008;Feldbaum ^<60304>;-
2008;Frauental an der Laßnitz <60305>;2939,75
2008;Freiland bei Deutschlandsberg ^<60306>;139,375
2008;Garanas ^<60308>;305,125
2008;Georgsberg ^<60309>;1464,875
2008;Greisdorf ^<60310>;1011,5
2008;Gressenberg ^<60311>;340,125
2008;Groß Sankt Florian ^<60312>;2952
2008;Groß Sankt Florian <60346>;-
2008;Großradl ^<60313>;1448,375
2008;Gundersdorf ^<60314>;409,75
2008;Hollenegg ^<60315>;2212,25
2008;Kloster ^<60316>;206,375
2008;Kruckenberg ^<60317>;-
2008;Lannach <60318>;3280,25
2008;Limberg bei Wies ^<60319>;933,5
2008;Marhof ^<60320>;1025,875
2008;Osterwitz ^<60321>;156,25
2008;Pitschgau ^<60322>;1583,25
2008;Pölfing-Brunn <60323>;1622,5
2008;Preding <60324>;1697,125
2008;Rassach ^<60325>;1451
2008;Sankt Josef (Weststeiermark) <60326>;1368
2008;Sankt Martin im Sulmtal ^<60327>;1880,75
2008;Sankt Martin im Sulmtal <60347>;-
2008;Sankt Oswald ob Eibiswald ^<60328>;574,875
2008;Sankt Peter im Sulmtal <60329>;1316,125
2008;Sankt Stefan ob Stainz ^<60330>;2201,625
2008;Sankt Stefan ob Stainz <60348>;-
2008;Schwanberg ^<60331>;2184,75
2008;Soboth ^<60332>;371,625
2008;Stainz ^<60333>;2420,625
2008;Stainz <60350>;-
2008;Stainztal ^<60334>;1455,125
2008;Stallhof ^<60335>;542,375
2008;Sulmeck-Greith ^<60336>;1395,875
2008;Sulz-Laufenegg ^<60337>;-
2008;Trahütten ^<60338>;420,375
2008;Unterbergla ^<60339>;1419,5
2008;Wernersdorf ^<60340>;643
2008;Wettmannstätten <60341>;1501,875
2008;Wielfresen ^<60342>;608,625
2008;Wies ^<60343>;2329
2008;Wies <60351>;-
2008;Auersbach ^<60401>;870,625
2008;Aug-Radisch ^<60402>;288,375
2008;Bad Gleichenberg ^<60403>;2172
2008;Bairisch Kölldorf ^<60404>;1036,125
2008;Baumgarten bei Gnas ^<60405>;586,125
2008;Breitenfeld an der Rittschein ^<60406>;806,375
2008;Edelsbach bei Feldbach ^<60407>;1370,25
2008;Edelstauden ^<60408>;450,125
2008;Eichkögl ^<60409>;1209
2008;Fehring ^<60410>;3078,25
2008;Feldbach ^<60411>;4680
2008;Fladnitz im Raabtal ^<60412>;740
2008;Frannach ^<60413>;543,625
2008;Frutten-Gießelsdorf ^<60414>;668,125
2008;Glojach ^<60415>;253,5
2008;Gnas ^<60416>;1903,375
2008;Gniebing-Weißenbach ^<60417>;2161,75
2008;Gossendorf ^<60418>;942,75
2008;Grabersdorf ^<60419>;371,5
2008;Hatzendorf ^<60420>;1746,875
2008;Hohenbrugg-Weinberg ^<60421>;1040,5
2008;Jagerberg ^<60422>;1740,875
2008;Johnsdorf-Brunn ^<60423>;799,875
2008;Kapfenstein ^<60424>;1645,25
2008;Kirchbach in Steiermark ^<60425>;1595,125
2008;Kirchberg an der Raab ^<60426>;1943,5
2008;Kohlberg ^<60427>;547,75
2008;Kornberg bei Riegersburg ^<60428>;1166,375
2008;Krusdorf ^<60429>;402,875
2008;Leitersdorf im Raabtal ^<60430>;652,625
2008;Lödersdorf ^<60431>;697,75
2008;Maierdorf ^<60432>;562
2008;Merkendorf ^<60433>;1153,875
2008;Mitterlabill ^<60434>;433,5
2008;Mühldorf bei Feldbach ^<60435>;3055,25
2008;Oberdorf am Hochegg ^<60436>;731,875
2008;Oberstorcha ^<60437>;612,25
2008;Paldau ^<60438>;2068,625
2008;Perlsdorf ^<60439>;357,75
2008;Pertlstein ^<60440>;823,5
2008;Petersdorf II ^<60441>;853,875
2008;Pirching am Traubenberg ^<60442>;1591,25
2008;Poppendorf ^<60443>;695
2008;Raabau ^<60444>;583,5
2008;Raning ^<60445>;832,5
2008;Reith b.Hartmannsdorf ^<60446>;-
2008;Riegersburg ^<60447>;2506,375
2008;Sankt Anna am Aigen ^<60448>;1808,875
2008;Sankt Stefan im Rosental ^<60449>;3841,5
2008;Schwarzau im Schwarzautal ^<60450>;645
2008;Stainz bei Straden ^<60451>;985,625
2008;Studenzen ^<60452>;714,75
2008;Trautmannsdorf in Oststeiermark ^<60453>;855,5
2008;Unterauersbach ^<60454>;467,625
2008;Unterlamm ^<60455>;1303,25
2008;Zerlach ^<60456>;1763,875
2008;Altenmarkt bei Fürstenfeld ^<60501>;1170,125
2008;Bad Blumau ^<60502>;1611,375
2008;Burgau ^<60503>;986,25
2008;Fürstenfeld ^<60504>;5983,125
2008;Großsteinbach ^<60505>;1341,375
2008;Großwilfersdorf ^<60506>;1424,75
2008;Hainersdorf ^<60507>;665
2008;Ilz ^<60508>;2635,625
2008;Loipersdorf bei Fürstenfeld ^<60509>;1369,75
2008;Nestelbach im Ilztal ^<60510>;1131
2008;Ottendorf an der Rittschein ^<60511>;1521,5
2008;Söchau ^<60512>;1477
2008;Stein ^<60513>;472,375
2008;Übersbach ^<60514>;1181,375
2008;Attendorf ^<60601>;1777,875
2008;Brodingberg ^<60602>;1213
2008;Deutschfeistritz ^<60603>;3879,125
2008;Deutschfeistritz <60659>;-
2008;Dobl ^<60604>;1641,625
2008;Dobl-Zwaring <60660>;-
2008;Edelsgrub ^<60605>;673
2008;Eggersdorf bei Graz ^<60606>;2042
2008;Eggersdorf bei Graz <60661>;-
2008;Eisbach ^<60607>;3001,125
2008;Feldkirchen bei Graz <60608>;5393,25
2008;Fernitz ^<60609>;3088,5
2008;Fernitz-Mellach <60662>;-
2008;Frohnleiten ^<60610>;6162,5
2008;Frohnleiten <60663>;-
2008;Gössendorf <60611>;3475,625
2008;Grambach ^<60612>;1573,125
2008;Gratkorn <60613>;7279,375
2008;Gratwein ^<60614>;3647,125
2008;Gratwein-Straßengel <60664>;-
2008;Großstübing ^<60615>;354,875
2008;Gschnaidt ^<60616>;378,5
2008;Hart bei Graz <60617>;4411
2008;Hart-Purgstall ^<60634>;1612,75
2008;Haselsdorf-Tobelbad <60618>;1305,375
2008;Hausmannstätten <60619>;2788,125
2008;Hitzendorf ^<60620>;3681,875
2008;Hitzendorf <60665>;-
2008;Höf-Präbach ^<60621>;1446,625
2008;Judendorf-Straßengel ^<60622>;5388,375
2008;Kainbach bei Graz <60623>;2587,25
2008;Kalsdorf bei Graz <60624>;5629,375
2008;Krumegg ^<60625>;1431,25
2008;Kumberg <60626>;3513,875
2008;Langegg bei Graz ^<60627>;818,125
2008;Laßnitzhöhe <60628>;2682,125
2008;Lieboch <60629>;4510,75
2008;Mellach ^<60630>;1184,625
2008;Nestelbach bei Graz ^<60631>;1110,25
2008;Nestelbach bei Graz <60666>;-
2008;Peggau <60632>;2174,875
2008;Pirka ^<60633>;3069,25
2008;Premstätten <60670>;-
2008;Raaba ^<60635>;2148,25
2008;Raaba-Grambach <60667>;-
2008;Rohrbach-Steinberg ^<60637>;1362,5
2008;Röthelstein ^<60636>;229,5
2008;Rothleiten ^<60638>;-
2008;Sankt Bartholomä <60639>;1354,375
2008;Sankt Marein bei Graz ^<60640>;1225,25
2008;Sankt Marein bei Graz <60668>;-
2008;Sankt Oswald bei Plankenwarth <60641>;1139,5
2008;Sankt Radegund bei Graz <60642>;2045,5
2008;Schrems bei Frohnleiten ^<60643>;584,875
2008;Seiersberg ^<60644>;7141,125
2008;Seiersberg-Pirka <60669>;-
2008;Semriach <60645>;3250
2008;Stattegg <60646>;2730,25
2008;Stiwoll <60647>;697
2008;Thal <60648>;2255,375
2008;Tulwitz ^<60649>;514,625
2008;Tyrnau ^<60650>;158
2008;Übelbach <60651>;1988,375
2008;Unterpremstätten ^<60652>;3549,75
2008;Vasoldsberg <60653>;4205,625
2008;Weinitzen <60654>;2512,125
2008;Werndorf <60655>;2106,625
2008;Wundschuh <60656>;1473,875
2008;Zettling ^<60657>;1450,75
2008;Zwaring-Pöls ^<60658>;1495,625
2008;Bad Waltersdorf ^<60748>;2145
2008;Blaindorf ^<60701>;677,75
2008;Buch-Geiseldorf ^<60702>;1008,875
2008;Dechantskirchen ^<60703>;1680,5
2008;Dienersdorf ^<60704>;691,75
2008;Ebersdorf ^<60705>;1218,75
2008;Eichberg ^<60716>;1210,375
2008;Friedberg ^<60706>;2614,75
2008;Grafendorf bei Hartberg ^<60707>;2530,5
2008;Greinbach ^<60708>;1789,125
2008;Großhart ^<60709>;631,25
2008;Hartberg ^<60710>;6633,375
2008;Hartberg Umgebung ^<60711>;2152,875
2008;Hartl ^<60712>;819,5
2008;Hofkirchen bei Hartberg ^<60713>;625,375
2008;Kaibing ^<60714>;380,125
2008;Kaindorf ^<60715>;1448
2008;Lafnitz ^<60717>;1422
2008;Limbach bei Neudau ^<60718>;333,625
2008;Mönichwald ^<60719>;916,125
2008;Neudau ^<60720>;1260,625
2008;Pinggau ^<60721>;3105,75
2008;Pöllau ^<60722>;2112,875
2008;Pöllauberg ^<60723>;2179
2008;Puchegg ^<60724>;556,625
2008;Rabenwald ^<60725>;626,875
2008;Riegersberg ^<60726>;1006,5
2008;Rohr bei Hartberg ^<60727>;1090,75
2008;Rohrbach an der Lafnitz ^<60728>;1057,5
2008;Saifen-Boden ^<60729>;1063,5
2008;Sankt Jakob im Walde ^<60730>;1110,5
2008;Sankt Johann bei Herberstein ^<60731>;340,375
2008;Sankt Johann in der Haide ^<60732>;2007,75
2008;Sankt Lorenzen am Wechsel ^<60733>;1622,75
2008;Sankt Magdalena am Lemberg ^<60734>;1111,375
2008;Schachen bei Vorau ^<60735>;1219,125
2008;Schäffern ^<60736>;1480,25
2008;Schlag bei Thalberg ^<60737>;966,375
2008;Schönegg bei Pöllau ^<60738>;1372,875
2008;Sebersdorf ^<60739>;1377
2008;Siegersdorf bei Herberstein ^<60740>;305,625
2008;Sonnhofen ^<60741>;1049,25
2008;Stambach ^<60742>;643,625
2008;Stubenberg ^<60743>;2277
2008;Tiefenbach bei Kaindorf ^<60744>;699,25
2008;Vorau ^<60745>;1399,25
2008;Vornholz ^<60746>;747,625
2008;Waldbach ^<60747>;768,75
2008;Wenigzell ^<60749>;1465,25
2008;Wörth an der Lafnitz ^<60750>;392,75
2008;Altenmarkt bei Fürstenfeld ^<62201>;-
2008;Bad Blumau <62202>;-
2008;Bad Waltersdorf ^<62203>;-
2008;Bad Waltersdorf <62264>;-
2008;Blaindorf ^<62204>;-
2008;Buch-St. Magdalena <62205>;-
2008;Burgau <62206>;-
2008;Dechantskirchen ^<62207>;-
2008;Dechantskirchen <62265>;-
2008;Dienersdorf ^<62208>;-
2008;Ebersdorf <62209>;-
2008;Eichberg ^<62210>;-
2008;Feistritztal <62266>;-
2008;Friedberg <62211>;-
2008;Fürstenfeld ^<62212>;-
2008;Fürstenfeld ^<62267>;-
2008;Fürstenfeld <62280>;-
2008;Grafendorf bei Hartberg ^<62213>;-
2008;Grafendorf bei Hartberg <62268>;-
2008;Greinbach <62214>;-
2008;Großhart ^<62215>;-
2008;Großsteinbach <62216>;-
2008;Großwilfersdorf ^<62217>;-
2008;Großwilfersdorf <62269>;-
2008;Hainersdorf ^<62218>;-
2008;Hartberg <62219>;-
2008;Hartberg Umgebung <62220>;-
2008;Hartl ^<62221>;-
2008;Hartl <62270>;-
2008;Hofkirchen bei Hartberg ^<62222>;-
2008;Ilz ^<62223>;-
2008;Ilz <62271>;-
2008;Kaibing ^<62224>;-
2008;Kaindorf ^<62225>;-
2008;Kaindorf <62272>;-
2008;Lafnitz <62226>;-
2008;Limbach bei Neudau ^<62227>;-
2008;Loipersdorf bei Fürstenfeld ^<62228>;-
2008;Bad Loipersdorf <62273>;-
2008;Mönichwald ^<62229>;-
2008;Nestelbach im Ilztal ^<62230>;-
2008;Neudau ^<62231>;-
2008;Neudau <62274>;-
2008;Ottendorf an der Rittschein <62232>;-
2008;Pinggau <62233>;-
2008;Pöllau ^<62234>;-
2008;Pöllau <62275>;-
2008;Pöllauberg <62235>;-
2008;Puchegg ^<62236>;-
2008;Rabenwald ^<62237>;-
2008;Riegersberg ^<62238>;-
2008;Rohr bei Hartberg ^<62239>;-
2008;Rohr bei Hartberg <62276>;-
2008;Rohrbach an der Lafnitz ^<62240>;-
2008;Rohrbach an der Lafnitz <62277>;-
2008;Saifen-Boden ^<62241>;-
2008;Sankt Jakob im Walde <62242>;-
2008;Sankt Johann bei Herberstein ^<62243>;-
2008;Sankt Johann in der Haide <62244>;-
2008;Sankt Lorenzen am Wechsel <62245>;-
2008;Schachen bei Vorau ^<62246>;-
2008;Schäffern <62247>;-
2008;Schlag bei Thalberg ^<62248>;-
2008;Schönegg bei Pöllau ^<62249>;-
2008;Sebersdorf ^<62250>;-
2008;Siegersdorf bei Herberstein ^<62251>;-
2008;Söchau ^<62252>;-
2008;Sonnhofen ^<62253>;-
2008;Stambach ^<62254>;-
2008;Stein ^<62255>;-
2008;Stubenberg <62256>;-
2008;Tiefenbach bei Kaindorf ^<62257>;-
2008;Übersbach ^<62258>;-
2008;Vorau ^<62259>;-
2008;Vorau <62278>;-
2008;Vornholz ^<62260>;-
2008;Waldbach ^<62261>;-
2008;Waldbach-Mönichwald <62279>;-
2008;Wenigzell <62262>;-
2008;Wörth an der Lafnitz ^<62263>;-
2008;Amering ^<60801>;1018,25
2008;Bretstein ^<60802>;326,5
2008;Eppenstein ^<60803>;1297,125
2008;Fohnsdorf ^<60804>;8092,875
2008;Hohentauern ^<60805>;503,875
2008;Judenburg ^<60806>;9433,625
2008;Maria Buch-Feistritz ^<60809>;2310,375
2008;Obdach ^<60810>;2186,25
2008;Oberkurzheim ^<60811>;745,5
2008;Oberweg ^<60812>;603,5
2008;Oberzeiring ^<60813>;892,625
2008;Pöls ^<60814>;2590,875
2008;Pusterwald ^<60815>;501,625
2008;Reifling ^<60816>;396,125
2008;Reisstraße ^<60817>;191,875
2008;Sankt Anna am Lavantegg ^<60808>;431,25
2008;Sankt Georgen ob Judenburg ^<60818>;918,625
2008;Sankt Johann am Tauern ^<60819>;509,25
2008;Sankt Oswald-Möderbrugg ^<60820>;1191,5
2008;Sankt Peter ob Judenburg ^<60821>;1128,625
2008;Sankt Wolfgang-Kienberg ^<60807>;385,25
2008;Unzmarkt-Frauenburg ^<60822>;1427,125
2008;Weißkirchen in Steiermark ^<60823>;1282,75
2008;Zeltweg ^<60824>;7460,375
2008;Apfelberg ^<60901>;1073,75
2008;Feistritz bei Knittelfeld ^<60902>;726,25
2008;Flatschach ^<60903>;184,875
2008;Gaal ^<60904>;1409,125
2008;Großlobming ^<60905>;1153,25
2008;Kleinlobming ^<60906>;665,5
2008;Knittelfeld ^<60907>;11846,375
2008;Kobenz ^<60908>;1803,875
2008;Rachau ^<60909>;642
2008;Sankt Lorenzen bei Knittelfeld ^<60910>;814,25
2008;Sankt Marein bei Knittelfeld ^<60911>;1217,25
2008;Sankt Margarethen bei Knittelfeld ^<60912>;1363
2008;Seckau ^<60913>;1278,625
2008;Spielberg bei Knittelfeld ^<60914>;5114,5
2009;Aflenz Kurort ^<60201>;1020,625
2009;Aflenz Land ^<60202>;1514,125
2009;Breitenau am Hochlantsch ^<60203>;1873,875
2009;Bruck an der Mur ^<60204>;12947,875
2009;Etmißl ^<60205>;505
2009;Frauenberg ^<60206>;167,875
2009;Gußwerk ^<60207>;1340,125
2009;Halltal ^<60208>;350,625
2009;Kapfenberg ^<60209>;21816,375
2009;Mariazell ^<60210>;1541,5
2009;Oberaich ^<60211>;2984,75
2009;Parschlug ^<60212>;1746,5
2009;Pernegg an der Mur ^<60213>;2388,125
2009;Sankt Ilgen ^<60214>;273,125
2009;Sankt Katharein an der Laming ^<60215>;1037
2009;Sankt Lorenzen im Mürztal ^<60216>;3421,375
2009;Sankt Marein im Mürztal ^<60217>;2527,5
2009;Sankt Sebastian ^<60218>;1054,375
2009;Thörl ^<60219>;1717,25
2009;Tragöß ^<60220>;1021,875
2009;Turnau ^<60221>;1602
2009;Aflenz  <62138>;-
2009;Aflenz Kurort ^<62101>;-
2009;Aflenz Land ^<62102>;-
2009;Allerheiligen im Mürztal ^<62103>;-
2009;Altenberg an der Rax ^<62104>;-
2009;Breitenau am Hochlantsch <62105>;-
2009;Bruck an der Mur ^<62106>;-
2009;Bruck an der Mur <62139>;-
2009;Etmißl ^<62107>;-
2009;Frauenberg ^<62108>;-
2009;Ganz ^<62109>;-
2009;Gußwerk ^<62110>;-
2009;Halltal ^<62111>;-
2009;Kapellen ^<62112>;-
2009;Kapfenberg ^<62113>;-
2009;Kapfenberg <62140>;-
2009;Kindberg ^<62114>;-
2009;Kindberg <62141>;-
2009;Krieglach <62115>;-
2009;Langenwang <62116>;-
2009;Mariazell ^<62117>;-
2009;Mariazell <62142>;-
2009;Mitterdorf im Mürztal ^<62118>;-
2009;Mürzhofen ^<62119>;-
2009;Mürzsteg ^<62120>;-
2009;Mürzzuschlag ^<62121>;-
2009;Mürzzuschlag <62143>;-
2009;Neuberg an der Mürz ^<62122>;-
2009;Neuberg an der Mürz <62144>;-
2009;Oberaich ^<62123>;-
2009;Parschlug ^<62124>;-
2009;Pernegg an der Mur <62125>;-
2009;Sankt Barbara im Mürztal <62145>;-
2009;Sankt Ilgen ^<62126>;-
2009;Sankt Katharein an der Laming ^<62127>;-
2009;Sankt Lorenzen im Mürztal <62128>;-
2009;Sankt Marein im Mürztal ^<62129>;-
2009;Sankt Marein im Mürztal <62146>;-
2009;Sankt Sebastian ^<62130>;-
2009;Spital am Semmering <62131>;-
2009;Stanz im Mürztal <62132>;-
2009;Thörl ^<62133>;-
2009;Thörl <62147>;-
2009;Tragöß ^<62134>;-
2009;Tragöß-Sankt Katharein <62148>;-
2009;Turnau <62135>;-
2009;Veitsch ^<62136>;-
2009;Wartberg im Mürztal ^<62137>;-
2009;Aibl ^<60301>;1484,125
2009;Bad Gams ^<60307>;2245,625
2009;Bad Schwanberg <60349>;-
2009;Deutschlandsberg ^<60302>;8182,625
2009;Deutschlandsberg <60344>;-
2009;Eibiswald ^<60303>;1409,75
2009;Eibiswald <60345>;-
2009;Feldbaum ^<60304>;-
2009;Frauental an der Laßnitz <60305>;2919,25
2009;Freiland bei Deutschlandsberg ^<60306>;145,75
2009;Garanas ^<60308>;295,25
2009;Georgsberg ^<60309>;1477,5
2009;Greisdorf ^<60310>;1010,875
2009;Gressenberg ^<60311>;330,125
2009;Groß Sankt Florian ^<60312>;2941,75
2009;Groß Sankt Florian <60346>;-
2009;Großradl ^<60313>;1464,125
2009;Gundersdorf ^<60314>;408,625
2009;Hollenegg ^<60315>;2172,5
2009;Kloster ^<60316>;202,125
2009;Kruckenberg ^<60317>;-
2009;Lannach <60318>;3295,375
2009;Limberg bei Wies ^<60319>;929
2009;Marhof ^<60320>;1002,875
2009;Osterwitz ^<60321>;153
2009;Pitschgau ^<60322>;1569,375
2009;Pölfing-Brunn <60323>;1613
2009;Preding <60324>;1680
2009;Rassach ^<60325>;1443
2009;Sankt Josef (Weststeiermark) <60326>;1365,5
2009;Sankt Martin im Sulmtal ^<60327>;1847
2009;Sankt Martin im Sulmtal <60347>;-
2009;Sankt Oswald ob Eibiswald ^<60328>;574,375
2009;Sankt Peter im Sulmtal <60329>;1318,875
2009;Sankt Stefan ob Stainz ^<60330>;2195,125
2009;Sankt Stefan ob Stainz <60348>;-
2009;Schwanberg ^<60331>;2164,75
2009;Soboth ^<60332>;355,25
2009;Stainz ^<60333>;2420,5
2009;Stainz <60350>;-
2009;Stainztal ^<60334>;1443,5
2009;Stallhof ^<60335>;537,125
2009;Sulmeck-Greith ^<60336>;1383,625
2009;Sulz-Laufenegg ^<60337>;-
2009;Trahütten ^<60338>;413,875
2009;Unterbergla ^<60339>;1408,5
2009;Wernersdorf ^<60340>;649
2009;Wettmannstätten <60341>;1511,75
2009;Wielfresen ^<60342>;610,5
2009;Wies ^<60343>;2328,75
2009;Wies <60351>;-
2009;Auersbach ^<60401>;883,75
2009;Aug-Radisch ^<60402>;290,875
2009;Bad Gleichenberg ^<60403>;2196,25
2009;Bairisch Kölldorf ^<60404>;1037
2009;Baumgarten bei Gnas ^<60405>;579,25
2009;Breitenfeld an der Rittschein ^<60406>;808,75
2009;Edelsbach bei Feldbach ^<60407>;1366,75
2009;Edelstauden ^<60408>;453,375
2009;Eichkögl ^<60409>;1206,125
2009;Fehring ^<60410>;3044,875
2009;Feldbach ^<60411>;4641
2009;Fladnitz im Raabtal ^<60412>;751,5
2009;Frannach ^<60413>;545,625
2009;Frutten-Gießelsdorf ^<60414>;667,125
2009;Glojach ^<60415>;255,625
2009;Gnas ^<60416>;1919,875
2009;Gniebing-Weißenbach ^<60417>;2175,5
2009;Gossendorf ^<60418>;930,75
2009;Grabersdorf ^<60419>;365,875
2009;Hatzendorf ^<60420>;1731,125
2009;Hohenbrugg-Weinberg ^<60421>;1021,875
2009;Jagerberg ^<60422>;1727,25
2009;Johnsdorf-Brunn ^<60423>;778,75
2009;Kapfenstein ^<60424>;1638,5
2009;Kirchbach in Steiermark ^<60425>;1571,75
2009;Kirchberg an der Raab ^<60426>;1964
2009;Kohlberg ^<60427>;547,25
2009;Kornberg bei Riegersburg ^<60428>;1166,875
2009;Krusdorf ^<60429>;405,625
2009;Leitersdorf im Raabtal ^<60430>;649,5
2009;Lödersdorf ^<60431>;698,25
2009;Maierdorf ^<60432>;553,75
2009;Merkendorf ^<60433>;1161,875
2009;Mitterlabill ^<60434>;430,375
2009;Mühldorf bei Feldbach ^<60435>;3069,75
2009;Oberdorf am Hochegg ^<60436>;726,25
2009;Oberstorcha ^<60437>;625,5
2009;Paldau ^<60438>;2063,25
2009;Perlsdorf ^<60439>;360,125
2009;Pertlstein ^<60440>;816,75
2009;Petersdorf II ^<60441>;860,375
2009;Pirching am Traubenberg ^<60442>;1609,75
2009;Poppendorf ^<60443>;692,75
2009;Raabau ^<60444>;582,375
2009;Raning ^<60445>;826,625
2009;Reith b.Hartmannsdorf ^<60446>;-
2009;Riegersburg ^<60447>;2474,25
2009;Sankt Anna am Aigen ^<60448>;1812,625
2009;Sankt Stefan im Rosental ^<60449>;3814,125
2009;Schwarzau im Schwarzautal ^<60450>;639,75
2009;Stainz bei Straden ^<60451>;984,125
2009;Studenzen ^<60452>;715,5
2009;Trautmannsdorf in Oststeiermark ^<60453>;841,75
2009;Unterauersbach ^<60454>;471,625
2009;Unterlamm ^<60455>;1302,875
2009;Zerlach ^<60456>;1751,625
2009;Altenmarkt bei Fürstenfeld ^<60501>;1179
2009;Bad Blumau ^<60502>;1617,625
2009;Burgau ^<60503>;989,375
2009;Fürstenfeld ^<60504>;6004,875
2009;Großsteinbach ^<60505>;1332,875
2009;Großwilfersdorf ^<60506>;1419,25
2009;Hainersdorf ^<60507>;661,625
2009;Ilz ^<60508>;2617,25
2009;Loipersdorf bei Fürstenfeld ^<60509>;1363,875
2009;Nestelbach im Ilztal ^<60510>;1134,875
2009;Ottendorf an der Rittschein ^<60511>;1508,625
2009;Söchau ^<60512>;1460,875
2009;Stein ^<60513>;477,625
2009;Übersbach ^<60514>;1164,25
2009;Attendorf ^<60601>;1808,875
2009;Brodingberg ^<60602>;1227,875
2009;Deutschfeistritz ^<60603>;3874,375
2009;Deutschfeistritz <60659>;-
2009;Dobl ^<60604>;1685
2009;Dobl-Zwaring <60660>;-
2009;Edelsgrub ^<60605>;685,625
2009;Eggersdorf bei Graz ^<60606>;2062,875
2009;Eggersdorf bei Graz <60661>;-
2009;Eisbach ^<60607>;2990
2009;Feldkirchen bei Graz <60608>;5448,75
2009;Fernitz ^<60609>;3180,5
2009;Fernitz-Mellach <60662>;-
2009;Frohnleiten ^<60610>;6127,875
2009;Frohnleiten <60663>;-
2009;Gössendorf <60611>;3550,375
2009;Grambach ^<60612>;1598,375
2009;Gratkorn <60613>;7343,25
2009;Gratwein ^<60614>;3665,25
2009;Gratwein-Straßengel <60664>;-
2009;Großstübing ^<60615>;352
2009;Gschnaidt ^<60616>;367,75
2009;Hart bei Graz <60617>;4454,625
2009;Hart-Purgstall ^<60634>;1620,625
2009;Haselsdorf-Tobelbad <60618>;1304,875
2009;Hausmannstätten <60619>;2882,625
2009;Hitzendorf ^<60620>;3682,25
2009;Hitzendorf <60665>;-
2009;Höf-Präbach ^<60621>;1436,75
2009;Judendorf-Straßengel ^<60622>;5452,625
2009;Kainbach bei Graz <60623>;2583,25
2009;Kalsdorf bei Graz <60624>;5739,125
2009;Krumegg ^<60625>;1431,75
2009;Kumberg <60626>;3521,5
2009;Langegg bei Graz ^<60627>;826,375
2009;Laßnitzhöhe <60628>;2690,125
2009;Lieboch <60629>;4553,75
2009;Mellach ^<60630>;1177,25
2009;Nestelbach bei Graz ^<60631>;1128,875
2009;Nestelbach bei Graz <60666>;-
2009;Peggau <60632>;2138,75
2009;Pirka ^<60633>;3066,625
2009;Premstätten <60670>;-
2009;Raaba ^<60635>;2149,625
2009;Raaba-Grambach <60667>;-
2009;Rohrbach-Steinberg ^<60637>;1375,25
2009;Röthelstein ^<60636>;229,375
2009;Rothleiten ^<60638>;-
2009;Sankt Bartholomä <60639>;1356,75
2009;Sankt Marein bei Graz ^<60640>;1235,25
2009;Sankt Marein bei Graz <60668>;-
2009;Sankt Oswald bei Plankenwarth <60641>;1132,25
2009;Sankt Radegund bei Graz <60642>;2038
2009;Schrems bei Frohnleiten ^<60643>;578,625
2009;Seiersberg ^<60644>;7249,625
2009;Seiersberg-Pirka <60669>;-
2009;Semriach <60645>;3224
2009;Stattegg <60646>;2737,625
2009;Stiwoll <60647>;696,625
2009;Thal <60648>;2225,75
2009;Tulwitz ^<60649>;521
2009;Tyrnau ^<60650>;157,125
2009;Übelbach <60651>;1970,875
2009;Unterpremstätten ^<60652>;3564,375
2009;Vasoldsberg <60653>;4206,75
2009;Weinitzen <60654>;2520,75
2009;Werndorf <60655>;2128,375
2009;Wundschuh <60656>;1466,875
2009;Zettling ^<60657>;1473,125
2009;Zwaring-Pöls ^<60658>;1512,375
2009;Bad Waltersdorf ^<60748>;2160,25
2009;Blaindorf ^<60701>;672,375
2009;Buch-Geiseldorf ^<60702>;1025,25
2009;Dechantskirchen ^<60703>;1656,625
2009;Dienersdorf ^<60704>;701
2009;Ebersdorf ^<60705>;1215,375
2009;Eichberg ^<60716>;1215,125
2009;Friedberg ^<60706>;2591,375
2009;Grafendorf bei Hartberg ^<60707>;2523,75
2009;Greinbach ^<60708>;1780,875
2009;Großhart ^<60709>;625
2009;Hartberg ^<60710>;6622,625
2009;Hartberg Umgebung ^<60711>;2141,875
2009;Hartl ^<60712>;819,25
2009;Hofkirchen bei Hartberg ^<60713>;630,625
2009;Kaibing ^<60714>;380,25
2009;Kaindorf ^<60715>;1437,125
2009;Lafnitz ^<60717>;1412
2009;Limbach bei Neudau ^<60718>;328,25
2009;Mönichwald ^<60719>;910,75
2009;Neudau ^<60720>;1234
2009;Pinggau ^<60721>;3104,875
2009;Pöllau ^<60722>;2096,125
2009;Pöllauberg ^<60723>;2155,25
2009;Puchegg ^<60724>;554,5
2009;Rabenwald ^<60725>;624,75
2009;Riegersberg ^<60726>;1000,125
2009;Rohr bei Hartberg ^<60727>;1089,625
2009;Rohrbach an der Lafnitz ^<60728>;1049,125
2009;Saifen-Boden ^<60729>;1045
2009;Sankt Jakob im Walde ^<60730>;1099,125
2009;Sankt Johann bei Herberstein ^<60731>;346
2009;Sankt Johann in der Haide ^<60732>;2033,125
2009;Sankt Lorenzen am Wechsel ^<60733>;1608,875
2009;Sankt Magdalena am Lemberg ^<60734>;1101,75
2009;Schachen bei Vorau ^<60735>;1200,125
2009;Schäffern ^<60736>;1467,5
2009;Schlag bei Thalberg ^<60737>;945,375
2009;Schönegg bei Pöllau ^<60738>;1378,25
2009;Sebersdorf ^<60739>;1392,125
2009;Siegersdorf bei Herberstein ^<60740>;304,5
2009;Sonnhofen ^<60741>;1051,125
2009;Stambach ^<60742>;653,5
2009;Stubenberg ^<60743>;2306
2009;Tiefenbach bei Kaindorf ^<60744>;693,75
2009;Vorau ^<60745>;1376,375
2009;Vornholz ^<60746>;741,875
2009;Waldbach ^<60747>;762,125
2009;Wenigzell ^<60749>;1453,75
2009;Wörth an der Lafnitz ^<60750>;383,625
2009;Altenmarkt bei Fürstenfeld ^<62201>;-
2009;Bad Blumau <62202>;-
2009;Bad Waltersdorf ^<62203>;-
2009;Bad Waltersdorf <62264>;-
2009;Blaindorf ^<62204>;-
2009;Buch-St. Magdalena <62205>;-
2009;Burgau <62206>;-
2009;Dechantskirchen ^<62207>;-
2009;Dechantskirchen <62265>;-
2009;Dienersdorf ^<62208>;-
2009;Ebersdorf <62209>;-
2009;Eichberg ^<62210>;-
2009;Feistritztal <62266>;-
2009;Friedberg <62211>;-
2009;Fürstenfeld ^<62212>;-
2009;Fürstenfeld ^<62267>;-
2009;Fürstenfeld <62280>;-
2009;Grafendorf bei Hartberg ^<62213>;-
2009;Grafendorf bei Hartberg <62268>;-
2009;Greinbach <62214>;-
2009;Großhart ^<62215>;-
2009;Großsteinbach <62216>;-
2009;Großwilfersdorf ^<62217>;-
2009;Großwilfersdorf <62269>;-
2009;Hainersdorf ^<62218>;-
2009;Hartberg <62219>;-
2009;Hartberg Umgebung <62220>;-
2009;Hartl ^<62221>;-
2009;Hartl <62270>;-
2009;Hofkirchen bei Hartberg ^<62222>;-
2009;Ilz ^<62223>;-
2009;Ilz <62271>;-
2009;Kaibing ^<62224>;-
2009;Kaindorf ^<62225>;-
2009;Kaindorf <62272>;-
2009;Lafnitz <62226>;-
2009;Limbach bei Neudau ^<62227>;-
2009;Loipersdorf bei Fürstenfeld ^<62228>;-
2009;Bad Loipersdorf <62273>;-
2009;Mönichwald ^<62229>;-
2009;Nestelbach im Ilztal ^<62230>;-
2009;Neudau ^<62231>;-
2009;Neudau <62274>;-
2009;Ottendorf an der Rittschein <62232>;-
2009;Pinggau <62233>;-
2009;Pöllau ^<62234>;-
2009;Pöllau <62275>;-
2009;Pöllauberg <62235>;-
2009;Puchegg ^<62236>;-
2009;Rabenwald ^<62237>;-
2009;Riegersberg ^<62238>;-
2009;Rohr bei Hartberg ^<62239>;-
2009;Rohr bei Hartberg <62276>;-
2009;Rohrbach an der Lafnitz ^<62240>;-
2009;Rohrbach an der Lafnitz <62277>;-
2009;Saifen-Boden ^<62241>;-
2009;Sankt Jakob im Walde <62242>;-
2009;Sankt Johann bei Herberstein ^<62243>;-
2009;Sankt Johann in der Haide <62244>;-
2009;Sankt Lorenzen am Wechsel <62245>;-
2009;Schachen bei Vorau ^<62246>;-
2009;Schäffern <62247>;-
2009;Schlag bei Thalberg ^<62248>;-
2009;Schönegg bei Pöllau ^<62249>;-
2009;Sebersdorf ^<62250>;-
2009;Siegersdorf bei Herberstein ^<62251>;-
2009;Söchau ^<62252>;-
2009;Sonnhofen ^<62253>;-
2009;Stambach ^<62254>;-
2009;Stein ^<62255>;-
2009;Stubenberg <62256>;-
2009;Tiefenbach bei Kaindorf ^<62257>;-
2009;Übersbach ^<62258>;-
2009;Vorau ^<62259>;-
2009;Vorau <62278>;-
2009;Vornholz ^<62260>;-
2009;Waldbach ^<62261>;-
2009;Waldbach-Mönichwald <62279>;-
2009;Wenigzell <62262>;-
2009;Wörth an der Lafnitz ^<62263>;-
2009;Amering ^<60801>;1004,875
2009;Bretstein ^<60802>;321,625
2009;Eppenstein ^<60803>;1280
2009;Fohnsdorf ^<60804>;8050,875
2009;Hohentauern ^<60805>;482,875
2009;Judenburg ^<60806>;9426,75
2009;Maria Buch-Feistritz ^<60809>;2315,375
2009;Obdach ^<60810>;2184,375
2009;Oberkurzheim ^<60811>;721,875
2009;Oberweg ^<60812>;599,5
2009;Oberzeiring ^<60813>;879
2009;Pöls ^<60814>;2534,625
2009;Pusterwald ^<60815>;496,625
2009;Reifling ^<60816>;387,375
2009;Reisstraße ^<60817>;185,75
2009;Sankt Anna am Lavantegg ^<60808>;434,25
2009;Sankt Georgen ob Judenburg ^<60818>;905
2009;Sankt Johann am Tauern ^<60819>;506,375
2009;Sankt Oswald-Möderbrugg ^<60820>;1185,625
2009;Sankt Peter ob Judenburg ^<60821>;1115,75
2009;Sankt Wolfgang-Kienberg ^<60807>;374,75
2009;Unzmarkt-Frauenburg ^<60822>;1410
2009;Weißkirchen in Steiermark ^<60823>;1284,125
2009;Zeltweg ^<60824>;7333
2009;Apfelberg ^<60901>;1072,5
2009;Feistritz bei Knittelfeld ^<60902>;734,125
2009;Flatschach ^<60903>;199,125
2009;Gaal ^<60904>;1409,25
2009;Großlobming ^<60905>;1184,625
2009;Kleinlobming ^<60906>;654,375
2009;Knittelfeld ^<60907>;11803,625
2009;Kobenz ^<60908>;1800,125
2009;Rachau ^<60909>;625
2009;Sankt Lorenzen bei Knittelfeld ^<60910>;813,25
2009;Sankt Marein bei Knittelfeld ^<60911>;1213,75
2009;Sankt Margarethen bei Knittelfeld ^<60912>;1348,625
2009;Seckau ^<60913>;1280,625
2009;Spielberg bei Knittelfeld ^<60914>;5105,875
2010;Aflenz Kurort ^<60201>;1026,75
2010;Aflenz Land ^<60202>;1484,5
2010;Breitenau am Hochlantsch ^<60203>;1837
2010;Bruck an der Mur ^<60204>;12825,875
2010;Etmißl ^<60205>;500
2010;Frauenberg ^<60206>;162,625
2010;Gußwerk ^<60207>;1312,25
2010;Halltal ^<60208>;343,625
2010;Kapfenberg ^<60209>;21776,375
2010;Mariazell ^<60210>;1515,375
2010;Oberaich ^<60211>;2977,375
2010;Parschlug ^<60212>;1737,25
2010;Pernegg an der Mur ^<60213>;2379,5
2010;Sankt Ilgen ^<60214>;275
2010;Sankt Katharein an der Laming ^<60215>;1006,5
2010;Sankt Lorenzen im Mürztal ^<60216>;3428,75
2010;Sankt Marein im Mürztal ^<60217>;2531,75
2010;Sankt Sebastian ^<60218>;1030,375
2010;Thörl ^<60219>;1688
2010;Tragöß ^<60220>;1021,25
2010;Turnau ^<60221>;1576,375
2010;Aflenz  <62138>;-
2010;Aflenz Kurort ^<62101>;-
2010;Aflenz Land ^<62102>;-
2010;Allerheiligen im Mürztal ^<62103>;-
2010;Altenberg an der Rax ^<62104>;-
2010;Breitenau am Hochlantsch <62105>;-
2010;Bruck an der Mur ^<62106>;-
2010;Bruck an der Mur <62139>;-
2010;Etmißl ^<62107>;-
2010;Frauenberg ^<62108>;-
2010;Ganz ^<62109>;-
2010;Gußwerk ^<62110>;-
2010;Halltal ^<62111>;-
2010;Kapellen ^<62112>;-
2010;Kapfenberg ^<62113>;-
2010;Kapfenberg <62140>;-
2010;Kindberg ^<62114>;-
2010;Kindberg <62141>;-
2010;Krieglach <62115>;-
2010;Langenwang <62116>;-
2010;Mariazell ^<62117>;-
2010;Mariazell <62142>;-
2010;Mitterdorf im Mürztal ^<62118>;-
2010;Mürzhofen ^<62119>;-
2010;Mürzsteg ^<62120>;-
2010;Mürzzuschlag ^<62121>;-
2010;Mürzzuschlag <62143>;-
2010;Neuberg an der Mürz ^<62122>;-
2010;Neuberg an der Mürz <62144>;-
2010;Oberaich ^<62123>;-
2010;Parschlug ^<62124>;-
2010;Pernegg an der Mur <62125>;-
2010;Sankt Barbara im Mürztal <62145>;-
2010;Sankt Ilgen ^<62126>;-
2010;Sankt Katharein an der Laming ^<62127>;-
2010;Sankt Lorenzen im Mürztal <62128>;-
2010;Sankt Marein im Mürztal ^<62129>;-
2010;Sankt Marein im Mürztal <62146>;-
2010;Sankt Sebastian ^<62130>;-
2010;Spital am Semmering <62131>;-
2010;Stanz im Mürztal <62132>;-
2010;Thörl ^<62133>;-
2010;Thörl <62147>;-
2010;Tragöß ^<62134>;-
2010;Tragöß-Sankt Katharein <62148>;-
2010;Turnau <62135>;-
2010;Veitsch ^<62136>;-
2010;Wartberg im Mürztal ^<62137>;-
2010;Aibl ^<60301>;1457
2010;Bad Gams ^<60307>;2283,375
2010;Bad Schwanberg <60349>;-
2010;Deutschlandsberg ^<60302>;8151,5
2010;Deutschlandsberg <60344>;-
2010;Eibiswald ^<60303>;1392,625
2010;Eibiswald <60345>;-
2010;Feldbaum ^<60304>;-
2010;Frauental an der Laßnitz <60305>;2900,625
2010;Freiland bei Deutschlandsberg ^<60306>;149,5
2010;Garanas ^<60308>;283,375
2010;Georgsberg ^<60309>;1464,875
2010;Greisdorf ^<60310>;1022,75
2010;Gressenberg ^<60311>;322
2010;Groß Sankt Florian ^<60312>;2945,5
2010;Groß Sankt Florian <60346>;-
2010;Großradl ^<60313>;1462,625
2010;Gundersdorf ^<60314>;410,5
2010;Hollenegg ^<60315>;2147,25
2010;Kloster ^<60316>;198,5
2010;Kruckenberg ^<60317>;-
2010;Lannach <60318>;3317,5
2010;Limberg bei Wies ^<60319>;923,5
2010;Marhof ^<60320>;1005,75
2010;Osterwitz ^<60321>;154,625
2010;Pitschgau ^<60322>;1570,875
2010;Pölfing-Brunn <60323>;1638,875
2010;Preding <60324>;1699,5
2010;Rassach ^<60325>;1441,875
2010;Sankt Josef (Weststeiermark) <60326>;1357,875
2010;Sankt Martin im Sulmtal ^<60327>;1847
2010;Sankt Martin im Sulmtal <60347>;-
2010;Sankt Oswald ob Eibiswald ^<60328>;576,5
2010;Sankt Peter im Sulmtal <60329>;1322,375
2010;Sankt Stefan ob Stainz ^<60330>;2176
2010;Sankt Stefan ob Stainz <60348>;-
2010;Schwanberg ^<60331>;2160,375
2010;Soboth ^<60332>;341,875
2010;Stainz ^<60333>;2471,25
2010;Stainz <60350>;-
2010;Stainztal ^<60334>;1461,75
2010;Stallhof ^<60335>;535,875
2010;Sulmeck-Greith ^<60336>;1374,625
2010;Sulz-Laufenegg ^<60337>;-
2010;Trahütten ^<60338>;402,25
2010;Unterbergla ^<60339>;1392,25
2010;Wernersdorf ^<60340>;651,625
2010;Wettmannstätten <60341>;1524,375
2010;Wielfresen ^<60342>;604,125
2010;Wies ^<60343>;2311,5
2010;Wies <60351>;-
2010;Auersbach ^<60401>;900
2010;Aug-Radisch ^<60402>;291,625
2010;Bad Gleichenberg ^<60403>;2213,5
2010;Bairisch Kölldorf ^<60404>;1053,5
2010;Baumgarten bei Gnas ^<60405>;571,5
2010;Breitenfeld an der Rittschein ^<60406>;798,625
2010;Edelsbach bei Feldbach ^<60407>;1378
2010;Edelstauden ^<60408>;451,375
2010;Eichkögl ^<60409>;1220,875
2010;Fehring ^<60410>;3035,375
2010;Feldbach ^<60411>;4592,25
2010;Fladnitz im Raabtal ^<60412>;761,375
2010;Frannach ^<60413>;541,625
2010;Frutten-Gießelsdorf ^<60414>;665,5
2010;Glojach ^<60415>;243,125
2010;Gnas ^<60416>;1947,75
2010;Gniebing-Weißenbach ^<60417>;2178,375
2010;Gossendorf ^<60418>;920,375
2010;Grabersdorf ^<60419>;360,625
2010;Hatzendorf ^<60420>;1729,125
2010;Hohenbrugg-Weinberg ^<60421>;1013,375
2010;Jagerberg ^<60422>;1700,25
2010;Johnsdorf-Brunn ^<60423>;778,125
2010;Kapfenstein ^<60424>;1645,75
2010;Kirchbach in Steiermark ^<60425>;1577,625
2010;Kirchberg an der Raab ^<60426>;1991
2010;Kohlberg ^<60427>;539,25
2010;Kornberg bei Riegersburg ^<60428>;1155,75
2010;Krusdorf ^<60429>;405,75
2010;Leitersdorf im Raabtal ^<60430>;636,5
2010;Lödersdorf ^<60431>;704,875
2010;Maierdorf ^<60432>;547,75
2010;Merkendorf ^<60433>;1174,875
2010;Mitterlabill ^<60434>;423,375
2010;Mühldorf bei Feldbach ^<60435>;3071,75
2010;Oberdorf am Hochegg ^<60436>;723,375
2010;Oberstorcha ^<60437>;630,5
2010;Paldau ^<60438>;2068,375
2010;Perlsdorf ^<60439>;358,25
2010;Pertlstein ^<60440>;824,125
2010;Petersdorf II ^<60441>;856,875
2010;Pirching am Traubenberg ^<60442>;1609,625
2010;Poppendorf ^<60443>;684,625
2010;Raabau ^<60444>;587,875
2010;Raning ^<60445>;820,375
2010;Reith b.Hartmannsdorf ^<60446>;-
2010;Riegersburg ^<60447>;2453
2010;Sankt Anna am Aigen ^<60448>;1784,375
2010;Sankt Stefan im Rosental ^<60449>;3790,75
2010;Schwarzau im Schwarzautal ^<60450>;656
2010;Stainz bei Straden ^<60451>;970,625
2010;Studenzen ^<60452>;699,75
2010;Trautmannsdorf in Oststeiermark ^<60453>;840,375
2010;Unterauersbach ^<60454>;470,25
2010;Unterlamm ^<60455>;1278
2010;Zerlach ^<60456>;1732,5
2010;Altenmarkt bei Fürstenfeld ^<60501>;1177,875
2010;Bad Blumau ^<60502>;1615,5
2010;Burgau ^<60503>;1002
2010;Fürstenfeld ^<60504>;5964,875
2010;Großsteinbach ^<60505>;1330,5
2010;Großwilfersdorf ^<60506>;1409,375
2010;Hainersdorf ^<60507>;639,375
2010;Ilz ^<60508>;2600
2010;Loipersdorf bei Fürstenfeld ^<60509>;1394,75
2010;Nestelbach im Ilztal ^<60510>;1124,875
2010;Ottendorf an der Rittschein ^<60511>;1523,25
2010;Söchau ^<60512>;1446,25
2010;Stein ^<60513>;483,5
2010;Übersbach ^<60514>;1161
2010;Attendorf ^<60601>;1804,375
2010;Brodingberg ^<60602>;1255,5
2010;Deutschfeistritz ^<60603>;3872
2010;Deutschfeistritz <60659>;-
2010;Dobl ^<60604>;1694,75
2010;Dobl-Zwaring <60660>;-
2010;Edelsgrub ^<60605>;699,25
2010;Eggersdorf bei Graz ^<60606>;2061,5
2010;Eggersdorf bei Graz <60661>;-
2010;Eisbach ^<60607>;2997,375
2010;Feldkirchen bei Graz <60608>;5441,75
2010;Fernitz ^<60609>;3191,625
2010;Fernitz-Mellach <60662>;-
2010;Frohnleiten ^<60610>;6067
2010;Frohnleiten <60663>;-
2010;Gössendorf <60611>;3647,75
2010;Grambach ^<60612>;1616,875
2010;Gratkorn <60613>;7433,75
2010;Gratwein ^<60614>;3673,25
2010;Gratwein-Straßengel <60664>;-
2010;Großstübing ^<60615>;348,375
2010;Gschnaidt ^<60616>;356,125
2010;Hart bei Graz <60617>;4444,875
2010;Hart-Purgstall ^<60634>;1611
2010;Haselsdorf-Tobelbad <60618>;1324,125
2010;Hausmannstätten <60619>;2891,375
2010;Hitzendorf ^<60620>;3684
2010;Hitzendorf <60665>;-
2010;Höf-Präbach ^<60621>;1446,5
2010;Judendorf-Straßengel ^<60622>;5490,25
2010;Kainbach bei Graz <60623>;2596,625
2010;Kalsdorf bei Graz <60624>;5752,25
2010;Krumegg ^<60625>;1422,875
2010;Kumberg <60626>;3543,5
2010;Langegg bei Graz ^<60627>;823,5
2010;Laßnitzhöhe <60628>;2701,75
2010;Lieboch <60629>;4583,5
2010;Mellach ^<60630>;1185,75
2010;Nestelbach bei Graz ^<60631>;1114,625
2010;Nestelbach bei Graz <60666>;-
2010;Peggau <60632>;2141,75
2010;Pirka ^<60633>;3135,875
2010;Premstätten <60670>;-
2010;Raaba ^<60635>;2182,5
2010;Raaba-Grambach <60667>;-
2010;Rohrbach-Steinberg ^<60637>;1375,5
2010;Röthelstein ^<60636>;227,625
2010;Rothleiten ^<60638>;-
2010;Sankt Bartholomä <60639>;1350,25
2010;Sankt Marein bei Graz ^<60640>;1242,875
2010;Sankt Marein bei Graz <60668>;-
2010;Sankt Oswald bei Plankenwarth <60641>;1136,25
2010;Sankt Radegund bei Graz <60642>;2032,75
2010;Schrems bei Frohnleiten ^<60643>;580,625
2010;Seiersberg ^<60644>;7265,5
2010;Seiersberg-Pirka <60669>;-
2010;Semriach <60645>;3242,875
2010;Stattegg <60646>;2744,125
2010;Stiwoll <60647>;709
2010;Thal <60648>;2240,125
2010;Tulwitz ^<60649>;517,125
2010;Tyrnau ^<60650>;155,625
2010;Übelbach <60651>;1979,5
2010;Unterpremstätten ^<60652>;3573
2010;Vasoldsberg <60653>;4224,25
2010;Weinitzen <60654>;2514,75
2010;Werndorf <60655>;2155,5
2010;Wundschuh <60656>;1474,75
2010;Zettling ^<60657>;1492
2010;Zwaring-Pöls ^<60658>;1538,5
2010;Bad Waltersdorf ^<60748>;2166,625
2010;Blaindorf ^<60701>;665,625
2010;Buch-Geiseldorf ^<60702>;1027
2010;Dechantskirchen ^<60703>;1631,125
2010;Dienersdorf ^<60704>;689,125
2010;Ebersdorf ^<60705>;1221,125
2010;Eichberg ^<60716>;1236,875
2010;Friedberg ^<60706>;2579,625
2010;Grafendorf bei Hartberg ^<60707>;2531,75
2010;Greinbach ^<60708>;1775,75
2010;Großhart ^<60709>;626
2010;Hartberg ^<60710>;6607,25
2010;Hartberg Umgebung ^<60711>;2130
2010;Hartl ^<60712>;820,875
2010;Hofkirchen bei Hartberg ^<60713>;626,625
2010;Kaibing ^<60714>;376,5
2010;Kaindorf ^<60715>;1452,25
2010;Lafnitz ^<60717>;1402
2010;Limbach bei Neudau ^<60718>;330,125
2010;Mönichwald ^<60719>;894,5
2010;Neudau ^<60720>;1215,25
2010;Pinggau ^<60721>;3092,5
2010;Pöllau ^<60722>;2075,625
2010;Pöllauberg ^<60723>;2125,125
2010;Puchegg ^<60724>;552,625
2010;Rabenwald ^<60725>;623,375
2010;Riegersberg ^<60726>;992,25
2010;Rohr bei Hartberg ^<60727>;1086,5
2010;Rohrbach an der Lafnitz ^<60728>;1041,5
2010;Saifen-Boden ^<60729>;1042,875
2010;Sankt Jakob im Walde ^<60730>;1079,5
2010;Sankt Johann bei Herberstein ^<60731>;358,875
2010;Sankt Johann in der Haide ^<60732>;2000,875
2010;Sankt Lorenzen am Wechsel ^<60733>;1606
2010;Sankt Magdalena am Lemberg ^<60734>;1116
2010;Schachen bei Vorau ^<60735>;1186,5
2010;Schäffern ^<60736>;1457,375
2010;Schlag bei Thalberg ^<60737>;947,125
2010;Schönegg bei Pöllau ^<60738>;1379,25
2010;Sebersdorf ^<60739>;1406,125
2010;Siegersdorf bei Herberstein ^<60740>;297,625
2010;Sonnhofen ^<60741>;1040,125
2010;Stambach ^<60742>;644,625
2010;Stubenberg ^<60743>;2325,25
2010;Tiefenbach bei Kaindorf ^<60744>;684,875
2010;Vorau ^<60745>;1357,625
2010;Vornholz ^<60746>;727,75
2010;Waldbach ^<60747>;743,875
2010;Wenigzell ^<60749>;1430,875
2010;Wörth an der Lafnitz ^<60750>;382,375
2010;Altenmarkt bei Fürstenfeld ^<62201>;-
2010;Bad Blumau <62202>;-
2010;Bad Waltersdorf ^<62203>;-
2010;Bad Waltersdorf <62264>;-
2010;Blaindorf ^<62204>;-
2010;Buch-St. Magdalena <62205>;-
2010;Burgau <62206>;-
2010;Dechantskirchen ^<62207>;-
2010;Dechantskirchen <62265>;-
2010;Dienersdorf ^<62208>;-
2010;Ebersdorf <62209>;-
2010;Eichberg ^<62210>;-
2010;Feistritztal <62266>;-
2010;Friedberg <62211>;-
2010;Fürstenfeld ^<62212>;-
2010;Fürstenfeld ^<62267>;-
2010;Fürstenfeld <62280>;-
2010;Grafendorf bei Hartberg ^<62213>;-
2010;Grafendorf bei Hartberg <62268>;-
2010;Greinbach <62214>;-
2010;Großhart ^<62215>;-
2010;Großsteinbach <62216>;-
2010;Großwilfersdorf ^<62217>;-
2010;Großwilfersdorf <62269>;-
2010;Hainersdorf ^<62218>;-
2010;Hartberg <62219>;-
2010;Hartberg Umgebung <62220>;-
2010;Hartl ^<62221>;-
2010;Hartl <62270>;-
2010;Hofkirchen bei Hartberg ^<62222>;-
2010;Ilz ^<62223>;-
2010;Ilz <62271>;-
2010;Kaibing ^<62224>;-
2010;Kaindorf ^<62225>;-
2010;Kaindorf <62272>;-
2010;Lafnitz <62226>;-
2010;Limbach bei Neudau ^<62227>;-
2010;Loipersdorf bei Fürstenfeld ^<62228>;-
2010;Bad Loipersdorf <62273>;-
2010;Mönichwald ^<62229>;-
2010;Nestelbach im Ilztal ^<62230>;-
2010;Neudau ^<62231>;-
2010;Neudau <62274>;-
2010;Ottendorf an der Rittschein <62232>;-
2010;Pinggau <62233>;-
2010;Pöllau ^<62234>;-
2010;Pöllau <62275>;-
2010;Pöllauberg <62235>;-
2010;Puchegg ^<62236>;-
2010;Rabenwald ^<62237>;-
2010;Riegersberg ^<62238>;-
2010;Rohr bei Hartberg ^<62239>;-
2010;Rohr bei Hartberg <62276>;-
2010;Rohrbach an der Lafnitz ^<62240>;-
2010;Rohrbach an der Lafnitz <62277>;-
2010;Saifen-Boden ^<62241>;-
2010;Sankt Jakob im Walde <62242>;-
2010;Sankt Johann bei Herberstein ^<62243>;-
2010;Sankt Johann in der Haide <62244>;-
2010;Sankt Lorenzen am Wechsel <62245>;-
2010;Schachen bei Vorau ^<62246>;-
2010;Schäffern <62247>;-
2010;Schlag bei Thalberg ^<62248>;-
2010;Schönegg bei Pöllau ^<62249>;-
2010;Sebersdorf ^<62250>;-
2010;Siegersdorf bei Herberstein ^<62251>;-
2010;Söchau ^<62252>;-
2010;Sonnhofen ^<62253>;-
2010;Stambach ^<62254>;-
2010;Stein ^<62255>;-
2010;Stubenberg <62256>;-
2010;Tiefenbach bei Kaindorf ^<62257>;-
2010;Übersbach ^<62258>;-
2010;Vorau ^<62259>;-
2010;Vorau <62278>;-
2010;Vornholz ^<62260>;-
2010;Waldbach ^<62261>;-
2010;Waldbach-Mönichwald <62279>;-
2010;Wenigzell <62262>;-
2010;Wörth an der Lafnitz ^<62263>;-
2010;Amering ^<60801>;1045,25
2010;Bretstein ^<60802>;316,625
2010;Eppenstein ^<60803>;1259,5
2010;Fohnsdorf ^<60804>;8028,375
2010;Hohentauern ^<60805>;455
2010;Judenburg ^<60806>;9356,375
2010;Maria Buch-Feistritz ^<60809>;2304,25
2010;Obdach ^<60810>;2153,25
2010;Oberkurzheim ^<60811>;698,375
2010;Oberweg ^<60812>;594,375
2010;Oberzeiring ^<60813>;854
2010;Pöls ^<60814>;2491,125
2010;Pusterwald ^<60815>;484,875
2010;Reifling ^<60816>;386,625
2010;Reisstraße ^<60817>;178,25
2010;Sankt Anna am Lavantegg ^<60808>;431,5
2010;Sankt Georgen ob Judenburg ^<60818>;892,625
2010;Sankt Johann am Tauern ^<60819>;490,625
2010;Sankt Oswald-Möderbrugg ^<60820>;1179,375
2010;Sankt Peter ob Judenburg ^<60821>;1111,5
2010;Sankt Wolfgang-Kienberg ^<60807>;366
2010;Unzmarkt-Frauenburg ^<60822>;1391
2010;Weißkirchen in Steiermark ^<60823>;1287
2010;Zeltweg ^<60824>;7260
2010;Apfelberg ^<60901>;1089,625
2010;Feistritz bei Knittelfeld ^<60902>;741,125
2010;Flatschach ^<60903>;205,375
2010;Gaal ^<60904>;1414,625
2010;Großlobming ^<60905>;1195,75
2010;Kleinlobming ^<60906>;652,125
2010;Knittelfeld ^<60907>;11749,25
2010;Kobenz ^<60908>;1814,375
2010;Rachau ^<60909>;618
2010;Sankt Lorenzen bei Knittelfeld ^<60910>;797,5
2010;Sankt Marein bei Knittelfeld ^<60911>;1202
2010;Sankt Margarethen bei Knittelfeld ^<60912>;1332,75
2010;Seckau ^<60913>;1267,125
2010;Spielberg bei Knittelfeld ^<60914>;5095,25
2011;Aflenz Kurort ^<60201>;1006,75
2011;Aflenz Land ^<60202>;1496,25
2011;Breitenau am Hochlantsch ^<60203>;1819,375
2011;Bruck an der Mur ^<60204>;12613,625
2011;Etmißl ^<60205>;506,375
2011;Frauenberg ^<60206>;162,625
2011;Gußwerk ^<60207>;1292
2011;Halltal ^<60208>;335,375
2011;Kapfenberg ^<60209>;21705,875
2011;Mariazell ^<60210>;1490,5
2011;Oberaich ^<60211>;3066,5
2011;Parschlug ^<60212>;1733,25
2011;Pernegg an der Mur ^<60213>;2389,25
2011;Sankt Ilgen ^<60214>;272,5
2011;Sankt Katharein an der Laming ^<60215>;989,625
2011;Sankt Lorenzen im Mürztal ^<60216>;3478,375
2011;Sankt Marein im Mürztal ^<60217>;2531,625
2011;Sankt Sebastian ^<60218>;1007,625
2011;Thörl ^<60219>;1669,625
2011;Tragöß ^<60220>;1002,625
2011;Turnau ^<60221>;1575,5
2011;Aflenz  <62138>;-
2011;Aflenz Kurort ^<62101>;-
2011;Aflenz Land ^<62102>;-
2011;Allerheiligen im Mürztal ^<62103>;-
2011;Altenberg an der Rax ^<62104>;-
2011;Breitenau am Hochlantsch <62105>;-
2011;Bruck an der Mur ^<62106>;-
2011;Bruck an der Mur <62139>;-
2011;Etmißl ^<62107>;-
2011;Frauenberg ^<62108>;-
2011;Ganz ^<62109>;-
2011;Gußwerk ^<62110>;-
2011;Halltal ^<62111>;-
2011;Kapellen ^<62112>;-
2011;Kapfenberg ^<62113>;-
2011;Kapfenberg <62140>;-
2011;Kindberg ^<62114>;-
2011;Kindberg <62141>;-
2011;Krieglach <62115>;-
2011;Langenwang <62116>;-
2011;Mariazell ^<62117>;-
2011;Mariazell <62142>;-
2011;Mitterdorf im Mürztal ^<62118>;-
2011;Mürzhofen ^<62119>;-
2011;Mürzsteg ^<62120>;-
2011;Mürzzuschlag ^<62121>;-
2011;Mürzzuschlag <62143>;-
2011;Neuberg an der Mürz ^<62122>;-
2011;Neuberg an der Mürz <62144>;-
2011;Oberaich ^<62123>;-
2011;Parschlug ^<62124>;-
2011;Pernegg an der Mur <62125>;-
2011;Sankt Barbara im Mürztal <62145>;-
2011;Sankt Ilgen ^<62126>;-
2011;Sankt Katharein an der Laming ^<62127>;-
2011;Sankt Lorenzen im Mürztal <62128>;-
2011;Sankt Marein im Mürztal ^<62129>;-
2011;Sankt Marein im Mürztal <62146>;-
2011;Sankt Sebastian ^<62130>;-
2011;Spital am Semmering <62131>;-
2011;Stanz im Mürztal <62132>;-
2011;Thörl ^<62133>;-
2011;Thörl <62147>;-
2011;Tragöß ^<62134>;-
2011;Tragöß-Sankt Katharein <62148>;-
2011;Turnau <62135>;-
2011;Veitsch ^<62136>;-
2011;Wartberg im Mürztal ^<62137>;-
2011;Aibl ^<60301>;1433,375
2011;Bad Gams ^<60307>;2289,25
2011;Bad Schwanberg <60349>;-
2011;Deutschlandsberg ^<60302>;8124
2011;Deutschlandsberg <60344>;-
2011;Eibiswald ^<60303>;1389,875
2011;Eibiswald <60345>;-
2011;Feldbaum ^<60304>;-
2011;Frauental an der Laßnitz <60305>;2931
2011;Freiland bei Deutschlandsberg ^<60306>;155,25
2011;Garanas ^<60308>;267,875
2011;Georgsberg ^<60309>;1468,25
2011;Greisdorf ^<60310>;1019
2011;Gressenberg ^<60311>;311,5
2011;Groß Sankt Florian ^<60312>;2922,625
2011;Groß Sankt Florian <60346>;-
2011;Großradl ^<60313>;1449,75
2011;Gundersdorf ^<60314>;417,625
2011;Hollenegg ^<60315>;2127,875
2011;Kloster ^<60316>;196
2011;Kruckenberg ^<60317>;-
2011;Lannach <60318>;3316,875
2011;Limberg bei Wies ^<60319>;924,25
2011;Marhof ^<60320>;1025
2011;Osterwitz ^<60321>;151,375
2011;Pitschgau ^<60322>;1568,75
2011;Pölfing-Brunn <60323>;1652,625
2011;Preding <60324>;1702,75
2011;Rassach ^<60325>;1429,625
2011;Sankt Josef (Weststeiermark) <60326>;1369,875
2011;Sankt Martin im Sulmtal ^<60327>;1822,25
2011;Sankt Martin im Sulmtal <60347>;-
2011;Sankt Oswald ob Eibiswald ^<60328>;566,5
2011;Sankt Peter im Sulmtal <60329>;1343
2011;Sankt Stefan ob Stainz ^<60330>;2191,875
2011;Sankt Stefan ob Stainz <60348>;-
2011;Schwanberg ^<60331>;2104
2011;Soboth ^<60332>;339,75
2011;Stainz ^<60333>;2517,25
2011;Stainz <60350>;-
2011;Stainztal ^<60334>;1453,375
2011;Stallhof ^<60335>;528
2011;Sulmeck-Greith ^<60336>;1352,875
2011;Sulz-Laufenegg ^<60337>;-
2011;Trahütten ^<60338>;396,875
2011;Unterbergla ^<60339>;1375,125
2011;Wernersdorf ^<60340>;643,125
2011;Wettmannstätten <60341>;1538,25
2011;Wielfresen ^<60342>;582,875
2011;Wies ^<60343>;2302,875
2011;Wies <60351>;-
2011;Auersbach ^<60401>;886,625
2011;Aug-Radisch ^<60402>;291,625
2011;Bad Gleichenberg ^<60403>;2216,75
2011;Bairisch Kölldorf ^<60404>;1060,75
2011;Baumgarten bei Gnas ^<60405>;575,75
2011;Breitenfeld an der Rittschein ^<60406>;795,875
2011;Edelsbach bei Feldbach ^<60407>;1390
2011;Edelstauden ^<60408>;450,125
2011;Eichkögl ^<60409>;1217,625
2011;Fehring ^<60410>;3034,25
2011;Feldbach ^<60411>;4601,375
2011;Fladnitz im Raabtal ^<60412>;754,125
2011;Frannach ^<60413>;550,375
2011;Frutten-Gießelsdorf ^<60414>;651,5
2011;Glojach ^<60415>;244
2011;Gnas ^<60416>;1931,75
2011;Gniebing-Weißenbach ^<60417>;2180,375
2011;Gossendorf ^<60418>;919,875
2011;Grabersdorf ^<60419>;350,5
2011;Hatzendorf ^<60420>;1733,875
2011;Hohenbrugg-Weinberg ^<60421>;989,25
2011;Jagerberg ^<60422>;1679,25
2011;Johnsdorf-Brunn ^<60423>;775,125
2011;Kapfenstein ^<60424>;1618,875
2011;Kirchbach in Steiermark ^<60425>;1573,25
2011;Kirchberg an der Raab ^<60426>;1993,875
2011;Kohlberg ^<60427>;523,625
2011;Kornberg bei Riegersburg ^<60428>;1158,875
2011;Krusdorf ^<60429>;399,375
2011;Leitersdorf im Raabtal ^<60430>;644,75
2011;Lödersdorf ^<60431>;704
2011;Maierdorf ^<60432>;538,625
2011;Merkendorf ^<60433>;1157,375
2011;Mitterlabill ^<60434>;416,25
2011;Mühldorf bei Feldbach ^<60435>;3063
2011;Oberdorf am Hochegg ^<60436>;723,5
2011;Oberstorcha ^<60437>;630,25
2011;Paldau ^<60438>;2079,5
2011;Perlsdorf ^<60439>;353,75
2011;Pertlstein ^<60440>;808,5
2011;Petersdorf II ^<60441>;867,25
2011;Pirching am Traubenberg ^<60442>;1626,5
2011;Poppendorf ^<60443>;692,375
2011;Raabau ^<60444>;595,375
2011;Raning ^<60445>;812,625
2011;Reith b.Hartmannsdorf ^<60446>;-
2011;Riegersburg ^<60447>;2424,875
2011;Sankt Anna am Aigen ^<60448>;1763,75
2011;Sankt Stefan im Rosental ^<60449>;3799,25
2011;Schwarzau im Schwarzautal ^<60450>;647
2011;Stainz bei Straden ^<60451>;978,5
2011;Studenzen ^<60452>;694,25
2011;Trautmannsdorf in Oststeiermark ^<60453>;850
2011;Unterauersbach ^<60454>;458,75
2011;Unterlamm ^<60455>;1273,5
2011;Zerlach ^<60456>;1715,875
2011;Altenmarkt bei Fürstenfeld ^<60501>;1163
2011;Bad Blumau ^<60502>;1604,5
2011;Burgau ^<60503>;986,5
2011;Fürstenfeld ^<60504>;5954,625
2011;Großsteinbach ^<60505>;1332,125
2011;Großwilfersdorf ^<60506>;1391,875
2011;Hainersdorf ^<60507>;656,5
2011;Ilz ^<60508>;2583,125
2011;Loipersdorf bei Fürstenfeld ^<60509>;1387,5
2011;Nestelbach im Ilztal ^<60510>;1115,375
2011;Ottendorf an der Rittschein ^<60511>;1511,5
2011;Söchau ^<60512>;1450,375
2011;Stein ^<60513>;481,125
2011;Übersbach ^<60514>;1158,125
2011;Attendorf ^<60601>;1801,125
2011;Brodingberg ^<60602>;1252,25
2011;Deutschfeistritz ^<60603>;3881,625
2011;Deutschfeistritz <60659>;-
2011;Dobl ^<60604>;1756,625
2011;Dobl-Zwaring <60660>;-
2011;Edelsgrub ^<60605>;702,5
2011;Eggersdorf bei Graz ^<60606>;2080
2011;Eggersdorf bei Graz <60661>;-
2011;Eisbach ^<60607>;2993,75
2011;Feldkirchen bei Graz <60608>;5479
2011;Fernitz ^<60609>;3193,375
2011;Fernitz-Mellach <60662>;-
2011;Frohnleiten ^<60610>;6041
2011;Frohnleiten <60663>;-
2011;Gössendorf <60611>;3686,75
2011;Grambach ^<60612>;1632,75
2011;Gratkorn <60613>;7523,875
2011;Gratwein ^<60614>;3678,25
2011;Gratwein-Straßengel <60664>;-
2011;Großstübing ^<60615>;339,375
2011;Gschnaidt ^<60616>;352,375
2011;Hart bei Graz <60617>;4426,5
2011;Hart-Purgstall ^<60634>;1609,625
2011;Haselsdorf-Tobelbad <60618>;1337,875
2011;Hausmannstätten <60619>;2858,75
2011;Hitzendorf ^<60620>;3652,75
2011;Hitzendorf <60665>;-
2011;Höf-Präbach ^<60621>;1437,375
2011;Judendorf-Straßengel ^<60622>;5661,5
2011;Kainbach bei Graz <60623>;2620,5
2011;Kalsdorf bei Graz <60624>;5838,125
2011;Krumegg ^<60625>;1429,75
2011;Kumberg <60626>;3584,25
2011;Langegg bei Graz ^<60627>;831,75
2011;Laßnitzhöhe <60628>;2680,75
2011;Lieboch <60629>;4652,125
2011;Mellach ^<60630>;1199,375
2011;Nestelbach bei Graz ^<60631>;1089,875
2011;Nestelbach bei Graz <60666>;-
2011;Peggau <60632>;2124,625
2011;Pirka ^<60633>;3168
2011;Premstätten <60670>;-
2011;Raaba ^<60635>;2186,75
2011;Raaba-Grambach <60667>;-
2011;Rohrbach-Steinberg ^<60637>;1423,375
2011;Röthelstein ^<60636>;221,5
2011;Rothleiten ^<60638>;-
2011;Sankt Bartholomä <60639>;1345,375
2011;Sankt Marein bei Graz ^<60640>;1250
2011;Sankt Marein bei Graz <60668>;-
2011;Sankt Oswald bei Plankenwarth <60641>;1157,375
2011;Sankt Radegund bei Graz <60642>;2030,875
2011;Schrems bei Frohnleiten ^<60643>;587,5
2011;Seiersberg ^<60644>;7319,375
2011;Seiersberg-Pirka <60669>;-
2011;Semriach <60645>;3230,5
2011;Stattegg <60646>;2738,75
2011;Stiwoll <60647>;712,75
2011;Thal <60648>;2247,125
2011;Tulwitz ^<60649>;517,875
2011;Tyrnau ^<60650>;155,375
2011;Übelbach <60651>;1966,125
2011;Unterpremstätten ^<60652>;3610,125
2011;Vasoldsberg <60653>;4232,75
2011;Weinitzen <60654>;2537,625
2011;Werndorf <60655>;2168,625
2011;Wundschuh <60656>;1511,25
2011;Zettling ^<60657>;1515,75
2011;Zwaring-Pöls ^<60658>;1536,875
2011;Bad Waltersdorf ^<60748>;2174
2011;Blaindorf ^<60701>;663,125
2011;Buch-Geiseldorf ^<60702>;1024,125
2011;Dechantskirchen ^<60703>;1622
2011;Dienersdorf ^<60704>;700
2011;Ebersdorf ^<60705>;1236,5
2011;Eichberg ^<60716>;1223,875
2011;Friedberg ^<60706>;2578,75
2011;Grafendorf bei Hartberg ^<60707>;2532,125
2011;Greinbach ^<60708>;1767
2011;Großhart ^<60709>;628,125
2011;Hartberg ^<60710>;6556,75
2011;Hartberg Umgebung ^<60711>;2128,875
2011;Hartl ^<60712>;818,875
2011;Hofkirchen bei Hartberg ^<60713>;626,75
2011;Kaibing ^<60714>;373,5
2011;Kaindorf ^<60715>;1474,5
2011;Lafnitz ^<60717>;1404,75
2011;Limbach bei Neudau ^<60718>;332
2011;Mönichwald ^<60719>;904,125
2011;Neudau ^<60720>;1225,125
2011;Pinggau ^<60721>;3100,875
2011;Pöllau ^<60722>;2067
2011;Pöllauberg ^<60723>;2106
2011;Puchegg ^<60724>;555,25
2011;Rabenwald ^<60725>;618,125
2011;Riegersberg ^<60726>;990
2011;Rohr bei Hartberg ^<60727>;1093
2011;Rohrbach an der Lafnitz ^<60728>;1056,75
2011;Saifen-Boden ^<60729>;1046,75
2011;Sankt Jakob im Walde ^<60730>;1071,75
2011;Sankt Johann bei Herberstein ^<60731>;364,625
2011;Sankt Johann in der Haide ^<60732>;1999,875
2011;Sankt Lorenzen am Wechsel ^<60733>;1587,75
2011;Sankt Magdalena am Lemberg ^<60734>;1129,25
2011;Schachen bei Vorau ^<60735>;1186,75
2011;Schäffern ^<60736>;1418,625
2011;Schlag bei Thalberg ^<60737>;936,375
2011;Schönegg bei Pöllau ^<60738>;1372,125
2011;Sebersdorf ^<60739>;1406,75
2011;Siegersdorf bei Herberstein ^<60740>;295,75
2011;Sonnhofen ^<60741>;1038,5
2011;Stambach ^<60742>;629,75
2011;Stubenberg ^<60743>;2319,875
2011;Tiefenbach bei Kaindorf ^<60744>;689,375
2011;Vorau ^<60745>;1359,5
2011;Vornholz ^<60746>;723,25
2011;Waldbach ^<60747>;724,25
2011;Wenigzell ^<60749>;1416,5
2011;Wörth an der Lafnitz ^<60750>;370,375
2011;Altenmarkt bei Fürstenfeld ^<62201>;-
2011;Bad Blumau <62202>;-
2011;Bad Waltersdorf ^<62203>;-
2011;Bad Waltersdorf <62264>;-
2011;Blaindorf ^<62204>;-
2011;Buch-St. Magdalena <62205>;-
2011;Burgau <62206>;-
2011;Dechantskirchen ^<62207>;-
2011;Dechantskirchen <62265>;-
2011;Dienersdorf ^<62208>;-
2011;Ebersdorf <62209>;-
2011;Eichberg ^<62210>;-
2011;Feistritztal <62266>;-
2011;Friedberg <62211>;-
2011;Fürstenfeld ^<62212>;-
2011;Fürstenfeld ^<62267>;-
2011;Fürstenfeld <62280>;-
2011;Grafendorf bei Hartberg ^<62213>;-
2011;Grafendorf bei Hartberg <62268>;-
2011;Greinbach <62214>;-
2011;Großhart ^<62215>;-
2011;Großsteinbach <62216>;-
2011;Großwilfersdorf ^<62217>;-
2011;Großwilfersdorf <62269>;-
2011;Hainersdorf ^<62218>;-
2011;Hartberg <62219>;-
2011;Hartberg Umgebung <62220>;-
2011;Hartl ^<62221>;-
2011;Hartl <62270>;-
2011;Hofkirchen bei Hartberg ^<62222>;-
2011;Ilz ^<62223>;-
2011;Ilz <62271>;-
2011;Kaibing ^<62224>;-
2011;Kaindorf ^<62225>;-
2011;Kaindorf <62272>;-
2011;Lafnitz <62226>;-
2011;Limbach bei Neudau ^<62227>;-
2011;Loipersdorf bei Fürstenfeld ^<62228>;-
2011;Bad Loipersdorf <62273>;-
2011;Mönichwald ^<62229>;-
2011;Nestelbach im Ilztal ^<62230>;-
2011;Neudau ^<62231>;-
2011;Neudau <62274>;-
2011;Ottendorf an der Rittschein <62232>;-
2011;Pinggau <62233>;-
2011;Pöllau ^<62234>;-
2011;Pöllau <62275>;-
2011;Pöllauberg <62235>;-
2011;Puchegg ^<62236>;-
2011;Rabenwald ^<62237>;-
2011;Riegersberg ^<62238>;-
2011;Rohr bei Hartberg ^<62239>;-
2011;Rohr bei Hartberg <62276>;-
2011;Rohrbach an der Lafnitz ^<62240>;-
2011;Rohrbach an der Lafnitz <62277>;-
2011;Saifen-Boden ^<62241>;-
2011;Sankt Jakob im Walde <62242>;-
2011;Sankt Johann bei Herberstein ^<62243>;-
2011;Sankt Johann in der Haide <62244>;-
2011;Sankt Lorenzen am Wechsel <62245>;-
2011;Schachen bei Vorau ^<62246>;-
2011;Schäffern <62247>;-
2011;Schlag bei Thalberg ^<62248>;-
2011;Schönegg bei Pöllau ^<62249>;-
2011;Sebersdorf ^<62250>;-
2011;Siegersdorf bei Herberstein ^<62251>;-
2011;Söchau ^<62252>;-
2011;Sonnhofen ^<62253>;-
2011;Stambach ^<62254>;-
2011;Stein ^<62255>;-
2011;Stubenberg <62256>;-
2011;Tiefenbach bei Kaindorf ^<62257>;-
2011;Übersbach ^<62258>;-
2011;Vorau ^<62259>;-
2011;Vorau <62278>;-
2011;Vornholz ^<62260>;-
2011;Waldbach ^<62261>;-
2011;Waldbach-Mönichwald <62279>;-
2011;Wenigzell <62262>;-
2011;Wörth an der Lafnitz ^<62263>;-
2011;Amering ^<60801>;1064,125
2011;Bretstein ^<60802>;305,625
2011;Eppenstein ^<60803>;1241,75
2011;Fohnsdorf ^<60804>;7978
2011;Hohentauern ^<60805>;453,25
2011;Judenburg ^<60806>;9286,25
2011;Maria Buch-Feistritz ^<60809>;2293,75
2011;Obdach ^<60810>;2120,25
2011;Oberkurzheim ^<60811>;701,375
2011;Oberweg ^<60812>;580,25
2011;Oberzeiring ^<60813>;856,375
2011;Pöls ^<60814>;2448,375
2011;Pusterwald ^<60815>;475,25
2011;Reifling ^<60816>;384,5
2011;Reisstraße ^<60817>;175,75
2011;Sankt Anna am Lavantegg ^<60808>;422,125
2011;Sankt Georgen ob Judenburg ^<60818>;884,25
2011;Sankt Johann am Tauern ^<60819>;489,5
2011;Sankt Oswald-Möderbrugg ^<60820>;1177,125
2011;Sankt Peter ob Judenburg ^<60821>;1114,625
2011;Sankt Wolfgang-Kienberg ^<60807>;371
2011;Unzmarkt-Frauenburg ^<60822>;1375,625
2011;Weißkirchen in Steiermark ^<60823>;1294,875
2011;Zeltweg ^<60824>;7233,125
2011;Apfelberg ^<60901>;1102,75
2011;Feistritz bei Knittelfeld ^<60902>;755,5
2011;Flatschach ^<60903>;204,375
2011;Gaal ^<60904>;1420
2011;Großlobming ^<60905>;1181,125
2011;Kleinlobming ^<60906>;644,75
2011;Knittelfeld ^<60907>;11605,125
2011;Kobenz ^<60908>;1849,75
2011;Rachau ^<60909>;610,75
2011;Sankt Lorenzen bei Knittelfeld ^<60910>;792,5
2011;Sankt Marein bei Knittelfeld ^<60911>;1209,875
2011;Sankt Margarethen bei Knittelfeld ^<60912>;1333,875
2011;Seckau ^<60913>;1266,875
2011;Spielberg bei Knittelfeld ^<60914>;5103,375
2012;Aflenz Kurort ^<60201>;1008
2012;Aflenz Land ^<60202>;1463,375
2012;Breitenau am Hochlantsch ^<60203>;1794,375
2012;Bruck an der Mur ^<60204>;12459,25
2012;Etmißl ^<60205>;504,5
2012;Frauenberg ^<60206>;156,25
2012;Gußwerk ^<60207>;1272,625
2012;Halltal ^<60208>;331,375
2012;Kapfenberg ^<60209>;21617,125
2012;Mariazell ^<60210>;1475,625
2012;Oberaich ^<60211>;3159,625
2012;Parschlug ^<60212>;1725,375
2012;Pernegg an der Mur ^<60213>;2391,75
2012;Sankt Ilgen ^<60214>;278,125
2012;Sankt Katharein an der Laming ^<60215>;971,375
2012;Sankt Lorenzen im Mürztal ^<60216>;3499,375
2012;Sankt Marein im Mürztal ^<60217>;2523,625
2012;Sankt Sebastian ^<60218>;1014,125
2012;Thörl ^<60219>;1643,125
2012;Tragöß ^<60220>;1007,875
2012;Turnau ^<60221>;1567,5
2012;Aflenz  <62138>;-
2012;Aflenz Kurort ^<62101>;-
2012;Aflenz Land ^<62102>;-
2012;Allerheiligen im Mürztal ^<62103>;-
2012;Altenberg an der Rax ^<62104>;-
2012;Breitenau am Hochlantsch <62105>;-
2012;Bruck an der Mur ^<62106>;-
2012;Bruck an der Mur <62139>;-
2012;Etmißl ^<62107>;-
2012;Frauenberg ^<62108>;-
2012;Ganz ^<62109>;-
2012;Gußwerk ^<62110>;-
2012;Halltal ^<62111>;-
2012;Kapellen ^<62112>;-
2012;Kapfenberg ^<62113>;-
2012;Kapfenberg <62140>;-
2012;Kindberg ^<62114>;-
2012;Kindberg <62141>;-
2012;Krieglach <62115>;-
2012;Langenwang <62116>;-
2012;Mariazell ^<62117>;-
2012;Mariazell <62142>;-
2012;Mitterdorf im Mürztal ^<62118>;-
2012;Mürzhofen ^<62119>;-
2012;Mürzsteg ^<62120>;-
2012;Mürzzuschlag ^<62121>;-
2012;Mürzzuschlag <62143>;-
2012;Neuberg an der Mürz ^<62122>;-
2012;Neuberg an der Mürz <62144>;-
2012;Oberaich ^<62123>;-
2012;Parschlug ^<62124>;-
2012;Pernegg an der Mur <62125>;-
2012;Sankt Barbara im Mürztal <62145>;-
2012;Sankt Ilgen ^<62126>;-
2012;Sankt Katharein an der Laming ^<62127>;-
2012;Sankt Lorenzen im Mürztal <62128>;-
2012;Sankt Marein im Mürztal ^<62129>;-
2012;Sankt Marein im Mürztal <62146>;-
2012;Sankt Sebastian ^<62130>;-
2012;Spital am Semmering <62131>;-
2012;Stanz im Mürztal <62132>;-
2012;Thörl ^<62133>;-
2012;Thörl <62147>;-
2012;Tragöß ^<62134>;-
2012;Tragöß-Sankt Katharein <62148>;-
2012;Turnau <62135>;-
2012;Veitsch ^<62136>;-
2012;Wartberg im Mürztal ^<62137>;-
2012;Aibl ^<60301>;1414,25
2012;Bad Gams ^<60307>;2273
2012;Bad Schwanberg <60349>;-
2012;Deutschlandsberg ^<60302>;8138
2012;Deutschlandsberg <60344>;-
2012;Eibiswald ^<60303>;1403,625
2012;Eibiswald <60345>;-
2012;Feldbaum ^<60304>;-
2012;Frauental an der Laßnitz <60305>;2925,625
2012;Freiland bei Deutschlandsberg ^<60306>;156,625
2012;Garanas ^<60308>;263,625
2012;Georgsberg ^<60309>;1506,5
2012;Greisdorf ^<60310>;999,875
2012;Gressenberg ^<60311>;299,25
2012;Groß Sankt Florian ^<60312>;2898,875
2012;Groß Sankt Florian <60346>;-
2012;Großradl ^<60313>;1425,625
2012;Gundersdorf ^<60314>;417,375
2012;Hollenegg ^<60315>;2118,5
2012;Kloster ^<60316>;195
2012;Kruckenberg ^<60317>;-
2012;Lannach <60318>;3341,375
2012;Limberg bei Wies ^<60319>;925,5
2012;Marhof ^<60320>;1050
2012;Osterwitz ^<60321>;149,875
2012;Pitschgau ^<60322>;1581
2012;Pölfing-Brunn <60323>;1650,875
2012;Preding <60324>;1690,5
2012;Rassach ^<60325>;1419
2012;Sankt Josef (Weststeiermark) <60326>;1409,125
2012;Sankt Martin im Sulmtal ^<60327>;1799
2012;Sankt Martin im Sulmtal <60347>;-
2012;Sankt Oswald ob Eibiswald ^<60328>;559,875
2012;Sankt Peter im Sulmtal <60329>;1347,5
2012;Sankt Stefan ob Stainz ^<60330>;2175,875
2012;Sankt Stefan ob Stainz <60348>;-
2012;Schwanberg ^<60331>;2073,5
2012;Soboth ^<60332>;333,625
2012;Stainz ^<60333>;2532,125
2012;Stainz <60350>;-
2012;Stainztal ^<60334>;1446,25
2012;Stallhof ^<60335>;525
2012;Sulmeck-Greith ^<60336>;1328,25
2012;Sulz-Laufenegg ^<60337>;-
2012;Trahütten ^<60338>;389,75
2012;Unterbergla ^<60339>;1356,75
2012;Wernersdorf ^<60340>;644
2012;Wettmannstätten <60341>;1537,75
2012;Wielfresen ^<60342>;573,625
2012;Wies ^<60343>;2296,875
2012;Wies <60351>;-
2012;Auersbach ^<60401>;873,875
2012;Aug-Radisch ^<60402>;289,625
2012;Bad Gleichenberg ^<60403>;2237
2012;Bairisch Kölldorf ^<60404>;1050,125
2012;Baumgarten bei Gnas ^<60405>;575,625
2012;Breitenfeld an der Rittschein ^<60406>;790,875
2012;Edelsbach bei Feldbach ^<60407>;1376,375
2012;Edelstauden ^<60408>;452,875
2012;Eichkögl ^<60409>;1234,375
2012;Fehring ^<60410>;3038,875
2012;Feldbach ^<60411>;4667
2012;Fladnitz im Raabtal ^<60412>;752
2012;Frannach ^<60413>;562
2012;Frutten-Gießelsdorf ^<60414>;636,125
2012;Glojach ^<60415>;245,5
2012;Gnas ^<60416>;1925
2012;Gniebing-Weißenbach ^<60417>;2183
2012;Gossendorf ^<60418>;899,25
2012;Grabersdorf ^<60419>;344,125
2012;Hatzendorf ^<60420>;1741
2012;Hohenbrugg-Weinberg ^<60421>;978,375
2012;Jagerberg ^<60422>;1671,125
2012;Johnsdorf-Brunn ^<60423>;784
2012;Kapfenstein ^<60424>;1616,625
2012;Kirchbach in Steiermark ^<60425>;1536,875
2012;Kirchberg an der Raab ^<60426>;1991,75
2012;Kohlberg ^<60427>;520,125
2012;Kornberg bei Riegersburg ^<60428>;1129
2012;Krusdorf ^<60429>;399,25
2012;Leitersdorf im Raabtal ^<60430>;658,875
2012;Lödersdorf ^<60431>;712,75
2012;Maierdorf ^<60432>;536
2012;Merkendorf ^<60433>;1158,5
2012;Mitterlabill ^<60434>;406,375
2012;Mühldorf bei Feldbach ^<60435>;3090,375
2012;Oberdorf am Hochegg ^<60436>;733,625
2012;Oberstorcha ^<60437>;627
2012;Paldau ^<60438>;2092,75
2012;Perlsdorf ^<60439>;351,625
2012;Pertlstein ^<60440>;797,625
2012;Petersdorf II ^<60441>;870,625
2012;Pirching am Traubenberg ^<60442>;1619,5
2012;Poppendorf ^<60443>;690,375
2012;Raabau ^<60444>;586,25
2012;Raning ^<60445>;803,75
2012;Reith b.Hartmannsdorf ^<60446>;-
2012;Riegersburg ^<60447>;2371,5
2012;Sankt Anna am Aigen ^<60448>;1741,875
2012;Sankt Stefan im Rosental ^<60449>;3801,25
2012;Schwarzau im Schwarzautal ^<60450>;638,25
2012;Stainz bei Straden ^<60451>;975,25
2012;Studenzen ^<60452>;699,5
2012;Trautmannsdorf in Oststeiermark ^<60453>;856,125
2012;Unterauersbach ^<60454>;446,5
2012;Unterlamm ^<60455>;1252,25
2012;Zerlach ^<60456>;1698,375
2012;Altenmarkt bei Fürstenfeld ^<60501>;1141,75
2012;Bad Blumau ^<60502>;1605,75
2012;Burgau ^<60503>;1009,125
2012;Fürstenfeld ^<60504>;5959,375
2012;Großsteinbach ^<60505>;1324,625
2012;Großwilfersdorf ^<60506>;1401
2012;Hainersdorf ^<60507>;651,25
2012;Ilz ^<60508>;2543
2012;Loipersdorf bei Fürstenfeld ^<60509>;1390,125
2012;Nestelbach im Ilztal ^<60510>;1130,625
2012;Ottendorf an der Rittschein ^<60511>;1502,75
2012;Söchau ^<60512>;1425,5
2012;Stein ^<60513>;483,625
2012;Übersbach ^<60514>;1148,75
2012;Attendorf ^<60601>;1803,375
2012;Brodingberg ^<60602>;1253,375
2012;Deutschfeistritz ^<60603>;3885,125
2012;Deutschfeistritz <60659>;-
2012;Dobl ^<60604>;1752,125
2012;Dobl-Zwaring <60660>;-
2012;Edelsgrub ^<60605>;718,625
2012;Eggersdorf bei Graz ^<60606>;2119,25
2012;Eggersdorf bei Graz <60661>;-
2012;Eisbach ^<60607>;2982,375
2012;Feldkirchen bei Graz <60608>;5540,875
2012;Fernitz ^<60609>;3251,375
2012;Fernitz-Mellach <60662>;-
2012;Frohnleiten ^<60610>;5976,625
2012;Frohnleiten <60663>;-
2012;Gössendorf <60611>;3748,5
2012;Grambach ^<60612>;1663,75
2012;Gratkorn <60613>;7553
2012;Gratwein ^<60614>;3679,75
2012;Gratwein-Straßengel <60664>;-
2012;Großstübing ^<60615>;337,875
2012;Gschnaidt ^<60616>;342,875
2012;Hart bei Graz <60617>;4481,75
2012;Hart-Purgstall ^<60634>;1603,5
2012;Haselsdorf-Tobelbad <60618>;1348
2012;Hausmannstätten <60619>;2856,5
2012;Hitzendorf ^<60620>;3643,375
2012;Hitzendorf <60665>;-
2012;Höf-Präbach ^<60621>;1421,25
2012;Judendorf-Straßengel ^<60622>;5730,625
2012;Kainbach bei Graz <60623>;2631,5
2012;Kalsdorf bei Graz <60624>;5933,25
2012;Krumegg ^<60625>;1434,625
2012;Kumberg <60626>;3644
2012;Langegg bei Graz ^<60627>;839,375
2012;Laßnitzhöhe <60628>;2654,125
2012;Lieboch <60629>;4710,875
2012;Mellach ^<60630>;1200
2012;Nestelbach bei Graz ^<60631>;1088,375
2012;Nestelbach bei Graz <60666>;-
2012;Peggau <60632>;2147,875
2012;Pirka ^<60633>;3233,625
2012;Premstätten <60670>;-
2012;Raaba ^<60635>;2191,375
2012;Raaba-Grambach <60667>;-
2012;Rohrbach-Steinberg ^<60637>;1425
2012;Röthelstein ^<60636>;216,5
2012;Rothleiten ^<60638>;-
2012;Sankt Bartholomä <60639>;1378,875
2012;Sankt Marein bei Graz ^<60640>;1254,875
2012;Sankt Marein bei Graz <60668>;-
2012;Sankt Oswald bei Plankenwarth <60641>;1186,375
2012;Sankt Radegund bei Graz <60642>;2020
2012;Schrems bei Frohnleiten ^<60643>;598,625
2012;Seiersberg ^<60644>;7334,625
2012;Seiersberg-Pirka <60669>;-
2012;Semriach <60645>;3258,75
2012;Stattegg <60646>;2731,5
2012;Stiwoll <60647>;709,625
2012;Thal <60648>;2239,625
2012;Tulwitz ^<60649>;510
2012;Tyrnau ^<60650>;152
2012;Übelbach <60651>;1985,125
2012;Unterpremstätten ^<60652>;3672,875
2012;Vasoldsberg <60653>;4206,625
2012;Weinitzen <60654>;2592,625
2012;Werndorf <60655>;2206,25
2012;Wundschuh <60656>;1529,125
2012;Zettling ^<60657>;1540,375
2012;Zwaring-Pöls ^<60658>;1538,25
2012;Bad Waltersdorf ^<60748>;2181,75
2012;Blaindorf ^<60701>;664,25
2012;Buch-Geiseldorf ^<60702>;1035,625
2012;Dechantskirchen ^<60703>;1611,75
2012;Dienersdorf ^<60704>;693,125
2012;Ebersdorf ^<60705>;1227,375
2012;Eichberg ^<60716>;1203,125
2012;Friedberg ^<60706>;2564,25
2012;Grafendorf bei Hartberg ^<60707>;2517,625
2012;Greinbach ^<60708>;1768
2012;Großhart ^<60709>;634,125
2012;Hartberg ^<60710>;6505,125
2012;Hartberg Umgebung ^<60711>;2164
2012;Hartl ^<60712>;820,25
2012;Hofkirchen bei Hartberg ^<60713>;628
2012;Kaibing ^<60714>;376,625
2012;Kaindorf ^<60715>;1468,375
2012;Lafnitz ^<60717>;1401,875
2012;Limbach bei Neudau ^<60718>;332,75
2012;Mönichwald ^<60719>;887,75
2012;Neudau ^<60720>;1215,375
2012;Pinggau ^<60721>;3095,75
2012;Pöllau ^<60722>;2077,625
2012;Pöllauberg ^<60723>;2098,875
2012;Puchegg ^<60724>;559,25
2012;Rabenwald ^<60725>;614,125
2012;Riegersberg ^<60726>;989,625
2012;Rohr bei Hartberg ^<60727>;1092
2012;Rohrbach an der Lafnitz ^<60728>;1059,25
2012;Saifen-Boden ^<60729>;1047,375
2012;Sankt Jakob im Walde ^<60730>;1077,375
2012;Sankt Johann bei Herberstein ^<60731>;372,375
2012;Sankt Johann in der Haide ^<60732>;1979,375
2012;Sankt Lorenzen am Wechsel ^<60733>;1566,625
2012;Sankt Magdalena am Lemberg ^<60734>;1117,875
2012;Schachen bei Vorau ^<60735>;1187,5
2012;Schäffern ^<60736>;1443,875
2012;Schlag bei Thalberg ^<60737>;920,625
2012;Schönegg bei Pöllau ^<60738>;1381,625
2012;Sebersdorf ^<60739>;1395,25
2012;Siegersdorf bei Herberstein ^<60740>;291,25
2012;Sonnhofen ^<60741>;1035,125
2012;Stambach ^<60742>;628,875
2012;Stubenberg ^<60743>;2314,375
2012;Tiefenbach bei Kaindorf ^<60744>;695,25
2012;Vorau ^<60745>;1350,25
2012;Vornholz ^<60746>;724,125
2012;Waldbach ^<60747>;708,5
2012;Wenigzell ^<60749>;1416,375
2012;Wörth an der Lafnitz ^<60750>;370
2012;Altenmarkt bei Fürstenfeld ^<62201>;-
2012;Bad Blumau <62202>;-
2012;Bad Waltersdorf ^<62203>;-
2012;Bad Waltersdorf <62264>;-
2012;Blaindorf ^<62204>;-
2012;Buch-St. Magdalena <62205>;-
2012;Burgau <62206>;-
2012;Dechantskirchen ^<62207>;-
2012;Dechantskirchen <62265>;-
2012;Dienersdorf ^<62208>;-
2012;Ebersdorf <62209>;-
2012;Eichberg ^<62210>;-
2012;Feistritztal <62266>;-
2012;Friedberg <62211>;-
2012;Fürstenfeld ^<62212>;-
2012;Fürstenfeld ^<62267>;-
2012;Fürstenfeld <62280>;-
2012;Grafendorf bei Hartberg ^<62213>;-
2012;Grafendorf bei Hartberg <62268>;-
2012;Greinbach <62214>;-
2012;Großhart ^<62215>;-
2012;Großsteinbach <62216>;-
2012;Großwilfersdorf ^<62217>;-
2012;Großwilfersdorf <62269>;-
2012;Hainersdorf ^<62218>;-
2012;Hartberg <62219>;-
2012;Hartberg Umgebung <62220>;-
2012;Hartl ^<62221>;-
2012;Hartl <62270>;-
2012;Hofkirchen bei Hartberg ^<62222>;-
2012;Ilz ^<62223>;-
2012;Ilz <62271>;-
2012;Kaibing ^<62224>;-
2012;Kaindorf ^<62225>;-
2012;Kaindorf <62272>;-
2012;Lafnitz <62226>;-
2012;Limbach bei Neudau ^<62227>;-
2012;Loipersdorf bei Fürstenfeld ^<62228>;-
2012;Bad Loipersdorf <62273>;-
2012;Mönichwald ^<62229>;-
2012;Nestelbach im Ilztal ^<62230>;-
2012;Neudau ^<62231>;-
2012;Neudau <62274>;-
2012;Ottendorf an der Rittschein <62232>;-
2012;Pinggau <62233>;-
2012;Pöllau ^<62234>;-
2012;Pöllau <62275>;-
2012;Pöllauberg <62235>;-
2012;Puchegg ^<62236>;-
2012;Rabenwald ^<62237>;-
2012;Riegersberg ^<62238>;-
2012;Rohr bei Hartberg ^<62239>;-
2012;Rohr bei Hartberg <62276>;-
2012;Rohrbach an der Lafnitz ^<62240>;-
2012;Rohrbach an der Lafnitz <62277>;-
2012;Saifen-Boden ^<62241>;-
2012;Sankt Jakob im Walde <62242>;-
2012;Sankt Johann bei Herberstein ^<62243>;-
2012;Sankt Johann in der Haide <62244>;-
2012;Sankt Lorenzen am Wechsel <62245>;-
2012;Schachen bei Vorau ^<62246>;-
2012;Schäffern <62247>;-
2012;Schlag bei Thalberg ^<62248>;-
2012;Schönegg bei Pöllau ^<62249>;-
2012;Sebersdorf ^<62250>;-
2012;Siegersdorf bei Herberstein ^<62251>;-
2012;Söchau ^<62252>;-
2012;Sonnhofen ^<62253>;-
2012;Stambach ^<62254>;-
2012;Stein ^<62255>;-
2012;Stubenberg <62256>;-
2012;Tiefenbach bei Kaindorf ^<62257>;-
2012;Übersbach ^<62258>;-
2012;Vorau ^<62259>;-
2012;Vorau <62278>;-
2012;Vornholz ^<62260>;-
2012;Waldbach ^<62261>;-
2012;Waldbach-Mönichwald <62279>;-
2012;Wenigzell <62262>;-
2012;Wörth an der Lafnitz ^<62263>;-
2012;Amering ^<60801>;-
2012;Bretstein ^<60802>;-
2012;Eppenstein ^<60803>;-
2012;Fohnsdorf ^<60804>;-
2012;Hohentauern ^<60805>;-
2012;Judenburg ^<60806>;-
2012;Maria Buch-Feistritz ^<60809>;-
2012;Obdach ^<60810>;-
2012;Oberkurzheim ^<60811>;-
2012;Oberweg ^<60812>;-
2012;Oberzeiring ^<60813>;-
2012;Pöls ^<60814>;-
2012;Pusterwald ^<60815>;-
2012;Reifling ^<60816>;-
2012;Reisstraße ^<60817>;-
2012;Sankt Anna am Lavantegg ^<60808>;-
2012;Sankt Georgen ob Judenburg ^<60818>;-
2012;Sankt Johann am Tauern ^<60819>;-
2012;Sankt Oswald-Möderbrugg ^<60820>;-
2012;Sankt Peter ob Judenburg ^<60821>;-
2012;Sankt Wolfgang-Kienberg ^<60807>;-
2012;Unzmarkt-Frauenburg ^<60822>;-
2012;Weißkirchen in Steiermark ^<60823>;-
2012;Zeltweg ^<60824>;-
2012;Apfelberg ^<60901>;-
2012;Feistritz bei Knittelfeld ^<60902>;-
2012;Flatschach ^<60903>;-
2012;Gaal ^<60904>;-
2012;Großlobming ^<60905>;-
2012;Kleinlobming ^<60906>;-
2012;Knittelfeld ^<60907>;-
2012;Kobenz ^<60908>;-
2012;Rachau ^<60909>;-
2012;Sankt Lorenzen bei Knittelfeld ^<60910>;-
2012;Sankt Marein bei Knittelfeld ^<60911>;-
2012;Sankt Margarethen bei Knittelfeld ^<60912>;-
2012;Seckau ^<60913>;-
2012;Spielberg bei Knittelfeld ^<60914>;-
2013;Aflenz Kurort ^<60201>;-
2013;Aflenz Land ^<60202>;-
2013;Breitenau am Hochlantsch ^<60203>;-
2013;Bruck an der Mur ^<60204>;-
2013;Etmißl ^<60205>;-
2013;Frauenberg ^<60206>;-
2013;Gußwerk ^<60207>;-
2013;Halltal ^<60208>;-
2013;Kapfenberg ^<60209>;-
2013;Mariazell ^<60210>;-
2013;Oberaich ^<60211>;-
2013;Parschlug ^<60212>;-
2013;Pernegg an der Mur ^<60213>;-
2013;Sankt Ilgen ^<60214>;-
2013;Sankt Katharein an der Laming ^<60215>;-
2013;Sankt Lorenzen im Mürztal ^<60216>;-
2013;Sankt Marein im Mürztal ^<60217>;-
2013;Sankt Sebastian ^<60218>;-
2013;Thörl ^<60219>;-
2013;Tragöß ^<60220>;-
2013;Turnau ^<60221>;-
2013;Aflenz  <62138>;-
2013;Aflenz Kurort ^<62101>;1009,625
2013;Aflenz Land ^<62102>;1438,875
2013;Allerheiligen im Mürztal ^<62103>;1950,75
2013;Altenberg an der Rax ^<62104>;328,125
2013;Breitenau am Hochlantsch <62105>;1782,75
2013;Bruck an der Mur ^<62106>;12502,375
2013;Bruck an der Mur <62139>;-
2013;Etmißl ^<62107>;491,125
2013;Frauenberg ^<62108>;151,125
2013;Ganz ^<62109>;344
2013;Gußwerk ^<62110>;1239,125
2013;Halltal ^<62111>;324,75
2013;Kapellen ^<62112>;626,125
2013;Kapfenberg ^<62113>;21558,125
2013;Kapfenberg <62140>;-
2013;Kindberg ^<62114>;5355,875
2013;Kindberg <62141>;-
2013;Krieglach <62115>;5169,75
2013;Langenwang <62116>;3941,25
2013;Mariazell ^<62117>;1448,875
2013;Mariazell <62142>;-
2013;Mitterdorf im Mürztal ^<62118>;2391,375
2013;Mürzhofen ^<62119>;944,875
2013;Mürzsteg ^<62120>;577,125
2013;Mürzzuschlag ^<62121>;8501,75
2013;Mürzzuschlag <62143>;-
2013;Neuberg an der Mürz ^<62122>;1267
2013;Neuberg an der Mürz <62144>;-
2013;Oberaich ^<62123>;3179,125
2013;Parschlug ^<62124>;1729,5
2013;Pernegg an der Mur <62125>;2373,25
2013;Sankt Barbara im Mürztal <62145>;-
2013;Sankt Ilgen ^<62126>;268,375
2013;Sankt Katharein an der Laming ^<62127>;970,375
2013;Sankt Lorenzen im Mürztal <62128>;3503,125
2013;Sankt Marein im Mürztal ^<62129>;2536,375
2013;Sankt Marein im Mürztal <62146>;-
2013;Sankt Sebastian ^<62130>;1004,25
2013;Spital am Semmering <62131>;1566,5
2013;Stanz im Mürztal <62132>;1868,875
2013;Thörl ^<62133>;1625,375
2013;Thörl <62147>;-
2013;Tragöß ^<62134>;994,625
2013;Tragöß-Sankt Katharein <62148>;-
2013;Turnau <62135>;1557,875
2013;Veitsch ^<62136>;2418,125
2013;Wartberg im Mürztal ^<62137>;2057,25
2013;Aibl ^<60301>;1395,875
2013;Bad Gams ^<60307>;2283,625
2013;Bad Schwanberg <60349>;-
2013;Deutschlandsberg ^<60302>;8115,625
2013;Deutschlandsberg <60344>;-
2013;Eibiswald ^<60303>;1422,125
2013;Eibiswald <60345>;-
2013;Feldbaum ^<60304>;-
2013;Frauental an der Laßnitz <60305>;2896,75
2013;Freiland bei Deutschlandsberg ^<60306>;158
2013;Garanas ^<60308>;269,625
2013;Georgsberg ^<60309>;1528
2013;Greisdorf ^<60310>;978,25
2013;Gressenberg ^<60311>;291,75
2013;Groß Sankt Florian ^<60312>;2880,625
2013;Groß Sankt Florian <60346>;-
2013;Großradl ^<60313>;1410,625
2013;Gundersdorf ^<60314>;412,375
2013;Hollenegg ^<60315>;2097,125
2013;Kloster ^<60316>;193,25
2013;Kruckenberg ^<60317>;-
2013;Lannach <60318>;3337,5
2013;Limberg bei Wies ^<60319>;945,25
2013;Marhof ^<60320>;1049,75
2013;Osterwitz ^<60321>;150,25
2013;Pitschgau ^<60322>;1579,5
2013;Pölfing-Brunn <60323>;1626,75
2013;Preding <60324>;1703,5
2013;Rassach ^<60325>;1405,75
2013;Sankt Josef (Weststeiermark) <60326>;1428,625
2013;Sankt Martin im Sulmtal ^<60327>;1797,625
2013;Sankt Martin im Sulmtal <60347>;-
2013;Sankt Oswald ob Eibiswald ^<60328>;563,25
2013;Sankt Peter im Sulmtal <60329>;1339,625
2013;Sankt Stefan ob Stainz ^<60330>;2170,875
2013;Sankt Stefan ob Stainz <60348>;-
2013;Schwanberg ^<60331>;2037,125
2013;Soboth ^<60332>;325,25
2013;Stainz ^<60333>;2557,625
2013;Stainz <60350>;-
2013;Stainztal ^<60334>;1440,375
2013;Stallhof ^<60335>;529,25
2013;Sulmeck-Greith ^<60336>;1333,25
2013;Sulz-Laufenegg ^<60337>;-
2013;Trahütten ^<60338>;390,375
2013;Unterbergla ^<60339>;1340,75
2013;Wernersdorf ^<60340>;644,75
2013;Wettmannstätten <60341>;1553,25
2013;Wielfresen ^<60342>;577,25
2013;Wies ^<60343>;2289,75
2013;Wies <60351>;-
2013;Auersbach ^<60401>;-
2013;Aug-Radisch ^<60402>;-
2013;Bad Gleichenberg ^<60403>;-
2013;Bairisch Kölldorf ^<60404>;-
2013;Baumgarten bei Gnas ^<60405>;-
2013;Breitenfeld an der Rittschein ^<60406>;-
2013;Edelsbach bei Feldbach ^<60407>;-
2013;Edelstauden ^<60408>;-
2013;Eichkögl ^<60409>;-
2013;Fehring ^<60410>;-
2013;Feldbach ^<60411>;-
2013;Fladnitz im Raabtal ^<60412>;-
2013;Frannach ^<60413>;-
2013;Frutten-Gießelsdorf ^<60414>;-
2013;Glojach ^<60415>;-
2013;Gnas ^<60416>;-
2013;Gniebing-Weißenbach ^<60417>;-
2013;Gossendorf ^<60418>;-
2013;Grabersdorf ^<60419>;-
2013;Hatzendorf ^<60420>;-
2013;Hohenbrugg-Weinberg ^<60421>;-
2013;Jagerberg ^<60422>;-
2013;Johnsdorf-Brunn ^<60423>;-
2013;Kapfenstein ^<60424>;-
2013;Kirchbach in Steiermark ^<60425>;-
2013;Kirchberg an der Raab ^<60426>;-
2013;Kohlberg ^<60427>;-
2013;Kornberg bei Riegersburg ^<60428>;-
2013;Krusdorf ^<60429>;-
2013;Leitersdorf im Raabtal ^<60430>;-
2013;Lödersdorf ^<60431>;-
2013;Maierdorf ^<60432>;-
2013;Merkendorf ^<60433>;-
2013;Mitterlabill ^<60434>;-
2013;Mühldorf bei Feldbach ^<60435>;-
2013;Oberdorf am Hochegg ^<60436>;-
2013;Oberstorcha ^<60437>;-
2013;Paldau ^<60438>;-
2013;Perlsdorf ^<60439>;-
2013;Pertlstein ^<60440>;-
2013;Petersdorf II ^<60441>;-
2013;Pirching am Traubenberg ^<60442>;-
2013;Poppendorf ^<60443>;-
2013;Raabau ^<60444>;-
2013;Raning ^<60445>;-
2013;Reith b.Hartmannsdorf ^<60446>;-
2013;Riegersburg ^<60447>;-
2013;Sankt Anna am Aigen ^<60448>;-
2013;Sankt Stefan im Rosental ^<60449>;-
2013;Schwarzau im Schwarzautal ^<60450>;-
2013;Stainz bei Straden ^<60451>;-
2013;Studenzen ^<60452>;-
2013;Trautmannsdorf in Oststeiermark ^<60453>;-
2013;Unterauersbach ^<60454>;-
2013;Unterlamm ^<60455>;-
2013;Zerlach ^<60456>;-
2013;Altenmarkt bei Fürstenfeld ^<60501>;-
2013;Bad Blumau ^<60502>;-
2013;Burgau ^<60503>;-
2013;Fürstenfeld ^<60504>;-
2013;Großsteinbach ^<60505>;-
2013;Großwilfersdorf ^<60506>;-
2013;Hainersdorf ^<60507>;-
2013;Ilz ^<60508>;-
2013;Loipersdorf bei Fürstenfeld ^<60509>;-
2013;Nestelbach im Ilztal ^<60510>;-
2013;Ottendorf an der Rittschein ^<60511>;-
2013;Söchau ^<60512>;-
2013;Stein ^<60513>;-
2013;Übersbach ^<60514>;-
2013;Attendorf ^<60601>;1817,75
2013;Brodingberg ^<60602>;1260,75
2013;Deutschfeistritz ^<60603>;3871,625
2013;Deutschfeistritz <60659>;-
2013;Dobl ^<60604>;1775,625
2013;Dobl-Zwaring <60660>;-
2013;Edelsgrub ^<60605>;714,125
2013;Eggersdorf bei Graz ^<60606>;2120,375
2013;Eggersdorf bei Graz <60661>;-
2013;Eisbach ^<60607>;2961,25
2013;Feldkirchen bei Graz <60608>;5642,125
2013;Fernitz ^<60609>;3278,375
2013;Fernitz-Mellach <60662>;-
2013;Frohnleiten ^<60610>;5903,375
2013;Frohnleiten <60663>;-
2013;Gössendorf <60611>;3773,25
2013;Grambach ^<60612>;1729
2013;Gratkorn <60613>;7594,375
2013;Gratwein ^<60614>;3680
2013;Gratwein-Straßengel <60664>;-
2013;Großstübing ^<60615>;346,625
2013;Gschnaidt ^<60616>;341,5
2013;Hart bei Graz <60617>;4533,25
2013;Hart-Purgstall ^<60634>;1590,875
2013;Haselsdorf-Tobelbad <60618>;1348,375
2013;Hausmannstätten <60619>;2949,25
2013;Hitzendorf ^<60620>;3635,625
2013;Hitzendorf <60665>;-
2013;Höf-Präbach ^<60621>;1403,75
2013;Judendorf-Straßengel ^<60622>;5804
2013;Kainbach bei Graz <60623>;2702,25
2013;Kalsdorf bei Graz <60624>;6035,75
2013;Krumegg ^<60625>;1440
2013;Kumberg <60626>;3686,25
2013;Langegg bei Graz ^<60627>;839
2013;Laßnitzhöhe <60628>;2626,75
2013;Lieboch <60629>;4783,125
2013;Mellach ^<60630>;1250,125
2013;Nestelbach bei Graz ^<60631>;1095,125
2013;Nestelbach bei Graz <60666>;-
2013;Peggau <60632>;2141,875
2013;Pirka ^<60633>;3269,25
2013;Premstätten <60670>;-
2013;Raaba ^<60635>;2228,25
2013;Raaba-Grambach <60667>;-
2013;Rohrbach-Steinberg ^<60637>;1419,125
2013;Röthelstein ^<60636>;213,375
2013;Rothleiten ^<60638>;-
2013;Sankt Bartholomä <60639>;1383,5
2013;Sankt Marein bei Graz ^<60640>;1292,875
2013;Sankt Marein bei Graz <60668>;-
2013;Sankt Oswald bei Plankenwarth <60641>;1202,625
2013;Sankt Radegund bei Graz <60642>;2034,25
2013;Schrems bei Frohnleiten ^<60643>;598,25
2013;Seiersberg ^<60644>;7356
2013;Seiersberg-Pirka <60669>;-
2013;Semriach <60645>;3299,875
2013;Stattegg <60646>;2772,125
2013;Stiwoll <60647>;713
2013;Thal <60648>;2246,25
2013;Tulwitz ^<60649>;512
2013;Tyrnau ^<60650>;156,875
2013;Übelbach <60651>;2003,625
2013;Unterpremstätten ^<60652>;3840,125
2013;Vasoldsberg <60653>;4257,125
2013;Weinitzen <60654>;2588,25
2013;Werndorf <60655>;2229,5
2013;Wundschuh <60656>;1536,875
2013;Zettling ^<60657>;1563,25
2013;Zwaring-Pöls ^<60658>;1552,125
2013;Bad Waltersdorf ^<60748>;-
2013;Blaindorf ^<60701>;-
2013;Buch-Geiseldorf ^<60702>;-
2013;Dechantskirchen ^<60703>;-
2013;Dienersdorf ^<60704>;-
2013;Ebersdorf ^<60705>;-
2013;Eichberg ^<60716>;-
2013;Friedberg ^<60706>;-
2013;Grafendorf bei Hartberg ^<60707>;-
2013;Greinbach ^<60708>;-
2013;Großhart ^<60709>;-
2013;Hartberg ^<60710>;-
2013;Hartberg Umgebung ^<60711>;-
2013;Hartl ^<60712>;-
2013;Hofkirchen bei Hartberg ^<60713>;-
2013;Kaibing ^<60714>;-
2013;Kaindorf ^<60715>;-
2013;Lafnitz ^<60717>;-
2013;Limbach bei Neudau ^<60718>;-
2013;Mönichwald ^<60719>;-
2013;Neudau ^<60720>;-
2013;Pinggau ^<60721>;-
2013;Pöllau ^<60722>;-
2013;Pöllauberg ^<60723>;-
2013;Puchegg ^<60724>;-
2013;Rabenwald ^<60725>;-
2013;Riegersberg ^<60726>;-
2013;Rohr bei Hartberg ^<60727>;-
2013;Rohrbach an der Lafnitz ^<60728>;-
2013;Saifen-Boden ^<60729>;-
2013;Sankt Jakob im Walde ^<60730>;-
2013;Sankt Johann bei Herberstein ^<60731>;-
2013;Sankt Johann in der Haide ^<60732>;-
2013;Sankt Lorenzen am Wechsel ^<60733>;-
2013;Sankt Magdalena am Lemberg ^<60734>;-
2013;Schachen bei Vorau ^<60735>;-
2013;Schäffern ^<60736>;-
2013;Schlag bei Thalberg ^<60737>;-
2013;Schönegg bei Pöllau ^<60738>;-
2013;Sebersdorf ^<60739>;-
2013;Siegersdorf bei Herberstein ^<60740>;-
2013;Sonnhofen ^<60741>;-
2013;Stambach ^<60742>;-
2013;Stubenberg ^<60743>;-
2013;Tiefenbach bei Kaindorf ^<60744>;-
2013;Vorau ^<60745>;-
2013;Vornholz ^<60746>;-
2013;Waldbach ^<60747>;-
2013;Wenigzell ^<60749>;-
2013;Wörth an der Lafnitz ^<60750>;-
2013;Altenmarkt bei Fürstenfeld ^<62201>;1132,25
2013;Bad Blumau <62202>;1584,625
2013;Bad Waltersdorf ^<62203>;2190,125
2013;Bad Waltersdorf <62264>;-
2013;Blaindorf ^<62204>;669,875
2013;Buch-St. Magdalena <62205>;2152
2013;Burgau <62206>;1043,25
2013;Dechantskirchen ^<62207>;1620,25
2013;Dechantskirchen <62265>;-
2013;Dienersdorf ^<62208>;684,75
2013;Ebersdorf <62209>;1237,875
2013;Eichberg ^<62210>;1187,25
2013;Feistritztal <62266>;-
2013;Friedberg <62211>;2570,25
2013;Fürstenfeld ^<62212>;5939,875
2013;Fürstenfeld ^<62267>;-
2013;Fürstenfeld <62280>;-
2013;Grafendorf bei Hartberg ^<62213>;2506,125
2013;Grafendorf bei Hartberg <62268>;-
2013;Greinbach <62214>;1764,875
2013;Großhart ^<62215>;631,125
2013;Großsteinbach <62216>;1297,75
2013;Großwilfersdorf ^<62217>;1400,875
2013;Großwilfersdorf <62269>;-
2013;Hainersdorf ^<62218>;631,5
2013;Hartberg <62219>;6441,75
2013;Hartberg Umgebung <62220>;2192,875
2013;Hartl ^<62221>;815
2013;Hartl <62270>;-
2013;Hofkirchen bei Hartberg ^<62222>;628,625
2013;Ilz ^<62223>;2547,875
2013;Ilz <62271>;-
2013;Kaibing ^<62224>;387,375
2013;Kaindorf ^<62225>;1474,125
2013;Kaindorf <62272>;-
2013;Lafnitz <62226>;1411,25
2013;Limbach bei Neudau ^<62227>;338,75
2013;Loipersdorf bei Fürstenfeld ^<62228>;1407,375
2013;Bad Loipersdorf <62273>;-
2013;Mönichwald ^<62229>;872,25
2013;Nestelbach im Ilztal ^<62230>;1146,125
2013;Neudau ^<62231>;1207,75
2013;Neudau <62274>;-
2013;Ottendorf an der Rittschein <62232>;1515,25
2013;Pinggau <62233>;3105,75
2013;Pöllau ^<62234>;2061,125
2013;Pöllau <62275>;-
2013;Pöllauberg <62235>;2115,5
2013;Puchegg ^<62236>;555,125
2013;Rabenwald ^<62237>;609,25
2013;Riegersberg ^<62238>;990,875
2013;Rohr bei Hartberg ^<62239>;1089,375
2013;Rohr bei Hartberg <62276>;-
2013;Rohrbach an der Lafnitz ^<62240>;1052
2013;Rohrbach an der Lafnitz <62277>;-
2013;Saifen-Boden ^<62241>;1039,125
2013;Sankt Jakob im Walde <62242>;1081,75
2013;Sankt Johann bei Herberstein ^<62243>;379,5
2013;Sankt Johann in der Haide <62244>;2033,625
2013;Sankt Lorenzen am Wechsel <62245>;1557,625
2013;Schachen bei Vorau ^<62246>;1182,75
2013;Schäffern <62247>;1430,5
2013;Schlag bei Thalberg ^<62248>;912,75
2013;Schönegg bei Pöllau ^<62249>;1380,875
2013;Sebersdorf ^<62250>;1401,125
2013;Siegersdorf bei Herberstein ^<62251>;291,625
2013;Söchau ^<62252>;1410,75
2013;Sonnhofen ^<62253>;1031,875
2013;Stambach ^<62254>;630,5
2013;Stein ^<62255>;489,25
2013;Stubenberg <62256>;2280,875
2013;Tiefenbach bei Kaindorf ^<62257>;696,875
2013;Übersbach ^<62258>;1145,75
2013;Vorau ^<62259>;1368,375
2013;Vorau <62278>;-
2013;Vornholz ^<62260>;721,25
2013;Waldbach ^<62261>;701
2013;Waldbach-Mönichwald <62279>;-
2013;Wenigzell <62262>;1408,375
2013;Wörth an der Lafnitz ^<62263>;372,5
2013;Amering ^<60801>;-
2013;Bretstein ^<60802>;-
2013;Eppenstein ^<60803>;-
2013;Fohnsdorf ^<60804>;-
2013;Hohentauern ^<60805>;-
2013;Judenburg ^<60806>;-
2013;Maria Buch-Feistritz ^<60809>;-
2013;Obdach ^<60810>;-
2013;Oberkurzheim ^<60811>;-
2013;Oberweg ^<60812>;-
2013;Oberzeiring ^<60813>;-
2013;Pöls ^<60814>;-
2013;Pusterwald ^<60815>;-
2013;Reifling ^<60816>;-
2013;Reisstraße ^<60817>;-
2013;Sankt Anna am Lavantegg ^<60808>;-
2013;Sankt Georgen ob Judenburg ^<60818>;-
2013;Sankt Johann am Tauern ^<60819>;-
2013;Sankt Oswald-Möderbrugg ^<60820>;-
2013;Sankt Peter ob Judenburg ^<60821>;-
2013;Sankt Wolfgang-Kienberg ^<60807>;-
2013;Unzmarkt-Frauenburg ^<60822>;-
2013;Weißkirchen in Steiermark ^<60823>;-
2013;Zeltweg ^<60824>;-
2013;Apfelberg ^<60901>;-
2013;Feistritz bei Knittelfeld ^<60902>;-
2013;Flatschach ^<60903>;-
2013;Gaal ^<60904>;-
2013;Großlobming ^<60905>;-
2013;Kleinlobming ^<60906>;-
2013;Knittelfeld ^<60907>;-
2013;Kobenz ^<60908>;-
2013;Rachau ^<60909>;-
2013;Sankt Lorenzen bei Knittelfeld ^<60910>;-
2013;Sankt Marein bei Knittelfeld ^<60911>;-
2013;Sankt Margarethen bei Knittelfeld ^<60912>;-
2013;Seckau ^<60913>;-
2013;Spielberg bei Knittelfeld ^<60914>;-
2014;Aflenz Kurort ^<60201>;-
2014;Aflenz Land ^<60202>;-
2014;Breitenau am Hochlantsch ^<60203>;-
2014;Bruck an der Mur ^<60204>;-
2014;Etmißl ^<60205>;-
2014;Frauenberg ^<60206>;-
2014;Gußwerk ^<60207>;-
2014;Halltal ^<60208>;-
2014;Kapfenberg ^<60209>;-
2014;Mariazell ^<60210>;-
2014;Oberaich ^<60211>;-
2014;Parschlug ^<60212>;-
2014;Pernegg an der Mur ^<60213>;-
2014;Sankt Ilgen ^<60214>;-
2014;Sankt Katharein an der Laming ^<60215>;-
2014;Sankt Lorenzen im Mürztal ^<60216>;-
2014;Sankt Marein im Mürztal ^<60217>;-
2014;Sankt Sebastian ^<60218>;-
2014;Thörl ^<60219>;-
2014;Tragöß ^<60220>;-
2014;Turnau ^<60221>;-
2014;Aflenz  <62138>;-
2014;Aflenz Kurort ^<62101>;994
2014;Aflenz Land ^<62102>;1445,625
2014;Allerheiligen im Mürztal ^<62103>;1951,5
2014;Altenberg an der Rax ^<62104>;320,625
2014;Breitenau am Hochlantsch <62105>;1755,25
2014;Bruck an der Mur ^<62106>;12545,625
2014;Bruck an der Mur <62139>;-
2014;Etmißl ^<62107>;478,125
2014;Frauenberg ^<62108>;145,5
2014;Ganz ^<62109>;348
2014;Gußwerk ^<62110>;1244,125
2014;Halltal ^<62111>;320,5
2014;Kapellen ^<62112>;643,5
2014;Kapfenberg ^<62113>;21513,125
2014;Kapfenberg <62140>;-
2014;Kindberg ^<62114>;5358,125
2014;Kindberg <62141>;-
2014;Krieglach <62115>;5137,125
2014;Langenwang <62116>;3929
2014;Mariazell ^<62117>;1420,875
2014;Mariazell <62142>;-
2014;Mitterdorf im Mürztal ^<62118>;2379,75
2014;Mürzhofen ^<62119>;956,625
2014;Mürzsteg ^<62120>;586
2014;Mürzzuschlag ^<62121>;8478,625
2014;Mürzzuschlag <62143>;-
2014;Neuberg an der Mürz ^<62122>;1246,875
2014;Neuberg an der Mürz <62144>;-
2014;Oberaich ^<62123>;3195,875
2014;Parschlug ^<62124>;1726
2014;Pernegg an der Mur <62125>;2350,5
2014;Sankt Barbara im Mürztal <62145>;-
2014;Sankt Ilgen ^<62126>;273,5
2014;Sankt Katharein an der Laming ^<62127>;951,625
2014;Sankt Lorenzen im Mürztal <62128>;3536,5
2014;Sankt Marein im Mürztal ^<62129>;2535,75
2014;Sankt Marein im Mürztal <62146>;-
2014;Sankt Sebastian ^<62130>;1010,25
2014;Spital am Semmering <62131>;1628,125
2014;Stanz im Mürztal <62132>;1858
2014;Thörl ^<62133>;1593,875
2014;Thörl <62147>;-
2014;Tragöß ^<62134>;983,5
2014;Tragöß-Sankt Katharein <62148>;-
2014;Turnau <62135>;1550
2014;Veitsch ^<62136>;2395
2014;Wartberg im Mürztal ^<62137>;2018,625
2014;Aibl ^<60301>;1376,5
2014;Bad Gams ^<60307>;2318,625
2014;Bad Schwanberg <60349>;-
2014;Deutschlandsberg ^<60302>;8229,25
2014;Deutschlandsberg <60344>;-
2014;Eibiswald ^<60303>;1438,875
2014;Eibiswald <60345>;-
2014;Feldbaum ^<60304>;-
2014;Frauental an der Laßnitz <60305>;2882,75
2014;Freiland bei Deutschlandsberg ^<60306>;147
2014;Garanas ^<60308>;268
2014;Georgsberg ^<60309>;1536,75
2014;Greisdorf ^<60310>;961,375
2014;Gressenberg ^<60311>;286
2014;Groß Sankt Florian ^<60312>;2893,875
2014;Groß Sankt Florian <60346>;-
2014;Großradl ^<60313>;1405,5
2014;Gundersdorf ^<60314>;394,875
2014;Hollenegg ^<60315>;2071,875
2014;Kloster ^<60316>;194
2014;Kruckenberg ^<60317>;-
2014;Lannach <60318>;3337,625
2014;Limberg bei Wies ^<60319>;955,5
2014;Marhof ^<60320>;1049,625
2014;Osterwitz ^<60321>;147,375
2014;Pitschgau ^<60322>;1548,75
2014;Pölfing-Brunn <60323>;1627,375
2014;Preding <60324>;1700,375
2014;Rassach ^<60325>;1410,5
2014;Sankt Josef (Weststeiermark) <60326>;1456,25
2014;Sankt Martin im Sulmtal ^<60327>;1760
2014;Sankt Martin im Sulmtal <60347>;-
2014;Sankt Oswald ob Eibiswald ^<60328>;534,375
2014;Sankt Peter im Sulmtal <60329>;1322
2014;Sankt Stefan ob Stainz ^<60330>;2180
2014;Sankt Stefan ob Stainz <60348>;-
2014;Schwanberg ^<60331>;2012,25
2014;Soboth ^<60332>;315,25
2014;Stainz ^<60333>;2577,25
2014;Stainz <60350>;-
2014;Stainztal ^<60334>;1445,125
2014;Stallhof ^<60335>;526,625
2014;Sulmeck-Greith ^<60336>;1307,25
2014;Sulz-Laufenegg ^<60337>;-
2014;Trahütten ^<60338>;396,875
2014;Unterbergla ^<60339>;1341
2014;Wernersdorf ^<60340>;636,5
2014;Wettmannstätten <60341>;1546,75
2014;Wielfresen ^<60342>;576,125
2014;Wies ^<60343>;2293,75
2014;Wies <60351>;-
2014;Auersbach ^<60401>;-
2014;Aug-Radisch ^<60402>;-
2014;Bad Gleichenberg ^<60403>;-
2014;Bairisch Kölldorf ^<60404>;-
2014;Baumgarten bei Gnas ^<60405>;-
2014;Breitenfeld an der Rittschein ^<60406>;-
2014;Edelsbach bei Feldbach ^<60407>;-
2014;Edelstauden ^<60408>;-
2014;Eichkögl ^<60409>;-
2014;Fehring ^<60410>;-
2014;Feldbach ^<60411>;-
2014;Fladnitz im Raabtal ^<60412>;-
2014;Frannach ^<60413>;-
2014;Frutten-Gießelsdorf ^<60414>;-
2014;Glojach ^<60415>;-
2014;Gnas ^<60416>;-
2014;Gniebing-Weißenbach ^<60417>;-
2014;Gossendorf ^<60418>;-
2014;Grabersdorf ^<60419>;-
2014;Hatzendorf ^<60420>;-
2014;Hohenbrugg-Weinberg ^<60421>;-
2014;Jagerberg ^<60422>;-
2014;Johnsdorf-Brunn ^<60423>;-
2014;Kapfenstein ^<60424>;-
2014;Kirchbach in Steiermark ^<60425>;-
2014;Kirchberg an der Raab ^<60426>;-
2014;Kohlberg ^<60427>;-
2014;Kornberg bei Riegersburg ^<60428>;-
2014;Krusdorf ^<60429>;-
2014;Leitersdorf im Raabtal ^<60430>;-
2014;Lödersdorf ^<60431>;-
2014;Maierdorf ^<60432>;-
2014;Merkendorf ^<60433>;-
2014;Mitterlabill ^<60434>;-
2014;Mühldorf bei Feldbach ^<60435>;-
2014;Oberdorf am Hochegg ^<60436>;-
2014;Oberstorcha ^<60437>;-
2014;Paldau ^<60438>;-
2014;Perlsdorf ^<60439>;-
2014;Pertlstein ^<60440>;-
2014;Petersdorf II ^<60441>;-
2014;Pirching am Traubenberg ^<60442>;-
2014;Poppendorf ^<60443>;-
2014;Raabau ^<60444>;-
2014;Raning ^<60445>;-
2014;Reith b.Hartmannsdorf ^<60446>;-
2014;Riegersburg ^<60447>;-
2014;Sankt Anna am Aigen ^<60448>;-
2014;Sankt Stefan im Rosental ^<60449>;-
2014;Schwarzau im Schwarzautal ^<60450>;-
2014;Stainz bei Straden ^<60451>;-
2014;Studenzen ^<60452>;-
2014;Trautmannsdorf in Oststeiermark ^<60453>;-
2014;Unterauersbach ^<60454>;-
2014;Unterlamm ^<60455>;-
2014;Zerlach ^<60456>;-
2014;Altenmarkt bei Fürstenfeld ^<60501>;-
2014;Bad Blumau ^<60502>;-
2014;Burgau ^<60503>;-
2014;Fürstenfeld ^<60504>;-
2014;Großsteinbach ^<60505>;-
2014;Großwilfersdorf ^<60506>;-
2014;Hainersdorf ^<60507>;-
2014;Ilz ^<60508>;-
2014;Loipersdorf bei Fürstenfeld ^<60509>;-
2014;Nestelbach im Ilztal ^<60510>;-
2014;Ottendorf an der Rittschein ^<60511>;-
2014;Söchau ^<60512>;-
2014;Stein ^<60513>;-
2014;Übersbach ^<60514>;-
2014;Attendorf ^<60601>;1838,75
2014;Brodingberg ^<60602>;1283,25
2014;Deutschfeistritz ^<60603>;3863
2014;Deutschfeistritz <60659>;-
2014;Dobl ^<60604>;1834,875
2014;Dobl-Zwaring <60660>;-
2014;Edelsgrub ^<60605>;703,375
2014;Eggersdorf bei Graz ^<60606>;2172
2014;Eggersdorf bei Graz <60661>;-
2014;Eisbach ^<60607>;2968,875
2014;Feldkirchen bei Graz <60608>;5766
2014;Fernitz ^<60609>;3326
2014;Fernitz-Mellach <60662>;-
2014;Frohnleiten ^<60610>;5888,125
2014;Frohnleiten <60663>;-
2014;Gössendorf <60611>;3783,625
2014;Grambach ^<60612>;1749,75
2014;Gratkorn <60613>;7671,875
2014;Gratwein ^<60614>;3645
2014;Gratwein-Straßengel <60664>;-
2014;Großstübing ^<60615>;352,375
2014;Gschnaidt ^<60616>;339,75
2014;Hart bei Graz <60617>;4540,625
2014;Hart-Purgstall ^<60634>;1598,25
2014;Haselsdorf-Tobelbad <60618>;1351,375
2014;Hausmannstätten <60619>;2975,75
2014;Hitzendorf ^<60620>;3632,25
2014;Hitzendorf <60665>;-
2014;Höf-Präbach ^<60621>;1390,375
2014;Judendorf-Straßengel ^<60622>;5858,5
2014;Kainbach bei Graz <60623>;2714,625
2014;Kalsdorf bei Graz <60624>;6172,375
2014;Krumegg ^<60625>;1446,875
2014;Kumberg <60626>;3725
2014;Langegg bei Graz ^<60627>;837,625
2014;Laßnitzhöhe <60628>;2667
2014;Lieboch <60629>;4854,5
2014;Mellach ^<60630>;1251,125
2014;Nestelbach bei Graz ^<60631>;1109,25
2014;Nestelbach bei Graz <60666>;-
2014;Peggau <60632>;2179,125
2014;Pirka ^<60633>;3276,625
2014;Premstätten <60670>;-
2014;Raaba ^<60635>;2297,375
2014;Raaba-Grambach <60667>;-
2014;Rohrbach-Steinberg ^<60637>;1422,5
2014;Röthelstein ^<60636>;219,75
2014;Rothleiten ^<60638>;-
2014;Sankt Bartholomä <60639>;1398,375
2014;Sankt Marein bei Graz ^<60640>;1292,625
2014;Sankt Marein bei Graz <60668>;-
2014;Sankt Oswald bei Plankenwarth <60641>;1214,625
2014;Sankt Radegund bei Graz <60642>;2052,875
2014;Schrems bei Frohnleiten ^<60643>;593
2014;Seiersberg ^<60644>;7364,875
2014;Seiersberg-Pirka <60669>;-
2014;Semriach <60645>;3305,125
2014;Stattegg <60646>;2778,875
2014;Stiwoll <60647>;724,75
2014;Thal <60648>;2254,375
2014;Tulwitz ^<60649>;509,375
2014;Tyrnau ^<60650>;156,75
2014;Übelbach <60651>;1975,75
2014;Unterpremstätten ^<60652>;4045
2014;Vasoldsberg <60653>;4380
2014;Weinitzen <60654>;2600
2014;Werndorf <60655>;2269,5
2014;Wundschuh <60656>;1547,25
2014;Zettling ^<60657>;1599,5
2014;Zwaring-Pöls ^<60658>;1563,875
2014;Bad Waltersdorf ^<60748>;-
2014;Blaindorf ^<60701>;-
2014;Buch-Geiseldorf ^<60702>;-
2014;Dechantskirchen ^<60703>;-
2014;Dienersdorf ^<60704>;-
2014;Ebersdorf ^<60705>;-
2014;Eichberg ^<60716>;-
2014;Friedberg ^<60706>;-
2014;Grafendorf bei Hartberg ^<60707>;-
2014;Greinbach ^<60708>;-
2014;Großhart ^<60709>;-
2014;Hartberg ^<60710>;-
2014;Hartberg Umgebung ^<60711>;-
2014;Hartl ^<60712>;-
2014;Hofkirchen bei Hartberg ^<60713>;-
2014;Kaibing ^<60714>;-
2014;Kaindorf ^<60715>;-
2014;Lafnitz ^<60717>;-
2014;Limbach bei Neudau ^<60718>;-
2014;Mönichwald ^<60719>;-
2014;Neudau ^<60720>;-
2014;Pinggau ^<60721>;-
2014;Pöllau ^<60722>;-
2014;Pöllauberg ^<60723>;-
2014;Puchegg ^<60724>;-
2014;Rabenwald ^<60725>;-
2014;Riegersberg ^<60726>;-
2014;Rohr bei Hartberg ^<60727>;-
2014;Rohrbach an der Lafnitz ^<60728>;-
2014;Saifen-Boden ^<60729>;-
2014;Sankt Jakob im Walde ^<60730>;-
2014;Sankt Johann bei Herberstein ^<60731>;-
2014;Sankt Johann in der Haide ^<60732>;-
2014;Sankt Lorenzen am Wechsel ^<60733>;-
2014;Sankt Magdalena am Lemberg ^<60734>;-
2014;Schachen bei Vorau ^<60735>;-
2014;Schäffern ^<60736>;-
2014;Schlag bei Thalberg ^<60737>;-
2014;Schönegg bei Pöllau ^<60738>;-
2014;Sebersdorf ^<60739>;-
2014;Siegersdorf bei Herberstein ^<60740>;-
2014;Sonnhofen ^<60741>;-
2014;Stambach ^<60742>;-
2014;Stubenberg ^<60743>;-
2014;Tiefenbach bei Kaindorf ^<60744>;-
2014;Vorau ^<60745>;-
2014;Vornholz ^<60746>;-
2014;Waldbach ^<60747>;-
2014;Wenigzell ^<60749>;-
2014;Wörth an der Lafnitz ^<60750>;-
2014;Altenmarkt bei Fürstenfeld ^<62201>;1123,5
2014;Bad Blumau <62202>;1593,875
2014;Bad Waltersdorf ^<62203>;2192
2014;Bad Waltersdorf <62264>;-
2014;Blaindorf ^<62204>;667,875
2014;Buch-St. Magdalena <62205>;2161,75
2014;Burgau <62206>;1068,75
2014;Dechantskirchen ^<62207>;1623,625
2014;Dechantskirchen <62265>;-
2014;Dienersdorf ^<62208>;703,25
2014;Ebersdorf <62209>;1239,875
2014;Eichberg ^<62210>;1176,25
2014;Feistritztal <62266>;-
2014;Friedberg <62211>;2575,5
2014;Fürstenfeld ^<62212>;6053,125
2014;Fürstenfeld ^<62267>;-
2014;Fürstenfeld <62280>;-
2014;Grafendorf bei Hartberg ^<62213>;2529,375
2014;Grafendorf bei Hartberg <62268>;-
2014;Greinbach <62214>;1790,375
2014;Großhart ^<62215>;631,25
2014;Großsteinbach <62216>;1293,25
2014;Großwilfersdorf ^<62217>;1408,375
2014;Großwilfersdorf <62269>;-
2014;Hainersdorf ^<62218>;617,25
2014;Hartberg <62219>;6504,25
2014;Hartberg Umgebung <62220>;2219,375
2014;Hartl ^<62221>;802,25
2014;Hartl <62270>;-
2014;Hofkirchen bei Hartberg ^<62222>;640,625
2014;Ilz ^<62223>;2574,875
2014;Ilz <62271>;-
2014;Kaibing ^<62224>;392,125
2014;Kaindorf ^<62225>;1486,25
2014;Kaindorf <62272>;-
2014;Lafnitz <62226>;1426,625
2014;Limbach bei Neudau ^<62227>;349,125
2014;Loipersdorf bei Fürstenfeld ^<62228>;1402,25
2014;Bad Loipersdorf <62273>;-
2014;Mönichwald ^<62229>;867
2014;Nestelbach im Ilztal ^<62230>;1130,125
2014;Neudau ^<62231>;1210
2014;Neudau <62274>;-
2014;Ottendorf an der Rittschein <62232>;1539
2014;Pinggau <62233>;3160,25
2014;Pöllau ^<62234>;2028,875
2014;Pöllau <62275>;-
2014;Pöllauberg <62235>;2118,5
2014;Puchegg ^<62236>;550
2014;Rabenwald ^<62237>;600,5
2014;Riegersberg ^<62238>;989,5
2014;Rohr bei Hartberg ^<62239>;1097,75
2014;Rohr bei Hartberg <62276>;-
2014;Rohrbach an der Lafnitz ^<62240>;1040,25
2014;Rohrbach an der Lafnitz <62277>;-
2014;Saifen-Boden ^<62241>;1046,125
2014;Sankt Jakob im Walde <62242>;1065,5
2014;Sankt Johann bei Herberstein ^<62243>;382,625
2014;Sankt Johann in der Haide <62244>;2081,75
2014;Sankt Lorenzen am Wechsel <62245>;1546,625
2014;Schachen bei Vorau ^<62246>;1181,25
2014;Schäffern <62247>;1422
2014;Schlag bei Thalberg ^<62248>;897,75
2014;Schönegg bei Pöllau ^<62249>;1359,75
2014;Sebersdorf ^<62250>;1411,125
2014;Siegersdorf bei Herberstein ^<62251>;291
2014;Söchau ^<62252>;1410,875
2014;Sonnhofen ^<62253>;1018,75
2014;Stambach ^<62254>;626,25
2014;Stein ^<62255>;491,5
2014;Stubenberg <62256>;2293,5
2014;Tiefenbach bei Kaindorf ^<62257>;692,875
2014;Übersbach ^<62258>;1138
2014;Vorau ^<62259>;1372,125
2014;Vorau <62278>;-
2014;Vornholz ^<62260>;725,375
2014;Waldbach ^<62261>;681,875
2014;Waldbach-Mönichwald <62279>;-
2014;Wenigzell <62262>;1416,875
2014;Wörth an der Lafnitz ^<62263>;377,125
2014;Amering ^<60801>;-
2014;Bretstein ^<60802>;-
2014;Eppenstein ^<60803>;-
2014;Fohnsdorf ^<60804>;-
2014;Hohentauern ^<60805>;-
2014;Judenburg ^<60806>;-
2014;Maria Buch-Feistritz ^<60809>;-
2014;Obdach ^<60810>;-
2014;Oberkurzheim ^<60811>;-
2014;Oberweg ^<60812>;-
2014;Oberzeiring ^<60813>;-
2014;Pöls ^<60814>;-
2014;Pusterwald ^<60815>;-
2014;Reifling ^<60816>;-
2014;Reisstraße ^<60817>;-
2014;Sankt Anna am Lavantegg ^<60808>;-
2014;Sankt Georgen ob Judenburg ^<60818>;-
2014;Sankt Johann am Tauern ^<60819>;-
2014;Sankt Oswald-Möderbrugg ^<60820>;-
2014;Sankt Peter ob Judenburg ^<60821>;-
2014;Sankt Wolfgang-Kienberg ^<60807>;-
2014;Unzmarkt-Frauenburg ^<60822>;-
2014;Weißkirchen in Steiermark ^<60823>;-
2014;Zeltweg ^<60824>;-
2014;Apfelberg ^<60901>;-
2014;Feistritz bei Knittelfeld ^<60902>;-
2014;Flatschach ^<60903>;-
2014;Gaal ^<60904>;-
2014;Großlobming ^<60905>;-
2014;Kleinlobming ^<60906>;-
2014;Knittelfeld ^<60907>;-
2014;Kobenz ^<60908>;-
2014;Rachau ^<60909>;-
2014;Sankt Lorenzen bei Knittelfeld ^<60910>;-
2014;Sankt Marein bei Knittelfeld ^<60911>;-
2014;Sankt Margarethen bei Knittelfeld ^<60912>;-
2014;Seckau ^<60913>;-
2014;Spielberg bei Knittelfeld ^<60914>;-
2015;Aflenz Kurort ^<60201>;-
2015;Aflenz Land ^<60202>;-
2015;Breitenau am Hochlantsch ^<60203>;-
2015;Bruck an der Mur ^<60204>;-
2015;Etmißl ^<60205>;-
2015;Frauenberg ^<60206>;-
2015;Gußwerk ^<60207>;-
2015;Halltal ^<60208>;-
2015;Kapfenberg ^<60209>;-
2015;Mariazell ^<60210>;-
2015;Oberaich ^<60211>;-
2015;Parschlug ^<60212>;-
2015;Pernegg an der Mur ^<60213>;-
2015;Sankt Ilgen ^<60214>;-
2015;Sankt Katharein an der Laming ^<60215>;-
2015;Sankt Lorenzen im Mürztal ^<60216>;-
2015;Sankt Marein im Mürztal ^<60217>;-
2015;Sankt Sebastian ^<60218>;-
2015;Thörl ^<60219>;-
2015;Tragöß ^<60220>;-
2015;Turnau ^<60221>;-
2015;Aflenz  <62138>;2418,375
2015;Aflenz Kurort ^<62101>;-
2015;Aflenz Land ^<62102>;-
2015;Allerheiligen im Mürztal ^<62103>;-
2015;Altenberg an der Rax ^<62104>;-
2015;Breitenau am Hochlantsch <62105>;1737
2015;Bruck an der Mur ^<62106>;-
2015;Bruck an der Mur <62139>;15789,125
2015;Etmißl ^<62107>;-
2015;Frauenberg ^<62108>;-
2015;Ganz ^<62109>;-
2015;Gußwerk ^<62110>;-
2015;Halltal ^<62111>;-
2015;Kapellen ^<62112>;-
2015;Kapfenberg ^<62113>;-
2015;Kapfenberg <62140>;23102,125
2015;Kindberg ^<62114>;-
2015;Kindberg <62141>;8196,25
2015;Krieglach <62115>;5149
2015;Langenwang <62116>;3922,625
2015;Mariazell ^<62117>;-
2015;Mariazell <62142>;3931,375
2015;Mitterdorf im Mürztal ^<62118>;-
2015;Mürzhofen ^<62119>;-
2015;Mürzsteg ^<62120>;-
2015;Mürzzuschlag ^<62121>;-
2015;Mürzzuschlag <62143>;8737,5
2015;Neuberg an der Mürz ^<62122>;-
2015;Neuberg an der Mürz <62144>;2759,375
2015;Oberaich ^<62123>;-
2015;Parschlug ^<62124>;-
2015;Pernegg an der Mur <62125>;2344,75
2015;Sankt Barbara im Mürztal <62145>;6754
2015;Sankt Ilgen ^<62126>;-
2015;Sankt Katharein an der Laming ^<62127>;-
2015;Sankt Lorenzen im Mürztal <62128>;3542,75
2015;Sankt Marein im Mürztal ^<62129>;-
2015;Sankt Marein im Mürztal <62146>;2668,25
2015;Sankt Sebastian ^<62130>;-
2015;Spital am Semmering <62131>;1712,75
2015;Stanz im Mürztal <62132>;1845,5
2015;Thörl ^<62133>;-
2015;Thörl <62147>;2351
2015;Tragöß ^<62134>;-
2015;Tragöß-Sankt Katharein <62148>;1907
2015;Turnau <62135>;1536,625
2015;Veitsch ^<62136>;-
2015;Wartberg im Mürztal ^<62137>;-
2015;Aibl ^<60301>;-
2015;Bad Gams ^<60307>;-
2015;Bad Schwanberg <60349>;4578,375
2015;Deutschlandsberg ^<60302>;-
2015;Deutschlandsberg <60344>;11529,875
2015;Eibiswald ^<60303>;-
2015;Eibiswald <60345>;6589,625
2015;Feldbaum ^<60304>;-
2015;Frauental an der Laßnitz <60305>;2849,375
2015;Freiland bei Deutschlandsberg ^<60306>;-
2015;Garanas ^<60308>;-
2015;Georgsberg ^<60309>;-
2015;Greisdorf ^<60310>;-
2015;Gressenberg ^<60311>;-
2015;Groß Sankt Florian ^<60312>;-
2015;Groß Sankt Florian <60346>;4201,5
2015;Großradl ^<60313>;-
2015;Gundersdorf ^<60314>;-
2015;Hollenegg ^<60315>;-
2015;Kloster ^<60316>;-
2015;Kruckenberg ^<60317>;-
2015;Lannach <60318>;3384,5
2015;Limberg bei Wies ^<60319>;-
2015;Marhof ^<60320>;-
2015;Osterwitz ^<60321>;-
2015;Pitschgau ^<60322>;-
2015;Pölfing-Brunn <60323>;1634,625
2015;Preding <60324>;1725,625
2015;Rassach ^<60325>;-
2015;Sankt Josef (Weststeiermark) <60326>;1474,375
2015;Sankt Martin im Sulmtal ^<60327>;-
2015;Sankt Martin im Sulmtal <60347>;3063
2015;Sankt Oswald ob Eibiswald ^<60328>;-
2015;Sankt Peter im Sulmtal <60329>;1312,625
2015;Sankt Stefan ob Stainz ^<60330>;-
2015;Sankt Stefan ob Stainz <60348>;3570
2015;Schwanberg ^<60331>;-
2015;Soboth ^<60332>;-
2015;Stainz ^<60333>;-
2015;Stainz <60350>;8571
2015;Stainztal ^<60334>;-
2015;Stallhof ^<60335>;-
2015;Sulmeck-Greith ^<60336>;-
2015;Sulz-Laufenegg ^<60337>;-
2015;Trahütten ^<60338>;-
2015;Unterbergla ^<60339>;-
2015;Wernersdorf ^<60340>;-
2015;Wettmannstätten <60341>;1585,125
2015;Wielfresen ^<60342>;-
2015;Wies ^<60343>;-
2015;Wies <60351>;4415,25
2015;Auersbach ^<60401>;-
2015;Aug-Radisch ^<60402>;-
2015;Bad Gleichenberg ^<60403>;-
2015;Bairisch Kölldorf ^<60404>;-
2015;Baumgarten bei Gnas ^<60405>;-
2015;Breitenfeld an der Rittschein ^<60406>;-
2015;Edelsbach bei Feldbach ^<60407>;-
2015;Edelstauden ^<60408>;-
2015;Eichkögl ^<60409>;-
2015;Fehring ^<60410>;-
2015;Feldbach ^<60411>;-
2015;Fladnitz im Raabtal ^<60412>;-
2015;Frannach ^<60413>;-
2015;Frutten-Gießelsdorf ^<60414>;-
2015;Glojach ^<60415>;-
2015;Gnas ^<60416>;-
2015;Gniebing-Weißenbach ^<60417>;-
2015;Gossendorf ^<60418>;-
2015;Grabersdorf ^<60419>;-
2015;Hatzendorf ^<60420>;-
2015;Hohenbrugg-Weinberg ^<60421>;-
2015;Jagerberg ^<60422>;-
2015;Johnsdorf-Brunn ^<60423>;-
2015;Kapfenstein ^<60424>;-
2015;Kirchbach in Steiermark ^<60425>;-
2015;Kirchberg an der Raab ^<60426>;-
2015;Kohlberg ^<60427>;-
2015;Kornberg bei Riegersburg ^<60428>;-
2015;Krusdorf ^<60429>;-
2015;Leitersdorf im Raabtal ^<60430>;-
2015;Lödersdorf ^<60431>;-
2015;Maierdorf ^<60432>;-
2015;Merkendorf ^<60433>;-
2015;Mitterlabill ^<60434>;-
2015;Mühldorf bei Feldbach ^<60435>;-
2015;Oberdorf am Hochegg ^<60436>;-
2015;Oberstorcha ^<60437>;-
2015;Paldau ^<60438>;-
2015;Perlsdorf ^<60439>;-
2015;Pertlstein ^<60440>;-
2015;Petersdorf II ^<60441>;-
2015;Pirching am Traubenberg ^<60442>;-
2015;Poppendorf ^<60443>;-
2015;Raabau ^<60444>;-
2015;Raning ^<60445>;-
2015;Reith b.Hartmannsdorf ^<60446>;-
2015;Riegersburg ^<60447>;-
2015;Sankt Anna am Aigen ^<60448>;-
2015;Sankt Stefan im Rosental ^<60449>;-
2015;Schwarzau im Schwarzautal ^<60450>;-
2015;Stainz bei Straden ^<60451>;-
2015;Studenzen ^<60452>;-
2015;Trautmannsdorf in Oststeiermark ^<60453>;-
2015;Unterauersbach ^<60454>;-
2015;Unterlamm ^<60455>;-
2015;Zerlach ^<60456>;-
2015;Altenmarkt bei Fürstenfeld ^<60501>;-
2015;Bad Blumau ^<60502>;-
2015;Burgau ^<60503>;-
2015;Fürstenfeld ^<60504>;-
2015;Großsteinbach ^<60505>;-
2015;Großwilfersdorf ^<60506>;-
2015;Hainersdorf ^<60507>;-
2015;Ilz ^<60508>;-
2015;Loipersdorf bei Fürstenfeld ^<60509>;-
2015;Nestelbach im Ilztal ^<60510>;-
2015;Ottendorf an der Rittschein ^<60511>;-
2015;Söchau ^<60512>;-
2015;Stein ^<60513>;-
2015;Übersbach ^<60514>;-
2015;Attendorf ^<60601>;-
2015;Brodingberg ^<60602>;-
2015;Deutschfeistritz ^<60603>;-
2015;Deutschfeistritz <60659>;4194,375
2015;Dobl ^<60604>;-
2015;Dobl-Zwaring <60660>;3424,75
2015;Edelsgrub ^<60605>;-
2015;Eggersdorf bei Graz ^<60606>;-
2015;Eggersdorf bei Graz <60661>;6482,25
2015;Eisbach ^<60607>;-
2015;Feldkirchen bei Graz <60608>;5885
2015;Fernitz ^<60609>;-
2015;Fernitz-Mellach <60662>;4624,75
2015;Frohnleiten ^<60610>;-
2015;Frohnleiten <60663>;6698,875
2015;Gössendorf <60611>;3837,125
2015;Grambach ^<60612>;-
2015;Gratkorn <60613>;7794
2015;Gratwein ^<60614>;-
2015;Gratwein-Straßengel <60664>;12793
2015;Großstübing ^<60615>;-
2015;Gschnaidt ^<60616>;-
2015;Hart bei Graz <60617>;4681
2015;Hart-Purgstall ^<60634>;-
2015;Haselsdorf-Tobelbad <60618>;1346,25
2015;Hausmannstätten <60619>;3050,5
2015;Hitzendorf ^<60620>;-
2015;Hitzendorf <60665>;6957,875
2015;Höf-Präbach ^<60621>;-
2015;Judendorf-Straßengel ^<60622>;-
2015;Kainbach bei Graz <60623>;2725,125
2015;Kalsdorf bei Graz <60624>;6308,25
2015;Krumegg ^<60625>;-
2015;Kumberg <60626>;3756,25
2015;Langegg bei Graz ^<60627>;-
2015;Laßnitzhöhe <60628>;2708,5
2015;Lieboch <60629>;4913,875
2015;Mellach ^<60630>;-
2015;Nestelbach bei Graz ^<60631>;-
2015;Nestelbach bei Graz <60666>;2656,125
2015;Peggau <60632>;2191,5
2015;Pirka ^<60633>;-
2015;Premstätten <60670>;5745,125
2015;Raaba ^<60635>;-
2015;Raaba-Grambach <60667>;4094,75
2015;Rohrbach-Steinberg ^<60637>;-
2015;Röthelstein ^<60636>;-
2015;Rothleiten ^<60638>;-
2015;Sankt Bartholomä <60639>;1382,75
2015;Sankt Marein bei Graz ^<60640>;-
2015;Sankt Marein bei Graz <60668>;3592,5
2015;Sankt Oswald bei Plankenwarth <60641>;1207,125
2015;Sankt Radegund bei Graz <60642>;2071,5
2015;Schrems bei Frohnleiten ^<60643>;-
2015;Seiersberg ^<60644>;-
2015;Seiersberg-Pirka <60669>;10682,875
2015;Semriach <60645>;3334,125
2015;Stattegg <60646>;2823,75
2015;Stiwoll <60647>;721,5
2015;Thal <60648>;2266,75
2015;Tulwitz ^<60649>;-
2015;Tyrnau ^<60650>;-
2015;Übelbach <60651>;1989,5
2015;Unterpremstätten ^<60652>;-
2015;Vasoldsberg <60653>;4427,625
2015;Weinitzen <60654>;2613,125
2015;Werndorf <60655>;2278,125
2015;Wundschuh <60656>;1544,875
2015;Zettling ^<60657>;-
2015;Zwaring-Pöls ^<60658>;-
2015;Bad Waltersdorf ^<60748>;-
2015;Blaindorf ^<60701>;-
2015;Buch-Geiseldorf ^<60702>;-
2015;Dechantskirchen ^<60703>;-
2015;Dienersdorf ^<60704>;-
2015;Ebersdorf ^<60705>;-
2015;Eichberg ^<60716>;-
2015;Friedberg ^<60706>;-
2015;Grafendorf bei Hartberg ^<60707>;-
2015;Greinbach ^<60708>;-
2015;Großhart ^<60709>;-
2015;Hartberg ^<60710>;-
2015;Hartberg Umgebung ^<60711>;-
2015;Hartl ^<60712>;-
2015;Hofkirchen bei Hartberg ^<60713>;-
2015;Kaibing ^<60714>;-
2015;Kaindorf ^<60715>;-
2015;Lafnitz ^<60717>;-
2015;Limbach bei Neudau ^<60718>;-
2015;Mönichwald ^<60719>;-
2015;Neudau ^<60720>;-
2015;Pinggau ^<60721>;-
2015;Pöllau ^<60722>;-
2015;Pöllauberg ^<60723>;-
2015;Puchegg ^<60724>;-
2015;Rabenwald ^<60725>;-
2015;Riegersberg ^<60726>;-
2015;Rohr bei Hartberg ^<60727>;-
2015;Rohrbach an der Lafnitz ^<60728>;-
2015;Saifen-Boden ^<60729>;-
2015;Sankt Jakob im Walde ^<60730>;-
2015;Sankt Johann bei Herberstein ^<60731>;-
2015;Sankt Johann in der Haide ^<60732>;-
2015;Sankt Lorenzen am Wechsel ^<60733>;-
2015;Sankt Magdalena am Lemberg ^<60734>;-
2015;Schachen bei Vorau ^<60735>;-
2015;Schäffern ^<60736>;-
2015;Schlag bei Thalberg ^<60737>;-
2015;Schönegg bei Pöllau ^<60738>;-
2015;Sebersdorf ^<60739>;-
2015;Siegersdorf bei Herberstein ^<60740>;-
2015;Sonnhofen ^<60741>;-
2015;Stambach ^<60742>;-
2015;Stubenberg ^<60743>;-
2015;Tiefenbach bei Kaindorf ^<60744>;-
2015;Vorau ^<60745>;-
2015;Vornholz ^<60746>;-
2015;Waldbach ^<60747>;-
2015;Wenigzell ^<60749>;-
2015;Wörth an der Lafnitz ^<60750>;-
2015;Altenmarkt bei Fürstenfeld ^<62201>;-
2015;Bad Blumau <62202>;1616,5
2015;Bad Waltersdorf ^<62203>;-
2015;Bad Waltersdorf <62264>;3714,5
2015;Blaindorf ^<62204>;-
2015;Buch-St. Magdalena <62205>;2164,75
2015;Burgau <62206>;1064,5
2015;Dechantskirchen ^<62207>;-
2015;Dechantskirchen <62265>;2036,625
2015;Dienersdorf ^<62208>;-
2015;Ebersdorf <62209>;1244,125
2015;Eichberg ^<62210>;-
2015;Feistritztal <62266>;2422,875
2015;Friedberg <62211>;2593,25
2015;Fürstenfeld ^<62212>;-
2015;Fürstenfeld ^<62267>;8422,5
2015;Fürstenfeld <62280>;-
2015;Grafendorf bei Hartberg ^<62213>;-
2015;Grafendorf bei Hartberg <62268>;3133,5
2015;Greinbach <62214>;1809,125
2015;Großhart ^<62215>;-
2015;Großsteinbach <62216>;1283,625
2015;Großwilfersdorf ^<62217>;-
2015;Großwilfersdorf <62269>;2062
2015;Hainersdorf ^<62218>;-
2015;Hartberg <62219>;6516,625
2015;Hartberg Umgebung <62220>;2229
2015;Hartl ^<62221>;-
2015;Hartl <62270>;2110,25
2015;Hofkirchen bei Hartberg ^<62222>;-
2015;Ilz ^<62223>;-
2015;Ilz <62271>;3686
2015;Kaibing ^<62224>;-
2015;Kaindorf ^<62225>;-
2015;Kaindorf <62272>;2861,125
2015;Lafnitz <62226>;1446,125
2015;Limbach bei Neudau ^<62227>;-
2015;Loipersdorf bei Fürstenfeld ^<62228>;-
2015;Bad Loipersdorf <62273>;1868
2015;Mönichwald ^<62229>;-
2015;Nestelbach im Ilztal ^<62230>;-
2015;Neudau ^<62231>;-
2015;Neudau <62274>;1457,875
2015;Ottendorf an der Rittschein <62232>;1549,375
2015;Pinggau <62233>;3202
2015;Pöllau ^<62234>;-
2015;Pöllau <62275>;6041,875
2015;Pöllauberg <62235>;2098,75
2015;Puchegg ^<62236>;-
2015;Rabenwald ^<62237>;-
2015;Riegersberg ^<62238>;-
2015;Rohr bei Hartberg ^<62239>;-
2015;Rohr bei Hartberg <62276>;1470
2015;Rohrbach an der Lafnitz ^<62240>;-
2015;Rohrbach an der Lafnitz <62277>;2682,875
2015;Saifen-Boden ^<62241>;-
2015;Sankt Jakob im Walde <62242>;1049,875
2015;Sankt Johann bei Herberstein ^<62243>;-
2015;Sankt Johann in der Haide <62244>;2128
2015;Sankt Lorenzen am Wechsel <62245>;1519
2015;Schachen bei Vorau ^<62246>;-
2015;Schäffern <62247>;1437,625
2015;Schlag bei Thalberg ^<62248>;-
2015;Schönegg bei Pöllau ^<62249>;-
2015;Sebersdorf ^<62250>;-
2015;Siegersdorf bei Herberstein ^<62251>;-
2015;Söchau ^<62252>;1417,125
2015;Sonnhofen ^<62253>;-
2015;Stambach ^<62254>;-
2015;Stein ^<62255>;-
2015;Stubenberg <62256>;2273,75
2015;Tiefenbach bei Kaindorf ^<62257>;-
2015;Übersbach ^<62258>;-
2015;Vorau ^<62259>;-
2015;Vorau <62278>;4805,875
2015;Vornholz ^<62260>;-
2015;Waldbach ^<62261>;-
2015;Waldbach-Mönichwald <62279>;1531,5
2015;Wenigzell <62262>;1418,25
2015;Wörth an der Lafnitz ^<62263>;-
2015;Amering ^<60801>;-
2015;Bretstein ^<60802>;-
2015;Eppenstein ^<60803>;-
2015;Fohnsdorf ^<60804>;-
2015;Hohentauern ^<60805>;-
2015;Judenburg ^<60806>;-
2015;Maria Buch-Feistritz ^<60809>;-
2015;Obdach ^<60810>;-
2015;Oberkurzheim ^<60811>;-
2015;Oberweg ^<60812>;-
2015;Oberzeiring ^<60813>;-
2015;Pöls ^<60814>;-
2015;Pusterwald ^<60815>;-
2015;Reifling ^<60816>;-
2015;Reisstraße ^<60817>;-
2015;Sankt Anna am Lavantegg ^<60808>;-
2015;Sankt Georgen ob Judenburg ^<60818>;-
2015;Sankt Johann am Tauern ^<60819>;-
2015;Sankt Oswald-Möderbrugg ^<60820>;-
2015;Sankt Peter ob Judenburg ^<60821>;-
2015;Sankt Wolfgang-Kienberg ^<60807>;-
2015;Unzmarkt-Frauenburg ^<60822>;-
2015;Weißkirchen in Steiermark ^<60823>;-
2015;Zeltweg ^<60824>;-
2015;Apfelberg ^<60901>;-
2015;Feistritz bei Knittelfeld ^<60902>;-
2015;Flatschach ^<60903>;-
2015;Gaal ^<60904>;-
2015;Großlobming ^<60905>;-
2015;Kleinlobming ^<60906>;-
2015;Knittelfeld ^<60907>;-
2015;Kobenz ^<60908>;-
2015;Rachau ^<60909>;-
2015;Sankt Lorenzen bei Knittelfeld ^<60910>;-
2015;Sankt Marein bei Knittelfeld ^<60911>;-
2015;Sankt Margarethen bei Knittelfeld ^<60912>;-
2015;Seckau ^<60913>;-
2015;Spielberg bei Knittelfeld ^<60914>;-
2016;Aflenz Kurort ^<60201>;-
2016;Aflenz Land ^<60202>;-
2016;Breitenau am Hochlantsch ^<60203>;-
2016;Bruck an der Mur ^<60204>;-
2016;Etmißl ^<60205>;-
2016;Frauenberg ^<60206>;-
2016;Gußwerk ^<60207>;-
2016;Halltal ^<60208>;-
2016;Kapfenberg ^<60209>;-
2016;Mariazell ^<60210>;-
2016;Oberaich ^<60211>;-
2016;Parschlug ^<60212>;-
2016;Pernegg an der Mur ^<60213>;-
2016;Sankt Ilgen ^<60214>;-
2016;Sankt Katharein an der Laming ^<60215>;-
2016;Sankt Lorenzen im Mürztal ^<60216>;-
2016;Sankt Marein im Mürztal ^<60217>;-
2016;Sankt Sebastian ^<60218>;-
2016;Thörl ^<60219>;-
2016;Tragöß ^<60220>;-
2016;Turnau ^<60221>;-
2016;Aflenz  <62138>;2432,75
2016;Aflenz Kurort ^<62101>;-
2016;Aflenz Land ^<62102>;-
2016;Allerheiligen im Mürztal ^<62103>;-
2016;Altenberg an der Rax ^<62104>;-
2016;Breitenau am Hochlantsch <62105>;1731,875
2016;Bruck an der Mur ^<62106>;-
2016;Bruck an der Mur <62139>;15863,875
2016;Etmißl ^<62107>;-
2016;Frauenberg ^<62108>;-
2016;Ganz ^<62109>;-
2016;Gußwerk ^<62110>;-
2016;Halltal ^<62111>;-
2016;Kapellen ^<62112>;-
2016;Kapfenberg ^<62113>;-
2016;Kapfenberg <62140>;23063,875
2016;Kindberg ^<62114>;-
2016;Kindberg <62141>;8109,125
2016;Krieglach <62115>;5265,625
2016;Langenwang <62116>;3895,375
2016;Mariazell ^<62117>;-
2016;Mariazell <62142>;3906
2016;Mitterdorf im Mürztal ^<62118>;-
2016;Mürzhofen ^<62119>;-
2016;Mürzsteg ^<62120>;-
2016;Mürzzuschlag ^<62121>;-
2016;Mürzzuschlag <62143>;8673,625
2016;Neuberg an der Mürz ^<62122>;-
2016;Neuberg an der Mürz <62144>;2686
2016;Oberaich ^<62123>;-
2016;Parschlug ^<62124>;-
2016;Pernegg an der Mur <62125>;2371,375
2016;Sankt Barbara im Mürztal <62145>;6693,5
2016;Sankt Ilgen ^<62126>;-
2016;Sankt Katharein an der Laming ^<62127>;-
2016;Sankt Lorenzen im Mürztal <62128>;3575,25
2016;Sankt Marein im Mürztal ^<62129>;-
2016;Sankt Marein im Mürztal <62146>;2702,625
2016;Sankt Sebastian ^<62130>;-
2016;Spital am Semmering <62131>;1649,75
2016;Stanz im Mürztal <62132>;1827,75
2016;Thörl ^<62133>;-
2016;Thörl <62147>;2332,125
2016;Tragöß ^<62134>;-
2016;Tragöß-Sankt Katharein <62148>;1885,75
2016;Turnau <62135>;1532,875
2016;Veitsch ^<62136>;-
2016;Wartberg im Mürztal ^<62137>;-
2016;Aibl ^<60301>;-
2016;Bad Gams ^<60307>;-
2016;Bad Schwanberg <60349>;4590,75
2016;Deutschlandsberg ^<60302>;-
2016;Deutschlandsberg <60344>;11672,25
2016;Eibiswald ^<60303>;-
2016;Eibiswald <60345>;6587,375
2016;Feldbaum ^<60304>;-
2016;Frauental an der Laßnitz <60305>;2826,125
2016;Freiland bei Deutschlandsberg ^<60306>;-
2016;Garanas ^<60308>;-
2016;Georgsberg ^<60309>;-
2016;Greisdorf ^<60310>;-
2016;Gressenberg ^<60311>;-
2016;Groß Sankt Florian ^<60312>;-
2016;Groß Sankt Florian <60346>;4208,625
2016;Großradl ^<60313>;-
2016;Gundersdorf ^<60314>;-
2016;Hollenegg ^<60315>;-
2016;Kloster ^<60316>;-
2016;Kruckenberg ^<60317>;-
2016;Lannach <60318>;3390,75
2016;Limberg bei Wies ^<60319>;-
2016;Marhof ^<60320>;-
2016;Osterwitz ^<60321>;-
2016;Pitschgau ^<60322>;-
2016;Pölfing-Brunn <60323>;1630,125
2016;Preding <60324>;1733,5
2016;Rassach ^<60325>;-
2016;Sankt Josef (Weststeiermark) <60326>;1534,375
2016;Sankt Martin im Sulmtal ^<60327>;-
2016;Sankt Martin im Sulmtal <60347>;3070,25
2016;Sankt Oswald ob Eibiswald ^<60328>;-
2016;Sankt Peter im Sulmtal <60329>;1307,125
2016;Sankt Stefan ob Stainz ^<60330>;-
2016;Sankt Stefan ob Stainz <60348>;3576,625
2016;Schwanberg ^<60331>;-
2016;Soboth ^<60332>;-
2016;Stainz ^<60333>;-
2016;Stainz <60350>;8614,125
2016;Stainztal ^<60334>;-
2016;Stallhof ^<60335>;-
2016;Sulmeck-Greith ^<60336>;-
2016;Sulz-Laufenegg ^<60337>;-
2016;Trahütten ^<60338>;-
2016;Unterbergla ^<60339>;-
2016;Wernersdorf ^<60340>;-
2016;Wettmannstätten <60341>;1628,5
2016;Wielfresen ^<60342>;-
2016;Wies ^<60343>;-
2016;Wies <60351>;4431,125
2016;Auersbach ^<60401>;-
2016;Aug-Radisch ^<60402>;-
2016;Bad Gleichenberg ^<60403>;-
2016;Bairisch Kölldorf ^<60404>;-
2016;Baumgarten bei Gnas ^<60405>;-
2016;Breitenfeld an der Rittschein ^<60406>;-
2016;Edelsbach bei Feldbach ^<60407>;-
2016;Edelstauden ^<60408>;-
2016;Eichkögl ^<60409>;-
2016;Fehring ^<60410>;-
2016;Feldbach ^<60411>;-
2016;Fladnitz im Raabtal ^<60412>;-
2016;Frannach ^<60413>;-
2016;Frutten-Gießelsdorf ^<60414>;-
2016;Glojach ^<60415>;-
2016;Gnas ^<60416>;-
2016;Gniebing-Weißenbach ^<60417>;-
2016;Gossendorf ^<60418>;-
2016;Grabersdorf ^<60419>;-
2016;Hatzendorf ^<60420>;-
2016;Hohenbrugg-Weinberg ^<60421>;-
2016;Jagerberg ^<60422>;-
2016;Johnsdorf-Brunn ^<60423>;-
2016;Kapfenstein ^<60424>;-
2016;Kirchbach in Steiermark ^<60425>;-
2016;Kirchberg an der Raab ^<60426>;-
2016;Kohlberg ^<60427>;-
2016;Kornberg bei Riegersburg ^<60428>;-
2016;Krusdorf ^<60429>;-
2016;Leitersdorf im Raabtal ^<60430>;-
2016;Lödersdorf ^<60431>;-
2016;Maierdorf ^<60432>;-
2016;Merkendorf ^<60433>;-
2016;Mitterlabill ^<60434>;-
2016;Mühldorf bei Feldbach ^<60435>;-
2016;Oberdorf am Hochegg ^<60436>;-
2016;Oberstorcha ^<60437>;-
2016;Paldau ^<60438>;-
2016;Perlsdorf ^<60439>;-
2016;Pertlstein ^<60440>;-
2016;Petersdorf II ^<60441>;-
2016;Pirching am Traubenberg ^<60442>;-
2016;Poppendorf ^<60443>;-
2016;Raabau ^<60444>;-
2016;Raning ^<60445>;-
2016;Reith b.Hartmannsdorf ^<60446>;-
2016;Riegersburg ^<60447>;-
2016;Sankt Anna am Aigen ^<60448>;-
2016;Sankt Stefan im Rosental ^<60449>;-
2016;Schwarzau im Schwarzautal ^<60450>;-
2016;Stainz bei Straden ^<60451>;-
2016;Studenzen ^<60452>;-
2016;Trautmannsdorf in Oststeiermark ^<60453>;-
2016;Unterauersbach ^<60454>;-
2016;Unterlamm ^<60455>;-
2016;Zerlach ^<60456>;-
2016;Altenmarkt bei Fürstenfeld ^<60501>;-
2016;Bad Blumau ^<60502>;-
2016;Burgau ^<60503>;-
2016;Fürstenfeld ^<60504>;-
2016;Großsteinbach ^<60505>;-
2016;Großwilfersdorf ^<60506>;-
2016;Hainersdorf ^<60507>;-
2016;Ilz ^<60508>;-
2016;Loipersdorf bei Fürstenfeld ^<60509>;-
2016;Nestelbach im Ilztal ^<60510>;-
2016;Ottendorf an der Rittschein ^<60511>;-
2016;Söchau ^<60512>;-
2016;Stein ^<60513>;-
2016;Übersbach ^<60514>;-
2016;Attendorf ^<60601>;-
2016;Brodingberg ^<60602>;-
2016;Deutschfeistritz ^<60603>;-
2016;Deutschfeistritz <60659>;4208,625
2016;Dobl ^<60604>;-
2016;Dobl-Zwaring <60660>;3483,125
2016;Edelsgrub ^<60605>;-
2016;Eggersdorf bei Graz ^<60606>;-
2016;Eggersdorf bei Graz <60661>;6559,5
2016;Eisbach ^<60607>;-
2016;Feldkirchen bei Graz <60608>;6041,25
2016;Fernitz ^<60609>;-
2016;Fernitz-Mellach <60662>;4732,125
2016;Frohnleiten ^<60610>;-
2016;Frohnleiten <60663>;6710,625
2016;Gössendorf <60611>;3875,5
2016;Grambach ^<60612>;-
2016;Gratkorn <60613>;7810
2016;Gratwein ^<60614>;-
2016;Gratwein-Straßengel <60664>;12904,25
2016;Großstübing ^<60615>;-
2016;Gschnaidt ^<60616>;-
2016;Hart bei Graz <60617>;4902
2016;Hart-Purgstall ^<60634>;-
2016;Haselsdorf-Tobelbad <60618>;1377,75
2016;Hausmannstätten <60619>;3151,875
2016;Hitzendorf ^<60620>;-
2016;Hitzendorf <60665>;7063,875
2016;Höf-Präbach ^<60621>;-
2016;Judendorf-Straßengel ^<60622>;-
2016;Kainbach bei Graz <60623>;2753,625
2016;Kalsdorf bei Graz <60624>;6521,375
2016;Krumegg ^<60625>;-
2016;Kumberg <60626>;3819,875
2016;Langegg bei Graz ^<60627>;-
2016;Laßnitzhöhe <60628>;2723,375
2016;Lieboch <60629>;5041,375
2016;Mellach ^<60630>;-
2016;Nestelbach bei Graz ^<60631>;-
2016;Nestelbach bei Graz <60666>;2660,5
2016;Peggau <60632>;2219,875
2016;Pirka ^<60633>;-
2016;Premstätten <60670>;5851,625
2016;Raaba ^<60635>;-
2016;Raaba-Grambach <60667>;4290,25
2016;Rohrbach-Steinberg ^<60637>;-
2016;Röthelstein ^<60636>;-
2016;Rothleiten ^<60638>;-
2016;Sankt Bartholomä <60639>;1401,125
2016;Sankt Marein bei Graz ^<60640>;-
2016;Sankt Marein bei Graz <60668>;3656,75
2016;Sankt Oswald bei Plankenwarth <60641>;1203,75
2016;Sankt Radegund bei Graz <60642>;2105,75
2016;Schrems bei Frohnleiten ^<60643>;-
2016;Seiersberg ^<60644>;-
2016;Seiersberg-Pirka <60669>;10891,625
2016;Semriach <60645>;3340,25
2016;Stattegg <60646>;2864,625
2016;Stiwoll <60647>;720,125
2016;Thal <60648>;2267,625
2016;Tulwitz ^<60649>;-
2016;Tyrnau ^<60650>;-
2016;Übelbach <60651>;2020,25
2016;Unterpremstätten ^<60652>;-
2016;Vasoldsberg <60653>;4476,375
2016;Weinitzen <60654>;2638,625
2016;Werndorf <60655>;2282,5
2016;Wundschuh <60656>;1590,75
2016;Zettling ^<60657>;-
2016;Zwaring-Pöls ^<60658>;-
2016;Bad Waltersdorf ^<60748>;-
2016;Blaindorf ^<60701>;-
2016;Buch-Geiseldorf ^<60702>;-
2016;Dechantskirchen ^<60703>;-
2016;Dienersdorf ^<60704>;-
2016;Ebersdorf ^<60705>;-
2016;Eichberg ^<60716>;-
2016;Friedberg ^<60706>;-
2016;Grafendorf bei Hartberg ^<60707>;-
2016;Greinbach ^<60708>;-
2016;Großhart ^<60709>;-
2016;Hartberg ^<60710>;-
2016;Hartberg Umgebung ^<60711>;-
2016;Hartl ^<60712>;-
2016;Hofkirchen bei Hartberg ^<60713>;-
2016;Kaibing ^<60714>;-
2016;Kaindorf ^<60715>;-
2016;Lafnitz ^<60717>;-
2016;Limbach bei Neudau ^<60718>;-
2016;Mönichwald ^<60719>;-
2016;Neudau ^<60720>;-
2016;Pinggau ^<60721>;-
2016;Pöllau ^<60722>;-
2016;Pöllauberg ^<60723>;-
2016;Puchegg ^<60724>;-
2016;Rabenwald ^<60725>;-
2016;Riegersberg ^<60726>;-
2016;Rohr bei Hartberg ^<60727>;-
2016;Rohrbach an der Lafnitz ^<60728>;-
2016;Saifen-Boden ^<60729>;-
2016;Sankt Jakob im Walde ^<60730>;-
2016;Sankt Johann bei Herberstein ^<60731>;-
2016;Sankt Johann in der Haide ^<60732>;-
2016;Sankt Lorenzen am Wechsel ^<60733>;-
2016;Sankt Magdalena am Lemberg ^<60734>;-
2016;Schachen bei Vorau ^<60735>;-
2016;Schäffern ^<60736>;-
2016;Schlag bei Thalberg ^<60737>;-
2016;Schönegg bei Pöllau ^<60738>;-
2016;Sebersdorf ^<60739>;-
2016;Siegersdorf bei Herberstein ^<60740>;-
2016;Sonnhofen ^<60741>;-
2016;Stambach ^<60742>;-
2016;Stubenberg ^<60743>;-
2016;Tiefenbach bei Kaindorf ^<60744>;-
2016;Vorau ^<60745>;-
2016;Vornholz ^<60746>;-
2016;Waldbach ^<60747>;-
2016;Wenigzell ^<60749>;-
2016;Wörth an der Lafnitz ^<60750>;-
2016;Altenmarkt bei Fürstenfeld ^<62201>;-
2016;Bad Blumau <62202>;1624
2016;Bad Waltersdorf ^<62203>;-
2016;Bad Waltersdorf <62264>;3799,875
2016;Blaindorf ^<62204>;-
2016;Buch-St. Magdalena <62205>;2186,875
2016;Burgau <62206>;1055,625
2016;Dechantskirchen ^<62207>;-
2016;Dechantskirchen <62265>;2042,875
2016;Dienersdorf ^<62208>;-
2016;Ebersdorf <62209>;1254
2016;Eichberg ^<62210>;-
2016;Feistritztal <62266>;2451
2016;Friedberg <62211>;2577
2016;Fürstenfeld ^<62212>;-
2016;Fürstenfeld ^<62267>;8460,5
2016;Fürstenfeld <62280>;-
2016;Grafendorf bei Hartberg ^<62213>;-
2016;Grafendorf bei Hartberg <62268>;3119,375
2016;Greinbach <62214>;1822,125
2016;Großhart ^<62215>;-
2016;Großsteinbach <62216>;1260,5
2016;Großwilfersdorf ^<62217>;-
2016;Großwilfersdorf <62269>;2099,5
2016;Hainersdorf ^<62218>;-
2016;Hartberg <62219>;6561,875
2016;Hartberg Umgebung <62220>;2248,25
2016;Hartl ^<62221>;-
2016;Hartl <62270>;2130,375
2016;Hofkirchen bei Hartberg ^<62222>;-
2016;Ilz ^<62223>;-
2016;Ilz <62271>;3726,125
2016;Kaibing ^<62224>;-
2016;Kaindorf ^<62225>;-
2016;Kaindorf <62272>;2921,5
2016;Lafnitz <62226>;1461,5
2016;Limbach bei Neudau ^<62227>;-
2016;Loipersdorf bei Fürstenfeld ^<62228>;-
2016;Bad Loipersdorf <62273>;1898,375
2016;Mönichwald ^<62229>;-
2016;Nestelbach im Ilztal ^<62230>;-
2016;Neudau ^<62231>;-
2016;Neudau <62274>;1462,375
2016;Ottendorf an der Rittschein <62232>;1563,375
2016;Pinggau <62233>;3196,75
2016;Pöllau ^<62234>;-
2016;Pöllau <62275>;6057,25
2016;Pöllauberg <62235>;2084,75
2016;Puchegg ^<62236>;-
2016;Rabenwald ^<62237>;-
2016;Riegersberg ^<62238>;-
2016;Rohr bei Hartberg ^<62239>;-
2016;Rohr bei Hartberg <62276>;1462,875
2016;Rohrbach an der Lafnitz ^<62240>;-
2016;Rohrbach an der Lafnitz <62277>;2695,25
2016;Saifen-Boden ^<62241>;-
2016;Sankt Jakob im Walde <62242>;1048,75
2016;Sankt Johann bei Herberstein ^<62243>;-
2016;Sankt Johann in der Haide <62244>;2132
2016;Sankt Lorenzen am Wechsel <62245>;1502,125
2016;Schachen bei Vorau ^<62246>;-
2016;Schäffern <62247>;1421,625
2016;Schlag bei Thalberg ^<62248>;-
2016;Schönegg bei Pöllau ^<62249>;-
2016;Sebersdorf ^<62250>;-
2016;Siegersdorf bei Herberstein ^<62251>;-
2016;Söchau ^<62252>;1412,625
2016;Sonnhofen ^<62253>;-
2016;Stambach ^<62254>;-
2016;Stein ^<62255>;-
2016;Stubenberg <62256>;2204
2016;Tiefenbach bei Kaindorf ^<62257>;-
2016;Übersbach ^<62258>;-
2016;Vorau ^<62259>;-
2016;Vorau <62278>;4770,125
2016;Vornholz ^<62260>;-
2016;Waldbach ^<62261>;-
2016;Waldbach-Mönichwald <62279>;1537,75
2016;Wenigzell <62262>;1417
2016;Wörth an der Lafnitz ^<62263>;-
2016;Amering ^<60801>;-
2016;Bretstein ^<60802>;-
2016;Eppenstein ^<60803>;-
2016;Fohnsdorf ^<60804>;-
2016;Hohentauern ^<60805>;-
2016;Judenburg ^<60806>;-
2016;Maria Buch-Feistritz ^<60809>;-
2016;Obdach ^<60810>;-
2016;Oberkurzheim ^<60811>;-
2016;Oberweg ^<60812>;-
2016;Oberzeiring ^<60813>;-
2016;Pöls ^<60814>;-
2016;Pusterwald ^<60815>;-
2016;Reifling ^<60816>;-
2016;Reisstraße ^<60817>;-
2016;Sankt Anna am Lavantegg ^<60808>;-
2016;Sankt Georgen ob Judenburg ^<60818>;-
2016;Sankt Johann am Tauern ^<60819>;-
2016;Sankt Oswald-Möderbrugg ^<60820>;-
2016;Sankt Peter ob Judenburg ^<60821>;-
2016;Sankt Wolfgang-Kienberg ^<60807>;-
2016;Unzmarkt-Frauenburg ^<60822>;-
2016;Weißkirchen in Steiermark ^<60823>;-
2016;Zeltweg ^<60824>;-
2016;Apfelberg ^<60901>;-
2016;Feistritz bei Knittelfeld ^<60902>;-
2016;Flatschach ^<60903>;-
2016;Gaal ^<60904>;-
2016;Großlobming ^<60905>;-
2016;Kleinlobming ^<60906>;-
2016;Knittelfeld ^<60907>;-
2016;Kobenz ^<60908>;-
2016;Rachau ^<60909>;-
2016;Sankt Lorenzen bei Knittelfeld ^<60910>;-
2016;Sankt Marein bei Knittelfeld ^<60911>;-
2016;Sankt Margarethen bei Knittelfeld ^<60912>;-
2016;Seckau ^<60913>;-
2016;Spielberg bei Knittelfeld ^<60914>;-
2017;Aflenz Kurort ^<60201>;-
2017;Aflenz Land ^<60202>;-
2017;Breitenau am Hochlantsch ^<60203>;-
2017;Bruck an der Mur ^<60204>;-
2017;Etmißl ^<60205>;-
2017;Frauenberg ^<60206>;-
2017;Gußwerk ^<60207>;-
2017;Halltal ^<60208>;-
2017;Kapfenberg ^<60209>;-
2017;Mariazell ^<60210>;-
2017;Oberaich ^<60211>;-
2017;Parschlug ^<60212>;-
2017;Pernegg an der Mur ^<60213>;-
2017;Sankt Ilgen ^<60214>;-
2017;Sankt Katharein an der Laming ^<60215>;-
2017;Sankt Lorenzen im Mürztal ^<60216>;-
2017;Sankt Marein im Mürztal ^<60217>;-
2017;Sankt Sebastian ^<60218>;-
2017;Thörl ^<60219>;-
2017;Tragöß ^<60220>;-
2017;Turnau ^<60221>;-
2017;Aflenz  <62138>;2421,25
2017;Aflenz Kurort ^<62101>;-
2017;Aflenz Land ^<62102>;-
2017;Allerheiligen im Mürztal ^<62103>;-
2017;Altenberg an der Rax ^<62104>;-
2017;Breitenau am Hochlantsch <62105>;1713
2017;Bruck an der Mur ^<62106>;-
2017;Bruck an der Mur <62139>;15872,625
2017;Etmißl ^<62107>;-
2017;Frauenberg ^<62108>;-
2017;Ganz ^<62109>;-
2017;Gußwerk ^<62110>;-
2017;Halltal ^<62111>;-
2017;Kapellen ^<62112>;-
2017;Kapfenberg ^<62113>;-
2017;Kapfenberg <62140>;22896,75
2017;Kindberg ^<62114>;-
2017;Kindberg <62141>;8143,875
2017;Krieglach <62115>;5296,875
2017;Langenwang <62116>;3869,25
2017;Mariazell ^<62117>;-
2017;Mariazell <62142>;3849,375
2017;Mitterdorf im Mürztal ^<62118>;-
2017;Mürzhofen ^<62119>;-
2017;Mürzsteg ^<62120>;-
2017;Mürzzuschlag ^<62121>;-
2017;Mürzzuschlag <62143>;8569
2017;Neuberg an der Mürz ^<62122>;-
2017;Neuberg an der Mürz <62144>;2558,5
2017;Oberaich ^<62123>;-
2017;Parschlug ^<62124>;-
2017;Pernegg an der Mur <62125>;2368,5
2017;Sankt Barbara im Mürztal <62145>;6605,5
2017;Sankt Ilgen ^<62126>;-
2017;Sankt Katharein an der Laming ^<62127>;-
2017;Sankt Lorenzen im Mürztal <62128>;3596,875
2017;Sankt Marein im Mürztal ^<62129>;-
2017;Sankt Marein im Mürztal <62146>;2693,25
2017;Sankt Sebastian ^<62130>;-
2017;Spital am Semmering <62131>;1540,875
2017;Stanz im Mürztal <62132>;1823,5
2017;Thörl ^<62133>;-
2017;Thörl <62147>;2313,5
2017;Tragöß ^<62134>;-
2017;Tragöß-Sankt Katharein <62148>;1883,875
2017;Turnau <62135>;1551,75
2017;Veitsch ^<62136>;-
2017;Wartberg im Mürztal ^<62137>;-
2017;Aibl ^<60301>;-
2017;Bad Gams ^<60307>;-
2017;Bad Schwanberg <60349>;4590,625
2017;Deutschlandsberg ^<60302>;-
2017;Deutschlandsberg <60344>;11635,25
2017;Eibiswald ^<60303>;-
2017;Eibiswald <60345>;6540
2017;Feldbaum ^<60304>;-
2017;Frauental an der Laßnitz <60305>;2864,75
2017;Freiland bei Deutschlandsberg ^<60306>;-
2017;Garanas ^<60308>;-
2017;Georgsberg ^<60309>;-
2017;Greisdorf ^<60310>;-
2017;Gressenberg ^<60311>;-
2017;Groß Sankt Florian ^<60312>;-
2017;Groß Sankt Florian <60346>;4183,875
2017;Großradl ^<60313>;-
2017;Gundersdorf ^<60314>;-
2017;Hollenegg ^<60315>;-
2017;Kloster ^<60316>;-
2017;Kruckenberg ^<60317>;-
2017;Lannach <60318>;3441,625
2017;Limberg bei Wies ^<60319>;-
2017;Marhof ^<60320>;-
2017;Osterwitz ^<60321>;-
2017;Pitschgau ^<60322>;-
2017;Pölfing-Brunn <60323>;1631,125
2017;Preding <60324>;1760
2017;Rassach ^<60325>;-
2017;Sankt Josef (Weststeiermark) <60326>;1572,625
2017;Sankt Martin im Sulmtal ^<60327>;-
2017;Sankt Martin im Sulmtal <60347>;3055
2017;Sankt Oswald ob Eibiswald ^<60328>;-
2017;Sankt Peter im Sulmtal <60329>;1285,25
2017;Sankt Stefan ob Stainz ^<60330>;-
2017;Sankt Stefan ob Stainz <60348>;3569,75
2017;Schwanberg ^<60331>;-
2017;Soboth ^<60332>;-
2017;Stainz ^<60333>;-
2017;Stainz <60350>;8644,375
2017;Stainztal ^<60334>;-
2017;Stallhof ^<60335>;-
2017;Sulmeck-Greith ^<60336>;-
2017;Sulz-Laufenegg ^<60337>;-
2017;Trahütten ^<60338>;-
2017;Unterbergla ^<60339>;-
2017;Wernersdorf ^<60340>;-
2017;Wettmannstätten <60341>;1609,75
2017;Wielfresen ^<60342>;-
2017;Wies ^<60343>;-
2017;Wies <60351>;4404
2017;Auersbach ^<60401>;-
2017;Aug-Radisch ^<60402>;-
2017;Bad Gleichenberg ^<60403>;-
2017;Bairisch Kölldorf ^<60404>;-
2017;Baumgarten bei Gnas ^<60405>;-
2017;Breitenfeld an der Rittschein ^<60406>;-
2017;Edelsbach bei Feldbach ^<60407>;-
2017;Edelstauden ^<60408>;-
2017;Eichkögl ^<60409>;-
2017;Fehring ^<60410>;-
2017;Feldbach ^<60411>;-
2017;Fladnitz im Raabtal ^<60412>;-
2017;Frannach ^<60413>;-
2017;Frutten-Gießelsdorf ^<60414>;-
2017;Glojach ^<60415>;-
2017;Gnas ^<60416>;-
2017;Gniebing-Weißenbach ^<60417>;-
2017;Gossendorf ^<60418>;-
2017;Grabersdorf ^<60419>;-
2017;Hatzendorf ^<60420>;-
2017;Hohenbrugg-Weinberg ^<60421>;-
2017;Jagerberg ^<60422>;-
2017;Johnsdorf-Brunn ^<60423>;-
2017;Kapfenstein ^<60424>;-
2017;Kirchbach in Steiermark ^<60425>;-
2017;Kirchberg an der Raab ^<60426>;-
2017;Kohlberg ^<60427>;-
2017;Kornberg bei Riegersburg ^<60428>;-
2017;Krusdorf ^<60429>;-
2017;Leitersdorf im Raabtal ^<60430>;-
2017;Lödersdorf ^<60431>;-
2017;Maierdorf ^<60432>;-
2017;Merkendorf ^<60433>;-
2017;Mitterlabill ^<60434>;-
2017;Mühldorf bei Feldbach ^<60435>;-
2017;Oberdorf am Hochegg ^<60436>;-
2017;Oberstorcha ^<60437>;-
2017;Paldau ^<60438>;-
2017;Perlsdorf ^<60439>;-
2017;Pertlstein ^<60440>;-
2017;Petersdorf II ^<60441>;-
2017;Pirching am Traubenberg ^<60442>;-
2017;Poppendorf ^<60443>;-
2017;Raabau ^<60444>;-
2017;Raning ^<60445>;-
2017;Reith b.Hartmannsdorf ^<60446>;-
2017;Riegersburg ^<60447>;-
2017;Sankt Anna am Aigen ^<60448>;-
2017;Sankt Stefan im Rosental ^<60449>;-
2017;Schwarzau im Schwarzautal ^<60450>;-
2017;Stainz bei Straden ^<60451>;-
2017;Studenzen ^<60452>;-
2017;Trautmannsdorf in Oststeiermark ^<60453>;-
2017;Unterauersbach ^<60454>;-
2017;Unterlamm ^<60455>;-
2017;Zerlach ^<60456>;-
2017;Altenmarkt bei Fürstenfeld ^<60501>;-
2017;Bad Blumau ^<60502>;-
2017;Burgau ^<60503>;-
2017;Fürstenfeld ^<60504>;-
2017;Großsteinbach ^<60505>;-
2017;Großwilfersdorf ^<60506>;-
2017;Hainersdorf ^<60507>;-
2017;Ilz ^<60508>;-
2017;Loipersdorf bei Fürstenfeld ^<60509>;-
2017;Nestelbach im Ilztal ^<60510>;-
2017;Ottendorf an der Rittschein ^<60511>;-
2017;Söchau ^<60512>;-
2017;Stein ^<60513>;-
2017;Übersbach ^<60514>;-
2017;Attendorf ^<60601>;-
2017;Brodingberg ^<60602>;-
2017;Deutschfeistritz ^<60603>;-
2017;Deutschfeistritz <60659>;4274,5
2017;Dobl ^<60604>;-
2017;Dobl-Zwaring <60660>;3523,625
2017;Edelsgrub ^<60605>;-
2017;Eggersdorf bei Graz ^<60606>;-
2017;Eggersdorf bei Graz <60661>;6588,125
2017;Eisbach ^<60607>;-
2017;Feldkirchen bei Graz <60608>;6226
2017;Fernitz ^<60609>;-
2017;Fernitz-Mellach <60662>;4749,875
2017;Frohnleiten ^<60610>;-
2017;Frohnleiten <60663>;6677,625
2017;Gössendorf <60611>;3965,375
2017;Grambach ^<60612>;-
2017;Gratkorn <60613>;7876,125
2017;Gratwein ^<60614>;-
2017;Gratwein-Straßengel <60664>;12959
2017;Großstübing ^<60615>;-
2017;Gschnaidt ^<60616>;-
2017;Hart bei Graz <60617>;4954,25
2017;Hart-Purgstall ^<60634>;-
2017;Haselsdorf-Tobelbad <60618>;1394,125
2017;Hausmannstätten <60619>;3207,875
2017;Hitzendorf ^<60620>;-
2017;Hitzendorf <60665>;7111,875
2017;Höf-Präbach ^<60621>;-
2017;Judendorf-Straßengel ^<60622>;-
2017;Kainbach bei Graz <60623>;2796,5
2017;Kalsdorf bei Graz <60624>;6730
2017;Krumegg ^<60625>;-
2017;Kumberg <60626>;3846,75
2017;Langegg bei Graz ^<60627>;-
2017;Laßnitzhöhe <60628>;2755
2017;Lieboch <60629>;5063,75
2017;Mellach ^<60630>;-
2017;Nestelbach bei Graz ^<60631>;-
2017;Nestelbach bei Graz <60666>;2657,75
2017;Peggau <60632>;2212,375
2017;Pirka ^<60633>;-
2017;Premstätten <60670>;5986,5
2017;Raaba ^<60635>;-
2017;Raaba-Grambach <60667>;4375,125
2017;Rohrbach-Steinberg ^<60637>;-
2017;Röthelstein ^<60636>;-
2017;Rothleiten ^<60638>;-
2017;Sankt Bartholomä <60639>;1421,5
2017;Sankt Marein bei Graz ^<60640>;-
2017;Sankt Marein bei Graz <60668>;3644,125
2017;Sankt Oswald bei Plankenwarth <60641>;1226,875
2017;Sankt Radegund bei Graz <60642>;2149,25
2017;Schrems bei Frohnleiten ^<60643>;-
2017;Seiersberg ^<60644>;-
2017;Seiersberg-Pirka <60669>;11112,5
2017;Semriach <60645>;3327,875
2017;Stattegg <60646>;2878,375
2017;Stiwoll <60647>;723
2017;Thal <60648>;2268,625
2017;Tulwitz ^<60649>;-
2017;Tyrnau ^<60650>;-
2017;Übelbach <60651>;2026,75
2017;Unterpremstätten ^<60652>;-
2017;Vasoldsberg <60653>;4547,5
2017;Weinitzen <60654>;2625,625
2017;Werndorf <60655>;2348,5
2017;Wundschuh <60656>;1588,125
2017;Zettling ^<60657>;-
2017;Zwaring-Pöls ^<60658>;-
2017;Bad Waltersdorf ^<60748>;-
2017;Blaindorf ^<60701>;-
2017;Buch-Geiseldorf ^<60702>;-
2017;Dechantskirchen ^<60703>;-
2017;Dienersdorf ^<60704>;-
2017;Ebersdorf ^<60705>;-
2017;Eichberg ^<60716>;-
2017;Friedberg ^<60706>;-
2017;Grafendorf bei Hartberg ^<60707>;-
2017;Greinbach ^<60708>;-
2017;Großhart ^<60709>;-
2017;Hartberg ^<60710>;-
2017;Hartberg Umgebung ^<60711>;-
2017;Hartl ^<60712>;-
2017;Hofkirchen bei Hartberg ^<60713>;-
2017;Kaibing ^<60714>;-
2017;Kaindorf ^<60715>;-
2017;Lafnitz ^<60717>;-
2017;Limbach bei Neudau ^<60718>;-
2017;Mönichwald ^<60719>;-
2017;Neudau ^<60720>;-
2017;Pinggau ^<60721>;-
2017;Pöllau ^<60722>;-
2017;Pöllauberg ^<60723>;-
2017;Puchegg ^<60724>;-
2017;Rabenwald ^<60725>;-
2017;Riegersberg ^<60726>;-
2017;Rohr bei Hartberg ^<60727>;-
2017;Rohrbach an der Lafnitz ^<60728>;-
2017;Saifen-Boden ^<60729>;-
2017;Sankt Jakob im Walde ^<60730>;-
2017;Sankt Johann bei Herberstein ^<60731>;-
2017;Sankt Johann in der Haide ^<60732>;-
2017;Sankt Lorenzen am Wechsel ^<60733>;-
2017;Sankt Magdalena am Lemberg ^<60734>;-
2017;Schachen bei Vorau ^<60735>;-
2017;Schäffern ^<60736>;-
2017;Schlag bei Thalberg ^<60737>;-
2017;Schönegg bei Pöllau ^<60738>;-
2017;Sebersdorf ^<60739>;-
2017;Siegersdorf bei Herberstein ^<60740>;-
2017;Sonnhofen ^<60741>;-
2017;Stambach ^<60742>;-
2017;Stubenberg ^<60743>;-
2017;Tiefenbach bei Kaindorf ^<60744>;-
2017;Vorau ^<60745>;-
2017;Vornholz ^<60746>;-
2017;Waldbach ^<60747>;-
2017;Wenigzell ^<60749>;-
2017;Wörth an der Lafnitz ^<60750>;-
2017;Altenmarkt bei Fürstenfeld ^<62201>;-
2017;Bad Blumau <62202>;1638,625
2017;Bad Waltersdorf ^<62203>;-
2017;Bad Waltersdorf <62264>;3778,875
2017;Blaindorf ^<62204>;-
2017;Buch-St. Magdalena <62205>;2172
2017;Burgau <62206>;1045,875
2017;Dechantskirchen ^<62207>;-
2017;Dechantskirchen <62265>;2038,625
2017;Dienersdorf ^<62208>;-
2017;Ebersdorf <62209>;1265,25
2017;Eichberg ^<62210>;-
2017;Feistritztal <62266>;2446,125
2017;Friedberg <62211>;2583,875
2017;Fürstenfeld ^<62212>;-
2017;Fürstenfeld ^<62267>;8482,375
2017;Fürstenfeld <62280>;-
2017;Grafendorf bei Hartberg ^<62213>;-
2017;Grafendorf bei Hartberg <62268>;3096,625
2017;Greinbach <62214>;1800,625
2017;Großhart ^<62215>;-
2017;Großsteinbach <62216>;1251,25
2017;Großwilfersdorf ^<62217>;-
2017;Großwilfersdorf <62269>;2077,125
2017;Hainersdorf ^<62218>;-
2017;Hartberg <62219>;6599,625
2017;Hartberg Umgebung <62220>;2235,875
2017;Hartl ^<62221>;-
2017;Hartl <62270>;2129,875
2017;Hofkirchen bei Hartberg ^<62222>;-
2017;Ilz ^<62223>;-
2017;Ilz <62271>;3732,5
2017;Kaibing ^<62224>;-
2017;Kaindorf ^<62225>;-
2017;Kaindorf <62272>;2950,375
2017;Lafnitz <62226>;1467,125
2017;Limbach bei Neudau ^<62227>;-
2017;Loipersdorf bei Fürstenfeld ^<62228>;-
2017;Bad Loipersdorf <62273>;1886,375
2017;Mönichwald ^<62229>;-
2017;Nestelbach im Ilztal ^<62230>;-
2017;Neudau ^<62231>;-
2017;Neudau <62274>;1476
2017;Ottendorf an der Rittschein <62232>;1554,625
2017;Pinggau <62233>;3170
2017;Pöllau ^<62234>;-
2017;Pöllau <62275>;6058,625
2017;Pöllauberg <62235>;2061,75
2017;Puchegg ^<62236>;-
2017;Rabenwald ^<62237>;-
2017;Riegersberg ^<62238>;-
2017;Rohr bei Hartberg ^<62239>;-
2017;Rohr bei Hartberg <62276>;1461,375
2017;Rohrbach an der Lafnitz ^<62240>;-
2017;Rohrbach an der Lafnitz <62277>;2635,625
2017;Saifen-Boden ^<62241>;-
2017;Sankt Jakob im Walde <62242>;1047,5
2017;Sankt Johann bei Herberstein ^<62243>;-
2017;Sankt Johann in der Haide <62244>;2157
2017;Sankt Lorenzen am Wechsel <62245>;1494,375
2017;Schachen bei Vorau ^<62246>;-
2017;Schäffern <62247>;1384,625
2017;Schlag bei Thalberg ^<62248>;-
2017;Schönegg bei Pöllau ^<62249>;-
2017;Sebersdorf ^<62250>;-
2017;Siegersdorf bei Herberstein ^<62251>;-
2017;Söchau ^<62252>;1414,75
2017;Sonnhofen ^<62253>;-
2017;Stambach ^<62254>;-
2017;Stein ^<62255>;-
2017;Stubenberg <62256>;2167,375
2017;Tiefenbach bei Kaindorf ^<62257>;-
2017;Übersbach ^<62258>;-
2017;Vorau ^<62259>;-
2017;Vorau <62278>;4735,875
2017;Vornholz ^<62260>;-
2017;Waldbach ^<62261>;-
2017;Waldbach-Mönichwald <62279>;1533,875
2017;Wenigzell <62262>;1399,75
2017;Wörth an der Lafnitz ^<62263>;-
2017;Amering ^<60801>;-
2017;Bretstein ^<60802>;-
2017;Eppenstein ^<60803>;-
2017;Fohnsdorf ^<60804>;-
2017;Hohentauern ^<60805>;-
2017;Judenburg ^<60806>;-
2017;Maria Buch-Feistritz ^<60809>;-
2017;Obdach ^<60810>;-
2017;Oberkurzheim ^<60811>;-
2017;Oberweg ^<60812>;-
2017;Oberzeiring ^<60813>;-
2017;Pöls ^<60814>;-
2017;Pusterwald ^<60815>;-
2017;Reifling ^<60816>;-
2017;Reisstraße ^<60817>;-
2017;Sankt Anna am Lavantegg ^<60808>;-
2017;Sankt Georgen ob Judenburg ^<60818>;-
2017;Sankt Johann am Tauern ^<60819>;-
2017;Sankt Oswald-Möderbrugg ^<60820>;-
2017;Sankt Peter ob Judenburg ^<60821>;-
2017;Sankt Wolfgang-Kienberg ^<60807>;-
2017;Unzmarkt-Frauenburg ^<60822>;-
2017;Weißkirchen in Steiermark ^<60823>;-
2017;Zeltweg ^<60824>;-
2017;Apfelberg ^<60901>;-
2017;Feistritz bei Knittelfeld ^<60902>;-
2017;Flatschach ^<60903>;-
2017;Gaal ^<60904>;-
2017;Großlobming ^<60905>;-
2017;Kleinlobming ^<60906>;-
2017;Knittelfeld ^<60907>;-
2017;Kobenz ^<60908>;-
2017;Rachau ^<60909>;-
2017;Sankt Lorenzen bei Knittelfeld ^<60910>;-
2017;Sankt Marein bei Knittelfeld ^<60911>;-
2017;Sankt Margarethen bei Knittelfeld ^<60912>;-
2017;Seckau ^<60913>;-
2017;Spielberg bei Knittelfeld ^<60914>;-
2018;Aflenz Kurort ^<60201>;-
2018;Aflenz Land ^<60202>;-
2018;Breitenau am Hochlantsch ^<60203>;-
2018;Bruck an der Mur ^<60204>;-
2018;Etmißl ^<60205>;-
2018;Frauenberg ^<60206>;-
2018;Gußwerk ^<60207>;-
2018;Halltal ^<60208>;-
2018;Kapfenberg ^<60209>;-
2018;Mariazell ^<60210>;-
2018;Oberaich ^<60211>;-
2018;Parschlug ^<60212>;-
2018;Pernegg an der Mur ^<60213>;-
2018;Sankt Ilgen ^<60214>;-
2018;Sankt Katharein an der Laming ^<60215>;-
2018;Sankt Lorenzen im Mürztal ^<60216>;-
2018;Sankt Marein im Mürztal ^<60217>;-
2018;Sankt Sebastian ^<60218>;-
2018;Thörl ^<60219>;-
2018;Tragöß ^<60220>;-
2018;Turnau ^<60221>;-
2018;Aflenz  <62138>;2434,625
2018;Aflenz Kurort ^<62101>;-
2018;Aflenz Land ^<62102>;-
2018;Allerheiligen im Mürztal ^<62103>;-
2018;Altenberg an der Rax ^<62104>;-
2018;Breitenau am Hochlantsch <62105>;1695,75
2018;Bruck an der Mur ^<62106>;-
2018;Bruck an der Mur <62139>;15859
2018;Etmißl ^<62107>;-
2018;Frauenberg ^<62108>;-
2018;Ganz ^<62109>;-
2018;Gußwerk ^<62110>;-
2018;Halltal ^<62111>;-
2018;Kapellen ^<62112>;-
2018;Kapfenberg ^<62113>;-
2018;Kapfenberg <62140>;22787,375
2018;Kindberg ^<62114>;-
2018;Kindberg <62141>;8112,625
2018;Krieglach <62115>;5314,5
2018;Langenwang <62116>;3867,875
2018;Mariazell ^<62117>;-
2018;Mariazell <62142>;3773,875
2018;Mitterdorf im Mürztal ^<62118>;-
2018;Mürzhofen ^<62119>;-
2018;Mürzsteg ^<62120>;-
2018;Mürzzuschlag ^<62121>;-
2018;Mürzzuschlag <62143>;8587,875
2018;Neuberg an der Mürz ^<62122>;-
2018;Neuberg an der Mürz <62144>;2486,75
2018;Oberaich ^<62123>;-
2018;Parschlug ^<62124>;-
2018;Pernegg an der Mur <62125>;2350,375
2018;Sankt Barbara im Mürztal <62145>;6571,375
2018;Sankt Ilgen ^<62126>;-
2018;Sankt Katharein an der Laming ^<62127>;-
2018;Sankt Lorenzen im Mürztal <62128>;3606
2018;Sankt Marein im Mürztal ^<62129>;-
2018;Sankt Marein im Mürztal <62146>;2706,125
2018;Sankt Sebastian ^<62130>;-
2018;Spital am Semmering <62131>;1510,375
2018;Stanz im Mürztal <62132>;1834,875
2018;Thörl ^<62133>;-
2018;Thörl <62147>;2272,5
2018;Tragöß ^<62134>;-
2018;Tragöß-Sankt Katharein <62148>;1884,75
2018;Turnau <62135>;1577,75
2018;Veitsch ^<62136>;-
2018;Wartberg im Mürztal ^<62137>;-
2018;Aibl ^<60301>;-
2018;Bad Gams ^<60307>;-
2018;Bad Schwanberg <60349>;4566,625
2018;Deutschlandsberg ^<60302>;-
2018;Deutschlandsberg <60344>;11646,875
2018;Eibiswald ^<60303>;-
2018;Eibiswald <60345>;6461,375
2018;Feldbaum ^<60304>;-
2018;Frauental an der Laßnitz <60305>;2895,625
2018;Freiland bei Deutschlandsberg ^<60306>;-
2018;Garanas ^<60308>;-
2018;Georgsberg ^<60309>;-
2018;Greisdorf ^<60310>;-
2018;Gressenberg ^<60311>;-
2018;Groß Sankt Florian ^<60312>;-
2018;Groß Sankt Florian <60346>;4157,75
2018;Großradl ^<60313>;-
2018;Gundersdorf ^<60314>;-
2018;Hollenegg ^<60315>;-
2018;Kloster ^<60316>;-
2018;Kruckenberg ^<60317>;-
2018;Lannach <60318>;3474
2018;Limberg bei Wies ^<60319>;-
2018;Marhof ^<60320>;-
2018;Osterwitz ^<60321>;-
2018;Pitschgau ^<60322>;-
2018;Pölfing-Brunn <60323>;1621,5
2018;Preding <60324>;1764,125
2018;Rassach ^<60325>;-
2018;Sankt Josef (Weststeiermark) <60326>;1616,875
2018;Sankt Martin im Sulmtal ^<60327>;-
2018;Sankt Martin im Sulmtal <60347>;3067,5
2018;Sankt Oswald ob Eibiswald ^<60328>;-
2018;Sankt Peter im Sulmtal <60329>;1254,75
2018;Sankt Stefan ob Stainz ^<60330>;-
2018;Sankt Stefan ob Stainz <60348>;3580,625
2018;Schwanberg ^<60331>;-
2018;Soboth ^<60332>;-
2018;Stainz ^<60333>;-
2018;Stainz <60350>;8656,25
2018;Stainztal ^<60334>;-
2018;Stallhof ^<60335>;-
2018;Sulmeck-Greith ^<60336>;-
2018;Sulz-Laufenegg ^<60337>;-
2018;Trahütten ^<60338>;-
2018;Unterbergla ^<60339>;-
2018;Wernersdorf ^<60340>;-
2018;Wettmannstätten <60341>;1603,75
2018;Wielfresen ^<60342>;-
2018;Wies ^<60343>;-
2018;Wies <60351>;4405,75
2018;Auersbach ^<60401>;-
2018;Aug-Radisch ^<60402>;-
2018;Bad Gleichenberg ^<60403>;-
2018;Bairisch Kölldorf ^<60404>;-
2018;Baumgarten bei Gnas ^<60405>;-
2018;Breitenfeld an der Rittschein ^<60406>;-
2018;Edelsbach bei Feldbach ^<60407>;-
2018;Edelstauden ^<60408>;-
2018;Eichkögl ^<60409>;-
2018;Fehring ^<60410>;-
2018;Feldbach ^<60411>;-
2018;Fladnitz im Raabtal ^<60412>;-
2018;Frannach ^<60413>;-
2018;Frutten-Gießelsdorf ^<60414>;-
2018;Glojach ^<60415>;-
2018;Gnas ^<60416>;-
2018;Gniebing-Weißenbach ^<60417>;-
2018;Gossendorf ^<60418>;-
2018;Grabersdorf ^<60419>;-
2018;Hatzendorf ^<60420>;-
2018;Hohenbrugg-Weinberg ^<60421>;-
2018;Jagerberg ^<60422>;-
2018;Johnsdorf-Brunn ^<60423>;-
2018;Kapfenstein ^<60424>;-
2018;Kirchbach in Steiermark ^<60425>;-
2018;Kirchberg an der Raab ^<60426>;-
2018;Kohlberg ^<60427>;-
2018;Kornberg bei Riegersburg ^<60428>;-
2018;Krusdorf ^<60429>;-
2018;Leitersdorf im Raabtal ^<60430>;-
2018;Lödersdorf ^<60431>;-
2018;Maierdorf ^<60432>;-
2018;Merkendorf ^<60433>;-
2018;Mitterlabill ^<60434>;-
2018;Mühldorf bei Feldbach ^<60435>;-
2018;Oberdorf am Hochegg ^<60436>;-
2018;Oberstorcha ^<60437>;-
2018;Paldau ^<60438>;-
2018;Perlsdorf ^<60439>;-
2018;Pertlstein ^<60440>;-
2018;Petersdorf II ^<60441>;-
2018;Pirching am Traubenberg ^<60442>;-
2018;Poppendorf ^<60443>;-
2018;Raabau ^<60444>;-
2018;Raning ^<60445>;-
2018;Reith b.Hartmannsdorf ^<60446>;-
2018;Riegersburg ^<60447>;-
2018;Sankt Anna am Aigen ^<60448>;-
2018;Sankt Stefan im Rosental ^<60449>;-
2018;Schwarzau im Schwarzautal ^<60450>;-
2018;Stainz bei Straden ^<60451>;-
2018;Studenzen ^<60452>;-
2018;Trautmannsdorf in Oststeiermark ^<60453>;-
2018;Unterauersbach ^<60454>;-
2018;Unterlamm ^<60455>;-
2018;Zerlach ^<60456>;-
2018;Altenmarkt bei Fürstenfeld ^<60501>;-
2018;Bad Blumau ^<60502>;-
2018;Burgau ^<60503>;-
2018;Fürstenfeld ^<60504>;-
2018;Großsteinbach ^<60505>;-
2018;Großwilfersdorf ^<60506>;-
2018;Hainersdorf ^<60507>;-
2018;Ilz ^<60508>;-
2018;Loipersdorf bei Fürstenfeld ^<60509>;-
2018;Nestelbach im Ilztal ^<60510>;-
2018;Ottendorf an der Rittschein ^<60511>;-
2018;Söchau ^<60512>;-
2018;Stein ^<60513>;-
2018;Übersbach ^<60514>;-
2018;Attendorf ^<60601>;-
2018;Brodingberg ^<60602>;-
2018;Deutschfeistritz ^<60603>;-
2018;Deutschfeistritz <60659>;4359
2018;Dobl ^<60604>;-
2018;Dobl-Zwaring <60660>;3542,25
2018;Edelsgrub ^<60605>;-
2018;Eggersdorf bei Graz ^<60606>;-
2018;Eggersdorf bei Graz <60661>;6650,625
2018;Eisbach ^<60607>;-
2018;Feldkirchen bei Graz <60608>;6412,75
2018;Fernitz ^<60609>;-
2018;Fernitz-Mellach <60662>;4818,875
2018;Frohnleiten ^<60610>;-
2018;Frohnleiten <60663>;6595,5
2018;Gössendorf <60611>;4023,25
2018;Grambach ^<60612>;-
2018;Gratkorn <60613>;7943,625
2018;Gratwein ^<60614>;-
2018;Gratwein-Straßengel <60664>;12968,125
2018;Großstübing ^<60615>;-
2018;Gschnaidt ^<60616>;-
2018;Hart bei Graz <60617>;5062
2018;Hart-Purgstall ^<60634>;-
2018;Haselsdorf-Tobelbad <60618>;1477,75
2018;Hausmannstätten <60619>;3333,75
2018;Hitzendorf ^<60620>;-
2018;Hitzendorf <60665>;7120,75
2018;Höf-Präbach ^<60621>;-
2018;Judendorf-Straßengel ^<60622>;-
2018;Kainbach bei Graz <60623>;2827
2018;Kalsdorf bei Graz <60624>;7049
2018;Krumegg ^<60625>;-
2018;Kumberg <60626>;3877,375
2018;Langegg bei Graz ^<60627>;-
2018;Laßnitzhöhe <60628>;2799,375
2018;Lieboch <60629>;5139,625
2018;Mellach ^<60630>;-
2018;Nestelbach bei Graz ^<60631>;-
2018;Nestelbach bei Graz <60666>;2651,25
2018;Peggau <60632>;2223,125
2018;Pirka ^<60633>;-
2018;Premstätten <60670>;6147,125
2018;Raaba ^<60635>;-
2018;Raaba-Grambach <60667>;4473,375
2018;Rohrbach-Steinberg ^<60637>;-
2018;Röthelstein ^<60636>;-
2018;Rothleiten ^<60638>;-
2018;Sankt Bartholomä <60639>;1439,25
2018;Sankt Marein bei Graz ^<60640>;-
2018;Sankt Marein bei Graz <60668>;3705,25
2018;Sankt Oswald bei Plankenwarth <60641>;1256,125
2018;Sankt Radegund bei Graz <60642>;2160,125
2018;Schrems bei Frohnleiten ^<60643>;-
2018;Seiersberg ^<60644>;-
2018;Seiersberg-Pirka <60669>;11221,625
2018;Semriach <60645>;3322,75
2018;Stattegg <60646>;2939,875
2018;Stiwoll <60647>;715,125
2018;Thal <60648>;2249,625
2018;Tulwitz ^<60649>;-
2018;Tyrnau ^<60650>;-
2018;Übelbach <60651>;2037,5
2018;Unterpremstätten ^<60652>;-
2018;Vasoldsberg <60653>;4577,5
2018;Weinitzen <60654>;2615
2018;Werndorf <60655>;2369,125
2018;Wundschuh <60656>;1595,375
2018;Zettling ^<60657>;-
2018;Zwaring-Pöls ^<60658>;-
2018;Bad Waltersdorf ^<60748>;-
2018;Blaindorf ^<60701>;-
2018;Buch-Geiseldorf ^<60702>;-
2018;Dechantskirchen ^<60703>;-
2018;Dienersdorf ^<60704>;-
2018;Ebersdorf ^<60705>;-
2018;Eichberg ^<60716>;-
2018;Friedberg ^<60706>;-
2018;Grafendorf bei Hartberg ^<60707>;-
2018;Greinbach ^<60708>;-
2018;Großhart ^<60709>;-
2018;Hartberg ^<60710>;-
2018;Hartberg Umgebung ^<60711>;-
2018;Hartl ^<60712>;-
2018;Hofkirchen bei Hartberg ^<60713>;-
2018;Kaibing ^<60714>;-
2018;Kaindorf ^<60715>;-
2018;Lafnitz ^<60717>;-
2018;Limbach bei Neudau ^<60718>;-
2018;Mönichwald ^<60719>;-
2018;Neudau ^<60720>;-
2018;Pinggau ^<60721>;-
2018;Pöllau ^<60722>;-
2018;Pöllauberg ^<60723>;-
2018;Puchegg ^<60724>;-
2018;Rabenwald ^<60725>;-
2018;Riegersberg ^<60726>;-
2018;Rohr bei Hartberg ^<60727>;-
2018;Rohrbach an der Lafnitz ^<60728>;-
2018;Saifen-Boden ^<60729>;-
2018;Sankt Jakob im Walde ^<60730>;-
2018;Sankt Johann bei Herberstein ^<60731>;-
2018;Sankt Johann in der Haide ^<60732>;-
2018;Sankt Lorenzen am Wechsel ^<60733>;-
2018;Sankt Magdalena am Lemberg ^<60734>;-
2018;Schachen bei Vorau ^<60735>;-
2018;Schäffern ^<60736>;-
2018;Schlag bei Thalberg ^<60737>;-
2018;Schönegg bei Pöllau ^<60738>;-
2018;Sebersdorf ^<60739>;-
2018;Siegersdorf bei Herberstein ^<60740>;-
2018;Sonnhofen ^<60741>;-
2018;Stambach ^<60742>;-
2018;Stubenberg ^<60743>;-
2018;Tiefenbach bei Kaindorf ^<60744>;-
2018;Vorau ^<60745>;-
2018;Vornholz ^<60746>;-
2018;Waldbach ^<60747>;-
2018;Wenigzell ^<60749>;-
2018;Wörth an der Lafnitz ^<60750>;-
2018;Altenmarkt bei Fürstenfeld ^<62201>;-
2018;Bad Blumau <62202>;1647,25
2018;Bad Waltersdorf ^<62203>;-
2018;Bad Waltersdorf <62264>;3805,875
2018;Blaindorf ^<62204>;-
2018;Buch-St. Magdalena <62205>;2168,625
2018;Burgau <62206>;1052,25
2018;Dechantskirchen ^<62207>;-
2018;Dechantskirchen <62265>;2041,25
2018;Dienersdorf ^<62208>;-
2018;Ebersdorf <62209>;1276,125
2018;Eichberg ^<62210>;-
2018;Feistritztal <62266>;2414,875
2018;Friedberg <62211>;2616
2018;Fürstenfeld ^<62212>;-
2018;Fürstenfeld ^<62267>;8577
2018;Fürstenfeld <62280>;-
2018;Grafendorf bei Hartberg ^<62213>;-
2018;Grafendorf bei Hartberg <62268>;3088,875
2018;Greinbach <62214>;1794,625
2018;Großhart ^<62215>;-
2018;Großsteinbach <62216>;1263
2018;Großwilfersdorf ^<62217>;-
2018;Großwilfersdorf <62269>;2073,625
2018;Hainersdorf ^<62218>;-
2018;Hartberg <62219>;6687,375
2018;Hartberg Umgebung <62220>;2234,25
2018;Hartl ^<62221>;-
2018;Hartl <62270>;2120,375
2018;Hofkirchen bei Hartberg ^<62222>;-
2018;Ilz ^<62223>;-
2018;Ilz <62271>;3754,75
2018;Kaibing ^<62224>;-
2018;Kaindorf ^<62225>;-
2018;Kaindorf <62272>;2945,375
2018;Lafnitz <62226>;1442,5
2018;Limbach bei Neudau ^<62227>;-
2018;Loipersdorf bei Fürstenfeld ^<62228>;-
2018;Bad Loipersdorf <62273>;1872,875
2018;Mönichwald ^<62229>;-
2018;Nestelbach im Ilztal ^<62230>;-
2018;Neudau ^<62231>;-
2018;Neudau <62274>;1504,875
2018;Ottendorf an der Rittschein <62232>;1561,5
2018;Pinggau <62233>;3173,5
2018;Pöllau ^<62234>;-
2018;Pöllau <62275>;6045,25
2018;Pöllauberg <62235>;2040,375
2018;Puchegg ^<62236>;-
2018;Rabenwald ^<62237>;-
2018;Riegersberg ^<62238>;-
2018;Rohr bei Hartberg ^<62239>;-
2018;Rohr bei Hartberg <62276>;1458
2018;Rohrbach an der Lafnitz ^<62240>;-
2018;Rohrbach an der Lafnitz <62277>;2633,5
2018;Saifen-Boden ^<62241>;-
2018;Sankt Jakob im Walde <62242>;1051,875
2018;Sankt Johann bei Herberstein ^<62243>;-
2018;Sankt Johann in der Haide <62244>;2159,625
2018;Sankt Lorenzen am Wechsel <62245>;1479,875
2018;Schachen bei Vorau ^<62246>;-
2018;Schäffern <62247>;1374,375
2018;Schlag bei Thalberg ^<62248>;-
2018;Schönegg bei Pöllau ^<62249>;-
2018;Sebersdorf ^<62250>;-
2018;Siegersdorf bei Herberstein ^<62251>;-
2018;Söchau ^<62252>;1425,75
2018;Sonnhofen ^<62253>;-
2018;Stambach ^<62254>;-
2018;Stein ^<62255>;-
2018;Stubenberg <62256>;2192,875
2018;Tiefenbach bei Kaindorf ^<62257>;-
2018;Übersbach ^<62258>;-
2018;Vorau ^<62259>;-
2018;Vorau <62278>;4715,875
2018;Vornholz ^<62260>;-
2018;Waldbach ^<62261>;-
2018;Waldbach-Mönichwald <62279>;1499,25
2018;Wenigzell <62262>;1395,875
2018;Wörth an der Lafnitz ^<62263>;-
2018;Amering ^<60801>;-
2018;Bretstein ^<60802>;-
2018;Eppenstein ^<60803>;-
2018;Fohnsdorf ^<60804>;-
2018;Hohentauern ^<60805>;-
2018;Judenburg ^<60806>;-
2018;Maria Buch-Feistritz ^<60809>;-
2018;Obdach ^<60810>;-
2018;Oberkurzheim ^<60811>;-
2018;Oberweg ^<60812>;-
2018;Oberzeiring ^<60813>;-
2018;Pöls ^<60814>;-
2018;Pusterwald ^<60815>;-
2018;Reifling ^<60816>;-
2018;Reisstraße ^<60817>;-
2018;Sankt Anna am Lavantegg ^<60808>;-
2018;Sankt Georgen ob Judenburg ^<60818>;-
2018;Sankt Johann am Tauern ^<60819>;-
2018;Sankt Oswald-Möderbrugg ^<60820>;-
2018;Sankt Peter ob Judenburg ^<60821>;-
2018;Sankt Wolfgang-Kienberg ^<60807>;-
2018;Unzmarkt-Frauenburg ^<60822>;-
2018;Weißkirchen in Steiermark ^<60823>;-
2018;Zeltweg ^<60824>;-
2018;Apfelberg ^<60901>;-
2018;Feistritz bei Knittelfeld ^<60902>;-
2018;Flatschach ^<60903>;-
2018;Gaal ^<60904>;-
2018;Großlobming ^<60905>;-
2018;Kleinlobming ^<60906>;-
2018;Knittelfeld ^<60907>;-
2018;Kobenz ^<60908>;-
2018;Rachau ^<60909>;-
2018;Sankt Lorenzen bei Knittelfeld ^<60910>;-
2018;Sankt Marein bei Knittelfeld ^<60911>;-
2018;Sankt Margarethen bei Knittelfeld ^<60912>;-
2018;Seckau ^<60913>;-
2018;Spielberg bei Knittelfeld ^<60914>;-
2019;Aflenz Kurort ^<60201>;-
2019;Aflenz Land ^<60202>;-
2019;Breitenau am Hochlantsch ^<60203>;-
2019;Bruck an der Mur ^<60204>;-
2019;Etmißl ^<60205>;-
2019;Frauenberg ^<60206>;-
2019;Gußwerk ^<60207>;-
2019;Halltal ^<60208>;-
2019;Kapfenberg ^<60209>;-
2019;Mariazell ^<60210>;-
2019;Oberaich ^<60211>;-
2019;Parschlug ^<60212>;-
2019;Pernegg an der Mur ^<60213>;-
2019;Sankt Ilgen ^<60214>;-
2019;Sankt Katharein an der Laming ^<60215>;-
2019;Sankt Lorenzen im Mürztal ^<60216>;-
2019;Sankt Marein im Mürztal ^<60217>;-
2019;Sankt Sebastian ^<60218>;-
2019;Thörl ^<60219>;-
2019;Tragöß ^<60220>;-
2019;Turnau ^<60221>;-
2019;Aflenz  <62138>;2443
2019;Aflenz Kurort ^<62101>;-
2019;Aflenz Land ^<62102>;-
2019;Allerheiligen im Mürztal ^<62103>;-
2019;Altenberg an der Rax ^<62104>;-
2019;Breitenau am Hochlantsch <62105>;1665,5
2019;Bruck an der Mur ^<62106>;-
2019;Bruck an der Mur <62139>;15811,25
2019;Etmißl ^<62107>;-
2019;Frauenberg ^<62108>;-
2019;Ganz ^<62109>;-
2019;Gußwerk ^<62110>;-
2019;Halltal ^<62111>;-
2019;Kapellen ^<62112>;-
2019;Kapfenberg ^<62113>;-
2019;Kapfenberg <62140>;22699,25
2019;Kindberg ^<62114>;-
2019;Kindberg <62141>;8168,5
2019;Krieglach <62115>;5343,375
2019;Langenwang <62116>;3869,125
2019;Mariazell ^<62117>;-
2019;Mariazell <62142>;3699,875
2019;Mitterdorf im Mürztal ^<62118>;-
2019;Mürzhofen ^<62119>;-
2019;Mürzsteg ^<62120>;-
2019;Mürzzuschlag ^<62121>;-
2019;Mürzzuschlag <62143>;8424,25
2019;Neuberg an der Mürz ^<62122>;-
2019;Neuberg an der Mürz <62144>;2414,25
2019;Oberaich ^<62123>;-
2019;Parschlug ^<62124>;-
2019;Pernegg an der Mur <62125>;2346,125
2019;Sankt Barbara im Mürztal <62145>;6601,125
2019;Sankt Ilgen ^<62126>;-
2019;Sankt Katharein an der Laming ^<62127>;-
2019;Sankt Lorenzen im Mürztal <62128>;3619,375
2019;Sankt Marein im Mürztal ^<62129>;-
2019;Sankt Marein im Mürztal <62146>;2706,75
2019;Sankt Sebastian ^<62130>;-
2019;Spital am Semmering <62131>;1451,625
2019;Stanz im Mürztal <62132>;1846,625
2019;Thörl ^<62133>;-
2019;Thörl <62147>;2269
2019;Tragöß ^<62134>;-
2019;Tragöß-Sankt Katharein <62148>;1860,5
2019;Turnau <62135>;1601,875
2019;Veitsch ^<62136>;-
2019;Wartberg im Mürztal ^<62137>;-
2019;Aibl ^<60301>;-
2019;Bad Gams ^<60307>;-
2019;Bad Schwanberg <60349>;4560,5
2019;Deutschlandsberg ^<60302>;-
2019;Deutschlandsberg <60344>;11659,25
2019;Eibiswald ^<60303>;-
2019;Eibiswald <60345>;6403,375
2019;Feldbaum ^<60304>;-
2019;Frauental an der Laßnitz <60305>;2925,375
2019;Freiland bei Deutschlandsberg ^<60306>;-
2019;Garanas ^<60308>;-
2019;Georgsberg ^<60309>;-
2019;Greisdorf ^<60310>;-
2019;Gressenberg ^<60311>;-
2019;Groß Sankt Florian ^<60312>;-
2019;Groß Sankt Florian <60346>;4144,75
2019;Großradl ^<60313>;-
2019;Gundersdorf ^<60314>;-
2019;Hollenegg ^<60315>;-
2019;Kloster ^<60316>;-
2019;Kruckenberg ^<60317>;-
2019;Lannach <60318>;3535
2019;Limberg bei Wies ^<60319>;-
2019;Marhof ^<60320>;-
2019;Osterwitz ^<60321>;-
2019;Pitschgau ^<60322>;-
2019;Pölfing-Brunn <60323>;1633,5
2019;Preding <60324>;1774,25
2019;Rassach ^<60325>;-
2019;Sankt Josef (Weststeiermark) <60326>;1626,375
2019;Sankt Martin im Sulmtal ^<60327>;-
2019;Sankt Martin im Sulmtal <60347>;3102,75
2019;Sankt Oswald ob Eibiswald ^<60328>;-
2019;Sankt Peter im Sulmtal <60329>;1257,25
2019;Sankt Stefan ob Stainz ^<60330>;-
2019;Sankt Stefan ob Stainz <60348>;3579,625
2019;Schwanberg ^<60331>;-
2019;Soboth ^<60332>;-
2019;Stainz ^<60333>;-
2019;Stainz <60350>;8679,25
2019;Stainztal ^<60334>;-
2019;Stallhof ^<60335>;-
2019;Sulmeck-Greith ^<60336>;-
2019;Sulz-Laufenegg ^<60337>;-
2019;Trahütten ^<60338>;-
2019;Unterbergla ^<60339>;-
2019;Wernersdorf ^<60340>;-
2019;Wettmannstätten <60341>;1617,125
2019;Wielfresen ^<60342>;-
2019;Wies ^<60343>;-
2019;Wies <60351>;4340,125
2019;Auersbach ^<60401>;-
2019;Aug-Radisch ^<60402>;-
2019;Bad Gleichenberg ^<60403>;-
2019;Bairisch Kölldorf ^<60404>;-
2019;Baumgarten bei Gnas ^<60405>;-
2019;Breitenfeld an der Rittschein ^<60406>;-
2019;Edelsbach bei Feldbach ^<60407>;-
2019;Edelstauden ^<60408>;-
2019;Eichkögl ^<60409>;-
2019;Fehring ^<60410>;-
2019;Feldbach ^<60411>;-
2019;Fladnitz im Raabtal ^<60412>;-
2019;Frannach ^<60413>;-
2019;Frutten-Gießelsdorf ^<60414>;-
2019;Glojach ^<60415>;-
2019;Gnas ^<60416>;-
2019;Gniebing-Weißenbach ^<60417>;-
2019;Gossendorf ^<60418>;-
2019;Grabersdorf ^<60419>;-
2019;Hatzendorf ^<60420>;-
2019;Hohenbrugg-Weinberg ^<60421>;-
2019;Jagerberg ^<60422>;-
2019;Johnsdorf-Brunn ^<60423>;-
2019;Kapfenstein ^<60424>;-
2019;Kirchbach in Steiermark ^<60425>;-
2019;Kirchberg an der Raab ^<60426>;-
2019;Kohlberg ^<60427>;-
2019;Kornberg bei Riegersburg ^<60428>;-
2019;Krusdorf ^<60429>;-
2019;Leitersdorf im Raabtal ^<60430>;-
2019;Lödersdorf ^<60431>;-
2019;Maierdorf ^<60432>;-
2019;Merkendorf ^<60433>;-
2019;Mitterlabill ^<60434>;-
2019;Mühldorf bei Feldbach ^<60435>;-
2019;Oberdorf am Hochegg ^<60436>;-
2019;Oberstorcha ^<60437>;-
2019;Paldau ^<60438>;-
2019;Perlsdorf ^<60439>;-
2019;Pertlstein ^<60440>;-
2019;Petersdorf II ^<60441>;-
2019;Pirching am Traubenberg ^<60442>;-
2019;Poppendorf ^<60443>;-
2019;Raabau ^<60444>;-
2019;Raning ^<60445>;-
2019;Reith b.Hartmannsdorf ^<60446>;-
2019;Riegersburg ^<60447>;-
2019;Sankt Anna am Aigen ^<60448>;-
2019;Sankt Stefan im Rosental ^<60449>;-
2019;Schwarzau im Schwarzautal ^<60450>;-
2019;Stainz bei Straden ^<60451>;-
2019;Studenzen ^<60452>;-
2019;Trautmannsdorf in Oststeiermark ^<60453>;-
2019;Unterauersbach ^<60454>;-
2019;Unterlamm ^<60455>;-
2019;Zerlach ^<60456>;-
2019;Altenmarkt bei Fürstenfeld ^<60501>;-
2019;Bad Blumau ^<60502>;-
2019;Burgau ^<60503>;-
2019;Fürstenfeld ^<60504>;-
2019;Großsteinbach ^<60505>;-
2019;Großwilfersdorf ^<60506>;-
2019;Hainersdorf ^<60507>;-
2019;Ilz ^<60508>;-
2019;Loipersdorf bei Fürstenfeld ^<60509>;-
2019;Nestelbach im Ilztal ^<60510>;-
2019;Ottendorf an der Rittschein ^<60511>;-
2019;Söchau ^<60512>;-
2019;Stein ^<60513>;-
2019;Übersbach ^<60514>;-
2019;Attendorf ^<60601>;-
2019;Brodingberg ^<60602>;-
2019;Deutschfeistritz ^<60603>;-
2019;Deutschfeistritz <60659>;4375,25
2019;Dobl ^<60604>;-
2019;Dobl-Zwaring <60660>;3520,125
2019;Edelsgrub ^<60605>;-
2019;Eggersdorf bei Graz ^<60606>;-
2019;Eggersdorf bei Graz <60661>;6726,125
2019;Eisbach ^<60607>;-
2019;Feldkirchen bei Graz <60608>;6611,375
2019;Fernitz ^<60609>;-
2019;Fernitz-Mellach <60662>;4844,375
2019;Frohnleiten ^<60610>;-
2019;Frohnleiten <60663>;6546,375
2019;Gössendorf <60611>;4046
2019;Grambach ^<60612>;-
2019;Gratkorn <60613>;8025,875
2019;Gratwein ^<60614>;-
2019;Gratwein-Straßengel <60664>;12878,875
2019;Großstübing ^<60615>;-
2019;Gschnaidt ^<60616>;-
2019;Hart bei Graz <60617>;5148,75
2019;Hart-Purgstall ^<60634>;-
2019;Haselsdorf-Tobelbad <60618>;1524,25
2019;Hausmannstätten <60619>;3449,625
2019;Hitzendorf ^<60620>;-
2019;Hitzendorf <60665>;7186,75
2019;Höf-Präbach ^<60621>;-
2019;Judendorf-Straßengel ^<60622>;-
2019;Kainbach bei Graz <60623>;2810,25
2019;Kalsdorf bei Graz <60624>;7302,5
2019;Krumegg ^<60625>;-
2019;Kumberg <60626>;3851,25
2019;Langegg bei Graz ^<60627>;-
2019;Laßnitzhöhe <60628>;2765,5
2019;Lieboch <60629>;5187
2019;Mellach ^<60630>;-
2019;Nestelbach bei Graz ^<60631>;-
2019;Nestelbach bei Graz <60666>;2646,5
2019;Peggau <60632>;2276,125
2019;Pirka ^<60633>;-
2019;Premstätten <60670>;6300,5
2019;Raaba ^<60635>;-
2019;Raaba-Grambach <60667>;4604,625
2019;Rohrbach-Steinberg ^<60637>;-
2019;Röthelstein ^<60636>;-
2019;Rothleiten ^<60638>;-
2019;Sankt Bartholomä <60639>;1433
2019;Sankt Marein bei Graz ^<60640>;-
2019;Sankt Marein bei Graz <60668>;3737,25
2019;Sankt Oswald bei Plankenwarth <60641>;1266,375
2019;Sankt Radegund bei Graz <60642>;2146,75
2019;Schrems bei Frohnleiten ^<60643>;-
2019;Seiersberg ^<60644>;-
2019;Seiersberg-Pirka <60669>;11313,25
2019;Semriach <60645>;3296,75
2019;Stattegg <60646>;2948,125
2019;Stiwoll <60647>;706,625
2019;Thal <60648>;2272,25
2019;Tulwitz ^<60649>;-
2019;Tyrnau ^<60650>;-
2019;Übelbach <60651>;2033,25
2019;Unterpremstätten ^<60652>;-
2019;Vasoldsberg <60653>;4599,25
2019;Weinitzen <60654>;2649,375
2019;Werndorf <60655>;2363,125
2019;Wundschuh <60656>;1619,625
2019;Zettling ^<60657>;-
2019;Zwaring-Pöls ^<60658>;-
2019;Bad Waltersdorf ^<60748>;-
2019;Blaindorf ^<60701>;-
2019;Buch-Geiseldorf ^<60702>;-
2019;Dechantskirchen ^<60703>;-
2019;Dienersdorf ^<60704>;-
2019;Ebersdorf ^<60705>;-
2019;Eichberg ^<60716>;-
2019;Friedberg ^<60706>;-
2019;Grafendorf bei Hartberg ^<60707>;-
2019;Greinbach ^<60708>;-
2019;Großhart ^<60709>;-
2019;Hartberg ^<60710>;-
2019;Hartberg Umgebung ^<60711>;-
2019;Hartl ^<60712>;-
2019;Hofkirchen bei Hartberg ^<60713>;-
2019;Kaibing ^<60714>;-
2019;Kaindorf ^<60715>;-
2019;Lafnitz ^<60717>;-
2019;Limbach bei Neudau ^<60718>;-
2019;Mönichwald ^<60719>;-
2019;Neudau ^<60720>;-
2019;Pinggau ^<60721>;-
2019;Pöllau ^<60722>;-
2019;Pöllauberg ^<60723>;-
2019;Puchegg ^<60724>;-
2019;Rabenwald ^<60725>;-
2019;Riegersberg ^<60726>;-
2019;Rohr bei Hartberg ^<60727>;-
2019;Rohrbach an der Lafnitz ^<60728>;-
2019;Saifen-Boden ^<60729>;-
2019;Sankt Jakob im Walde ^<60730>;-
2019;Sankt Johann bei Herberstein ^<60731>;-
2019;Sankt Johann in der Haide ^<60732>;-
2019;Sankt Lorenzen am Wechsel ^<60733>;-
2019;Sankt Magdalena am Lemberg ^<60734>;-
2019;Schachen bei Vorau ^<60735>;-
2019;Schäffern ^<60736>;-
2019;Schlag bei Thalberg ^<60737>;-
2019;Schönegg bei Pöllau ^<60738>;-
2019;Sebersdorf ^<60739>;-
2019;Siegersdorf bei Herberstein ^<60740>;-
2019;Sonnhofen ^<60741>;-
2019;Stambach ^<60742>;-
2019;Stubenberg ^<60743>;-
2019;Tiefenbach bei Kaindorf ^<60744>;-
2019;Vorau ^<60745>;-
2019;Vornholz ^<60746>;-
2019;Waldbach ^<60747>;-
2019;Wenigzell ^<60749>;-
2019;Wörth an der Lafnitz ^<60750>;-
2019;Altenmarkt bei Fürstenfeld ^<62201>;-
2019;Bad Blumau <62202>;1621,5
2019;Bad Waltersdorf ^<62203>;-
2019;Bad Waltersdorf <62264>;3818,125
2019;Blaindorf ^<62204>;-
2019;Buch-St. Magdalena <62205>;2153,125
2019;Burgau <62206>;1035,625
2019;Dechantskirchen ^<62207>;-
2019;Dechantskirchen <62265>;2025,125
2019;Dienersdorf ^<62208>;-
2019;Ebersdorf <62209>;1288
2019;Eichberg ^<62210>;-
2019;Feistritztal <62266>;2402,875
2019;Friedberg <62211>;2620,5
2019;Fürstenfeld ^<62212>;-
2019;Fürstenfeld ^<62267>;8657,25
2019;Fürstenfeld <62280>;-
2019;Grafendorf bei Hartberg ^<62213>;-
2019;Grafendorf bei Hartberg <62268>;3122,75
2019;Greinbach <62214>;1808,75
2019;Großhart ^<62215>;-
2019;Großsteinbach <62216>;1268,875
2019;Großwilfersdorf ^<62217>;-
2019;Großwilfersdorf <62269>;2068,625
2019;Hainersdorf ^<62218>;-
2019;Hartberg <62219>;6728
2019;Hartberg Umgebung <62220>;2200,125
2019;Hartl ^<62221>;-
2019;Hartl <62270>;2112,375
2019;Hofkirchen bei Hartberg ^<62222>;-
2019;Ilz ^<62223>;-
2019;Ilz <62271>;3757,375
2019;Kaibing ^<62224>;-
2019;Kaindorf ^<62225>;-
2019;Kaindorf <62272>;2992,5
2019;Lafnitz <62226>;1446
2019;Limbach bei Neudau ^<62227>;-
2019;Loipersdorf bei Fürstenfeld ^<62228>;-
2019;Bad Loipersdorf <62273>;1860,25
2019;Mönichwald ^<62229>;-
2019;Nestelbach im Ilztal ^<62230>;-
2019;Neudau ^<62231>;-
2019;Neudau <62274>;1509,25
2019;Ottendorf an der Rittschein <62232>;1552,625
2019;Pinggau <62233>;3159
2019;Pöllau ^<62234>;-
2019;Pöllau <62275>;5970,25
2019;Pöllauberg <62235>;2042,25
2019;Puchegg ^<62236>;-
2019;Rabenwald ^<62237>;-
2019;Riegersberg ^<62238>;-
2019;Rohr bei Hartberg ^<62239>;-
2019;Rohr bei Hartberg <62276>;1458,25
2019;Rohrbach an der Lafnitz ^<62240>;-
2019;Rohrbach an der Lafnitz <62277>;2640,125
2019;Saifen-Boden ^<62241>;-
2019;Sankt Jakob im Walde <62242>;1048,5
2019;Sankt Johann bei Herberstein ^<62243>;-
2019;Sankt Johann in der Haide <62244>;2168,75
2019;Sankt Lorenzen am Wechsel <62245>;1465,5
2019;Schachen bei Vorau ^<62246>;-
2019;Schäffern <62247>;1349,5
2019;Schlag bei Thalberg ^<62248>;-
2019;Schönegg bei Pöllau ^<62249>;-
2019;Sebersdorf ^<62250>;-
2019;Siegersdorf bei Herberstein ^<62251>;-
2019;Söchau ^<62252>;1447
2019;Sonnhofen ^<62253>;-
2019;Stambach ^<62254>;-
2019;Stein ^<62255>;-
2019;Stubenberg <62256>;2205,5
2019;Tiefenbach bei Kaindorf ^<62257>;-
2019;Übersbach ^<62258>;-
2019;Vorau ^<62259>;-
2019;Vorau <62278>;4700,375
2019;Vornholz ^<62260>;-
2019;Waldbach ^<62261>;-
2019;Waldbach-Mönichwald <62279>;1475,75
2019;Wenigzell <62262>;1392,625
2019;Wörth an der Lafnitz ^<62263>;-
2019;Amering ^<60801>;-
2019;Bretstein ^<60802>;-
2019;Eppenstein ^<60803>;-
2019;Fohnsdorf ^<60804>;-
2019;Hohentauern ^<60805>;-
2019;Judenburg ^<60806>;-
2019;Maria Buch-Feistritz ^<60809>;-
2019;Obdach ^<60810>;-
2019;Oberkurzheim ^<60811>;-
2019;Oberweg ^<60812>;-
2019;Oberzeiring ^<60813>;-
2019;Pöls ^<60814>;-
2019;Pusterwald ^<60815>;-
2019;Reifling ^<60816>;-
2019;Reisstraße ^<60817>;-
2019;Sankt Anna am Lavantegg ^<60808>;-
2019;Sankt Georgen ob Judenburg ^<60818>;-
2019;Sankt Johann am Tauern ^<60819>;-
2019;Sankt Oswald-Möderbrugg ^<60820>;-
2019;Sankt Peter ob Judenburg ^<60821>;-
2019;Sankt Wolfgang-Kienberg ^<60807>;-
2019;Unzmarkt-Frauenburg ^<60822>;-
2019;Weißkirchen in Steiermark ^<60823>;-
2019;Zeltweg ^<60824>;-
2019;Apfelberg ^<60901>;-
2019;Feistritz bei Knittelfeld ^<60902>;-
2019;Flatschach ^<60903>;-
2019;Gaal ^<60904>;-
2019;Großlobming ^<60905>;-
2019;Kleinlobming ^<60906>;-
2019;Knittelfeld ^<60907>;-
2019;Kobenz ^<60908>;-
2019;Rachau ^<60909>;-
2019;Sankt Lorenzen bei Knittelfeld ^<60910>;-
2019;Sankt Marein bei Knittelfeld ^<60911>;-
2019;Sankt Margarethen bei Knittelfeld ^<60912>;-
2019;Seckau ^<60913>;-
2019;Spielberg bei Knittelfeld ^<60914>;-
2020;Aflenz Kurort ^<60201>;-
2020;Aflenz Land ^<60202>;-
2020;Breitenau am Hochlantsch ^<60203>;-
2020;Bruck an der Mur ^<60204>;-
2020;Etmißl ^<60205>;-
2020;Frauenberg ^<60206>;-
2020;Gußwerk ^<60207>;-
2020;Halltal ^<60208>;-
2020;Kapfenberg ^<60209>;-
2020;Mariazell ^<60210>;-
2020;Oberaich ^<60211>;-
2020;Parschlug ^<60212>;-
2020;Pernegg an der Mur ^<60213>;-
2020;Sankt Ilgen ^<60214>;-
2020;Sankt Katharein an der Laming ^<60215>;-
2020;Sankt Lorenzen im Mürztal ^<60216>;-
2020;Sankt Marein im Mürztal ^<60217>;-
2020;Sankt Sebastian ^<60218>;-
2020;Thörl ^<60219>;-
2020;Tragöß ^<60220>;-
2020;Turnau ^<60221>;-
2020;Aflenz  <62138>;2439,5
2020;Aflenz Kurort ^<62101>;-
2020;Aflenz Land ^<62102>;-
2020;Allerheiligen im Mürztal ^<62103>;-
2020;Altenberg an der Rax ^<62104>;-
2020;Breitenau am Hochlantsch <62105>;1641,375
2020;Bruck an der Mur ^<62106>;-
2020;Bruck an der Mur <62139>;15737,875
2020;Etmißl ^<62107>;-
2020;Frauenberg ^<62108>;-
2020;Ganz ^<62109>;-
2020;Gußwerk ^<62110>;-
2020;Halltal ^<62111>;-
2020;Kapellen ^<62112>;-
2020;Kapfenberg ^<62113>;-
2020;Kapfenberg <62140>;22500,875
2020;Kindberg ^<62114>;-
2020;Kindberg <62141>;8140,5
2020;Krieglach <62115>;5341,875
2020;Langenwang <62116>;3886,25
2020;Mariazell ^<62117>;-
2020;Mariazell <62142>;3658,875
2020;Mitterdorf im Mürztal ^<62118>;-
2020;Mürzhofen ^<62119>;-
2020;Mürzsteg ^<62120>;-
2020;Mürzzuschlag ^<62121>;-
2020;Mürzzuschlag <62143>;8307,75
2020;Neuberg an der Mürz ^<62122>;-
2020;Neuberg an der Mürz <62144>;2365,75
2020;Oberaich ^<62123>;-
2020;Parschlug ^<62124>;-
2020;Pernegg an der Mur <62125>;2383
2020;Sankt Barbara im Mürztal <62145>;6604,375
2020;Sankt Ilgen ^<62126>;-
2020;Sankt Katharein an der Laming ^<62127>;-
2020;Sankt Lorenzen im Mürztal <62128>;3677,625
2020;Sankt Marein im Mürztal ^<62129>;-
2020;Sankt Marein im Mürztal <62146>;2812,5
2020;Sankt Sebastian ^<62130>;-
2020;Spital am Semmering <62131>;1437,625
2020;Stanz im Mürztal <62132>;1847,625
2020;Thörl ^<62133>;-
2020;Thörl <62147>;2241,75
2020;Tragöß ^<62134>;-
2020;Tragöß-Sankt Katharein <62148>;1842,75
2020;Turnau <62135>;1602,25
2020;Veitsch ^<62136>;-
2020;Wartberg im Mürztal ^<62137>;-
2020;Aibl ^<60301>;-
2020;Bad Gams ^<60307>;-
2020;Bad Schwanberg <60349>;4546,125
2020;Deutschlandsberg ^<60302>;-
2020;Deutschlandsberg <60344>;11633,25
2020;Eibiswald ^<60303>;-
2020;Eibiswald <60345>;6384,25
2020;Feldbaum ^<60304>;-
2020;Frauental an der Laßnitz <60305>;2954,5
2020;Freiland bei Deutschlandsberg ^<60306>;-
2020;Garanas ^<60308>;-
2020;Georgsberg ^<60309>;-
2020;Greisdorf ^<60310>;-
2020;Gressenberg ^<60311>;-
2020;Groß Sankt Florian ^<60312>;-
2020;Groß Sankt Florian <60346>;4124,5
2020;Großradl ^<60313>;-
2020;Gundersdorf ^<60314>;-
2020;Hollenegg ^<60315>;-
2020;Kloster ^<60316>;-
2020;Kruckenberg ^<60317>;-
2020;Lannach <60318>;3560,375
2020;Limberg bei Wies ^<60319>;-
2020;Marhof ^<60320>;-
2020;Osterwitz ^<60321>;-
2020;Pitschgau ^<60322>;-
2020;Pölfing-Brunn <60323>;1620,125
2020;Preding <60324>;1805,125
2020;Rassach ^<60325>;-
2020;Sankt Josef (Weststeiermark) <60326>;1633,75
2020;Sankt Martin im Sulmtal ^<60327>;-
2020;Sankt Martin im Sulmtal <60347>;3113,875
2020;Sankt Oswald ob Eibiswald ^<60328>;-
2020;Sankt Peter im Sulmtal <60329>;1253,75
2020;Sankt Stefan ob Stainz ^<60330>;-
2020;Sankt Stefan ob Stainz <60348>;3579
2020;Schwanberg ^<60331>;-
2020;Soboth ^<60332>;-
2020;Stainz ^<60333>;-
2020;Stainz <60350>;8724,375
2020;Stainztal ^<60334>;-
2020;Stallhof ^<60335>;-
2020;Sulmeck-Greith ^<60336>;-
2020;Sulz-Laufenegg ^<60337>;-
2020;Trahütten ^<60338>;-
2020;Unterbergla ^<60339>;-
2020;Wernersdorf ^<60340>;-
2020;Wettmannstätten <60341>;1637
2020;Wielfresen ^<60342>;-
2020;Wies ^<60343>;-
2020;Wies <60351>;4297,5
2020;Auersbach ^<60401>;-
2020;Aug-Radisch ^<60402>;-
2020;Bad Gleichenberg ^<60403>;-
2020;Bairisch Kölldorf ^<60404>;-
2020;Baumgarten bei Gnas ^<60405>;-
2020;Breitenfeld an der Rittschein ^<60406>;-
2020;Edelsbach bei Feldbach ^<60407>;-
2020;Edelstauden ^<60408>;-
2020;Eichkögl ^<60409>;-
2020;Fehring ^<60410>;-
2020;Feldbach ^<60411>;-
2020;Fladnitz im Raabtal ^<60412>;-
2020;Frannach ^<60413>;-
2020;Frutten-Gießelsdorf ^<60414>;-
2020;Glojach ^<60415>;-
2020;Gnas ^<60416>;-
2020;Gniebing-Weißenbach ^<60417>;-
2020;Gossendorf ^<60418>;-
2020;Grabersdorf ^<60419>;-
2020;Hatzendorf ^<60420>;-
2020;Hohenbrugg-Weinberg ^<60421>;-
2020;Jagerberg ^<60422>;-
2020;Johnsdorf-Brunn ^<60423>;-
2020;Kapfenstein ^<60424>;-
2020;Kirchbach in Steiermark ^<60425>;-
2020;Kirchberg an der Raab ^<60426>;-
2020;Kohlberg ^<60427>;-
2020;Kornberg bei Riegersburg ^<60428>;-
2020;Krusdorf ^<60429>;-
2020;Leitersdorf im Raabtal ^<60430>;-
2020;Lödersdorf ^<60431>;-
2020;Maierdorf ^<60432>;-
2020;Merkendorf ^<60433>;-
2020;Mitterlabill ^<60434>;-
2020;Mühldorf bei Feldbach ^<60435>;-
2020;Oberdorf am Hochegg ^<60436>;-
2020;Oberstorcha ^<60437>;-
2020;Paldau ^<60438>;-
2020;Perlsdorf ^<60439>;-
2020;Pertlstein ^<60440>;-
2020;Petersdorf II ^<60441>;-
2020;Pirching am Traubenberg ^<60442>;-
2020;Poppendorf ^<60443>;-
2020;Raabau ^<60444>;-
2020;Raning ^<60445>;-
2020;Reith b.Hartmannsdorf ^<60446>;-
2020;Riegersburg ^<60447>;-
2020;Sankt Anna am Aigen ^<60448>;-
2020;Sankt Stefan im Rosental ^<60449>;-
2020;Schwarzau im Schwarzautal ^<60450>;-
2020;Stainz bei Straden ^<60451>;-
2020;Studenzen ^<60452>;-
2020;Trautmannsdorf in Oststeiermark ^<60453>;-
2020;Unterauersbach ^<60454>;-
2020;Unterlamm ^<60455>;-
2020;Zerlach ^<60456>;-
2020;Altenmarkt bei Fürstenfeld ^<60501>;-
2020;Bad Blumau ^<60502>;-
2020;Burgau ^<60503>;-
2020;Fürstenfeld ^<60504>;-
2020;Großsteinbach ^<60505>;-
2020;Großwilfersdorf ^<60506>;-
2020;Hainersdorf ^<60507>;-
2020;Ilz ^<60508>;-
2020;Loipersdorf bei Fürstenfeld ^<60509>;-
2020;Nestelbach im Ilztal ^<60510>;-
2020;Ottendorf an der Rittschein ^<60511>;-
2020;Söchau ^<60512>;-
2020;Stein ^<60513>;-
2020;Übersbach ^<60514>;-
2020;Attendorf ^<60601>;-
2020;Brodingberg ^<60602>;-
2020;Deutschfeistritz ^<60603>;-
2020;Deutschfeistritz <60659>;4414,5
2020;Dobl ^<60604>;-
2020;Dobl-Zwaring <60660>;3538,125
2020;Edelsgrub ^<60605>;-
2020;Eggersdorf bei Graz ^<60606>;-
2020;Eggersdorf bei Graz <60661>;6848,125
2020;Eisbach ^<60607>;-
2020;Feldkirchen bei Graz <60608>;6793,5
2020;Fernitz ^<60609>;-
2020;Fernitz-Mellach <60662>;4886
2020;Frohnleiten ^<60610>;-
2020;Frohnleiten <60663>;6531,625
2020;Gössendorf <60611>;4155,125
2020;Grambach ^<60612>;-
2020;Gratkorn <60613>;8072,125
2020;Gratwein ^<60614>;-
2020;Gratwein-Straßengel <60664>;12824,625
2020;Großstübing ^<60615>;-
2020;Gschnaidt ^<60616>;-
2020;Hart bei Graz <60617>;5230,75
2020;Hart-Purgstall ^<60634>;-
2020;Haselsdorf-Tobelbad <60618>;1556,875
2020;Hausmannstätten <60619>;3522,25
2020;Hitzendorf ^<60620>;-
2020;Hitzendorf <60665>;7245,625
2020;Höf-Präbach ^<60621>;-
2020;Judendorf-Straßengel ^<60622>;-
2020;Kainbach bei Graz <60623>;2793,125
2020;Kalsdorf bei Graz <60624>;7628,125
2020;Krumegg ^<60625>;-
2020;Kumberg <60626>;3862,375
2020;Langegg bei Graz ^<60627>;-
2020;Laßnitzhöhe <60628>;2767,5
2020;Lieboch <60629>;5265,5
2020;Mellach ^<60630>;-
2020;Nestelbach bei Graz ^<60631>;-
2020;Nestelbach bei Graz <60666>;2647,875
2020;Peggau <60632>;2323,875
2020;Pirka ^<60633>;-
2020;Premstätten <60670>;6410,75
2020;Raaba ^<60635>;-
2020;Raaba-Grambach <60667>;4705,875
2020;Rohrbach-Steinberg ^<60637>;-
2020;Röthelstein ^<60636>;-
2020;Rothleiten ^<60638>;-
2020;Sankt Bartholomä <60639>;1450,125
2020;Sankt Marein bei Graz ^<60640>;-
2020;Sankt Marein bei Graz <60668>;3730,25
2020;Sankt Oswald bei Plankenwarth <60641>;1265,375
2020;Sankt Radegund bei Graz <60642>;2141
2020;Schrems bei Frohnleiten ^<60643>;-
2020;Seiersberg ^<60644>;-
2020;Seiersberg-Pirka <60669>;11492,875
2020;Semriach <60645>;3285,375
2020;Stattegg <60646>;2967,125
2020;Stiwoll <60647>;708,75
2020;Thal <60648>;2353,125
2020;Tulwitz ^<60649>;-
2020;Tyrnau ^<60650>;-
2020;Übelbach <60651>;2041,625
2020;Unterpremstätten ^<60652>;-
2020;Vasoldsberg <60653>;4614,875
2020;Weinitzen <60654>;2710,875
2020;Werndorf <60655>;2417
2020;Wundschuh <60656>;1637,75
2020;Zettling ^<60657>;-
2020;Zwaring-Pöls ^<60658>;-
2020;Bad Waltersdorf ^<60748>;-
2020;Blaindorf ^<60701>;-
2020;Buch-Geiseldorf ^<60702>;-
2020;Dechantskirchen ^<60703>;-
2020;Dienersdorf ^<60704>;-
2020;Ebersdorf ^<60705>;-
2020;Eichberg ^<60716>;-
2020;Friedberg ^<60706>;-
2020;Grafendorf bei Hartberg ^<60707>;-
2020;Greinbach ^<60708>;-
2020;Großhart ^<60709>;-
2020;Hartberg ^<60710>;-
2020;Hartberg Umgebung ^<60711>;-
2020;Hartl ^<60712>;-
2020;Hofkirchen bei Hartberg ^<60713>;-
2020;Kaibing ^<60714>;-
2020;Kaindorf ^<60715>;-
2020;Lafnitz ^<60717>;-
2020;Limbach bei Neudau ^<60718>;-
2020;Mönichwald ^<60719>;-
2020;Neudau ^<60720>;-
2020;Pinggau ^<60721>;-
2020;Pöllau ^<60722>;-
2020;Pöllauberg ^<60723>;-
2020;Puchegg ^<60724>;-
2020;Rabenwald ^<60725>;-
2020;Riegersberg ^<60726>;-
2020;Rohr bei Hartberg ^<60727>;-
2020;Rohrbach an der Lafnitz ^<60728>;-
2020;Saifen-Boden ^<60729>;-
2020;Sankt Jakob im Walde ^<60730>;-
2020;Sankt Johann bei Herberstein ^<60731>;-
2020;Sankt Johann in der Haide ^<60732>;-
2020;Sankt Lorenzen am Wechsel ^<60733>;-
2020;Sankt Magdalena am Lemberg ^<60734>;-
2020;Schachen bei Vorau ^<60735>;-
2020;Schäffern ^<60736>;-
2020;Schlag bei Thalberg ^<60737>;-
2020;Schönegg bei Pöllau ^<60738>;-
2020;Sebersdorf ^<60739>;-
2020;Siegersdorf bei Herberstein ^<60740>;-
2020;Sonnhofen ^<60741>;-
2020;Stambach ^<60742>;-
2020;Stubenberg ^<60743>;-
2020;Tiefenbach bei Kaindorf ^<60744>;-
2020;Vorau ^<60745>;-
2020;Vornholz ^<60746>;-
2020;Waldbach ^<60747>;-
2020;Wenigzell ^<60749>;-
2020;Wörth an der Lafnitz ^<60750>;-
2020;Altenmarkt bei Fürstenfeld ^<62201>;-
2020;Bad Blumau <62202>;1628,25
2020;Bad Waltersdorf ^<62203>;-
2020;Bad Waltersdorf <62264>;3864,875
2020;Blaindorf ^<62204>;-
2020;Buch-St. Magdalena <62205>;2156,75
2020;Burgau <62206>;1043,875
2020;Dechantskirchen ^<62207>;-
2020;Dechantskirchen <62265>;2004,625
2020;Dienersdorf ^<62208>;-
2020;Ebersdorf <62209>;1293,875
2020;Eichberg ^<62210>;-
2020;Feistritztal <62266>;2403,875
2020;Friedberg <62211>;2629,25
2020;Fürstenfeld ^<62212>;-
2020;Fürstenfeld ^<62267>;8642
2020;Fürstenfeld <62280>;-
2020;Grafendorf bei Hartberg ^<62213>;-
2020;Grafendorf bei Hartberg <62268>;3149,5
2020;Greinbach <62214>;1813,75
2020;Großhart ^<62215>;-
2020;Großsteinbach <62216>;1271,375
2020;Großwilfersdorf ^<62217>;-
2020;Großwilfersdorf <62269>;2089,375
2020;Hainersdorf ^<62218>;-
2020;Hartberg <62219>;6798,125
2020;Hartberg Umgebung <62220>;2179,75
2020;Hartl ^<62221>;-
2020;Hartl <62270>;2109,625
2020;Hofkirchen bei Hartberg ^<62222>;-
2020;Ilz ^<62223>;-
2020;Ilz <62271>;3769
2020;Kaibing ^<62224>;-
2020;Kaindorf ^<62225>;-
2020;Kaindorf <62272>;3005,875
2020;Lafnitz <62226>;1451,375
2020;Limbach bei Neudau ^<62227>;-
2020;Loipersdorf bei Fürstenfeld ^<62228>;-
2020;Bad Loipersdorf <62273>;1836,125
2020;Mönichwald ^<62229>;-
2020;Nestelbach im Ilztal ^<62230>;-
2020;Neudau ^<62231>;-
2020;Neudau <62274>;1495,25
2020;Ottendorf an der Rittschein <62232>;1560,5
2020;Pinggau <62233>;3138,375
2020;Pöllau ^<62234>;-
2020;Pöllau <62275>;5911,5
2020;Pöllauberg <62235>;2052,375
2020;Puchegg ^<62236>;-
2020;Rabenwald ^<62237>;-
2020;Riegersberg ^<62238>;-
2020;Rohr bei Hartberg ^<62239>;-
2020;Rohr bei Hartberg <62276>;1450,875
2020;Rohrbach an der Lafnitz ^<62240>;-
2020;Rohrbach an der Lafnitz <62277>;2639,25
2020;Saifen-Boden ^<62241>;-
2020;Sankt Jakob im Walde <62242>;1041,25
2020;Sankt Johann bei Herberstein ^<62243>;-
2020;Sankt Johann in der Haide <62244>;2191,5
2020;Sankt Lorenzen am Wechsel <62245>;1442,75
2020;Schachen bei Vorau ^<62246>;-
2020;Schäffern <62247>;1354
2020;Schlag bei Thalberg ^<62248>;-
2020;Schönegg bei Pöllau ^<62249>;-
2020;Sebersdorf ^<62250>;-
2020;Siegersdorf bei Herberstein ^<62251>;-
2020;Söchau ^<62252>;1459,625
2020;Sonnhofen ^<62253>;-
2020;Stambach ^<62254>;-
2020;Stein ^<62255>;-
2020;Stubenberg <62256>;2202,25
2020;Tiefenbach bei Kaindorf ^<62257>;-
2020;Übersbach ^<62258>;-
2020;Vorau ^<62259>;-
2020;Vorau <62278>;4679,5
2020;Vornholz ^<62260>;-
2020;Waldbach ^<62261>;-
2020;Waldbach-Mönichwald <62279>;1464,5
2020;Wenigzell <62262>;1390,625
2020;Wörth an der Lafnitz ^<62263>;-
2020;Amering ^<60801>;-
2020;Bretstein ^<60802>;-
2020;Eppenstein ^<60803>;-
2020;Fohnsdorf ^<60804>;-
2020;Hohentauern ^<60805>;-
2020;Judenburg ^<60806>;-
2020;Maria Buch-Feistritz ^<60809>;-
2020;Obdach ^<60810>;-
2020;Oberkurzheim ^<60811>;-
2020;Oberweg ^<60812>;-
2020;Oberzeiring ^<60813>;-
2020;Pöls ^<60814>;-
2020;Pusterwald ^<60815>;-
2020;Reifling ^<60816>;-
2020;Reisstraße ^<60817>;-
2020;Sankt Anna am Lavantegg ^<60808>;-
2020;Sankt Georgen ob Judenburg ^<60818>;-
2020;Sankt Johann am Tauern ^<60819>;-
2020;Sankt Oswald-Möderbrugg ^<60820>;-
2020;Sankt Peter ob Judenburg ^<60821>;-
2020;Sankt Wolfgang-Kienberg ^<60807>;-
2020;Unzmarkt-Frauenburg ^<60822>;-
2020;Weißkirchen in Steiermark ^<60823>;-
2020;Zeltweg ^<60824>;-
2020;Apfelberg ^<60901>;-
2020;Feistritz bei Knittelfeld ^<60902>;-
2020;Flatschach ^<60903>;-
2020;Gaal ^<60904>;-
2020;Großlobming ^<60905>;-
2020;Kleinlobming ^<60906>;-
2020;Knittelfeld ^<60907>;-
2020;Kobenz ^<60908>;-
2020;Rachau ^<60909>;-
2020;Sankt Lorenzen bei Knittelfeld ^<60910>;-
2020;Sankt Marein bei Knittelfeld ^<60911>;-
2020;Sankt Margarethen bei Knittelfeld ^<60912>;-
2020;Seckau ^<60913>;-
2020;Spielberg bei Knittelfeld ^<60914>;-
2021;Aflenz Kurort ^<60201>;-
2021;Aflenz Land ^<60202>;-
2021;Breitenau am Hochlantsch ^<60203>;-
2021;Bruck an der Mur ^<60204>;-
2021;Etmißl ^<60205>;-
2021;Frauenberg ^<60206>;-
2021;Gußwerk ^<60207>;-
2021;Halltal ^<60208>;-
2021;Kapfenberg ^<60209>;-
2021;Mariazell ^<60210>;-
2021;Oberaich ^<60211>;-
2021;Parschlug ^<60212>;-
2021;Pernegg an der Mur ^<60213>;-
2021;Sankt Ilgen ^<60214>;-
2021;Sankt Katharein an der Laming ^<60215>;-
2021;Sankt Lorenzen im Mürztal ^<60216>;-
2021;Sankt Marein im Mürztal ^<60217>;-
2021;Sankt Sebastian ^<60218>;-
2021;Thörl ^<60219>;-
2021;Tragöß ^<60220>;-
2021;Turnau ^<60221>;-
2021;Aflenz  <62138>;2446,75
2021;Aflenz Kurort ^<62101>;-
2021;Aflenz Land ^<62102>;-
2021;Allerheiligen im Mürztal ^<62103>;-
2021;Altenberg an der Rax ^<62104>;-
2021;Breitenau am Hochlantsch <62105>;1618,625
2021;Bruck an der Mur ^<62106>;-
2021;Bruck an der Mur <62139>;15703,5
2021;Etmißl ^<62107>;-
2021;Frauenberg ^<62108>;-
2021;Ganz ^<62109>;-
2021;Gußwerk ^<62110>;-
2021;Halltal ^<62111>;-
2021;Kapellen ^<62112>;-
2021;Kapfenberg ^<62113>;-
2021;Kapfenberg <62140>;22265,75
2021;Kindberg ^<62114>;-
2021;Kindberg <62141>;8130,875
2021;Krieglach <62115>;5341,5
2021;Langenwang <62116>;3878,375
2021;Mariazell ^<62117>;-
2021;Mariazell <62142>;3605,75
2021;Mitterdorf im Mürztal ^<62118>;-
2021;Mürzhofen ^<62119>;-
2021;Mürzsteg ^<62120>;-
2021;Mürzzuschlag ^<62121>;-
2021;Mürzzuschlag <62143>;8204,625
2021;Neuberg an der Mürz ^<62122>;-
2021;Neuberg an der Mürz <62144>;2346,25
2021;Oberaich ^<62123>;-
2021;Parschlug ^<62124>;-
2021;Pernegg an der Mur <62125>;2458,375
2021;Sankt Barbara im Mürztal <62145>;6557,875
2021;Sankt Ilgen ^<62126>;-
2021;Sankt Katharein an der Laming ^<62127>;-
2021;Sankt Lorenzen im Mürztal <62128>;3690,75
2021;Sankt Marein im Mürztal ^<62129>;-
2021;Sankt Marein im Mürztal <62146>;2845,875
2021;Sankt Sebastian ^<62130>;-
2021;Spital am Semmering <62131>;1510,875
2021;Stanz im Mürztal <62132>;1819,375
2021;Thörl ^<62133>;-
2021;Thörl <62147>;2227,75
2021;Tragöß ^<62134>;-
2021;Tragöß-Sankt Katharein <62148>;1833
2021;Turnau <62135>;1580,875
2021;Veitsch ^<62136>;-
2021;Wartberg im Mürztal ^<62137>;-
2021;Aibl ^<60301>;-
2021;Bad Gams ^<60307>;-
2021;Bad Schwanberg <60349>;4482,875
2021;Deutschlandsberg ^<60302>;-
2021;Deutschlandsberg <60344>;11656,625
2021;Eibiswald ^<60303>;-
2021;Eibiswald <60345>;6359,5
2021;Feldbaum ^<60304>;-
2021;Frauental an der Laßnitz <60305>;3020,25
2021;Freiland bei Deutschlandsberg ^<60306>;-
2021;Garanas ^<60308>;-
2021;Georgsberg ^<60309>;-
2021;Greisdorf ^<60310>;-
2021;Gressenberg ^<60311>;-
2021;Groß Sankt Florian ^<60312>;-
2021;Groß Sankt Florian <60346>;4108
2021;Großradl ^<60313>;-
2021;Gundersdorf ^<60314>;-
2021;Hollenegg ^<60315>;-
2021;Kloster ^<60316>;-
2021;Kruckenberg ^<60317>;-
2021;Lannach <60318>;3633,375
2021;Limberg bei Wies ^<60319>;-
2021;Marhof ^<60320>;-
2021;Osterwitz ^<60321>;-
2021;Pitschgau ^<60322>;-
2021;Pölfing-Brunn <60323>;1607
2021;Preding <60324>;1846,25
2021;Rassach ^<60325>;-
2021;Sankt Josef (Weststeiermark) <60326>;1686,75
2021;Sankt Martin im Sulmtal ^<60327>;-
2021;Sankt Martin im Sulmtal <60347>;3098,5
2021;Sankt Oswald ob Eibiswald ^<60328>;-
2021;Sankt Peter im Sulmtal <60329>;1251,5
2021;Sankt Stefan ob Stainz ^<60330>;-
2021;Sankt Stefan ob Stainz <60348>;3587,375
2021;Schwanberg ^<60331>;-
2021;Soboth ^<60332>;-
2021;Stainz ^<60333>;-
2021;Stainz <60350>;8684,25
2021;Stainztal ^<60334>;-
2021;Stallhof ^<60335>;-
2021;Sulmeck-Greith ^<60336>;-
2021;Sulz-Laufenegg ^<60337>;-
2021;Trahütten ^<60338>;-
2021;Unterbergla ^<60339>;-
2021;Wernersdorf ^<60340>;-
2021;Wettmannstätten <60341>;1646,625
2021;Wielfresen ^<60342>;-
2021;Wies ^<60343>;-
2021;Wies <60351>;4270,375
2021;Auersbach ^<60401>;-
2021;Aug-Radisch ^<60402>;-
2021;Bad Gleichenberg ^<60403>;-
2021;Bairisch Kölldorf ^<60404>;-
2021;Baumgarten bei Gnas ^<60405>;-
2021;Breitenfeld an der Rittschein ^<60406>;-
2021;Edelsbach bei Feldbach ^<60407>;-
2021;Edelstauden ^<60408>;-
2021;Eichkögl ^<60409>;-
2021;Fehring ^<60410>;-
2021;Feldbach ^<60411>;-
2021;Fladnitz im Raabtal ^<60412>;-
2021;Frannach ^<60413>;-
2021;Frutten-Gießelsdorf ^<60414>;-
2021;Glojach ^<60415>;-
2021;Gnas ^<60416>;-
2021;Gniebing-Weißenbach ^<60417>;-
2021;Gossendorf ^<60418>;-
2021;Grabersdorf ^<60419>;-
2021;Hatzendorf ^<60420>;-
2021;Hohenbrugg-Weinberg ^<60421>;-
2021;Jagerberg ^<60422>;-
2021;Johnsdorf-Brunn ^<60423>;-
2021;Kapfenstein ^<60424>;-
2021;Kirchbach in Steiermark ^<60425>;-
2021;Kirchberg an der Raab ^<60426>;-
2021;Kohlberg ^<60427>;-
2021;Kornberg bei Riegersburg ^<60428>;-
2021;Krusdorf ^<60429>;-
2021;Leitersdorf im Raabtal ^<60430>;-
2021;Lödersdorf ^<60431>;-
2021;Maierdorf ^<60432>;-
2021;Merkendorf ^<60433>;-
2021;Mitterlabill ^<60434>;-
2021;Mühldorf bei Feldbach ^<60435>;-
2021;Oberdorf am Hochegg ^<60436>;-
2021;Oberstorcha ^<60437>;-
2021;Paldau ^<60438>;-
2021;Perlsdorf ^<60439>;-
2021;Pertlstein ^<60440>;-
2021;Petersdorf II ^<60441>;-
2021;Pirching am Traubenberg ^<60442>;-
2021;Poppendorf ^<60443>;-
2021;Raabau ^<60444>;-
2021;Raning ^<60445>;-
2021;Reith b.Hartmannsdorf ^<60446>;-
2021;Riegersburg ^<60447>;-
2021;Sankt Anna am Aigen ^<60448>;-
2021;Sankt Stefan im Rosental ^<60449>;-
2021;Schwarzau im Schwarzautal ^<60450>;-
2021;Stainz bei Straden ^<60451>;-
2021;Studenzen ^<60452>;-
2021;Trautmannsdorf in Oststeiermark ^<60453>;-
2021;Unterauersbach ^<60454>;-
2021;Unterlamm ^<60455>;-
2021;Zerlach ^<60456>;-
2021;Altenmarkt bei Fürstenfeld ^<60501>;-
2021;Bad Blumau ^<60502>;-
2021;Burgau ^<60503>;-
2021;Fürstenfeld ^<60504>;-
2021;Großsteinbach ^<60505>;-
2021;Großwilfersdorf ^<60506>;-
2021;Hainersdorf ^<60507>;-
2021;Ilz ^<60508>;-
2021;Loipersdorf bei Fürstenfeld ^<60509>;-
2021;Nestelbach im Ilztal ^<60510>;-
2021;Ottendorf an der Rittschein ^<60511>;-
2021;Söchau ^<60512>;-
2021;Stein ^<60513>;-
2021;Übersbach ^<60514>;-
2021;Attendorf ^<60601>;-
2021;Brodingberg ^<60602>;-
2021;Deutschfeistritz ^<60603>;-
2021;Deutschfeistritz <60659>;4423,375
2021;Dobl ^<60604>;-
2021;Dobl-Zwaring <60660>;3657,75
2021;Edelsgrub ^<60605>;-
2021;Eggersdorf bei Graz ^<60606>;-
2021;Eggersdorf bei Graz <60661>;6946,5
2021;Eisbach ^<60607>;-
2021;Feldkirchen bei Graz <60608>;6997,25
2021;Fernitz ^<60609>;-
2021;Fernitz-Mellach <60662>;4915,375
2021;Frohnleiten ^<60610>;-
2021;Frohnleiten <60663>;6502,625
2021;Gössendorf <60611>;4206,375
2021;Grambach ^<60612>;-
2021;Gratkorn <60613>;8280,875
2021;Gratwein ^<60614>;-
2021;Gratwein-Straßengel <60664>;12756,75
2021;Großstübing ^<60615>;-
2021;Gschnaidt ^<60616>;-
2021;Hart bei Graz <60617>;5281
2021;Hart-Purgstall ^<60634>;-
2021;Haselsdorf-Tobelbad <60618>;1577,5
2021;Hausmannstätten <60619>;3660,75
2021;Hitzendorf ^<60620>;-
2021;Hitzendorf <60665>;7290,125
2021;Höf-Präbach ^<60621>;-
2021;Judendorf-Straßengel ^<60622>;-
2021;Kainbach bei Graz <60623>;2843,375
2021;Kalsdorf bei Graz <60624>;7983,25
2021;Krumegg ^<60625>;-
2021;Kumberg <60626>;3913
2021;Langegg bei Graz ^<60627>;-
2021;Laßnitzhöhe <60628>;2795,125
2021;Lieboch <60629>;5390,25
2021;Mellach ^<60630>;-
2021;Nestelbach bei Graz ^<60631>;-
2021;Nestelbach bei Graz <60666>;2704,25
2021;Peggau <60632>;2353,875
2021;Pirka ^<60633>;-
2021;Premstätten <60670>;6534,375
2021;Raaba ^<60635>;-
2021;Raaba-Grambach <60667>;4713,625
2021;Rohrbach-Steinberg ^<60637>;-
2021;Röthelstein ^<60636>;-
2021;Rothleiten ^<60638>;-
2021;Sankt Bartholomä <60639>;1466,375
2021;Sankt Marein bei Graz ^<60640>;-
2021;Sankt Marein bei Graz <60668>;3734,25
2021;Sankt Oswald bei Plankenwarth <60641>;1271,5
2021;Sankt Radegund bei Graz <60642>;2139,5
2021;Schrems bei Frohnleiten ^<60643>;-
2021;Seiersberg ^<60644>;-
2021;Seiersberg-Pirka <60669>;11818,375
2021;Semriach <60645>;3276,125
2021;Stattegg <60646>;2988,125
2021;Stiwoll <60647>;712,125
2021;Thal <60648>;2394,125
2021;Tulwitz ^<60649>;-
2021;Tyrnau ^<60650>;-
2021;Übelbach <60651>;2061,875
2021;Unterpremstätten ^<60652>;-
2021;Vasoldsberg <60653>;4691
2021;Weinitzen <60654>;2740,125
2021;Werndorf <60655>;2504,125
2021;Wundschuh <60656>;1647,125
2021;Zettling ^<60657>;-
2021;Zwaring-Pöls ^<60658>;-
2021;Bad Waltersdorf ^<60748>;-
2021;Blaindorf ^<60701>;-
2021;Buch-Geiseldorf ^<60702>;-
2021;Dechantskirchen ^<60703>;-
2021;Dienersdorf ^<60704>;-
2021;Ebersdorf ^<60705>;-
2021;Eichberg ^<60716>;-
2021;Friedberg ^<60706>;-
2021;Grafendorf bei Hartberg ^<60707>;-
2021;Greinbach ^<60708>;-
2021;Großhart ^<60709>;-
2021;Hartberg ^<60710>;-
2021;Hartberg Umgebung ^<60711>;-
2021;Hartl ^<60712>;-
2021;Hofkirchen bei Hartberg ^<60713>;-
2021;Kaibing ^<60714>;-
2021;Kaindorf ^<60715>;-
2021;Lafnitz ^<60717>;-
2021;Limbach bei Neudau ^<60718>;-
2021;Mönichwald ^<60719>;-
2021;Neudau ^<60720>;-
2021;Pinggau ^<60721>;-
2021;Pöllau ^<60722>;-
2021;Pöllauberg ^<60723>;-
2021;Puchegg ^<60724>;-
2021;Rabenwald ^<60725>;-
2021;Riegersberg ^<60726>;-
2021;Rohr bei Hartberg ^<60727>;-
2021;Rohrbach an der Lafnitz ^<60728>;-
2021;Saifen-Boden ^<60729>;-
2021;Sankt Jakob im Walde ^<60730>;-
2021;Sankt Johann bei Herberstein ^<60731>;-
2021;Sankt Johann in der Haide ^<60732>;-
2021;Sankt Lorenzen am Wechsel ^<60733>;-
2021;Sankt Magdalena am Lemberg ^<60734>;-
2021;Schachen bei Vorau ^<60735>;-
2021;Schäffern ^<60736>;-
2021;Schlag bei Thalberg ^<60737>;-
2021;Schönegg bei Pöllau ^<60738>;-
2021;Sebersdorf ^<60739>;-
2021;Siegersdorf bei Herberstein ^<60740>;-
2021;Sonnhofen ^<60741>;-
2021;Stambach ^<60742>;-
2021;Stubenberg ^<60743>;-
2021;Tiefenbach bei Kaindorf ^<60744>;-
2021;Vorau ^<60745>;-
2021;Vornholz ^<60746>;-
2021;Waldbach ^<60747>;-
2021;Wenigzell ^<60749>;-
2021;Wörth an der Lafnitz ^<60750>;-
2021;Altenmarkt bei Fürstenfeld ^<62201>;-
2021;Bad Blumau <62202>;1611,375
2021;Bad Waltersdorf ^<62203>;-
2021;Bad Waltersdorf <62264>;3931
2021;Blaindorf ^<62204>;-
2021;Buch-St. Magdalena <62205>;2154,375
2021;Burgau <62206>;1057,875
2021;Dechantskirchen ^<62207>;-
2021;Dechantskirchen <62265>;2008,875
2021;Dienersdorf ^<62208>;-
2021;Ebersdorf <62209>;1284,125
2021;Eichberg ^<62210>;-
2021;Feistritztal <62266>;2422,125
2021;Friedberg <62211>;2635,625
2021;Fürstenfeld ^<62212>;-
2021;Fürstenfeld ^<62267>;8699,125
2021;Fürstenfeld <62280>;-
2021;Grafendorf bei Hartberg ^<62213>;-
2021;Grafendorf bei Hartberg <62268>;3176,25
2021;Greinbach <62214>;1863,875
2021;Großhart ^<62215>;-
2021;Großsteinbach <62216>;1275
2021;Großwilfersdorf ^<62217>;-
2021;Großwilfersdorf <62269>;2098,875
2021;Hainersdorf ^<62218>;-
2021;Hartberg <62219>;6802,5
2021;Hartberg Umgebung <62220>;2186,25
2021;Hartl ^<62221>;-
2021;Hartl <62270>;2121,5
2021;Hofkirchen bei Hartberg ^<62222>;-
2021;Ilz ^<62223>;-
2021;Ilz <62271>;3731,75
2021;Kaibing ^<62224>;-
2021;Kaindorf ^<62225>;-
2021;Kaindorf <62272>;3013,125
2021;Lafnitz <62226>;1458,125
2021;Limbach bei Neudau ^<62227>;-
2021;Loipersdorf bei Fürstenfeld ^<62228>;-
2021;Bad Loipersdorf <62273>;1820,25
2021;Mönichwald ^<62229>;-
2021;Nestelbach im Ilztal ^<62230>;-
2021;Neudau ^<62231>;-
2021;Neudau <62274>;1483,25
2021;Ottendorf an der Rittschein <62232>;1579,25
2021;Pinggau <62233>;3131
2021;Pöllau ^<62234>;-
2021;Pöllau <62275>;5958
2021;Pöllauberg <62235>;2039,875
2021;Puchegg ^<62236>;-
2021;Rabenwald ^<62237>;-
2021;Riegersberg ^<62238>;-
2021;Rohr bei Hartberg ^<62239>;-
2021;Rohr bei Hartberg <62276>;1416,375
2021;Rohrbach an der Lafnitz ^<62240>;-
2021;Rohrbach an der Lafnitz <62277>;2645,875
2021;Saifen-Boden ^<62241>;-
2021;Sankt Jakob im Walde <62242>;1032,625
2021;Sankt Johann bei Herberstein ^<62243>;-
2021;Sankt Johann in der Haide <62244>;2203,875
2021;Sankt Lorenzen am Wechsel <62245>;1422,375
2021;Schachen bei Vorau ^<62246>;-
2021;Schäffern <62247>;1338,875
2021;Schlag bei Thalberg ^<62248>;-
2021;Schönegg bei Pöllau ^<62249>;-
2021;Sebersdorf ^<62250>;-
2021;Siegersdorf bei Herberstein ^<62251>;-
2021;Söchau ^<62252>;1459,875
2021;Sonnhofen ^<62253>;-
2021;Stambach ^<62254>;-
2021;Stein ^<62255>;-
2021;Stubenberg <62256>;2202,625
2021;Tiefenbach bei Kaindorf ^<62257>;-
2021;Übersbach ^<62258>;-
2021;Vorau ^<62259>;-
2021;Vorau <62278>;4649,625
2021;Vornholz ^<62260>;-
2021;Waldbach ^<62261>;-
2021;Waldbach-Mönichwald <62279>;1453
2021;Wenigzell <62262>;1399,625
2021;Wörth an der Lafnitz ^<62263>;-
2021;Amering ^<60801>;-
2021;Bretstein ^<60802>;-
2021;Eppenstein ^<60803>;-
2021;Fohnsdorf ^<60804>;-
2021;Hohentauern ^<60805>;-
2021;Judenburg ^<60806>;-
2021;Maria Buch-Feistritz ^<60809>;-
2021;Obdach ^<60810>;-
2021;Oberkurzheim ^<60811>;-
2021;Oberweg ^<60812>;-
2021;Oberzeiring ^<60813>;-
2021;Pöls ^<60814>;-
2021;Pusterwald ^<60815>;-
2021;Reifling ^<60816>;-
2021;Reisstraße ^<60817>;-
2021;Sankt Anna am Lavantegg ^<60808>;-
2021;Sankt Georgen ob Judenburg ^<60818>;-
2021;Sankt Johann am Tauern ^<60819>;-
2021;Sankt Oswald-Möderbrugg ^<60820>;-
2021;Sankt Peter ob Judenburg ^<60821>;-
2021;Sankt Wolfgang-Kienberg ^<60807>;-
2021;Unzmarkt-Frauenburg ^<60822>;-
2021;Weißkirchen in Steiermark ^<60823>;-
2021;Zeltweg ^<60824>;-
2021;Apfelberg ^<60901>;-
2021;Feistritz bei Knittelfeld ^<60902>;-
2021;Flatschach ^<60903>;-
2021;Gaal ^<60904>;-
2021;Großlobming ^<60905>;-
2021;Kleinlobming ^<60906>;-
2021;Knittelfeld ^<60907>;-
2021;Kobenz ^<60908>;-
2021;Rachau ^<60909>;-
2021;Sankt Lorenzen bei Knittelfeld ^<60910>;-
2021;Sankt Marein bei Knittelfeld ^<60911>;-
2021;Sankt Margarethen bei Knittelfeld ^<60912>;-
2021;Seckau ^<60913>;-
2021;Spielberg bei Knittelfeld ^<60914>;-
2022;Aflenz Kurort ^<60201>;-
2022;Aflenz Land ^<60202>;-
2022;Breitenau am Hochlantsch ^<60203>;-
2022;Bruck an der Mur ^<60204>;-
2022;Etmißl ^<60205>;-
2022;Frauenberg ^<60206>;-
2022;Gußwerk ^<60207>;-
2022;Halltal ^<60208>;-
2022;Kapfenberg ^<60209>;-
2022;Mariazell ^<60210>;-
2022;Oberaich ^<60211>;-
2022;Parschlug ^<60212>;-
2022;Pernegg an der Mur ^<60213>;-
2022;Sankt Ilgen ^<60214>;-
2022;Sankt Katharein an der Laming ^<60215>;-
2022;Sankt Lorenzen im Mürztal ^<60216>;-
2022;Sankt Marein im Mürztal ^<60217>;-
2022;Sankt Sebastian ^<60218>;-
2022;Thörl ^<60219>;-
2022;Tragöß ^<60220>;-
2022;Turnau ^<60221>;-
2022;Aflenz  <62138>;2420,625
2022;Aflenz Kurort ^<62101>;-
2022;Aflenz Land ^<62102>;-
2022;Allerheiligen im Mürztal ^<62103>;-
2022;Altenberg an der Rax ^<62104>;-
2022;Breitenau am Hochlantsch <62105>;1602,625
2022;Bruck an der Mur ^<62106>;-
2022;Bruck an der Mur <62139>;15868
2022;Etmißl ^<62107>;-
2022;Frauenberg ^<62108>;-
2022;Ganz ^<62109>;-
2022;Gußwerk ^<62110>;-
2022;Halltal ^<62111>;-
2022;Kapellen ^<62112>;-
2022;Kapfenberg ^<62113>;-
2022;Kapfenberg <62140>;22191,25
2022;Kindberg ^<62114>;-
2022;Kindberg <62141>;8203,75
2022;Krieglach <62115>;5385
2022;Langenwang <62116>;3875,375
2022;Mariazell ^<62117>;-
2022;Mariazell <62142>;3691,5
2022;Mitterdorf im Mürztal ^<62118>;-
2022;Mürzhofen ^<62119>;-
2022;Mürzsteg ^<62120>;-
2022;Mürzzuschlag ^<62121>;-
2022;Mürzzuschlag <62143>;8126,875
2022;Neuberg an der Mürz ^<62122>;-
2022;Neuberg an der Mürz <62144>;2348,75
2022;Oberaich ^<62123>;-
2022;Parschlug ^<62124>;-
2022;Pernegg an der Mur <62125>;2524,875
2022;Sankt Barbara im Mürztal <62145>;6501,875
2022;Sankt Ilgen ^<62126>;-
2022;Sankt Katharein an der Laming ^<62127>;-
2022;Sankt Lorenzen im Mürztal <62128>;3770,75
2022;Sankt Marein im Mürztal ^<62129>;-
2022;Sankt Marein im Mürztal <62146>;2818,625
2022;Sankt Sebastian ^<62130>;-
2022;Spital am Semmering <62131>;1755,25
2022;Stanz im Mürztal <62132>;1814,25
2022;Thörl ^<62133>;-
2022;Thörl <62147>;2196,125
2022;Tragöß ^<62134>;-
2022;Tragöß-Sankt Katharein <62148>;1798,125
2022;Turnau <62135>;1565,875
2022;Veitsch ^<62136>;-
2022;Wartberg im Mürztal ^<62137>;-
2022;Aibl ^<60301>;-
2022;Bad Gams ^<60307>;-
2022;Bad Schwanberg <60349>;4462,625
2022;Deutschlandsberg ^<60302>;-
2022;Deutschlandsberg <60344>;11687,125
2022;Eibiswald ^<60303>;-
2022;Eibiswald <60345>;6351,75
2022;Feldbaum ^<60304>;-
2022;Frauental an der Laßnitz <60305>;3080,875
2022;Freiland bei Deutschlandsberg ^<60306>;-
2022;Garanas ^<60308>;-
2022;Georgsberg ^<60309>;-
2022;Greisdorf ^<60310>;-
2022;Gressenberg ^<60311>;-
2022;Groß Sankt Florian ^<60312>;-
2022;Groß Sankt Florian <60346>;4105,25
2022;Großradl ^<60313>;-
2022;Gundersdorf ^<60314>;-
2022;Hollenegg ^<60315>;-
2022;Kloster ^<60316>;-
2022;Kruckenberg ^<60317>;-
2022;Lannach <60318>;3647,25
2022;Limberg bei Wies ^<60319>;-
2022;Marhof ^<60320>;-
2022;Osterwitz ^<60321>;-
2022;Pitschgau ^<60322>;-
2022;Pölfing-Brunn <60323>;1599,875
2022;Preding <60324>;1910,875
2022;Rassach ^<60325>;-
2022;Sankt Josef (Weststeiermark) <60326>;1704,625
2022;Sankt Martin im Sulmtal ^<60327>;-
2022;Sankt Martin im Sulmtal <60347>;3048,25
2022;Sankt Oswald ob Eibiswald ^<60328>;-
2022;Sankt Peter im Sulmtal <60329>;1255,5
2022;Sankt Stefan ob Stainz ^<60330>;-
2022;Sankt Stefan ob Stainz <60348>;3617,25
2022;Schwanberg ^<60331>;-
2022;Soboth ^<60332>;-
2022;Stainz ^<60333>;-
2022;Stainz <60350>;8712,875
2022;Stainztal ^<60334>;-
2022;Stallhof ^<60335>;-
2022;Sulmeck-Greith ^<60336>;-
2022;Sulz-Laufenegg ^<60337>;-
2022;Trahütten ^<60338>;-
2022;Unterbergla ^<60339>;-
2022;Wernersdorf ^<60340>;-
2022;Wettmannstätten <60341>;1664,5
2022;Wielfresen ^<60342>;-
2022;Wies ^<60343>;-
2022;Wies <60351>;4261,625
2022;Auersbach ^<60401>;-
2022;Aug-Radisch ^<60402>;-
2022;Bad Gleichenberg ^<60403>;-
2022;Bairisch Kölldorf ^<60404>;-
2022;Baumgarten bei Gnas ^<60405>;-
2022;Breitenfeld an der Rittschein ^<60406>;-
2022;Edelsbach bei Feldbach ^<60407>;-
2022;Edelstauden ^<60408>;-
2022;Eichkögl ^<60409>;-
2022;Fehring ^<60410>;-
2022;Feldbach ^<60411>;-
2022;Fladnitz im Raabtal ^<60412>;-
2022;Frannach ^<60413>;-
2022;Frutten-Gießelsdorf ^<60414>;-
2022;Glojach ^<60415>;-
2022;Gnas ^<60416>;-
2022;Gniebing-Weißenbach ^<60417>;-
2022;Gossendorf ^<60418>;-
2022;Grabersdorf ^<60419>;-
2022;Hatzendorf ^<60420>;-
2022;Hohenbrugg-Weinberg ^<60421>;-
2022;Jagerberg ^<60422>;-
2022;Johnsdorf-Brunn ^<60423>;-
2022;Kapfenstein ^<60424>;-
2022;Kirchbach in Steiermark ^<60425>;-
2022;Kirchberg an der Raab ^<60426>;-
2022;Kohlberg ^<60427>;-
2022;Kornberg bei Riegersburg ^<60428>;-
2022;Krusdorf ^<60429>;-
2022;Leitersdorf im Raabtal ^<60430>;-
2022;Lödersdorf ^<60431>;-
2022;Maierdorf ^<60432>;-
2022;Merkendorf ^<60433>;-
2022;Mitterlabill ^<60434>;-
2022;Mühldorf bei Feldbach ^<60435>;-
2022;Oberdorf am Hochegg ^<60436>;-
2022;Oberstorcha ^<60437>;-
2022;Paldau ^<60438>;-
2022;Perlsdorf ^<60439>;-
2022;Pertlstein ^<60440>;-
2022;Petersdorf II ^<60441>;-
2022;Pirching am Traubenberg ^<60442>;-
2022;Poppendorf ^<60443>;-
2022;Raabau ^<60444>;-
2022;Raning ^<60445>;-
2022;Reith b.Hartmannsdorf ^<60446>;-
2022;Riegersburg ^<60447>;-
2022;Sankt Anna am Aigen ^<60448>;-
2022;Sankt Stefan im Rosental ^<60449>;-
2022;Schwarzau im Schwarzautal ^<60450>;-
2022;Stainz bei Straden ^<60451>;-
2022;Studenzen ^<60452>;-
2022;Trautmannsdorf in Oststeiermark ^<60453>;-
2022;Unterauersbach ^<60454>;-
2022;Unterlamm ^<60455>;-
2022;Zerlach ^<60456>;-
2022;Altenmarkt bei Fürstenfeld ^<60501>;-
2022;Bad Blumau ^<60502>;-
2022;Burgau ^<60503>;-
2022;Fürstenfeld ^<60504>;-
2022;Großsteinbach ^<60505>;-
2022;Großwilfersdorf ^<60506>;-
2022;Hainersdorf ^<60507>;-
2022;Ilz ^<60508>;-
2022;Loipersdorf bei Fürstenfeld ^<60509>;-
2022;Nestelbach im Ilztal ^<60510>;-
2022;Ottendorf an der Rittschein ^<60511>;-
2022;Söchau ^<60512>;-
2022;Stein ^<60513>;-
2022;Übersbach ^<60514>;-
2022;Attendorf ^<60601>;-
2022;Brodingberg ^<60602>;-
2022;Deutschfeistritz ^<60603>;-
2022;Deutschfeistritz <60659>;4487,25
2022;Dobl ^<60604>;-
2022;Dobl-Zwaring <60660>;3745,5
2022;Edelsgrub ^<60605>;-
2022;Eggersdorf bei Graz ^<60606>;-
2022;Eggersdorf bei Graz <60661>;7100,75
2022;Eisbach ^<60607>;-
2022;Feldkirchen bei Graz <60608>;7216,75
2022;Fernitz ^<60609>;-
2022;Fernitz-Mellach <60662>;4920,875
2022;Frohnleiten ^<60610>;-
2022;Frohnleiten <60663>;6603,875
2022;Gössendorf <60611>;4203
2022;Grambach ^<60612>;-
2022;Gratkorn <60613>;8377
2022;Gratwein ^<60614>;-
2022;Gratwein-Straßengel <60664>;12750,375
2022;Großstübing ^<60615>;-
2022;Gschnaidt ^<60616>;-
2022;Hart bei Graz <60617>;5449,75
2022;Hart-Purgstall ^<60634>;-
2022;Haselsdorf-Tobelbad <60618>;1596,75
2022;Hausmannstätten <60619>;3751,75
2022;Hitzendorf ^<60620>;-
2022;Hitzendorf <60665>;7307,25
2022;Höf-Präbach ^<60621>;-
2022;Judendorf-Straßengel ^<60622>;-
2022;Kainbach bei Graz <60623>;2852,75
2022;Kalsdorf bei Graz <60624>;8170,625
2022;Krumegg ^<60625>;-
2022;Kumberg <60626>;3933,125
2022;Langegg bei Graz ^<60627>;-
2022;Laßnitzhöhe <60628>;2812,625
2022;Lieboch <60629>;5481,875
2022;Mellach ^<60630>;-
2022;Nestelbach bei Graz ^<60631>;-
2022;Nestelbach bei Graz <60666>;2750,875
2022;Peggau <60632>;2404,625
2022;Pirka ^<60633>;-
2022;Premstätten <60670>;6728
2022;Raaba ^<60635>;-
2022;Raaba-Grambach <60667>;4840,25
2022;Rohrbach-Steinberg ^<60637>;-
2022;Röthelstein ^<60636>;-
2022;Rothleiten ^<60638>;-
2022;Sankt Bartholomä <60639>;1482,125
2022;Sankt Marein bei Graz ^<60640>;-
2022;Sankt Marein bei Graz <60668>;3750,5
2022;Sankt Oswald bei Plankenwarth <60641>;1280,375
2022;Sankt Radegund bei Graz <60642>;2166,75
2022;Schrems bei Frohnleiten ^<60643>;-
2022;Seiersberg ^<60644>;-
2022;Seiersberg-Pirka <60669>;12038,5
2022;Semriach <60645>;3249
2022;Stattegg <60646>;3029,5
2022;Stiwoll <60647>;711
2022;Thal <60648>;2442,375
2022;Tulwitz ^<60649>;-
2022;Tyrnau ^<60650>;-
2022;Übelbach <60651>;2104,625
2022;Unterpremstätten ^<60652>;-
2022;Vasoldsberg <60653>;4763,25
2022;Weinitzen <60654>;2728,25
2022;Werndorf <60655>;2663,75
2022;Wundschuh <60656>;1658,375
2022;Zettling ^<60657>;-
2022;Zwaring-Pöls ^<60658>;-
2022;Bad Waltersdorf ^<60748>;-
2022;Blaindorf ^<60701>;-
2022;Buch-Geiseldorf ^<60702>;-
2022;Dechantskirchen ^<60703>;-
2022;Dienersdorf ^<60704>;-
2022;Ebersdorf ^<60705>;-
2022;Eichberg ^<60716>;-
2022;Friedberg ^<60706>;-
2022;Grafendorf bei Hartberg ^<60707>;-
2022;Greinbach ^<60708>;-
2022;Großhart ^<60709>;-
2022;Hartberg ^<60710>;-
2022;Hartberg Umgebung ^<60711>;-
2022;Hartl ^<60712>;-
2022;Hofkirchen bei Hartberg ^<60713>;-
2022;Kaibing ^<60714>;-
2022;Kaindorf ^<60715>;-
2022;Lafnitz ^<60717>;-
2022;Limbach bei Neudau ^<60718>;-
2022;Mönichwald ^<60719>;-
2022;Neudau ^<60720>;-
2022;Pinggau ^<60721>;-
2022;Pöllau ^<60722>;-
2022;Pöllauberg ^<60723>;-
2022;Puchegg ^<60724>;-
2022;Rabenwald ^<60725>;-
2022;Riegersberg ^<60726>;-
2022;Rohr bei Hartberg ^<60727>;-
2022;Rohrbach an der Lafnitz ^<60728>;-
2022;Saifen-Boden ^<60729>;-
2022;Sankt Jakob im Walde ^<60730>;-
2022;Sankt Johann bei Herberstein ^<60731>;-
2022;Sankt Johann in der Haide ^<60732>;-
2022;Sankt Lorenzen am Wechsel ^<60733>;-
2022;Sankt Magdalena am Lemberg ^<60734>;-
2022;Schachen bei Vorau ^<60735>;-
2022;Schäffern ^<60736>;-
2022;Schlag bei Thalberg ^<60737>;-
2022;Schönegg bei Pöllau ^<60738>;-
2022;Sebersdorf ^<60739>;-
2022;Siegersdorf bei Herberstein ^<60740>;-
2022;Sonnhofen ^<60741>;-
2022;Stambach ^<60742>;-
2022;Stubenberg ^<60743>;-
2022;Tiefenbach bei Kaindorf ^<60744>;-
2022;Vorau ^<60745>;-
2022;Vornholz ^<60746>;-
2022;Waldbach ^<60747>;-
2022;Wenigzell ^<60749>;-
2022;Wörth an der Lafnitz ^<60750>;-
2022;Altenmarkt bei Fürstenfeld ^<62201>;-
2022;Bad Blumau <62202>;1607,625
2022;Bad Waltersdorf ^<62203>;-
2022;Bad Waltersdorf <62264>;3915,5
2022;Blaindorf ^<62204>;-
2022;Buch-St. Magdalena <62205>;2182,125
2022;Burgau <62206>;1079,75
2022;Dechantskirchen ^<62207>;-
2022;Dechantskirchen <62265>;2005,75
2022;Dienersdorf ^<62208>;-
2022;Ebersdorf <62209>;1278,5
2022;Eichberg ^<62210>;-
2022;Feistritztal <62266>;2401,875
2022;Friedberg <62211>;2652,875
2022;Fürstenfeld ^<62212>;-
2022;Fürstenfeld ^<62267>;8837,25
2022;Fürstenfeld <62280>;-
2022;Grafendorf bei Hartberg ^<62213>;-
2022;Grafendorf bei Hartberg <62268>;3206,5
2022;Greinbach <62214>;1886,25
2022;Großhart ^<62215>;-
2022;Großsteinbach <62216>;1290,25
2022;Großwilfersdorf ^<62217>;-
2022;Großwilfersdorf <62269>;2135
2022;Hainersdorf ^<62218>;-
2022;Hartberg <62219>;6758,5
2022;Hartberg Umgebung <62220>;2214,75
2022;Hartl ^<62221>;-
2022;Hartl <62270>;2124,75
2022;Hofkirchen bei Hartberg ^<62222>;-
2022;Ilz ^<62223>;-
2022;Ilz <62271>;3764,375
2022;Kaibing ^<62224>;-
2022;Kaindorf ^<62225>;-
2022;Kaindorf <62272>;3026,75
2022;Lafnitz <62226>;1457,75
2022;Limbach bei Neudau ^<62227>;-
2022;Loipersdorf bei Fürstenfeld ^<62228>;-
2022;Bad Loipersdorf <62273>;1821,125
2022;Mönichwald ^<62229>;-
2022;Nestelbach im Ilztal ^<62230>;-
2022;Neudau ^<62231>;-
2022;Neudau <62274>;1512,5
2022;Ottendorf an der Rittschein <62232>;1588,375
2022;Pinggau <62233>;3134,375
2022;Pöllau ^<62234>;-
2022;Pöllau <62275>;5958
2022;Pöllauberg <62235>;2021,625
2022;Puchegg ^<62236>;-
2022;Rabenwald ^<62237>;-
2022;Riegersberg ^<62238>;-
2022;Rohr bei Hartberg ^<62239>;-
2022;Rohr bei Hartberg <62276>;1417,25
2022;Rohrbach an der Lafnitz ^<62240>;-
2022;Rohrbach an der Lafnitz <62277>;2646,75
2022;Saifen-Boden ^<62241>;-
2022;Sankt Jakob im Walde <62242>;1018
2022;Sankt Johann bei Herberstein ^<62243>;-
2022;Sankt Johann in der Haide <62244>;2246,25
2022;Sankt Lorenzen am Wechsel <62245>;1418,375
2022;Schachen bei Vorau ^<62246>;-
2022;Schäffern <62247>;1342
2022;Schlag bei Thalberg ^<62248>;-
2022;Schönegg bei Pöllau ^<62249>;-
2022;Sebersdorf ^<62250>;-
2022;Siegersdorf bei Herberstein ^<62251>;-
2022;Söchau ^<62252>;1462,375
2022;Sonnhofen ^<62253>;-
2022;Stambach ^<62254>;-
2022;Stein ^<62255>;-
2022;Stubenberg <62256>;2228,625
2022;Tiefenbach bei Kaindorf ^<62257>;-
2022;Übersbach ^<62258>;-
2022;Vorau ^<62259>;-
2022;Vorau <62278>;4653,25
2022;Vornholz ^<62260>;-
2022;Waldbach ^<62261>;-
2022;Waldbach-Mönichwald <62279>;1416,875
2022;Wenigzell <62262>;1405,25
2022;Wörth an der Lafnitz ^<62263>;-
2022;Amering ^<60801>;-
2022;Bretstein ^<60802>;-
2022;Eppenstein ^<60803>;-
2022;Fohnsdorf ^<60804>;-
2022;Hohentauern ^<60805>;-
2022;Judenburg ^<60806>;-
2022;Maria Buch-Feistritz ^<60809>;-
2022;Obdach ^<60810>;-
2022;Oberkurzheim ^<60811>;-
2022;Oberweg ^<60812>;-
2022;Oberzeiring ^<60813>;-
2022;Pöls ^<60814>;-
2022;Pusterwald ^<60815>;-
2022;Reifling ^<60816>;-
2022;Reisstraße ^<60817>;-
2022;Sankt Anna am Lavantegg ^<60808>;-
2022;Sankt Georgen ob Judenburg ^<60818>;-
2022;Sankt Johann am Tauern ^<60819>;-
2022;Sankt Oswald-Möderbrugg ^<60820>;-
2022;Sankt Peter ob Judenburg ^<60821>;-
2022;Sankt Wolfgang-Kienberg ^<60807>;-
2022;Unzmarkt-Frauenburg ^<60822>;-
2022;Weißkirchen in Steiermark ^<60823>;-
2022;Zeltweg ^<60824>;-
2022;Apfelberg ^<60901>;-
2022;Feistritz bei Knittelfeld ^<60902>;-
2022;Flatschach ^<60903>;-
2022;Gaal ^<60904>;-
2022;Großlobming ^<60905>;-
2022;Kleinlobming ^<60906>;-
2022;Knittelfeld ^<60907>;-
2022;Kobenz ^<60908>;-
2022;Rachau ^<60909>;-
2022;Sankt Lorenzen bei Knittelfeld ^<60910>;-
2022;Sankt Marein bei Knittelfeld ^<60911>;-
2022;Sankt Margarethen bei Knittelfeld ^<60912>;-
2022;Seckau ^<60913>;-
2022;Spielberg bei Knittelfeld ^<60914>;-
2023;Aflenz Kurort ^<60201>;-
2023;Aflenz Land ^<60202>;-
2023;Breitenau am Hochlantsch ^<60203>;-
2023;Bruck an der Mur ^<60204>;-
2023;Etmißl ^<60205>;-
2023;Frauenberg ^<60206>;-
2023;Gußwerk ^<60207>;-
2023;Halltal ^<60208>;-
2023;Kapfenberg ^<60209>;-
2023;Mariazell ^<60210>;-
2023;Oberaich ^<60211>;-
2023;Parschlug ^<60212>;-
2023;Pernegg an der Mur ^<60213>;-
2023;Sankt Ilgen ^<60214>;-
2023;Sankt Katharein an der Laming ^<60215>;-
2023;Sankt Lorenzen im Mürztal ^<60216>;-
2023;Sankt Marein im Mürztal ^<60217>;-
2023;Sankt Sebastian ^<60218>;-
2023;Thörl ^<60219>;-
2023;Tragöß ^<60220>;-
2023;Turnau ^<60221>;-
2023;Aflenz  <62138>;2441
2023;Aflenz Kurort ^<62101>;-
2023;Aflenz Land ^<62102>;-
2023;Allerheiligen im Mürztal ^<62103>;-
2023;Altenberg an der Rax ^<62104>;-
2023;Breitenau am Hochlantsch <62105>;1591,5
2023;Bruck an der Mur ^<62106>;-
2023;Bruck an der Mur <62139>;15895,5
2023;Etmißl ^<62107>;-
2023;Frauenberg ^<62108>;-
2023;Ganz ^<62109>;-
2023;Gußwerk ^<62110>;-
2023;Halltal ^<62111>;-
2023;Kapellen ^<62112>;-
2023;Kapfenberg ^<62113>;-
2023;Kapfenberg <62140>;22111,75
2023;Kindberg ^<62114>;-
2023;Kindberg <62141>;8312
2023;Krieglach <62115>;5396,625
2023;Langenwang <62116>;3882,375
2023;Mariazell ^<62117>;-
2023;Mariazell <62142>;3671,625
2023;Mitterdorf im Mürztal ^<62118>;-
2023;Mürzhofen ^<62119>;-
2023;Mürzsteg ^<62120>;-
2023;Mürzzuschlag ^<62121>;-
2023;Mürzzuschlag <62143>;7985,25
2023;Neuberg an der Mürz ^<62122>;-
2023;Neuberg an der Mürz <62144>;2325,125
2023;Oberaich ^<62123>;-
2023;Parschlug ^<62124>;-
2023;Pernegg an der Mur <62125>;2577,5
2023;Sankt Barbara im Mürztal <62145>;6484,25
2023;Sankt Ilgen ^<62126>;-
2023;Sankt Katharein an der Laming ^<62127>;-
2023;Sankt Lorenzen im Mürztal <62128>;3780,125
2023;Sankt Marein im Mürztal ^<62129>;-
2023;Sankt Marein im Mürztal <62146>;2827,875
2023;Sankt Sebastian ^<62130>;-
2023;Spital am Semmering <62131>;1669,5
2023;Stanz im Mürztal <62132>;1788,5
2023;Thörl ^<62133>;-
2023;Thörl <62147>;2190,125
2023;Tragöß ^<62134>;-
2023;Tragöß-Sankt Katharein <62148>;1765,125
2023;Turnau <62135>;1546
2023;Veitsch ^<62136>;-
2023;Wartberg im Mürztal ^<62137>;-
2023;Aibl ^<60301>;-
2023;Bad Gams ^<60307>;-
2023;Bad Schwanberg <60349>;4445,125
2023;Deutschlandsberg ^<60302>;-
2023;Deutschlandsberg <60344>;11714,5
2023;Eibiswald ^<60303>;-
2023;Eibiswald <60345>;6307,25
2023;Feldbaum ^<60304>;-
2023;Frauental an der Laßnitz <60305>;3163,25
2023;Freiland bei Deutschlandsberg ^<60306>;-
2023;Garanas ^<60308>;-
2023;Georgsberg ^<60309>;-
2023;Greisdorf ^<60310>;-
2023;Gressenberg ^<60311>;-
2023;Groß Sankt Florian ^<60312>;-
2023;Groß Sankt Florian <60346>;4099,125
2023;Großradl ^<60313>;-
2023;Gundersdorf ^<60314>;-
2023;Hollenegg ^<60315>;-
2023;Kloster ^<60316>;-
2023;Kruckenberg ^<60317>;-
2023;Lannach <60318>;3651,625
2023;Limberg bei Wies ^<60319>;-
2023;Marhof ^<60320>;-
2023;Osterwitz ^<60321>;-
2023;Pitschgau ^<60322>;-
2023;Pölfing-Brunn <60323>;1589,375
2023;Preding <60324>;1912
2023;Rassach ^<60325>;-
2023;Sankt Josef (Weststeiermark) <60326>;1711,75
2023;Sankt Martin im Sulmtal ^<60327>;-
2023;Sankt Martin im Sulmtal <60347>;3026,375
2023;Sankt Oswald ob Eibiswald ^<60328>;-
2023;Sankt Peter im Sulmtal <60329>;1294
2023;Sankt Stefan ob Stainz ^<60330>;-
2023;Sankt Stefan ob Stainz <60348>;3653
2023;Schwanberg ^<60331>;-
2023;Soboth ^<60332>;-
2023;Stainz ^<60333>;-
2023;Stainz <60350>;8642,875
2023;Stainztal ^<60334>;-
2023;Stallhof ^<60335>;-
2023;Sulmeck-Greith ^<60336>;-
2023;Sulz-Laufenegg ^<60337>;-
2023;Trahütten ^<60338>;-
2023;Unterbergla ^<60339>;-
2023;Wernersdorf ^<60340>;-
2023;Wettmannstätten <60341>;1672
2023;Wielfresen ^<60342>;-
2023;Wies ^<60343>;-
2023;Wies <60351>;4285,625
2023;Auersbach ^<60401>;-
2023;Aug-Radisch ^<60402>;-
2023;Bad Gleichenberg ^<60403>;-
2023;Bairisch Kölldorf ^<60404>;-
2023;Baumgarten bei Gnas ^<60405>;-
2023;Breitenfeld an der Rittschein ^<60406>;-
2023;Edelsbach bei Feldbach ^<60407>;-
2023;Edelstauden ^<60408>;-
2023;Eichkögl ^<60409>;-
2023;Fehring ^<60410>;-
2023;Feldbach ^<60411>;-
2023;Fladnitz im Raabtal ^<60412>;-
2023;Frannach ^<60413>;-
2023;Frutten-Gießelsdorf ^<60414>;-
2023;Glojach ^<60415>;-
2023;Gnas ^<60416>;-
2023;Gniebing-Weißenbach ^<60417>;-
2023;Gossendorf ^<60418>;-
2023;Grabersdorf ^<60419>;-
2023;Hatzendorf ^<60420>;-
2023;Hohenbrugg-Weinberg ^<60421>;-
2023;Jagerberg ^<60422>;-
2023;Johnsdorf-Brunn ^<60423>;-
2023;Kapfenstein ^<60424>;-
2023;Kirchbach in Steiermark ^<60425>;-
2023;Kirchberg an der Raab ^<60426>;-
2023;Kohlberg ^<60427>;-
2023;Kornberg bei Riegersburg ^<60428>;-
2023;Krusdorf ^<60429>;-
2023;Leitersdorf im Raabtal ^<60430>;-
2023;Lödersdorf ^<60431>;-
2023;Maierdorf ^<60432>;-
2023;Merkendorf ^<60433>;-
2023;Mitterlabill ^<60434>;-
2023;Mühldorf bei Feldbach ^<60435>;-
2023;Oberdorf am Hochegg ^<60436>;-
2023;Oberstorcha ^<60437>;-
2023;Paldau ^<60438>;-
2023;Perlsdorf ^<60439>;-
2023;Pertlstein ^<60440>;-
2023;Petersdorf II ^<60441>;-
2023;Pirching am Traubenberg ^<60442>;-
2023;Poppendorf ^<60443>;-
2023;Raabau ^<60444>;-
2023;Raning ^<60445>;-
2023;Reith b.Hartmannsdorf ^<60446>;-
2023;Riegersburg ^<60447>;-
2023;Sankt Anna am Aigen ^<60448>;-
2023;Sankt Stefan im Rosental ^<60449>;-
2023;Schwarzau im Schwarzautal ^<60450>;-
2023;Stainz bei Straden ^<60451>;-
2023;Studenzen ^<60452>;-
2023;Trautmannsdorf in Oststeiermark ^<60453>;-
2023;Unterauersbach ^<60454>;-
2023;Unterlamm ^<60455>;-
2023;Zerlach ^<60456>;-
2023;Altenmarkt bei Fürstenfeld ^<60501>;-
2023;Bad Blumau ^<60502>;-
2023;Burgau ^<60503>;-
2023;Fürstenfeld ^<60504>;-
2023;Großsteinbach ^<60505>;-
2023;Großwilfersdorf ^<60506>;-
2023;Hainersdorf ^<60507>;-
2023;Ilz ^<60508>;-
2023;Loipersdorf bei Fürstenfeld ^<60509>;-
2023;Nestelbach im Ilztal ^<60510>;-
2023;Ottendorf an der Rittschein ^<60511>;-
2023;Söchau ^<60512>;-
2023;Stein ^<60513>;-
2023;Übersbach ^<60514>;-
2023;Attendorf ^<60601>;-
2023;Brodingberg ^<60602>;-
2023;Deutschfeistritz ^<60603>;-
2023;Deutschfeistritz <60659>;4473,5
2023;Dobl ^<60604>;-
2023;Dobl-Zwaring <60660>;3796
2023;Edelsgrub ^<60605>;-
2023;Eggersdorf bei Graz ^<60606>;-
2023;Eggersdorf bei Graz <60661>;7212,25
2023;Eisbach ^<60607>;-
2023;Feldkirchen bei Graz <60608>;7286,75
2023;Fernitz ^<60609>;-
2023;Fernitz-Mellach <60662>;4942,25
2023;Frohnleiten ^<60610>;-
2023;Frohnleiten <60663>;6637,875
2023;Gössendorf <60611>;4215,25
2023;Grambach ^<60612>;-
2023;Gratkorn <60613>;8343,5
2023;Gratwein ^<60614>;-
2023;Gratwein-Straßengel <60664>;12807,375
2023;Großstübing ^<60615>;-
2023;Gschnaidt ^<60616>;-
2023;Hart bei Graz <60617>;5483,625
2023;Hart-Purgstall ^<60634>;-
2023;Haselsdorf-Tobelbad <60618>;1602,375
2023;Hausmannstätten <60619>;3779,5
2023;Hitzendorf ^<60620>;-
2023;Hitzendorf <60665>;7363
2023;Höf-Präbach ^<60621>;-
2023;Judendorf-Straßengel ^<60622>;-
2023;Kainbach bei Graz <60623>;2854
2023;Kalsdorf bei Graz <60624>;8494,25
2023;Krumegg ^<60625>;-
2023;Kumberg <60626>;3943
2023;Langegg bei Graz ^<60627>;-
2023;Laßnitzhöhe <60628>;2853,875
2023;Lieboch <60629>;5518,375
2023;Mellach ^<60630>;-
2023;Nestelbach bei Graz ^<60631>;-
2023;Nestelbach bei Graz <60666>;2747,875
2023;Peggau <60632>;2416,125
2023;Pirka ^<60633>;-
2023;Premstätten <60670>;6967,875
2023;Raaba ^<60635>;-
2023;Raaba-Grambach <60667>;4964,875
2023;Rohrbach-Steinberg ^<60637>;-
2023;Röthelstein ^<60636>;-
2023;Rothleiten ^<60638>;-
2023;Sankt Bartholomä <60639>;1502,25
2023;Sankt Marein bei Graz ^<60640>;-
2023;Sankt Marein bei Graz <60668>;3756,375
2023;Sankt Oswald bei Plankenwarth <60641>;1265
2023;Sankt Radegund bei Graz <60642>;2158,375
2023;Schrems bei Frohnleiten ^<60643>;-
2023;Seiersberg ^<60644>;-
2023;Seiersberg-Pirka <60669>;12165,75
2023;Semriach <60645>;3210,625
2023;Stattegg <60646>;3021,5
2023;Stiwoll <60647>;702,625
2023;Thal <60648>;2488,875
2023;Tulwitz ^<60649>;-
2023;Tyrnau ^<60650>;-
2023;Übelbach <60651>;2086,5
2023;Unterpremstätten ^<60652>;-
2023;Vasoldsberg <60653>;4780,5
2023;Weinitzen <60654>;2739,625
2023;Werndorf <60655>;2807
2023;Wundschuh <60656>;1666,5
2023;Zettling ^<60657>;-
2023;Zwaring-Pöls ^<60658>;-
2023;Bad Waltersdorf ^<60748>;-
2023;Blaindorf ^<60701>;-
2023;Buch-Geiseldorf ^<60702>;-
2023;Dechantskirchen ^<60703>;-
2023;Dienersdorf ^<60704>;-
2023;Ebersdorf ^<60705>;-
2023;Eichberg ^<60716>;-
2023;Friedberg ^<60706>;-
2023;Grafendorf bei Hartberg ^<60707>;-
2023;Greinbach ^<60708>;-
2023;Großhart ^<60709>;-
2023;Hartberg ^<60710>;-
2023;Hartberg Umgebung ^<60711>;-
2023;Hartl ^<60712>;-
2023;Hofkirchen bei Hartberg ^<60713>;-
2023;Kaibing ^<60714>;-
2023;Kaindorf ^<60715>;-
2023;Lafnitz ^<60717>;-
2023;Limbach bei Neudau ^<60718>;-
2023;Mönichwald ^<60719>;-
2023;Neudau ^<60720>;-
2023;Pinggau ^<60721>;-
2023;Pöllau ^<60722>;-
2023;Pöllauberg ^<60723>;-
2023;Puchegg ^<60724>;-
2023;Rabenwald ^<60725>;-
2023;Riegersberg ^<60726>;-
2023;Rohr bei Hartberg ^<60727>;-
2023;Rohrbach an der Lafnitz ^<60728>;-
2023;Saifen-Boden ^<60729>;-
2023;Sankt Jakob im Walde ^<60730>;-
2023;Sankt Johann bei Herberstein ^<60731>;-
2023;Sankt Johann in der Haide ^<60732>;-
2023;Sankt Lorenzen am Wechsel ^<60733>;-
2023;Sankt Magdalena am Lemberg ^<60734>;-
2023;Schachen bei Vorau ^<60735>;-
2023;Schäffern ^<60736>;-
2023;Schlag bei Thalberg ^<60737>;-
2023;Schönegg bei Pöllau ^<60738>;-
2023;Sebersdorf ^<60739>;-
2023;Siegersdorf bei Herberstein ^<60740>;-
2023;Sonnhofen ^<60741>;-
2023;Stambach ^<60742>;-
2023;Stubenberg ^<60743>;-
2023;Tiefenbach bei Kaindorf ^<60744>;-
2023;Vorau ^<60745>;-
2023;Vornholz ^<60746>;-
2023;Waldbach ^<60747>;-
2023;Wenigzell ^<60749>;-
2023;Wörth an der Lafnitz ^<60750>;-
2023;Altenmarkt bei Fürstenfeld ^<62201>;-
2023;Bad Blumau <62202>;1659,875
2023;Bad Waltersdorf ^<62203>;-
2023;Bad Waltersdorf <62264>;3922,875
2023;Blaindorf ^<62204>;-
2023;Buch-St. Magdalena <62205>;2180,375
2023;Burgau <62206>;1072,625
2023;Dechantskirchen ^<62207>;-
2023;Dechantskirchen <62265>;2014,25
2023;Dienersdorf ^<62208>;-
2023;Ebersdorf <62209>;1290,375
2023;Eichberg ^<62210>;-
2023;Feistritztal <62266>;2377,875
2023;Friedberg <62211>;2656,75
2023;Fürstenfeld ^<62212>;-
2023;Fürstenfeld ^<62267>;8877,5
2023;Fürstenfeld <62280>;-
2023;Grafendorf bei Hartberg ^<62213>;-
2023;Grafendorf bei Hartberg <62268>;3241
2023;Greinbach <62214>;1888,125
2023;Großhart ^<62215>;-
2023;Großsteinbach <62216>;1296,625
2023;Großwilfersdorf ^<62217>;-
2023;Großwilfersdorf <62269>;2125,5
2023;Hainersdorf ^<62218>;-
2023;Hartberg <62219>;6737,875
2023;Hartberg Umgebung <62220>;2230,375
2023;Hartl ^<62221>;-
2023;Hartl <62270>;2109,75
2023;Hofkirchen bei Hartberg ^<62222>;-
2023;Ilz ^<62223>;-
2023;Ilz <62271>;3761,25
2023;Kaibing ^<62224>;-
2023;Kaindorf ^<62225>;-
2023;Kaindorf <62272>;3024,625
2023;Lafnitz <62226>;1472,625
2023;Limbach bei Neudau ^<62227>;-
2023;Loipersdorf bei Fürstenfeld ^<62228>;-
2023;Bad Loipersdorf <62273>;1820,5
2023;Mönichwald ^<62229>;-
2023;Nestelbach im Ilztal ^<62230>;-
2023;Neudau ^<62231>;-
2023;Neudau <62274>;1549,5
2023;Ottendorf an der Rittschein <62232>;1595,125
2023;Pinggau <62233>;3112
2023;Pöllau ^<62234>;-
2023;Pöllau <62275>;5947,375
2023;Pöllauberg <62235>;2002,25
2023;Puchegg ^<62236>;-
2023;Rabenwald ^<62237>;-
2023;Riegersberg ^<62238>;-
2023;Rohr bei Hartberg ^<62239>;-
2023;Rohr bei Hartberg <62276>;1412,625
2023;Rohrbach an der Lafnitz ^<62240>;-
2023;Rohrbach an der Lafnitz <62277>;2631,125
2023;Saifen-Boden ^<62241>;-
2023;Sankt Jakob im Walde <62242>;1009,25
2023;Sankt Johann bei Herberstein ^<62243>;-
2023;Sankt Johann in der Haide <62244>;2250,25
2023;Sankt Lorenzen am Wechsel <62245>;1415,5
2023;Schachen bei Vorau ^<62246>;-
2023;Schäffern <62247>;1337,75
2023;Schlag bei Thalberg ^<62248>;-
2023;Schönegg bei Pöllau ^<62249>;-
2023;Sebersdorf ^<62250>;-
2023;Siegersdorf bei Herberstein ^<62251>;-
2023;Söchau ^<62252>;1468,5
2023;Sonnhofen ^<62253>;-
2023;Stambach ^<62254>;-
2023;Stein ^<62255>;-
2023;Stubenberg <62256>;2236,625
2023;Tiefenbach bei Kaindorf ^<62257>;-
2023;Übersbach ^<62258>;-
2023;Vorau ^<62259>;-
2023;Vorau <62278>;4639
2023;Vornholz ^<62260>;-
2023;Waldbach ^<62261>;-
2023;Waldbach-Mönichwald <62279>;1401,5
2023;Wenigzell <62262>;1405,625
2023;Wörth an der Lafnitz ^<62263>;-
2023;Amering ^<60801>;-
2023;Bretstein ^<60802>;-
2023;Eppenstein ^<60803>;-
2023;Fohnsdorf ^<60804>;-
2023;Hohentauern ^<60805>;-
2023;Judenburg ^<60806>;-
2023;Maria Buch-Feistritz ^<60809>;-
2023;Obdach ^<60810>;-
2023;Oberkurzheim ^<60811>;-
2023;Oberweg ^<60812>;-
2023;Oberzeiring ^<60813>;-
2023;Pöls ^<60814>;-
2023;Pusterwald ^<60815>;-
2023;Reifling ^<60816>;-
2023;Reisstraße ^<60817>;-
2023;Sankt Anna am Lavantegg ^<60808>;-
2023;Sankt Georgen ob Judenburg ^<60818>;-
2023;Sankt Johann am Tauern ^<60819>;-
2023;Sankt Oswald-Möderbrugg ^<60820>;-
2023;Sankt Peter ob Judenburg ^<60821>;-
2023;Sankt Wolfgang-Kienberg ^<60807>;-
2023;Unzmarkt-Frauenburg ^<60822>;-
2023;Weißkirchen in Steiermark ^<60823>;-
2023;Zeltweg ^<60824>;-
2023;Apfelberg ^<60901>;-
2023;Feistritz bei Knittelfeld ^<60902>;-
2023;Flatschach ^<60903>;-
2023;Gaal ^<60904>;-
2023;Großlobming ^<60905>;-
2023;Kleinlobming ^<60906>;-
2023;Knittelfeld ^<60907>;-
2023;Kobenz ^<60908>;-
2023;Rachau ^<60909>;-
2023;Sankt Lorenzen bei Knittelfeld ^<60910>;-
2023;Sankt Marein bei Knittelfeld ^<60911>;-
2023;Sankt Margarethen bei Knittelfeld ^<60912>;-
2023;Seckau ^<60913>;-
2023;Spielberg bei Knittelfeld ^<60914>;-
2024;Aflenz Kurort ^<60201>;-
2024;Aflenz Land ^<60202>;-
2024;Breitenau am Hochlantsch ^<60203>;-
2024;Bruck an der Mur ^<60204>;-
2024;Etmißl ^<60205>;-
2024;Frauenberg ^<60206>;-
2024;Gußwerk ^<60207>;-
2024;Halltal ^<60208>;-
2024;Kapfenberg ^<60209>;-
2024;Mariazell ^<60210>;-
2024;Oberaich ^<60211>;-
2024;Parschlug ^<60212>;-
2024;Pernegg an der Mur ^<60213>;-
2024;Sankt Ilgen ^<60214>;-
2024;Sankt Katharein an der Laming ^<60215>;-
2024;Sankt Lorenzen im Mürztal ^<60216>;-
2024;Sankt Marein im Mürztal ^<60217>;-
2024;Sankt Sebastian ^<60218>;-
2024;Thörl ^<60219>;-
2024;Tragöß ^<60220>;-
2024;Turnau ^<60221>;-
2024;Aflenz  <62138>;2459,5
2024;Aflenz Kurort ^<62101>;-
2024;Aflenz Land ^<62102>;-
2024;Allerheiligen im Mürztal ^<62103>;-
2024;Altenberg an der Rax ^<62104>;-
2024;Breitenau am Hochlantsch <62105>;1565,25
2024;Bruck an der Mur ^<62106>;-
2024;Bruck an der Mur <62139>;15766,875
2024;Etmißl ^<62107>;-
2024;Frauenberg ^<62108>;-
2024;Ganz ^<62109>;-
2024;Gußwerk ^<62110>;-
2024;Halltal ^<62111>;-
2024;Kapellen ^<62112>;-
2024;Kapfenberg ^<62113>;-
2024;Kapfenberg <62140>;21980,625
2024;Kindberg ^<62114>;-
2024;Kindberg <62141>;8246,5
2024;Krieglach <62115>;5427,75
2024;Langenwang <62116>;3893,375
2024;Mariazell ^<62117>;-
2024;Mariazell <62142>;3587,75
2024;Mitterdorf im Mürztal ^<62118>;-
2024;Mürzhofen ^<62119>;-
2024;Mürzsteg ^<62120>;-
2024;Mürzzuschlag ^<62121>;-
2024;Mürzzuschlag <62143>;7852,5
2024;Neuberg an der Mürz ^<62122>;-
2024;Neuberg an der Mürz <62144>;2279,5
2024;Oberaich ^<62123>;-
2024;Parschlug ^<62124>;-
2024;Pernegg an der Mur <62125>;2578,75
2024;Sankt Barbara im Mürztal <62145>;6432,5
2024;Sankt Ilgen ^<62126>;-
2024;Sankt Katharein an der Laming ^<62127>;-
2024;Sankt Lorenzen im Mürztal <62128>;3766,125
2024;Sankt Marein im Mürztal ^<62129>;-
2024;Sankt Marein im Mürztal <62146>;2876,25
2024;Sankt Sebastian ^<62130>;-
2024;Spital am Semmering <62131>;1493,625
2024;Stanz im Mürztal <62132>;1773,75
2024;Thörl ^<62133>;-
2024;Thörl <62147>;2179,25
2024;Tragöß ^<62134>;-
2024;Tragöß-Sankt Katharein <62148>;1769,875
2024;Turnau <62135>;1540,375
2024;Veitsch ^<62136>;-
2024;Wartberg im Mürztal ^<62137>;-
2024;Aibl ^<60301>;-
2024;Bad Gams ^<60307>;-
2024;Bad Schwanberg <60349>;4425,5
2024;Deutschlandsberg ^<60302>;-
2024;Deutschlandsberg <60344>;11780,25
2024;Eibiswald ^<60303>;-
2024;Eibiswald <60345>;6209,375
2024;Feldbaum ^<60304>;-
2024;Frauental an der Laßnitz <60305>;3185,125
2024;Freiland bei Deutschlandsberg ^<60306>;-
2024;Garanas ^<60308>;-
2024;Georgsberg ^<60309>;-
2024;Greisdorf ^<60310>;-
2024;Gressenberg ^<60311>;-
2024;Groß Sankt Florian ^<60312>;-
2024;Groß Sankt Florian <60346>;4117,875
2024;Großradl ^<60313>;-
2024;Gundersdorf ^<60314>;-
2024;Hollenegg ^<60315>;-
2024;Kloster ^<60316>;-
2024;Kruckenberg ^<60317>;-
2024;Lannach <60318>;3673
2024;Limberg bei Wies ^<60319>;-
2024;Marhof ^<60320>;-
2024;Osterwitz ^<60321>;-
2024;Pitschgau ^<60322>;-
2024;Pölfing-Brunn <60323>;1580,625
2024;Preding <60324>;1899,5
2024;Rassach ^<60325>;-
2024;Sankt Josef (Weststeiermark) <60326>;1686,875
2024;Sankt Martin im Sulmtal ^<60327>;-
2024;Sankt Martin im Sulmtal <60347>;3005,625
2024;Sankt Oswald ob Eibiswald ^<60328>;-
2024;Sankt Peter im Sulmtal <60329>;1278,625
2024;Sankt Stefan ob Stainz ^<60330>;-
2024;Sankt Stefan ob Stainz <60348>;3665,375
2024;Schwanberg ^<60331>;-
2024;Soboth ^<60332>;-
2024;Stainz ^<60333>;-
2024;Stainz <60350>;8701,625
2024;Stainztal ^<60334>;-
2024;Stallhof ^<60335>;-
2024;Sulmeck-Greith ^<60336>;-
2024;Sulz-Laufenegg ^<60337>;-
2024;Trahütten ^<60338>;-
2024;Unterbergla ^<60339>;-
2024;Wernersdorf ^<60340>;-
2024;Wettmannstätten <60341>;1661,125
2024;Wielfresen ^<60342>;-
2024;Wies ^<60343>;-
2024;Wies <60351>;4295,125
2024;Auersbach ^<60401>;-
2024;Aug-Radisch ^<60402>;-
2024;Bad Gleichenberg ^<60403>;-
2024;Bairisch Kölldorf ^<60404>;-
2024;Baumgarten bei Gnas ^<60405>;-
2024;Breitenfeld an der Rittschein ^<60406>;-
2024;Edelsbach bei Feldbach ^<60407>;-
2024;Edelstauden ^<60408>;-
2024;Eichkögl ^<60409>;-
2024;Fehring ^<60410>;-
2024;Feldbach ^<60411>;-
2024;Fladnitz im Raabtal ^<60412>;-
2024;Frannach ^<60413>;-
2024;Frutten-Gießelsdorf ^<60414>;-
2024;Glojach ^<60415>;-
2024;Gnas ^<60416>;-
2024;Gniebing-Weißenbach ^<60417>;-
2024;Gossendorf ^<60418>;-
2024;Grabersdorf ^<60419>;-
2024;Hatzendorf ^<60420>;-
2024;Hohenbrugg-Weinberg ^<60421>;-
2024;Jagerberg ^<60422>;-
2024;Johnsdorf-Brunn ^<60423>;-
2024;Kapfenstein ^<60424>;-
2024;Kirchbach in Steiermark ^<60425>;-
2024;Kirchberg an der Raab ^<60426>;-
2024;Kohlberg ^<60427>;-
2024;Kornberg bei Riegersburg ^<60428>;-
2024;Krusdorf ^<60429>;-
2024;Leitersdorf im Raabtal ^<60430>;-
2024;Lödersdorf ^<60431>;-
2024;Maierdorf ^<60432>;-
2024;Merkendorf ^<60433>;-
2024;Mitterlabill ^<60434>;-
2024;Mühldorf bei Feldbach ^<60435>;-
2024;Oberdorf am Hochegg ^<60436>;-
2024;Oberstorcha ^<60437>;-
2024;Paldau ^<60438>;-
2024;Perlsdorf ^<60439>;-
2024;Pertlstein ^<60440>;-
2024;Petersdorf II ^<60441>;-
2024;Pirching am Traubenberg ^<60442>;-
2024;Poppendorf ^<60443>;-
2024;Raabau ^<60444>;-
2024;Raning ^<60445>;-
2024;Reith b.Hartmannsdorf ^<60446>;-
2024;Riegersburg ^<60447>;-
2024;Sankt Anna am Aigen ^<60448>;-
2024;Sankt Stefan im Rosental ^<60449>;-
2024;Schwarzau im Schwarzautal ^<60450>;-
2024;Stainz bei Straden ^<60451>;-
2024;Studenzen ^<60452>;-
2024;Trautmannsdorf in Oststeiermark ^<60453>;-
2024;Unterauersbach ^<60454>;-
2024;Unterlamm ^<60455>;-
2024;Zerlach ^<60456>;-
2024;Altenmarkt bei Fürstenfeld ^<60501>;-
2024;Bad Blumau ^<60502>;-
2024;Burgau ^<60503>;-
2024;Fürstenfeld ^<60504>;-
2024;Großsteinbach ^<60505>;-
2024;Großwilfersdorf ^<60506>;-
2024;Hainersdorf ^<60507>;-
2024;Ilz ^<60508>;-
2024;Loipersdorf bei Fürstenfeld ^<60509>;-
2024;Nestelbach im Ilztal ^<60510>;-
2024;Ottendorf an der Rittschein ^<60511>;-
2024;Söchau ^<60512>;-
2024;Stein ^<60513>;-
2024;Übersbach ^<60514>;-
2024;Attendorf ^<60601>;-
2024;Brodingberg ^<60602>;-
2024;Deutschfeistritz ^<60603>;-
2024;Deutschfeistritz <60659>;4441,5
2024;Dobl ^<60604>;-
2024;Dobl-Zwaring <60660>;3784,125
2024;Edelsgrub ^<60605>;-
2024;Eggersdorf bei Graz ^<60606>;-
2024;Eggersdorf bei Graz <60661>;7313
2024;Eisbach ^<60607>;-
2024;Feldkirchen bei Graz <60608>;7286,5
2024;Fernitz ^<60609>;-
2024;Fernitz-Mellach <60662>;4961,375
2024;Frohnleiten ^<60610>;-
2024;Frohnleiten <60663>;6682,5
2024;Gössendorf <60611>;4218,375
2024;Grambach ^<60612>;-
2024;Gratkorn <60613>;8293,125
2024;Gratwein ^<60614>;-
2024;Gratwein-Straßengel <60664>;12842
2024;Großstübing ^<60615>;-
2024;Gschnaidt ^<60616>;-
2024;Hart bei Graz <60617>;5511,75
2024;Hart-Purgstall ^<60634>;-
2024;Haselsdorf-Tobelbad <60618>;1621,5
2024;Hausmannstätten <60619>;3790,5
2024;Hitzendorf ^<60620>;-
2024;Hitzendorf <60665>;7360
2024;Höf-Präbach ^<60621>;-
2024;Judendorf-Straßengel ^<60622>;-
2024;Kainbach bei Graz <60623>;2883,125
2024;Kalsdorf bei Graz <60624>;8813
2024;Krumegg ^<60625>;-
2024;Kumberg <60626>;3933,125
2024;Langegg bei Graz ^<60627>;-
2024;Laßnitzhöhe <60628>;2893,375
2024;Lieboch <60629>;5665,375
2024;Mellach ^<60630>;-
2024;Nestelbach bei Graz ^<60631>;-
2024;Nestelbach bei Graz <60666>;2745,375
2024;Peggau <60632>;2410,875
2024;Pirka ^<60633>;-
2024;Premstätten <60670>;7153,125
2024;Raaba ^<60635>;-
2024;Raaba-Grambach <60667>;4995,375
2024;Rohrbach-Steinberg ^<60637>;-
2024;Röthelstein ^<60636>;-
2024;Rothleiten ^<60638>;-
2024;Sankt Bartholomä <60639>;1509,375
2024;Sankt Marein bei Graz ^<60640>;-
2024;Sankt Marein bei Graz <60668>;3751,25
2024;Sankt Oswald bei Plankenwarth <60641>;1273,5
2024;Sankt Radegund bei Graz <60642>;2167,875
2024;Schrems bei Frohnleiten ^<60643>;-
2024;Seiersberg ^<60644>;-
2024;Seiersberg-Pirka <60669>;12283,375
2024;Semriach <60645>;3171,625
2024;Stattegg <60646>;3029,75
2024;Stiwoll <60647>;699,625
2024;Thal <60648>;2535,375
2024;Tulwitz ^<60649>;-
2024;Tyrnau ^<60650>;-
2024;Übelbach <60651>;2070,875
2024;Unterpremstätten ^<60652>;-
2024;Vasoldsberg <60653>;4796,5
2024;Weinitzen <60654>;2749,75
2024;Werndorf <60655>;2912,75
2024;Wundschuh <60656>;1669,625
2024;Zettling ^<60657>;-
2024;Zwaring-Pöls ^<60658>;-
2024;Bad Waltersdorf ^<60748>;-
2024;Blaindorf ^<60701>;-
2024;Buch-Geiseldorf ^<60702>;-
2024;Dechantskirchen ^<60703>;-
2024;Dienersdorf ^<60704>;-
2024;Ebersdorf ^<60705>;-
2024;Eichberg ^<60716>;-
2024;Friedberg ^<60706>;-
2024;Grafendorf bei Hartberg ^<60707>;-
2024;Greinbach ^<60708>;-
2024;Großhart ^<60709>;-
2024;Hartberg ^<60710>;-
2024;Hartberg Umgebung ^<60711>;-
2024;Hartl ^<60712>;-
2024;Hofkirchen bei Hartberg ^<60713>;-
2024;Kaibing ^<60714>;-
2024;Kaindorf ^<60715>;-
2024;Lafnitz ^<60717>;-
2024;Limbach bei Neudau ^<60718>;-
2024;Mönichwald ^<60719>;-
2024;Neudau ^<60720>;-
2024;Pinggau ^<60721>;-
2024;Pöllau ^<60722>;-
2024;Pöllauberg ^<60723>;-
2024;Puchegg ^<60724>;-
2024;Rabenwald ^<60725>;-
2024;Riegersberg ^<60726>;-
2024;Rohr bei Hartberg ^<60727>;-
2024;Rohrbach an der Lafnitz ^<60728>;-
2024;Saifen-Boden ^<60729>;-
2024;Sankt Jakob im Walde ^<60730>;-
2024;Sankt Johann bei Herberstein ^<60731>;-
2024;Sankt Johann in der Haide ^<60732>;-
2024;Sankt Lorenzen am Wechsel ^<60733>;-
2024;Sankt Magdalena am Lemberg ^<60734>;-
2024;Schachen bei Vorau ^<60735>;-
2024;Schäffern ^<60736>;-
2024;Schlag bei Thalberg ^<60737>;-
2024;Schönegg bei Pöllau ^<60738>;-
2024;Sebersdorf ^<60739>;-
2024;Siegersdorf bei Herberstein ^<60740>;-
2024;Sonnhofen ^<60741>;-
2024;Stambach ^<60742>;-
2024;Stubenberg ^<60743>;-
2024;Tiefenbach bei Kaindorf ^<60744>;-
2024;Vorau ^<60745>;-
2024;Vornholz ^<60746>;-
2024;Waldbach ^<60747>;-
2024;Wenigzell ^<60749>;-
2024;Wörth an der Lafnitz ^<60750>;-
2024;Altenmarkt bei Fürstenfeld ^<62201>;-
2024;Bad Blumau <62202>;1677
2024;Bad Waltersdorf ^<62203>;-
2024;Bad Waltersdorf <62264>;3979,25
2024;Blaindorf ^<62204>;-
2024;Buch-St. Magdalena <62205>;2186,875
2024;Burgau <62206>;1085,125
2024;Dechantskirchen ^<62207>;-
2024;Dechantskirchen <62265>;2006,25
2024;Dienersdorf ^<62208>;-
2024;Ebersdorf <62209>;1306,625
2024;Eichberg ^<62210>;-
2024;Feistritztal <62266>;2348,625
2024;Friedberg <62211>;2672,75
2024;Fürstenfeld ^<62212>;-
2024;Fürstenfeld ^<62267>;8908,875
2024;Fürstenfeld <62280>;-
2024;Grafendorf bei Hartberg ^<62213>;-
2024;Grafendorf bei Hartberg <62268>;3252,25
2024;Greinbach <62214>;1873,5
2024;Großhart ^<62215>;-
2024;Großsteinbach <62216>;1294
2024;Großwilfersdorf ^<62217>;-
2024;Großwilfersdorf <62269>;2103,75
2024;Hainersdorf ^<62218>;-
2024;Hartberg <62219>;6687
2024;Hartberg Umgebung <62220>;2223
2024;Hartl ^<62221>;-
2024;Hartl <62270>;2125,5
2024;Hofkirchen bei Hartberg ^<62222>;-
2024;Ilz ^<62223>;-
2024;Ilz <62271>;3811
2024;Kaibing ^<62224>;-
2024;Kaindorf ^<62225>;-
2024;Kaindorf <62272>;3012,375
2024;Lafnitz <62226>;1452,875
2024;Limbach bei Neudau ^<62227>;-
2024;Loipersdorf bei Fürstenfeld ^<62228>;-
2024;Bad Loipersdorf <62273>;1820,25
2024;Mönichwald ^<62229>;-
2024;Nestelbach im Ilztal ^<62230>;-
2024;Neudau ^<62231>;-
2024;Neudau <62274>;1539,625
2024;Ottendorf an der Rittschein <62232>;1595,125
2024;Pinggau <62233>;3095,625
2024;Pöllau ^<62234>;-
2024;Pöllau <62275>;5908,875
2024;Pöllauberg <62235>;1980
2024;Puchegg ^<62236>;-
2024;Rabenwald ^<62237>;-
2024;Riegersberg ^<62238>;-
2024;Rohr bei Hartberg ^<62239>;-
2024;Rohr bei Hartberg <62276>;1404,875
2024;Rohrbach an der Lafnitz ^<62240>;-
2024;Rohrbach an der Lafnitz <62277>;2613,25
2024;Saifen-Boden ^<62241>;-
2024;Sankt Jakob im Walde <62242>;1016,625
2024;Sankt Johann bei Herberstein ^<62243>;-
2024;Sankt Johann in der Haide <62244>;2285,5
2024;Sankt Lorenzen am Wechsel <62245>;1418
2024;Schachen bei Vorau ^<62246>;-
2024;Schäffern <62247>;1341,25
2024;Schlag bei Thalberg ^<62248>;-
2024;Schönegg bei Pöllau ^<62249>;-
2024;Sebersdorf ^<62250>;-
2024;Siegersdorf bei Herberstein ^<62251>;-
2024;Söchau ^<62252>;1459,25
2024;Sonnhofen ^<62253>;-
2024;Stambach ^<62254>;-
2024;Stein ^<62255>;-
2024;Stubenberg <62256>;2229,125
2024;Tiefenbach bei Kaindorf ^<62257>;-
2024;Übersbach ^<62258>;-
2024;Vorau ^<62259>;-
2024;Vorau <62278>;4598,125
2024;Vornholz ^<62260>;-
2024;Waldbach ^<62261>;-
2024;Waldbach-Mönichwald <62279>;1384,5
2024;Wenigzell <62262>;1381,5
2024;Wörth an der Lafnitz ^<62263>;-
2024;Amering ^<60801>;-
2024;Bretstein ^<60802>;-
2024;Eppenstein ^<60803>;-
2024;Fohnsdorf ^<60804>;-
2024;Hohentauern ^<60805>;-
2024;Judenburg ^<60806>;-
2024;Maria Buch-Feistritz ^<60809>;-
2024;Obdach ^<60810>;-
2024;Oberkurzheim ^<60811>;-
2024;Oberweg ^<60812>;-
2024;Oberzeiring ^<60813>;-
2024;Pöls ^<60814>;-
2024;Pusterwald ^<60815>;-
2024;Reifling ^<60816>;-
2024;Reisstraße ^<60817>;-
2024;Sankt Anna am Lavantegg ^<60808>;-
2024;Sankt Georgen ob Judenburg ^<60818>;-
2024;Sankt Johann am Tauern ^<60819>;-
2024;Sankt Oswald-Möderbrugg ^<60820>;-
2024;Sankt Peter ob Judenburg ^<60821>;-
2024;Sankt Wolfgang-Kienberg ^<60807>;-
2024;Unzmarkt-Frauenburg ^<60822>;-
2024;Weißkirchen in Steiermark ^<60823>;-
2024;Zeltweg ^<60824>;-
2024;Apfelberg ^<60901>;-
2024;Feistritz bei Knittelfeld ^<60902>;-
2024;Flatschach ^<60903>;-
2024;Gaal ^<60904>;-
2024;Großlobming ^<60905>;-
2024;Kleinlobming ^<60906>;-
2024;Knittelfeld ^<60907>;-
2024;Kobenz ^<60908>;-
2024;Rachau ^<60909>;-
2024;Sankt Lorenzen bei Knittelfeld ^<60910>;-
2024;Sankt Marein bei Knittelfeld ^<60911>;-
2024;Sankt Margarethen bei Knittelfeld ^<60912>;-
2024;Seckau ^<60913>;-
2024;Spielberg bei Knittelfeld ^<60914>;-
