jahr;gemnr;n
2002;Graz <60101>;234041,625
2002;Eisenerz <61101>;6214,75
2002;Gai ^<61102>;1760,5
2002;Hafning bei Trofaiach ^<61103>;1648,375
2002;Hieflau ^<61104>;986,875
2002;Kalwang <61105>;1189
2002;Kammern im Liesingtal <61106>;1655,625
2002;Kraubath an der Mur <61107>;1355,625
2002;Leoben <61108>;25580,75
2002;Mautern in Steiermark <61109>;2077,625
2002;Niklasdorf <61110>;2690,875
2002;Proleb <61111>;1626
2002;Radmer <61112>;782,25
2002;Sankt Michael in Obersteiermark <61113>;3303,375
2002;Sankt Peter-Freienstein <61114>;2488,125
2002;Sankt Stefan ob Leoben <61115>;2088,25
2002;Traboch <61116>;1351,375
2002;Trofaiach ^<61117>;8321,75
2002;Trofaiach <61120>;-
2002;Vordernberg <61118>;1342,25
2002;Wald am Schoberpaß <61119>;686,125
2002;Admont ^<61201>;2725,875
2002;Admont <61253>;-
2002;Aich ^<61202>;836,25
2002;Aich <61254>;-
2002;Aigen im Ennstal <61203>;2546,875
2002;Altaussee <61204>;1857,75
2002;Altenmarkt bei Sankt Gallen <61205>;928,75
2002;Ardning <61206>;1244,5
2002;Bad Aussee <61207>;4946,75
2002;Bad Mitterndorf ^<61226>;3172,375
2002;Bad Mitterndorf <61255>;-
2002;Donnersbach ^<61208>;1126,375
2002;Donnersbachwald ^<61209>;356,875
2002;Gaishorn am See ^<61210>;1086,5
2002;Gaishorn am See <61256>;-
2002;Gams bei Hieflau ^<61211>;631,375
2002;Gössenberg ^<61212>;297
2002;Gröbming <61213>;2490,5
2002;Großsölk ^<61214>;517,375
2002;Grundlsee <61215>;1312,5
2002;Hall ^<61216>;1858,375
2002;Haus <61217>;2465,625
2002;Irdning ^<61218>;2638,625
2002;Irdning-Donnersbachtal <61257>;-
2002;Johnsbach ^<61219>;161,875
2002;Kleinsölk ^<61220>;613,25
2002;Landl ^<61221>;1345,5
2002;Landl <61258>;-
2002;Lassing <61222>;1817,375
2002;Liezen ^<61223>;6914,25
2002;Liezen <61259>;-
2002;Michaelerberg ^<61224>;520,75
2002;Michaelerberg-Pruggern <61260>;-
2002;Mitterberg ^<61225>;1078,375
2002;Mitterberg-Sankt Martin <61261>;-
2002;Niederöblarn ^<61227>;560,375
2002;Öblarn ^<61228>;1471,625
2002;Öblarn <61262>;-
2002;Oppenberg ^<61229>;275,125
2002;Palfau ^<61230>;440
2002;Palten ^<61231>;-
2002;Pichl-Kainisch ^<61233>;770,375
2002;Pichl-Preunegg ^<61232>;895,125
2002;Pruggern ^<61234>;652,625
2002;Pürgg-Trautenfels ^<61235>;988,875
2002;Ramsau am Dachstein <61236>;2693,625
2002;Rohrmoos-Untertal ^<61237>;1426
2002;Rottenmann ^<61238>;5390,625
2002;Rottenmann <61263>;-
2002;Sankt Gallen ^<61239>;1516
2002;Sankt Gallen <61264>;-
2002;Sankt Martin am Grimming ^<61240>;777,125
2002;Sankt Nikolai im Sölktal ^<61241>;504,125
2002;Schladming ^<61242>;4505,375
2002;Schladming <61265>;-
2002;Selzthal <61243>;1925,375
2002;Sölk <61266>;-
2002;Stainach ^<61244>;2024,875
2002;Stainach-Pürgg <61267>;-
2002;Tauplitz ^<61245>;1005,125
2002;Treglwang ^<61246>;383,875
2002;Trieben <61247>;3800
2002;Weißenbach an der Enns ^<61248>;552,75
2002;Weißenbach bei Liezen ^<61249>;1160,625
2002;Weng im Gesäuse ^<61250>;627,125
2002;Wildalpen <61251>;599,5
2002;Wörschach <61252>;1192,625
2002;Amering ^<62001>;-
2002;Apfelberg ^<62002>;-
2002;Bretstein ^<62003>;-
2002;Eppenstein ^<62004>;-
2002;Feistritz bei Knittelfeld ^<62005>;-
2002;Flatschach ^<62006>;-
2002;Fohnsdorf <62007>;-
2002;Gaal <62008>;-
2002;Großlobming ^<62009>;-
2002;Hohentauern <62010>;-
2002;Judenburg ^<62011>;-
2002;Judenburg <62040>;-
2002;Kleinlobming ^<62012>;-
2002;Knittelfeld ^<62013>;-
2002;Knittelfeld <62041>;-
2002;Kobenz <62014>;-
2002;Lobmingtal <62039>;-
2002;Maria Buch-Feistritz ^<62015>;-
2002;Obdach ^<62016>;-
2002;Obdach <62042>;-
2002;Oberkurzheim ^<62017>;-
2002;Oberweg ^<62018>;-
2002;Oberzeiring ^<62019>;-
2002;Pöls ^<62020>;-
2002;Pöls-Oberkurzheim <62043>;-
2002;Pölstal <62044>;-
2002;Pusterwald <62021>;-
2002;Rachau ^<62022>;-
2002;Reifling ^<62023>;-
2002;Reisstraße ^<62024>;-
2002;Sankt Anna am Lavantegg ^<62025>;-
2002;Sankt Georgen ob Judenburg <62026>;-
2002;Sankt Johann am Tauern ^<62027>;-
2002;Sankt Lorenzen bei Knittelfeld ^<62028>;-
2002;Sankt Marein bei Knittelfeld ^<62029>;-
2002;Sankt Marein-Feistritz <62045>;-
2002;Sankt Margarethen bei Knittelfeld ^<62030>;-
2002;Sankt Margarethen bei Knittelfeld <62046>;-
2002;Sankt Oswald-Möderbrugg ^<62031>;-
2002;Sankt Peter ob Judenburg <62032>;-
2002;Sankt Wolfgang-Kienberg ^<62033>;-
2002;Seckau <62034>;-
2002;Spielberg  ^<62035>;-
2002;Spielberg <62047>;-
2002;Unzmarkt-Frauenburg <62036>;-
2002;Weißkirchen in Steiermark ^<62037>;-
2002;Weißkirchen in Steiermark <62048>;-
2002;Zeltweg <62038>;-
2002;Allerheiligen im Mürztal ^<61301>;1973,125
2002;Altenberg an der Rax ^<61302>;341,25
2002;Ganz ^<61303>;378,75
2002;Kapellen ^<61304>;687,5
2002;Kindberg ^<61305>;5830,875
2002;Krieglach ^<61306>;5114,625
2002;Langenwang ^<61307>;4076,375
2002;Mitterdorf im Mürztal ^<61308>;2488,5
2002;Mürzhofen ^<61309>;1018
2002;Mürzsteg ^<61310>;585,375
2002;Mürzzuschlag ^<61311>;9510,625
2002;Neuberg an der Mürz ^<61312>;1513
2002;Spital am Semmering ^<61313>;1807,875
2002;Stanz im Mürztal ^<61314>;2045,625
2002;Veitsch ^<61315>;2946,625
2002;Wartberg im Mürztal ^<61316>;2346,875
2002;Dürnstein in der Steiermark ^<61401>;329,875
2002;Falkendorf ^<61402>;198,875
2002;Frojach-Katsch ^<61403>;1248,375
2002;Krakau <61437>;-
2002;Krakaudorf ^<61404>;670,875
2002;Krakauhintermühlen ^<61405>;600
2002;Krakauschatten ^<61406>;300,125
2002;Kulm am Zirbitz ^<61407>;370,75
2002;Laßnitz bei Murau ^<61408>;1065,25
2002;Mariahof ^<61409>;1326,875
2002;Mühlen <61410>;1026,375
2002;Murau ^<61411>;2279,25
2002;Murau <61438>;-
2002;Neumarkt in der Steiermark <61439>;-
2002;Neumarkt in Steiermark ^<61412>;1929,5
2002;Niederwölz <61413>;608,625
2002;Oberwölz  <61440>;-
2002;Oberwölz Stadt ^<61414>;1039,625
2002;Oberwölz Umgebung ^<61415>;877,875
2002;Perchau am Sattel ^<61416>;316,75
2002;Predlitz-Turrach ^<61417>;891
2002;Ranten ^<61418>;1091
2002;Ranten <61441>;-
2002;Rinegg ^<61419>;178,125
2002;Sankt Blasen ^<61420>;677,375
2002;Sankt Georgen am Kreischberg <61442>;-
2002;Sankt Georgen ob Murau ^<61421>;1418,375
2002;Sankt Lambrecht ^<61422>;1660
2002;Sankt Lambrecht <61443>;-
2002;Sankt Lorenzen bei Scheifling ^<61423>;662,875
2002;Sankt Marein bei Neumarkt ^<61424>;992,375
2002;Sankt Ruprecht ob Murau ^<61426>;321,25
2002;Sankt Ruprecht-Falkendorf ^<61436>;-
2002;St. Peter am Kammersberg <61425>;2195,625
2002;Scheifling ^<61427>;1636,75
2002;Scheifling <61444>;-
2002;Schöder <61428>;1100,5
2002;Schönberg-Lachtal ^<61429>;457,875
2002;Stadl an der Mur ^<61430>;1088,75
2002;Stadl-Predlitz <61445>;-
2002;Stolzalpe ^<61431>;547,375
2002;Teufenbach ^<61432>;693
2002;Teufenbach-Katsch <61446>;-
2002;Triebendorf ^<61433>;164,375
2002;Winklern bei Oberwölz ^<61434>;941
2002;Zeutschach ^<61435>;231,75
2002;Bad Radkersburg ^<61513>;1551,5
2002;Bierbaum am Auersbach ^<61501>;482,25
2002;Deutsch Goritz ^<61502>;1330,25
2002;Dietersdorf am Gnasbach ^<61503>;389,25
2002;Eichfeld ^<61504>;970,5
2002;Gosdorf ^<61505>;1195,375
2002;Halbenrain ^<61506>;1855,5
2002;Hof bei Straden ^<61508>;887,875
2002;Klöch ^<61509>;1324,625
2002;Mettersdorf am Saßbach ^<61510>;1320,125
2002;Mureck ^<61511>;1691
2002;Murfeld ^<61512>;1692,75
2002;Radkersburg Umgebung ^<61514>;1762,625
2002;Ratschendorf ^<61515>;632,75
2002;Sankt Peter am Ottersbach ^<61516>;2349,5
2002;Straden ^<61517>;1674,375
2002;Tieschen ^<61518>;1368
2002;Trössing ^<61519>;296,5
2002;Weinburg am Saßbach ^<61520>;1118,625
2002;Auersbach ^<62301>;-
2002;Aug-Radisch ^<62302>;-
2002;Bad Gleichenberg ^<62303>;-
2002;Bad Gleichenberg <62375>;-
2002;Bad Radkersburg ^<62304>;-
2002;Bad Radkersburg <62376>;-
2002;Bairisch Kölldorf ^<62305>;-
2002;Baumgarten bei Gnas ^<62306>;-
2002;Bierbaum am Auersbach ^<62307>;-
2002;Breitenfeld an der Rittschein ^<62308>;-
2002;Deutsch Goritz ^<62309>;-
2002;Deutsch Goritz <62377>;-
2002;Dietersdorf am Gnasbach ^<62310>;-
2002;Edelsbach bei Feldbach <62311>;-
2002;Edelstauden ^<62312>;-
2002;Eichfeld ^<62313>;-
2002;Eichkögl <62314>;-
2002;Fehring ^<62315>;-
2002;Fehring <62378>;-
2002;Feldbach ^<62316>;-
2002;Feldbach <62379>;-
2002;Fladnitz im Raabtal ^<62317>;-
2002;Frannach ^<62318>;-
2002;Frutten-Gießelsdorf ^<62319>;-
2002;Glojach ^<62320>;-
2002;Gnas ^<62321>;-
2002;Gnas <62380>;-
2002;Gniebing-Weißenbach ^<62322>;-
2002;Gosdorf ^<62323>;-
2002;Gossendorf ^<62324>;-
2002;Grabersdorf ^<62325>;-
2002;Halbenrain <62326>;-
2002;Hatzendorf ^<62327>;-
2002;Hof bei Straden ^<62328>;-
2002;Hohenbrugg-Weinberg ^<62329>;-
2002;Jagerberg <62330>;-
2002;Johnsdorf-Brunn ^<62331>;-
2002;Kapfenstein <62332>;-
2002;Kirchbach in Steiermark ^<62333>;-
2002;Kirchbach-Zerlach <62381>;-
2002;Kirchberg an der Raab ^<62334>;-
2002;Kirchberg an der Raab <62382>;-
2002;Klöch <62335>;-
2002;Kohlberg ^<62336>;-
2002;Kornberg bei Riegersburg ^<62337>;-
2002;Krusdorf ^<62338>;-
2002;Leitersdorf im Raabtal ^<62339>;-
2002;Lödersdorf ^<62340>;-
2002;Maierdorf ^<62341>;-
2002;Merkendorf ^<62342>;-
2002;Mettersdorf am Saßbach <62343>;-
2002;Mitterlabill ^<62344>;-
2002;Mühldorf bei Feldbach ^<62345>;-
2002;Mureck ^<62346>;-
2002;Mureck <62383>;-
2002;Murfeld <62347>;-
2002;Oberdorf am Hochegg ^<62348>;-
2002;Oberstorcha ^<62349>;-
2002;Paldau ^<62350>;-
2002;Paldau <62384>;-
2002;Perlsdorf ^<62351>;-
2002;Pertlstein ^<62352>;-
2002;Petersdorf II ^<62353>;-
2002;Pirching am Traubenberg ^<62354>;-
2002;Pirching am Traubenberg <62385>;-
2002;Poppendorf ^<62355>;-
2002;Raabau ^<62356>;-
2002;Radkersburg Umgebung ^<62357>;-
2002;Raning ^<62358>;-
2002;Ratschendorf ^<62359>;-
2002;Riegersburg ^<62360>;-
2002;Riegersburg <62386>;-
2002;Sankt Anna am Aigen ^<62361>;-
2002;Sankt Anna am Aigen <62387>;-
2002;Sankt Peter am Ottersbach ^<62362>;-
2002;Sankt Peter am Ottersbach <62388>;-
2002;Sankt Stefan im Rosental ^<62363>;-
2002;Sankt Stefan im Rosental <62389>;-
2002;Schwarzau im Schwarzautal ^<62364>;-
2002;Stainz bei Straden ^<62365>;-
2002;Straden ^<62366>;-
2002;Straden <62390>;-
2002;Studenzen ^<62367>;-
2002;Tieschen <62368>;-
2002;Trautmannsdorf in Oststeiermark ^<62369>;-
2002;Trössing ^<62370>;-
2002;Unterauersbach ^<62371>;-
2002;Unterlamm <62372>;-
2002;Weinburg am Saßbach ^<62373>;-
2002;Zerlach ^<62374>;-
2002;Bärnbach ^<61601>;4959,25
2002;Bärnbach <61626>;-
2002;Edelschrott ^<61602>;1721,25
2002;Edelschrott <61627>;-
2002;Gallmannsegg ^<61603>;324,625
2002;Geistthal ^<61604>;968,625
2002;Geistthal-Södingberg <61628>;-
2002;Gößnitz ^<61605>;526,125
2002;Graden ^<61606>;543
2002;Hirschegg ^<61607>;753,625
2002;Hirschegg-Pack <61629>;-
2002;Kainach bei Voitsberg ^<61608>;758,5
2002;Kainach bei Voitsberg <61630>;-
2002;Köflach ^<61609>;10538,125
2002;Köflach <61631>;-
2002;Kohlschwarz ^<61610>;783
2002;Krottendorf-Gaisfeld <61611>;2300,75
2002;Ligist <61612>;3221,375
2002;Maria Lankowitz ^<61613>;2373,375
2002;Maria Lankowitz <61632>;-
2002;Modriach ^<61614>;230,375
2002;Mooskirchen <61615>;1990,875
2002;Pack ^<61616>;487,875
2002;Piberegg ^<61617>;414,375
2002;Rosental an der Kainach <61618>;1749,75
2002;Salla ^<61619>;347,125
2002;Sankt Johann-Köppling ^<61620>;1611,375
2002;Sankt Martin am Wöllmißberg <61621>;894,25
2002;Söding ^<61622>;1977,5
2002;Södingberg ^<61623>;833,625
2002;Söding-Sankt Johann <61633>;-
2002;Stallhofen <61624>;3037,125
2002;Voitsberg <61625>;10012
2002;Albersdorf-Prebuch <61701>;1738
2002;Anger ^<61702>;900,25
2002;Anger <61756>;-
2002;Arzberg ^<61703>;594,5
2002;Baierdorf bei Anger ^<61704>;1718,375
2002;Birkfeld ^<61705>;1708,125
2002;Birkfeld <61757>;-
2002;Etzersdorf-Rollsdorf ^<61706>;1200,625
2002;Feistritz bei Anger ^<61707>;1123,875
2002;Fischbach <61708>;1616,875
2002;Fladnitz an der Teichalm ^<61709>;1139,25
2002;Fladnitz an der Teichalm <61758>;-
2002;Floing <61710>;1207,125
2002;Gasen <61711>;1009,125
2002;Gersdorf an der Feistritz ^<61712>;1211,5
2002;Gersdorf an der Feistritz <61759>;-
2002;Gleisdorf ^<61713>;5258,625
2002;Gleisdorf <61760>;-
2002;Gschaid bei Birkfeld ^<61714>;959,75
2002;Gutenberg an der Raabklamm ^<61715>;1201,75
2002;Gutenberg <61761>;-
2002;Haslau bei Birkfeld ^<61717>;494,875
2002;Hirnsdorf ^<61718>;656,75
2002;Hofstätten an der Raab <61719>;1822,875
2002;Hohenau an der Raab ^<61720>;1365,25
2002;Ilztal ^<61721>;1747,625
2002;Ilztal <61762>;-
2002;Koglhof ^<61722>;1172,75
2002;Krottendorf ^<61723>;2196,875
2002;Kulm bei Weiz ^<61724>;488
2002;Labuch ^<61725>;714,5
2002;Laßnitzthal ^<61726>;1074,125
2002;Ludersdorf-Wilfersdorf <61727>;1781,5
2002;Markt Hartmannsdorf <61716>;2866,625
2002;Miesenbach bei Birkfeld <61728>;754,25
2002;Mitterdorf an der Raab <61729>;1974,25
2002;Mortantsch <61730>;1964,5
2002;Naas <61731>;1412
2002;Naintsch ^<61732>;681,5
2002;Neudorf bei Passail ^<61733>;498
2002;Nitscha ^<61734>;1369,125
2002;Oberrettenbach ^<61735>;494,375
2002;Passail ^<61736>;1985,75
2002;Passail <61763>;-
2002;Pischelsdorf am Kulm <61764>;-
2002;Pischelsdorf in der Steiermark ^<61737>;2452,125
2002;Pöllau bei Gleisdorf ^<61738>;-
2002;Preßguts ^<61739>;360,5
2002;Puch bei Weiz <61740>;2163
2002;Ratten <61741>;1250,625
2002;Reichendorf ^<61742>;615,75
2002;Rettenegg <61743>;791,375
2002;St. Kathrein am Hauenstein <61744>;725,375
2002;St. Margarethen an der Raab <61746>;3672,375
2002;Sankt Kathrein am Offenegg <61745>;1201,5
2002;Sankt Ruprecht an der Raab ^<61747>;1906,5
2002;Sankt Ruprecht an der Raab <61765>;-
2002;Sinabelkirchen <61748>;3838
2002;Stenzengreith ^<61749>;521
2002;Strallegg <61750>;2020,125
2002;Thannhausen <61751>;2270,375
2002;Ungerdorf ^<61752>;661,375
2002;Unterfladnitz ^<61753>;1535
2002;Waisenegg ^<61754>;1169,75
2002;Weiz ^<61755>;8885,875
2002;Weiz <61766>;-
2003;Graz <60101>;236428,625
2003;Eisenerz <61101>;6057,5
2003;Gai ^<61102>;1759,125
2003;Hafning bei Trofaiach ^<61103>;1666
2003;Hieflau ^<61104>;965,125
2003;Kalwang <61105>;1201,375
2003;Kammern im Liesingtal <61106>;1665,75
2003;Kraubath an der Mur <61107>;1340,625
2003;Leoben <61108>;25471,125
2003;Mautern in Steiermark <61109>;2039,375
2003;Niklasdorf <61110>;2650,875
2003;Proleb <61111>;1642,25
2003;Radmer <61112>;769,5
2003;Sankt Michael in Obersteiermark <61113>;3295,5
2003;Sankt Peter-Freienstein <61114>;2469
2003;Sankt Stefan ob Leoben <61115>;2081
2003;Traboch <61116>;1339,125
2003;Trofaiach ^<61117>;8283,5
2003;Trofaiach <61120>;-
2003;Vordernberg <61118>;1328,125
2003;Wald am Schoberpaß <61119>;665,875
2003;Admont ^<61201>;2696
2003;Admont <61253>;-
2003;Aich ^<61202>;858,75
2003;Aich <61254>;-
2003;Aigen im Ennstal <61203>;2522,5
2003;Altaussee <61204>;1854,875
2003;Altenmarkt bei Sankt Gallen <61205>;926,625
2003;Ardning <61206>;1246,125
2003;Bad Aussee <61207>;4890,625
2003;Bad Mitterndorf ^<61226>;3069,375
2003;Bad Mitterndorf <61255>;-
2003;Donnersbach ^<61208>;1117,875
2003;Donnersbachwald ^<61209>;346,75
2003;Gaishorn am See ^<61210>;1085,875
2003;Gaishorn am See <61256>;-
2003;Gams bei Hieflau ^<61211>;621,25
2003;Gössenberg ^<61212>;285,875
2003;Gröbming <61213>;2529
2003;Großsölk ^<61214>;522,75
2003;Grundlsee <61215>;1317,75
2003;Hall ^<61216>;1844,25
2003;Haus <61217>;2452,75
2003;Irdning ^<61218>;2641,875
2003;Irdning-Donnersbachtal <61257>;-
2003;Johnsbach ^<61219>;160
2003;Kleinsölk ^<61220>;615,75
2003;Landl ^<61221>;1334,625
2003;Landl <61258>;-
2003;Lassing <61222>;1815,25
2003;Liezen ^<61223>;6934,375
2003;Liezen <61259>;-
2003;Michaelerberg ^<61224>;525,125
2003;Michaelerberg-Pruggern <61260>;-
2003;Mitterberg ^<61225>;1088
2003;Mitterberg-Sankt Martin <61261>;-
2003;Niederöblarn ^<61227>;561,625
2003;Öblarn ^<61228>;1452,25
2003;Öblarn <61262>;-
2003;Oppenberg ^<61229>;271,75
2003;Palfau ^<61230>;432,125
2003;Palten ^<61231>;-
2003;Pichl-Kainisch ^<61233>;777,25
2003;Pichl-Preunegg ^<61232>;893,5
2003;Pruggern ^<61234>;649,25
2003;Pürgg-Trautenfels ^<61235>;979,25
2003;Ramsau am Dachstein <61236>;2715,125
2003;Rohrmoos-Untertal ^<61237>;1425,625
2003;Rottenmann ^<61238>;5348,625
2003;Rottenmann <61263>;-
2003;Sankt Gallen ^<61239>;1505,125
2003;Sankt Gallen <61264>;-
2003;Sankt Martin am Grimming ^<61240>;789,5
2003;Sankt Nikolai im Sölktal ^<61241>;509,75
2003;Schladming ^<61242>;4496,125
2003;Schladming <61265>;-
2003;Selzthal <61243>;1912
2003;Sölk <61266>;-
2003;Stainach ^<61244>;2010,75
2003;Stainach-Pürgg <61267>;-
2003;Tauplitz ^<61245>;993,375
2003;Treglwang ^<61246>;380,375
2003;Trieben <61247>;3749,5
2003;Weißenbach an der Enns ^<61248>;545,75
2003;Weißenbach bei Liezen ^<61249>;1146,125
2003;Weng im Gesäuse ^<61250>;621,25
2003;Wildalpen <61251>;599
2003;Wörschach <61252>;1198,625
2003;Amering ^<62001>;-
2003;Apfelberg ^<62002>;-
2003;Bretstein ^<62003>;-
2003;Eppenstein ^<62004>;-
2003;Feistritz bei Knittelfeld ^<62005>;-
2003;Flatschach ^<62006>;-
2003;Fohnsdorf <62007>;-
2003;Gaal <62008>;-
2003;Großlobming ^<62009>;-
2003;Hohentauern <62010>;-
2003;Judenburg ^<62011>;-
2003;Judenburg <62040>;-
2003;Kleinlobming ^<62012>;-
2003;Knittelfeld ^<62013>;-
2003;Knittelfeld <62041>;-
2003;Kobenz <62014>;-
2003;Lobmingtal <62039>;-
2003;Maria Buch-Feistritz ^<62015>;-
2003;Obdach ^<62016>;-
2003;Obdach <62042>;-
2003;Oberkurzheim ^<62017>;-
2003;Oberweg ^<62018>;-
2003;Oberzeiring ^<62019>;-
2003;Pöls ^<62020>;-
2003;Pöls-Oberkurzheim <62043>;-
2003;Pölstal <62044>;-
2003;Pusterwald <62021>;-
2003;Rachau ^<62022>;-
2003;Reifling ^<62023>;-
2003;Reisstraße ^<62024>;-
2003;Sankt Anna am Lavantegg ^<62025>;-
2003;Sankt Georgen ob Judenburg <62026>;-
2003;Sankt Johann am Tauern ^<62027>;-
2003;Sankt Lorenzen bei Knittelfeld ^<62028>;-
2003;Sankt Marein bei Knittelfeld ^<62029>;-
2003;Sankt Marein-Feistritz <62045>;-
2003;Sankt Margarethen bei Knittelfeld ^<62030>;-
2003;Sankt Margarethen bei Knittelfeld <62046>;-
2003;Sankt Oswald-Möderbrugg ^<62031>;-
2003;Sankt Peter ob Judenburg <62032>;-
2003;Sankt Wolfgang-Kienberg ^<62033>;-
2003;Seckau <62034>;-
2003;Spielberg  ^<62035>;-
2003;Spielberg <62047>;-
2003;Unzmarkt-Frauenburg <62036>;-
2003;Weißkirchen in Steiermark ^<62037>;-
2003;Weißkirchen in Steiermark <62048>;-
2003;Zeltweg <62038>;-
2003;Allerheiligen im Mürztal ^<61301>;1977,875
2003;Altenberg an der Rax ^<61302>;354,125
2003;Ganz ^<61303>;379,375
2003;Kapellen ^<61304>;676,5
2003;Kindberg ^<61305>;5770,125
2003;Krieglach ^<61306>;5115,125
2003;Langenwang ^<61307>;4082
2003;Mitterdorf im Mürztal ^<61308>;2472,875
2003;Mürzhofen ^<61309>;1002,5
2003;Mürzsteg ^<61310>;644,5
2003;Mürzzuschlag ^<61311>;9384
2003;Neuberg an der Mürz ^<61312>;1482,25
2003;Spital am Semmering ^<61313>;1765,375
2003;Stanz im Mürztal ^<61314>;2029,875
2003;Veitsch ^<61315>;2899,875
2003;Wartberg im Mürztal ^<61316>;2317
2003;Dürnstein in der Steiermark ^<61401>;325,25
2003;Falkendorf ^<61402>;197,375
2003;Frojach-Katsch ^<61403>;1252,5
2003;Krakau <61437>;-
2003;Krakaudorf ^<61404>;666,625
2003;Krakauhintermühlen ^<61405>;602,25
2003;Krakauschatten ^<61406>;304,625
2003;Kulm am Zirbitz ^<61407>;367
2003;Laßnitz bei Murau ^<61408>;1095,375
2003;Mariahof ^<61409>;1332,125
2003;Mühlen <61410>;1031,625
2003;Murau ^<61411>;2249
2003;Murau <61438>;-
2003;Neumarkt in der Steiermark <61439>;-
2003;Neumarkt in Steiermark ^<61412>;1895,125
2003;Niederwölz <61413>;598,875
2003;Oberwölz  <61440>;-
2003;Oberwölz Stadt ^<61414>;1024
2003;Oberwölz Umgebung ^<61415>;869,875
2003;Perchau am Sattel ^<61416>;315,25
2003;Predlitz-Turrach ^<61417>;888,625
2003;Ranten ^<61418>;1094,375
2003;Ranten <61441>;-
2003;Rinegg ^<61419>;173,125
2003;Sankt Blasen ^<61420>;670,375
2003;Sankt Georgen am Kreischberg <61442>;-
2003;Sankt Georgen ob Murau ^<61421>;1418,25
2003;Sankt Lambrecht ^<61422>;1616,125
2003;Sankt Lambrecht <61443>;-
2003;Sankt Lorenzen bei Scheifling ^<61423>;652,375
2003;Sankt Marein bei Neumarkt ^<61424>;985,875
2003;Sankt Ruprecht ob Murau ^<61426>;317,125
2003;Sankt Ruprecht-Falkendorf ^<61436>;-
2003;St. Peter am Kammersberg <61425>;2179,875
2003;Scheifling ^<61427>;1621,5
2003;Scheifling <61444>;-
2003;Schöder <61428>;1093,875
2003;Schönberg-Lachtal ^<61429>;449,25
2003;Stadl an der Mur ^<61430>;1061,625
2003;Stadl-Predlitz <61445>;-
2003;Stolzalpe ^<61431>;535,375
2003;Teufenbach ^<61432>;691,25
2003;Teufenbach-Katsch <61446>;-
2003;Triebendorf ^<61433>;162,375
2003;Winklern bei Oberwölz ^<61434>;929,25
2003;Zeutschach ^<61435>;228
2003;Bad Radkersburg ^<61513>;1508,75
2003;Bierbaum am Auersbach ^<61501>;471,75
2003;Deutsch Goritz ^<61502>;1314,75
2003;Dietersdorf am Gnasbach ^<61503>;392,25
2003;Eichfeld ^<61504>;969,125
2003;Gosdorf ^<61505>;1191,625
2003;Halbenrain ^<61506>;1863,875
2003;Hof bei Straden ^<61508>;885,125
2003;Klöch ^<61509>;1317,125
2003;Mettersdorf am Saßbach ^<61510>;1321,625
2003;Mureck ^<61511>;1668
2003;Murfeld ^<61512>;1696
2003;Radkersburg Umgebung ^<61514>;1756,5
2003;Ratschendorf ^<61515>;630,875
2003;Sankt Peter am Ottersbach ^<61516>;2325,125
2003;Straden ^<61517>;1663,375
2003;Tieschen ^<61518>;1363,5
2003;Trössing ^<61519>;296
2003;Weinburg am Saßbach ^<61520>;1117,125
2003;Auersbach ^<62301>;-
2003;Aug-Radisch ^<62302>;-
2003;Bad Gleichenberg ^<62303>;-
2003;Bad Gleichenberg <62375>;-
2003;Bad Radkersburg ^<62304>;-
2003;Bad Radkersburg <62376>;-
2003;Bairisch Kölldorf ^<62305>;-
2003;Baumgarten bei Gnas ^<62306>;-
2003;Bierbaum am Auersbach ^<62307>;-
2003;Breitenfeld an der Rittschein ^<62308>;-
2003;Deutsch Goritz ^<62309>;-
2003;Deutsch Goritz <62377>;-
2003;Dietersdorf am Gnasbach ^<62310>;-
2003;Edelsbach bei Feldbach <62311>;-
2003;Edelstauden ^<62312>;-
2003;Eichfeld ^<62313>;-
2003;Eichkögl <62314>;-
2003;Fehring ^<62315>;-
2003;Fehring <62378>;-
2003;Feldbach ^<62316>;-
2003;Feldbach <62379>;-
2003;Fladnitz im Raabtal ^<62317>;-
2003;Frannach ^<62318>;-
2003;Frutten-Gießelsdorf ^<62319>;-
2003;Glojach ^<62320>;-
2003;Gnas ^<62321>;-
2003;Gnas <62380>;-
2003;Gniebing-Weißenbach ^<62322>;-
2003;Gosdorf ^<62323>;-
2003;Gossendorf ^<62324>;-
2003;Grabersdorf ^<62325>;-
2003;Halbenrain <62326>;-
2003;Hatzendorf ^<62327>;-
2003;Hof bei Straden ^<62328>;-
2003;Hohenbrugg-Weinberg ^<62329>;-
2003;Jagerberg <62330>;-
2003;Johnsdorf-Brunn ^<62331>;-
2003;Kapfenstein <62332>;-
2003;Kirchbach in Steiermark ^<62333>;-
2003;Kirchbach-Zerlach <62381>;-
2003;Kirchberg an der Raab ^<62334>;-
2003;Kirchberg an der Raab <62382>;-
2003;Klöch <62335>;-
2003;Kohlberg ^<62336>;-
2003;Kornberg bei Riegersburg ^<62337>;-
2003;Krusdorf ^<62338>;-
2003;Leitersdorf im Raabtal ^<62339>;-
2003;Lödersdorf ^<62340>;-
2003;Maierdorf ^<62341>;-
2003;Merkendorf ^<62342>;-
2003;Mettersdorf am Saßbach <62343>;-
2003;Mitterlabill ^<62344>;-
2003;Mühldorf bei Feldbach ^<62345>;-
2003;Mureck ^<62346>;-
2003;Mureck <62383>;-
2003;Murfeld <62347>;-
2003;Oberdorf am Hochegg ^<62348>;-
2003;Oberstorcha ^<62349>;-
2003;Paldau ^<62350>;-
2003;Paldau <62384>;-
2003;Perlsdorf ^<62351>;-
2003;Pertlstein ^<62352>;-
2003;Petersdorf II ^<62353>;-
2003;Pirching am Traubenberg ^<62354>;-
2003;Pirching am Traubenberg <62385>;-
2003;Poppendorf ^<62355>;-
2003;Raabau ^<62356>;-
2003;Radkersburg Umgebung ^<62357>;-
2003;Raning ^<62358>;-
2003;Ratschendorf ^<62359>;-
2003;Riegersburg ^<62360>;-
2003;Riegersburg <62386>;-
2003;Sankt Anna am Aigen ^<62361>;-
2003;Sankt Anna am Aigen <62387>;-
2003;Sankt Peter am Ottersbach ^<62362>;-
2003;Sankt Peter am Ottersbach <62388>;-
2003;Sankt Stefan im Rosental ^<62363>;-
2003;Sankt Stefan im Rosental <62389>;-
2003;Schwarzau im Schwarzautal ^<62364>;-
2003;Stainz bei Straden ^<62365>;-
2003;Straden ^<62366>;-
2003;Straden <62390>;-
2003;Studenzen ^<62367>;-
2003;Tieschen <62368>;-
2003;Trautmannsdorf in Oststeiermark ^<62369>;-
2003;Trössing ^<62370>;-
2003;Unterauersbach ^<62371>;-
2003;Unterlamm <62372>;-
2003;Weinburg am Saßbach ^<62373>;-
2003;Zerlach ^<62374>;-
2003;Bärnbach ^<61601>;4996,25
2003;Bärnbach <61626>;-
2003;Edelschrott ^<61602>;1700,25
2003;Edelschrott <61627>;-
2003;Gallmannsegg ^<61603>;330,375
2003;Geistthal ^<61604>;951,125
2003;Geistthal-Södingberg <61628>;-
2003;Gößnitz ^<61605>;519,75
2003;Graden ^<61606>;542,625
2003;Hirschegg ^<61607>;746,625
2003;Hirschegg-Pack <61629>;-
2003;Kainach bei Voitsberg ^<61608>;750,875
2003;Kainach bei Voitsberg <61630>;-
2003;Köflach ^<61609>;10464,5
2003;Köflach <61631>;-
2003;Kohlschwarz ^<61610>;783,75
2003;Krottendorf-Gaisfeld <61611>;2343,125
2003;Ligist <61612>;3231,875
2003;Maria Lankowitz ^<61613>;2351,375
2003;Maria Lankowitz <61632>;-
2003;Modriach ^<61614>;232,125
2003;Mooskirchen <61615>;1976,875
2003;Pack ^<61616>;485,125
2003;Piberegg ^<61617>;404,25
2003;Rosental an der Kainach <61618>;1748,375
2003;Salla ^<61619>;337,875
2003;Sankt Johann-Köppling ^<61620>;1622,625
2003;Sankt Martin am Wöllmißberg <61621>;877,75
2003;Söding ^<61622>;1986,875
2003;Södingberg ^<61623>;844
2003;Söding-Sankt Johann <61633>;-
2003;Stallhofen <61624>;3033,875
2003;Voitsberg <61625>;9981,875
2003;Albersdorf-Prebuch <61701>;1767,625
2003;Anger ^<61702>;898,875
2003;Anger <61756>;-
2003;Arzberg ^<61703>;592,25
2003;Baierdorf bei Anger ^<61704>;1722
2003;Birkfeld ^<61705>;1722,75
2003;Birkfeld <61757>;-
2003;Etzersdorf-Rollsdorf ^<61706>;1197,25
2003;Feistritz bei Anger ^<61707>;1098,625
2003;Fischbach <61708>;1623,375
2003;Fladnitz an der Teichalm ^<61709>;1139,5
2003;Fladnitz an der Teichalm <61758>;-
2003;Floing <61710>;1200,625
2003;Gasen <61711>;977,125
2003;Gersdorf an der Feistritz ^<61712>;1208,125
2003;Gersdorf an der Feistritz <61759>;-
2003;Gleisdorf ^<61713>;5389
2003;Gleisdorf <61760>;-
2003;Gschaid bei Birkfeld ^<61714>;957,125
2003;Gutenberg an der Raabklamm ^<61715>;1233
2003;Gutenberg <61761>;-
2003;Haslau bei Birkfeld ^<61717>;492,625
2003;Hirnsdorf ^<61718>;670,5
2003;Hofstätten an der Raab <61719>;1812,25
2003;Hohenau an der Raab ^<61720>;1373,75
2003;Ilztal ^<61721>;1750,375
2003;Ilztal <61762>;-
2003;Koglhof ^<61722>;1170,5
2003;Krottendorf ^<61723>;2215,75
2003;Kulm bei Weiz ^<61724>;490,5
2003;Labuch ^<61725>;717,5
2003;Laßnitzthal ^<61726>;1078,75
2003;Ludersdorf-Wilfersdorf <61727>;1797,875
2003;Markt Hartmannsdorf <61716>;2865
2003;Miesenbach bei Birkfeld <61728>;747,625
2003;Mitterdorf an der Raab <61729>;1986,75
2003;Mortantsch <61730>;1947,5
2003;Naas <61731>;1416,5
2003;Naintsch ^<61732>;673,5
2003;Neudorf bei Passail ^<61733>;494,875
2003;Nitscha ^<61734>;1384,125
2003;Oberrettenbach ^<61735>;489,125
2003;Passail ^<61736>;1983,375
2003;Passail <61763>;-
2003;Pischelsdorf am Kulm <61764>;-
2003;Pischelsdorf in der Steiermark ^<61737>;2445,875
2003;Pöllau bei Gleisdorf ^<61738>;-
2003;Preßguts ^<61739>;363
2003;Puch bei Weiz <61740>;2141,875
2003;Ratten <61741>;1212,125
2003;Reichendorf ^<61742>;621,375
2003;Rettenegg <61743>;788,5
2003;St. Kathrein am Hauenstein <61744>;729,5
2003;St. Margarethen an der Raab <61746>;3671,125
2003;Sankt Kathrein am Offenegg <61745>;1193,5
2003;Sankt Ruprecht an der Raab ^<61747>;1947,875
2003;Sankt Ruprecht an der Raab <61765>;-
2003;Sinabelkirchen <61748>;3860,625
2003;Stenzengreith ^<61749>;514
2003;Strallegg <61750>;2015,125
2003;Thannhausen <61751>;2255,75
2003;Ungerdorf ^<61752>;657,75
2003;Unterfladnitz ^<61753>;1539,125
2003;Waisenegg ^<61754>;1150,5
2003;Weiz ^<61755>;8888
2003;Weiz <61766>;-
2004;Graz <60101>;239184
2004;Eisenerz <61101>;5905,75
2004;Gai ^<61102>;1771,25
2004;Hafning bei Trofaiach ^<61103>;1668,625
2004;Hieflau ^<61104>;933,25
2004;Kalwang <61105>;1191,875
2004;Kammern im Liesingtal <61106>;1673,125
2004;Kraubath an der Mur <61107>;1360
2004;Leoben <61108>;25424,125
2004;Mautern in Steiermark <61109>;2017,25
2004;Niklasdorf <61110>;2623,625
2004;Proleb <61111>;1654,125
2004;Radmer <61112>;762,625
2004;Sankt Michael in Obersteiermark <61113>;3276,125
2004;Sankt Peter-Freienstein <61114>;2447,125
2004;Sankt Stefan ob Leoben <61115>;2056,75
2004;Traboch <61116>;1348,5
2004;Trofaiach ^<61117>;8225,75
2004;Trofaiach <61120>;-
2004;Vordernberg <61118>;1275,375
2004;Wald am Schoberpaß <61119>;656,625
2004;Admont ^<61201>;2668,625
2004;Admont <61253>;-
2004;Aich ^<61202>;877,625
2004;Aich <61254>;-
2004;Aigen im Ennstal <61203>;2498,625
2004;Altaussee <61204>;1884,875
2004;Altenmarkt bei Sankt Gallen <61205>;912,75
2004;Ardning <61206>;1252
2004;Bad Aussee <61207>;4850,5
2004;Bad Mitterndorf ^<61226>;3048
2004;Bad Mitterndorf <61255>;-
2004;Donnersbach ^<61208>;1112,125
2004;Donnersbachwald ^<61209>;342,75
2004;Gaishorn am See ^<61210>;1087,25
2004;Gaishorn am See <61256>;-
2004;Gams bei Hieflau ^<61211>;612,125
2004;Gössenberg ^<61212>;275,125
2004;Gröbming <61213>;2590,875
2004;Großsölk ^<61214>;519,125
2004;Grundlsee <61215>;1325,125
2004;Hall ^<61216>;1827,5
2004;Haus <61217>;2452,25
2004;Irdning ^<61218>;2654,75
2004;Irdning-Donnersbachtal <61257>;-
2004;Johnsbach ^<61219>;157,375
2004;Kleinsölk ^<61220>;614,75
2004;Landl ^<61221>;1334,625
2004;Landl <61258>;-
2004;Lassing <61222>;1819,875
2004;Liezen ^<61223>;6959,625
2004;Liezen <61259>;-
2004;Michaelerberg ^<61224>;516,375
2004;Michaelerberg-Pruggern <61260>;-
2004;Mitterberg ^<61225>;1092,25
2004;Mitterberg-Sankt Martin <61261>;-
2004;Niederöblarn ^<61227>;553
2004;Öblarn ^<61228>;1435,75
2004;Öblarn <61262>;-
2004;Oppenberg ^<61229>;278,125
2004;Palfau ^<61230>;420,25
2004;Palten ^<61231>;-
2004;Pichl-Kainisch ^<61233>;780,875
2004;Pichl-Preunegg ^<61232>;909,125
2004;Pruggern ^<61234>;661,125
2004;Pürgg-Trautenfels ^<61235>;991,25
2004;Ramsau am Dachstein <61236>;2751,625
2004;Rohrmoos-Untertal ^<61237>;1421,125
2004;Rottenmann ^<61238>;5329,75
2004;Rottenmann <61263>;-
2004;Sankt Gallen ^<61239>;1496,75
2004;Sankt Gallen <61264>;-
2004;Sankt Martin am Grimming ^<61240>;791
2004;Sankt Nikolai im Sölktal ^<61241>;506,875
2004;Schladming ^<61242>;4475
2004;Schladming <61265>;-
2004;Selzthal <61243>;1907
2004;Sölk <61266>;-
2004;Stainach ^<61244>;2017,25
2004;Stainach-Pürgg <61267>;-
2004;Tauplitz ^<61245>;981,375
2004;Treglwang ^<61246>;384,625
2004;Trieben <61247>;3740,375
2004;Weißenbach an der Enns ^<61248>;546,625
2004;Weißenbach bei Liezen ^<61249>;1140,875
2004;Weng im Gesäuse ^<61250>;620,375
2004;Wildalpen <61251>;595,5
2004;Wörschach <61252>;1181
2004;Amering ^<62001>;-
2004;Apfelberg ^<62002>;-
2004;Bretstein ^<62003>;-
2004;Eppenstein ^<62004>;-
2004;Feistritz bei Knittelfeld ^<62005>;-
2004;Flatschach ^<62006>;-
2004;Fohnsdorf <62007>;-
2004;Gaal <62008>;-
2004;Großlobming ^<62009>;-
2004;Hohentauern <62010>;-
2004;Judenburg ^<62011>;-
2004;Judenburg <62040>;-
2004;Kleinlobming ^<62012>;-
2004;Knittelfeld ^<62013>;-
2004;Knittelfeld <62041>;-
2004;Kobenz <62014>;-
2004;Lobmingtal <62039>;-
2004;Maria Buch-Feistritz ^<62015>;-
2004;Obdach ^<62016>;-
2004;Obdach <62042>;-
2004;Oberkurzheim ^<62017>;-
2004;Oberweg ^<62018>;-
2004;Oberzeiring ^<62019>;-
2004;Pöls ^<62020>;-
2004;Pöls-Oberkurzheim <62043>;-
2004;Pölstal <62044>;-
2004;Pusterwald <62021>;-
2004;Rachau ^<62022>;-
2004;Reifling ^<62023>;-
2004;Reisstraße ^<62024>;-
2004;Sankt Anna am Lavantegg ^<62025>;-
2004;Sankt Georgen ob Judenburg <62026>;-
2004;Sankt Johann am Tauern ^<62027>;-
2004;Sankt Lorenzen bei Knittelfeld ^<62028>;-
2004;Sankt Marein bei Knittelfeld ^<62029>;-
2004;Sankt Marein-Feistritz <62045>;-
2004;Sankt Margarethen bei Knittelfeld ^<62030>;-
2004;Sankt Margarethen bei Knittelfeld <62046>;-
2004;Sankt Oswald-Möderbrugg ^<62031>;-
2004;Sankt Peter ob Judenburg <62032>;-
2004;Sankt Wolfgang-Kienberg ^<62033>;-
2004;Seckau <62034>;-
2004;Spielberg  ^<62035>;-
2004;Spielberg <62047>;-
2004;Unzmarkt-Frauenburg <62036>;-
2004;Weißkirchen in Steiermark ^<62037>;-
2004;Weißkirchen in Steiermark <62048>;-
2004;Zeltweg <62038>;-
2004;Allerheiligen im Mürztal ^<61301>;1984
2004;Altenberg an der Rax ^<61302>;355,875
2004;Ganz ^<61303>;373,375
2004;Kapellen ^<61304>;673,875
2004;Kindberg ^<61305>;5732,75
2004;Krieglach ^<61306>;5122
2004;Langenwang ^<61307>;4091,875
2004;Mitterdorf im Mürztal ^<61308>;2424,125
2004;Mürzhofen ^<61309>;996,125
2004;Mürzsteg ^<61310>;651,5
2004;Mürzzuschlag ^<61311>;9294,875
2004;Neuberg an der Mürz ^<61312>;1467,625
2004;Spital am Semmering ^<61313>;1738,25
2004;Stanz im Mürztal ^<61314>;2011,625
2004;Veitsch ^<61315>;2865
2004;Wartberg im Mürztal ^<61316>;2313,25
2004;Dürnstein in der Steiermark ^<61401>;323,125
2004;Falkendorf ^<61402>;175,625
2004;Frojach-Katsch ^<61403>;1267,75
2004;Krakau <61437>;-
2004;Krakaudorf ^<61404>;667,625
2004;Krakauhintermühlen ^<61405>;596,5
2004;Krakauschatten ^<61406>;304,75
2004;Kulm am Zirbitz ^<61407>;365,75
2004;Laßnitz bei Murau ^<61408>;1100,125
2004;Mariahof ^<61409>;1330,25
2004;Mühlen <61410>;1011,125
2004;Murau ^<61411>;2213,5
2004;Murau <61438>;-
2004;Neumarkt in der Steiermark <61439>;-
2004;Neumarkt in Steiermark ^<61412>;1890,375
2004;Niederwölz <61413>;606,75
2004;Oberwölz  <61440>;-
2004;Oberwölz Stadt ^<61414>;1008,875
2004;Oberwölz Umgebung ^<61415>;855,625
2004;Perchau am Sattel ^<61416>;312,75
2004;Predlitz-Turrach ^<61417>;888,75
2004;Ranten ^<61418>;1095,25
2004;Ranten <61441>;-
2004;Rinegg ^<61419>;172,5
2004;Sankt Blasen ^<61420>;656,625
2004;Sankt Georgen am Kreischberg <61442>;-
2004;Sankt Georgen ob Murau ^<61421>;1433,75
2004;Sankt Lambrecht ^<61422>;1590,125
2004;Sankt Lambrecht <61443>;-
2004;Sankt Lorenzen bei Scheifling ^<61423>;643,125
2004;Sankt Marein bei Neumarkt ^<61424>;1011,875
2004;Sankt Ruprecht ob Murau ^<61426>;276,125
2004;Sankt Ruprecht-Falkendorf ^<61436>;64,875
2004;St. Peter am Kammersberg <61425>;2183
2004;Scheifling ^<61427>;1611
2004;Scheifling <61444>;-
2004;Schöder <61428>;1091,625
2004;Schönberg-Lachtal ^<61429>;451,125
2004;Stadl an der Mur ^<61430>;1047,875
2004;Stadl-Predlitz <61445>;-
2004;Stolzalpe ^<61431>;518,625
2004;Teufenbach ^<61432>;687,625
2004;Teufenbach-Katsch <61446>;-
2004;Triebendorf ^<61433>;154,375
2004;Winklern bei Oberwölz ^<61434>;928,125
2004;Zeutschach ^<61435>;227
2004;Bad Radkersburg ^<61513>;1481,75
2004;Bierbaum am Auersbach ^<61501>;478
2004;Deutsch Goritz ^<61502>;1302,5
2004;Dietersdorf am Gnasbach ^<61503>;398,5
2004;Eichfeld ^<61504>;963,5
2004;Gosdorf ^<61505>;1188,5
2004;Halbenrain ^<61506>;1836,125
2004;Hof bei Straden ^<61508>;882
2004;Klöch ^<61509>;1307,875
2004;Mettersdorf am Saßbach ^<61510>;1316,5
2004;Mureck ^<61511>;1615,625
2004;Murfeld ^<61512>;1702,75
2004;Radkersburg Umgebung ^<61514>;1754,625
2004;Ratschendorf ^<61515>;619,75
2004;Sankt Peter am Ottersbach ^<61516>;2311,25
2004;Straden ^<61517>;1654,875
2004;Tieschen ^<61518>;1386,25
2004;Trössing ^<61519>;295,75
2004;Weinburg am Saßbach ^<61520>;1122,375
2004;Auersbach ^<62301>;-
2004;Aug-Radisch ^<62302>;-
2004;Bad Gleichenberg ^<62303>;-
2004;Bad Gleichenberg <62375>;-
2004;Bad Radkersburg ^<62304>;-
2004;Bad Radkersburg <62376>;-
2004;Bairisch Kölldorf ^<62305>;-
2004;Baumgarten bei Gnas ^<62306>;-
2004;Bierbaum am Auersbach ^<62307>;-
2004;Breitenfeld an der Rittschein ^<62308>;-
2004;Deutsch Goritz ^<62309>;-
2004;Deutsch Goritz <62377>;-
2004;Dietersdorf am Gnasbach ^<62310>;-
2004;Edelsbach bei Feldbach <62311>;-
2004;Edelstauden ^<62312>;-
2004;Eichfeld ^<62313>;-
2004;Eichkögl <62314>;-
2004;Fehring ^<62315>;-
2004;Fehring <62378>;-
2004;Feldbach ^<62316>;-
2004;Feldbach <62379>;-
2004;Fladnitz im Raabtal ^<62317>;-
2004;Frannach ^<62318>;-
2004;Frutten-Gießelsdorf ^<62319>;-
2004;Glojach ^<62320>;-
2004;Gnas ^<62321>;-
2004;Gnas <62380>;-
2004;Gniebing-Weißenbach ^<62322>;-
2004;Gosdorf ^<62323>;-
2004;Gossendorf ^<62324>;-
2004;Grabersdorf ^<62325>;-
2004;Halbenrain <62326>;-
2004;Hatzendorf ^<62327>;-
2004;Hof bei Straden ^<62328>;-
2004;Hohenbrugg-Weinberg ^<62329>;-
2004;Jagerberg <62330>;-
2004;Johnsdorf-Brunn ^<62331>;-
2004;Kapfenstein <62332>;-
2004;Kirchbach in Steiermark ^<62333>;-
2004;Kirchbach-Zerlach <62381>;-
2004;Kirchberg an der Raab ^<62334>;-
2004;Kirchberg an der Raab <62382>;-
2004;Klöch <62335>;-
2004;Kohlberg ^<62336>;-
2004;Kornberg bei Riegersburg ^<62337>;-
2004;Krusdorf ^<62338>;-
2004;Leitersdorf im Raabtal ^<62339>;-
2004;Lödersdorf ^<62340>;-
2004;Maierdorf ^<62341>;-
2004;Merkendorf ^<62342>;-
2004;Mettersdorf am Saßbach <62343>;-
2004;Mitterlabill ^<62344>;-
2004;Mühldorf bei Feldbach ^<62345>;-
2004;Mureck ^<62346>;-
2004;Mureck <62383>;-
2004;Murfeld <62347>;-
2004;Oberdorf am Hochegg ^<62348>;-
2004;Oberstorcha ^<62349>;-
2004;Paldau ^<62350>;-
2004;Paldau <62384>;-
2004;Perlsdorf ^<62351>;-
2004;Pertlstein ^<62352>;-
2004;Petersdorf II ^<62353>;-
2004;Pirching am Traubenberg ^<62354>;-
2004;Pirching am Traubenberg <62385>;-
2004;Poppendorf ^<62355>;-
2004;Raabau ^<62356>;-
2004;Radkersburg Umgebung ^<62357>;-
2004;Raning ^<62358>;-
2004;Ratschendorf ^<62359>;-
2004;Riegersburg ^<62360>;-
2004;Riegersburg <62386>;-
2004;Sankt Anna am Aigen ^<62361>;-
2004;Sankt Anna am Aigen <62387>;-
2004;Sankt Peter am Ottersbach ^<62362>;-
2004;Sankt Peter am Ottersbach <62388>;-
2004;Sankt Stefan im Rosental ^<62363>;-
2004;Sankt Stefan im Rosental <62389>;-
2004;Schwarzau im Schwarzautal ^<62364>;-
2004;Stainz bei Straden ^<62365>;-
2004;Straden ^<62366>;-
2004;Straden <62390>;-
2004;Studenzen ^<62367>;-
2004;Tieschen <62368>;-
2004;Trautmannsdorf in Oststeiermark ^<62369>;-
2004;Trössing ^<62370>;-
2004;Unterauersbach ^<62371>;-
2004;Unterlamm <62372>;-
2004;Weinburg am Saßbach ^<62373>;-
2004;Zerlach ^<62374>;-
2004;Bärnbach ^<61601>;5047,375
2004;Bärnbach <61626>;-
2004;Edelschrott ^<61602>;1681,75
2004;Edelschrott <61627>;-
2004;Gallmannsegg ^<61603>;332,625
2004;Geistthal ^<61604>;934,25
2004;Geistthal-Södingberg <61628>;-
2004;Gößnitz ^<61605>;506,625
2004;Graden ^<61606>;539,5
2004;Hirschegg ^<61607>;741,125
2004;Hirschegg-Pack <61629>;-
2004;Kainach bei Voitsberg ^<61608>;748,625
2004;Kainach bei Voitsberg <61630>;-
2004;Köflach ^<61609>;10439,25
2004;Köflach <61631>;-
2004;Kohlschwarz ^<61610>;769,375
2004;Krottendorf-Gaisfeld <61611>;2361
2004;Ligist <61612>;3234,625
2004;Maria Lankowitz ^<61613>;2317,125
2004;Maria Lankowitz <61632>;-
2004;Modriach ^<61614>;233,75
2004;Mooskirchen <61615>;1975,5
2004;Pack ^<61616>;487,625
2004;Piberegg ^<61617>;388
2004;Rosental an der Kainach <61618>;1733,875
2004;Salla ^<61619>;338,125
2004;Sankt Johann-Köppling ^<61620>;1643,875
2004;Sankt Martin am Wöllmißberg <61621>;891,75
2004;Söding ^<61622>;2013,5
2004;Södingberg ^<61623>;861,5
2004;Söding-Sankt Johann <61633>;-
2004;Stallhofen <61624>;3061,5
2004;Voitsberg <61625>;9948,25
2004;Albersdorf-Prebuch <61701>;1792,75
2004;Anger ^<61702>;881,375
2004;Anger <61756>;-
2004;Arzberg ^<61703>;581,875
2004;Baierdorf bei Anger ^<61704>;1716,625
2004;Birkfeld ^<61705>;1697,5
2004;Birkfeld <61757>;-
2004;Etzersdorf-Rollsdorf ^<61706>;1186,875
2004;Feistritz bei Anger ^<61707>;1105,625
2004;Fischbach <61708>;1644,125
2004;Fladnitz an der Teichalm ^<61709>;1151,75
2004;Fladnitz an der Teichalm <61758>;-
2004;Floing <61710>;1204,5
2004;Gasen <61711>;964,125
2004;Gersdorf an der Feistritz ^<61712>;1210,125
2004;Gersdorf an der Feistritz <61759>;-
2004;Gleisdorf ^<61713>;5451,75
2004;Gleisdorf <61760>;-
2004;Gschaid bei Birkfeld ^<61714>;945,75
2004;Gutenberg an der Raabklamm ^<61715>;1241,25
2004;Gutenberg <61761>;-
2004;Haslau bei Birkfeld ^<61717>;484,625
2004;Hirnsdorf ^<61718>;675,125
2004;Hofstätten an der Raab <61719>;1813,375
2004;Hohenau an der Raab ^<61720>;1391,875
2004;Ilztal ^<61721>;1761,25
2004;Ilztal <61762>;-
2004;Koglhof ^<61722>;1161,625
2004;Krottendorf ^<61723>;2206,875
2004;Kulm bei Weiz ^<61724>;484,25
2004;Labuch ^<61725>;725
2004;Laßnitzthal ^<61726>;1073,875
2004;Ludersdorf-Wilfersdorf <61727>;1827,125
2004;Markt Hartmannsdorf <61716>;2886,875
2004;Miesenbach bei Birkfeld <61728>;744,625
2004;Mitterdorf an der Raab <61729>;2002,875
2004;Mortantsch <61730>;1947,5
2004;Naas <61731>;1402,75
2004;Naintsch ^<61732>;664,75
2004;Neudorf bei Passail ^<61733>;486,625
2004;Nitscha ^<61734>;1398,125
2004;Oberrettenbach ^<61735>;488,625
2004;Passail ^<61736>;1991
2004;Passail <61763>;-
2004;Pischelsdorf am Kulm <61764>;-
2004;Pischelsdorf in der Steiermark ^<61737>;2442,375
2004;Pöllau bei Gleisdorf ^<61738>;-
2004;Preßguts ^<61739>;363,375
2004;Puch bei Weiz <61740>;2154,875
2004;Ratten <61741>;1206,75
2004;Reichendorf ^<61742>;618,125
2004;Rettenegg <61743>;780,25
2004;St. Kathrein am Hauenstein <61744>;730,375
2004;St. Margarethen an der Raab <61746>;3664,125
2004;Sankt Kathrein am Offenegg <61745>;1215,375
2004;Sankt Ruprecht an der Raab ^<61747>;1962,75
2004;Sankt Ruprecht an der Raab <61765>;-
2004;Sinabelkirchen <61748>;3835,125
2004;Stenzengreith ^<61749>;522,875
2004;Strallegg <61750>;2018,5
2004;Thannhausen <61751>;2313,875
2004;Ungerdorf ^<61752>;674,875
2004;Unterfladnitz ^<61753>;1533,375
2004;Waisenegg ^<61754>;1155,25
2004;Weiz ^<61755>;8850,75
2004;Weiz <61766>;-
2005;Graz <60101>;242809,625
2005;Eisenerz <61101>;5789,125
2005;Gai ^<61102>;1779,625
2005;Hafning bei Trofaiach ^<61103>;1669,125
2005;Hieflau ^<61104>;909,25
2005;Kalwang <61105>;1178,5
2005;Kammern im Liesingtal <61106>;1679
2005;Kraubath an der Mur <61107>;1364,625
2005;Leoben <61108>;25353,875
2005;Mautern in Steiermark <61109>;1973,5
2005;Niklasdorf <61110>;2614,75
2005;Proleb <61111>;1637,625
2005;Radmer <61112>;756,625
2005;Sankt Michael in Obersteiermark <61113>;3254,125
2005;Sankt Peter-Freienstein <61114>;2457,125
2005;Sankt Stefan ob Leoben <61115>;2051,25
2005;Traboch <61116>;1364,875
2005;Trofaiach ^<61117>;8134,25
2005;Trofaiach <61120>;-
2005;Vordernberg <61118>;1232,625
2005;Wald am Schoberpaß <61119>;650,375
2005;Admont ^<61201>;2694,375
2005;Admont <61253>;-
2005;Aich ^<61202>;880,125
2005;Aich <61254>;-
2005;Aigen im Ennstal <61203>;2504
2005;Altaussee <61204>;1889,875
2005;Altenmarkt bei Sankt Gallen <61205>;904,5
2005;Ardning <61206>;1252
2005;Bad Aussee <61207>;4820
2005;Bad Mitterndorf ^<61226>;3062,875
2005;Bad Mitterndorf <61255>;-
2005;Donnersbach ^<61208>;1120,5
2005;Donnersbachwald ^<61209>;341,75
2005;Gaishorn am See ^<61210>;1080,5
2005;Gaishorn am See <61256>;-
2005;Gams bei Hieflau ^<61211>;608,75
2005;Gössenberg ^<61212>;271,25
2005;Gröbming <61213>;2655,25
2005;Großsölk ^<61214>;511,875
2005;Grundlsee <61215>;1312,5
2005;Hall ^<61216>;1828,75
2005;Haus <61217>;2460,25
2005;Irdning ^<61218>;2663,375
2005;Irdning-Donnersbachtal <61257>;-
2005;Johnsbach ^<61219>;154,5
2005;Kleinsölk ^<61220>;608,75
2005;Landl ^<61221>;1328,625
2005;Landl <61258>;-
2005;Lassing <61222>;1827
2005;Liezen ^<61223>;6961,625
2005;Liezen <61259>;-
2005;Michaelerberg ^<61224>;527,25
2005;Michaelerberg-Pruggern <61260>;-
2005;Mitterberg ^<61225>;1094,625
2005;Mitterberg-Sankt Martin <61261>;-
2005;Niederöblarn ^<61227>;556,125
2005;Öblarn ^<61228>;1421,75
2005;Öblarn <61262>;-
2005;Oppenberg ^<61229>;275,375
2005;Palfau ^<61230>;409,75
2005;Palten ^<61231>;-
2005;Pichl-Kainisch ^<61233>;774,375
2005;Pichl-Preunegg ^<61232>;911,125
2005;Pruggern ^<61234>;672,125
2005;Pürgg-Trautenfels ^<61235>;983,75
2005;Ramsau am Dachstein <61236>;2742,75
2005;Rohrmoos-Untertal ^<61237>;1416
2005;Rottenmann ^<61238>;5328
2005;Rottenmann <61263>;-
2005;Sankt Gallen ^<61239>;1477,375
2005;Sankt Gallen <61264>;-
2005;Sankt Martin am Grimming ^<61240>;781,5
2005;Sankt Nikolai im Sölktal ^<61241>;508,375
2005;Schladming ^<61242>;4458,5
2005;Schladming <61265>;-
2005;Selzthal <61243>;1867,875
2005;Sölk <61266>;-
2005;Stainach ^<61244>;1995,125
2005;Stainach-Pürgg <61267>;-
2005;Tauplitz ^<61245>;991,375
2005;Treglwang ^<61246>;380
2005;Trieben <61247>;3725,125
2005;Weißenbach an der Enns ^<61248>;564,5
2005;Weißenbach bei Liezen ^<61249>;1151,75
2005;Weng im Gesäuse ^<61250>;607,375
2005;Wildalpen <61251>;585,5
2005;Wörschach <61252>;1171,375
2005;Amering ^<62001>;-
2005;Apfelberg ^<62002>;-
2005;Bretstein ^<62003>;-
2005;Eppenstein ^<62004>;-
2005;Feistritz bei Knittelfeld ^<62005>;-
2005;Flatschach ^<62006>;-
2005;Fohnsdorf <62007>;-
2005;Gaal <62008>;-
2005;Großlobming ^<62009>;-
2005;Hohentauern <62010>;-
2005;Judenburg ^<62011>;-
2005;Judenburg <62040>;-
2005;Kleinlobming ^<62012>;-
2005;Knittelfeld ^<62013>;-
2005;Knittelfeld <62041>;-
2005;Kobenz <62014>;-
2005;Lobmingtal <62039>;-
2005;Maria Buch-Feistritz ^<62015>;-
2005;Obdach ^<62016>;-
2005;Obdach <62042>;-
2005;Oberkurzheim ^<62017>;-
2005;Oberweg ^<62018>;-
2005;Oberzeiring ^<62019>;-
2005;Pöls ^<62020>;-
2005;Pöls-Oberkurzheim <62043>;-
2005;Pölstal <62044>;-
2005;Pusterwald <62021>;-
2005;Rachau ^<62022>;-
2005;Reifling ^<62023>;-
2005;Reisstraße ^<62024>;-
2005;Sankt Anna am Lavantegg ^<62025>;-
2005;Sankt Georgen ob Judenburg <62026>;-
2005;Sankt Johann am Tauern ^<62027>;-
2005;Sankt Lorenzen bei Knittelfeld ^<62028>;-
2005;Sankt Marein bei Knittelfeld ^<62029>;-
2005;Sankt Marein-Feistritz <62045>;-
2005;Sankt Margarethen bei Knittelfeld ^<62030>;-
2005;Sankt Margarethen bei Knittelfeld <62046>;-
2005;Sankt Oswald-Möderbrugg ^<62031>;-
2005;Sankt Peter ob Judenburg <62032>;-
2005;Sankt Wolfgang-Kienberg ^<62033>;-
2005;Seckau <62034>;-
2005;Spielberg  ^<62035>;-
2005;Spielberg <62047>;-
2005;Unzmarkt-Frauenburg <62036>;-
2005;Weißkirchen in Steiermark ^<62037>;-
2005;Weißkirchen in Steiermark <62048>;-
2005;Zeltweg <62038>;-
2005;Allerheiligen im Mürztal ^<61301>;1971,25
2005;Altenberg an der Rax ^<61302>;356,125
2005;Ganz ^<61303>;375,75
2005;Kapellen ^<61304>;676,875
2005;Kindberg ^<61305>;5708,125
2005;Krieglach ^<61306>;5147,5
2005;Langenwang ^<61307>;4108,5
2005;Mitterdorf im Mürztal ^<61308>;2415,375
2005;Mürzhofen ^<61309>;989,875
2005;Mürzsteg ^<61310>;588,75
2005;Mürzzuschlag ^<61311>;9235
2005;Neuberg an der Mürz ^<61312>;1441
2005;Spital am Semmering ^<61313>;1712,375
2005;Stanz im Mürztal ^<61314>;2000
2005;Veitsch ^<61315>;2829,625
2005;Wartberg im Mürztal ^<61316>;2263,5
2005;Dürnstein in der Steiermark ^<61401>;330,25
2005;Falkendorf ^<61402>;-
2005;Frojach-Katsch ^<61403>;1255,75
2005;Krakau <61437>;-
2005;Krakaudorf ^<61404>;657,75
2005;Krakauhintermühlen ^<61405>;588,125
2005;Krakauschatten ^<61406>;309,625
2005;Kulm am Zirbitz ^<61407>;365,5
2005;Laßnitz bei Murau ^<61408>;1080,875
2005;Mariahof ^<61409>;1328,375
2005;Mühlen <61410>;1000,25
2005;Murau ^<61411>;2197
2005;Murau <61438>;-
2005;Neumarkt in der Steiermark <61439>;-
2005;Neumarkt in Steiermark ^<61412>;1900,5
2005;Niederwölz <61413>;614,25
2005;Oberwölz  <61440>;-
2005;Oberwölz Stadt ^<61414>;1014,75
2005;Oberwölz Umgebung ^<61415>;842,75
2005;Perchau am Sattel ^<61416>;305,375
2005;Predlitz-Turrach ^<61417>;898,75
2005;Ranten ^<61418>;1089,25
2005;Ranten <61441>;-
2005;Rinegg ^<61419>;174,125
2005;Sankt Blasen ^<61420>;654,75
2005;Sankt Georgen am Kreischberg <61442>;-
2005;Sankt Georgen ob Murau ^<61421>;1405,875
2005;Sankt Lambrecht ^<61422>;1582,625
2005;Sankt Lambrecht <61443>;-
2005;Sankt Lorenzen bei Scheifling ^<61423>;637,5
2005;Sankt Marein bei Neumarkt ^<61424>;991,75
2005;Sankt Ruprecht ob Murau ^<61426>;-
2005;Sankt Ruprecht-Falkendorf ^<61436>;516,75
2005;St. Peter am Kammersberg <61425>;2187,25
2005;Scheifling ^<61427>;1623,125
2005;Scheifling <61444>;-
2005;Schöder <61428>;1077,75
2005;Schönberg-Lachtal ^<61429>;455,625
2005;Stadl an der Mur ^<61430>;1041,5
2005;Stadl-Predlitz <61445>;-
2005;Stolzalpe ^<61431>;492,5
2005;Teufenbach ^<61432>;682
2005;Teufenbach-Katsch <61446>;-
2005;Triebendorf ^<61433>;143,375
2005;Winklern bei Oberwölz ^<61434>;916
2005;Zeutschach ^<61435>;235
2005;Bad Radkersburg ^<61513>;1440,875
2005;Bierbaum am Auersbach ^<61501>;484,625
2005;Deutsch Goritz ^<61502>;1269,375
2005;Dietersdorf am Gnasbach ^<61503>;398,25
2005;Eichfeld ^<61504>;966,375
2005;Gosdorf ^<61505>;1175,25
2005;Halbenrain ^<61506>;1818,625
2005;Hof bei Straden ^<61508>;879,625
2005;Klöch ^<61509>;1289,5
2005;Mettersdorf am Saßbach ^<61510>;1332
2005;Mureck ^<61511>;1590,625
2005;Murfeld ^<61512>;1701,25
2005;Radkersburg Umgebung ^<61514>;1772,875
2005;Ratschendorf ^<61515>;612,75
2005;Sankt Peter am Ottersbach ^<61516>;2298
2005;Straden ^<61517>;1664,25
2005;Tieschen ^<61518>;1389,875
2005;Trössing ^<61519>;289,25
2005;Weinburg am Saßbach ^<61520>;1114
2005;Auersbach ^<62301>;-
2005;Aug-Radisch ^<62302>;-
2005;Bad Gleichenberg ^<62303>;-
2005;Bad Gleichenberg <62375>;-
2005;Bad Radkersburg ^<62304>;-
2005;Bad Radkersburg <62376>;-
2005;Bairisch Kölldorf ^<62305>;-
2005;Baumgarten bei Gnas ^<62306>;-
2005;Bierbaum am Auersbach ^<62307>;-
2005;Breitenfeld an der Rittschein ^<62308>;-
2005;Deutsch Goritz ^<62309>;-
2005;Deutsch Goritz <62377>;-
2005;Dietersdorf am Gnasbach ^<62310>;-
2005;Edelsbach bei Feldbach <62311>;-
2005;Edelstauden ^<62312>;-
2005;Eichfeld ^<62313>;-
2005;Eichkögl <62314>;-
2005;Fehring ^<62315>;-
2005;Fehring <62378>;-
2005;Feldbach ^<62316>;-
2005;Feldbach <62379>;-
2005;Fladnitz im Raabtal ^<62317>;-
2005;Frannach ^<62318>;-
2005;Frutten-Gießelsdorf ^<62319>;-
2005;Glojach ^<62320>;-
2005;Gnas ^<62321>;-
2005;Gnas <62380>;-
2005;Gniebing-Weißenbach ^<62322>;-
2005;Gosdorf ^<62323>;-
2005;Gossendorf ^<62324>;-
2005;Grabersdorf ^<62325>;-
2005;Halbenrain <62326>;-
2005;Hatzendorf ^<62327>;-
2005;Hof bei Straden ^<62328>;-
2005;Hohenbrugg-Weinberg ^<62329>;-
2005;Jagerberg <62330>;-
2005;Johnsdorf-Brunn ^<62331>;-
2005;Kapfenstein <62332>;-
2005;Kirchbach in Steiermark ^<62333>;-
2005;Kirchbach-Zerlach <62381>;-
2005;Kirchberg an der Raab ^<62334>;-
2005;Kirchberg an der Raab <62382>;-
2005;Klöch <62335>;-
2005;Kohlberg ^<62336>;-
2005;Kornberg bei Riegersburg ^<62337>;-
2005;Krusdorf ^<62338>;-
2005;Leitersdorf im Raabtal ^<62339>;-
2005;Lödersdorf ^<62340>;-
2005;Maierdorf ^<62341>;-
2005;Merkendorf ^<62342>;-
2005;Mettersdorf am Saßbach <62343>;-
2005;Mitterlabill ^<62344>;-
2005;Mühldorf bei Feldbach ^<62345>;-
2005;Mureck ^<62346>;-
2005;Mureck <62383>;-
2005;Murfeld <62347>;-
2005;Oberdorf am Hochegg ^<62348>;-
2005;Oberstorcha ^<62349>;-
2005;Paldau ^<62350>;-
2005;Paldau <62384>;-
2005;Perlsdorf ^<62351>;-
2005;Pertlstein ^<62352>;-
2005;Petersdorf II ^<62353>;-
2005;Pirching am Traubenberg ^<62354>;-
2005;Pirching am Traubenberg <62385>;-
2005;Poppendorf ^<62355>;-
2005;Raabau ^<62356>;-
2005;Radkersburg Umgebung ^<62357>;-
2005;Raning ^<62358>;-
2005;Ratschendorf ^<62359>;-
2005;Riegersburg ^<62360>;-
2005;Riegersburg <62386>;-
2005;Sankt Anna am Aigen ^<62361>;-
2005;Sankt Anna am Aigen <62387>;-
2005;Sankt Peter am Ottersbach ^<62362>;-
2005;Sankt Peter am Ottersbach <62388>;-
2005;Sankt Stefan im Rosental ^<62363>;-
2005;Sankt Stefan im Rosental <62389>;-
2005;Schwarzau im Schwarzautal ^<62364>;-
2005;Stainz bei Straden ^<62365>;-
2005;Straden ^<62366>;-
2005;Straden <62390>;-
2005;Studenzen ^<62367>;-
2005;Tieschen <62368>;-
2005;Trautmannsdorf in Oststeiermark ^<62369>;-
2005;Trössing ^<62370>;-
2005;Unterauersbach ^<62371>;-
2005;Unterlamm <62372>;-
2005;Weinburg am Saßbach ^<62373>;-
2005;Zerlach ^<62374>;-
2005;Bärnbach ^<61601>;5131,75
2005;Bärnbach <61626>;-
2005;Edelschrott ^<61602>;1673,125
2005;Edelschrott <61627>;-
2005;Gallmannsegg ^<61603>;332,25
2005;Geistthal ^<61604>;940,75
2005;Geistthal-Södingberg <61628>;-
2005;Gößnitz ^<61605>;507
2005;Graden ^<61606>;529,625
2005;Hirschegg ^<61607>;728,375
2005;Hirschegg-Pack <61629>;-
2005;Kainach bei Voitsberg ^<61608>;753,625
2005;Kainach bei Voitsberg <61630>;-
2005;Köflach ^<61609>;10324,75
2005;Köflach <61631>;-
2005;Kohlschwarz ^<61610>;759,25
2005;Krottendorf-Gaisfeld <61611>;2368,75
2005;Ligist <61612>;3224,75
2005;Maria Lankowitz ^<61613>;2324,375
2005;Maria Lankowitz <61632>;-
2005;Modriach ^<61614>;232
2005;Mooskirchen <61615>;1966,75
2005;Pack ^<61616>;483,375
2005;Piberegg ^<61617>;386,125
2005;Rosental an der Kainach <61618>;1730
2005;Salla ^<61619>;328,75
2005;Sankt Johann-Köppling ^<61620>;1663,125
2005;Sankt Martin am Wöllmißberg <61621>;877,75
2005;Söding ^<61622>;2064,25
2005;Södingberg ^<61623>;864,75
2005;Söding-Sankt Johann <61633>;-
2005;Stallhofen <61624>;3061,25
2005;Voitsberg <61625>;9904,25
2005;Albersdorf-Prebuch <61701>;1836,125
2005;Anger ^<61702>;870,375
2005;Anger <61756>;-
2005;Arzberg ^<61703>;575,875
2005;Baierdorf bei Anger ^<61704>;1716,875
2005;Birkfeld ^<61705>;1693,875
2005;Birkfeld <61757>;-
2005;Etzersdorf-Rollsdorf ^<61706>;1188,125
2005;Feistritz bei Anger ^<61707>;1104,125
2005;Fischbach <61708>;1647,375
2005;Fladnitz an der Teichalm ^<61709>;1162,125
2005;Fladnitz an der Teichalm <61758>;-
2005;Floing <61710>;1222,5
2005;Gasen <61711>;959,625
2005;Gersdorf an der Feistritz ^<61712>;1215,625
2005;Gersdorf an der Feistritz <61759>;-
2005;Gleisdorf ^<61713>;5379,25
2005;Gleisdorf <61760>;-
2005;Gschaid bei Birkfeld ^<61714>;938,25
2005;Gutenberg an der Raabklamm ^<61715>;1239,375
2005;Gutenberg <61761>;-
2005;Haslau bei Birkfeld ^<61717>;480,75
2005;Hirnsdorf ^<61718>;690,375
2005;Hofstätten an der Raab <61719>;1824,875
2005;Hohenau an der Raab ^<61720>;1371,375
2005;Ilztal ^<61721>;1725,25
2005;Ilztal <61762>;-
2005;Koglhof ^<61722>;1141,875
2005;Krottendorf ^<61723>;2228
2005;Kulm bei Weiz ^<61724>;481,625
2005;Labuch ^<61725>;753,375
2005;Laßnitzthal ^<61726>;1086,125
2005;Ludersdorf-Wilfersdorf <61727>;1872,875
2005;Markt Hartmannsdorf <61716>;2921,875
2005;Miesenbach bei Birkfeld <61728>;741,25
2005;Mitterdorf an der Raab <61729>;2007,875
2005;Mortantsch <61730>;1960
2005;Naas <61731>;1410,625
2005;Naintsch ^<61732>;660,75
2005;Neudorf bei Passail ^<61733>;492,5
2005;Nitscha ^<61734>;1389
2005;Oberrettenbach ^<61735>;486,875
2005;Passail ^<61736>;1985,625
2005;Passail <61763>;-
2005;Pischelsdorf am Kulm <61764>;-
2005;Pischelsdorf in der Steiermark ^<61737>;2454,5
2005;Pöllau bei Gleisdorf ^<61738>;-
2005;Preßguts ^<61739>;380,25
2005;Puch bei Weiz <61740>;2156,875
2005;Ratten <61741>;1217
2005;Reichendorf ^<61742>;614,75
2005;Rettenegg <61743>;776,5
2005;St. Kathrein am Hauenstein <61744>;726
2005;St. Margarethen an der Raab <61746>;3689,75
2005;Sankt Kathrein am Offenegg <61745>;1213,375
2005;Sankt Ruprecht an der Raab ^<61747>;1997,125
2005;Sankt Ruprecht an der Raab <61765>;-
2005;Sinabelkirchen <61748>;3870
2005;Stenzengreith ^<61749>;512,75
2005;Strallegg <61750>;2008,25
2005;Thannhausen <61751>;2358,375
2005;Ungerdorf ^<61752>;695,625
2005;Unterfladnitz ^<61753>;1519,75
2005;Waisenegg ^<61754>;1141,75
2005;Weiz ^<61755>;8796,375
2005;Weiz <61766>;-
2006;Graz <60101>;246063,625
2006;Eisenerz <61101>;5674,25
2006;Gai ^<61102>;1775,625
2006;Hafning bei Trofaiach ^<61103>;1659
2006;Hieflau ^<61104>;880,875
2006;Kalwang <61105>;1170,375
2006;Kammern im Liesingtal <61106>;1680,875
2006;Kraubath an der Mur <61107>;1366,375
2006;Leoben <61108>;25254,875
2006;Mautern in Steiermark <61109>;1934,125
2006;Niklasdorf <61110>;2593,5
2006;Proleb <61111>;1642,625
2006;Radmer <61112>;735,625
2006;Sankt Michael in Obersteiermark <61113>;3261,625
2006;Sankt Peter-Freienstein <61114>;2474,375
2006;Sankt Stefan ob Leoben <61115>;2034
2006;Traboch <61116>;1389,625
2006;Trofaiach ^<61117>;8066,125
2006;Trofaiach <61120>;-
2006;Vordernberg <61118>;1214,5
2006;Wald am Schoberpaß <61119>;650,125
2006;Admont ^<61201>;2680,25
2006;Admont <61253>;-
2006;Aich ^<61202>;889,125
2006;Aich <61254>;-
2006;Aigen im Ennstal <61203>;2532,375
2006;Altaussee <61204>;1892,875
2006;Altenmarkt bei Sankt Gallen <61205>;915,25
2006;Ardning <61206>;1243
2006;Bad Aussee <61207>;4829
2006;Bad Mitterndorf ^<61226>;3059,625
2006;Bad Mitterndorf <61255>;-
2006;Donnersbach ^<61208>;1128
2006;Donnersbachwald ^<61209>;341,625
2006;Gaishorn am See ^<61210>;1079,5
2006;Gaishorn am See <61256>;-
2006;Gams bei Hieflau ^<61211>;599,75
2006;Gössenberg ^<61212>;271,25
2006;Gröbming <61213>;2698
2006;Großsölk ^<61214>;508,75
2006;Grundlsee <61215>;1302,125
2006;Hall ^<61216>;1827,625
2006;Haus <61217>;2465,25
2006;Irdning ^<61218>;2657,375
2006;Irdning-Donnersbachtal <61257>;-
2006;Johnsbach ^<61219>;152,625
2006;Kleinsölk ^<61220>;606,625
2006;Landl ^<61221>;1322,5
2006;Landl <61258>;-
2006;Lassing <61222>;1814,125
2006;Liezen ^<61223>;6999,625
2006;Liezen <61259>;-
2006;Michaelerberg ^<61224>;532,875
2006;Michaelerberg-Pruggern <61260>;-
2006;Mitterberg ^<61225>;1092,5
2006;Mitterberg-Sankt Martin <61261>;-
2006;Niederöblarn ^<61227>;560
2006;Öblarn ^<61228>;1427,125
2006;Öblarn <61262>;-
2006;Oppenberg ^<61229>;270,375
2006;Palfau ^<61230>;406
2006;Palten ^<61231>;-
2006;Pichl-Kainisch ^<61233>;760,5
2006;Pichl-Preunegg ^<61232>;901,875
2006;Pruggern ^<61234>;669,5
2006;Pürgg-Trautenfels ^<61235>;992,5
2006;Ramsau am Dachstein <61236>;2726,125
2006;Rohrmoos-Untertal ^<61237>;1403,875
2006;Rottenmann ^<61238>;5313,125
2006;Rottenmann <61263>;-
2006;Sankt Gallen ^<61239>;1466,375
2006;Sankt Gallen <61264>;-
2006;Sankt Martin am Grimming ^<61240>;771,75
2006;Sankt Nikolai im Sölktal ^<61241>;519,5
2006;Schladming ^<61242>;4433,375
2006;Schladming <61265>;-
2006;Selzthal <61243>;1824,75
2006;Sölk <61266>;-
2006;Stainach ^<61244>;1980,375
2006;Stainach-Pürgg <61267>;-
2006;Tauplitz ^<61245>;1009
2006;Treglwang ^<61246>;377,625
2006;Trieben <61247>;3696,375
2006;Weißenbach an der Enns ^<61248>;554,125
2006;Weißenbach bei Liezen ^<61249>;1144,125
2006;Weng im Gesäuse ^<61250>;599,75
2006;Wildalpen <61251>;574,625
2006;Wörschach <61252>;1175,5
2006;Amering ^<62001>;-
2006;Apfelberg ^<62002>;-
2006;Bretstein ^<62003>;-
2006;Eppenstein ^<62004>;-
2006;Feistritz bei Knittelfeld ^<62005>;-
2006;Flatschach ^<62006>;-
2006;Fohnsdorf <62007>;-
2006;Gaal <62008>;-
2006;Großlobming ^<62009>;-
2006;Hohentauern <62010>;-
2006;Judenburg ^<62011>;-
2006;Judenburg <62040>;-
2006;Kleinlobming ^<62012>;-
2006;Knittelfeld ^<62013>;-
2006;Knittelfeld <62041>;-
2006;Kobenz <62014>;-
2006;Lobmingtal <62039>;-
2006;Maria Buch-Feistritz ^<62015>;-
2006;Obdach ^<62016>;-
2006;Obdach <62042>;-
2006;Oberkurzheim ^<62017>;-
2006;Oberweg ^<62018>;-
2006;Oberzeiring ^<62019>;-
2006;Pöls ^<62020>;-
2006;Pöls-Oberkurzheim <62043>;-
2006;Pölstal <62044>;-
2006;Pusterwald <62021>;-
2006;Rachau ^<62022>;-
2006;Reifling ^<62023>;-
2006;Reisstraße ^<62024>;-
2006;Sankt Anna am Lavantegg ^<62025>;-
2006;Sankt Georgen ob Judenburg <62026>;-
2006;Sankt Johann am Tauern ^<62027>;-
2006;Sankt Lorenzen bei Knittelfeld ^<62028>;-
2006;Sankt Marein bei Knittelfeld ^<62029>;-
2006;Sankt Marein-Feistritz <62045>;-
2006;Sankt Margarethen bei Knittelfeld ^<62030>;-
2006;Sankt Margarethen bei Knittelfeld <62046>;-
2006;Sankt Oswald-Möderbrugg ^<62031>;-
2006;Sankt Peter ob Judenburg <62032>;-
2006;Sankt Wolfgang-Kienberg ^<62033>;-
2006;Seckau <62034>;-
2006;Spielberg  ^<62035>;-
2006;Spielberg <62047>;-
2006;Unzmarkt-Frauenburg <62036>;-
2006;Weißkirchen in Steiermark ^<62037>;-
2006;Weißkirchen in Steiermark <62048>;-
2006;Zeltweg <62038>;-
2006;Allerheiligen im Mürztal ^<61301>;1962,25
2006;Altenberg an der Rax ^<61302>;355,875
2006;Ganz ^<61303>;371,75
2006;Kapellen ^<61304>;673,375
2006;Kindberg ^<61305>;5727,5
2006;Krieglach ^<61306>;5139,875
2006;Langenwang ^<61307>;4080,625
2006;Mitterdorf im Mürztal ^<61308>;2391
2006;Mürzhofen ^<61309>;988,5
2006;Mürzsteg ^<61310>;584,25
2006;Mürzzuschlag ^<61311>;9216
2006;Neuberg an der Mürz ^<61312>;1402,75
2006;Spital am Semmering ^<61313>;1685
2006;Stanz im Mürztal ^<61314>;1981,625
2006;Veitsch ^<61315>;2781,75
2006;Wartberg im Mürztal ^<61316>;2247,5
2006;Dürnstein in der Steiermark ^<61401>;326,625
2006;Falkendorf ^<61402>;-
2006;Frojach-Katsch ^<61403>;1249,625
2006;Krakau <61437>;-
2006;Krakaudorf ^<61404>;655,75
2006;Krakauhintermühlen ^<61405>;582,125
2006;Krakauschatten ^<61406>;311,375
2006;Kulm am Zirbitz ^<61407>;359,625
2006;Laßnitz bei Murau ^<61408>;1077,625
2006;Mariahof ^<61409>;1354,375
2006;Mühlen <61410>;987,5
2006;Murau ^<61411>;2185,5
2006;Murau <61438>;-
2006;Neumarkt in der Steiermark <61439>;-
2006;Neumarkt in Steiermark ^<61412>;1897,375
2006;Niederwölz <61413>;620,5
2006;Oberwölz  <61440>;-
2006;Oberwölz Stadt ^<61414>;1003,875
2006;Oberwölz Umgebung ^<61415>;850,375
2006;Perchau am Sattel ^<61416>;302,375
2006;Predlitz-Turrach ^<61417>;897,5
2006;Ranten ^<61418>;1094,375
2006;Ranten <61441>;-
2006;Rinegg ^<61419>;170,25
2006;Sankt Blasen ^<61420>;648,375
2006;Sankt Georgen am Kreischberg <61442>;-
2006;Sankt Georgen ob Murau ^<61421>;1387,625
2006;Sankt Lambrecht ^<61422>;1562,125
2006;Sankt Lambrecht <61443>;-
2006;Sankt Lorenzen bei Scheifling ^<61423>;624,75
2006;Sankt Marein bei Neumarkt ^<61424>;999,375
2006;Sankt Ruprecht ob Murau ^<61426>;-
2006;Sankt Ruprecht-Falkendorf ^<61436>;510,375
2006;St. Peter am Kammersberg <61425>;2178,125
2006;Scheifling ^<61427>;1623,625
2006;Scheifling <61444>;-
2006;Schöder <61428>;1075
2006;Schönberg-Lachtal ^<61429>;455,25
2006;Stadl an der Mur ^<61430>;1024,75
2006;Stadl-Predlitz <61445>;-
2006;Stolzalpe ^<61431>;486,375
2006;Teufenbach ^<61432>;687,625
2006;Teufenbach-Katsch <61446>;-
2006;Triebendorf ^<61433>;143,75
2006;Winklern bei Oberwölz ^<61434>;931,25
2006;Zeutschach ^<61435>;239
2006;Bad Radkersburg ^<61513>;1450
2006;Bierbaum am Auersbach ^<61501>;479,125
2006;Deutsch Goritz ^<61502>;1264,5
2006;Dietersdorf am Gnasbach ^<61503>;389,125
2006;Eichfeld ^<61504>;955,5
2006;Gosdorf ^<61505>;1180,75
2006;Halbenrain ^<61506>;1812,25
2006;Hof bei Straden ^<61508>;889
2006;Klöch ^<61509>;1281,125
2006;Mettersdorf am Saßbach ^<61510>;1355
2006;Mureck ^<61511>;1592,5
2006;Murfeld ^<61512>;1702,375
2006;Radkersburg Umgebung ^<61514>;1784,875
2006;Ratschendorf ^<61515>;619,375
2006;Sankt Peter am Ottersbach ^<61516>;2274
2006;Straden ^<61517>;1654,625
2006;Tieschen ^<61518>;1390,625
2006;Trössing ^<61519>;288,125
2006;Weinburg am Saßbach ^<61520>;1092,75
2006;Auersbach ^<62301>;-
2006;Aug-Radisch ^<62302>;-
2006;Bad Gleichenberg ^<62303>;-
2006;Bad Gleichenberg <62375>;-
2006;Bad Radkersburg ^<62304>;-
2006;Bad Radkersburg <62376>;-
2006;Bairisch Kölldorf ^<62305>;-
2006;Baumgarten bei Gnas ^<62306>;-
2006;Bierbaum am Auersbach ^<62307>;-
2006;Breitenfeld an der Rittschein ^<62308>;-
2006;Deutsch Goritz ^<62309>;-
2006;Deutsch Goritz <62377>;-
2006;Dietersdorf am Gnasbach ^<62310>;-
2006;Edelsbach bei Feldbach <62311>;-
2006;Edelstauden ^<62312>;-
2006;Eichfeld ^<62313>;-
2006;Eichkögl <62314>;-
2006;Fehring ^<62315>;-
2006;Fehring <62378>;-
2006;Feldbach ^<62316>;-
2006;Feldbach <62379>;-
2006;Fladnitz im Raabtal ^<62317>;-
2006;Frannach ^<62318>;-
2006;Frutten-Gießelsdorf ^<62319>;-
2006;Glojach ^<62320>;-
2006;Gnas ^<62321>;-
2006;Gnas <62380>;-
2006;Gniebing-Weißenbach ^<62322>;-
2006;Gosdorf ^<62323>;-
2006;Gossendorf ^<62324>;-
2006;Grabersdorf ^<62325>;-
2006;Halbenrain <62326>;-
2006;Hatzendorf ^<62327>;-
2006;Hof bei Straden ^<62328>;-
2006;Hohenbrugg-Weinberg ^<62329>;-
2006;Jagerberg <62330>;-
2006;Johnsdorf-Brunn ^<62331>;-
2006;Kapfenstein <62332>;-
2006;Kirchbach in Steiermark ^<62333>;-
2006;Kirchbach-Zerlach <62381>;-
2006;Kirchberg an der Raab ^<62334>;-
2006;Kirchberg an der Raab <62382>;-
2006;Klöch <62335>;-
2006;Kohlberg ^<62336>;-
2006;Kornberg bei Riegersburg ^<62337>;-
2006;Krusdorf ^<62338>;-
2006;Leitersdorf im Raabtal ^<62339>;-
2006;Lödersdorf ^<62340>;-
2006;Maierdorf ^<62341>;-
2006;Merkendorf ^<62342>;-
2006;Mettersdorf am Saßbach <62343>;-
2006;Mitterlabill ^<62344>;-
2006;Mühldorf bei Feldbach ^<62345>;-
2006;Mureck ^<62346>;-
2006;Mureck <62383>;-
2006;Murfeld <62347>;-
2006;Oberdorf am Hochegg ^<62348>;-
2006;Oberstorcha ^<62349>;-
2006;Paldau ^<62350>;-
2006;Paldau <62384>;-
2006;Perlsdorf ^<62351>;-
2006;Pertlstein ^<62352>;-
2006;Petersdorf II ^<62353>;-
2006;Pirching am Traubenberg ^<62354>;-
2006;Pirching am Traubenberg <62385>;-
2006;Poppendorf ^<62355>;-
2006;Raabau ^<62356>;-
2006;Radkersburg Umgebung ^<62357>;-
2006;Raning ^<62358>;-
2006;Ratschendorf ^<62359>;-
2006;Riegersburg ^<62360>;-
2006;Riegersburg <62386>;-
2006;Sankt Anna am Aigen ^<62361>;-
2006;Sankt Anna am Aigen <62387>;-
2006;Sankt Peter am Ottersbach ^<62362>;-
2006;Sankt Peter am Ottersbach <62388>;-
2006;Sankt Stefan im Rosental ^<62363>;-
2006;Sankt Stefan im Rosental <62389>;-
2006;Schwarzau im Schwarzautal ^<62364>;-
2006;Stainz bei Straden ^<62365>;-
2006;Straden ^<62366>;-
2006;Straden <62390>;-
2006;Studenzen ^<62367>;-
2006;Tieschen <62368>;-
2006;Trautmannsdorf in Oststeiermark ^<62369>;-
2006;Trössing ^<62370>;-
2006;Unterauersbach ^<62371>;-
2006;Unterlamm <62372>;-
2006;Weinburg am Saßbach ^<62373>;-
2006;Zerlach ^<62374>;-
2006;Bärnbach ^<61601>;5186,75
2006;Bärnbach <61626>;-
2006;Edelschrott ^<61602>;1679,125
2006;Edelschrott <61627>;-
2006;Gallmannsegg ^<61603>;332,75
2006;Geistthal ^<61604>;923,125
2006;Geistthal-Södingberg <61628>;-
2006;Gößnitz ^<61605>;509,25
2006;Graden ^<61606>;518,125
2006;Hirschegg ^<61607>;709,125
2006;Hirschegg-Pack <61629>;-
2006;Kainach bei Voitsberg ^<61608>;743
2006;Kainach bei Voitsberg <61630>;-
2006;Köflach ^<61609>;10171,75
2006;Köflach <61631>;-
2006;Kohlschwarz ^<61610>;746,25
2006;Krottendorf-Gaisfeld <61611>;2386,5
2006;Ligist <61612>;3217,125
2006;Maria Lankowitz ^<61613>;2291,75
2006;Maria Lankowitz <61632>;-
2006;Modriach ^<61614>;224,75
2006;Mooskirchen <61615>;1968,625
2006;Pack ^<61616>;470,5
2006;Piberegg ^<61617>;383
2006;Rosental an der Kainach <61618>;1765,5
2006;Salla ^<61619>;306,75
2006;Sankt Johann-Köppling ^<61620>;1676,625
2006;Sankt Martin am Wöllmißberg <61621>;860,5
2006;Söding ^<61622>;2095,625
2006;Södingberg ^<61623>;856,75
2006;Söding-Sankt Johann <61633>;-
2006;Stallhofen <61624>;3053,25
2006;Voitsberg <61625>;9879,625
2006;Albersdorf-Prebuch <61701>;1863,875
2006;Anger ^<61702>;867,75
2006;Anger <61756>;-
2006;Arzberg ^<61703>;568,75
2006;Baierdorf bei Anger ^<61704>;1708,75
2006;Birkfeld ^<61705>;1700,25
2006;Birkfeld <61757>;-
2006;Etzersdorf-Rollsdorf ^<61706>;1185,875
2006;Feistritz bei Anger ^<61707>;1083,5
2006;Fischbach <61708>;1635,5
2006;Fladnitz an der Teichalm ^<61709>;1144,5
2006;Fladnitz an der Teichalm <61758>;-
2006;Floing <61710>;1232,375
2006;Gasen <61711>;948,75
2006;Gersdorf an der Feistritz ^<61712>;1225,875
2006;Gersdorf an der Feistritz <61759>;-
2006;Gleisdorf ^<61713>;5382,25
2006;Gleisdorf <61760>;-
2006;Gschaid bei Birkfeld ^<61714>;926,875
2006;Gutenberg an der Raabklamm ^<61715>;1245,875
2006;Gutenberg <61761>;-
2006;Haslau bei Birkfeld ^<61717>;477,5
2006;Hirnsdorf ^<61718>;698
2006;Hofstätten an der Raab <61719>;1853,5
2006;Hohenau an der Raab ^<61720>;1355,375
2006;Ilztal ^<61721>;1720,25
2006;Ilztal <61762>;-
2006;Koglhof ^<61722>;1139,125
2006;Krottendorf ^<61723>;2229
2006;Kulm bei Weiz ^<61724>;488,375
2006;Labuch ^<61725>;771,875
2006;Laßnitzthal ^<61726>;1079
2006;Ludersdorf-Wilfersdorf <61727>;1896,5
2006;Markt Hartmannsdorf <61716>;2941,375
2006;Miesenbach bei Birkfeld <61728>;739,375
2006;Mitterdorf an der Raab <61729>;2046,25
2006;Mortantsch <61730>;1985,25
2006;Naas <61731>;1415,5
2006;Naintsch ^<61732>;656,875
2006;Neudorf bei Passail ^<61733>;491
2006;Nitscha ^<61734>;1401,875
2006;Oberrettenbach ^<61735>;482
2006;Passail ^<61736>;1972,375
2006;Passail <61763>;-
2006;Pischelsdorf am Kulm <61764>;-
2006;Pischelsdorf in der Steiermark ^<61737>;2465,375
2006;Pöllau bei Gleisdorf ^<61738>;-
2006;Preßguts ^<61739>;383,625
2006;Puch bei Weiz <61740>;2142,125
2006;Ratten <61741>;1217,875
2006;Reichendorf ^<61742>;605
2006;Rettenegg <61743>;772,875
2006;St. Kathrein am Hauenstein <61744>;713,625
2006;St. Margarethen an der Raab <61746>;3723,375
2006;Sankt Kathrein am Offenegg <61745>;1194,5
2006;Sankt Ruprecht an der Raab ^<61747>;1978,625
2006;Sankt Ruprecht an der Raab <61765>;-
2006;Sinabelkirchen <61748>;3872,75
2006;Stenzengreith ^<61749>;509,5
2006;Strallegg <61750>;1993,625
2006;Thannhausen <61751>;2351,5
2006;Ungerdorf ^<61752>;691,375
2006;Unterfladnitz ^<61753>;1506
2006;Waisenegg ^<61754>;1138,625
2006;Weiz ^<61755>;8844,75
2006;Weiz <61766>;-
2007;Graz <60101>;248667,375
2007;Eisenerz <61101>;5493,875
2007;Gai ^<61102>;1805,5
2007;Hafning bei Trofaiach ^<61103>;1657
2007;Hieflau ^<61104>;854,75
2007;Kalwang <61105>;1150,375
2007;Kammern im Liesingtal <61106>;1717,875
2007;Kraubath an der Mur <61107>;1368,875
2007;Leoben <61108>;25053,75
2007;Mautern in Steiermark <61109>;1925,125
2007;Niklasdorf <61110>;2589,625
2007;Proleb <61111>;1652,625
2007;Radmer <61112>;719,625
2007;Sankt Michael in Obersteiermark <61113>;3243,75
2007;Sankt Peter-Freienstein <61114>;2467,875
2007;Sankt Stefan ob Leoben <61115>;2024,625
2007;Traboch <61116>;1386,125
2007;Trofaiach ^<61117>;8000,625
2007;Trofaiach <61120>;-
2007;Vordernberg <61118>;1177,75
2007;Wald am Schoberpaß <61119>;630,375
2007;Admont ^<61201>;2669,875
2007;Admont <61253>;-
2007;Aich ^<61202>;897,625
2007;Aich <61254>;-
2007;Aigen im Ennstal <61203>;2560,75
2007;Altaussee <61204>;1886,125
2007;Altenmarkt bei Sankt Gallen <61205>;906,5
2007;Ardning <61206>;1262
2007;Bad Aussee <61207>;4831
2007;Bad Mitterndorf ^<61226>;3028,75
2007;Bad Mitterndorf <61255>;-
2007;Donnersbach ^<61208>;1110
2007;Donnersbachwald ^<61209>;342,25
2007;Gaishorn am See ^<61210>;1067,375
2007;Gaishorn am See <61256>;-
2007;Gams bei Hieflau ^<61211>;595
2007;Gössenberg ^<61212>;275,25
2007;Gröbming <61213>;2712,125
2007;Großsölk ^<61214>;502,125
2007;Grundlsee <61215>;1276
2007;Hall ^<61216>;1823,75
2007;Haus <61217>;2447,375
2007;Irdning ^<61218>;2660,375
2007;Irdning-Donnersbachtal <61257>;-
2007;Johnsbach ^<61219>;150,375
2007;Kleinsölk ^<61220>;600,625
2007;Landl ^<61221>;1316,5
2007;Landl <61258>;-
2007;Lassing <61222>;1803,125
2007;Liezen ^<61223>;6973,75
2007;Liezen <61259>;-
2007;Michaelerberg ^<61224>;530,125
2007;Michaelerberg-Pruggern <61260>;-
2007;Mitterberg ^<61225>;1097,625
2007;Mitterberg-Sankt Martin <61261>;-
2007;Niederöblarn ^<61227>;564,875
2007;Öblarn ^<61228>;1430
2007;Öblarn <61262>;-
2007;Oppenberg ^<61229>;273,625
2007;Palfau ^<61230>;403,75
2007;Palten ^<61231>;-
2007;Pichl-Kainisch ^<61233>;758,875
2007;Pichl-Preunegg ^<61232>;919,5
2007;Pruggern ^<61234>;663,5
2007;Pürgg-Trautenfels ^<61235>;1001,5
2007;Ramsau am Dachstein <61236>;2733,125
2007;Rohrmoos-Untertal ^<61237>;1397,5
2007;Rottenmann ^<61238>;5281,5
2007;Rottenmann <61263>;-
2007;Sankt Gallen ^<61239>;1462,125
2007;Sankt Gallen <61264>;-
2007;Sankt Martin am Grimming ^<61240>;772,875
2007;Sankt Nikolai im Sölktal ^<61241>;519,125
2007;Schladming ^<61242>;4418,75
2007;Schladming <61265>;-
2007;Selzthal <61243>;1783,5
2007;Sölk <61266>;-
2007;Stainach ^<61244>;1969,625
2007;Stainach-Pürgg <61267>;-
2007;Tauplitz ^<61245>;1007,125
2007;Treglwang ^<61246>;377,5
2007;Trieben <61247>;3674
2007;Weißenbach an der Enns ^<61248>;540,875
2007;Weißenbach bei Liezen ^<61249>;1142,875
2007;Weng im Gesäuse ^<61250>;603,875
2007;Wildalpen <61251>;573,75
2007;Wörschach <61252>;1179,625
2007;Amering ^<62001>;-
2007;Apfelberg ^<62002>;-
2007;Bretstein ^<62003>;-
2007;Eppenstein ^<62004>;-
2007;Feistritz bei Knittelfeld ^<62005>;-
2007;Flatschach ^<62006>;-
2007;Fohnsdorf <62007>;-
2007;Gaal <62008>;-
2007;Großlobming ^<62009>;-
2007;Hohentauern <62010>;-
2007;Judenburg ^<62011>;-
2007;Judenburg <62040>;-
2007;Kleinlobming ^<62012>;-
2007;Knittelfeld ^<62013>;-
2007;Knittelfeld <62041>;-
2007;Kobenz <62014>;-
2007;Lobmingtal <62039>;-
2007;Maria Buch-Feistritz ^<62015>;-
2007;Obdach ^<62016>;-
2007;Obdach <62042>;-
2007;Oberkurzheim ^<62017>;-
2007;Oberweg ^<62018>;-
2007;Oberzeiring ^<62019>;-
2007;Pöls ^<62020>;-
2007;Pöls-Oberkurzheim <62043>;-
2007;Pölstal <62044>;-
2007;Pusterwald <62021>;-
2007;Rachau ^<62022>;-
2007;Reifling ^<62023>;-
2007;Reisstraße ^<62024>;-
2007;Sankt Anna am Lavantegg ^<62025>;-
2007;Sankt Georgen ob Judenburg <62026>;-
2007;Sankt Johann am Tauern ^<62027>;-
2007;Sankt Lorenzen bei Knittelfeld ^<62028>;-
2007;Sankt Marein bei Knittelfeld ^<62029>;-
2007;Sankt Marein-Feistritz <62045>;-
2007;Sankt Margarethen bei Knittelfeld ^<62030>;-
2007;Sankt Margarethen bei Knittelfeld <62046>;-
2007;Sankt Oswald-Möderbrugg ^<62031>;-
2007;Sankt Peter ob Judenburg <62032>;-
2007;Sankt Wolfgang-Kienberg ^<62033>;-
2007;Seckau <62034>;-
2007;Spielberg  ^<62035>;-
2007;Spielberg <62047>;-
2007;Unzmarkt-Frauenburg <62036>;-
2007;Weißkirchen in Steiermark ^<62037>;-
2007;Weißkirchen in Steiermark <62048>;-
2007;Zeltweg <62038>;-
2007;Allerheiligen im Mürztal ^<61301>;1957,5
2007;Altenberg an der Rax ^<61302>;349,625
2007;Ganz ^<61303>;369
2007;Kapellen ^<61304>;666,125
2007;Kindberg ^<61305>;5716,875
2007;Krieglach ^<61306>;5141,5
2007;Langenwang ^<61307>;4044
2007;Mitterdorf im Mürztal ^<61308>;2368,375
2007;Mürzhofen ^<61309>;981,125
2007;Mürzsteg ^<61310>;554,875
2007;Mürzzuschlag ^<61311>;9163,375
2007;Neuberg an der Mürz ^<61312>;1387,5
2007;Spital am Semmering ^<61313>;1672,75
2007;Stanz im Mürztal ^<61314>;1957,125
2007;Veitsch ^<61315>;2730,375
2007;Wartberg im Mürztal ^<61316>;2196,5
2007;Dürnstein in der Steiermark ^<61401>;320,25
2007;Falkendorf ^<61402>;-
2007;Frojach-Katsch ^<61403>;1243,625
2007;Krakau <61437>;-
2007;Krakaudorf ^<61404>;652,75
2007;Krakauhintermühlen ^<61405>;581,875
2007;Krakauschatten ^<61406>;316,75
2007;Kulm am Zirbitz ^<61407>;359
2007;Laßnitz bei Murau ^<61408>;1078,875
2007;Mariahof ^<61409>;1353,375
2007;Mühlen <61410>;973,125
2007;Murau ^<61411>;2167,375
2007;Murau <61438>;-
2007;Neumarkt in der Steiermark <61439>;-
2007;Neumarkt in Steiermark ^<61412>;1859,125
2007;Niederwölz <61413>;612,625
2007;Oberwölz  <61440>;-
2007;Oberwölz Stadt ^<61414>;1001,25
2007;Oberwölz Umgebung ^<61415>;834
2007;Perchau am Sattel ^<61416>;305,875
2007;Predlitz-Turrach ^<61417>;909,375
2007;Ranten ^<61418>;1093
2007;Ranten <61441>;-
2007;Rinegg ^<61419>;168
2007;Sankt Blasen ^<61420>;645,875
2007;Sankt Georgen am Kreischberg <61442>;-
2007;Sankt Georgen ob Murau ^<61421>;1375,25
2007;Sankt Lambrecht ^<61422>;1528,625
2007;Sankt Lambrecht <61443>;-
2007;Sankt Lorenzen bei Scheifling ^<61423>;615,5
2007;Sankt Marein bei Neumarkt ^<61424>;989,125
2007;Sankt Ruprecht ob Murau ^<61426>;-
2007;Sankt Ruprecht-Falkendorf ^<61436>;503,625
2007;St. Peter am Kammersberg <61425>;2169,125
2007;Scheifling ^<61427>;1616,875
2007;Scheifling <61444>;-
2007;Schöder <61428>;1059,625
2007;Schönberg-Lachtal ^<61429>;455,25
2007;Stadl an der Mur ^<61430>;1011,75
2007;Stadl-Predlitz <61445>;-
2007;Stolzalpe ^<61431>;489,25
2007;Teufenbach ^<61432>;710,625
2007;Teufenbach-Katsch <61446>;-
2007;Triebendorf ^<61433>;145
2007;Winklern bei Oberwölz ^<61434>;927,25
2007;Zeutschach ^<61435>;234
2007;Bad Radkersburg ^<61513>;1463,125
2007;Bierbaum am Auersbach ^<61501>;482,625
2007;Deutsch Goritz ^<61502>;1274,75
2007;Dietersdorf am Gnasbach ^<61503>;390,25
2007;Eichfeld ^<61504>;944,25
2007;Gosdorf ^<61505>;1168,75
2007;Halbenrain ^<61506>;1802,5
2007;Hof bei Straden ^<61508>;897
2007;Klöch ^<61509>;1273
2007;Mettersdorf am Saßbach ^<61510>;1348,5
2007;Mureck ^<61511>;1584,625
2007;Murfeld ^<61512>;1707,75
2007;Radkersburg Umgebung ^<61514>;1797,875
2007;Ratschendorf ^<61515>;615,75
2007;Sankt Peter am Ottersbach ^<61516>;2258,125
2007;Straden ^<61517>;1634,5
2007;Tieschen ^<61518>;1383
2007;Trössing ^<61519>;286,75
2007;Weinburg am Saßbach ^<61520>;1081
2007;Auersbach ^<62301>;-
2007;Aug-Radisch ^<62302>;-
2007;Bad Gleichenberg ^<62303>;-
2007;Bad Gleichenberg <62375>;-
2007;Bad Radkersburg ^<62304>;-
2007;Bad Radkersburg <62376>;-
2007;Bairisch Kölldorf ^<62305>;-
2007;Baumgarten bei Gnas ^<62306>;-
2007;Bierbaum am Auersbach ^<62307>;-
2007;Breitenfeld an der Rittschein ^<62308>;-
2007;Deutsch Goritz ^<62309>;-
2007;Deutsch Goritz <62377>;-
2007;Dietersdorf am Gnasbach ^<62310>;-
2007;Edelsbach bei Feldbach <62311>;-
2007;Edelstauden ^<62312>;-
2007;Eichfeld ^<62313>;-
2007;Eichkögl <62314>;-
2007;Fehring ^<62315>;-
2007;Fehring <62378>;-
2007;Feldbach ^<62316>;-
2007;Feldbach <62379>;-
2007;Fladnitz im Raabtal ^<62317>;-
2007;Frannach ^<62318>;-
2007;Frutten-Gießelsdorf ^<62319>;-
2007;Glojach ^<62320>;-
2007;Gnas ^<62321>;-
2007;Gnas <62380>;-
2007;Gniebing-Weißenbach ^<62322>;-
2007;Gosdorf ^<62323>;-
2007;Gossendorf ^<62324>;-
2007;Grabersdorf ^<62325>;-
2007;Halbenrain <62326>;-
2007;Hatzendorf ^<62327>;-
2007;Hof bei Straden ^<62328>;-
2007;Hohenbrugg-Weinberg ^<62329>;-
2007;Jagerberg <62330>;-
2007;Johnsdorf-Brunn ^<62331>;-
2007;Kapfenstein <62332>;-
2007;Kirchbach in Steiermark ^<62333>;-
2007;Kirchbach-Zerlach <62381>;-
2007;Kirchberg an der Raab ^<62334>;-
2007;Kirchberg an der Raab <62382>;-
2007;Klöch <62335>;-
2007;Kohlberg ^<62336>;-
2007;Kornberg bei Riegersburg ^<62337>;-
2007;Krusdorf ^<62338>;-
2007;Leitersdorf im Raabtal ^<62339>;-
2007;Lödersdorf ^<62340>;-
2007;Maierdorf ^<62341>;-
2007;Merkendorf ^<62342>;-
2007;Mettersdorf am Saßbach <62343>;-
2007;Mitterlabill ^<62344>;-
2007;Mühldorf bei Feldbach ^<62345>;-
2007;Mureck ^<62346>;-
2007;Mureck <62383>;-
2007;Murfeld <62347>;-
2007;Oberdorf am Hochegg ^<62348>;-
2007;Oberstorcha ^<62349>;-
2007;Paldau ^<62350>;-
2007;Paldau <62384>;-
2007;Perlsdorf ^<62351>;-
2007;Pertlstein ^<62352>;-
2007;Petersdorf II ^<62353>;-
2007;Pirching am Traubenberg ^<62354>;-
2007;Pirching am Traubenberg <62385>;-
2007;Poppendorf ^<62355>;-
2007;Raabau ^<62356>;-
2007;Radkersburg Umgebung ^<62357>;-
2007;Raning ^<62358>;-
2007;Ratschendorf ^<62359>;-
2007;Riegersburg ^<62360>;-
2007;Riegersburg <62386>;-
2007;Sankt Anna am Aigen ^<62361>;-
2007;Sankt Anna am Aigen <62387>;-
2007;Sankt Peter am Ottersbach ^<62362>;-
2007;Sankt Peter am Ottersbach <62388>;-
2007;Sankt Stefan im Rosental ^<62363>;-
2007;Sankt Stefan im Rosental <62389>;-
2007;Schwarzau im Schwarzautal ^<62364>;-
2007;Stainz bei Straden ^<62365>;-
2007;Straden ^<62366>;-
2007;Straden <62390>;-
2007;Studenzen ^<62367>;-
2007;Tieschen <62368>;-
2007;Trautmannsdorf in Oststeiermark ^<62369>;-
2007;Trössing ^<62370>;-
2007;Unterauersbach ^<62371>;-
2007;Unterlamm <62372>;-
2007;Weinburg am Saßbach ^<62373>;-
2007;Zerlach ^<62374>;-
2007;Bärnbach ^<61601>;5213,75
2007;Bärnbach <61626>;-
2007;Edelschrott ^<61602>;1687
2007;Edelschrott <61627>;-
2007;Gallmannsegg ^<61603>;330
2007;Geistthal ^<61604>;907,75
2007;Geistthal-Södingberg <61628>;-
2007;Gößnitz ^<61605>;500,625
2007;Graden ^<61606>;502,625
2007;Hirschegg ^<61607>;704,5
2007;Hirschegg-Pack <61629>;-
2007;Kainach bei Voitsberg ^<61608>;734,375
2007;Kainach bei Voitsberg <61630>;-
2007;Köflach ^<61609>;10096
2007;Köflach <61631>;-
2007;Kohlschwarz ^<61610>;743,625
2007;Krottendorf-Gaisfeld <61611>;2397,625
2007;Ligist <61612>;3198,625
2007;Maria Lankowitz ^<61613>;2292,25
2007;Maria Lankowitz <61632>;-
2007;Modriach ^<61614>;217,25
2007;Mooskirchen <61615>;1989,125
2007;Pack ^<61616>;448,75
2007;Piberegg ^<61617>;380,875
2007;Rosental an der Kainach <61618>;1754,5
2007;Salla ^<61619>;304,75
2007;Sankt Johann-Köppling ^<61620>;1710,375
2007;Sankt Martin am Wöllmißberg <61621>;853,375
2007;Söding ^<61622>;2114,375
2007;Södingberg ^<61623>;856,875
2007;Söding-Sankt Johann <61633>;-
2007;Stallhofen <61624>;3090,125
2007;Voitsberg <61625>;9803
2007;Albersdorf-Prebuch <61701>;1903,25
2007;Anger ^<61702>;851,125
2007;Anger <61756>;-
2007;Arzberg ^<61703>;569,125
2007;Baierdorf bei Anger ^<61704>;1695
2007;Birkfeld ^<61705>;1670,875
2007;Birkfeld <61757>;-
2007;Etzersdorf-Rollsdorf ^<61706>;1194,875
2007;Feistritz bei Anger ^<61707>;1085,875
2007;Fischbach <61708>;1634,25
2007;Fladnitz an der Teichalm ^<61709>;1142,375
2007;Fladnitz an der Teichalm <61758>;-
2007;Floing <61710>;1244,125
2007;Gasen <61711>;937,75
2007;Gersdorf an der Feistritz ^<61712>;1242,375
2007;Gersdorf an der Feistritz <61759>;-
2007;Gleisdorf ^<61713>;5448,625
2007;Gleisdorf <61760>;-
2007;Gschaid bei Birkfeld ^<61714>;918,375
2007;Gutenberg an der Raabklamm ^<61715>;1231,875
2007;Gutenberg <61761>;-
2007;Haslau bei Birkfeld ^<61717>;470,625
2007;Hirnsdorf ^<61718>;690,625
2007;Hofstätten an der Raab <61719>;1881,25
2007;Hohenau an der Raab ^<61720>;1337,375
2007;Ilztal ^<61721>;1716,25
2007;Ilztal <61762>;-
2007;Koglhof ^<61722>;1121,5
2007;Krottendorf ^<61723>;2212,5
2007;Kulm bei Weiz ^<61724>;494,25
2007;Labuch ^<61725>;776,75
2007;Laßnitzthal ^<61726>;1081,5
2007;Ludersdorf-Wilfersdorf <61727>;1909,125
2007;Markt Hartmannsdorf <61716>;2945,125
2007;Miesenbach bei Birkfeld <61728>;746
2007;Mitterdorf an der Raab <61729>;2052,875
2007;Mortantsch <61730>;1997,875
2007;Naas <61731>;1444,375
2007;Naintsch ^<61732>;650,5
2007;Neudorf bei Passail ^<61733>;488
2007;Nitscha ^<61734>;1416,125
2007;Oberrettenbach ^<61735>;474,25
2007;Passail ^<61736>;1987
2007;Passail <61763>;-
2007;Pischelsdorf am Kulm <61764>;-
2007;Pischelsdorf in der Steiermark ^<61737>;2492,25
2007;Pöllau bei Gleisdorf ^<61738>;-
2007;Preßguts ^<61739>;383,875
2007;Puch bei Weiz <61740>;2126,75
2007;Ratten <61741>;1206
2007;Reichendorf ^<61742>;605,125
2007;Rettenegg <61743>;770
2007;St. Kathrein am Hauenstein <61744>;704,375
2007;St. Margarethen an der Raab <61746>;3743,75
2007;Sankt Kathrein am Offenegg <61745>;1183,75
2007;Sankt Ruprecht an der Raab ^<61747>;2003,375
2007;Sankt Ruprecht an der Raab <61765>;-
2007;Sinabelkirchen <61748>;3916,25
2007;Stenzengreith ^<61749>;505,25
2007;Strallegg <61750>;2000
2007;Thannhausen <61751>;2353,5
2007;Ungerdorf ^<61752>;688,5
2007;Unterfladnitz ^<61753>;1495,75
2007;Waisenegg ^<61754>;1133,875
2007;Weiz ^<61755>;8880,375
2007;Weiz <61766>;-
2008;Graz <60101>;251145,125
2008;Eisenerz <61101>;5331,625
2008;Gai ^<61102>;1807,25
2008;Hafning bei Trofaiach ^<61103>;1649,5
2008;Hieflau ^<61104>;826,125
2008;Kalwang <61105>;1130,875
2008;Kammern im Liesingtal <61106>;1712,875
2008;Kraubath an der Mur <61107>;1336,25
2008;Leoben <61108>;24924
2008;Mautern in Steiermark <61109>;1928,375
2008;Niklasdorf <61110>;2576
2008;Proleb <61111>;1652,75
2008;Radmer <61112>;714,5
2008;Sankt Michael in Obersteiermark <61113>;3189,25
2008;Sankt Peter-Freienstein <61114>;2464,875
2008;Sankt Stefan ob Leoben <61115>;2014,125
2008;Traboch <61116>;1387
2008;Trofaiach ^<61117>;7969,625
2008;Trofaiach <61120>;-
2008;Vordernberg <61118>;1133,75
2008;Wald am Schoberpaß <61119>;632,875
2008;Admont ^<61201>;2652,625
2008;Admont <61253>;-
2008;Aich ^<61202>;912,25
2008;Aich <61254>;-
2008;Aigen im Ennstal <61203>;2569,5
2008;Altaussee <61204>;1876,375
2008;Altenmarkt bei Sankt Gallen <61205>;892
2008;Ardning <61206>;1244,125
2008;Bad Aussee <61207>;4821,125
2008;Bad Mitterndorf ^<61226>;3013,5
2008;Bad Mitterndorf <61255>;-
2008;Donnersbach ^<61208>;1117
2008;Donnersbachwald ^<61209>;339,875
2008;Gaishorn am See ^<61210>;1054,5
2008;Gaishorn am See <61256>;-
2008;Gams bei Hieflau ^<61211>;589,75
2008;Gössenberg ^<61212>;275,375
2008;Gröbming <61213>;2765
2008;Großsölk ^<61214>;496,125
2008;Grundlsee <61215>;1272,875
2008;Hall ^<61216>;1807,625
2008;Haus <61217>;2427,25
2008;Irdning ^<61218>;2666
2008;Irdning-Donnersbachtal <61257>;-
2008;Johnsbach ^<61219>;152,375
2008;Kleinsölk ^<61220>;591,875
2008;Landl ^<61221>;1306,375
2008;Landl <61258>;-
2008;Lassing <61222>;1779,125
2008;Liezen ^<61223>;6940,125
2008;Liezen <61259>;-
2008;Michaelerberg ^<61224>;532
2008;Michaelerberg-Pruggern <61260>;-
2008;Mitterberg ^<61225>;1097,375
2008;Mitterberg-Sankt Martin <61261>;-
2008;Niederöblarn ^<61227>;552,125
2008;Öblarn ^<61228>;1427
2008;Öblarn <61262>;-
2008;Oppenberg ^<61229>;273,875
2008;Palfau ^<61230>;403,875
2008;Palten ^<61231>;-
2008;Pichl-Kainisch ^<61233>;757,125
2008;Pichl-Preunegg ^<61232>;932,25
2008;Pruggern ^<61234>;645,75
2008;Pürgg-Trautenfels ^<61235>;974,25
2008;Ramsau am Dachstein <61236>;2748,375
2008;Rohrmoos-Untertal ^<61237>;1387,125
2008;Rottenmann ^<61238>;5239,625
2008;Rottenmann <61263>;-
2008;Sankt Gallen ^<61239>;1449
2008;Sankt Gallen <61264>;-
2008;Sankt Martin am Grimming ^<61240>;778,875
2008;Sankt Nikolai im Sölktal ^<61241>;510,125
2008;Schladming ^<61242>;4471,875
2008;Schladming <61265>;-
2008;Selzthal <61243>;1753,625
2008;Sölk <61266>;-
2008;Stainach ^<61244>;1985,25
2008;Stainach-Pürgg <61267>;-
2008;Tauplitz ^<61245>;1009
2008;Treglwang ^<61246>;369,625
2008;Trieben <61247>;3615,875
2008;Weißenbach an der Enns ^<61248>;528,25
2008;Weißenbach bei Liezen ^<61249>;1145,5
2008;Weng im Gesäuse ^<61250>;611,25
2008;Wildalpen <61251>;576,5
2008;Wörschach <61252>;1169,25
2008;Amering ^<62001>;-
2008;Apfelberg ^<62002>;-
2008;Bretstein ^<62003>;-
2008;Eppenstein ^<62004>;-
2008;Feistritz bei Knittelfeld ^<62005>;-
2008;Flatschach ^<62006>;-
2008;Fohnsdorf <62007>;-
2008;Gaal <62008>;-
2008;Großlobming ^<62009>;-
2008;Hohentauern <62010>;-
2008;Judenburg ^<62011>;-
2008;Judenburg <62040>;-
2008;Kleinlobming ^<62012>;-
2008;Knittelfeld ^<62013>;-
2008;Knittelfeld <62041>;-
2008;Kobenz <62014>;-
2008;Lobmingtal <62039>;-
2008;Maria Buch-Feistritz ^<62015>;-
2008;Obdach ^<62016>;-
2008;Obdach <62042>;-
2008;Oberkurzheim ^<62017>;-
2008;Oberweg ^<62018>;-
2008;Oberzeiring ^<62019>;-
2008;Pöls ^<62020>;-
2008;Pöls-Oberkurzheim <62043>;-
2008;Pölstal <62044>;-
2008;Pusterwald <62021>;-
2008;Rachau ^<62022>;-
2008;Reifling ^<62023>;-
2008;Reisstraße ^<62024>;-
2008;Sankt Anna am Lavantegg ^<62025>;-
2008;Sankt Georgen ob Judenburg <62026>;-
2008;Sankt Johann am Tauern ^<62027>;-
2008;Sankt Lorenzen bei Knittelfeld ^<62028>;-
2008;Sankt Marein bei Knittelfeld ^<62029>;-
2008;Sankt Marein-Feistritz <62045>;-
2008;Sankt Margarethen bei Knittelfeld ^<62030>;-
2008;Sankt Margarethen bei Knittelfeld <62046>;-
2008;Sankt Oswald-Möderbrugg ^<62031>;-
2008;Sankt Peter ob Judenburg <62032>;-
2008;Sankt Wolfgang-Kienberg ^<62033>;-
2008;Seckau <62034>;-
2008;Spielberg  ^<62035>;-
2008;Spielberg <62047>;-
2008;Unzmarkt-Frauenburg <62036>;-
2008;Weißkirchen in Steiermark ^<62037>;-
2008;Weißkirchen in Steiermark <62048>;-
2008;Zeltweg <62038>;-
2008;Allerheiligen im Mürztal ^<61301>;1937,125
2008;Altenberg an der Rax ^<61302>;349
2008;Ganz ^<61303>;364,5
2008;Kapellen ^<61304>;651,125
2008;Kindberg ^<61305>;5697,875
2008;Krieglach ^<61306>;5171
2008;Langenwang ^<61307>;4051,5
2008;Mitterdorf im Mürztal ^<61308>;2372
2008;Mürzhofen ^<61309>;969,5
2008;Mürzsteg ^<61310>;551,875
2008;Mürzzuschlag ^<61311>;9031,875
2008;Neuberg an der Mürz ^<61312>;1344,375
2008;Spital am Semmering ^<61313>;1668,75
2008;Stanz im Mürztal ^<61314>;1930,625
2008;Veitsch ^<61315>;2645,5
2008;Wartberg im Mürztal ^<61316>;2163,625
2008;Dürnstein in der Steiermark ^<61401>;316,75
2008;Falkendorf ^<61402>;-
2008;Frojach-Katsch ^<61403>;1231
2008;Krakau <61437>;-
2008;Krakaudorf ^<61404>;652,25
2008;Krakauhintermühlen ^<61405>;575,125
2008;Krakauschatten ^<61406>;318,375
2008;Kulm am Zirbitz ^<61407>;354,875
2008;Laßnitz bei Murau ^<61408>;1079,125
2008;Mariahof ^<61409>;1351,875
2008;Mühlen <61410>;972,125
2008;Murau ^<61411>;2147,25
2008;Murau <61438>;-
2008;Neumarkt in der Steiermark <61439>;-
2008;Neumarkt in Steiermark ^<61412>;1836,5
2008;Niederwölz <61413>;609,125
2008;Oberwölz  <61440>;-
2008;Oberwölz Stadt ^<61414>;982,375
2008;Oberwölz Umgebung ^<61415>;816,75
2008;Perchau am Sattel ^<61416>;299,875
2008;Predlitz-Turrach ^<61417>;911,375
2008;Ranten ^<61418>;1068,5
2008;Ranten <61441>;-
2008;Rinegg ^<61419>;168,125
2008;Sankt Blasen ^<61420>;629,75
2008;Sankt Georgen am Kreischberg <61442>;-
2008;Sankt Georgen ob Murau ^<61421>;1378
2008;Sankt Lambrecht ^<61422>;1521,25
2008;Sankt Lambrecht <61443>;-
2008;Sankt Lorenzen bei Scheifling ^<61423>;615,875
2008;Sankt Marein bei Neumarkt ^<61424>;970,75
2008;Sankt Ruprecht ob Murau ^<61426>;-
2008;Sankt Ruprecht-Falkendorf ^<61436>;493
2008;St. Peter am Kammersberg <61425>;2165,125
2008;Scheifling ^<61427>;1604,375
2008;Scheifling <61444>;-
2008;Schöder <61428>;1047
2008;Schönberg-Lachtal ^<61429>;461,125
2008;Stadl an der Mur ^<61430>;993,625
2008;Stadl-Predlitz <61445>;-
2008;Stolzalpe ^<61431>;480,625
2008;Teufenbach ^<61432>;703
2008;Teufenbach-Katsch <61446>;-
2008;Triebendorf ^<61433>;143
2008;Winklern bei Oberwölz ^<61434>;924,875
2008;Zeutschach ^<61435>;229,375
2008;Bad Radkersburg ^<61513>;1426,625
2008;Bierbaum am Auersbach ^<61501>;486,625
2008;Deutsch Goritz ^<61502>;1275,375
2008;Dietersdorf am Gnasbach ^<61503>;392
2008;Eichfeld ^<61504>;940,375
2008;Gosdorf ^<61505>;1165,625
2008;Halbenrain ^<61506>;1789,625
2008;Hof bei Straden ^<61508>;889,375
2008;Klöch ^<61509>;1261,125
2008;Mettersdorf am Saßbach ^<61510>;1345,625
2008;Mureck ^<61511>;1587,125
2008;Murfeld ^<61512>;1708,5
2008;Radkersburg Umgebung ^<61514>;1781,25
2008;Ratschendorf ^<61515>;614
2008;Sankt Peter am Ottersbach ^<61516>;2253,125
2008;Straden ^<61517>;1608,25
2008;Tieschen ^<61518>;1357,5
2008;Trössing ^<61519>;286,375
2008;Weinburg am Saßbach ^<61520>;1074,75
2008;Auersbach ^<62301>;-
2008;Aug-Radisch ^<62302>;-
2008;Bad Gleichenberg ^<62303>;-
2008;Bad Gleichenberg <62375>;-
2008;Bad Radkersburg ^<62304>;-
2008;Bad Radkersburg <62376>;-
2008;Bairisch Kölldorf ^<62305>;-
2008;Baumgarten bei Gnas ^<62306>;-
2008;Bierbaum am Auersbach ^<62307>;-
2008;Breitenfeld an der Rittschein ^<62308>;-
2008;Deutsch Goritz ^<62309>;-
2008;Deutsch Goritz <62377>;-
2008;Dietersdorf am Gnasbach ^<62310>;-
2008;Edelsbach bei Feldbach <62311>;-
2008;Edelstauden ^<62312>;-
2008;Eichfeld ^<62313>;-
2008;Eichkögl <62314>;-
2008;Fehring ^<62315>;-
2008;Fehring <62378>;-
2008;Feldbach ^<62316>;-
2008;Feldbach <62379>;-
2008;Fladnitz im Raabtal ^<62317>;-
2008;Frannach ^<62318>;-
2008;Frutten-Gießelsdorf ^<62319>;-
2008;Glojach ^<62320>;-
2008;Gnas ^<62321>;-
2008;Gnas <62380>;-
2008;Gniebing-Weißenbach ^<62322>;-
2008;Gosdorf ^<62323>;-
2008;Gossendorf ^<62324>;-
2008;Grabersdorf ^<62325>;-
2008;Halbenrain <62326>;-
2008;Hatzendorf ^<62327>;-
2008;Hof bei Straden ^<62328>;-
2008;Hohenbrugg-Weinberg ^<62329>;-
2008;Jagerberg <62330>;-
2008;Johnsdorf-Brunn ^<62331>;-
2008;Kapfenstein <62332>;-
2008;Kirchbach in Steiermark ^<62333>;-
2008;Kirchbach-Zerlach <62381>;-
2008;Kirchberg an der Raab ^<62334>;-
2008;Kirchberg an der Raab <62382>;-
2008;Klöch <62335>;-
2008;Kohlberg ^<62336>;-
2008;Kornberg bei Riegersburg ^<62337>;-
2008;Krusdorf ^<62338>;-
2008;Leitersdorf im Raabtal ^<62339>;-
2008;Lödersdorf ^<62340>;-
2008;Maierdorf ^<62341>;-
2008;Merkendorf ^<62342>;-
2008;Mettersdorf am Saßbach <62343>;-
2008;Mitterlabill ^<62344>;-
2008;Mühldorf bei Feldbach ^<62345>;-
2008;Mureck ^<62346>;-
2008;Mureck <62383>;-
2008;Murfeld <62347>;-
2008;Oberdorf am Hochegg ^<62348>;-
2008;Oberstorcha ^<62349>;-
2008;Paldau ^<62350>;-
2008;Paldau <62384>;-
2008;Perlsdorf ^<62351>;-
2008;Pertlstein ^<62352>;-
2008;Petersdorf II ^<62353>;-
2008;Pirching am Traubenberg ^<62354>;-
2008;Pirching am Traubenberg <62385>;-
2008;Poppendorf ^<62355>;-
2008;Raabau ^<62356>;-
2008;Radkersburg Umgebung ^<62357>;-
2008;Raning ^<62358>;-
2008;Ratschendorf ^<62359>;-
2008;Riegersburg ^<62360>;-
2008;Riegersburg <62386>;-
2008;Sankt Anna am Aigen ^<62361>;-
2008;Sankt Anna am Aigen <62387>;-
2008;Sankt Peter am Ottersbach ^<62362>;-
2008;Sankt Peter am Ottersbach <62388>;-
2008;Sankt Stefan im Rosental ^<62363>;-
2008;Sankt Stefan im Rosental <62389>;-
2008;Schwarzau im Schwarzautal ^<62364>;-
2008;Stainz bei Straden ^<62365>;-
2008;Straden ^<62366>;-
2008;Straden <62390>;-
2008;Studenzen ^<62367>;-
2008;Tieschen <62368>;-
2008;Trautmannsdorf in Oststeiermark ^<62369>;-
2008;Trössing ^<62370>;-
2008;Unterauersbach ^<62371>;-
2008;Unterlamm <62372>;-
2008;Weinburg am Saßbach ^<62373>;-
2008;Zerlach ^<62374>;-
2008;Bärnbach ^<61601>;5222,875
2008;Bärnbach <61626>;-
2008;Edelschrott ^<61602>;1688,5
2008;Edelschrott <61627>;-
2008;Gallmannsegg ^<61603>;327,125
2008;Geistthal ^<61604>;899,375
2008;Geistthal-Södingberg <61628>;-
2008;Gößnitz ^<61605>;484,25
2008;Graden ^<61606>;495
2008;Hirschegg ^<61607>;691,875
2008;Hirschegg-Pack <61629>;-
2008;Kainach bei Voitsberg ^<61608>;711,875
2008;Kainach bei Voitsberg <61630>;-
2008;Köflach ^<61609>;9987,125
2008;Köflach <61631>;-
2008;Kohlschwarz ^<61610>;722,875
2008;Krottendorf-Gaisfeld <61611>;2383,375
2008;Ligist <61612>;3234,875
2008;Maria Lankowitz ^<61613>;2284,25
2008;Maria Lankowitz <61632>;-
2008;Modriach ^<61614>;214,875
2008;Mooskirchen <61615>;2025,5
2008;Pack ^<61616>;439,875
2008;Piberegg ^<61617>;379,5
2008;Rosental an der Kainach <61618>;1738,5
2008;Salla ^<61619>;306,125
2008;Sankt Johann-Köppling ^<61620>;1730,125
2008;Sankt Martin am Wöllmißberg <61621>;856,25
2008;Söding ^<61622>;2122,75
2008;Södingberg ^<61623>;836
2008;Söding-Sankt Johann <61633>;-
2008;Stallhofen <61624>;3103,875
2008;Voitsberg <61625>;9758,25
2008;Albersdorf-Prebuch <61701>;1964,375
2008;Anger ^<61702>;836,125
2008;Anger <61756>;-
2008;Arzberg ^<61703>;558,75
2008;Baierdorf bei Anger ^<61704>;1696,625
2008;Birkfeld ^<61705>;1635
2008;Birkfeld <61757>;-
2008;Etzersdorf-Rollsdorf ^<61706>;1173,625
2008;Feistritz bei Anger ^<61707>;1075,25
2008;Fischbach <61708>;1621,25
2008;Fladnitz an der Teichalm ^<61709>;1147,5
2008;Fladnitz an der Teichalm <61758>;-
2008;Floing <61710>;1245
2008;Gasen <61711>;943,625
2008;Gersdorf an der Feistritz ^<61712>;1225,5
2008;Gersdorf an der Feistritz <61759>;-
2008;Gleisdorf ^<61713>;5518
2008;Gleisdorf <61760>;-
2008;Gschaid bei Birkfeld ^<61714>;920,25
2008;Gutenberg an der Raabklamm ^<61715>;1215
2008;Gutenberg <61761>;-
2008;Haslau bei Birkfeld ^<61717>;462,625
2008;Hirnsdorf ^<61718>;683,625
2008;Hofstätten an der Raab <61719>;1908,75
2008;Hohenau an der Raab ^<61720>;1332,125
2008;Ilztal ^<61721>;1707
2008;Ilztal <61762>;-
2008;Koglhof ^<61722>;1119
2008;Krottendorf ^<61723>;2245
2008;Kulm bei Weiz ^<61724>;489
2008;Labuch ^<61725>;781,875
2008;Laßnitzthal ^<61726>;1085,625
2008;Ludersdorf-Wilfersdorf <61727>;1944,125
2008;Markt Hartmannsdorf <61716>;2930,375
2008;Miesenbach bei Birkfeld <61728>;742,625
2008;Mitterdorf an der Raab <61729>;2063,875
2008;Mortantsch <61730>;2010,125
2008;Naas <61731>;1423,625
2008;Naintsch ^<61732>;642,375
2008;Neudorf bei Passail ^<61733>;486,125
2008;Nitscha ^<61734>;1439,125
2008;Oberrettenbach ^<61735>;471
2008;Passail ^<61736>;1961,625
2008;Passail <61763>;-
2008;Pischelsdorf am Kulm <61764>;-
2008;Pischelsdorf in der Steiermark ^<61737>;2501,875
2008;Pöllau bei Gleisdorf ^<61738>;-
2008;Preßguts ^<61739>;384,625
2008;Puch bei Weiz <61740>;2118,625
2008;Ratten <61741>;1191,125
2008;Reichendorf ^<61742>;611,375
2008;Rettenegg <61743>;762,625
2008;St. Kathrein am Hauenstein <61744>;689,625
2008;St. Margarethen an der Raab <61746>;3750,375
2008;Sankt Kathrein am Offenegg <61745>;1169,25
2008;Sankt Ruprecht an der Raab ^<61747>;2003,25
2008;Sankt Ruprecht an der Raab <61765>;-
2008;Sinabelkirchen <61748>;3950,375
2008;Stenzengreith ^<61749>;510,25
2008;Strallegg <61750>;1987,5
2008;Thannhausen <61751>;2360,5
2008;Ungerdorf ^<61752>;686,625
2008;Unterfladnitz ^<61753>;1498,625
2008;Waisenegg ^<61754>;1132,375
2008;Weiz ^<61755>;8897
2008;Weiz <61766>;-
2009;Graz <60101>;253402,25
2009;Eisenerz <61101>;5173,25
2009;Gai ^<61102>;1809,875
2009;Hafning bei Trofaiach ^<61103>;1647,25
2009;Hieflau ^<61104>;815,875
2009;Kalwang <61105>;1091,625
2009;Kammern im Liesingtal <61106>;1692,875
2009;Kraubath an der Mur <61107>;1315,125
2009;Leoben <61108>;24740,125
2009;Mautern in Steiermark <61109>;1921,25
2009;Niklasdorf <61110>;2574,875
2009;Proleb <61111>;1642,625
2009;Radmer <61112>;693,875
2009;Sankt Michael in Obersteiermark <61113>;3151,75
2009;Sankt Peter-Freienstein <61114>;2459,375
2009;Sankt Stefan ob Leoben <61115>;2013,625
2009;Traboch <61116>;1409,125
2009;Trofaiach ^<61117>;7944,625
2009;Trofaiach <61120>;-
2009;Vordernberg <61118>;1094,5
2009;Wald am Schoberpaß <61119>;635,125
2009;Admont ^<61201>;2623,125
2009;Admont <61253>;-
2009;Aich ^<61202>;926,875
2009;Aich <61254>;-
2009;Aigen im Ennstal <61203>;2558,125
2009;Altaussee <61204>;1841,25
2009;Altenmarkt bei Sankt Gallen <61205>;873,5
2009;Ardning <61206>;1225,875
2009;Bad Aussee <61207>;4864,125
2009;Bad Mitterndorf ^<61226>;3032,625
2009;Bad Mitterndorf <61255>;-
2009;Donnersbach ^<61208>;1126,625
2009;Donnersbachwald ^<61209>;338,5
2009;Gaishorn am See ^<61210>;1054,875
2009;Gaishorn am See <61256>;-
2009;Gams bei Hieflau ^<61211>;597,75
2009;Gössenberg ^<61212>;274,125
2009;Gröbming <61213>;2800,25
2009;Großsölk ^<61214>;494
2009;Grundlsee <61215>;1259,375
2009;Hall ^<61216>;1763,625
2009;Haus <61217>;2417,625
2009;Irdning ^<61218>;2656,75
2009;Irdning-Donnersbachtal <61257>;-
2009;Johnsbach ^<61219>;150,5
2009;Kleinsölk ^<61220>;582,375
2009;Landl ^<61221>;1310
2009;Landl <61258>;-
2009;Lassing <61222>;1768,25
2009;Liezen ^<61223>;6869
2009;Liezen <61259>;-
2009;Michaelerberg ^<61224>;539,375
2009;Michaelerberg-Pruggern <61260>;-
2009;Mitterberg ^<61225>;1125,5
2009;Mitterberg-Sankt Martin <61261>;-
2009;Niederöblarn ^<61227>;553
2009;Öblarn ^<61228>;1444,125
2009;Öblarn <61262>;-
2009;Oppenberg ^<61229>;259,375
2009;Palfau ^<61230>;408,625
2009;Palten ^<61231>;-
2009;Pichl-Kainisch ^<61233>;758,5
2009;Pichl-Preunegg ^<61232>;930,875
2009;Pruggern ^<61234>;630,75
2009;Pürgg-Trautenfels ^<61235>;959,125
2009;Ramsau am Dachstein <61236>;2735,5
2009;Rohrmoos-Untertal ^<61237>;1377,75
2009;Rottenmann ^<61238>;5202,5
2009;Rottenmann <61263>;-
2009;Sankt Gallen ^<61239>;1446,25
2009;Sankt Gallen <61264>;-
2009;Sankt Martin am Grimming ^<61240>;764,625
2009;Sankt Nikolai im Sölktal ^<61241>;505,25
2009;Schladming ^<61242>;4530,875
2009;Schladming <61265>;-
2009;Selzthal <61243>;1752
2009;Sölk <61266>;-
2009;Stainach ^<61244>;1982,5
2009;Stainach-Pürgg <61267>;-
2009;Tauplitz ^<61245>;1008,5
2009;Treglwang ^<61246>;363,5
2009;Trieben <61247>;3562,625
2009;Weißenbach an der Enns ^<61248>;520,625
2009;Weißenbach bei Liezen ^<61249>;1143,75
2009;Weng im Gesäuse ^<61250>;614,5
2009;Wildalpen <61251>;561,125
2009;Wörschach <61252>;1165,5
2009;Amering ^<62001>;-
2009;Apfelberg ^<62002>;-
2009;Bretstein ^<62003>;-
2009;Eppenstein ^<62004>;-
2009;Feistritz bei Knittelfeld ^<62005>;-
2009;Flatschach ^<62006>;-
2009;Fohnsdorf <62007>;-
2009;Gaal <62008>;-
2009;Großlobming ^<62009>;-
2009;Hohentauern <62010>;-
2009;Judenburg ^<62011>;-
2009;Judenburg <62040>;-
2009;Kleinlobming ^<62012>;-
2009;Knittelfeld ^<62013>;-
2009;Knittelfeld <62041>;-
2009;Kobenz <62014>;-
2009;Lobmingtal <62039>;-
2009;Maria Buch-Feistritz ^<62015>;-
2009;Obdach ^<62016>;-
2009;Obdach <62042>;-
2009;Oberkurzheim ^<62017>;-
2009;Oberweg ^<62018>;-
2009;Oberzeiring ^<62019>;-
2009;Pöls ^<62020>;-
2009;Pöls-Oberkurzheim <62043>;-
2009;Pölstal <62044>;-
2009;Pusterwald <62021>;-
2009;Rachau ^<62022>;-
2009;Reifling ^<62023>;-
2009;Reisstraße ^<62024>;-
2009;Sankt Anna am Lavantegg ^<62025>;-
2009;Sankt Georgen ob Judenburg <62026>;-
2009;Sankt Johann am Tauern ^<62027>;-
2009;Sankt Lorenzen bei Knittelfeld ^<62028>;-
2009;Sankt Marein bei Knittelfeld ^<62029>;-
2009;Sankt Marein-Feistritz <62045>;-
2009;Sankt Margarethen bei Knittelfeld ^<62030>;-
2009;Sankt Margarethen bei Knittelfeld <62046>;-
2009;Sankt Oswald-Möderbrugg ^<62031>;-
2009;Sankt Peter ob Judenburg <62032>;-
2009;Sankt Wolfgang-Kienberg ^<62033>;-
2009;Seckau <62034>;-
2009;Spielberg  ^<62035>;-
2009;Spielberg <62047>;-
2009;Unzmarkt-Frauenburg <62036>;-
2009;Weißkirchen in Steiermark ^<62037>;-
2009;Weißkirchen in Steiermark <62048>;-
2009;Zeltweg <62038>;-
2009;Allerheiligen im Mürztal ^<61301>;1956,25
2009;Altenberg an der Rax ^<61302>;352,75
2009;Ganz ^<61303>;359,625
2009;Kapellen ^<61304>;632,875
2009;Kindberg ^<61305>;5640,625
2009;Krieglach ^<61306>;5212
2009;Langenwang ^<61307>;4054
2009;Mitterdorf im Mürztal ^<61308>;2368,375
2009;Mürzhofen ^<61309>;949
2009;Mürzsteg ^<61310>;614,25
2009;Mürzzuschlag ^<61311>;8901,625
2009;Neuberg an der Mürz ^<61312>;1330,125
2009;Spital am Semmering ^<61313>;1634,75
2009;Stanz im Mürztal ^<61314>;1939,875
2009;Veitsch ^<61315>;2606,625
2009;Wartberg im Mürztal ^<61316>;2141,5
2009;Dürnstein in der Steiermark ^<61401>;297,125
2009;Falkendorf ^<61402>;-
2009;Frojach-Katsch ^<61403>;1221,5
2009;Krakau <61437>;-
2009;Krakaudorf ^<61404>;650,625
2009;Krakauhintermühlen ^<61405>;573,375
2009;Krakauschatten ^<61406>;316,125
2009;Kulm am Zirbitz ^<61407>;350,625
2009;Laßnitz bei Murau ^<61408>;1079,125
2009;Mariahof ^<61409>;1345,375
2009;Mühlen <61410>;956
2009;Murau ^<61411>;2132,25
2009;Murau <61438>;-
2009;Neumarkt in der Steiermark <61439>;-
2009;Neumarkt in Steiermark ^<61412>;1819,25
2009;Niederwölz <61413>;616,5
2009;Oberwölz  <61440>;-
2009;Oberwölz Stadt ^<61414>;959,25
2009;Oberwölz Umgebung ^<61415>;821,25
2009;Perchau am Sattel ^<61416>;299,375
2009;Predlitz-Turrach ^<61417>;882,25
2009;Ranten ^<61418>;1057,75
2009;Ranten <61441>;-
2009;Rinegg ^<61419>;164
2009;Sankt Blasen ^<61420>;613,25
2009;Sankt Georgen am Kreischberg <61442>;-
2009;Sankt Georgen ob Murau ^<61421>;1377,375
2009;Sankt Lambrecht ^<61422>;1495,625
2009;Sankt Lambrecht <61443>;-
2009;Sankt Lorenzen bei Scheifling ^<61423>;610,5
2009;Sankt Marein bei Neumarkt ^<61424>;965,375
2009;Sankt Ruprecht ob Murau ^<61426>;-
2009;Sankt Ruprecht-Falkendorf ^<61436>;481,625
2009;St. Peter am Kammersberg <61425>;2140
2009;Scheifling ^<61427>;1581,375
2009;Scheifling <61444>;-
2009;Schöder <61428>;1050,375
2009;Schönberg-Lachtal ^<61429>;470,5
2009;Stadl an der Mur ^<61430>;992
2009;Stadl-Predlitz <61445>;-
2009;Stolzalpe ^<61431>;464,625
2009;Teufenbach ^<61432>;681,25
2009;Teufenbach-Katsch <61446>;-
2009;Triebendorf ^<61433>;147,75
2009;Winklern bei Oberwölz ^<61434>;916,375
2009;Zeutschach ^<61435>;231,5
2009;Bad Radkersburg ^<61513>;1380,25
2009;Bierbaum am Auersbach ^<61501>;487,375
2009;Deutsch Goritz ^<61502>;1257,625
2009;Dietersdorf am Gnasbach ^<61503>;387,625
2009;Eichfeld ^<61504>;927,5
2009;Gosdorf ^<61505>;1162,25
2009;Halbenrain ^<61506>;1790,625
2009;Hof bei Straden ^<61508>;885,5
2009;Klöch ^<61509>;1240,25
2009;Mettersdorf am Saßbach ^<61510>;1341,5
2009;Mureck ^<61511>;1587,5
2009;Murfeld ^<61512>;1699,625
2009;Radkersburg Umgebung ^<61514>;1780,125
2009;Ratschendorf ^<61515>;620
2009;Sankt Peter am Ottersbach ^<61516>;2259,625
2009;Straden ^<61517>;1592,25
2009;Tieschen ^<61518>;1353,25
2009;Trössing ^<61519>;279,625
2009;Weinburg am Saßbach ^<61520>;1079,125
2009;Auersbach ^<62301>;-
2009;Aug-Radisch ^<62302>;-
2009;Bad Gleichenberg ^<62303>;-
2009;Bad Gleichenberg <62375>;-
2009;Bad Radkersburg ^<62304>;-
2009;Bad Radkersburg <62376>;-
2009;Bairisch Kölldorf ^<62305>;-
2009;Baumgarten bei Gnas ^<62306>;-
2009;Bierbaum am Auersbach ^<62307>;-
2009;Breitenfeld an der Rittschein ^<62308>;-
2009;Deutsch Goritz ^<62309>;-
2009;Deutsch Goritz <62377>;-
2009;Dietersdorf am Gnasbach ^<62310>;-
2009;Edelsbach bei Feldbach <62311>;-
2009;Edelstauden ^<62312>;-
2009;Eichfeld ^<62313>;-
2009;Eichkögl <62314>;-
2009;Fehring ^<62315>;-
2009;Fehring <62378>;-
2009;Feldbach ^<62316>;-
2009;Feldbach <62379>;-
2009;Fladnitz im Raabtal ^<62317>;-
2009;Frannach ^<62318>;-
2009;Frutten-Gießelsdorf ^<62319>;-
2009;Glojach ^<62320>;-
2009;Gnas ^<62321>;-
2009;Gnas <62380>;-
2009;Gniebing-Weißenbach ^<62322>;-
2009;Gosdorf ^<62323>;-
2009;Gossendorf ^<62324>;-
2009;Grabersdorf ^<62325>;-
2009;Halbenrain <62326>;-
2009;Hatzendorf ^<62327>;-
2009;Hof bei Straden ^<62328>;-
2009;Hohenbrugg-Weinberg ^<62329>;-
2009;Jagerberg <62330>;-
2009;Johnsdorf-Brunn ^<62331>;-
2009;Kapfenstein <62332>;-
2009;Kirchbach in Steiermark ^<62333>;-
2009;Kirchbach-Zerlach <62381>;-
2009;Kirchberg an der Raab ^<62334>;-
2009;Kirchberg an der Raab <62382>;-
2009;Klöch <62335>;-
2009;Kohlberg ^<62336>;-
2009;Kornberg bei Riegersburg ^<62337>;-
2009;Krusdorf ^<62338>;-
2009;Leitersdorf im Raabtal ^<62339>;-
2009;Lödersdorf ^<62340>;-
2009;Maierdorf ^<62341>;-
2009;Merkendorf ^<62342>;-
2009;Mettersdorf am Saßbach <62343>;-
2009;Mitterlabill ^<62344>;-
2009;Mühldorf bei Feldbach ^<62345>;-
2009;Mureck ^<62346>;-
2009;Mureck <62383>;-
2009;Murfeld <62347>;-
2009;Oberdorf am Hochegg ^<62348>;-
2009;Oberstorcha ^<62349>;-
2009;Paldau ^<62350>;-
2009;Paldau <62384>;-
2009;Perlsdorf ^<62351>;-
2009;Pertlstein ^<62352>;-
2009;Petersdorf II ^<62353>;-
2009;Pirching am Traubenberg ^<62354>;-
2009;Pirching am Traubenberg <62385>;-
2009;Poppendorf ^<62355>;-
2009;Raabau ^<62356>;-
2009;Radkersburg Umgebung ^<62357>;-
2009;Raning ^<62358>;-
2009;Ratschendorf ^<62359>;-
2009;Riegersburg ^<62360>;-
2009;Riegersburg <62386>;-
2009;Sankt Anna am Aigen ^<62361>;-
2009;Sankt Anna am Aigen <62387>;-
2009;Sankt Peter am Ottersbach ^<62362>;-
2009;Sankt Peter am Ottersbach <62388>;-
2009;Sankt Stefan im Rosental ^<62363>;-
2009;Sankt Stefan im Rosental <62389>;-
2009;Schwarzau im Schwarzautal ^<62364>;-
2009;Stainz bei Straden ^<62365>;-
2009;Straden ^<62366>;-
2009;Straden <62390>;-
2009;Studenzen ^<62367>;-
2009;Tieschen <62368>;-
2009;Trautmannsdorf in Oststeiermark ^<62369>;-
2009;Trössing ^<62370>;-
2009;Unterauersbach ^<62371>;-
2009;Unterlamm <62372>;-
2009;Weinburg am Saßbach ^<62373>;-
2009;Zerlach ^<62374>;-
2009;Bärnbach ^<61601>;5223,25
2009;Bärnbach <61626>;-
2009;Edelschrott ^<61602>;1665,625
2009;Edelschrott <61627>;-
2009;Gallmannsegg ^<61603>;328,375
2009;Geistthal ^<61604>;888,875
2009;Geistthal-Södingberg <61628>;-
2009;Gößnitz ^<61605>;468,125
2009;Graden ^<61606>;500,75
2009;Hirschegg ^<61607>;694
2009;Hirschegg-Pack <61629>;-
2009;Kainach bei Voitsberg ^<61608>;700,125
2009;Kainach bei Voitsberg <61630>;-
2009;Köflach ^<61609>;9909,25
2009;Köflach <61631>;-
2009;Kohlschwarz ^<61610>;731,375
2009;Krottendorf-Gaisfeld <61611>;2377,5
2009;Ligist <61612>;3222,125
2009;Maria Lankowitz ^<61613>;2239
2009;Maria Lankowitz <61632>;-
2009;Modriach ^<61614>;218,75
2009;Mooskirchen <61615>;2062,75
2009;Pack ^<61616>;432,75
2009;Piberegg ^<61617>;381,875
2009;Rosental an der Kainach <61618>;1725,75
2009;Salla ^<61619>;295,375
2009;Sankt Johann-Köppling ^<61620>;1768
2009;Sankt Martin am Wöllmißberg <61621>;849,5
2009;Söding ^<61622>;2136
2009;Södingberg ^<61623>;837,75
2009;Söding-Sankt Johann <61633>;-
2009;Stallhofen <61624>;3134,875
2009;Voitsberg <61625>;9726,375
2009;Albersdorf-Prebuch <61701>;1975,25
2009;Anger ^<61702>;827,5
2009;Anger <61756>;-
2009;Arzberg ^<61703>;563
2009;Baierdorf bei Anger ^<61704>;1683,875
2009;Birkfeld ^<61705>;1622,625
2009;Birkfeld <61757>;-
2009;Etzersdorf-Rollsdorf ^<61706>;1171,625
2009;Feistritz bei Anger ^<61707>;1064,25
2009;Fischbach <61708>;1603,875
2009;Fladnitz an der Teichalm ^<61709>;1151,25
2009;Fladnitz an der Teichalm <61758>;-
2009;Floing <61710>;1234,75
2009;Gasen <61711>;937,625
2009;Gersdorf an der Feistritz ^<61712>;1218,625
2009;Gersdorf an der Feistritz <61759>;-
2009;Gleisdorf ^<61713>;5590,625
2009;Gleisdorf <61760>;-
2009;Gschaid bei Birkfeld ^<61714>;918,625
2009;Gutenberg an der Raabklamm ^<61715>;1217
2009;Gutenberg <61761>;-
2009;Haslau bei Birkfeld ^<61717>;458,875
2009;Hirnsdorf ^<61718>;687,625
2009;Hofstätten an der Raab <61719>;1956,75
2009;Hohenau an der Raab ^<61720>;1320,25
2009;Ilztal ^<61721>;1722,125
2009;Ilztal <61762>;-
2009;Koglhof ^<61722>;1108,75
2009;Krottendorf ^<61723>;2269,75
2009;Kulm bei Weiz ^<61724>;485,625
2009;Labuch ^<61725>;777,75
2009;Laßnitzthal ^<61726>;1093,25
2009;Ludersdorf-Wilfersdorf <61727>;1969,625
2009;Markt Hartmannsdorf <61716>;2940,125
2009;Miesenbach bei Birkfeld <61728>;745,75
2009;Mitterdorf an der Raab <61729>;2072,375
2009;Mortantsch <61730>;2026,25
2009;Naas <61731>;1411,125
2009;Naintsch ^<61732>;639,75
2009;Neudorf bei Passail ^<61733>;485,875
2009;Nitscha ^<61734>;1445,5
2009;Oberrettenbach ^<61735>;462,375
2009;Passail ^<61736>;1973,25
2009;Passail <61763>;-
2009;Pischelsdorf am Kulm <61764>;-
2009;Pischelsdorf in der Steiermark ^<61737>;2487
2009;Pöllau bei Gleisdorf ^<61738>;-
2009;Preßguts ^<61739>;385,75
2009;Puch bei Weiz <61740>;2109,25
2009;Ratten <61741>;1177,875
2009;Reichendorf ^<61742>;599,375
2009;Rettenegg <61743>;761
2009;St. Kathrein am Hauenstein <61744>;686,125
2009;St. Margarethen an der Raab <61746>;3794,75
2009;Sankt Kathrein am Offenegg <61745>;1168
2009;Sankt Ruprecht an der Raab ^<61747>;2025
2009;Sankt Ruprecht an der Raab <61765>;-
2009;Sinabelkirchen <61748>;3988,75
2009;Stenzengreith ^<61749>;521,75
2009;Strallegg <61750>;1978,375
2009;Thannhausen <61751>;2380,625
2009;Ungerdorf ^<61752>;698,625
2009;Unterfladnitz ^<61753>;1486,875
2009;Waisenegg ^<61754>;1118,875
2009;Weiz ^<61755>;8822,625
2009;Weiz <61766>;-
2010;Graz <60101>;256479,125
2010;Eisenerz <61101>;5020,625
2010;Gai ^<61102>;1799,125
2010;Hafning bei Trofaiach ^<61103>;1648,625
2010;Hieflau ^<61104>;799,875
2010;Kalwang <61105>;1083,5
2010;Kammern im Liesingtal <61106>;1686,375
2010;Kraubath an der Mur <61107>;1317,625
2010;Leoben <61108>;24624
2010;Mautern in Steiermark <61109>;1889,125
2010;Niklasdorf <61110>;2553,25
2010;Proleb <61111>;1620,125
2010;Radmer <61112>;675,5
2010;Sankt Michael in Obersteiermark <61113>;3091,75
2010;Sankt Peter-Freienstein <61114>;2432,5
2010;Sankt Stefan ob Leoben <61115>;1986,875
2010;Traboch <61116>;1405,125
2010;Trofaiach ^<61117>;7939,5
2010;Trofaiach <61120>;-
2010;Vordernberg <61118>;1076
2010;Wald am Schoberpaß <61119>;630,625
2010;Admont ^<61201>;2580,875
2010;Admont <61253>;-
2010;Aich ^<61202>;927,25
2010;Aich <61254>;-
2010;Aigen im Ennstal <61203>;2563,125
2010;Altaussee <61204>;1811,75
2010;Altenmarkt bei Sankt Gallen <61205>;857,875
2010;Ardning <61206>;1202,125
2010;Bad Aussee <61207>;4866,25
2010;Bad Mitterndorf ^<61226>;3042,375
2010;Bad Mitterndorf <61255>;-
2010;Donnersbach ^<61208>;1136,625
2010;Donnersbachwald ^<61209>;324,625
2010;Gaishorn am See ^<61210>;1064,5
2010;Gaishorn am See <61256>;-
2010;Gams bei Hieflau ^<61211>;588,75
2010;Gössenberg ^<61212>;274,875
2010;Gröbming <61213>;2793,375
2010;Großsölk ^<61214>;490,625
2010;Grundlsee <61215>;1250,625
2010;Hall ^<61216>;1757,5
2010;Haus <61217>;2398,75
2010;Irdning ^<61218>;2691,875
2010;Irdning-Donnersbachtal <61257>;-
2010;Johnsbach ^<61219>;147,625
2010;Kleinsölk ^<61220>;576,25
2010;Landl ^<61221>;1295,625
2010;Landl <61258>;-
2010;Lassing <61222>;1711,75
2010;Liezen ^<61223>;6839,5
2010;Liezen <61259>;-
2010;Michaelerberg ^<61224>;540,375
2010;Michaelerberg-Pruggern <61260>;-
2010;Mitterberg ^<61225>;1137,25
2010;Mitterberg-Sankt Martin <61261>;-
2010;Niederöblarn ^<61227>;572
2010;Öblarn ^<61228>;1450,75
2010;Öblarn <61262>;-
2010;Oppenberg ^<61229>;251,375
2010;Palfau ^<61230>;403,375
2010;Palten ^<61231>;-
2010;Pichl-Kainisch ^<61233>;747
2010;Pichl-Preunegg ^<61232>;936,25
2010;Pruggern ^<61234>;626,25
2010;Pürgg-Trautenfels ^<61235>;953,375
2010;Ramsau am Dachstein <61236>;2748
2010;Rohrmoos-Untertal ^<61237>;1381,125
2010;Rottenmann ^<61238>;5180,5
2010;Rottenmann <61263>;-
2010;Sankt Gallen ^<61239>;1424,625
2010;Sankt Gallen <61264>;-
2010;Sankt Martin am Grimming ^<61240>;760,375
2010;Sankt Nikolai im Sölktal ^<61241>;501,75
2010;Schladming ^<61242>;4495,875
2010;Schladming <61265>;-
2010;Selzthal <61243>;1731,5
2010;Sölk <61266>;-
2010;Stainach ^<61244>;1961,875
2010;Stainach-Pürgg <61267>;-
2010;Tauplitz ^<61245>;1021,25
2010;Treglwang ^<61246>;365,5
2010;Trieben <61247>;3496,125
2010;Weißenbach an der Enns ^<61248>;500,5
2010;Weißenbach bei Liezen ^<61249>;1117,625
2010;Weng im Gesäuse ^<61250>;615,25
2010;Wildalpen <61251>;545,25
2010;Wörschach <61252>;1171,25
2010;Amering ^<62001>;-
2010;Apfelberg ^<62002>;-
2010;Bretstein ^<62003>;-
2010;Eppenstein ^<62004>;-
2010;Feistritz bei Knittelfeld ^<62005>;-
2010;Flatschach ^<62006>;-
2010;Fohnsdorf <62007>;-
2010;Gaal <62008>;-
2010;Großlobming ^<62009>;-
2010;Hohentauern <62010>;-
2010;Judenburg ^<62011>;-
2010;Judenburg <62040>;-
2010;Kleinlobming ^<62012>;-
2010;Knittelfeld ^<62013>;-
2010;Knittelfeld <62041>;-
2010;Kobenz <62014>;-
2010;Lobmingtal <62039>;-
2010;Maria Buch-Feistritz ^<62015>;-
2010;Obdach ^<62016>;-
2010;Obdach <62042>;-
2010;Oberkurzheim ^<62017>;-
2010;Oberweg ^<62018>;-
2010;Oberzeiring ^<62019>;-
2010;Pöls ^<62020>;-
2010;Pöls-Oberkurzheim <62043>;-
2010;Pölstal <62044>;-
2010;Pusterwald <62021>;-
2010;Rachau ^<62022>;-
2010;Reifling ^<62023>;-
2010;Reisstraße ^<62024>;-
2010;Sankt Anna am Lavantegg ^<62025>;-
2010;Sankt Georgen ob Judenburg <62026>;-
2010;Sankt Johann am Tauern ^<62027>;-
2010;Sankt Lorenzen bei Knittelfeld ^<62028>;-
2010;Sankt Marein bei Knittelfeld ^<62029>;-
2010;Sankt Marein-Feistritz <62045>;-
2010;Sankt Margarethen bei Knittelfeld ^<62030>;-
2010;Sankt Margarethen bei Knittelfeld <62046>;-
2010;Sankt Oswald-Möderbrugg ^<62031>;-
2010;Sankt Peter ob Judenburg <62032>;-
2010;Sankt Wolfgang-Kienberg ^<62033>;-
2010;Seckau <62034>;-
2010;Spielberg  ^<62035>;-
2010;Spielberg <62047>;-
2010;Unzmarkt-Frauenburg <62036>;-
2010;Weißkirchen in Steiermark ^<62037>;-
2010;Weißkirchen in Steiermark <62048>;-
2010;Zeltweg <62038>;-
2010;Allerheiligen im Mürztal ^<61301>;1940,625
2010;Altenberg an der Rax ^<61302>;344
2010;Ganz ^<61303>;353,5
2010;Kapellen ^<61304>;621,625
2010;Kindberg ^<61305>;5589,125
2010;Krieglach ^<61306>;5200,5
2010;Langenwang ^<61307>;4037,875
2010;Mitterdorf im Mürztal ^<61308>;2413,75
2010;Mürzhofen ^<61309>;952,25
2010;Mürzsteg ^<61310>;577,625
2010;Mürzzuschlag ^<61311>;8777,125
2010;Neuberg an der Mürz ^<61312>;1319,5
2010;Spital am Semmering ^<61313>;1614,375
2010;Stanz im Mürztal ^<61314>;1934,375
2010;Veitsch ^<61315>;2548
2010;Wartberg im Mürztal ^<61316>;2136,25
2010;Dürnstein in der Steiermark ^<61401>;290,375
2010;Falkendorf ^<61402>;-
2010;Frojach-Katsch ^<61403>;1215
2010;Krakau <61437>;-
2010;Krakaudorf ^<61404>;644,875
2010;Krakauhintermühlen ^<61405>;570,625
2010;Krakauschatten ^<61406>;309,5
2010;Kulm am Zirbitz ^<61407>;342
2010;Laßnitz bei Murau ^<61408>;1071,75
2010;Mariahof ^<61409>;1356,625
2010;Mühlen <61410>;940,875
2010;Murau ^<61411>;2090,125
2010;Murau <61438>;-
2010;Neumarkt in der Steiermark <61439>;-
2010;Neumarkt in Steiermark ^<61412>;1793,125
2010;Niederwölz <61413>;621,75
2010;Oberwölz  <61440>;-
2010;Oberwölz Stadt ^<61414>;961,875
2010;Oberwölz Umgebung ^<61415>;807,75
2010;Perchau am Sattel ^<61416>;295,375
2010;Predlitz-Turrach ^<61417>;858,125
2010;Ranten ^<61418>;1050,375
2010;Ranten <61441>;-
2010;Rinegg ^<61419>;159,625
2010;Sankt Blasen ^<61420>;603,625
2010;Sankt Georgen am Kreischberg <61442>;-
2010;Sankt Georgen ob Murau ^<61421>;1386,125
2010;Sankt Lambrecht ^<61422>;1484,375
2010;Sankt Lambrecht <61443>;-
2010;Sankt Lorenzen bei Scheifling ^<61423>;607,875
2010;Sankt Marein bei Neumarkt ^<61424>;971
2010;Sankt Ruprecht ob Murau ^<61426>;-
2010;Sankt Ruprecht-Falkendorf ^<61436>;474,5
2010;St. Peter am Kammersberg <61425>;2128,5
2010;Scheifling ^<61427>;1575,5
2010;Scheifling <61444>;-
2010;Schöder <61428>;1042,75
2010;Schönberg-Lachtal ^<61429>;454,875
2010;Stadl an der Mur ^<61430>;1010,375
2010;Stadl-Predlitz <61445>;-
2010;Stolzalpe ^<61431>;458,875
2010;Teufenbach ^<61432>;684,125
2010;Teufenbach-Katsch <61446>;-
2010;Triebendorf ^<61433>;147,375
2010;Winklern bei Oberwölz ^<61434>;901,25
2010;Zeutschach ^<61435>;229,75
2010;Bad Radkersburg ^<61513>;1365
2010;Bierbaum am Auersbach ^<61501>;481,375
2010;Deutsch Goritz ^<61502>;1241,875
2010;Dietersdorf am Gnasbach ^<61503>;382,875
2010;Eichfeld ^<61504>;925,375
2010;Gosdorf ^<61505>;1165,75
2010;Halbenrain ^<61506>;1796,875
2010;Hof bei Straden ^<61508>;897,875
2010;Klöch ^<61509>;1225,375
2010;Mettersdorf am Saßbach ^<61510>;1340,75
2010;Mureck ^<61511>;1568,625
2010;Murfeld ^<61512>;1689
2010;Radkersburg Umgebung ^<61514>;1774,75
2010;Ratschendorf ^<61515>;620,875
2010;Sankt Peter am Ottersbach ^<61516>;2239
2010;Straden ^<61517>;1562
2010;Tieschen ^<61518>;1356
2010;Trössing ^<61519>;275,75
2010;Weinburg am Saßbach ^<61520>;1076,75
2010;Auersbach ^<62301>;-
2010;Aug-Radisch ^<62302>;-
2010;Bad Gleichenberg ^<62303>;-
2010;Bad Gleichenberg <62375>;-
2010;Bad Radkersburg ^<62304>;-
2010;Bad Radkersburg <62376>;-
2010;Bairisch Kölldorf ^<62305>;-
2010;Baumgarten bei Gnas ^<62306>;-
2010;Bierbaum am Auersbach ^<62307>;-
2010;Breitenfeld an der Rittschein ^<62308>;-
2010;Deutsch Goritz ^<62309>;-
2010;Deutsch Goritz <62377>;-
2010;Dietersdorf am Gnasbach ^<62310>;-
2010;Edelsbach bei Feldbach <62311>;-
2010;Edelstauden ^<62312>;-
2010;Eichfeld ^<62313>;-
2010;Eichkögl <62314>;-
2010;Fehring ^<62315>;-
2010;Fehring <62378>;-
2010;Feldbach ^<62316>;-
2010;Feldbach <62379>;-
2010;Fladnitz im Raabtal ^<62317>;-
2010;Frannach ^<62318>;-
2010;Frutten-Gießelsdorf ^<62319>;-
2010;Glojach ^<62320>;-
2010;Gnas ^<62321>;-
2010;Gnas <62380>;-
2010;Gniebing-Weißenbach ^<62322>;-
2010;Gosdorf ^<62323>;-
2010;Gossendorf ^<62324>;-
2010;Grabersdorf ^<62325>;-
2010;Halbenrain <62326>;-
2010;Hatzendorf ^<62327>;-
2010;Hof bei Straden ^<62328>;-
2010;Hohenbrugg-Weinberg ^<62329>;-
2010;Jagerberg <62330>;-
2010;Johnsdorf-Brunn ^<62331>;-
2010;Kapfenstein <62332>;-
2010;Kirchbach in Steiermark ^<62333>;-
2010;Kirchbach-Zerlach <62381>;-
2010;Kirchberg an der Raab ^<62334>;-
2010;Kirchberg an der Raab <62382>;-
2010;Klöch <62335>;-
2010;Kohlberg ^<62336>;-
2010;Kornberg bei Riegersburg ^<62337>;-
2010;Krusdorf ^<62338>;-
2010;Leitersdorf im Raabtal ^<62339>;-
2010;Lödersdorf ^<62340>;-
2010;Maierdorf ^<62341>;-
2010;Merkendorf ^<62342>;-
2010;Mettersdorf am Saßbach <62343>;-
2010;Mitterlabill ^<62344>;-
2010;Mühldorf bei Feldbach ^<62345>;-
2010;Mureck ^<62346>;-
2010;Mureck <62383>;-
2010;Murfeld <62347>;-
2010;Oberdorf am Hochegg ^<62348>;-
2010;Oberstorcha ^<62349>;-
2010;Paldau ^<62350>;-
2010;Paldau <62384>;-
2010;Perlsdorf ^<62351>;-
2010;Pertlstein ^<62352>;-
2010;Petersdorf II ^<62353>;-
2010;Pirching am Traubenberg ^<62354>;-
2010;Pirching am Traubenberg <62385>;-
2010;Poppendorf ^<62355>;-
2010;Raabau ^<62356>;-
2010;Radkersburg Umgebung ^<62357>;-
2010;Raning ^<62358>;-
2010;Ratschendorf ^<62359>;-
2010;Riegersburg ^<62360>;-
2010;Riegersburg <62386>;-
2010;Sankt Anna am Aigen ^<62361>;-
2010;Sankt Anna am Aigen <62387>;-
2010;Sankt Peter am Ottersbach ^<62362>;-
2010;Sankt Peter am Ottersbach <62388>;-
2010;Sankt Stefan im Rosental ^<62363>;-
2010;Sankt Stefan im Rosental <62389>;-
2010;Schwarzau im Schwarzautal ^<62364>;-
2010;Stainz bei Straden ^<62365>;-
2010;Straden ^<62366>;-
2010;Straden <62390>;-
2010;Studenzen ^<62367>;-
2010;Tieschen <62368>;-
2010;Trautmannsdorf in Oststeiermark ^<62369>;-
2010;Trössing ^<62370>;-
2010;Unterauersbach ^<62371>;-
2010;Unterlamm <62372>;-
2010;Weinburg am Saßbach ^<62373>;-
2010;Zerlach ^<62374>;-
2010;Bärnbach ^<61601>;5238,375
2010;Bärnbach <61626>;-
2010;Edelschrott ^<61602>;1648,125
2010;Edelschrott <61627>;-
2010;Gallmannsegg ^<61603>;317
2010;Geistthal ^<61604>;858,75
2010;Geistthal-Södingberg <61628>;-
2010;Gößnitz ^<61605>;463,375
2010;Graden ^<61606>;498,625
2010;Hirschegg ^<61607>;696,125
2010;Hirschegg-Pack <61629>;-
2010;Kainach bei Voitsberg ^<61608>;693,75
2010;Kainach bei Voitsberg <61630>;-
2010;Köflach ^<61609>;9812,875
2010;Köflach <61631>;-
2010;Kohlschwarz ^<61610>;727,25
2010;Krottendorf-Gaisfeld <61611>;2399,25
2010;Ligist <61612>;3229,875
2010;Maria Lankowitz ^<61613>;2220,125
2010;Maria Lankowitz <61632>;-
2010;Modriach ^<61614>;218,25
2010;Mooskirchen <61615>;2067,5
2010;Pack ^<61616>;432,5
2010;Piberegg ^<61617>;372,75
2010;Rosental an der Kainach <61618>;1715,5
2010;Salla ^<61619>;291,875
2010;Sankt Johann-Köppling ^<61620>;1772,75
2010;Sankt Martin am Wöllmißberg <61621>;834,625
2010;Söding ^<61622>;2136,25
2010;Södingberg ^<61623>;836,375
2010;Söding-Sankt Johann <61633>;-
2010;Stallhofen <61624>;3169,75
2010;Voitsberg <61625>;9704
2010;Albersdorf-Prebuch <61701>;1978,625
2010;Anger ^<61702>;824,25
2010;Anger <61756>;-
2010;Arzberg ^<61703>;559,75
2010;Baierdorf bei Anger ^<61704>;1670,625
2010;Birkfeld ^<61705>;1644,375
2010;Birkfeld <61757>;-
2010;Etzersdorf-Rollsdorf ^<61706>;1160,125
2010;Feistritz bei Anger ^<61707>;1064,75
2010;Fischbach <61708>;1582,375
2010;Fladnitz an der Teichalm ^<61709>;1164,5
2010;Fladnitz an der Teichalm <61758>;-
2010;Floing <61710>;1213,5
2010;Gasen <61711>;935,875
2010;Gersdorf an der Feistritz ^<61712>;1219
2010;Gersdorf an der Feistritz <61759>;-
2010;Gleisdorf ^<61713>;5678,625
2010;Gleisdorf <61760>;-
2010;Gschaid bei Birkfeld ^<61714>;915,125
2010;Gutenberg an der Raabklamm ^<61715>;1235,5
2010;Gutenberg <61761>;-
2010;Haslau bei Birkfeld ^<61717>;452,125
2010;Hirnsdorf ^<61718>;698,375
2010;Hofstätten an der Raab <61719>;2014,375
2010;Hohenau an der Raab ^<61720>;1316,375
2010;Ilztal ^<61721>;1726,625
2010;Ilztal <61762>;-
2010;Koglhof ^<61722>;1113,75
2010;Krottendorf ^<61723>;2319
2010;Kulm bei Weiz ^<61724>;476,5
2010;Labuch ^<61725>;779,125
2010;Laßnitzthal ^<61726>;1088,75
2010;Ludersdorf-Wilfersdorf <61727>;1990,625
2010;Markt Hartmannsdorf <61716>;2936
2010;Miesenbach bei Birkfeld <61728>;750,25
2010;Mitterdorf an der Raab <61729>;2065,875
2010;Mortantsch <61730>;2023,25
2010;Naas <61731>;1402,625
2010;Naintsch ^<61732>;637,25
2010;Neudorf bei Passail ^<61733>;496,25
2010;Nitscha ^<61734>;1440,25
2010;Oberrettenbach ^<61735>;459,125
2010;Passail ^<61736>;1976,25
2010;Passail <61763>;-
2010;Pischelsdorf am Kulm <61764>;-
2010;Pischelsdorf in der Steiermark ^<61737>;2491,375
2010;Pöllau bei Gleisdorf ^<61738>;-
2010;Preßguts ^<61739>;389
2010;Puch bei Weiz <61740>;2113,875
2010;Ratten <61741>;1161
2010;Reichendorf ^<61742>;604,5
2010;Rettenegg <61743>;764,75
2010;St. Kathrein am Hauenstein <61744>;681
2010;St. Margarethen an der Raab <61746>;3844,875
2010;Sankt Kathrein am Offenegg <61745>;1152,625
2010;Sankt Ruprecht an der Raab ^<61747>;2038
2010;Sankt Ruprecht an der Raab <61765>;-
2010;Sinabelkirchen <61748>;3985,875
2010;Stenzengreith ^<61749>;523,5
2010;Strallegg <61750>;1980,625
2010;Thannhausen <61751>;2361
2010;Ungerdorf ^<61752>;747,25
2010;Unterfladnitz ^<61753>;1497
2010;Waisenegg ^<61754>;1103,5
2010;Weiz ^<61755>;8837
2010;Weiz <61766>;-
2011;Graz <60101>;259987,75
2011;Eisenerz <61101>;4876
2011;Gai ^<61102>;1791,875
2011;Hafning bei Trofaiach ^<61103>;1631,25
2011;Hieflau ^<61104>;782,375
2011;Kalwang <61105>;1082,5
2011;Kammern im Liesingtal <61106>;1676,25
2011;Kraubath an der Mur <61107>;1304,375
2011;Leoben <61108>;24496
2011;Mautern in Steiermark <61109>;1846,25
2011;Niklasdorf <61110>;2549,625
2011;Proleb <61111>;1581,375
2011;Radmer <61112>;662,375
2011;Sankt Michael in Obersteiermark <61113>;3084
2011;Sankt Peter-Freienstein <61114>;2418,5
2011;Sankt Stefan ob Leoben <61115>;1972,75
2011;Traboch <61116>;1386,625
2011;Trofaiach ^<61117>;7903,875
2011;Trofaiach <61120>;-
2011;Vordernberg <61118>;1073,75
2011;Wald am Schoberpaß <61119>;637,375
2011;Admont ^<61201>;2543,25
2011;Admont <61253>;-
2011;Aich ^<61202>;920,125
2011;Aich <61254>;-
2011;Aigen im Ennstal <61203>;2567,25
2011;Altaussee <61204>;1793,5
2011;Altenmarkt bei Sankt Gallen <61205>;859,125
2011;Ardning <61206>;1188,625
2011;Bad Aussee <61207>;4878,5
2011;Bad Mitterndorf ^<61226>;3079,875
2011;Bad Mitterndorf <61255>;-
2011;Donnersbach ^<61208>;1115,875
2011;Donnersbachwald ^<61209>;321,375
2011;Gaishorn am See ^<61210>;1038,625
2011;Gaishorn am See <61256>;-
2011;Gams bei Hieflau ^<61211>;577
2011;Gössenberg ^<61212>;276,375
2011;Gröbming <61213>;2823,875
2011;Großsölk ^<61214>;491,125
2011;Grundlsee <61215>;1242,625
2011;Hall ^<61216>;1761,25
2011;Haus <61217>;2389,625
2011;Irdning ^<61218>;2721,75
2011;Irdning-Donnersbachtal <61257>;-
2011;Johnsbach ^<61219>;140,875
2011;Kleinsölk ^<61220>;586,5
2011;Landl ^<61221>;1281,375
2011;Landl <61258>;-
2011;Lassing <61222>;1680,25
2011;Liezen ^<61223>;6853,375
2011;Liezen <61259>;-
2011;Michaelerberg ^<61224>;537,375
2011;Michaelerberg-Pruggern <61260>;-
2011;Mitterberg ^<61225>;1156,625
2011;Mitterberg-Sankt Martin <61261>;-
2011;Niederöblarn ^<61227>;579,875
2011;Öblarn ^<61228>;1448,875
2011;Öblarn <61262>;-
2011;Oppenberg ^<61229>;243,875
2011;Palfau ^<61230>;399,875
2011;Palten ^<61231>;-
2011;Pichl-Kainisch ^<61233>;742,25
2011;Pichl-Preunegg ^<61232>;940,5
2011;Pruggern ^<61234>;624
2011;Pürgg-Trautenfels ^<61235>;937,625
2011;Ramsau am Dachstein <61236>;2744,375
2011;Rohrmoos-Untertal ^<61237>;1380,25
2011;Rottenmann ^<61238>;5104,875
2011;Rottenmann <61263>;-
2011;Sankt Gallen ^<61239>;1418
2011;Sankt Gallen <61264>;-
2011;Sankt Martin am Grimming ^<61240>;766,125
2011;Sankt Nikolai im Sölktal ^<61241>;503,5
2011;Schladming ^<61242>;4457,875
2011;Schladming <61265>;-
2011;Selzthal <61243>;1696,375
2011;Sölk <61266>;-
2011;Stainach ^<61244>;1955,875
2011;Stainach-Pürgg <61267>;-
2011;Tauplitz ^<61245>;1017,625
2011;Treglwang ^<61246>;365,625
2011;Trieben <61247>;3450,75
2011;Weißenbach an der Enns ^<61248>;505,125
2011;Weißenbach bei Liezen ^<61249>;1113,625
2011;Weng im Gesäuse ^<61250>;614,625
2011;Wildalpen <61251>;533,75
2011;Wörschach <61252>;1164,25
2011;Amering ^<62001>;-
2011;Apfelberg ^<62002>;-
2011;Bretstein ^<62003>;-
2011;Eppenstein ^<62004>;-
2011;Feistritz bei Knittelfeld ^<62005>;-
2011;Flatschach ^<62006>;-
2011;Fohnsdorf <62007>;-
2011;Gaal <62008>;-
2011;Großlobming ^<62009>;-
2011;Hohentauern <62010>;-
2011;Judenburg ^<62011>;-
2011;Judenburg <62040>;-
2011;Kleinlobming ^<62012>;-
2011;Knittelfeld ^<62013>;-
2011;Knittelfeld <62041>;-
2011;Kobenz <62014>;-
2011;Lobmingtal <62039>;-
2011;Maria Buch-Feistritz ^<62015>;-
2011;Obdach ^<62016>;-
2011;Obdach <62042>;-
2011;Oberkurzheim ^<62017>;-
2011;Oberweg ^<62018>;-
2011;Oberzeiring ^<62019>;-
2011;Pöls ^<62020>;-
2011;Pöls-Oberkurzheim <62043>;-
2011;Pölstal <62044>;-
2011;Pusterwald <62021>;-
2011;Rachau ^<62022>;-
2011;Reifling ^<62023>;-
2011;Reisstraße ^<62024>;-
2011;Sankt Anna am Lavantegg ^<62025>;-
2011;Sankt Georgen ob Judenburg <62026>;-
2011;Sankt Johann am Tauern ^<62027>;-
2011;Sankt Lorenzen bei Knittelfeld ^<62028>;-
2011;Sankt Marein bei Knittelfeld ^<62029>;-
2011;Sankt Marein-Feistritz <62045>;-
2011;Sankt Margarethen bei Knittelfeld ^<62030>;-
2011;Sankt Margarethen bei Knittelfeld <62046>;-
2011;Sankt Oswald-Möderbrugg ^<62031>;-
2011;Sankt Peter ob Judenburg <62032>;-
2011;Sankt Wolfgang-Kienberg ^<62033>;-
2011;Seckau <62034>;-
2011;Spielberg  ^<62035>;-
2011;Spielberg <62047>;-
2011;Unzmarkt-Frauenburg <62036>;-
2011;Weißkirchen in Steiermark ^<62037>;-
2011;Weißkirchen in Steiermark <62048>;-
2011;Zeltweg <62038>;-
2011;Allerheiligen im Mürztal ^<61301>;1934,5
2011;Altenberg an der Rax ^<61302>;336,375
2011;Ganz ^<61303>;350,625
2011;Kapellen ^<61304>;607,5
2011;Kindberg ^<61305>;5514
2011;Krieglach ^<61306>;5166,5
2011;Langenwang ^<61307>;4010,875
2011;Mitterdorf im Mürztal ^<61308>;2419,375
2011;Mürzhofen ^<61309>;954,25
2011;Mürzsteg ^<61310>;583
2011;Mürzzuschlag ^<61311>;8705
2011;Neuberg an der Mürz ^<61312>;1307,5
2011;Spital am Semmering ^<61313>;1597
2011;Stanz im Mürztal ^<61314>;1920
2011;Veitsch ^<61315>;2507,75
2011;Wartberg im Mürztal ^<61316>;2106,5
2011;Dürnstein in der Steiermark ^<61401>;284,5
2011;Falkendorf ^<61402>;-
2011;Frojach-Katsch ^<61403>;1195,25
2011;Krakau <61437>;-
2011;Krakaudorf ^<61404>;638,25
2011;Krakauhintermühlen ^<61405>;560,25
2011;Krakauschatten ^<61406>;312,125
2011;Kulm am Zirbitz ^<61407>;333,25
2011;Laßnitz bei Murau ^<61408>;1046,125
2011;Mariahof ^<61409>;1338,875
2011;Mühlen <61410>;931
2011;Murau ^<61411>;2100,125
2011;Murau <61438>;-
2011;Neumarkt in der Steiermark <61439>;-
2011;Neumarkt in Steiermark ^<61412>;1787,125
2011;Niederwölz <61413>;610,875
2011;Oberwölz  <61440>;-
2011;Oberwölz Stadt ^<61414>;975
2011;Oberwölz Umgebung ^<61415>;799,25
2011;Perchau am Sattel ^<61416>;298,125
2011;Predlitz-Turrach ^<61417>;857,75
2011;Ranten ^<61418>;1048,5
2011;Ranten <61441>;-
2011;Rinegg ^<61419>;162,625
2011;Sankt Blasen ^<61420>;577,875
2011;Sankt Georgen am Kreischberg <61442>;-
2011;Sankt Georgen ob Murau ^<61421>;1368,875
2011;Sankt Lambrecht ^<61422>;1465,75
2011;Sankt Lambrecht <61443>;-
2011;Sankt Lorenzen bei Scheifling ^<61423>;606
2011;Sankt Marein bei Neumarkt ^<61424>;968,625
2011;Sankt Ruprecht ob Murau ^<61426>;-
2011;Sankt Ruprecht-Falkendorf ^<61436>;470,625
2011;St. Peter am Kammersberg <61425>;2109,5
2011;Scheifling ^<61427>;1559,25
2011;Scheifling <61444>;-
2011;Schöder <61428>;1022
2011;Schönberg-Lachtal ^<61429>;444,75
2011;Stadl an der Mur ^<61430>;1003,75
2011;Stadl-Predlitz <61445>;-
2011;Stolzalpe ^<61431>;450,25
2011;Teufenbach ^<61432>;692,125
2011;Teufenbach-Katsch <61446>;-
2011;Triebendorf ^<61433>;139
2011;Winklern bei Oberwölz ^<61434>;893,125
2011;Zeutschach ^<61435>;221,875
2011;Bad Radkersburg ^<61513>;1352,375
2011;Bierbaum am Auersbach ^<61501>;479,125
2011;Deutsch Goritz ^<61502>;1233,125
2011;Dietersdorf am Gnasbach ^<61503>;373
2011;Eichfeld ^<61504>;903,125
2011;Gosdorf ^<61505>;1154,625
2011;Halbenrain ^<61506>;1794,375
2011;Hof bei Straden ^<61508>;889,625
2011;Klöch ^<61509>;1230,125
2011;Mettersdorf am Saßbach ^<61510>;1333,375
2011;Mureck ^<61511>;1568,625
2011;Murfeld ^<61512>;1680,875
2011;Radkersburg Umgebung ^<61514>;1762,125
2011;Ratschendorf ^<61515>;620,5
2011;Sankt Peter am Ottersbach ^<61516>;2241,125
2011;Straden ^<61517>;1551,625
2011;Tieschen ^<61518>;1335,875
2011;Trössing ^<61519>;277,625
2011;Weinburg am Saßbach ^<61520>;1064,5
2011;Auersbach ^<62301>;-
2011;Aug-Radisch ^<62302>;-
2011;Bad Gleichenberg ^<62303>;-
2011;Bad Gleichenberg <62375>;-
2011;Bad Radkersburg ^<62304>;-
2011;Bad Radkersburg <62376>;-
2011;Bairisch Kölldorf ^<62305>;-
2011;Baumgarten bei Gnas ^<62306>;-
2011;Bierbaum am Auersbach ^<62307>;-
2011;Breitenfeld an der Rittschein ^<62308>;-
2011;Deutsch Goritz ^<62309>;-
2011;Deutsch Goritz <62377>;-
2011;Dietersdorf am Gnasbach ^<62310>;-
2011;Edelsbach bei Feldbach <62311>;-
2011;Edelstauden ^<62312>;-
2011;Eichfeld ^<62313>;-
2011;Eichkögl <62314>;-
2011;Fehring ^<62315>;-
2011;Fehring <62378>;-
2011;Feldbach ^<62316>;-
2011;Feldbach <62379>;-
2011;Fladnitz im Raabtal ^<62317>;-
2011;Frannach ^<62318>;-
2011;Frutten-Gießelsdorf ^<62319>;-
2011;Glojach ^<62320>;-
2011;Gnas ^<62321>;-
2011;Gnas <62380>;-
2011;Gniebing-Weißenbach ^<62322>;-
2011;Gosdorf ^<62323>;-
2011;Gossendorf ^<62324>;-
2011;Grabersdorf ^<62325>;-
2011;Halbenrain <62326>;-
2011;Hatzendorf ^<62327>;-
2011;Hof bei Straden ^<62328>;-
2011;Hohenbrugg-Weinberg ^<62329>;-
2011;Jagerberg <62330>;-
2011;Johnsdorf-Brunn ^<62331>;-
2011;Kapfenstein <62332>;-
2011;Kirchbach in Steiermark ^<62333>;-
2011;Kirchbach-Zerlach <62381>;-
2011;Kirchberg an der Raab ^<62334>;-
2011;Kirchberg an der Raab <62382>;-
2011;Klöch <62335>;-
2011;Kohlberg ^<62336>;-
2011;Kornberg bei Riegersburg ^<62337>;-
2011;Krusdorf ^<62338>;-
2011;Leitersdorf im Raabtal ^<62339>;-
2011;Lödersdorf ^<62340>;-
2011;Maierdorf ^<62341>;-
2011;Merkendorf ^<62342>;-
2011;Mettersdorf am Saßbach <62343>;-
2011;Mitterlabill ^<62344>;-
2011;Mühldorf bei Feldbach ^<62345>;-
2011;Mureck ^<62346>;-
2011;Mureck <62383>;-
2011;Murfeld <62347>;-
2011;Oberdorf am Hochegg ^<62348>;-
2011;Oberstorcha ^<62349>;-
2011;Paldau ^<62350>;-
2011;Paldau <62384>;-
2011;Perlsdorf ^<62351>;-
2011;Pertlstein ^<62352>;-
2011;Petersdorf II ^<62353>;-
2011;Pirching am Traubenberg ^<62354>;-
2011;Pirching am Traubenberg <62385>;-
2011;Poppendorf ^<62355>;-
2011;Raabau ^<62356>;-
2011;Radkersburg Umgebung ^<62357>;-
2011;Raning ^<62358>;-
2011;Ratschendorf ^<62359>;-
2011;Riegersburg ^<62360>;-
2011;Riegersburg <62386>;-
2011;Sankt Anna am Aigen ^<62361>;-
2011;Sankt Anna am Aigen <62387>;-
2011;Sankt Peter am Ottersbach ^<62362>;-
2011;Sankt Peter am Ottersbach <62388>;-
2011;Sankt Stefan im Rosental ^<62363>;-
2011;Sankt Stefan im Rosental <62389>;-
2011;Schwarzau im Schwarzautal ^<62364>;-
2011;Stainz bei Straden ^<62365>;-
2011;Straden ^<62366>;-
2011;Straden <62390>;-
2011;Studenzen ^<62367>;-
2011;Tieschen <62368>;-
2011;Trautmannsdorf in Oststeiermark ^<62369>;-
2011;Trössing ^<62370>;-
2011;Unterauersbach ^<62371>;-
2011;Unterlamm <62372>;-
2011;Weinburg am Saßbach ^<62373>;-
2011;Zerlach ^<62374>;-
2011;Bärnbach ^<61601>;5259,25
2011;Bärnbach <61626>;-
2011;Edelschrott ^<61602>;1633,125
2011;Edelschrott <61627>;-
2011;Gallmannsegg ^<61603>;313,125
2011;Geistthal ^<61604>;846
2011;Geistthal-Södingberg <61628>;-
2011;Gößnitz ^<61605>;453,25
2011;Graden ^<61606>;485,375
2011;Hirschegg ^<61607>;685,5
2011;Hirschegg-Pack <61629>;-
2011;Kainach bei Voitsberg ^<61608>;676,625
2011;Kainach bei Voitsberg <61630>;-
2011;Köflach ^<61609>;9751,875
2011;Köflach <61631>;-
2011;Kohlschwarz ^<61610>;714,875
2011;Krottendorf-Gaisfeld <61611>;2416,25
2011;Ligist <61612>;3227,5
2011;Maria Lankowitz ^<61613>;2193,125
2011;Maria Lankowitz <61632>;-
2011;Modriach ^<61614>;213,625
2011;Mooskirchen <61615>;2054,625
2011;Pack ^<61616>;423,375
2011;Piberegg ^<61617>;368,5
2011;Rosental an der Kainach <61618>;1709,5
2011;Salla ^<61619>;289
2011;Sankt Johann-Köppling ^<61620>;1779,5
2011;Sankt Martin am Wöllmißberg <61621>;826,375
2011;Söding ^<61622>;2155
2011;Södingberg ^<61623>;832,25
2011;Söding-Sankt Johann <61633>;-
2011;Stallhofen <61624>;3146,875
2011;Voitsberg <61625>;9640
2011;Albersdorf-Prebuch <61701>;1989
2011;Anger ^<61702>;829,5
2011;Anger <61756>;-
2011;Arzberg ^<61703>;552,125
2011;Baierdorf bei Anger ^<61704>;1666
2011;Birkfeld ^<61705>;1635,125
2011;Birkfeld <61757>;-
2011;Etzersdorf-Rollsdorf ^<61706>;1140,875
2011;Feistritz bei Anger ^<61707>;1068
2011;Fischbach <61708>;1571,375
2011;Fladnitz an der Teichalm ^<61709>;1172,75
2011;Fladnitz an der Teichalm <61758>;-
2011;Floing <61710>;1206,5
2011;Gasen <61711>;933,375
2011;Gersdorf an der Feistritz ^<61712>;1206,625
2011;Gersdorf an der Feistritz <61759>;-
2011;Gleisdorf ^<61713>;5711,375
2011;Gleisdorf <61760>;-
2011;Gschaid bei Birkfeld ^<61714>;922,375
2011;Gutenberg an der Raabklamm ^<61715>;1254,125
2011;Gutenberg <61761>;-
2011;Haslau bei Birkfeld ^<61717>;447,75
2011;Hirnsdorf ^<61718>;695,625
2011;Hofstätten an der Raab <61719>;2049,75
2011;Hohenau an der Raab ^<61720>;1319,25
2011;Ilztal ^<61721>;1729,75
2011;Ilztal <61762>;-
2011;Koglhof ^<61722>;1113,375
2011;Krottendorf ^<61723>;2351,75
2011;Kulm bei Weiz ^<61724>;479,625
2011;Labuch ^<61725>;789,375
2011;Laßnitzthal ^<61726>;1089
2011;Ludersdorf-Wilfersdorf <61727>;2035,125
2011;Markt Hartmannsdorf <61716>;2930,75
2011;Miesenbach bei Birkfeld <61728>;747,125
2011;Mitterdorf an der Raab <61729>;2069,75
2011;Mortantsch <61730>;2012,75
2011;Naas <61731>;1390
2011;Naintsch ^<61732>;625,5
2011;Neudorf bei Passail ^<61733>;495
2011;Nitscha ^<61734>;1441,875
2011;Oberrettenbach ^<61735>;467,25
2011;Passail ^<61736>;1982,125
2011;Passail <61763>;-
2011;Pischelsdorf am Kulm <61764>;-
2011;Pischelsdorf in der Steiermark ^<61737>;2495,375
2011;Pöllau bei Gleisdorf ^<61738>;-
2011;Preßguts ^<61739>;394,75
2011;Puch bei Weiz <61740>;2099,25
2011;Ratten <61741>;1167,625
2011;Reichendorf ^<61742>;611,25
2011;Rettenegg <61743>;766
2011;St. Kathrein am Hauenstein <61744>;682,625
2011;St. Margarethen an der Raab <61746>;3897,125
2011;Sankt Kathrein am Offenegg <61745>;1145,5
2011;Sankt Ruprecht an der Raab ^<61747>;2058,125
2011;Sankt Ruprecht an der Raab <61765>;-
2011;Sinabelkirchen <61748>;4026,875
2011;Stenzengreith ^<61749>;523,875
2011;Strallegg <61750>;1990,375
2011;Thannhausen <61751>;2351,375
2011;Ungerdorf ^<61752>;815,875
2011;Unterfladnitz ^<61753>;1504,375
2011;Waisenegg ^<61754>;1098,125
2011;Weiz ^<61755>;8880,375
2011;Weiz <61766>;-
2012;Graz <60101>;263590,375
2012;Eisenerz <61101>;4726,875
2012;Gai ^<61102>;1779,625
2012;Hafning bei Trofaiach ^<61103>;1594,125
2012;Hieflau ^<61104>;751,375
2012;Kalwang <61105>;1069,125
2012;Kammern im Liesingtal <61106>;1658,125
2012;Kraubath an der Mur <61107>;1283,875
2012;Leoben <61108>;24450,5
2012;Mautern in Steiermark <61109>;1814,25
2012;Niklasdorf <61110>;2543,75
2012;Proleb <61111>;1567,375
2012;Radmer <61112>;643,75
2012;Sankt Michael in Obersteiermark <61113>;3060
2012;Sankt Peter-Freienstein <61114>;2424,875
2012;Sankt Stefan ob Leoben <61115>;1975,625
2012;Traboch <61116>;1384,875
2012;Trofaiach ^<61117>;7891,125
2012;Trofaiach <61120>;-
2012;Vordernberg <61118>;1057,125
2012;Wald am Schoberpaß <61119>;631,5
2012;Admont ^<61201>;2505,875
2012;Admont <61253>;-
2012;Aich ^<61202>;927,75
2012;Aich <61254>;-
2012;Aigen im Ennstal <61203>;2570,75
2012;Altaussee <61204>;1776,125
2012;Altenmarkt bei Sankt Gallen <61205>;857,125
2012;Ardning <61206>;1187,875
2012;Bad Aussee <61207>;4890,375
2012;Bad Mitterndorf ^<61226>;3079,125
2012;Bad Mitterndorf <61255>;-
2012;Donnersbach ^<61208>;1088,625
2012;Donnersbachwald ^<61209>;319,5
2012;Gaishorn am See ^<61210>;1004,125
2012;Gaishorn am See <61256>;-
2012;Gams bei Hieflau ^<61211>;566,5
2012;Gössenberg ^<61212>;276,5
2012;Gröbming <61213>;2823,375
2012;Großsölk ^<61214>;484,125
2012;Grundlsee <61215>;1235,375
2012;Hall ^<61216>;1757,375
2012;Haus <61217>;2390,5
2012;Irdning ^<61218>;2749,625
2012;Irdning-Donnersbachtal <61257>;-
2012;Johnsbach ^<61219>;139,875
2012;Kleinsölk ^<61220>;582,625
2012;Landl ^<61221>;1284,5
2012;Landl <61258>;-
2012;Lassing <61222>;1658,5
2012;Liezen ^<61223>;6836,625
2012;Liezen <61259>;-
2012;Michaelerberg ^<61224>;546,5
2012;Michaelerberg-Pruggern <61260>;-
2012;Mitterberg ^<61225>;1156,5
2012;Mitterberg-Sankt Martin <61261>;-
2012;Niederöblarn ^<61227>;593,5
2012;Öblarn ^<61228>;1450,125
2012;Öblarn <61262>;-
2012;Oppenberg ^<61229>;243,25
2012;Palfau ^<61230>;402,75
2012;Palten ^<61231>;-
2012;Pichl-Kainisch ^<61233>;765,75
2012;Pichl-Preunegg ^<61232>;930,25
2012;Pruggern ^<61234>;617,625
2012;Pürgg-Trautenfels ^<61235>;914,375
2012;Ramsau am Dachstein <61236>;2780,5
2012;Rohrmoos-Untertal ^<61237>;1391,5
2012;Rottenmann ^<61238>;5086
2012;Rottenmann <61263>;-
2012;Sankt Gallen ^<61239>;1419,625
2012;Sankt Gallen <61264>;-
2012;Sankt Martin am Grimming ^<61240>;768,125
2012;Sankt Nikolai im Sölktal ^<61241>;490,875
2012;Schladming ^<61242>;4378,125
2012;Schladming <61265>;-
2012;Selzthal <61243>;1661,5
2012;Sölk <61266>;-
2012;Stainach ^<61244>;1957
2012;Stainach-Pürgg <61267>;-
2012;Tauplitz ^<61245>;1001,375
2012;Treglwang ^<61246>;364,75
2012;Trieben <61247>;3407,25
2012;Weißenbach an der Enns ^<61248>;498,625
2012;Weißenbach bei Liezen ^<61249>;1111,75
2012;Weng im Gesäuse ^<61250>;601,25
2012;Wildalpen <61251>;518,625
2012;Wörschach <61252>;1163,875
2012;Amering ^<62001>;1066,25
2012;Apfelberg ^<62002>;1142,625
2012;Bretstein ^<62003>;303,5
2012;Eppenstein ^<62004>;1243,25
2012;Feistritz bei Knittelfeld ^<62005>;774,75
2012;Flatschach ^<62006>;201,625
2012;Fohnsdorf <62007>;7883,125
2012;Gaal <62008>;1440
2012;Großlobming ^<62009>;1195,375
2012;Hohentauern <62010>;451,375
2012;Judenburg ^<62011>;9294,625
2012;Judenburg <62040>;-
2012;Kleinlobming ^<62012>;653
2012;Knittelfeld ^<62013>;11546,875
2012;Knittelfeld <62041>;-
2012;Kobenz <62014>;1843,5
2012;Lobmingtal <62039>;-
2012;Maria Buch-Feistritz ^<62015>;2269
2012;Obdach ^<62016>;2082,25
2012;Obdach <62042>;-
2012;Oberkurzheim ^<62017>;701,125
2012;Oberweg ^<62018>;579,5
2012;Oberzeiring ^<62019>;849,25
2012;Pöls ^<62020>;2414,125
2012;Pöls-Oberkurzheim <62043>;-
2012;Pölstal <62044>;-
2012;Pusterwald <62021>;486,75
2012;Rachau ^<62022>;599,25
2012;Reifling ^<62023>;385,375
2012;Reisstraße ^<62024>;171
2012;Sankt Anna am Lavantegg ^<62025>;403,25
2012;Sankt Georgen ob Judenburg <62026>;879
2012;Sankt Johann am Tauern ^<62027>;483,125
2012;Sankt Lorenzen bei Knittelfeld ^<62028>;801,75
2012;Sankt Marein bei Knittelfeld ^<62029>;1221,75
2012;Sankt Marein-Feistritz <62045>;-
2012;Sankt Margarethen bei Knittelfeld ^<62030>;1320,375
2012;Sankt Margarethen bei Knittelfeld <62046>;-
2012;Sankt Oswald-Möderbrugg ^<62031>;1162,625
2012;Sankt Peter ob Judenburg <62032>;1092
2012;Sankt Wolfgang-Kienberg ^<62033>;368,875
2012;Seckau <62034>;1274,875
2012;Spielberg  ^<62035>;5114,375
2012;Spielberg <62047>;-
2012;Unzmarkt-Frauenburg <62036>;1368,75
2012;Weißkirchen in Steiermark ^<62037>;1298
2012;Weißkirchen in Steiermark <62048>;-
2012;Zeltweg <62038>;7169,875
2012;Allerheiligen im Mürztal ^<61301>;1945,125
2012;Altenberg an der Rax ^<61302>;333
2012;Ganz ^<61303>;344,625
2012;Kapellen ^<61304>;601,25
2012;Kindberg ^<61305>;5435,5
2012;Krieglach ^<61306>;5158,75
2012;Langenwang ^<61307>;3989,375
2012;Mitterdorf im Mürztal ^<61308>;2399,875
2012;Mürzhofen ^<61309>;940,875
2012;Mürzsteg ^<61310>;610,75
2012;Mürzzuschlag ^<61311>;8591,375
2012;Neuberg an der Mürz ^<61312>;1297,125
2012;Spital am Semmering ^<61313>;1594,125
2012;Stanz im Mürztal ^<61314>;1907
2012;Veitsch ^<61315>;2465,625
2012;Wartberg im Mürztal ^<61316>;2079,625
2012;Dürnstein in der Steiermark ^<61401>;279,5
2012;Falkendorf ^<61402>;-
2012;Frojach-Katsch ^<61403>;1169,125
2012;Krakau <61437>;-
2012;Krakaudorf ^<61404>;644,375
2012;Krakauhintermühlen ^<61405>;546,25
2012;Krakauschatten ^<61406>;315,625
2012;Kulm am Zirbitz ^<61407>;325
2012;Laßnitz bei Murau ^<61408>;1041
2012;Mariahof ^<61409>;1337,375
2012;Mühlen <61410>;926,75
2012;Murau ^<61411>;2117,375
2012;Murau <61438>;-
2012;Neumarkt in der Steiermark <61439>;-
2012;Neumarkt in Steiermark ^<61412>;1771
2012;Niederwölz <61413>;598,5
2012;Oberwölz  <61440>;-
2012;Oberwölz Stadt ^<61414>;991,625
2012;Oberwölz Umgebung ^<61415>;786,625
2012;Perchau am Sattel ^<61416>;299,5
2012;Predlitz-Turrach ^<61417>;846,875
2012;Ranten ^<61418>;1043,5
2012;Ranten <61441>;-
2012;Rinegg ^<61419>;159,5
2012;Sankt Blasen ^<61420>;563,875
2012;Sankt Georgen am Kreischberg <61442>;-
2012;Sankt Georgen ob Murau ^<61421>;1378,625
2012;Sankt Lambrecht ^<61422>;1436,75
2012;Sankt Lambrecht <61443>;-
2012;Sankt Lorenzen bei Scheifling ^<61423>;622,125
2012;Sankt Marein bei Neumarkt ^<61424>;946,5
2012;Sankt Ruprecht ob Murau ^<61426>;-
2012;Sankt Ruprecht-Falkendorf ^<61436>;472,125
2012;St. Peter am Kammersberg <61425>;2098,875
2012;Scheifling ^<61427>;1525,25
2012;Scheifling <61444>;-
2012;Schöder <61428>;1008,125
2012;Schönberg-Lachtal ^<61429>;444,25
2012;Stadl an der Mur ^<61430>;992,75
2012;Stadl-Predlitz <61445>;-
2012;Stolzalpe ^<61431>;443,25
2012;Teufenbach ^<61432>;702,25
2012;Teufenbach-Katsch <61446>;-
2012;Triebendorf ^<61433>;140,125
2012;Winklern bei Oberwölz ^<61434>;876,875
2012;Zeutschach ^<61435>;222,125
2012;Bad Radkersburg ^<61513>;1317,125
2012;Bierbaum am Auersbach ^<61501>;473,375
2012;Deutsch Goritz ^<61502>;1240,625
2012;Dietersdorf am Gnasbach ^<61503>;371,625
2012;Eichfeld ^<61504>;887,25
2012;Gosdorf ^<61505>;1143,5
2012;Halbenrain ^<61506>;1776,25
2012;Hof bei Straden ^<61508>;863,125
2012;Klöch ^<61509>;1227,5
2012;Mettersdorf am Saßbach ^<61510>;1305,25
2012;Mureck ^<61511>;1585,5
2012;Murfeld ^<61512>;1669,625
2012;Radkersburg Umgebung ^<61514>;1767,5
2012;Ratschendorf ^<61515>;623,375
2012;Sankt Peter am Ottersbach ^<61516>;2239,25
2012;Straden ^<61517>;1543,125
2012;Tieschen ^<61518>;1317,5
2012;Trössing ^<61519>;276,75
2012;Weinburg am Saßbach ^<61520>;1040,75
2012;Auersbach ^<62301>;-
2012;Aug-Radisch ^<62302>;-
2012;Bad Gleichenberg ^<62303>;-
2012;Bad Gleichenberg <62375>;-
2012;Bad Radkersburg ^<62304>;-
2012;Bad Radkersburg <62376>;-
2012;Bairisch Kölldorf ^<62305>;-
2012;Baumgarten bei Gnas ^<62306>;-
2012;Bierbaum am Auersbach ^<62307>;-
2012;Breitenfeld an der Rittschein ^<62308>;-
2012;Deutsch Goritz ^<62309>;-
2012;Deutsch Goritz <62377>;-
2012;Dietersdorf am Gnasbach ^<62310>;-
2012;Edelsbach bei Feldbach <62311>;-
2012;Edelstauden ^<62312>;-
2012;Eichfeld ^<62313>;-
2012;Eichkögl <62314>;-
2012;Fehring ^<62315>;-
2012;Fehring <62378>;-
2012;Feldbach ^<62316>;-
2012;Feldbach <62379>;-
2012;Fladnitz im Raabtal ^<62317>;-
2012;Frannach ^<62318>;-
2012;Frutten-Gießelsdorf ^<62319>;-
2012;Glojach ^<62320>;-
2012;Gnas ^<62321>;-
2012;Gnas <62380>;-
2012;Gniebing-Weißenbach ^<62322>;-
2012;Gosdorf ^<62323>;-
2012;Gossendorf ^<62324>;-
2012;Grabersdorf ^<62325>;-
2012;Halbenrain <62326>;-
2012;Hatzendorf ^<62327>;-
2012;Hof bei Straden ^<62328>;-
2012;Hohenbrugg-Weinberg ^<62329>;-
2012;Jagerberg <62330>;-
2012;Johnsdorf-Brunn ^<62331>;-
2012;Kapfenstein <62332>;-
2012;Kirchbach in Steiermark ^<62333>;-
2012;Kirchbach-Zerlach <62381>;-
2012;Kirchberg an der Raab ^<62334>;-
2012;Kirchberg an der Raab <62382>;-
2012;Klöch <62335>;-
2012;Kohlberg ^<62336>;-
2012;Kornberg bei Riegersburg ^<62337>;-
2012;Krusdorf ^<62338>;-
2012;Leitersdorf im Raabtal ^<62339>;-
2012;Lödersdorf ^<62340>;-
2012;Maierdorf ^<62341>;-
2012;Merkendorf ^<62342>;-
2012;Mettersdorf am Saßbach <62343>;-
2012;Mitterlabill ^<62344>;-
2012;Mühldorf bei Feldbach ^<62345>;-
2012;Mureck ^<62346>;-
2012;Mureck <62383>;-
2012;Murfeld <62347>;-
2012;Oberdorf am Hochegg ^<62348>;-
2012;Oberstorcha ^<62349>;-
2012;Paldau ^<62350>;-
2012;Paldau <62384>;-
2012;Perlsdorf ^<62351>;-
2012;Pertlstein ^<62352>;-
2012;Petersdorf II ^<62353>;-
2012;Pirching am Traubenberg ^<62354>;-
2012;Pirching am Traubenberg <62385>;-
2012;Poppendorf ^<62355>;-
2012;Raabau ^<62356>;-
2012;Radkersburg Umgebung ^<62357>;-
2012;Raning ^<62358>;-
2012;Ratschendorf ^<62359>;-
2012;Riegersburg ^<62360>;-
2012;Riegersburg <62386>;-
2012;Sankt Anna am Aigen ^<62361>;-
2012;Sankt Anna am Aigen <62387>;-
2012;Sankt Peter am Ottersbach ^<62362>;-
2012;Sankt Peter am Ottersbach <62388>;-
2012;Sankt Stefan im Rosental ^<62363>;-
2012;Sankt Stefan im Rosental <62389>;-
2012;Schwarzau im Schwarzautal ^<62364>;-
2012;Stainz bei Straden ^<62365>;-
2012;Straden ^<62366>;-
2012;Straden <62390>;-
2012;Studenzen ^<62367>;-
2012;Tieschen <62368>;-
2012;Trautmannsdorf in Oststeiermark ^<62369>;-
2012;Trössing ^<62370>;-
2012;Unterauersbach ^<62371>;-
2012;Unterlamm <62372>;-
2012;Weinburg am Saßbach ^<62373>;-
2012;Zerlach ^<62374>;-
2012;Bärnbach ^<61601>;5253,125
2012;Bärnbach <61626>;-
2012;Edelschrott ^<61602>;1612
2012;Edelschrott <61627>;-
2012;Gallmannsegg ^<61603>;312,75
2012;Geistthal ^<61604>;823
2012;Geistthal-Södingberg <61628>;-
2012;Gößnitz ^<61605>;447,375
2012;Graden ^<61606>;484,625
2012;Hirschegg ^<61607>;675,875
2012;Hirschegg-Pack <61629>;-
2012;Kainach bei Voitsberg ^<61608>;673
2012;Kainach bei Voitsberg <61630>;-
2012;Köflach ^<61609>;9707,875
2012;Köflach <61631>;-
2012;Kohlschwarz ^<61610>;704,875
2012;Krottendorf-Gaisfeld <61611>;2448,75
2012;Ligist <61612>;3223,75
2012;Maria Lankowitz ^<61613>;2171,375
2012;Maria Lankowitz <61632>;-
2012;Modriach ^<61614>;207,75
2012;Mooskirchen <61615>;2068
2012;Pack ^<61616>;417,5
2012;Piberegg ^<61617>;357,5
2012;Rosental an der Kainach <61618>;1689,375
2012;Salla ^<61619>;285,875
2012;Sankt Johann-Köppling ^<61620>;1787,875
2012;Sankt Martin am Wöllmißberg <61621>;821,875
2012;Söding ^<61622>;2176,75
2012;Södingberg ^<61623>;828,125
2012;Söding-Sankt Johann <61633>;-
2012;Stallhofen <61624>;3147,75
2012;Voitsberg <61625>;9560
2012;Albersdorf-Prebuch <61701>;1990
2012;Anger ^<61702>;840,5
2012;Anger <61756>;-
2012;Arzberg ^<61703>;543,125
2012;Baierdorf bei Anger ^<61704>;1645
2012;Birkfeld ^<61705>;1606,125
2012;Birkfeld <61757>;-
2012;Etzersdorf-Rollsdorf ^<61706>;1127,25
2012;Feistritz bei Anger ^<61707>;1073,25
2012;Fischbach <61708>;1547,25
2012;Fladnitz an der Teichalm ^<61709>;1174,375
2012;Fladnitz an der Teichalm <61758>;-
2012;Floing <61710>;1197,375
2012;Gasen <61711>;934,5
2012;Gersdorf an der Feistritz ^<61712>;1209
2012;Gersdorf an der Feistritz <61759>;-
2012;Gleisdorf ^<61713>;5806,125
2012;Gleisdorf <61760>;-
2012;Gschaid bei Birkfeld ^<61714>;915,25
2012;Gutenberg an der Raabklamm ^<61715>;1244,5
2012;Gutenberg <61761>;-
2012;Haslau bei Birkfeld ^<61717>;439,75
2012;Hirnsdorf ^<61718>;698,375
2012;Hofstätten an der Raab <61719>;2052,875
2012;Hohenau an der Raab ^<61720>;1310,625
2012;Ilztal ^<61721>;1726,875
2012;Ilztal <61762>;-
2012;Koglhof ^<61722>;1110,625
2012;Krottendorf ^<61723>;2363
2012;Kulm bei Weiz ^<61724>;489,125
2012;Labuch ^<61725>;792,375
2012;Laßnitzthal ^<61726>;1089,625
2012;Ludersdorf-Wilfersdorf <61727>;2055,75
2012;Markt Hartmannsdorf <61716>;2944,75
2012;Miesenbach bei Birkfeld <61728>;744,375
2012;Mitterdorf an der Raab <61729>;2074,75
2012;Mortantsch <61730>;2023,875
2012;Naas <61731>;1399,375
2012;Naintsch ^<61732>;613,5
2012;Neudorf bei Passail ^<61733>;495,5
2012;Nitscha ^<61734>;1448,5
2012;Oberrettenbach ^<61735>;475,25
2012;Passail ^<61736>;1984
2012;Passail <61763>;-
2012;Pischelsdorf am Kulm <61764>;-
2012;Pischelsdorf in der Steiermark ^<61737>;2517,75
2012;Pöllau bei Gleisdorf ^<61738>;-
2012;Preßguts ^<61739>;402,875
2012;Puch bei Weiz <61740>;2089
2012;Ratten <61741>;1183
2012;Reichendorf ^<61742>;617,125
2012;Rettenegg <61743>;760,25
2012;St. Kathrein am Hauenstein <61744>;676,25
2012;St. Margarethen an der Raab <61746>;3918
2012;Sankt Kathrein am Offenegg <61745>;1137,75
2012;Sankt Ruprecht an der Raab ^<61747>;2112,375
2012;Sankt Ruprecht an der Raab <61765>;-
2012;Sinabelkirchen <61748>;4056,25
2012;Stenzengreith ^<61749>;518,625
2012;Strallegg <61750>;1992,5
2012;Thannhausen <61751>;2352,875
2012;Ungerdorf ^<61752>;863,625
2012;Unterfladnitz ^<61753>;1505,25
2012;Waisenegg ^<61754>;1090,625
2012;Weiz ^<61755>;8924,375
2012;Weiz <61766>;-
2013;Graz <60101>;267435,375
2013;Eisenerz <61101>;4584,125
2013;Gai ^<61102>;-
2013;Hafning bei Trofaiach ^<61103>;-
2013;Hieflau ^<61104>;735
2013;Kalwang <61105>;1058,375
2013;Kammern im Liesingtal <61106>;1650
2013;Kraubath an der Mur <61107>;1284,75
2013;Leoben <61108>;24352,375
2013;Mautern in Steiermark <61109>;1806,75
2013;Niklasdorf <61110>;2568,5
2013;Proleb <61111>;1546,75
2013;Radmer <61112>;627,375
2013;Sankt Michael in Obersteiermark <61113>;3043
2013;Sankt Peter-Freienstein <61114>;2423,875
2013;Sankt Stefan ob Leoben <61115>;1950,75
2013;Traboch <61116>;1363
2013;Trofaiach ^<61117>;-
2013;Trofaiach <61120>;11237
2013;Vordernberg <61118>;1031,875
2013;Wald am Schoberpaß <61119>;610
2013;Admont ^<61201>;2502,25
2013;Admont <61253>;-
2013;Aich ^<61202>;929
2013;Aich <61254>;-
2013;Aigen im Ennstal <61203>;2557,625
2013;Altaussee <61204>;1821,125
2013;Altenmarkt bei Sankt Gallen <61205>;848,625
2013;Ardning <61206>;1210,625
2013;Bad Aussee <61207>;4814,75
2013;Bad Mitterndorf ^<61226>;3090,5
2013;Bad Mitterndorf <61255>;-
2013;Donnersbach ^<61208>;1086,875
2013;Donnersbachwald ^<61209>;315,375
2013;Gaishorn am See ^<61210>;998,375
2013;Gaishorn am See <61256>;-
2013;Gams bei Hieflau ^<61211>;560,5
2013;Gössenberg ^<61212>;285,5
2013;Gröbming <61213>;2783,25
2013;Großsölk ^<61214>;483,875
2013;Grundlsee <61215>;1224,625
2013;Hall ^<61216>;1751,625
2013;Haus <61217>;2423,75
2013;Irdning ^<61218>;2757,75
2013;Irdning-Donnersbachtal <61257>;-
2013;Johnsbach ^<61219>;146,125
2013;Kleinsölk ^<61220>;588,375
2013;Landl ^<61221>;1268,125
2013;Landl <61258>;-
2013;Lassing <61222>;1663,875
2013;Liezen ^<61223>;6836,25
2013;Liezen <61259>;-
2013;Michaelerberg ^<61224>;551,75
2013;Michaelerberg-Pruggern <61260>;-
2013;Mitterberg ^<61225>;1152,625
2013;Mitterberg-Sankt Martin <61261>;-
2013;Niederöblarn ^<61227>;602,875
2013;Öblarn ^<61228>;1450,375
2013;Öblarn <61262>;-
2013;Oppenberg ^<61229>;242,625
2013;Palfau ^<61230>;393,75
2013;Palten ^<61231>;-
2013;Pichl-Kainisch ^<61233>;753
2013;Pichl-Preunegg ^<61232>;912,875
2013;Pruggern ^<61234>;620,875
2013;Pürgg-Trautenfels ^<61235>;905,25
2013;Ramsau am Dachstein <61236>;2779,875
2013;Rohrmoos-Untertal ^<61237>;1391,125
2013;Rottenmann ^<61238>;5068,75
2013;Rottenmann <61263>;-
2013;Sankt Gallen ^<61239>;1412
2013;Sankt Gallen <61264>;-
2013;Sankt Martin am Grimming ^<61240>;766,75
2013;Sankt Nikolai im Sölktal ^<61241>;483,625
2013;Schladming ^<61242>;4380,125
2013;Schladming <61265>;-
2013;Selzthal <61243>;1658,625
2013;Sölk <61266>;-
2013;Stainach ^<61244>;1942,375
2013;Stainach-Pürgg <61267>;-
2013;Tauplitz ^<61245>;998
2013;Treglwang ^<61246>;364,625
2013;Trieben <61247>;3372,875
2013;Weißenbach an der Enns ^<61248>;489,625
2013;Weißenbach bei Liezen ^<61249>;1120,125
2013;Weng im Gesäuse ^<61250>;588,125
2013;Wildalpen <61251>;507,125
2013;Wörschach <61252>;1170,375
2013;Amering ^<62001>;1073,125
2013;Apfelberg ^<62002>;1142,375
2013;Bretstein ^<62003>;299,625
2013;Eppenstein ^<62004>;1232,875
2013;Feistritz bei Knittelfeld ^<62005>;782,625
2013;Flatschach ^<62006>;193,25
2013;Fohnsdorf <62007>;7851,375
2013;Gaal <62008>;1453,25
2013;Großlobming ^<62009>;1203,125
2013;Hohentauern <62010>;438,375
2013;Judenburg ^<62011>;9225,75
2013;Judenburg <62040>;-
2013;Kleinlobming ^<62012>;646,25
2013;Knittelfeld ^<62013>;11403,375
2013;Knittelfeld <62041>;-
2013;Kobenz <62014>;1828,625
2013;Lobmingtal <62039>;-
2013;Maria Buch-Feistritz ^<62015>;2254,625
2013;Obdach ^<62016>;2045,25
2013;Obdach <62042>;-
2013;Oberkurzheim ^<62017>;695,875
2013;Oberweg ^<62018>;582
2013;Oberzeiring ^<62019>;843,5
2013;Pöls ^<62020>;2375,625
2013;Pöls-Oberkurzheim <62043>;-
2013;Pölstal <62044>;-
2013;Pusterwald <62021>;487,125
2013;Rachau ^<62022>;602,875
2013;Reifling ^<62023>;380,5
2013;Reisstraße ^<62024>;166,375
2013;Sankt Anna am Lavantegg ^<62025>;390,75
2013;Sankt Georgen ob Judenburg <62026>;862,75
2013;Sankt Johann am Tauern ^<62027>;478,875
2013;Sankt Lorenzen bei Knittelfeld ^<62028>;798,875
2013;Sankt Marein bei Knittelfeld ^<62029>;1227
2013;Sankt Marein-Feistritz <62045>;-
2013;Sankt Margarethen bei Knittelfeld ^<62030>;1306,375
2013;Sankt Margarethen bei Knittelfeld <62046>;-
2013;Sankt Oswald-Möderbrugg ^<62031>;1154,125
2013;Sankt Peter ob Judenburg <62032>;1076,625
2013;Sankt Wolfgang-Kienberg ^<62033>;368,5
2013;Seckau <62034>;1285
2013;Spielberg  ^<62035>;5125
2013;Spielberg <62047>;-
2013;Unzmarkt-Frauenburg <62036>;1388,5
2013;Weißkirchen in Steiermark ^<62037>;1290,75
2013;Weißkirchen in Steiermark <62048>;-
2013;Zeltweg <62038>;7232,625
2013;Allerheiligen im Mürztal ^<61301>;-
2013;Altenberg an der Rax ^<61302>;-
2013;Ganz ^<61303>;-
2013;Kapellen ^<61304>;-
2013;Kindberg ^<61305>;-
2013;Krieglach ^<61306>;-
2013;Langenwang ^<61307>;-
2013;Mitterdorf im Mürztal ^<61308>;-
2013;Mürzhofen ^<61309>;-
2013;Mürzsteg ^<61310>;-
2013;Mürzzuschlag ^<61311>;-
2013;Neuberg an der Mürz ^<61312>;-
2013;Spital am Semmering ^<61313>;-
2013;Stanz im Mürztal ^<61314>;-
2013;Veitsch ^<61315>;-
2013;Wartberg im Mürztal ^<61316>;-
2013;Dürnstein in der Steiermark ^<61401>;279,375
2013;Falkendorf ^<61402>;-
2013;Frojach-Katsch ^<61403>;1144,875
2013;Krakau <61437>;-
2013;Krakaudorf ^<61404>;650,375
2013;Krakauhintermühlen ^<61405>;535,5
2013;Krakauschatten ^<61406>;314,75
2013;Kulm am Zirbitz ^<61407>;311,625
2013;Laßnitz bei Murau ^<61408>;1039,375
2013;Mariahof ^<61409>;1345,375
2013;Mühlen <61410>;912,5
2013;Murau ^<61411>;2122,625
2013;Murau <61438>;-
2013;Neumarkt in der Steiermark <61439>;-
2013;Neumarkt in Steiermark ^<61412>;1736,25
2013;Niederwölz <61413>;608,125
2013;Oberwölz  <61440>;-
2013;Oberwölz Stadt ^<61414>;998,75
2013;Oberwölz Umgebung ^<61415>;780,375
2013;Perchau am Sattel ^<61416>;300,5
2013;Predlitz-Turrach ^<61417>;828,75
2013;Ranten ^<61418>;1043,25
2013;Ranten <61441>;-
2013;Rinegg ^<61419>;152,625
2013;Sankt Blasen ^<61420>;559,5
2013;Sankt Georgen am Kreischberg <61442>;-
2013;Sankt Georgen ob Murau ^<61421>;1375
2013;Sankt Lambrecht ^<61422>;1402,375
2013;Sankt Lambrecht <61443>;-
2013;Sankt Lorenzen bei Scheifling ^<61423>;627,625
2013;Sankt Marein bei Neumarkt ^<61424>;935
2013;Sankt Ruprecht ob Murau ^<61426>;-
2013;Sankt Ruprecht-Falkendorf ^<61436>;467,25
2013;St. Peter am Kammersberg <61425>;2084,875
2013;Scheifling ^<61427>;1540,125
2013;Scheifling <61444>;-
2013;Schöder <61428>;992,75
2013;Schönberg-Lachtal ^<61429>;434,375
2013;Stadl an der Mur ^<61430>;975,5
2013;Stadl-Predlitz <61445>;-
2013;Stolzalpe ^<61431>;444,75
2013;Teufenbach ^<61432>;699,625
2013;Teufenbach-Katsch <61446>;-
2013;Triebendorf ^<61433>;140,875
2013;Winklern bei Oberwölz ^<61434>;859,75
2013;Zeutschach ^<61435>;215,25
2013;Bad Radkersburg ^<61513>;-
2013;Bierbaum am Auersbach ^<61501>;-
2013;Deutsch Goritz ^<61502>;-
2013;Dietersdorf am Gnasbach ^<61503>;-
2013;Eichfeld ^<61504>;-
2013;Gosdorf ^<61505>;-
2013;Halbenrain ^<61506>;-
2013;Hof bei Straden ^<61508>;-
2013;Klöch ^<61509>;-
2013;Mettersdorf am Saßbach ^<61510>;-
2013;Mureck ^<61511>;-
2013;Murfeld ^<61512>;-
2013;Radkersburg Umgebung ^<61514>;-
2013;Ratschendorf ^<61515>;-
2013;Sankt Peter am Ottersbach ^<61516>;-
2013;Straden ^<61517>;-
2013;Tieschen ^<61518>;-
2013;Trössing ^<61519>;-
2013;Weinburg am Saßbach ^<61520>;-
2013;Auersbach ^<62301>;868,75
2013;Aug-Radisch ^<62302>;286,625
2013;Bad Gleichenberg ^<62303>;2200,875
2013;Bad Gleichenberg <62375>;-
2013;Bad Radkersburg ^<62304>;1315,625
2013;Bad Radkersburg <62376>;-
2013;Bairisch Kölldorf ^<62305>;1037,625
2013;Baumgarten bei Gnas ^<62306>;550,875
2013;Bierbaum am Auersbach ^<62307>;468,25
2013;Breitenfeld an der Rittschein ^<62308>;791,125
2013;Deutsch Goritz ^<62309>;1237,875
2013;Deutsch Goritz <62377>;-
2013;Dietersdorf am Gnasbach ^<62310>;372,5
2013;Edelsbach bei Feldbach <62311>;1349,625
2013;Edelstauden ^<62312>;451,375
2013;Eichfeld ^<62313>;884,125
2013;Eichkögl <62314>;1245,75
2013;Fehring ^<62315>;3017,625
2013;Fehring <62378>;-
2013;Feldbach ^<62316>;4666,125
2013;Feldbach <62379>;-
2013;Fladnitz im Raabtal ^<62317>;752,75
2013;Frannach ^<62318>;558,5
2013;Frutten-Gießelsdorf ^<62319>;622,625
2013;Glojach ^<62320>;244,5
2013;Gnas ^<62321>;1924,625
2013;Gnas <62380>;-
2013;Gniebing-Weißenbach ^<62322>;2190,375
2013;Gosdorf ^<62323>;1150,5
2013;Gossendorf ^<62324>;887,375
2013;Grabersdorf ^<62325>;339,625
2013;Halbenrain <62326>;1764,125
2013;Hatzendorf ^<62327>;1755,25
2013;Hof bei Straden ^<62328>;842,125
2013;Hohenbrugg-Weinberg ^<62329>;972,125
2013;Jagerberg <62330>;1674,375
2013;Johnsdorf-Brunn ^<62331>;800,25
2013;Kapfenstein <62332>;1607,875
2013;Kirchbach in Steiermark ^<62333>;1539,625
2013;Kirchbach-Zerlach <62381>;-
2013;Kirchberg an der Raab ^<62334>;2033
2013;Kirchberg an der Raab <62382>;-
2013;Klöch <62335>;1223,375
2013;Kohlberg ^<62336>;506,25
2013;Kornberg bei Riegersburg ^<62337>;1127,625
2013;Krusdorf ^<62338>;393,125
2013;Leitersdorf im Raabtal ^<62339>;667,625
2013;Lödersdorf ^<62340>;709,625
2013;Maierdorf ^<62341>;524,625
2013;Merkendorf ^<62342>;1146,375
2013;Mettersdorf am Saßbach <62343>;1291
2013;Mitterlabill ^<62344>;394,375
2013;Mühldorf bei Feldbach ^<62345>;3126,5
2013;Mureck ^<62346>;1551,875
2013;Mureck <62383>;-
2013;Murfeld <62347>;1681,125
2013;Oberdorf am Hochegg ^<62348>;738,125
2013;Oberstorcha ^<62349>;618
2013;Paldau ^<62350>;2096,5
2013;Paldau <62384>;-
2013;Perlsdorf ^<62351>;346
2013;Pertlstein ^<62352>;807,875
2013;Petersdorf II ^<62353>;876,5
2013;Pirching am Traubenberg ^<62354>;1591,875
2013;Pirching am Traubenberg <62385>;-
2013;Poppendorf ^<62355>;687,75
2013;Raabau ^<62356>;577
2013;Radkersburg Umgebung ^<62357>;1743,25
2013;Raning ^<62358>;798
2013;Ratschendorf ^<62359>;621,375
2013;Riegersburg ^<62360>;2313,5
2013;Riegersburg <62386>;-
2013;Sankt Anna am Aigen ^<62361>;1744,125
2013;Sankt Anna am Aigen <62387>;-
2013;Sankt Peter am Ottersbach ^<62362>;2216,125
2013;Sankt Peter am Ottersbach <62388>;-
2013;Sankt Stefan im Rosental ^<62363>;3782,875
2013;Sankt Stefan im Rosental <62389>;-
2013;Schwarzau im Schwarzautal ^<62364>;625
2013;Stainz bei Straden ^<62365>;948
2013;Straden ^<62366>;1532,25
2013;Straden <62390>;-
2013;Studenzen ^<62367>;697,625
2013;Tieschen <62368>;1310,625
2013;Trautmannsdorf in Oststeiermark ^<62369>;874,25
2013;Trössing ^<62370>;271
2013;Unterauersbach ^<62371>;439,125
2013;Unterlamm <62372>;1229,25
2013;Weinburg am Saßbach ^<62373>;1025,25
2013;Zerlach ^<62374>;1688,5
2013;Bärnbach ^<61601>;5253,125
2013;Bärnbach <61626>;-
2013;Edelschrott ^<61602>;1590,25
2013;Edelschrott <61627>;-
2013;Gallmannsegg ^<61603>;308,375
2013;Geistthal ^<61604>;810,75
2013;Geistthal-Södingberg <61628>;-
2013;Gößnitz ^<61605>;443,875
2013;Graden ^<61606>;482,5
2013;Hirschegg ^<61607>;661,375
2013;Hirschegg-Pack <61629>;-
2013;Kainach bei Voitsberg ^<61608>;667,625
2013;Kainach bei Voitsberg <61630>;-
2013;Köflach ^<61609>;9594,25
2013;Köflach <61631>;-
2013;Kohlschwarz ^<61610>;707,625
2013;Krottendorf-Gaisfeld <61611>;2454,625
2013;Ligist <61612>;3193,875
2013;Maria Lankowitz ^<61613>;2189,25
2013;Maria Lankowitz <61632>;-
2013;Modriach ^<61614>;202,75
2013;Mooskirchen <61615>;2094,5
2013;Pack ^<61616>;417
2013;Piberegg ^<61617>;359,25
2013;Rosental an der Kainach <61618>;1689,625
2013;Salla ^<61619>;285,375
2013;Sankt Johann-Köppling ^<61620>;1786
2013;Sankt Martin am Wöllmißberg <61621>;811,75
2013;Söding ^<61622>;2176,375
2013;Södingberg ^<61623>;821
2013;Söding-Sankt Johann <61633>;-
2013;Stallhofen <61624>;3140,625
2013;Voitsberg <61625>;9545,625
2013;Albersdorf-Prebuch <61701>;1994,75
2013;Anger ^<61702>;835,75
2013;Anger <61756>;-
2013;Arzberg ^<61703>;547
2013;Baierdorf bei Anger ^<61704>;1634,875
2013;Birkfeld ^<61705>;1610,25
2013;Birkfeld <61757>;-
2013;Etzersdorf-Rollsdorf ^<61706>;1117,5
2013;Feistritz bei Anger ^<61707>;1069,75
2013;Fischbach <61708>;1526,75
2013;Fladnitz an der Teichalm ^<61709>;1178,5
2013;Fladnitz an der Teichalm <61758>;-
2013;Floing <61710>;1214,125
2013;Gasen <61711>;934,625
2013;Gersdorf an der Feistritz ^<61712>;1214,5
2013;Gersdorf an der Feistritz <61759>;-
2013;Gleisdorf ^<61713>;5855,75
2013;Gleisdorf <61760>;-
2013;Gschaid bei Birkfeld ^<61714>;924,5
2013;Gutenberg an der Raabklamm ^<61715>;1238,25
2013;Gutenberg <61761>;-
2013;Haslau bei Birkfeld ^<61717>;439,875
2013;Hirnsdorf ^<61718>;681,875
2013;Hofstätten an der Raab <61719>;2099
2013;Hohenau an der Raab ^<61720>;1317,375
2013;Ilztal ^<61721>;1746,625
2013;Ilztal <61762>;-
2013;Koglhof ^<61722>;1102,625
2013;Krottendorf ^<61723>;2379,125
2013;Kulm bei Weiz ^<61724>;488,25
2013;Labuch ^<61725>;798,375
2013;Laßnitzthal ^<61726>;1082,875
2013;Ludersdorf-Wilfersdorf <61727>;2114,75
2013;Markt Hartmannsdorf <61716>;2964,625
2013;Miesenbach bei Birkfeld <61728>;739,875
2013;Mitterdorf an der Raab <61729>;2076,25
2013;Mortantsch <61730>;2048,625
2013;Naas <61731>;1396,375
2013;Naintsch ^<61732>;604
2013;Neudorf bei Passail ^<61733>;489,125
2013;Nitscha ^<61734>;1447,375
2013;Oberrettenbach ^<61735>;475,375
2013;Passail ^<61736>;1949,875
2013;Passail <61763>;-
2013;Pischelsdorf am Kulm <61764>;-
2013;Pischelsdorf in der Steiermark ^<61737>;2544,75
2013;Pöllau bei Gleisdorf ^<61738>;-
2013;Preßguts ^<61739>;403,75
2013;Puch bei Weiz <61740>;2086,625
2013;Ratten <61741>;1173,25
2013;Reichendorf ^<61742>;626
2013;Rettenegg <61743>;752,125
2013;St. Kathrein am Hauenstein <61744>;673,375
2013;St. Margarethen an der Raab <61746>;3926,375
2013;Sankt Kathrein am Offenegg <61745>;1127,75
2013;Sankt Ruprecht an der Raab ^<61747>;2214,75
2013;Sankt Ruprecht an der Raab <61765>;-
2013;Sinabelkirchen <61748>;4077,875
2013;Stenzengreith ^<61749>;514,5
2013;Strallegg <61750>;1971,5
2013;Thannhausen <61751>;2346,125
2013;Ungerdorf ^<61752>;873,375
2013;Unterfladnitz ^<61753>;1546
2013;Waisenegg ^<61754>;1075,375
2013;Weiz ^<61755>;8944,625
2013;Weiz <61766>;-
2014;Graz <60101>;271745,75
2014;Eisenerz <61101>;4424
2014;Gai ^<61102>;-
2014;Hafning bei Trofaiach ^<61103>;-
2014;Hieflau ^<61104>;728
2014;Kalwang <61105>;1044,5
2014;Kammern im Liesingtal <61106>;1628,375
2014;Kraubath an der Mur <61107>;1265,125
2014;Leoben <61108>;24549,375
2014;Mautern in Steiermark <61109>;1794,875
2014;Niklasdorf <61110>;2554,75
2014;Proleb <61111>;1529,75
2014;Radmer <61112>;616,75
2014;Sankt Michael in Obersteiermark <61113>;2999,375
2014;Sankt Peter-Freienstein <61114>;2389,625
2014;Sankt Stefan ob Leoben <61115>;1928,75
2014;Traboch <61116>;1375,5
2014;Trofaiach ^<61117>;-
2014;Trofaiach <61120>;11205,75
2014;Vordernberg <61118>;997
2014;Wald am Schoberpaß <61119>;596,75
2014;Admont ^<61201>;2523,875
2014;Admont <61253>;-
2014;Aich ^<61202>;927,375
2014;Aich <61254>;-
2014;Aigen im Ennstal <61203>;2555
2014;Altaussee <61204>;1830,375
2014;Altenmarkt bei Sankt Gallen <61205>;851,75
2014;Ardning <61206>;1195
2014;Bad Aussee <61207>;4764
2014;Bad Mitterndorf ^<61226>;3131,375
2014;Bad Mitterndorf <61255>;-
2014;Donnersbach ^<61208>;1066,375
2014;Donnersbachwald ^<61209>;312,875
2014;Gaishorn am See ^<61210>;992,125
2014;Gaishorn am See <61256>;-
2014;Gams bei Hieflau ^<61211>;555,625
2014;Gössenberg ^<61212>;280,625
2014;Gröbming <61213>;2824,25
2014;Großsölk ^<61214>;487,125
2014;Grundlsee <61215>;1214,75
2014;Hall ^<61216>;1738,75
2014;Haus <61217>;2393,375
2014;Irdning ^<61218>;2767
2014;Irdning-Donnersbachtal <61257>;-
2014;Johnsbach ^<61219>;151
2014;Kleinsölk ^<61220>;578,25
2014;Landl ^<61221>;1241
2014;Landl <61258>;-
2014;Lassing <61222>;1672,875
2014;Liezen ^<61223>;6891,125
2014;Liezen <61259>;-
2014;Michaelerberg ^<61224>;545,875
2014;Michaelerberg-Pruggern <61260>;-
2014;Mitterberg ^<61225>;1165,25
2014;Mitterberg-Sankt Martin <61261>;-
2014;Niederöblarn ^<61227>;590,75
2014;Öblarn ^<61228>;1436,75
2014;Öblarn <61262>;-
2014;Oppenberg ^<61229>;243,5
2014;Palfau ^<61230>;392,25
2014;Palten ^<61231>;-
2014;Pichl-Kainisch ^<61233>;751,625
2014;Pichl-Preunegg ^<61232>;888,625
2014;Pruggern ^<61234>;618,5
2014;Pürgg-Trautenfels ^<61235>;902
2014;Ramsau am Dachstein <61236>;2772,375
2014;Rohrmoos-Untertal ^<61237>;1371,5
2014;Rottenmann ^<61238>;5032,5
2014;Rottenmann <61263>;-
2014;Sankt Gallen ^<61239>;1387,75
2014;Sankt Gallen <61264>;-
2014;Sankt Martin am Grimming ^<61240>;779,125
2014;Sankt Nikolai im Sölktal ^<61241>;478,5
2014;Schladming ^<61242>;4430,375
2014;Schladming <61265>;-
2014;Selzthal <61243>;1637,875
2014;Sölk <61266>;-
2014;Stainach ^<61244>;1963,25
2014;Stainach-Pürgg <61267>;-
2014;Tauplitz ^<61245>;1002,375
2014;Treglwang ^<61246>;357,25
2014;Trieben <61247>;3357,125
2014;Weißenbach an der Enns ^<61248>;474,25
2014;Weißenbach bei Liezen ^<61249>;1126,125
2014;Weng im Gesäuse ^<61250>;581,25
2014;Wildalpen <61251>;500,125
2014;Wörschach <61252>;1152,625
2014;Amering ^<62001>;1076,375
2014;Apfelberg ^<62002>;1156,75
2014;Bretstein ^<62003>;301
2014;Eppenstein ^<62004>;1215,5
2014;Feistritz bei Knittelfeld ^<62005>;798,5
2014;Flatschach ^<62006>;187,875
2014;Fohnsdorf <62007>;7787,125
2014;Gaal <62008>;1442,875
2014;Großlobming ^<62009>;1202,625
2014;Hohentauern <62010>;432,875
2014;Judenburg ^<62011>;9144,875
2014;Judenburg <62040>;-
2014;Kleinlobming ^<62012>;622,5
2014;Knittelfeld ^<62013>;11354
2014;Knittelfeld <62041>;-
2014;Kobenz <62014>;1834,375
2014;Lobmingtal <62039>;-
2014;Maria Buch-Feistritz ^<62015>;2253,625
2014;Obdach ^<62016>;2033,25
2014;Obdach <62042>;-
2014;Oberkurzheim ^<62017>;696
2014;Oberweg ^<62018>;566,75
2014;Oberzeiring ^<62019>;832,25
2014;Pöls ^<62020>;2371
2014;Pöls-Oberkurzheim <62043>;-
2014;Pölstal <62044>;-
2014;Pusterwald <62021>;481,875
2014;Rachau ^<62022>;605,375
2014;Reifling ^<62023>;373,25
2014;Reisstraße ^<62024>;166,125
2014;Sankt Anna am Lavantegg ^<62025>;386
2014;Sankt Georgen ob Judenburg <62026>;867,375
2014;Sankt Johann am Tauern ^<62027>;472,875
2014;Sankt Lorenzen bei Knittelfeld ^<62028>;804,75
2014;Sankt Marein bei Knittelfeld ^<62029>;1234
2014;Sankt Marein-Feistritz <62045>;-
2014;Sankt Margarethen bei Knittelfeld ^<62030>;1301,375
2014;Sankt Margarethen bei Knittelfeld <62046>;-
2014;Sankt Oswald-Möderbrugg ^<62031>;1150,125
2014;Sankt Peter ob Judenburg <62032>;1078,75
2014;Sankt Wolfgang-Kienberg ^<62033>;376,75
2014;Seckau <62034>;1290,5
2014;Spielberg  ^<62035>;5099,375
2014;Spielberg <62047>;-
2014;Unzmarkt-Frauenburg <62036>;1371,875
2014;Weißkirchen in Steiermark ^<62037>;1274,625
2014;Weißkirchen in Steiermark <62048>;-
2014;Zeltweg <62038>;7328,25
2014;Allerheiligen im Mürztal ^<61301>;-
2014;Altenberg an der Rax ^<61302>;-
2014;Ganz ^<61303>;-
2014;Kapellen ^<61304>;-
2014;Kindberg ^<61305>;-
2014;Krieglach ^<61306>;-
2014;Langenwang ^<61307>;-
2014;Mitterdorf im Mürztal ^<61308>;-
2014;Mürzhofen ^<61309>;-
2014;Mürzsteg ^<61310>;-
2014;Mürzzuschlag ^<61311>;-
2014;Neuberg an der Mürz ^<61312>;-
2014;Spital am Semmering ^<61313>;-
2014;Stanz im Mürztal ^<61314>;-
2014;Veitsch ^<61315>;-
2014;Wartberg im Mürztal ^<61316>;-
2014;Dürnstein in der Steiermark ^<61401>;280
2014;Falkendorf ^<61402>;-
2014;Frojach-Katsch ^<61403>;1160,25
2014;Krakau <61437>;-
2014;Krakaudorf ^<61404>;632
2014;Krakauhintermühlen ^<61405>;529,5
2014;Krakauschatten ^<61406>;312,75
2014;Kulm am Zirbitz ^<61407>;308,625
2014;Laßnitz bei Murau ^<61408>;1030,375
2014;Mariahof ^<61409>;1350
2014;Mühlen <61410>;898,625
2014;Murau ^<61411>;2101,125
2014;Murau <61438>;-
2014;Neumarkt in der Steiermark <61439>;-
2014;Neumarkt in Steiermark ^<61412>;1693,125
2014;Niederwölz <61413>;605,875
2014;Oberwölz  <61440>;-
2014;Oberwölz Stadt ^<61414>;986
2014;Oberwölz Umgebung ^<61415>;772,625
2014;Perchau am Sattel ^<61416>;305,375
2014;Predlitz-Turrach ^<61417>;780,625
2014;Ranten ^<61418>;1039,25
2014;Ranten <61441>;-
2014;Rinegg ^<61419>;154,375
2014;Sankt Blasen ^<61420>;550,875
2014;Sankt Georgen am Kreischberg <61442>;-
2014;Sankt Georgen ob Murau ^<61421>;1362,875
2014;Sankt Lambrecht ^<61422>;1381,25
2014;Sankt Lambrecht <61443>;-
2014;Sankt Lorenzen bei Scheifling ^<61423>;627,5
2014;Sankt Marein bei Neumarkt ^<61424>;923,625
2014;Sankt Ruprecht ob Murau ^<61426>;-
2014;Sankt Ruprecht-Falkendorf ^<61436>;457,25
2014;St. Peter am Kammersberg <61425>;2063,25
2014;Scheifling ^<61427>;1552,25
2014;Scheifling <61444>;-
2014;Schöder <61428>;979,875
2014;Schönberg-Lachtal ^<61429>;421,875
2014;Stadl an der Mur ^<61430>;963,625
2014;Stadl-Predlitz <61445>;-
2014;Stolzalpe ^<61431>;468,25
2014;Teufenbach ^<61432>;697,875
2014;Teufenbach-Katsch <61446>;-
2014;Triebendorf ^<61433>;134,75
2014;Winklern bei Oberwölz ^<61434>;849,5
2014;Zeutschach ^<61435>;209,125
2014;Bad Radkersburg ^<61513>;-
2014;Bierbaum am Auersbach ^<61501>;-
2014;Deutsch Goritz ^<61502>;-
2014;Dietersdorf am Gnasbach ^<61503>;-
2014;Eichfeld ^<61504>;-
2014;Gosdorf ^<61505>;-
2014;Halbenrain ^<61506>;-
2014;Hof bei Straden ^<61508>;-
2014;Klöch ^<61509>;-
2014;Mettersdorf am Saßbach ^<61510>;-
2014;Mureck ^<61511>;-
2014;Murfeld ^<61512>;-
2014;Radkersburg Umgebung ^<61514>;-
2014;Ratschendorf ^<61515>;-
2014;Sankt Peter am Ottersbach ^<61516>;-
2014;Straden ^<61517>;-
2014;Tieschen ^<61518>;-
2014;Trössing ^<61519>;-
2014;Weinburg am Saßbach ^<61520>;-
2014;Auersbach ^<62301>;872,875
2014;Aug-Radisch ^<62302>;275,875
2014;Bad Gleichenberg ^<62303>;2225
2014;Bad Gleichenberg <62375>;-
2014;Bad Radkersburg ^<62304>;1330,875
2014;Bad Radkersburg <62376>;-
2014;Bairisch Kölldorf ^<62305>;1048,375
2014;Baumgarten bei Gnas ^<62306>;538,5
2014;Bierbaum am Auersbach ^<62307>;454,125
2014;Breitenfeld an der Rittschein ^<62308>;794,5
2014;Deutsch Goritz ^<62309>;1230,375
2014;Deutsch Goritz <62377>;-
2014;Dietersdorf am Gnasbach ^<62310>;369,25
2014;Edelsbach bei Feldbach <62311>;1346,125
2014;Edelstauden ^<62312>;450,125
2014;Eichfeld ^<62313>;874,125
2014;Eichkögl <62314>;1254,625
2014;Fehring ^<62315>;2989,375
2014;Fehring <62378>;-
2014;Feldbach ^<62316>;4662,375
2014;Feldbach <62379>;-
2014;Fladnitz im Raabtal ^<62317>;761,125
2014;Frannach ^<62318>;554,25
2014;Frutten-Gießelsdorf ^<62319>;619,375
2014;Glojach ^<62320>;236,5
2014;Gnas ^<62321>;1898
2014;Gnas <62380>;-
2014;Gniebing-Weißenbach ^<62322>;2208,25
2014;Gosdorf ^<62323>;1159,625
2014;Gossendorf ^<62324>;886
2014;Grabersdorf ^<62325>;345,625
2014;Halbenrain <62326>;1746,375
2014;Hatzendorf ^<62327>;1750,875
2014;Hof bei Straden ^<62328>;845,375
2014;Hohenbrugg-Weinberg ^<62329>;965,75
2014;Jagerberg <62330>;1652
2014;Johnsdorf-Brunn ^<62331>;802,375
2014;Kapfenstein <62332>;1597,25
2014;Kirchbach in Steiermark ^<62333>;1548,875
2014;Kirchbach-Zerlach <62381>;-
2014;Kirchberg an der Raab ^<62334>;2074
2014;Kirchberg an der Raab <62382>;-
2014;Klöch <62335>;1211
2014;Kohlberg ^<62336>;502,875
2014;Kornberg bei Riegersburg ^<62337>;1145
2014;Krusdorf ^<62338>;388,75
2014;Leitersdorf im Raabtal ^<62339>;683
2014;Lödersdorf ^<62340>;714,125
2014;Maierdorf ^<62341>;515,75
2014;Merkendorf ^<62342>;1134,125
2014;Mettersdorf am Saßbach <62343>;1285
2014;Mitterlabill ^<62344>;388,5
2014;Mühldorf bei Feldbach ^<62345>;3143,75
2014;Mureck ^<62346>;1548,125
2014;Mureck <62383>;-
2014;Murfeld <62347>;1658,5
2014;Oberdorf am Hochegg ^<62348>;725,25
2014;Oberstorcha ^<62349>;611,5
2014;Paldau ^<62350>;2100,25
2014;Paldau <62384>;-
2014;Perlsdorf ^<62351>;331,125
2014;Pertlstein ^<62352>;812,25
2014;Petersdorf II ^<62353>;874,125
2014;Pirching am Traubenberg ^<62354>;1591,125
2014;Pirching am Traubenberg <62385>;-
2014;Poppendorf ^<62355>;701,375
2014;Raabau ^<62356>;591,375
2014;Radkersburg Umgebung ^<62357>;1736,875
2014;Raning ^<62358>;788,125
2014;Ratschendorf ^<62359>;607,5
2014;Riegersburg ^<62360>;2278,375
2014;Riegersburg <62386>;-
2014;Sankt Anna am Aigen ^<62361>;1743,5
2014;Sankt Anna am Aigen <62387>;-
2014;Sankt Peter am Ottersbach ^<62362>;2209
2014;Sankt Peter am Ottersbach <62388>;-
2014;Sankt Stefan im Rosental ^<62363>;3773
2014;Sankt Stefan im Rosental <62389>;-
2014;Schwarzau im Schwarzautal ^<62364>;617,375
2014;Stainz bei Straden ^<62365>;943,25
2014;Straden ^<62366>;1508,375
2014;Straden <62390>;-
2014;Studenzen ^<62367>;701,375
2014;Tieschen <62368>;1294,875
2014;Trautmannsdorf in Oststeiermark ^<62369>;870,25
2014;Trössing ^<62370>;268,25
2014;Unterauersbach ^<62371>;446,375
2014;Unterlamm <62372>;1228,25
2014;Weinburg am Saßbach ^<62373>;1033,625
2014;Zerlach ^<62374>;1674,875
2014;Bärnbach ^<61601>;5247,125
2014;Bärnbach <61626>;-
2014;Edelschrott ^<61602>;1578,625
2014;Edelschrott <61627>;-
2014;Gallmannsegg ^<61603>;308,25
2014;Geistthal ^<61604>;803,25
2014;Geistthal-Södingberg <61628>;-
2014;Gößnitz ^<61605>;436,25
2014;Graden ^<61606>;476,625
2014;Hirschegg ^<61607>;650,75
2014;Hirschegg-Pack <61629>;-
2014;Kainach bei Voitsberg ^<61608>;668,875
2014;Kainach bei Voitsberg <61630>;-
2014;Köflach ^<61609>;9570,25
2014;Köflach <61631>;-
2014;Kohlschwarz ^<61610>;700,875
2014;Krottendorf-Gaisfeld <61611>;2432,5
2014;Ligist <61612>;3221,125
2014;Maria Lankowitz ^<61613>;2205,75
2014;Maria Lankowitz <61632>;-
2014;Modriach ^<61614>;201,875
2014;Mooskirchen <61615>;2146,25
2014;Pack ^<61616>;406,5
2014;Piberegg ^<61617>;360,625
2014;Rosental an der Kainach <61618>;1667,875
2014;Salla ^<61619>;285,25
2014;Sankt Johann-Köppling ^<61620>;1801,875
2014;Sankt Martin am Wöllmißberg <61621>;810,875
2014;Söding ^<61622>;2201,375
2014;Södingberg ^<61623>;820,875
2014;Söding-Sankt Johann <61633>;-
2014;Stallhofen <61624>;3132
2014;Voitsberg <61625>;9481
2014;Albersdorf-Prebuch <61701>;1998,125
2014;Anger ^<61702>;823,25
2014;Anger <61756>;-
2014;Arzberg ^<61703>;546,375
2014;Baierdorf bei Anger ^<61704>;1627
2014;Birkfeld ^<61705>;1607,625
2014;Birkfeld <61757>;-
2014;Etzersdorf-Rollsdorf ^<61706>;1117
2014;Feistritz bei Anger ^<61707>;1075
2014;Fischbach <61708>;1518,875
2014;Fladnitz an der Teichalm ^<61709>;1162,875
2014;Fladnitz an der Teichalm <61758>;-
2014;Floing <61710>;1211,75
2014;Gasen <61711>;945,25
2014;Gersdorf an der Feistritz ^<61712>;1202,125
2014;Gersdorf an der Feistritz <61759>;-
2014;Gleisdorf ^<61713>;5983
2014;Gleisdorf <61760>;-
2014;Gschaid bei Birkfeld ^<61714>;924,5
2014;Gutenberg an der Raabklamm ^<61715>;1225,125
2014;Gutenberg <61761>;-
2014;Haslau bei Birkfeld ^<61717>;439,5
2014;Hirnsdorf ^<61718>;673,5
2014;Hofstätten an der Raab <61719>;2131,75
2014;Hohenau an der Raab ^<61720>;1313,875
2014;Ilztal ^<61721>;1748,25
2014;Ilztal <61762>;-
2014;Koglhof ^<61722>;1080
2014;Krottendorf ^<61723>;2386
2014;Kulm bei Weiz ^<61724>;483,25
2014;Labuch ^<61725>;813,625
2014;Laßnitzthal ^<61726>;1051,625
2014;Ludersdorf-Wilfersdorf <61727>;2198,125
2014;Markt Hartmannsdorf <61716>;2972,625
2014;Miesenbach bei Birkfeld <61728>;729,5
2014;Mitterdorf an der Raab <61729>;2081,375
2014;Mortantsch <61730>;2049,875
2014;Naas <61731>;1398,375
2014;Naintsch ^<61732>;599,125
2014;Neudorf bei Passail ^<61733>;484,25
2014;Nitscha ^<61734>;1454,625
2014;Oberrettenbach ^<61735>;477,375
2014;Passail ^<61736>;1979,875
2014;Passail <61763>;-
2014;Pischelsdorf am Kulm <61764>;-
2014;Pischelsdorf in der Steiermark ^<61737>;2548,375
2014;Pöllau bei Gleisdorf ^<61738>;-
2014;Preßguts ^<61739>;406,125
2014;Puch bei Weiz <61740>;2079,125
2014;Ratten <61741>;1181,375
2014;Reichendorf ^<61742>;618,5
2014;Rettenegg <61743>;760,25
2014;St. Kathrein am Hauenstein <61744>;681,75
2014;St. Margarethen an der Raab <61746>;3965,375
2014;Sankt Kathrein am Offenegg <61745>;1122,25
2014;Sankt Ruprecht an der Raab ^<61747>;2246,625
2014;Sankt Ruprecht an der Raab <61765>;-
2014;Sinabelkirchen <61748>;4111,375
2014;Stenzengreith ^<61749>;529,375
2014;Strallegg <61750>;1942,75
2014;Thannhausen <61751>;2364,5
2014;Ungerdorf ^<61752>;882,5
2014;Unterfladnitz ^<61753>;1578,625
2014;Waisenegg ^<61754>;1067,875
2014;Weiz ^<61755>;8962,25
2014;Weiz <61766>;-
2015;Graz <60101>;276612,125
2015;Eisenerz <61101>;4288,625
2015;Gai ^<61102>;-
2015;Hafning bei Trofaiach ^<61103>;-
2015;Hieflau ^<61104>;-
2015;Kalwang <61105>;1024,125
2015;Kammern im Liesingtal <61106>;1624,125
2015;Kraubath an der Mur <61107>;1261,25
2015;Leoben <61108>;24824,125
2015;Mautern in Steiermark <61109>;1788
2015;Niklasdorf <61110>;2546,5
2015;Proleb <61111>;1541,25
2015;Radmer <61112>;598,375
2015;Sankt Michael in Obersteiermark <61113>;3006,875
2015;Sankt Peter-Freienstein <61114>;2362
2015;Sankt Stefan ob Leoben <61115>;1917,25
2015;Traboch <61116>;1392,75
2015;Trofaiach ^<61117>;-
2015;Trofaiach <61120>;11212,375
2015;Vordernberg <61118>;1035,75
2015;Wald am Schoberpaß <61119>;598
2015;Admont ^<61201>;-
2015;Admont <61253>;5011,75
2015;Aich ^<61202>;-
2015;Aich <61254>;1232,125
2015;Aigen im Ennstal <61203>;2601,625
2015;Altaussee <61204>;1830,75
2015;Altenmarkt bei Sankt Gallen <61205>;842
2015;Ardning <61206>;1192,375
2015;Bad Aussee <61207>;4761,75
2015;Bad Mitterndorf ^<61226>;-
2015;Bad Mitterndorf <61255>;4909,75
2015;Donnersbach ^<61208>;-
2015;Donnersbachwald ^<61209>;-
2015;Gaishorn am See ^<61210>;-
2015;Gaishorn am See <61256>;1327,75
2015;Gams bei Hieflau ^<61211>;-
2015;Gössenberg ^<61212>;-
2015;Gröbming <61213>;2830,875
2015;Großsölk ^<61214>;-
2015;Grundlsee <61215>;1216
2015;Hall ^<61216>;-
2015;Haus <61217>;2404,75
2015;Irdning ^<61218>;-
2015;Irdning-Donnersbachtal <61257>;4125
2015;Johnsbach ^<61219>;-
2015;Kleinsölk ^<61220>;-
2015;Landl ^<61221>;-
2015;Landl <61258>;2852,25
2015;Lassing <61222>;1704,625
2015;Liezen ^<61223>;-
2015;Liezen <61259>;8056,875
2015;Michaelerberg ^<61224>;-
2015;Michaelerberg-Pruggern <61260>;1151,5
2015;Mitterberg ^<61225>;-
2015;Mitterberg-Sankt Martin <61261>;1930
2015;Niederöblarn ^<61227>;-
2015;Öblarn ^<61228>;-
2015;Öblarn <61262>;2023,625
2015;Oppenberg ^<61229>;-
2015;Palfau ^<61230>;-
2015;Palten ^<61231>;-
2015;Pichl-Kainisch ^<61233>;-
2015;Pichl-Preunegg ^<61232>;-
2015;Pruggern ^<61234>;-
2015;Pürgg-Trautenfels ^<61235>;-
2015;Ramsau am Dachstein <61236>;2769,75
2015;Rohrmoos-Untertal ^<61237>;-
2015;Rottenmann ^<61238>;-
2015;Rottenmann <61263>;5231,875
2015;Sankt Gallen ^<61239>;-
2015;Sankt Gallen <61264>;1842,5
2015;Sankt Martin am Grimming ^<61240>;-
2015;Sankt Nikolai im Sölktal ^<61241>;-
2015;Schladming ^<61242>;-
2015;Schladming <61265>;6733,5
2015;Selzthal <61243>;1633,5
2015;Sölk <61266>;1527,625
2015;Stainach ^<61244>;-
2015;Stainach-Pürgg <61267>;2853,25
2015;Tauplitz ^<61245>;-
2015;Treglwang ^<61246>;-
2015;Trieben <61247>;3377,25
2015;Weißenbach an der Enns ^<61248>;-
2015;Weißenbach bei Liezen ^<61249>;-
2015;Weng im Gesäuse ^<61250>;-
2015;Wildalpen <61251>;486,875
2015;Wörschach <61252>;1125,5
2015;Amering ^<62001>;-
2015;Apfelberg ^<62002>;-
2015;Bretstein ^<62003>;-
2015;Eppenstein ^<62004>;-
2015;Feistritz bei Knittelfeld ^<62005>;-
2015;Flatschach ^<62006>;-
2015;Fohnsdorf <62007>;7747,875
2015;Gaal <62008>;1407,125
2015;Großlobming ^<62009>;-
2015;Hohentauern <62010>;431,125
2015;Judenburg ^<62011>;-
2015;Judenburg <62040>;10180,375
2015;Kleinlobming ^<62012>;-
2015;Knittelfeld ^<62013>;-
2015;Knittelfeld <62041>;12606,75
2015;Kobenz <62014>;1825,875
2015;Lobmingtal <62039>;1805,125
2015;Maria Buch-Feistritz ^<62015>;-
2015;Obdach ^<62016>;-
2015;Obdach <62042>;3859,5
2015;Oberkurzheim ^<62017>;-
2015;Oberweg ^<62018>;-
2015;Oberzeiring ^<62019>;-
2015;Pöls ^<62020>;-
2015;Pöls-Oberkurzheim <62043>;3040,625
2015;Pölstal <62044>;2759,125
2015;Pusterwald <62021>;478,5
2015;Rachau ^<62022>;-
2015;Reifling ^<62023>;-
2015;Reisstraße ^<62024>;-
2015;Sankt Anna am Lavantegg ^<62025>;-
2015;Sankt Georgen ob Judenburg <62026>;855,875
2015;Sankt Johann am Tauern ^<62027>;-
2015;Sankt Lorenzen bei Knittelfeld ^<62028>;-
2015;Sankt Marein bei Knittelfeld ^<62029>;-
2015;Sankt Marein-Feistritz <62045>;2041,25
2015;Sankt Margarethen bei Knittelfeld ^<62030>;-
2015;Sankt Margarethen bei Knittelfeld <62046>;2698,375
2015;Sankt Oswald-Möderbrugg ^<62031>;-
2015;Sankt Peter ob Judenburg <62032>;1113,75
2015;Sankt Wolfgang-Kienberg ^<62033>;-
2015;Seckau <62034>;1282,125
2015;Spielberg  ^<62035>;-
2015;Spielberg <62047>;5323,125
2015;Unzmarkt-Frauenburg <62036>;1368,5
2015;Weißkirchen in Steiermark ^<62037>;-
2015;Weißkirchen in Steiermark <62048>;4870
2015;Zeltweg <62038>;7371,75
2015;Allerheiligen im Mürztal ^<61301>;-
2015;Altenberg an der Rax ^<61302>;-
2015;Ganz ^<61303>;-
2015;Kapellen ^<61304>;-
2015;Kindberg ^<61305>;-
2015;Krieglach ^<61306>;-
2015;Langenwang ^<61307>;-
2015;Mitterdorf im Mürztal ^<61308>;-
2015;Mürzhofen ^<61309>;-
2015;Mürzsteg ^<61310>;-
2015;Mürzzuschlag ^<61311>;-
2015;Neuberg an der Mürz ^<61312>;-
2015;Spital am Semmering ^<61313>;-
2015;Stanz im Mürztal ^<61314>;-
2015;Veitsch ^<61315>;-
2015;Wartberg im Mürztal ^<61316>;-
2015;Dürnstein in der Steiermark ^<61401>;-
2015;Falkendorf ^<61402>;-
2015;Frojach-Katsch ^<61403>;-
2015;Krakau <61437>;1451,625
2015;Krakaudorf ^<61404>;-
2015;Krakauhintermühlen ^<61405>;-
2015;Krakauschatten ^<61406>;-
2015;Kulm am Zirbitz ^<61407>;-
2015;Laßnitz bei Murau ^<61408>;-
2015;Mariahof ^<61409>;-
2015;Mühlen <61410>;885,125
2015;Murau ^<61411>;-
2015;Murau <61438>;3689,125
2015;Neumarkt in der Steiermark <61439>;5050,375
2015;Neumarkt in Steiermark ^<61412>;-
2015;Niederwölz <61413>;594,25
2015;Oberwölz  <61440>;2992,5
2015;Oberwölz Stadt ^<61414>;-
2015;Oberwölz Umgebung ^<61415>;-
2015;Perchau am Sattel ^<61416>;-
2015;Predlitz-Turrach ^<61417>;-
2015;Ranten ^<61418>;-
2015;Ranten <61441>;1192,625
2015;Rinegg ^<61419>;-
2015;Sankt Blasen ^<61420>;-
2015;Sankt Georgen am Kreischberg <61442>;1804,875
2015;Sankt Georgen ob Murau ^<61421>;-
2015;Sankt Lambrecht ^<61422>;-
2015;Sankt Lambrecht <61443>;1919,375
2015;Sankt Lorenzen bei Scheifling ^<61423>;-
2015;Sankt Marein bei Neumarkt ^<61424>;-
2015;Sankt Ruprecht ob Murau ^<61426>;-
2015;Sankt Ruprecht-Falkendorf ^<61436>;-
2015;St. Peter am Kammersberg <61425>;2089,625
2015;Scheifling ^<61427>;-
2015;Scheifling <61444>;2169,25
2015;Schöder <61428>;985,125
2015;Schönberg-Lachtal ^<61429>;-
2015;Stadl an der Mur ^<61430>;-
2015;Stadl-Predlitz <61445>;1711,75
2015;Stolzalpe ^<61431>;-
2015;Teufenbach ^<61432>;-
2015;Teufenbach-Katsch <61446>;1869,375
2015;Triebendorf ^<61433>;-
2015;Winklern bei Oberwölz ^<61434>;-
2015;Zeutschach ^<61435>;-
2015;Bad Radkersburg ^<61513>;-
2015;Bierbaum am Auersbach ^<61501>;-
2015;Deutsch Goritz ^<61502>;-
2015;Dietersdorf am Gnasbach ^<61503>;-
2015;Eichfeld ^<61504>;-
2015;Gosdorf ^<61505>;-
2015;Halbenrain ^<61506>;-
2015;Hof bei Straden ^<61508>;-
2015;Klöch ^<61509>;-
2015;Mettersdorf am Saßbach ^<61510>;-
2015;Mureck ^<61511>;-
2015;Murfeld ^<61512>;-
2015;Radkersburg Umgebung ^<61514>;-
2015;Ratschendorf ^<61515>;-
2015;Sankt Peter am Ottersbach ^<61516>;-
2015;Straden ^<61517>;-
2015;Tieschen ^<61518>;-
2015;Trössing ^<61519>;-
2015;Weinburg am Saßbach ^<61520>;-
2015;Auersbach ^<62301>;-
2015;Aug-Radisch ^<62302>;-
2015;Bad Gleichenberg ^<62303>;-
2015;Bad Gleichenberg <62375>;5285
2015;Bad Radkersburg ^<62304>;-
2015;Bad Radkersburg <62376>;3100,25
2015;Bairisch Kölldorf ^<62305>;-
2015;Baumgarten bei Gnas ^<62306>;-
2015;Bierbaum am Auersbach ^<62307>;-
2015;Breitenfeld an der Rittschein ^<62308>;-
2015;Deutsch Goritz ^<62309>;-
2015;Deutsch Goritz <62377>;1814,25
2015;Dietersdorf am Gnasbach ^<62310>;-
2015;Edelsbach bei Feldbach <62311>;1348,125
2015;Edelstauden ^<62312>;-
2015;Eichfeld ^<62313>;-
2015;Eichkögl <62314>;1273
2015;Fehring ^<62315>;-
2015;Fehring <62378>;7378,75
2015;Feldbach ^<62316>;-
2015;Feldbach <62379>;13193,625
2015;Fladnitz im Raabtal ^<62317>;-
2015;Frannach ^<62318>;-
2015;Frutten-Gießelsdorf ^<62319>;-
2015;Glojach ^<62320>;-
2015;Gnas ^<62321>;-
2015;Gnas <62380>;6069,5
2015;Gniebing-Weißenbach ^<62322>;-
2015;Gosdorf ^<62323>;-
2015;Gossendorf ^<62324>;-
2015;Grabersdorf ^<62325>;-
2015;Halbenrain <62326>;1724
2015;Hatzendorf ^<62327>;-
2015;Hof bei Straden ^<62328>;-
2015;Hohenbrugg-Weinberg ^<62329>;-
2015;Jagerberg <62330>;1644,75
2015;Johnsdorf-Brunn ^<62331>;-
2015;Kapfenstein <62332>;1589,875
2015;Kirchbach in Steiermark ^<62333>;-
2015;Kirchbach-Zerlach <62381>;3250,125
2015;Kirchberg an der Raab ^<62334>;-
2015;Kirchberg an der Raab <62382>;4412,75
2015;Klöch <62335>;1210,375
2015;Kohlberg ^<62336>;-
2015;Kornberg bei Riegersburg ^<62337>;-
2015;Krusdorf ^<62338>;-
2015;Leitersdorf im Raabtal ^<62339>;-
2015;Lödersdorf ^<62340>;-
2015;Maierdorf ^<62341>;-
2015;Merkendorf ^<62342>;-
2015;Mettersdorf am Saßbach <62343>;1285
2015;Mitterlabill ^<62344>;-
2015;Mühldorf bei Feldbach ^<62345>;-
2015;Mureck ^<62346>;-
2015;Mureck <62383>;3579,5
2015;Murfeld <62347>;1655
2015;Oberdorf am Hochegg ^<62348>;-
2015;Oberstorcha ^<62349>;-
2015;Paldau ^<62350>;-
2015;Paldau <62384>;3087,5
2015;Perlsdorf ^<62351>;-
2015;Pertlstein ^<62352>;-
2015;Petersdorf II ^<62353>;-
2015;Pirching am Traubenberg ^<62354>;-
2015;Pirching am Traubenberg <62385>;2577,375
2015;Poppendorf ^<62355>;-
2015;Raabau ^<62356>;-
2015;Radkersburg Umgebung ^<62357>;-
2015;Raning ^<62358>;-
2015;Ratschendorf ^<62359>;-
2015;Riegersburg ^<62360>;-
2015;Riegersburg <62386>;4918
2015;Sankt Anna am Aigen ^<62361>;-
2015;Sankt Anna am Aigen <62387>;2365,75
2015;Sankt Peter am Ottersbach ^<62362>;-
2015;Sankt Peter am Ottersbach <62388>;3021,75
2015;Sankt Stefan im Rosental ^<62363>;-
2015;Sankt Stefan im Rosental <62389>;3996
2015;Schwarzau im Schwarzautal ^<62364>;-
2015;Stainz bei Straden ^<62365>;-
2015;Straden ^<62366>;-
2015;Straden <62390>;3659,375
2015;Studenzen ^<62367>;-
2015;Tieschen <62368>;1286
2015;Trautmannsdorf in Oststeiermark ^<62369>;-
2015;Trössing ^<62370>;-
2015;Unterauersbach ^<62371>;-
2015;Unterlamm <62372>;1238,125
2015;Weinburg am Saßbach ^<62373>;-
2015;Zerlach ^<62374>;-
2015;Bärnbach ^<61601>;-
2015;Bärnbach <61626>;5648,25
2015;Edelschrott ^<61602>;-
2015;Edelschrott <61627>;1776,25
2015;Gallmannsegg ^<61603>;-
2015;Geistthal ^<61604>;-
2015;Geistthal-Södingberg <61628>;1600,25
2015;Gößnitz ^<61605>;-
2015;Graden ^<61606>;-
2015;Hirschegg ^<61607>;-
2015;Hirschegg-Pack <61629>;1047,625
2015;Kainach bei Voitsberg ^<61608>;-
2015;Kainach bei Voitsberg <61630>;1682,125
2015;Köflach ^<61609>;-
2015;Köflach <61631>;10093,375
2015;Kohlschwarz ^<61610>;-
2015;Krottendorf-Gaisfeld <61611>;2420,25
2015;Ligist <61612>;3268,625
2015;Maria Lankowitz ^<61613>;-
2015;Maria Lankowitz <61632>;2910
2015;Modriach ^<61614>;-
2015;Mooskirchen <61615>;2189,5
2015;Pack ^<61616>;-
2015;Piberegg ^<61617>;-
2015;Rosental an der Kainach <61618>;1697,75
2015;Salla ^<61619>;-
2015;Sankt Johann-Köppling ^<61620>;-
2015;Sankt Martin am Wöllmißberg <61621>;803,625
2015;Söding ^<61622>;-
2015;Södingberg ^<61623>;-
2015;Söding-Sankt Johann <61633>;4046,375
2015;Stallhofen <61624>;3114,375
2015;Voitsberg <61625>;9448,5
2015;Albersdorf-Prebuch <61701>;2009,875
2015;Anger ^<61702>;-
2015;Anger <61756>;4139,25
2015;Arzberg ^<61703>;-
2015;Baierdorf bei Anger ^<61704>;-
2015;Birkfeld ^<61705>;-
2015;Birkfeld <61757>;5097,125
2015;Etzersdorf-Rollsdorf ^<61706>;-
2015;Feistritz bei Anger ^<61707>;-
2015;Fischbach <61708>;1504,5
2015;Fladnitz an der Teichalm ^<61709>;-
2015;Fladnitz an der Teichalm <61758>;1809,875
2015;Floing <61710>;1203,375
2015;Gasen <61711>;931,5
2015;Gersdorf an der Feistritz ^<61712>;-
2015;Gersdorf an der Feistritz <61759>;1683,375
2015;Gleisdorf ^<61713>;-
2015;Gleisdorf <61760>;10373,75
2015;Gschaid bei Birkfeld ^<61714>;-
2015;Gutenberg an der Raabklamm ^<61715>;-
2015;Gutenberg <61761>;1751,5
2015;Haslau bei Birkfeld ^<61717>;-
2015;Hirnsdorf ^<61718>;-
2015;Hofstätten an der Raab <61719>;2164,625
2015;Hohenau an der Raab ^<61720>;-
2015;Ilztal ^<61721>;-
2015;Ilztal <61762>;2120,375
2015;Koglhof ^<61722>;-
2015;Krottendorf ^<61723>;-
2015;Kulm bei Weiz ^<61724>;-
2015;Labuch ^<61725>;-
2015;Laßnitzthal ^<61726>;-
2015;Ludersdorf-Wilfersdorf <61727>;2232,375
2015;Markt Hartmannsdorf <61716>;2973,5
2015;Miesenbach bei Birkfeld <61728>;718,75
2015;Mitterdorf an der Raab <61729>;2073,875
2015;Mortantsch <61730>;2107,375
2015;Naas <61731>;1406,625
2015;Naintsch ^<61732>;-
2015;Neudorf bei Passail ^<61733>;-
2015;Nitscha ^<61734>;-
2015;Oberrettenbach ^<61735>;-
2015;Passail ^<61736>;-
2015;Passail <61763>;4316,375
2015;Pischelsdorf am Kulm <61764>;3618,5
2015;Pischelsdorf in der Steiermark ^<61737>;-
2015;Pöllau bei Gleisdorf ^<61738>;-
2015;Preßguts ^<61739>;-
2015;Puch bei Weiz <61740>;2072,25
2015;Ratten <61741>;1182,125
2015;Reichendorf ^<61742>;-
2015;Rettenegg <61743>;761,375
2015;St. Kathrein am Hauenstein <61744>;678,75
2015;St. Margarethen an der Raab <61746>;3985,375
2015;Sankt Kathrein am Offenegg <61745>;1104,375
2015;Sankt Ruprecht an der Raab ^<61747>;-
2015;Sankt Ruprecht an der Raab <61765>;5026,375
2015;Sinabelkirchen <61748>;4147,625
2015;Stenzengreith ^<61749>;-
2015;Strallegg <61750>;1937,125
2015;Thannhausen <61751>;2382,25
2015;Ungerdorf ^<61752>;-
2015;Unterfladnitz ^<61753>;-
2015;Waisenegg ^<61754>;-
2015;Weiz ^<61755>;-
2015;Weiz <61766>;11374,875
2016;Graz <60101>;281913,375
2016;Eisenerz <61101>;4248,375
2016;Gai ^<61102>;-
2016;Hafning bei Trofaiach ^<61103>;-
2016;Hieflau ^<61104>;-
2016;Kalwang <61105>;1000,625
2016;Kammern im Liesingtal <61106>;1621,625
2016;Kraubath an der Mur <61107>;1257,625
2016;Leoben <61108>;24997,125
2016;Mautern in Steiermark <61109>;1818,25
2016;Niklasdorf <61110>;2551,625
2016;Proleb <61111>;1526,25
2016;Radmer <61112>;581,25
2016;Sankt Michael in Obersteiermark <61113>;3049,25
2016;Sankt Peter-Freienstein <61114>;2363,375
2016;Sankt Stefan ob Leoben <61115>;1927,5
2016;Traboch <61116>;1393,375
2016;Trofaiach ^<61117>;-
2016;Trofaiach <61120>;11196,5
2016;Vordernberg <61118>;1033
2016;Wald am Schoberpaß <61119>;595,875
2016;Admont ^<61201>;-
2016;Admont <61253>;5063,25
2016;Aich ^<61202>;-
2016;Aich <61254>;1289,75
2016;Aigen im Ennstal <61203>;2676,375
2016;Altaussee <61204>;1870,875
2016;Altenmarkt bei Sankt Gallen <61205>;834
2016;Ardning <61206>;1205,125
2016;Bad Aussee <61207>;4782,625
2016;Bad Mitterndorf ^<61226>;-
2016;Bad Mitterndorf <61255>;4936,625
2016;Donnersbach ^<61208>;-
2016;Donnersbachwald ^<61209>;-
2016;Gaishorn am See ^<61210>;-
2016;Gaishorn am See <61256>;1301
2016;Gams bei Hieflau ^<61211>;-
2016;Gössenberg ^<61212>;-
2016;Gröbming <61213>;2856,875
2016;Großsölk ^<61214>;-
2016;Grundlsee <61215>;1210,375
2016;Hall ^<61216>;-
2016;Haus <61217>;2462,125
2016;Irdning ^<61218>;-
2016;Irdning-Donnersbachtal <61257>;4103,375
2016;Johnsbach ^<61219>;-
2016;Kleinsölk ^<61220>;-
2016;Landl ^<61221>;-
2016;Landl <61258>;2787
2016;Lassing <61222>;1717
2016;Liezen ^<61223>;-
2016;Liezen <61259>;8144
2016;Michaelerberg ^<61224>;-
2016;Michaelerberg-Pruggern <61260>;1163,625
2016;Mitterberg ^<61225>;-
2016;Mitterberg-Sankt Martin <61261>;1929,25
2016;Niederöblarn ^<61227>;-
2016;Öblarn ^<61228>;-
2016;Öblarn <61262>;2020,875
2016;Oppenberg ^<61229>;-
2016;Palfau ^<61230>;-
2016;Palten ^<61231>;-
2016;Pichl-Kainisch ^<61233>;-
2016;Pichl-Preunegg ^<61232>;-
2016;Pruggern ^<61234>;-
2016;Pürgg-Trautenfels ^<61235>;-
2016;Ramsau am Dachstein <61236>;2791,25
2016;Rohrmoos-Untertal ^<61237>;-
2016;Rottenmann ^<61238>;-
2016;Rottenmann <61263>;5251,75
2016;Sankt Gallen ^<61239>;-
2016;Sankt Gallen <61264>;1857,125
2016;Sankt Martin am Grimming ^<61240>;-
2016;Sankt Nikolai im Sölktal ^<61241>;-
2016;Schladming ^<61242>;-
2016;Schladming <61265>;6758,625
2016;Selzthal <61243>;1629
2016;Sölk <61266>;1522,75
2016;Stainach ^<61244>;-
2016;Stainach-Pürgg <61267>;2840,5
2016;Tauplitz ^<61245>;-
2016;Treglwang ^<61246>;-
2016;Trieben <61247>;3399,875
2016;Weißenbach an der Enns ^<61248>;-
2016;Weißenbach bei Liezen ^<61249>;-
2016;Weng im Gesäuse ^<61250>;-
2016;Wildalpen <61251>;474
2016;Wörschach <61252>;1111,625
2016;Amering ^<62001>;-
2016;Apfelberg ^<62002>;-
2016;Bretstein ^<62003>;-
2016;Eppenstein ^<62004>;-
2016;Feistritz bei Knittelfeld ^<62005>;-
2016;Flatschach ^<62006>;-
2016;Fohnsdorf <62007>;7753,5
2016;Gaal <62008>;1392,875
2016;Großlobming ^<62009>;-
2016;Hohentauern <62010>;421,5
2016;Judenburg ^<62011>;-
2016;Judenburg <62040>;10145
2016;Kleinlobming ^<62012>;-
2016;Knittelfeld ^<62013>;-
2016;Knittelfeld <62041>;12691,75
2016;Kobenz <62014>;1823
2016;Lobmingtal <62039>;1847,25
2016;Maria Buch-Feistritz ^<62015>;-
2016;Obdach ^<62016>;-
2016;Obdach <62042>;3845,5
2016;Oberkurzheim ^<62017>;-
2016;Oberweg ^<62018>;-
2016;Oberzeiring ^<62019>;-
2016;Pöls ^<62020>;-
2016;Pöls-Oberkurzheim <62043>;3013,75
2016;Pölstal <62044>;2758,125
2016;Pusterwald <62021>;471,5
2016;Rachau ^<62022>;-
2016;Reifling ^<62023>;-
2016;Reisstraße ^<62024>;-
2016;Sankt Anna am Lavantegg ^<62025>;-
2016;Sankt Georgen ob Judenburg <62026>;848
2016;Sankt Johann am Tauern ^<62027>;-
2016;Sankt Lorenzen bei Knittelfeld ^<62028>;-
2016;Sankt Marein bei Knittelfeld ^<62029>;-
2016;Sankt Marein-Feistritz <62045>;2050,5
2016;Sankt Margarethen bei Knittelfeld ^<62030>;-
2016;Sankt Margarethen bei Knittelfeld <62046>;2768,25
2016;Sankt Oswald-Möderbrugg ^<62031>;-
2016;Sankt Peter ob Judenburg <62032>;1118,5
2016;Sankt Wolfgang-Kienberg ^<62033>;-
2016;Seckau <62034>;1276,625
2016;Spielberg  ^<62035>;-
2016;Spielberg <62047>;5313,5
2016;Unzmarkt-Frauenburg <62036>;1365,5
2016;Weißkirchen in Steiermark ^<62037>;-
2016;Weißkirchen in Steiermark <62048>;4877,375
2016;Zeltweg <62038>;7380,25
2016;Allerheiligen im Mürztal ^<61301>;-
2016;Altenberg an der Rax ^<61302>;-
2016;Ganz ^<61303>;-
2016;Kapellen ^<61304>;-
2016;Kindberg ^<61305>;-
2016;Krieglach ^<61306>;-
2016;Langenwang ^<61307>;-
2016;Mitterdorf im Mürztal ^<61308>;-
2016;Mürzhofen ^<61309>;-
2016;Mürzsteg ^<61310>;-
2016;Mürzzuschlag ^<61311>;-
2016;Neuberg an der Mürz ^<61312>;-
2016;Spital am Semmering ^<61313>;-
2016;Stanz im Mürztal ^<61314>;-
2016;Veitsch ^<61315>;-
2016;Wartberg im Mürztal ^<61316>;-
2016;Dürnstein in der Steiermark ^<61401>;-
2016;Falkendorf ^<61402>;-
2016;Frojach-Katsch ^<61403>;-
2016;Krakau <61437>;1445,75
2016;Krakaudorf ^<61404>;-
2016;Krakauhintermühlen ^<61405>;-
2016;Krakauschatten ^<61406>;-
2016;Kulm am Zirbitz ^<61407>;-
2016;Laßnitz bei Murau ^<61408>;-
2016;Mariahof ^<61409>;-
2016;Mühlen <61410>;876,875
2016;Murau ^<61411>;-
2016;Murau <61438>;3682,75
2016;Neumarkt in der Steiermark <61439>;5060
2016;Neumarkt in Steiermark ^<61412>;-
2016;Niederwölz <61413>;593,875
2016;Oberwölz  <61440>;2994,875
2016;Oberwölz Stadt ^<61414>;-
2016;Oberwölz Umgebung ^<61415>;-
2016;Perchau am Sattel ^<61416>;-
2016;Predlitz-Turrach ^<61417>;-
2016;Ranten ^<61418>;-
2016;Ranten <61441>;1174
2016;Rinegg ^<61419>;-
2016;Sankt Blasen ^<61420>;-
2016;Sankt Georgen am Kreischberg <61442>;1802,875
2016;Sankt Georgen ob Murau ^<61421>;-
2016;Sankt Lambrecht ^<61422>;-
2016;Sankt Lambrecht <61443>;1900,375
2016;Sankt Lorenzen bei Scheifling ^<61423>;-
2016;Sankt Marein bei Neumarkt ^<61424>;-
2016;Sankt Ruprecht ob Murau ^<61426>;-
2016;Sankt Ruprecht-Falkendorf ^<61436>;-
2016;St. Peter am Kammersberg <61425>;2078,875
2016;Scheifling ^<61427>;-
2016;Scheifling <61444>;2163,125
2016;Schöder <61428>;978,5
2016;Schönberg-Lachtal ^<61429>;-
2016;Stadl an der Mur ^<61430>;-
2016;Stadl-Predlitz <61445>;1691
2016;Stolzalpe ^<61431>;-
2016;Teufenbach ^<61432>;-
2016;Teufenbach-Katsch <61446>;1901,625
2016;Triebendorf ^<61433>;-
2016;Winklern bei Oberwölz ^<61434>;-
2016;Zeutschach ^<61435>;-
2016;Bad Radkersburg ^<61513>;-
2016;Bierbaum am Auersbach ^<61501>;-
2016;Deutsch Goritz ^<61502>;-
2016;Dietersdorf am Gnasbach ^<61503>;-
2016;Eichfeld ^<61504>;-
2016;Gosdorf ^<61505>;-
2016;Halbenrain ^<61506>;-
2016;Hof bei Straden ^<61508>;-
2016;Klöch ^<61509>;-
2016;Mettersdorf am Saßbach ^<61510>;-
2016;Mureck ^<61511>;-
2016;Murfeld ^<61512>;-
2016;Radkersburg Umgebung ^<61514>;-
2016;Ratschendorf ^<61515>;-
2016;Sankt Peter am Ottersbach ^<61516>;-
2016;Straden ^<61517>;-
2016;Tieschen ^<61518>;-
2016;Trössing ^<61519>;-
2016;Weinburg am Saßbach ^<61520>;-
2016;Auersbach ^<62301>;-
2016;Aug-Radisch ^<62302>;-
2016;Bad Gleichenberg ^<62303>;-
2016;Bad Gleichenberg <62375>;5355,5
2016;Bad Radkersburg ^<62304>;-
2016;Bad Radkersburg <62376>;3135
2016;Bairisch Kölldorf ^<62305>;-
2016;Baumgarten bei Gnas ^<62306>;-
2016;Bierbaum am Auersbach ^<62307>;-
2016;Breitenfeld an der Rittschein ^<62308>;-
2016;Deutsch Goritz ^<62309>;-
2016;Deutsch Goritz <62377>;1805,75
2016;Dietersdorf am Gnasbach ^<62310>;-
2016;Edelsbach bei Feldbach <62311>;1335,75
2016;Edelstauden ^<62312>;-
2016;Eichfeld ^<62313>;-
2016;Eichkögl <62314>;1297,375
2016;Fehring ^<62315>;-
2016;Fehring <62378>;7377,875
2016;Feldbach ^<62316>;-
2016;Feldbach <62379>;13365,125
2016;Fladnitz im Raabtal ^<62317>;-
2016;Frannach ^<62318>;-
2016;Frutten-Gießelsdorf ^<62319>;-
2016;Glojach ^<62320>;-
2016;Gnas ^<62321>;-
2016;Gnas <62380>;6078,375
2016;Gniebing-Weißenbach ^<62322>;-
2016;Gosdorf ^<62323>;-
2016;Gossendorf ^<62324>;-
2016;Grabersdorf ^<62325>;-
2016;Halbenrain <62326>;1736
2016;Hatzendorf ^<62327>;-
2016;Hof bei Straden ^<62328>;-
2016;Hohenbrugg-Weinberg ^<62329>;-
2016;Jagerberg <62330>;1636,25
2016;Johnsdorf-Brunn ^<62331>;-
2016;Kapfenstein <62332>;1581,25
2016;Kirchbach in Steiermark ^<62333>;-
2016;Kirchbach-Zerlach <62381>;3272,75
2016;Kirchberg an der Raab ^<62334>;-
2016;Kirchberg an der Raab <62382>;4415,25
2016;Klöch <62335>;1215,5
2016;Kohlberg ^<62336>;-
2016;Kornberg bei Riegersburg ^<62337>;-
2016;Krusdorf ^<62338>;-
2016;Leitersdorf im Raabtal ^<62339>;-
2016;Lödersdorf ^<62340>;-
2016;Maierdorf ^<62341>;-
2016;Merkendorf ^<62342>;-
2016;Mettersdorf am Saßbach <62343>;1288,375
2016;Mitterlabill ^<62344>;-
2016;Mühldorf bei Feldbach ^<62345>;-
2016;Mureck ^<62346>;-
2016;Mureck <62383>;3573,625
2016;Murfeld <62347>;1658,375
2016;Oberdorf am Hochegg ^<62348>;-
2016;Oberstorcha ^<62349>;-
2016;Paldau ^<62350>;-
2016;Paldau <62384>;3074
2016;Perlsdorf ^<62351>;-
2016;Pertlstein ^<62352>;-
2016;Petersdorf II ^<62353>;-
2016;Pirching am Traubenberg ^<62354>;-
2016;Pirching am Traubenberg <62385>;2584,5
2016;Poppendorf ^<62355>;-
2016;Raabau ^<62356>;-
2016;Radkersburg Umgebung ^<62357>;-
2016;Raning ^<62358>;-
2016;Ratschendorf ^<62359>;-
2016;Riegersburg ^<62360>;-
2016;Riegersburg <62386>;4938
2016;Sankt Anna am Aigen ^<62361>;-
2016;Sankt Anna am Aigen <62387>;2357,25
2016;Sankt Peter am Ottersbach ^<62362>;-
2016;Sankt Peter am Ottersbach <62388>;2994,125
2016;Sankt Stefan im Rosental ^<62363>;-
2016;Sankt Stefan im Rosental <62389>;3989,5
2016;Schwarzau im Schwarzautal ^<62364>;-
2016;Stainz bei Straden ^<62365>;-
2016;Straden ^<62366>;-
2016;Straden <62390>;3646,625
2016;Studenzen ^<62367>;-
2016;Tieschen <62368>;1275,375
2016;Trautmannsdorf in Oststeiermark ^<62369>;-
2016;Trössing ^<62370>;-
2016;Unterauersbach ^<62371>;-
2016;Unterlamm <62372>;1243,5
2016;Weinburg am Saßbach ^<62373>;-
2016;Zerlach ^<62374>;-
2016;Bärnbach ^<61601>;-
2016;Bärnbach <61626>;5686,125
2016;Edelschrott ^<61602>;-
2016;Edelschrott <61627>;1768,125
2016;Gallmannsegg ^<61603>;-
2016;Geistthal ^<61604>;-
2016;Geistthal-Södingberg <61628>;1571,75
2016;Gößnitz ^<61605>;-
2016;Graden ^<61606>;-
2016;Hirschegg ^<61607>;-
2016;Hirschegg-Pack <61629>;1048,125
2016;Kainach bei Voitsberg ^<61608>;-
2016;Kainach bei Voitsberg <61630>;1661,625
2016;Köflach ^<61609>;-
2016;Köflach <61631>;10058,375
2016;Kohlschwarz ^<61610>;-
2016;Krottendorf-Gaisfeld <61611>;2438,375
2016;Ligist <61612>;3263
2016;Maria Lankowitz ^<61613>;-
2016;Maria Lankowitz <61632>;2922,25
2016;Modriach ^<61614>;-
2016;Mooskirchen <61615>;2214,125
2016;Pack ^<61616>;-
2016;Piberegg ^<61617>;-
2016;Rosental an der Kainach <61618>;1700,375
2016;Salla ^<61619>;-
2016;Sankt Johann-Köppling ^<61620>;-
2016;Sankt Martin am Wöllmißberg <61621>;793,25
2016;Söding ^<61622>;-
2016;Södingberg ^<61623>;-
2016;Söding-Sankt Johann <61633>;4122,375
2016;Stallhofen <61624>;3123,5
2016;Voitsberg <61625>;9464
2016;Albersdorf-Prebuch <61701>;2029,875
2016;Anger ^<61702>;-
2016;Anger <61756>;4155,5
2016;Arzberg ^<61703>;-
2016;Baierdorf bei Anger ^<61704>;-
2016;Birkfeld ^<61705>;-
2016;Birkfeld <61757>;5086,75
2016;Etzersdorf-Rollsdorf ^<61706>;-
2016;Feistritz bei Anger ^<61707>;-
2016;Fischbach <61708>;1504,125
2016;Fladnitz an der Teichalm ^<61709>;-
2016;Fladnitz an der Teichalm <61758>;1807,125
2016;Floing <61710>;1199,25
2016;Gasen <61711>;923
2016;Gersdorf an der Feistritz ^<61712>;-
2016;Gersdorf an der Feistritz <61759>;1677,25
2016;Gleisdorf ^<61713>;-
2016;Gleisdorf <61760>;10605
2016;Gschaid bei Birkfeld ^<61714>;-
2016;Gutenberg an der Raabklamm ^<61715>;-
2016;Gutenberg <61761>;1747,125
2016;Haslau bei Birkfeld ^<61717>;-
2016;Hirnsdorf ^<61718>;-
2016;Hofstätten an der Raab <61719>;2190,875
2016;Hohenau an der Raab ^<61720>;-
2016;Ilztal ^<61721>;-
2016;Ilztal <61762>;2114,5
2016;Koglhof ^<61722>;-
2016;Krottendorf ^<61723>;-
2016;Kulm bei Weiz ^<61724>;-
2016;Labuch ^<61725>;-
2016;Laßnitzthal ^<61726>;-
2016;Ludersdorf-Wilfersdorf <61727>;2263,625
2016;Markt Hartmannsdorf <61716>;2971,875
2016;Miesenbach bei Birkfeld <61728>;705,75
2016;Mitterdorf an der Raab <61729>;2070,125
2016;Mortantsch <61730>;2117,375
2016;Naas <61731>;1376,875
2016;Naintsch ^<61732>;-
2016;Neudorf bei Passail ^<61733>;-
2016;Nitscha ^<61734>;-
2016;Oberrettenbach ^<61735>;-
2016;Passail ^<61736>;-
2016;Passail <61763>;4295
2016;Pischelsdorf am Kulm <61764>;3662,625
2016;Pischelsdorf in der Steiermark ^<61737>;-
2016;Pöllau bei Gleisdorf ^<61738>;-
2016;Preßguts ^<61739>;-
2016;Puch bei Weiz <61740>;2080,125
2016;Ratten <61741>;1176,125
2016;Reichendorf ^<61742>;-
2016;Rettenegg <61743>;750,125
2016;St. Kathrein am Hauenstein <61744>;664,125
2016;St. Margarethen an der Raab <61746>;4042,375
2016;Sankt Kathrein am Offenegg <61745>;1081,875
2016;Sankt Ruprecht an der Raab ^<61747>;-
2016;Sankt Ruprecht an der Raab <61765>;5173,5
2016;Sinabelkirchen <61748>;4168,625
2016;Stenzengreith ^<61749>;-
2016;Strallegg <61750>;1949,625
2016;Thannhausen <61751>;2430,5
2016;Ungerdorf ^<61752>;-
2016;Unterfladnitz ^<61753>;-
2016;Waisenegg ^<61754>;-
2016;Weiz ^<61755>;-
2016;Weiz <61766>;11467,125
2017;Graz <60101>;284832,375
2017;Eisenerz <61101>;4123
2017;Gai ^<61102>;-
2017;Hafning bei Trofaiach ^<61103>;-
2017;Hieflau ^<61104>;-
2017;Kalwang <61105>;994,25
2017;Kammern im Liesingtal <61106>;1615,25
2017;Kraubath an der Mur <61107>;1277
2017;Leoben <61108>;24703,75
2017;Mautern in Steiermark <61109>;1789,625
2017;Niklasdorf <61110>;2537,75
2017;Proleb <61111>;1532,625
2017;Radmer <61112>;562,75
2017;Sankt Michael in Obersteiermark <61113>;3081
2017;Sankt Peter-Freienstein <61114>;2367,5
2017;Sankt Stefan ob Leoben <61115>;1920,125
2017;Traboch <61116>;1384,875
2017;Trofaiach ^<61117>;-
2017;Trofaiach <61120>;11151,25
2017;Vordernberg <61118>;1033,125
2017;Wald am Schoberpaß <61119>;588,125
2017;Admont ^<61201>;-
2017;Admont <61253>;5030,625
2017;Aich ^<61202>;-
2017;Aich <61254>;1296,75
2017;Aigen im Ennstal <61203>;2705,625
2017;Altaussee <61204>;1885,875
2017;Altenmarkt bei Sankt Gallen <61205>;822
2017;Ardning <61206>;1228,25
2017;Bad Aussee <61207>;4819,875
2017;Bad Mitterndorf ^<61226>;-
2017;Bad Mitterndorf <61255>;4958,375
2017;Donnersbach ^<61208>;-
2017;Donnersbachwald ^<61209>;-
2017;Gaishorn am See ^<61210>;-
2017;Gaishorn am See <61256>;1310,125
2017;Gams bei Hieflau ^<61211>;-
2017;Gössenberg ^<61212>;-
2017;Gröbming <61213>;2966,75
2017;Großsölk ^<61214>;-
2017;Grundlsee <61215>;1200,875
2017;Hall ^<61216>;-
2017;Haus <61217>;2433,875
2017;Irdning ^<61218>;-
2017;Irdning-Donnersbachtal <61257>;4113,25
2017;Johnsbach ^<61219>;-
2017;Kleinsölk ^<61220>;-
2017;Landl ^<61221>;-
2017;Landl <61258>;2736
2017;Lassing <61222>;1723,25
2017;Liezen ^<61223>;-
2017;Liezen <61259>;8197,75
2017;Michaelerberg ^<61224>;-
2017;Michaelerberg-Pruggern <61260>;1185
2017;Mitterberg ^<61225>;-
2017;Mitterberg-Sankt Martin <61261>;1934,125
2017;Niederöblarn ^<61227>;-
2017;Öblarn ^<61228>;-
2017;Öblarn <61262>;2025,375
2017;Oppenberg ^<61229>;-
2017;Palfau ^<61230>;-
2017;Palten ^<61231>;-
2017;Pichl-Kainisch ^<61233>;-
2017;Pichl-Preunegg ^<61232>;-
2017;Pruggern ^<61234>;-
2017;Pürgg-Trautenfels ^<61235>;-
2017;Ramsau am Dachstein <61236>;2818,125
2017;Rohrmoos-Untertal ^<61237>;-
2017;Rottenmann ^<61238>;-
2017;Rottenmann <61263>;5235,75
2017;Sankt Gallen ^<61239>;-
2017;Sankt Gallen <61264>;1827,625
2017;Sankt Martin am Grimming ^<61240>;-
2017;Sankt Nikolai im Sölktal ^<61241>;-
2017;Schladming ^<61242>;-
2017;Schladming <61265>;6689,125
2017;Selzthal <61243>;1588,375
2017;Sölk <61266>;1502,125
2017;Stainach ^<61244>;-
2017;Stainach-Pürgg <61267>;2856,5
2017;Tauplitz ^<61245>;-
2017;Treglwang ^<61246>;-
2017;Trieben <61247>;3392,875
2017;Weißenbach an der Enns ^<61248>;-
2017;Weißenbach bei Liezen ^<61249>;-
2017;Weng im Gesäuse ^<61250>;-
2017;Wildalpen <61251>;467
2017;Wörschach <61252>;1116,625
2017;Amering ^<62001>;-
2017;Apfelberg ^<62002>;-
2017;Bretstein ^<62003>;-
2017;Eppenstein ^<62004>;-
2017;Feistritz bei Knittelfeld ^<62005>;-
2017;Flatschach ^<62006>;-
2017;Fohnsdorf <62007>;7709
2017;Gaal <62008>;1382,5
2017;Großlobming ^<62009>;-
2017;Hohentauern <62010>;409,75
2017;Judenburg ^<62011>;-
2017;Judenburg <62040>;10008,125
2017;Kleinlobming ^<62012>;-
2017;Knittelfeld ^<62013>;-
2017;Knittelfeld <62041>;12675
2017;Kobenz <62014>;1846,5
2017;Lobmingtal <62039>;1840,25
2017;Maria Buch-Feistritz ^<62015>;-
2017;Obdach ^<62016>;-
2017;Obdach <62042>;3819,875
2017;Oberkurzheim ^<62017>;-
2017;Oberweg ^<62018>;-
2017;Oberzeiring ^<62019>;-
2017;Pöls ^<62020>;-
2017;Pöls-Oberkurzheim <62043>;2984,875
2017;Pölstal <62044>;2695,5
2017;Pusterwald <62021>;455,5
2017;Rachau ^<62022>;-
2017;Reifling ^<62023>;-
2017;Reisstraße ^<62024>;-
2017;Sankt Anna am Lavantegg ^<62025>;-
2017;Sankt Georgen ob Judenburg <62026>;844,875
2017;Sankt Johann am Tauern ^<62027>;-
2017;Sankt Lorenzen bei Knittelfeld ^<62028>;-
2017;Sankt Marein bei Knittelfeld ^<62029>;-
2017;Sankt Marein-Feistritz <62045>;2017,75
2017;Sankt Margarethen bei Knittelfeld ^<62030>;-
2017;Sankt Margarethen bei Knittelfeld <62046>;2746,25
2017;Sankt Oswald-Möderbrugg ^<62031>;-
2017;Sankt Peter ob Judenburg <62032>;1112,25
2017;Sankt Wolfgang-Kienberg ^<62033>;-
2017;Seckau <62034>;1278,25
2017;Spielberg  ^<62035>;-
2017;Spielberg <62047>;5315,625
2017;Unzmarkt-Frauenburg <62036>;1360
2017;Weißkirchen in Steiermark ^<62037>;-
2017;Weißkirchen in Steiermark <62048>;4886,875
2017;Zeltweg <62038>;7253,875
2017;Allerheiligen im Mürztal ^<61301>;-
2017;Altenberg an der Rax ^<61302>;-
2017;Ganz ^<61303>;-
2017;Kapellen ^<61304>;-
2017;Kindberg ^<61305>;-
2017;Krieglach ^<61306>;-
2017;Langenwang ^<61307>;-
2017;Mitterdorf im Mürztal ^<61308>;-
2017;Mürzhofen ^<61309>;-
2017;Mürzsteg ^<61310>;-
2017;Mürzzuschlag ^<61311>;-
2017;Neuberg an der Mürz ^<61312>;-
2017;Spital am Semmering ^<61313>;-
2017;Stanz im Mürztal ^<61314>;-
2017;Veitsch ^<61315>;-
2017;Wartberg im Mürztal ^<61316>;-
2017;Dürnstein in der Steiermark ^<61401>;-
2017;Falkendorf ^<61402>;-
2017;Frojach-Katsch ^<61403>;-
2017;Krakau <61437>;1431,375
2017;Krakaudorf ^<61404>;-
2017;Krakauhintermühlen ^<61405>;-
2017;Krakauschatten ^<61406>;-
2017;Kulm am Zirbitz ^<61407>;-
2017;Laßnitz bei Murau ^<61408>;-
2017;Mariahof ^<61409>;-
2017;Mühlen <61410>;874,125
2017;Murau ^<61411>;-
2017;Murau <61438>;3644
2017;Neumarkt in der Steiermark <61439>;4980,625
2017;Neumarkt in Steiermark ^<61412>;-
2017;Niederwölz <61413>;595,375
2017;Oberwölz  <61440>;2968,5
2017;Oberwölz Stadt ^<61414>;-
2017;Oberwölz Umgebung ^<61415>;-
2017;Perchau am Sattel ^<61416>;-
2017;Predlitz-Turrach ^<61417>;-
2017;Ranten ^<61418>;-
2017;Ranten <61441>;1160,625
2017;Rinegg ^<61419>;-
2017;Sankt Blasen ^<61420>;-
2017;Sankt Georgen am Kreischberg <61442>;1776
2017;Sankt Georgen ob Murau ^<61421>;-
2017;Sankt Lambrecht ^<61422>;-
2017;Sankt Lambrecht <61443>;1858,75
2017;Sankt Lorenzen bei Scheifling ^<61423>;-
2017;Sankt Marein bei Neumarkt ^<61424>;-
2017;Sankt Ruprecht ob Murau ^<61426>;-
2017;Sankt Ruprecht-Falkendorf ^<61436>;-
2017;St. Peter am Kammersberg <61425>;2056,25
2017;Scheifling ^<61427>;-
2017;Scheifling <61444>;2134,375
2017;Schöder <61428>;954,125
2017;Schönberg-Lachtal ^<61429>;-
2017;Stadl an der Mur ^<61430>;-
2017;Stadl-Predlitz <61445>;1680,75
2017;Stolzalpe ^<61431>;-
2017;Teufenbach ^<61432>;-
2017;Teufenbach-Katsch <61446>;1904
2017;Triebendorf ^<61433>;-
2017;Winklern bei Oberwölz ^<61434>;-
2017;Zeutschach ^<61435>;-
2017;Bad Radkersburg ^<61513>;-
2017;Bierbaum am Auersbach ^<61501>;-
2017;Deutsch Goritz ^<61502>;-
2017;Dietersdorf am Gnasbach ^<61503>;-
2017;Eichfeld ^<61504>;-
2017;Gosdorf ^<61505>;-
2017;Halbenrain ^<61506>;-
2017;Hof bei Straden ^<61508>;-
2017;Klöch ^<61509>;-
2017;Mettersdorf am Saßbach ^<61510>;-
2017;Mureck ^<61511>;-
2017;Murfeld ^<61512>;-
2017;Radkersburg Umgebung ^<61514>;-
2017;Ratschendorf ^<61515>;-
2017;Sankt Peter am Ottersbach ^<61516>;-
2017;Straden ^<61517>;-
2017;Tieschen ^<61518>;-
2017;Trössing ^<61519>;-
2017;Weinburg am Saßbach ^<61520>;-
2017;Auersbach ^<62301>;-
2017;Aug-Radisch ^<62302>;-
2017;Bad Gleichenberg ^<62303>;-
2017;Bad Gleichenberg <62375>;5310,75
2017;Bad Radkersburg ^<62304>;-
2017;Bad Radkersburg <62376>;3169
2017;Bairisch Kölldorf ^<62305>;-
2017;Baumgarten bei Gnas ^<62306>;-
2017;Bierbaum am Auersbach ^<62307>;-
2017;Breitenfeld an der Rittschein ^<62308>;-
2017;Deutsch Goritz ^<62309>;-
2017;Deutsch Goritz <62377>;1818,625
2017;Dietersdorf am Gnasbach ^<62310>;-
2017;Edelsbach bei Feldbach <62311>;1334,75
2017;Edelstauden ^<62312>;-
2017;Eichfeld ^<62313>;-
2017;Eichkögl <62314>;1303,375
2017;Fehring ^<62315>;-
2017;Fehring <62378>;7299,5
2017;Feldbach ^<62316>;-
2017;Feldbach <62379>;13363,625
2017;Fladnitz im Raabtal ^<62317>;-
2017;Frannach ^<62318>;-
2017;Frutten-Gießelsdorf ^<62319>;-
2017;Glojach ^<62320>;-
2017;Gnas ^<62321>;-
2017;Gnas <62380>;6066,625
2017;Gniebing-Weißenbach ^<62322>;-
2017;Gosdorf ^<62323>;-
2017;Gossendorf ^<62324>;-
2017;Grabersdorf ^<62325>;-
2017;Halbenrain <62326>;1751
2017;Hatzendorf ^<62327>;-
2017;Hof bei Straden ^<62328>;-
2017;Hohenbrugg-Weinberg ^<62329>;-
2017;Jagerberg <62330>;1648,75
2017;Johnsdorf-Brunn ^<62331>;-
2017;Kapfenstein <62332>;1568,75
2017;Kirchbach in Steiermark ^<62333>;-
2017;Kirchbach-Zerlach <62381>;3259,25
2017;Kirchberg an der Raab ^<62334>;-
2017;Kirchberg an der Raab <62382>;4464,5
2017;Klöch <62335>;1202,875
2017;Kohlberg ^<62336>;-
2017;Kornberg bei Riegersburg ^<62337>;-
2017;Krusdorf ^<62338>;-
2017;Leitersdorf im Raabtal ^<62339>;-
2017;Lödersdorf ^<62340>;-
2017;Maierdorf ^<62341>;-
2017;Merkendorf ^<62342>;-
2017;Mettersdorf am Saßbach <62343>;1290,625
2017;Mitterlabill ^<62344>;-
2017;Mühldorf bei Feldbach ^<62345>;-
2017;Mureck ^<62346>;-
2017;Mureck <62383>;3573,125
2017;Murfeld <62347>;1652,625
2017;Oberdorf am Hochegg ^<62348>;-
2017;Oberstorcha ^<62349>;-
2017;Paldau ^<62350>;-
2017;Paldau <62384>;3089,25
2017;Perlsdorf ^<62351>;-
2017;Pertlstein ^<62352>;-
2017;Petersdorf II ^<62353>;-
2017;Pirching am Traubenberg ^<62354>;-
2017;Pirching am Traubenberg <62385>;2564,75
2017;Poppendorf ^<62355>;-
2017;Raabau ^<62356>;-
2017;Radkersburg Umgebung ^<62357>;-
2017;Raning ^<62358>;-
2017;Ratschendorf ^<62359>;-
2017;Riegersburg ^<62360>;-
2017;Riegersburg <62386>;4912,25
2017;Sankt Anna am Aigen ^<62361>;-
2017;Sankt Anna am Aigen <62387>;2342,375
2017;Sankt Peter am Ottersbach ^<62362>;-
2017;Sankt Peter am Ottersbach <62388>;2945,625
2017;Sankt Stefan im Rosental ^<62363>;-
2017;Sankt Stefan im Rosental <62389>;3959,125
2017;Schwarzau im Schwarzautal ^<62364>;-
2017;Stainz bei Straden ^<62365>;-
2017;Straden ^<62366>;-
2017;Straden <62390>;3602,5
2017;Studenzen ^<62367>;-
2017;Tieschen <62368>;1266,25
2017;Trautmannsdorf in Oststeiermark ^<62369>;-
2017;Trössing ^<62370>;-
2017;Unterauersbach ^<62371>;-
2017;Unterlamm <62372>;1250,75
2017;Weinburg am Saßbach ^<62373>;-
2017;Zerlach ^<62374>;-
2017;Bärnbach ^<61601>;-
2017;Bärnbach <61626>;5639,5
2017;Edelschrott ^<61602>;-
2017;Edelschrott <61627>;1741,125
2017;Gallmannsegg ^<61603>;-
2017;Geistthal ^<61604>;-
2017;Geistthal-Södingberg <61628>;1542,375
2017;Gößnitz ^<61605>;-
2017;Graden ^<61606>;-
2017;Hirschegg ^<61607>;-
2017;Hirschegg-Pack <61629>;1030,375
2017;Kainach bei Voitsberg ^<61608>;-
2017;Kainach bei Voitsberg <61630>;1637,125
2017;Köflach ^<61609>;-
2017;Köflach <61631>;9959,875
2017;Kohlschwarz ^<61610>;-
2017;Krottendorf-Gaisfeld <61611>;2455,625
2017;Ligist <61612>;3254
2017;Maria Lankowitz ^<61613>;-
2017;Maria Lankowitz <61632>;2873,375
2017;Modriach ^<61614>;-
2017;Mooskirchen <61615>;2206
2017;Pack ^<61616>;-
2017;Piberegg ^<61617>;-
2017;Rosental an der Kainach <61618>;1669,875
2017;Salla ^<61619>;-
2017;Sankt Johann-Köppling ^<61620>;-
2017;Sankt Martin am Wöllmißberg <61621>;796,125
2017;Söding ^<61622>;-
2017;Södingberg ^<61623>;-
2017;Söding-Sankt Johann <61633>;4109
2017;Stallhofen <61624>;3130,875
2017;Voitsberg <61625>;9443,5
2017;Albersdorf-Prebuch <61701>;2043,5
2017;Anger ^<61702>;-
2017;Anger <61756>;4147,875
2017;Arzberg ^<61703>;-
2017;Baierdorf bei Anger ^<61704>;-
2017;Birkfeld ^<61705>;-
2017;Birkfeld <61757>;5006,25
2017;Etzersdorf-Rollsdorf ^<61706>;-
2017;Feistritz bei Anger ^<61707>;-
2017;Fischbach <61708>;1520,25
2017;Fladnitz an der Teichalm ^<61709>;-
2017;Fladnitz an der Teichalm <61758>;1793
2017;Floing <61710>;1195,375
2017;Gasen <61711>;915,375
2017;Gersdorf an der Feistritz ^<61712>;-
2017;Gersdorf an der Feistritz <61759>;1688,375
2017;Gleisdorf ^<61713>;-
2017;Gleisdorf <61760>;10732,125
2017;Gschaid bei Birkfeld ^<61714>;-
2017;Gutenberg an der Raabklamm ^<61715>;-
2017;Gutenberg <61761>;1765,875
2017;Haslau bei Birkfeld ^<61717>;-
2017;Hirnsdorf ^<61718>;-
2017;Hofstätten an der Raab <61719>;2219,5
2017;Hohenau an der Raab ^<61720>;-
2017;Ilztal ^<61721>;-
2017;Ilztal <61762>;2136,75
2017;Koglhof ^<61722>;-
2017;Krottendorf ^<61723>;-
2017;Kulm bei Weiz ^<61724>;-
2017;Labuch ^<61725>;-
2017;Laßnitzthal ^<61726>;-
2017;Ludersdorf-Wilfersdorf <61727>;2349,75
2017;Markt Hartmannsdorf <61716>;2953,5
2017;Miesenbach bei Birkfeld <61728>;693,5
2017;Mitterdorf an der Raab <61729>;2056,5
2017;Mortantsch <61730>;2139,125
2017;Naas <61731>;1365,5
2017;Naintsch ^<61732>;-
2017;Neudorf bei Passail ^<61733>;-
2017;Nitscha ^<61734>;-
2017;Oberrettenbach ^<61735>;-
2017;Passail ^<61736>;-
2017;Passail <61763>;4281,875
2017;Pischelsdorf am Kulm <61764>;3689,125
2017;Pischelsdorf in der Steiermark ^<61737>;-
2017;Pöllau bei Gleisdorf ^<61738>;-
2017;Preßguts ^<61739>;-
2017;Puch bei Weiz <61740>;2096,75
2017;Ratten <61741>;1137,5
2017;Reichendorf ^<61742>;-
2017;Rettenegg <61743>;745,25
2017;St. Kathrein am Hauenstein <61744>;639,25
2017;St. Margarethen an der Raab <61746>;4073,375
2017;Sankt Kathrein am Offenegg <61745>;1078,25
2017;Sankt Ruprecht an der Raab ^<61747>;-
2017;Sankt Ruprecht an der Raab <61765>;5269,75
2017;Sinabelkirchen <61748>;4202,625
2017;Stenzengreith ^<61749>;-
2017;Strallegg <61750>;1947,5
2017;Thannhausen <61751>;2435,625
2017;Ungerdorf ^<61752>;-
2017;Unterfladnitz ^<61753>;-
2017;Waisenegg ^<61754>;-
2017;Weiz ^<61755>;-
2017;Weiz <61766>;11560,125
2018;Graz <60101>;287043,5
2018;Eisenerz <61101>;3974,625
2018;Gai ^<61102>;-
2018;Hafning bei Trofaiach ^<61103>;-
2018;Hieflau ^<61104>;-
2018;Kalwang <61105>;989,5
2018;Kammern im Liesingtal <61106>;1593,75
2018;Kraubath an der Mur <61107>;1292,375
2018;Leoben <61108>;24604,875
2018;Mautern in Steiermark <61109>;1761,125
2018;Niklasdorf <61110>;2453,375
2018;Proleb <61111>;1533,5
2018;Radmer <61112>;547
2018;Sankt Michael in Obersteiermark <61113>;3057
2018;Sankt Peter-Freienstein <61114>;2378,875
2018;Sankt Stefan ob Leoben <61115>;1921,5
2018;Traboch <61116>;1390,125
2018;Trofaiach ^<61117>;-
2018;Trofaiach <61120>;11105
2018;Vordernberg <61118>;1020,875
2018;Wald am Schoberpaß <61119>;569,625
2018;Admont ^<61201>;-
2018;Admont <61253>;4987,625
2018;Aich ^<61202>;-
2018;Aich <61254>;1288,625
2018;Aigen im Ennstal <61203>;2675,625
2018;Altaussee <61204>;1881,75
2018;Altenmarkt bei Sankt Gallen <61205>;818,625
2018;Ardning <61206>;1229,75
2018;Bad Aussee <61207>;4852,625
2018;Bad Mitterndorf ^<61226>;-
2018;Bad Mitterndorf <61255>;4946,375
2018;Donnersbach ^<61208>;-
2018;Donnersbachwald ^<61209>;-
2018;Gaishorn am See ^<61210>;-
2018;Gaishorn am See <61256>;1315,5
2018;Gams bei Hieflau ^<61211>;-
2018;Gössenberg ^<61212>;-
2018;Gröbming <61213>;3037,625
2018;Großsölk ^<61214>;-
2018;Grundlsee <61215>;1198,375
2018;Hall ^<61216>;-
2018;Haus <61217>;2429,75
2018;Irdning ^<61218>;-
2018;Irdning-Donnersbachtal <61257>;4144,5
2018;Johnsbach ^<61219>;-
2018;Kleinsölk ^<61220>;-
2018;Landl ^<61221>;-
2018;Landl <61258>;2728,625
2018;Lassing <61222>;1726,125
2018;Liezen ^<61223>;-
2018;Liezen <61259>;8194,625
2018;Michaelerberg ^<61224>;-
2018;Michaelerberg-Pruggern <61260>;1169,75
2018;Mitterberg ^<61225>;-
2018;Mitterberg-Sankt Martin <61261>;1933,25
2018;Niederöblarn ^<61227>;-
2018;Öblarn ^<61228>;-
2018;Öblarn <61262>;2013
2018;Oppenberg ^<61229>;-
2018;Palfau ^<61230>;-
2018;Palten ^<61231>;-
2018;Pichl-Kainisch ^<61233>;-
2018;Pichl-Preunegg ^<61232>;-
2018;Pruggern ^<61234>;-
2018;Pürgg-Trautenfels ^<61235>;-
2018;Ramsau am Dachstein <61236>;2810
2018;Rohrmoos-Untertal ^<61237>;-
2018;Rottenmann ^<61238>;-
2018;Rottenmann <61263>;5233,125
2018;Sankt Gallen ^<61239>;-
2018;Sankt Gallen <61264>;1822
2018;Sankt Martin am Grimming ^<61240>;-
2018;Sankt Nikolai im Sölktal ^<61241>;-
2018;Schladming ^<61242>;-
2018;Schladming <61265>;6653,5
2018;Selzthal <61243>;1576,5
2018;Sölk <61266>;1500
2018;Stainach ^<61244>;-
2018;Stainach-Pürgg <61267>;2849,375
2018;Tauplitz ^<61245>;-
2018;Treglwang ^<61246>;-
2018;Trieben <61247>;3401,375
2018;Weißenbach an der Enns ^<61248>;-
2018;Weißenbach bei Liezen ^<61249>;-
2018;Weng im Gesäuse ^<61250>;-
2018;Wildalpen <61251>;463,75
2018;Wörschach <61252>;1127,125
2018;Amering ^<62001>;-
2018;Apfelberg ^<62002>;-
2018;Bretstein ^<62003>;-
2018;Eppenstein ^<62004>;-
2018;Feistritz bei Knittelfeld ^<62005>;-
2018;Flatschach ^<62006>;-
2018;Fohnsdorf <62007>;7687,125
2018;Gaal <62008>;1380,25
2018;Großlobming ^<62009>;-
2018;Hohentauern <62010>;404,75
2018;Judenburg ^<62011>;-
2018;Judenburg <62040>;9937,875
2018;Kleinlobming ^<62012>;-
2018;Knittelfeld ^<62013>;-
2018;Knittelfeld <62041>;12615,625
2018;Kobenz <62014>;1895,75
2018;Lobmingtal <62039>;1852,375
2018;Maria Buch-Feistritz ^<62015>;-
2018;Obdach ^<62016>;-
2018;Obdach <62042>;3787,25
2018;Oberkurzheim ^<62017>;-
2018;Oberweg ^<62018>;-
2018;Oberzeiring ^<62019>;-
2018;Pöls ^<62020>;-
2018;Pöls-Oberkurzheim <62043>;2961
2018;Pölstal <62044>;2635,25
2018;Pusterwald <62021>;449,5
2018;Rachau ^<62022>;-
2018;Reifling ^<62023>;-
2018;Reisstraße ^<62024>;-
2018;Sankt Anna am Lavantegg ^<62025>;-
2018;Sankt Georgen ob Judenburg <62026>;847,875
2018;Sankt Johann am Tauern ^<62027>;-
2018;Sankt Lorenzen bei Knittelfeld ^<62028>;-
2018;Sankt Marein bei Knittelfeld ^<62029>;-
2018;Sankt Marein-Feistritz <62045>;2010,375
2018;Sankt Margarethen bei Knittelfeld ^<62030>;-
2018;Sankt Margarethen bei Knittelfeld <62046>;2720,125
2018;Sankt Oswald-Möderbrugg ^<62031>;-
2018;Sankt Peter ob Judenburg <62032>;1099,875
2018;Sankt Wolfgang-Kienberg ^<62033>;-
2018;Seckau <62034>;1280
2018;Spielberg  ^<62035>;-
2018;Spielberg <62047>;5394
2018;Unzmarkt-Frauenburg <62036>;1337,25
2018;Weißkirchen in Steiermark ^<62037>;-
2018;Weißkirchen in Steiermark <62048>;4822,875
2018;Zeltweg <62038>;7147
2018;Allerheiligen im Mürztal ^<61301>;-
2018;Altenberg an der Rax ^<61302>;-
2018;Ganz ^<61303>;-
2018;Kapellen ^<61304>;-
2018;Kindberg ^<61305>;-
2018;Krieglach ^<61306>;-
2018;Langenwang ^<61307>;-
2018;Mitterdorf im Mürztal ^<61308>;-
2018;Mürzhofen ^<61309>;-
2018;Mürzsteg ^<61310>;-
2018;Mürzzuschlag ^<61311>;-
2018;Neuberg an der Mürz ^<61312>;-
2018;Spital am Semmering ^<61313>;-
2018;Stanz im Mürztal ^<61314>;-
2018;Veitsch ^<61315>;-
2018;Wartberg im Mürztal ^<61316>;-
2018;Dürnstein in der Steiermark ^<61401>;-
2018;Falkendorf ^<61402>;-
2018;Frojach-Katsch ^<61403>;-
2018;Krakau <61437>;1407,125
2018;Krakaudorf ^<61404>;-
2018;Krakauhintermühlen ^<61405>;-
2018;Krakauschatten ^<61406>;-
2018;Kulm am Zirbitz ^<61407>;-
2018;Laßnitz bei Murau ^<61408>;-
2018;Mariahof ^<61409>;-
2018;Mühlen <61410>;877,25
2018;Murau ^<61411>;-
2018;Murau <61438>;3582
2018;Neumarkt in der Steiermark <61439>;4939
2018;Neumarkt in Steiermark ^<61412>;-
2018;Niederwölz <61413>;597,75
2018;Oberwölz  <61440>;2948,75
2018;Oberwölz Stadt ^<61414>;-
2018;Oberwölz Umgebung ^<61415>;-
2018;Perchau am Sattel ^<61416>;-
2018;Predlitz-Turrach ^<61417>;-
2018;Ranten ^<61418>;-
2018;Ranten <61441>;1161,625
2018;Rinegg ^<61419>;-
2018;Sankt Blasen ^<61420>;-
2018;Sankt Georgen am Kreischberg <61442>;1757,625
2018;Sankt Georgen ob Murau ^<61421>;-
2018;Sankt Lambrecht ^<61422>;-
2018;Sankt Lambrecht <61443>;1831
2018;Sankt Lorenzen bei Scheifling ^<61423>;-
2018;Sankt Marein bei Neumarkt ^<61424>;-
2018;Sankt Ruprecht ob Murau ^<61426>;-
2018;Sankt Ruprecht-Falkendorf ^<61436>;-
2018;St. Peter am Kammersberg <61425>;2054,125
2018;Scheifling ^<61427>;-
2018;Scheifling <61444>;2128,125
2018;Schöder <61428>;938,5
2018;Schönberg-Lachtal ^<61429>;-
2018;Stadl an der Mur ^<61430>;-
2018;Stadl-Predlitz <61445>;1665,75
2018;Stolzalpe ^<61431>;-
2018;Teufenbach ^<61432>;-
2018;Teufenbach-Katsch <61446>;1891,125
2018;Triebendorf ^<61433>;-
2018;Winklern bei Oberwölz ^<61434>;-
2018;Zeutschach ^<61435>;-
2018;Bad Radkersburg ^<61513>;-
2018;Bierbaum am Auersbach ^<61501>;-
2018;Deutsch Goritz ^<61502>;-
2018;Dietersdorf am Gnasbach ^<61503>;-
2018;Eichfeld ^<61504>;-
2018;Gosdorf ^<61505>;-
2018;Halbenrain ^<61506>;-
2018;Hof bei Straden ^<61508>;-
2018;Klöch ^<61509>;-
2018;Mettersdorf am Saßbach ^<61510>;-
2018;Mureck ^<61511>;-
2018;Murfeld ^<61512>;-
2018;Radkersburg Umgebung ^<61514>;-
2018;Ratschendorf ^<61515>;-
2018;Sankt Peter am Ottersbach ^<61516>;-
2018;Straden ^<61517>;-
2018;Tieschen ^<61518>;-
2018;Trössing ^<61519>;-
2018;Weinburg am Saßbach ^<61520>;-
2018;Auersbach ^<62301>;-
2018;Aug-Radisch ^<62302>;-
2018;Bad Gleichenberg ^<62303>;-
2018;Bad Gleichenberg <62375>;5288,375
2018;Bad Radkersburg ^<62304>;-
2018;Bad Radkersburg <62376>;3157,75
2018;Bairisch Kölldorf ^<62305>;-
2018;Baumgarten bei Gnas ^<62306>;-
2018;Bierbaum am Auersbach ^<62307>;-
2018;Breitenfeld an der Rittschein ^<62308>;-
2018;Deutsch Goritz ^<62309>;-
2018;Deutsch Goritz <62377>;1818,625
2018;Dietersdorf am Gnasbach ^<62310>;-
2018;Edelsbach bei Feldbach <62311>;1350
2018;Edelstauden ^<62312>;-
2018;Eichfeld ^<62313>;-
2018;Eichkögl <62314>;1319,875
2018;Fehring ^<62315>;-
2018;Fehring <62378>;7249,25
2018;Feldbach ^<62316>;-
2018;Feldbach <62379>;13455
2018;Fladnitz im Raabtal ^<62317>;-
2018;Frannach ^<62318>;-
2018;Frutten-Gießelsdorf ^<62319>;-
2018;Glojach ^<62320>;-
2018;Gnas ^<62321>;-
2018;Gnas <62380>;6023,375
2018;Gniebing-Weißenbach ^<62322>;-
2018;Gosdorf ^<62323>;-
2018;Gossendorf ^<62324>;-
2018;Grabersdorf ^<62325>;-
2018;Halbenrain <62326>;1748,25
2018;Hatzendorf ^<62327>;-
2018;Hof bei Straden ^<62328>;-
2018;Hohenbrugg-Weinberg ^<62329>;-
2018;Jagerberg <62330>;1652,125
2018;Johnsdorf-Brunn ^<62331>;-
2018;Kapfenstein <62332>;1555,25
2018;Kirchbach in Steiermark ^<62333>;-
2018;Kirchbach-Zerlach <62381>;3249,5
2018;Kirchberg an der Raab ^<62334>;-
2018;Kirchberg an der Raab <62382>;4501,25
2018;Klöch <62335>;1189,375
2018;Kohlberg ^<62336>;-
2018;Kornberg bei Riegersburg ^<62337>;-
2018;Krusdorf ^<62338>;-
2018;Leitersdorf im Raabtal ^<62339>;-
2018;Lödersdorf ^<62340>;-
2018;Maierdorf ^<62341>;-
2018;Merkendorf ^<62342>;-
2018;Mettersdorf am Saßbach <62343>;1268,375
2018;Mitterlabill ^<62344>;-
2018;Mühldorf bei Feldbach ^<62345>;-
2018;Mureck ^<62346>;-
2018;Mureck <62383>;3548,5
2018;Murfeld <62347>;1653,75
2018;Oberdorf am Hochegg ^<62348>;-
2018;Oberstorcha ^<62349>;-
2018;Paldau ^<62350>;-
2018;Paldau <62384>;3128,375
2018;Perlsdorf ^<62351>;-
2018;Pertlstein ^<62352>;-
2018;Petersdorf II ^<62353>;-
2018;Pirching am Traubenberg ^<62354>;-
2018;Pirching am Traubenberg <62385>;2560,25
2018;Poppendorf ^<62355>;-
2018;Raabau ^<62356>;-
2018;Radkersburg Umgebung ^<62357>;-
2018;Raning ^<62358>;-
2018;Ratschendorf ^<62359>;-
2018;Riegersburg ^<62360>;-
2018;Riegersburg <62386>;4933,125
2018;Sankt Anna am Aigen ^<62361>;-
2018;Sankt Anna am Aigen <62387>;2344,75
2018;Sankt Peter am Ottersbach ^<62362>;-
2018;Sankt Peter am Ottersbach <62388>;2941,25
2018;Sankt Stefan im Rosental ^<62363>;-
2018;Sankt Stefan im Rosental <62389>;3957,125
2018;Schwarzau im Schwarzautal ^<62364>;-
2018;Stainz bei Straden ^<62365>;-
2018;Straden ^<62366>;-
2018;Straden <62390>;3576,625
2018;Studenzen ^<62367>;-
2018;Tieschen <62368>;1242,875
2018;Trautmannsdorf in Oststeiermark ^<62369>;-
2018;Trössing ^<62370>;-
2018;Unterauersbach ^<62371>;-
2018;Unterlamm <62372>;1257,75
2018;Weinburg am Saßbach ^<62373>;-
2018;Zerlach ^<62374>;-
2018;Bärnbach ^<61601>;-
2018;Bärnbach <61626>;5654,375
2018;Edelschrott ^<61602>;-
2018;Edelschrott <61627>;1725,375
2018;Gallmannsegg ^<61603>;-
2018;Geistthal ^<61604>;-
2018;Geistthal-Södingberg <61628>;1526
2018;Gößnitz ^<61605>;-
2018;Graden ^<61606>;-
2018;Hirschegg ^<61607>;-
2018;Hirschegg-Pack <61629>;1016,125
2018;Kainach bei Voitsberg ^<61608>;-
2018;Kainach bei Voitsberg <61630>;1606,75
2018;Köflach ^<61609>;-
2018;Köflach <61631>;9868,625
2018;Kohlschwarz ^<61610>;-
2018;Krottendorf-Gaisfeld <61611>;2457,5
2018;Ligist <61612>;3262
2018;Maria Lankowitz ^<61613>;-
2018;Maria Lankowitz <61632>;2842,625
2018;Modriach ^<61614>;-
2018;Mooskirchen <61615>;2198,625
2018;Pack ^<61616>;-
2018;Piberegg ^<61617>;-
2018;Rosental an der Kainach <61618>;1668,5
2018;Salla ^<61619>;-
2018;Sankt Johann-Köppling ^<61620>;-
2018;Sankt Martin am Wöllmißberg <61621>;807,625
2018;Söding ^<61622>;-
2018;Södingberg ^<61623>;-
2018;Söding-Sankt Johann <61633>;4094,875
2018;Stallhofen <61624>;3107,25
2018;Voitsberg <61625>;9416,375
2018;Albersdorf-Prebuch <61701>;2095,625
2018;Anger ^<61702>;-
2018;Anger <61756>;4067,25
2018;Arzberg ^<61703>;-
2018;Baierdorf bei Anger ^<61704>;-
2018;Birkfeld ^<61705>;-
2018;Birkfeld <61757>;4977,875
2018;Etzersdorf-Rollsdorf ^<61706>;-
2018;Feistritz bei Anger ^<61707>;-
2018;Fischbach <61708>;1525,5
2018;Fladnitz an der Teichalm ^<61709>;-
2018;Fladnitz an der Teichalm <61758>;1794,75
2018;Floing <61710>;1202,375
2018;Gasen <61711>;905,25
2018;Gersdorf an der Feistritz ^<61712>;-
2018;Gersdorf an der Feistritz <61759>;1701,625
2018;Gleisdorf ^<61713>;-
2018;Gleisdorf <61760>;10750,25
2018;Gschaid bei Birkfeld ^<61714>;-
2018;Gutenberg an der Raabklamm ^<61715>;-
2018;Gutenberg <61761>;1778,125
2018;Haslau bei Birkfeld ^<61717>;-
2018;Hirnsdorf ^<61718>;-
2018;Hofstätten an der Raab <61719>;2280,25
2018;Hohenau an der Raab ^<61720>;-
2018;Ilztal ^<61721>;-
2018;Ilztal <61762>;2155,875
2018;Koglhof ^<61722>;-
2018;Krottendorf ^<61723>;-
2018;Kulm bei Weiz ^<61724>;-
2018;Labuch ^<61725>;-
2018;Laßnitzthal ^<61726>;-
2018;Ludersdorf-Wilfersdorf <61727>;2426,875
2018;Markt Hartmannsdorf <61716>;2941,625
2018;Miesenbach bei Birkfeld <61728>;690,375
2018;Mitterdorf an der Raab <61729>;2086,25
2018;Mortantsch <61730>;2176
2018;Naas <61731>;1370,75
2018;Naintsch ^<61732>;-
2018;Neudorf bei Passail ^<61733>;-
2018;Nitscha ^<61734>;-
2018;Oberrettenbach ^<61735>;-
2018;Passail ^<61736>;-
2018;Passail <61763>;4262
2018;Pischelsdorf am Kulm <61764>;3698,375
2018;Pischelsdorf in der Steiermark ^<61737>;-
2018;Pöllau bei Gleisdorf ^<61738>;-
2018;Preßguts ^<61739>;-
2018;Puch bei Weiz <61740>;2071,375
2018;Ratten <61741>;1129,375
2018;Reichendorf ^<61742>;-
2018;Rettenegg <61743>;725,875
2018;St. Kathrein am Hauenstein <61744>;634,875
2018;St. Margarethen an der Raab <61746>;4090,5
2018;Sankt Kathrein am Offenegg <61745>;1085
2018;Sankt Ruprecht an der Raab ^<61747>;-
2018;Sankt Ruprecht an der Raab <61765>;5316,125
2018;Sinabelkirchen <61748>;4245,5
2018;Stenzengreith ^<61749>;-
2018;Strallegg <61750>;1918,125
2018;Thannhausen <61751>;2442,5
2018;Ungerdorf ^<61752>;-
2018;Unterfladnitz ^<61753>;-
2018;Waisenegg ^<61754>;-
2018;Weiz ^<61755>;-
2018;Weiz <61766>;11666
2019;Graz <60101>;289843,25
2019;Eisenerz <61101>;3859,875
2019;Gai ^<61102>;-
2019;Hafning bei Trofaiach ^<61103>;-
2019;Hieflau ^<61104>;-
2019;Kalwang <61105>;985,375
2019;Kammern im Liesingtal <61106>;1588,5
2019;Kraubath an der Mur <61107>;1314
2019;Leoben <61108>;24452,375
2019;Mautern in Steiermark <61109>;1754,375
2019;Niklasdorf <61110>;2391
2019;Proleb <61111>;1559,125
2019;Radmer <61112>;532,5
2019;Sankt Michael in Obersteiermark <61113>;3054,875
2019;Sankt Peter-Freienstein <61114>;2372,25
2019;Sankt Stefan ob Leoben <61115>;1908,5
2019;Traboch <61116>;1389,5
2019;Trofaiach ^<61117>;-
2019;Trofaiach <61120>;11118
2019;Vordernberg <61118>;997,25
2019;Wald am Schoberpaß <61119>;549
2019;Admont ^<61201>;-
2019;Admont <61253>;4975,625
2019;Aich ^<61202>;-
2019;Aich <61254>;1299
2019;Aigen im Ennstal <61203>;2647,125
2019;Altaussee <61204>;1879
2019;Altenmarkt bei Sankt Gallen <61205>;816,625
2019;Ardning <61206>;1219,125
2019;Bad Aussee <61207>;4854,75
2019;Bad Mitterndorf ^<61226>;-
2019;Bad Mitterndorf <61255>;4932,125
2019;Donnersbach ^<61208>;-
2019;Donnersbachwald ^<61209>;-
2019;Gaishorn am See ^<61210>;-
2019;Gaishorn am See <61256>;1290,375
2019;Gams bei Hieflau ^<61211>;-
2019;Gössenberg ^<61212>;-
2019;Gröbming <61213>;3058,625
2019;Großsölk ^<61214>;-
2019;Grundlsee <61215>;1179,125
2019;Hall ^<61216>;-
2019;Haus <61217>;2425
2019;Irdning ^<61218>;-
2019;Irdning-Donnersbachtal <61257>;4135,125
2019;Johnsbach ^<61219>;-
2019;Kleinsölk ^<61220>;-
2019;Landl ^<61221>;-
2019;Landl <61258>;2702,5
2019;Lassing <61222>;1715,125
2019;Liezen ^<61223>;-
2019;Liezen <61259>;8258,5
2019;Michaelerberg ^<61224>;-
2019;Michaelerberg-Pruggern <61260>;1154,625
2019;Mitterberg ^<61225>;-
2019;Mitterberg-Sankt Martin <61261>;1941,75
2019;Niederöblarn ^<61227>;-
2019;Öblarn ^<61228>;-
2019;Öblarn <61262>;2025,625
2019;Oppenberg ^<61229>;-
2019;Palfau ^<61230>;-
2019;Palten ^<61231>;-
2019;Pichl-Kainisch ^<61233>;-
2019;Pichl-Preunegg ^<61232>;-
2019;Pruggern ^<61234>;-
2019;Pürgg-Trautenfels ^<61235>;-
2019;Ramsau am Dachstein <61236>;2811
2019;Rohrmoos-Untertal ^<61237>;-
2019;Rottenmann ^<61238>;-
2019;Rottenmann <61263>;5183,375
2019;Sankt Gallen ^<61239>;-
2019;Sankt Gallen <61264>;1816,875
2019;Sankt Martin am Grimming ^<61240>;-
2019;Sankt Nikolai im Sölktal ^<61241>;-
2019;Schladming ^<61242>;-
2019;Schladming <61265>;6611,5
2019;Selzthal <61243>;1549,625
2019;Sölk <61266>;1499,25
2019;Stainach ^<61244>;-
2019;Stainach-Pürgg <61267>;2825,375
2019;Tauplitz ^<61245>;-
2019;Treglwang ^<61246>;-
2019;Trieben <61247>;3400,375
2019;Weißenbach an der Enns ^<61248>;-
2019;Weißenbach bei Liezen ^<61249>;-
2019;Weng im Gesäuse ^<61250>;-
2019;Wildalpen <61251>;459,625
2019;Wörschach <61252>;1145,625
2019;Amering ^<62001>;-
2019;Apfelberg ^<62002>;-
2019;Bretstein ^<62003>;-
2019;Eppenstein ^<62004>;-
2019;Feistritz bei Knittelfeld ^<62005>;-
2019;Flatschach ^<62006>;-
2019;Fohnsdorf <62007>;7666,375
2019;Gaal <62008>;1359,625
2019;Großlobming ^<62009>;-
2019;Hohentauern <62010>;392,5
2019;Judenburg ^<62011>;-
2019;Judenburg <62040>;9880,5
2019;Kleinlobming ^<62012>;-
2019;Knittelfeld ^<62013>;-
2019;Knittelfeld <62041>;12608,25
2019;Kobenz <62014>;1899,625
2019;Lobmingtal <62039>;1845
2019;Maria Buch-Feistritz ^<62015>;-
2019;Obdach ^<62016>;-
2019;Obdach <62042>;3755,75
2019;Oberkurzheim ^<62017>;-
2019;Oberweg ^<62018>;-
2019;Oberzeiring ^<62019>;-
2019;Pöls ^<62020>;-
2019;Pöls-Oberkurzheim <62043>;2960,25
2019;Pölstal <62044>;2596,125
2019;Pusterwald <62021>;442,75
2019;Rachau ^<62022>;-
2019;Reifling ^<62023>;-
2019;Reisstraße ^<62024>;-
2019;Sankt Anna am Lavantegg ^<62025>;-
2019;Sankt Georgen ob Judenburg <62026>;837,75
2019;Sankt Johann am Tauern ^<62027>;-
2019;Sankt Lorenzen bei Knittelfeld ^<62028>;-
2019;Sankt Marein bei Knittelfeld ^<62029>;-
2019;Sankt Marein-Feistritz <62045>;2018,625
2019;Sankt Margarethen bei Knittelfeld ^<62030>;-
2019;Sankt Margarethen bei Knittelfeld <62046>;2700
2019;Sankt Oswald-Möderbrugg ^<62031>;-
2019;Sankt Peter ob Judenburg <62032>;1081,875
2019;Sankt Wolfgang-Kienberg ^<62033>;-
2019;Seckau <62034>;1289,75
2019;Spielberg  ^<62035>;-
2019;Spielberg <62047>;5371,25
2019;Unzmarkt-Frauenburg <62036>;1315,5
2019;Weißkirchen in Steiermark ^<62037>;-
2019;Weißkirchen in Steiermark <62048>;4793
2019;Zeltweg <62038>;7034,75
2019;Allerheiligen im Mürztal ^<61301>;-
2019;Altenberg an der Rax ^<61302>;-
2019;Ganz ^<61303>;-
2019;Kapellen ^<61304>;-
2019;Kindberg ^<61305>;-
2019;Krieglach ^<61306>;-
2019;Langenwang ^<61307>;-
2019;Mitterdorf im Mürztal ^<61308>;-
2019;Mürzhofen ^<61309>;-
2019;Mürzsteg ^<61310>;-
2019;Mürzzuschlag ^<61311>;-
2019;Neuberg an der Mürz ^<61312>;-
2019;Spital am Semmering ^<61313>;-
2019;Stanz im Mürztal ^<61314>;-
2019;Veitsch ^<61315>;-
2019;Wartberg im Mürztal ^<61316>;-
2019;Dürnstein in der Steiermark ^<61401>;-
2019;Falkendorf ^<61402>;-
2019;Frojach-Katsch ^<61403>;-
2019;Krakau <61437>;1389,25
2019;Krakaudorf ^<61404>;-
2019;Krakauhintermühlen ^<61405>;-
2019;Krakauschatten ^<61406>;-
2019;Kulm am Zirbitz ^<61407>;-
2019;Laßnitz bei Murau ^<61408>;-
2019;Mariahof ^<61409>;-
2019;Mühlen <61410>;878,625
2019;Murau ^<61411>;-
2019;Murau <61438>;3518,25
2019;Neumarkt in der Steiermark <61439>;4897,75
2019;Neumarkt in Steiermark ^<61412>;-
2019;Niederwölz <61413>;593,5
2019;Oberwölz  <61440>;2932,75
2019;Oberwölz Stadt ^<61414>;-
2019;Oberwölz Umgebung ^<61415>;-
2019;Perchau am Sattel ^<61416>;-
2019;Predlitz-Turrach ^<61417>;-
2019;Ranten ^<61418>;-
2019;Ranten <61441>;1165,375
2019;Rinegg ^<61419>;-
2019;Sankt Blasen ^<61420>;-
2019;Sankt Georgen am Kreischberg <61442>;1756,25
2019;Sankt Georgen ob Murau ^<61421>;-
2019;Sankt Lambrecht ^<61422>;-
2019;Sankt Lambrecht <61443>;1796,75
2019;Sankt Lorenzen bei Scheifling ^<61423>;-
2019;Sankt Marein bei Neumarkt ^<61424>;-
2019;Sankt Ruprecht ob Murau ^<61426>;-
2019;Sankt Ruprecht-Falkendorf ^<61436>;-
2019;St. Peter am Kammersberg <61425>;2053,875
2019;Scheifling ^<61427>;-
2019;Scheifling <61444>;2124,625
2019;Schöder <61428>;930,625
2019;Schönberg-Lachtal ^<61429>;-
2019;Stadl an der Mur ^<61430>;-
2019;Stadl-Predlitz <61445>;1665,875
2019;Stolzalpe ^<61431>;-
2019;Teufenbach ^<61432>;-
2019;Teufenbach-Katsch <61446>;1881,5
2019;Triebendorf ^<61433>;-
2019;Winklern bei Oberwölz ^<61434>;-
2019;Zeutschach ^<61435>;-
2019;Bad Radkersburg ^<61513>;-
2019;Bierbaum am Auersbach ^<61501>;-
2019;Deutsch Goritz ^<61502>;-
2019;Dietersdorf am Gnasbach ^<61503>;-
2019;Eichfeld ^<61504>;-
2019;Gosdorf ^<61505>;-
2019;Halbenrain ^<61506>;-
2019;Hof bei Straden ^<61508>;-
2019;Klöch ^<61509>;-
2019;Mettersdorf am Saßbach ^<61510>;-
2019;Mureck ^<61511>;-
2019;Murfeld ^<61512>;-
2019;Radkersburg Umgebung ^<61514>;-
2019;Ratschendorf ^<61515>;-
2019;Sankt Peter am Ottersbach ^<61516>;-
2019;Straden ^<61517>;-
2019;Tieschen ^<61518>;-
2019;Trössing ^<61519>;-
2019;Weinburg am Saßbach ^<61520>;-
2019;Auersbach ^<62301>;-
2019;Aug-Radisch ^<62302>;-
2019;Bad Gleichenberg ^<62303>;-
2019;Bad Gleichenberg <62375>;5243,875
2019;Bad Radkersburg ^<62304>;-
2019;Bad Radkersburg <62376>;3156,25
2019;Bairisch Kölldorf ^<62305>;-
2019;Baumgarten bei Gnas ^<62306>;-
2019;Bierbaum am Auersbach ^<62307>;-
2019;Breitenfeld an der Rittschein ^<62308>;-
2019;Deutsch Goritz ^<62309>;-
2019;Deutsch Goritz <62377>;1801
2019;Dietersdorf am Gnasbach ^<62310>;-
2019;Edelsbach bei Feldbach <62311>;1351,5
2019;Edelstauden ^<62312>;-
2019;Eichfeld ^<62313>;-
2019;Eichkögl <62314>;1331
2019;Fehring ^<62315>;-
2019;Fehring <62378>;7218,75
2019;Feldbach ^<62316>;-
2019;Feldbach <62379>;13504,375
2019;Fladnitz im Raabtal ^<62317>;-
2019;Frannach ^<62318>;-
2019;Frutten-Gießelsdorf ^<62319>;-
2019;Glojach ^<62320>;-
2019;Gnas ^<62321>;-
2019;Gnas <62380>;6006,5
2019;Gniebing-Weißenbach ^<62322>;-
2019;Gosdorf ^<62323>;-
2019;Gossendorf ^<62324>;-
2019;Grabersdorf ^<62325>;-
2019;Halbenrain <62326>;1744
2019;Hatzendorf ^<62327>;-
2019;Hof bei Straden ^<62328>;-
2019;Hohenbrugg-Weinberg ^<62329>;-
2019;Jagerberg <62330>;1636,25
2019;Johnsdorf-Brunn ^<62331>;-
2019;Kapfenstein <62332>;1562,125
2019;Kirchbach in Steiermark ^<62333>;-
2019;Kirchbach-Zerlach <62381>;3255,75
2019;Kirchberg an der Raab ^<62334>;-
2019;Kirchberg an der Raab <62382>;4555,875
2019;Klöch <62335>;1176,875
2019;Kohlberg ^<62336>;-
2019;Kornberg bei Riegersburg ^<62337>;-
2019;Krusdorf ^<62338>;-
2019;Leitersdorf im Raabtal ^<62339>;-
2019;Lödersdorf ^<62340>;-
2019;Maierdorf ^<62341>;-
2019;Merkendorf ^<62342>;-
2019;Mettersdorf am Saßbach <62343>;1278,125
2019;Mitterlabill ^<62344>;-
2019;Mühldorf bei Feldbach ^<62345>;-
2019;Mureck ^<62346>;-
2019;Mureck <62383>;3524,75
2019;Murfeld <62347>;1676,25
2019;Oberdorf am Hochegg ^<62348>;-
2019;Oberstorcha ^<62349>;-
2019;Paldau ^<62350>;-
2019;Paldau <62384>;3144,5
2019;Perlsdorf ^<62351>;-
2019;Pertlstein ^<62352>;-
2019;Petersdorf II ^<62353>;-
2019;Pirching am Traubenberg ^<62354>;-
2019;Pirching am Traubenberg <62385>;2549
2019;Poppendorf ^<62355>;-
2019;Raabau ^<62356>;-
2019;Radkersburg Umgebung ^<62357>;-
2019;Raning ^<62358>;-
2019;Ratschendorf ^<62359>;-
2019;Riegersburg ^<62360>;-
2019;Riegersburg <62386>;4955,875
2019;Sankt Anna am Aigen ^<62361>;-
2019;Sankt Anna am Aigen <62387>;2361,5
2019;Sankt Peter am Ottersbach ^<62362>;-
2019;Sankt Peter am Ottersbach <62388>;2924
2019;Sankt Stefan im Rosental ^<62363>;-
2019;Sankt Stefan im Rosental <62389>;3931,75
2019;Schwarzau im Schwarzautal ^<62364>;-
2019;Stainz bei Straden ^<62365>;-
2019;Straden ^<62366>;-
2019;Straden <62390>;3536,75
2019;Studenzen ^<62367>;-
2019;Tieschen <62368>;1215,625
2019;Trautmannsdorf in Oststeiermark ^<62369>;-
2019;Trössing ^<62370>;-
2019;Unterauersbach ^<62371>;-
2019;Unterlamm <62372>;1244,25
2019;Weinburg am Saßbach ^<62373>;-
2019;Zerlach ^<62374>;-
2019;Bärnbach ^<61601>;-
2019;Bärnbach <61626>;5640,625
2019;Edelschrott ^<61602>;-
2019;Edelschrott <61627>;1715,375
2019;Gallmannsegg ^<61603>;-
2019;Geistthal ^<61604>;-
2019;Geistthal-Södingberg <61628>;1505
2019;Gößnitz ^<61605>;-
2019;Graden ^<61606>;-
2019;Hirschegg ^<61607>;-
2019;Hirschegg-Pack <61629>;1014,75
2019;Kainach bei Voitsberg ^<61608>;-
2019;Kainach bei Voitsberg <61630>;1601,5
2019;Köflach ^<61609>;-
2019;Köflach <61631>;9801,625
2019;Kohlschwarz ^<61610>;-
2019;Krottendorf-Gaisfeld <61611>;2461,25
2019;Ligist <61612>;3250,375
2019;Maria Lankowitz ^<61613>;-
2019;Maria Lankowitz <61632>;2797,5
2019;Modriach ^<61614>;-
2019;Mooskirchen <61615>;2208,125
2019;Pack ^<61616>;-
2019;Piberegg ^<61617>;-
2019;Rosental an der Kainach <61618>;1672,125
2019;Salla ^<61619>;-
2019;Sankt Johann-Köppling ^<61620>;-
2019;Sankt Martin am Wöllmißberg <61621>;808,375
2019;Söding ^<61622>;-
2019;Södingberg ^<61623>;-
2019;Söding-Sankt Johann <61633>;4088,375
2019;Stallhofen <61624>;3127
2019;Voitsberg <61625>;9438,375
2019;Albersdorf-Prebuch <61701>;2165,75
2019;Anger ^<61702>;-
2019;Anger <61756>;4020,625
2019;Arzberg ^<61703>;-
2019;Baierdorf bei Anger ^<61704>;-
2019;Birkfeld ^<61705>;-
2019;Birkfeld <61757>;4968,125
2019;Etzersdorf-Rollsdorf ^<61706>;-
2019;Feistritz bei Anger ^<61707>;-
2019;Fischbach <61708>;1521,25
2019;Fladnitz an der Teichalm ^<61709>;-
2019;Fladnitz an der Teichalm <61758>;1793,25
2019;Floing <61710>;1202,25
2019;Gasen <61711>;896,25
2019;Gersdorf an der Feistritz ^<61712>;-
2019;Gersdorf an der Feistritz <61759>;1696,125
2019;Gleisdorf ^<61713>;-
2019;Gleisdorf <61760>;10870,125
2019;Gschaid bei Birkfeld ^<61714>;-
2019;Gutenberg an der Raabklamm ^<61715>;-
2019;Gutenberg <61761>;1788,875
2019;Haslau bei Birkfeld ^<61717>;-
2019;Hirnsdorf ^<61718>;-
2019;Hofstätten an der Raab <61719>;2323,625
2019;Hohenau an der Raab ^<61720>;-
2019;Ilztal ^<61721>;-
2019;Ilztal <61762>;2180,875
2019;Koglhof ^<61722>;-
2019;Krottendorf ^<61723>;-
2019;Kulm bei Weiz ^<61724>;-
2019;Labuch ^<61725>;-
2019;Laßnitzthal ^<61726>;-
2019;Ludersdorf-Wilfersdorf <61727>;2458,375
2019;Markt Hartmannsdorf <61716>;2946,875
2019;Miesenbach bei Birkfeld <61728>;682,375
2019;Mitterdorf an der Raab <61729>;2108,875
2019;Mortantsch <61730>;2167,25
2019;Naas <61731>;1368
2019;Naintsch ^<61732>;-
2019;Neudorf bei Passail ^<61733>;-
2019;Nitscha ^<61734>;-
2019;Oberrettenbach ^<61735>;-
2019;Passail ^<61736>;-
2019;Passail <61763>;4235,625
2019;Pischelsdorf am Kulm <61764>;3680
2019;Pischelsdorf in der Steiermark ^<61737>;-
2019;Pöllau bei Gleisdorf ^<61738>;-
2019;Preßguts ^<61739>;-
2019;Puch bei Weiz <61740>;2052,75
2019;Ratten <61741>;1117
2019;Reichendorf ^<61742>;-
2019;Rettenegg <61743>;715
2019;St. Kathrein am Hauenstein <61744>;636,375
2019;St. Margarethen an der Raab <61746>;4096,75
2019;Sankt Kathrein am Offenegg <61745>;1072,875
2019;Sankt Ruprecht an der Raab ^<61747>;-
2019;Sankt Ruprecht an der Raab <61765>;5373
2019;Sinabelkirchen <61748>;4269,5
2019;Stenzengreith ^<61749>;-
2019;Strallegg <61750>;1910,625
2019;Thannhausen <61751>;2423,5
2019;Ungerdorf ^<61752>;-
2019;Unterfladnitz ^<61753>;-
2019;Waisenegg ^<61754>;-
2019;Weiz ^<61755>;-
2019;Weiz <61766>;11741,25
2020;Graz <60101>;291216,5
2020;Eisenerz <61101>;3769,75
2020;Gai ^<61102>;-
2020;Hafning bei Trofaiach ^<61103>;-
2020;Hieflau ^<61104>;-
2020;Kalwang <61105>;969,25
2020;Kammern im Liesingtal <61106>;1586,5
2020;Kraubath an der Mur <61107>;1324,625
2020;Leoben <61108>;24347,5
2020;Mautern in Steiermark <61109>;1726,5
2020;Niklasdorf <61110>;2376,125
2020;Proleb <61111>;1577,625
2020;Radmer <61112>;518
2020;Sankt Michael in Obersteiermark <61113>;3045,625
2020;Sankt Peter-Freienstein <61114>;2343,25
2020;Sankt Stefan ob Leoben <61115>;1896,25
2020;Traboch <61116>;1405,5
2020;Trofaiach ^<61117>;-
2020;Trofaiach <61120>;11044,625
2020;Vordernberg <61118>;960,875
2020;Wald am Schoberpaß <61119>;545,125
2020;Admont ^<61201>;-
2020;Admont <61253>;4956,25
2020;Aich ^<61202>;-
2020;Aich <61254>;1315,25
2020;Aigen im Ennstal <61203>;2695,75
2020;Altaussee <61204>;1870,875
2020;Altenmarkt bei Sankt Gallen <61205>;808,875
2020;Ardning <61206>;1221,5
2020;Bad Aussee <61207>;4879,125
2020;Bad Mitterndorf ^<61226>;-
2020;Bad Mitterndorf <61255>;4922,25
2020;Donnersbach ^<61208>;-
2020;Donnersbachwald ^<61209>;-
2020;Gaishorn am See ^<61210>;-
2020;Gaishorn am See <61256>;1296,625
2020;Gams bei Hieflau ^<61211>;-
2020;Gössenberg ^<61212>;-
2020;Gröbming <61213>;3104,25
2020;Großsölk ^<61214>;-
2020;Grundlsee <61215>;1178,25
2020;Hall ^<61216>;-
2020;Haus <61217>;2446,375
2020;Irdning ^<61218>;-
2020;Irdning-Donnersbachtal <61257>;4128,375
2020;Johnsbach ^<61219>;-
2020;Kleinsölk ^<61220>;-
2020;Landl ^<61221>;-
2020;Landl <61258>;2655,625
2020;Lassing <61222>;1722,625
2020;Liezen ^<61223>;-
2020;Liezen <61259>;8251,5
2020;Michaelerberg ^<61224>;-
2020;Michaelerberg-Pruggern <61260>;1176,25
2020;Mitterberg ^<61225>;-
2020;Mitterberg-Sankt Martin <61261>;1921,125
2020;Niederöblarn ^<61227>;-
2020;Öblarn ^<61228>;-
2020;Öblarn <61262>;2027,125
2020;Oppenberg ^<61229>;-
2020;Palfau ^<61230>;-
2020;Palten ^<61231>;-
2020;Pichl-Kainisch ^<61233>;-
2020;Pichl-Preunegg ^<61232>;-
2020;Pruggern ^<61234>;-
2020;Pürgg-Trautenfels ^<61235>;-
2020;Ramsau am Dachstein <61236>;2799,75
2020;Rohrmoos-Untertal ^<61237>;-
2020;Rottenmann ^<61238>;-
2020;Rottenmann <61263>;5129,125
2020;Sankt Gallen ^<61239>;-
2020;Sankt Gallen <61264>;1785,5
2020;Sankt Martin am Grimming ^<61240>;-
2020;Sankt Nikolai im Sölktal ^<61241>;-
2020;Schladming ^<61242>;-
2020;Schladming <61265>;6594,25
2020;Selzthal <61243>;1531
2020;Sölk <61266>;1484,5
2020;Stainach ^<61244>;-
2020;Stainach-Pürgg <61267>;2813,875
2020;Tauplitz ^<61245>;-
2020;Treglwang ^<61246>;-
2020;Trieben <61247>;3361,125
2020;Weißenbach an der Enns ^<61248>;-
2020;Weißenbach bei Liezen ^<61249>;-
2020;Weng im Gesäuse ^<61250>;-
2020;Wildalpen <61251>;448,75
2020;Wörschach <61252>;1148,125
2020;Amering ^<62001>;-
2020;Apfelberg ^<62002>;-
2020;Bretstein ^<62003>;-
2020;Eppenstein ^<62004>;-
2020;Feistritz bei Knittelfeld ^<62005>;-
2020;Flatschach ^<62006>;-
2020;Fohnsdorf <62007>;7648,75
2020;Gaal <62008>;1341,125
2020;Großlobming ^<62009>;-
2020;Hohentauern <62010>;392,625
2020;Judenburg ^<62011>;-
2020;Judenburg <62040>;9768
2020;Kleinlobming ^<62012>;-
2020;Knittelfeld ^<62013>;-
2020;Knittelfeld <62041>;12575,625
2020;Kobenz <62014>;1903
2020;Lobmingtal <62039>;1838,875
2020;Maria Buch-Feistritz ^<62015>;-
2020;Obdach ^<62016>;-
2020;Obdach <62042>;3758,375
2020;Oberkurzheim ^<62017>;-
2020;Oberweg ^<62018>;-
2020;Oberzeiring ^<62019>;-
2020;Pöls ^<62020>;-
2020;Pöls-Oberkurzheim <62043>;2953,125
2020;Pölstal <62044>;2575,625
2020;Pusterwald <62021>;431,5
2020;Rachau ^<62022>;-
2020;Reifling ^<62023>;-
2020;Reisstraße ^<62024>;-
2020;Sankt Anna am Lavantegg ^<62025>;-
2020;Sankt Georgen ob Judenburg <62026>;853,5
2020;Sankt Johann am Tauern ^<62027>;-
2020;Sankt Lorenzen bei Knittelfeld ^<62028>;-
2020;Sankt Marein bei Knittelfeld ^<62029>;-
2020;Sankt Marein-Feistritz <62045>;2038,375
2020;Sankt Margarethen bei Knittelfeld ^<62030>;-
2020;Sankt Margarethen bei Knittelfeld <62046>;2664,25
2020;Sankt Oswald-Möderbrugg ^<62031>;-
2020;Sankt Peter ob Judenburg <62032>;1079,75
2020;Sankt Wolfgang-Kienberg ^<62033>;-
2020;Seckau <62034>;1309,625
2020;Spielberg  ^<62035>;-
2020;Spielberg <62047>;5358
2020;Unzmarkt-Frauenburg <62036>;1287,875
2020;Weißkirchen in Steiermark ^<62037>;-
2020;Weißkirchen in Steiermark <62048>;4779,125
2020;Zeltweg <62038>;7014,875
2020;Allerheiligen im Mürztal ^<61301>;-
2020;Altenberg an der Rax ^<61302>;-
2020;Ganz ^<61303>;-
2020;Kapellen ^<61304>;-
2020;Kindberg ^<61305>;-
2020;Krieglach ^<61306>;-
2020;Langenwang ^<61307>;-
2020;Mitterdorf im Mürztal ^<61308>;-
2020;Mürzhofen ^<61309>;-
2020;Mürzsteg ^<61310>;-
2020;Mürzzuschlag ^<61311>;-
2020;Neuberg an der Mürz ^<61312>;-
2020;Spital am Semmering ^<61313>;-
2020;Stanz im Mürztal ^<61314>;-
2020;Veitsch ^<61315>;-
2020;Wartberg im Mürztal ^<61316>;-
2020;Dürnstein in der Steiermark ^<61401>;-
2020;Falkendorf ^<61402>;-
2020;Frojach-Katsch ^<61403>;-
2020;Krakau <61437>;1385,375
2020;Krakaudorf ^<61404>;-
2020;Krakauhintermühlen ^<61405>;-
2020;Krakauschatten ^<61406>;-
2020;Kulm am Zirbitz ^<61407>;-
2020;Laßnitz bei Murau ^<61408>;-
2020;Mariahof ^<61409>;-
2020;Mühlen <61410>;883
2020;Murau ^<61411>;-
2020;Murau <61438>;3488,25
2020;Neumarkt in der Steiermark <61439>;4880,625
2020;Neumarkt in Steiermark ^<61412>;-
2020;Niederwölz <61413>;595
2020;Oberwölz  <61440>;2941
2020;Oberwölz Stadt ^<61414>;-
2020;Oberwölz Umgebung ^<61415>;-
2020;Perchau am Sattel ^<61416>;-
2020;Predlitz-Turrach ^<61417>;-
2020;Ranten ^<61418>;-
2020;Ranten <61441>;1149,25
2020;Rinegg ^<61419>;-
2020;Sankt Blasen ^<61420>;-
2020;Sankt Georgen am Kreischberg <61442>;1725,5
2020;Sankt Georgen ob Murau ^<61421>;-
2020;Sankt Lambrecht ^<61422>;-
2020;Sankt Lambrecht <61443>;1777,375
2020;Sankt Lorenzen bei Scheifling ^<61423>;-
2020;Sankt Marein bei Neumarkt ^<61424>;-
2020;Sankt Ruprecht ob Murau ^<61426>;-
2020;Sankt Ruprecht-Falkendorf ^<61436>;-
2020;St. Peter am Kammersberg <61425>;2031,375
2020;Scheifling ^<61427>;-
2020;Scheifling <61444>;2149
2020;Schöder <61428>;925
2020;Schönberg-Lachtal ^<61429>;-
2020;Stadl an der Mur ^<61430>;-
2020;Stadl-Predlitz <61445>;1682,75
2020;Stolzalpe ^<61431>;-
2020;Teufenbach ^<61432>;-
2020;Teufenbach-Katsch <61446>;1884,25
2020;Triebendorf ^<61433>;-
2020;Winklern bei Oberwölz ^<61434>;-
2020;Zeutschach ^<61435>;-
2020;Bad Radkersburg ^<61513>;-
2020;Bierbaum am Auersbach ^<61501>;-
2020;Deutsch Goritz ^<61502>;-
2020;Dietersdorf am Gnasbach ^<61503>;-
2020;Eichfeld ^<61504>;-
2020;Gosdorf ^<61505>;-
2020;Halbenrain ^<61506>;-
2020;Hof bei Straden ^<61508>;-
2020;Klöch ^<61509>;-
2020;Mettersdorf am Saßbach ^<61510>;-
2020;Mureck ^<61511>;-
2020;Murfeld ^<61512>;-
2020;Radkersburg Umgebung ^<61514>;-
2020;Ratschendorf ^<61515>;-
2020;Sankt Peter am Ottersbach ^<61516>;-
2020;Straden ^<61517>;-
2020;Tieschen ^<61518>;-
2020;Trössing ^<61519>;-
2020;Weinburg am Saßbach ^<61520>;-
2020;Auersbach ^<62301>;-
2020;Aug-Radisch ^<62302>;-
2020;Bad Gleichenberg ^<62303>;-
2020;Bad Gleichenberg <62375>;5180,625
2020;Bad Radkersburg ^<62304>;-
2020;Bad Radkersburg <62376>;3194,375
2020;Bairisch Kölldorf ^<62305>;-
2020;Baumgarten bei Gnas ^<62306>;-
2020;Bierbaum am Auersbach ^<62307>;-
2020;Breitenfeld an der Rittschein ^<62308>;-
2020;Deutsch Goritz ^<62309>;-
2020;Deutsch Goritz <62377>;1799,5
2020;Dietersdorf am Gnasbach ^<62310>;-
2020;Edelsbach bei Feldbach <62311>;1340,125
2020;Edelstauden ^<62312>;-
2020;Eichfeld ^<62313>;-
2020;Eichkögl <62314>;1346,75
2020;Fehring ^<62315>;-
2020;Fehring <62378>;7180,375
2020;Feldbach ^<62316>;-
2020;Feldbach <62379>;13428,375
2020;Fladnitz im Raabtal ^<62317>;-
2020;Frannach ^<62318>;-
2020;Frutten-Gießelsdorf ^<62319>;-
2020;Glojach ^<62320>;-
2020;Gnas ^<62321>;-
2020;Gnas <62380>;5975,5
2020;Gniebing-Weißenbach ^<62322>;-
2020;Gosdorf ^<62323>;-
2020;Gossendorf ^<62324>;-
2020;Grabersdorf ^<62325>;-
2020;Halbenrain <62326>;1742,125
2020;Hatzendorf ^<62327>;-
2020;Hof bei Straden ^<62328>;-
2020;Hohenbrugg-Weinberg ^<62329>;-
2020;Jagerberg <62330>;1641,75
2020;Johnsdorf-Brunn ^<62331>;-
2020;Kapfenstein <62332>;1575
2020;Kirchbach in Steiermark ^<62333>;-
2020;Kirchbach-Zerlach <62381>;3251,375
2020;Kirchberg an der Raab ^<62334>;-
2020;Kirchberg an der Raab <62382>;4583,875
2020;Klöch <62335>;1167,375
2020;Kohlberg ^<62336>;-
2020;Kornberg bei Riegersburg ^<62337>;-
2020;Krusdorf ^<62338>;-
2020;Leitersdorf im Raabtal ^<62339>;-
2020;Lödersdorf ^<62340>;-
2020;Maierdorf ^<62341>;-
2020;Merkendorf ^<62342>;-
2020;Mettersdorf am Saßbach <62343>;1318,75
2020;Mitterlabill ^<62344>;-
2020;Mühldorf bei Feldbach ^<62345>;-
2020;Mureck ^<62346>;-
2020;Mureck <62383>;3505,125
2020;Murfeld <62347>;-
2020;Oberdorf am Hochegg ^<62348>;-
2020;Oberstorcha ^<62349>;-
2020;Paldau ^<62350>;-
2020;Paldau <62384>;3163,375
2020;Perlsdorf ^<62351>;-
2020;Pertlstein ^<62352>;-
2020;Petersdorf II ^<62353>;-
2020;Pirching am Traubenberg ^<62354>;-
2020;Pirching am Traubenberg <62385>;2526,125
2020;Poppendorf ^<62355>;-
2020;Raabau ^<62356>;-
2020;Radkersburg Umgebung ^<62357>;-
2020;Raning ^<62358>;-
2020;Ratschendorf ^<62359>;-
2020;Riegersburg ^<62360>;-
2020;Riegersburg <62386>;4928
2020;Sankt Anna am Aigen ^<62361>;-
2020;Sankt Anna am Aigen <62387>;2369,875
2020;Sankt Peter am Ottersbach ^<62362>;-
2020;Sankt Peter am Ottersbach <62388>;2941,625
2020;Sankt Stefan im Rosental ^<62363>;-
2020;Sankt Stefan im Rosental <62389>;3902,375
2020;Schwarzau im Schwarzautal ^<62364>;-
2020;Stainz bei Straden ^<62365>;-
2020;Straden ^<62366>;-
2020;Straden <62390>;3505,5
2020;Studenzen ^<62367>;-
2020;Tieschen <62368>;1211
2020;Trautmannsdorf in Oststeiermark ^<62369>;-
2020;Trössing ^<62370>;-
2020;Unterauersbach ^<62371>;-
2020;Unterlamm <62372>;1258,5
2020;Weinburg am Saßbach ^<62373>;-
2020;Zerlach ^<62374>;-
2020;Bärnbach ^<61601>;-
2020;Bärnbach <61626>;5677
2020;Edelschrott ^<61602>;-
2020;Edelschrott <61627>;1703,125
2020;Gallmannsegg ^<61603>;-
2020;Geistthal ^<61604>;-
2020;Geistthal-Södingberg <61628>;1495,375
2020;Gößnitz ^<61605>;-
2020;Graden ^<61606>;-
2020;Hirschegg ^<61607>;-
2020;Hirschegg-Pack <61629>;1014,25
2020;Kainach bei Voitsberg ^<61608>;-
2020;Kainach bei Voitsberg <61630>;1607,375
2020;Köflach ^<61609>;-
2020;Köflach <61631>;9719,625
2020;Kohlschwarz ^<61610>;-
2020;Krottendorf-Gaisfeld <61611>;2457,25
2020;Ligist <61612>;3221,875
2020;Maria Lankowitz ^<61613>;-
2020;Maria Lankowitz <61632>;2774,25
2020;Modriach ^<61614>;-
2020;Mooskirchen <61615>;2201,875
2020;Pack ^<61616>;-
2020;Piberegg ^<61617>;-
2020;Rosental an der Kainach <61618>;1664,125
2020;Salla ^<61619>;-
2020;Sankt Johann-Köppling ^<61620>;-
2020;Sankt Martin am Wöllmißberg <61621>;817,875
2020;Söding ^<61622>;-
2020;Södingberg ^<61623>;-
2020;Söding-Sankt Johann <61633>;4120,5
2020;Stallhofen <61624>;3143,875
2020;Voitsberg <61625>;9417,25
2020;Albersdorf-Prebuch <61701>;2232
2020;Anger ^<61702>;-
2020;Anger <61756>;3975,125
2020;Arzberg ^<61703>;-
2020;Baierdorf bei Anger ^<61704>;-
2020;Birkfeld ^<61705>;-
2020;Birkfeld <61757>;4942,75
2020;Etzersdorf-Rollsdorf ^<61706>;-
2020;Feistritz bei Anger ^<61707>;-
2020;Fischbach <61708>;1528,5
2020;Fladnitz an der Teichalm ^<61709>;-
2020;Fladnitz an der Teichalm <61758>;1793,125
2020;Floing <61710>;1202,375
2020;Gasen <61711>;889,5
2020;Gersdorf an der Feistritz ^<61712>;-
2020;Gersdorf an der Feistritz <61759>;1698,25
2020;Gleisdorf ^<61713>;-
2020;Gleisdorf <61760>;10989,75
2020;Gschaid bei Birkfeld ^<61714>;-
2020;Gutenberg an der Raabklamm ^<61715>;-
2020;Gutenberg <61761>;1617,875
2020;Haslau bei Birkfeld ^<61717>;-
2020;Hirnsdorf ^<61718>;-
2020;Hofstätten an der Raab <61719>;2307,375
2020;Hohenau an der Raab ^<61720>;-
2020;Ilztal ^<61721>;-
2020;Ilztal <61762>;2175,25
2020;Koglhof ^<61722>;-
2020;Krottendorf ^<61723>;-
2020;Kulm bei Weiz ^<61724>;-
2020;Labuch ^<61725>;-
2020;Laßnitzthal ^<61726>;-
2020;Ludersdorf-Wilfersdorf <61727>;2499,75
2020;Markt Hartmannsdorf <61716>;2954
2020;Miesenbach bei Birkfeld <61728>;677,625
2020;Mitterdorf an der Raab <61729>;2100,625
2020;Mortantsch <61730>;2190,125
2020;Naas <61731>;1349,75
2020;Naintsch ^<61732>;-
2020;Neudorf bei Passail ^<61733>;-
2020;Nitscha ^<61734>;-
2020;Oberrettenbach ^<61735>;-
2020;Passail ^<61736>;-
2020;Passail <61763>;4422,5
2020;Pischelsdorf am Kulm <61764>;3677,25
2020;Pischelsdorf in der Steiermark ^<61737>;-
2020;Pöllau bei Gleisdorf ^<61738>;-
2020;Preßguts ^<61739>;-
2020;Puch bei Weiz <61740>;2048,625
2020;Ratten <61741>;1096,125
2020;Reichendorf ^<61742>;-
2020;Rettenegg <61743>;712,375
2020;St. Kathrein am Hauenstein <61744>;626,25
2020;St. Margarethen an der Raab <61746>;4113,625
2020;Sankt Kathrein am Offenegg <61745>;1076,25
2020;Sankt Ruprecht an der Raab ^<61747>;-
2020;Sankt Ruprecht an der Raab <61765>;5416,375
2020;Sinabelkirchen <61748>;4326,125
2020;Stenzengreith ^<61749>;-
2020;Strallegg <61750>;1915,875
2020;Thannhausen <61751>;2456,25
2020;Ungerdorf ^<61752>;-
2020;Unterfladnitz ^<61753>;-
2020;Waisenegg ^<61754>;-
2020;Weiz ^<61755>;-
2020;Weiz <61766>;11800,625
2021;Graz <60101>;291386,5
2021;Eisenerz <61101>;3676,875
2021;Gai ^<61102>;-
2021;Hafning bei Trofaiach ^<61103>;-
2021;Hieflau ^<61104>;-
2021;Kalwang <61105>;954,125
2021;Kammern im Liesingtal <61106>;1599
2021;Kraubath an der Mur <61107>;1327,625
2021;Leoben <61108>;24180,625
2021;Mautern in Steiermark <61109>;1705
2021;Niklasdorf <61110>;2357,25
2021;Proleb <61111>;1595,75
2021;Radmer <61112>;501,125
2021;Sankt Michael in Obersteiermark <61113>;3062,625
2021;Sankt Peter-Freienstein <61114>;2332,75
2021;Sankt Stefan ob Leoben <61115>;1865,875
2021;Traboch <61116>;1419,625
2021;Trofaiach ^<61117>;-
2021;Trofaiach <61120>;11000,25
2021;Vordernberg <61118>;917,25
2021;Wald am Schoberpaß <61119>;545,5
2021;Admont ^<61201>;-
2021;Admont <61253>;4961,375
2021;Aich ^<61202>;-
2021;Aich <61254>;1319,75
2021;Aigen im Ennstal <61203>;2702,75
2021;Altaussee <61204>;1865,25
2021;Altenmarkt bei Sankt Gallen <61205>;808
2021;Ardning <61206>;1265,375
2021;Bad Aussee <61207>;4931,5
2021;Bad Mitterndorf ^<61226>;-
2021;Bad Mitterndorf <61255>;4940,75
2021;Donnersbach ^<61208>;-
2021;Donnersbachwald ^<61209>;-
2021;Gaishorn am See ^<61210>;-
2021;Gaishorn am See <61256>;1296,375
2021;Gams bei Hieflau ^<61211>;-
2021;Gössenberg ^<61212>;-
2021;Gröbming <61213>;3125,625
2021;Großsölk ^<61214>;-
2021;Grundlsee <61215>;1164,125
2021;Hall ^<61216>;-
2021;Haus <61217>;2470,625
2021;Irdning ^<61218>;-
2021;Irdning-Donnersbachtal <61257>;4143,875
2021;Johnsbach ^<61219>;-
2021;Kleinsölk ^<61220>;-
2021;Landl ^<61221>;-
2021;Landl <61258>;2592,25
2021;Lassing <61222>;1702,75
2021;Liezen ^<61223>;-
2021;Liezen <61259>;8207,875
2021;Michaelerberg ^<61224>;-
2021;Michaelerberg-Pruggern <61260>;1198,25
2021;Mitterberg ^<61225>;-
2021;Mitterberg-Sankt Martin <61261>;1913,125
2021;Niederöblarn ^<61227>;-
2021;Öblarn ^<61228>;-
2021;Öblarn <61262>;1999,5
2021;Oppenberg ^<61229>;-
2021;Palfau ^<61230>;-
2021;Palten ^<61231>;-
2021;Pichl-Kainisch ^<61233>;-
2021;Pichl-Preunegg ^<61232>;-
2021;Pruggern ^<61234>;-
2021;Pürgg-Trautenfels ^<61235>;-
2021;Ramsau am Dachstein <61236>;2820,125
2021;Rohrmoos-Untertal ^<61237>;-
2021;Rottenmann ^<61238>;-
2021;Rottenmann <61263>;5104,25
2021;Sankt Gallen ^<61239>;-
2021;Sankt Gallen <61264>;1781
2021;Sankt Martin am Grimming ^<61240>;-
2021;Sankt Nikolai im Sölktal ^<61241>;-
2021;Schladming ^<61242>;-
2021;Schladming <61265>;6567,25
2021;Selzthal <61243>;1533,25
2021;Sölk <61266>;1478,875
2021;Stainach ^<61244>;-
2021;Stainach-Pürgg <61267>;2781,625
2021;Tauplitz ^<61245>;-
2021;Treglwang ^<61246>;-
2021;Trieben <61247>;3340,125
2021;Weißenbach an der Enns ^<61248>;-
2021;Weißenbach bei Liezen ^<61249>;-
2021;Weng im Gesäuse ^<61250>;-
2021;Wildalpen <61251>;444,875
2021;Wörschach <61252>;1158,125
2021;Amering ^<62001>;-
2021;Apfelberg ^<62002>;-
2021;Bretstein ^<62003>;-
2021;Eppenstein ^<62004>;-
2021;Feistritz bei Knittelfeld ^<62005>;-
2021;Flatschach ^<62006>;-
2021;Fohnsdorf <62007>;7603,375
2021;Gaal <62008>;1325,25
2021;Großlobming ^<62009>;-
2021;Hohentauern <62010>;385,625
2021;Judenburg ^<62011>;-
2021;Judenburg <62040>;9602
2021;Kleinlobming ^<62012>;-
2021;Knittelfeld ^<62013>;-
2021;Knittelfeld <62041>;12596,875
2021;Kobenz <62014>;1924,25
2021;Lobmingtal <62039>;1846,5
2021;Maria Buch-Feistritz ^<62015>;-
2021;Obdach ^<62016>;-
2021;Obdach <62042>;3756,75
2021;Oberkurzheim ^<62017>;-
2021;Oberweg ^<62018>;-
2021;Oberzeiring ^<62019>;-
2021;Pöls ^<62020>;-
2021;Pöls-Oberkurzheim <62043>;2933,25
2021;Pölstal <62044>;2542,125
2021;Pusterwald <62021>;432,25
2021;Rachau ^<62022>;-
2021;Reifling ^<62023>;-
2021;Reisstraße ^<62024>;-
2021;Sankt Anna am Lavantegg ^<62025>;-
2021;Sankt Georgen ob Judenburg <62026>;859,875
2021;Sankt Johann am Tauern ^<62027>;-
2021;Sankt Lorenzen bei Knittelfeld ^<62028>;-
2021;Sankt Marein bei Knittelfeld ^<62029>;-
2021;Sankt Marein-Feistritz <62045>;2041,25
2021;Sankt Margarethen bei Knittelfeld ^<62030>;-
2021;Sankt Margarethen bei Knittelfeld <62046>;2663,75
2021;Sankt Oswald-Möderbrugg ^<62031>;-
2021;Sankt Peter ob Judenburg <62032>;1073,375
2021;Sankt Wolfgang-Kienberg ^<62033>;-
2021;Seckau <62034>;1307
2021;Spielberg  ^<62035>;-
2021;Spielberg <62047>;5349,875
2021;Unzmarkt-Frauenburg <62036>;1260,125
2021;Weißkirchen in Steiermark ^<62037>;-
2021;Weißkirchen in Steiermark <62048>;4826,5
2021;Zeltweg <62038>;6980,125
2021;Allerheiligen im Mürztal ^<61301>;-
2021;Altenberg an der Rax ^<61302>;-
2021;Ganz ^<61303>;-
2021;Kapellen ^<61304>;-
2021;Kindberg ^<61305>;-
2021;Krieglach ^<61306>;-
2021;Langenwang ^<61307>;-
2021;Mitterdorf im Mürztal ^<61308>;-
2021;Mürzhofen ^<61309>;-
2021;Mürzsteg ^<61310>;-
2021;Mürzzuschlag ^<61311>;-
2021;Neuberg an der Mürz ^<61312>;-
2021;Spital am Semmering ^<61313>;-
2021;Stanz im Mürztal ^<61314>;-
2021;Veitsch ^<61315>;-
2021;Wartberg im Mürztal ^<61316>;-
2021;Dürnstein in der Steiermark ^<61401>;-
2021;Falkendorf ^<61402>;-
2021;Frojach-Katsch ^<61403>;-
2021;Krakau <61437>;1382,5
2021;Krakaudorf ^<61404>;-
2021;Krakauhintermühlen ^<61405>;-
2021;Krakauschatten ^<61406>;-
2021;Kulm am Zirbitz ^<61407>;-
2021;Laßnitz bei Murau ^<61408>;-
2021;Mariahof ^<61409>;-
2021;Mühlen <61410>;890,125
2021;Murau ^<61411>;-
2021;Murau <61438>;3438,875
2021;Neumarkt in der Steiermark <61439>;4869
2021;Neumarkt in Steiermark ^<61412>;-
2021;Niederwölz <61413>;601,125
2021;Oberwölz  <61440>;2937,375
2021;Oberwölz Stadt ^<61414>;-
2021;Oberwölz Umgebung ^<61415>;-
2021;Perchau am Sattel ^<61416>;-
2021;Predlitz-Turrach ^<61417>;-
2021;Ranten ^<61418>;-
2021;Ranten <61441>;1141,125
2021;Rinegg ^<61419>;-
2021;Sankt Blasen ^<61420>;-
2021;Sankt Georgen am Kreischberg <61442>;1711
2021;Sankt Georgen ob Murau ^<61421>;-
2021;Sankt Lambrecht ^<61422>;-
2021;Sankt Lambrecht <61443>;1753,5
2021;Sankt Lorenzen bei Scheifling ^<61423>;-
2021;Sankt Marein bei Neumarkt ^<61424>;-
2021;Sankt Ruprecht ob Murau ^<61426>;-
2021;Sankt Ruprecht-Falkendorf ^<61436>;-
2021;St. Peter am Kammersberg <61425>;2013,25
2021;Scheifling ^<61427>;-
2021;Scheifling <61444>;2147,75
2021;Schöder <61428>;915
2021;Schönberg-Lachtal ^<61429>;-
2021;Stadl an der Mur ^<61430>;-
2021;Stadl-Predlitz <61445>;1679,5
2021;Stolzalpe ^<61431>;-
2021;Teufenbach ^<61432>;-
2021;Teufenbach-Katsch <61446>;1860,25
2021;Triebendorf ^<61433>;-
2021;Winklern bei Oberwölz ^<61434>;-
2021;Zeutschach ^<61435>;-
2021;Bad Radkersburg ^<61513>;-
2021;Bierbaum am Auersbach ^<61501>;-
2021;Deutsch Goritz ^<61502>;-
2021;Dietersdorf am Gnasbach ^<61503>;-
2021;Eichfeld ^<61504>;-
2021;Gosdorf ^<61505>;-
2021;Halbenrain ^<61506>;-
2021;Hof bei Straden ^<61508>;-
2021;Klöch ^<61509>;-
2021;Mettersdorf am Saßbach ^<61510>;-
2021;Mureck ^<61511>;-
2021;Murfeld ^<61512>;-
2021;Radkersburg Umgebung ^<61514>;-
2021;Ratschendorf ^<61515>;-
2021;Sankt Peter am Ottersbach ^<61516>;-
2021;Straden ^<61517>;-
2021;Tieschen ^<61518>;-
2021;Trössing ^<61519>;-
2021;Weinburg am Saßbach ^<61520>;-
2021;Auersbach ^<62301>;-
2021;Aug-Radisch ^<62302>;-
2021;Bad Gleichenberg ^<62303>;-
2021;Bad Gleichenberg <62375>;5190,25
2021;Bad Radkersburg ^<62304>;-
2021;Bad Radkersburg <62376>;3177,875
2021;Bairisch Kölldorf ^<62305>;-
2021;Baumgarten bei Gnas ^<62306>;-
2021;Bierbaum am Auersbach ^<62307>;-
2021;Breitenfeld an der Rittschein ^<62308>;-
2021;Deutsch Goritz ^<62309>;-
2021;Deutsch Goritz <62377>;1780,5
2021;Dietersdorf am Gnasbach ^<62310>;-
2021;Edelsbach bei Feldbach <62311>;1339,125
2021;Edelstauden ^<62312>;-
2021;Eichfeld ^<62313>;-
2021;Eichkögl <62314>;1363,875
2021;Fehring ^<62315>;-
2021;Fehring <62378>;7151,375
2021;Feldbach ^<62316>;-
2021;Feldbach <62379>;13355,25
2021;Fladnitz im Raabtal ^<62317>;-
2021;Frannach ^<62318>;-
2021;Frutten-Gießelsdorf ^<62319>;-
2021;Glojach ^<62320>;-
2021;Gnas ^<62321>;-
2021;Gnas <62380>;5986,375
2021;Gniebing-Weißenbach ^<62322>;-
2021;Gosdorf ^<62323>;-
2021;Gossendorf ^<62324>;-
2021;Grabersdorf ^<62325>;-
2021;Halbenrain <62326>;1731,25
2021;Hatzendorf ^<62327>;-
2021;Hof bei Straden ^<62328>;-
2021;Hohenbrugg-Weinberg ^<62329>;-
2021;Jagerberg <62330>;1636,125
2021;Johnsdorf-Brunn ^<62331>;-
2021;Kapfenstein <62332>;1537
2021;Kirchbach in Steiermark ^<62333>;-
2021;Kirchbach-Zerlach <62381>;3248,875
2021;Kirchberg an der Raab ^<62334>;-
2021;Kirchberg an der Raab <62382>;4576,25
2021;Klöch <62335>;1166
2021;Kohlberg ^<62336>;-
2021;Kornberg bei Riegersburg ^<62337>;-
2021;Krusdorf ^<62338>;-
2021;Leitersdorf im Raabtal ^<62339>;-
2021;Lödersdorf ^<62340>;-
2021;Maierdorf ^<62341>;-
2021;Merkendorf ^<62342>;-
2021;Mettersdorf am Saßbach <62343>;1352,625
2021;Mitterlabill ^<62344>;-
2021;Mühldorf bei Feldbach ^<62345>;-
2021;Mureck ^<62346>;-
2021;Mureck <62383>;3477
2021;Murfeld <62347>;-
2021;Oberdorf am Hochegg ^<62348>;-
2021;Oberstorcha ^<62349>;-
2021;Paldau ^<62350>;-
2021;Paldau <62384>;3147
2021;Perlsdorf ^<62351>;-
2021;Pertlstein ^<62352>;-
2021;Petersdorf II ^<62353>;-
2021;Pirching am Traubenberg ^<62354>;-
2021;Pirching am Traubenberg <62385>;2534,125
2021;Poppendorf ^<62355>;-
2021;Raabau ^<62356>;-
2021;Radkersburg Umgebung ^<62357>;-
2021;Raning ^<62358>;-
2021;Ratschendorf ^<62359>;-
2021;Riegersburg ^<62360>;-
2021;Riegersburg <62386>;4941,5
2021;Sankt Anna am Aigen ^<62361>;-
2021;Sankt Anna am Aigen <62387>;2354,25
2021;Sankt Peter am Ottersbach ^<62362>;-
2021;Sankt Peter am Ottersbach <62388>;2917,5
2021;Sankt Stefan im Rosental ^<62363>;-
2021;Sankt Stefan im Rosental <62389>;3874,875
2021;Schwarzau im Schwarzautal ^<62364>;-
2021;Stainz bei Straden ^<62365>;-
2021;Straden ^<62366>;-
2021;Straden <62390>;3504,25
2021;Studenzen ^<62367>;-
2021;Tieschen <62368>;1197,625
2021;Trautmannsdorf in Oststeiermark ^<62369>;-
2021;Trössing ^<62370>;-
2021;Unterauersbach ^<62371>;-
2021;Unterlamm <62372>;1252
2021;Weinburg am Saßbach ^<62373>;-
2021;Zerlach ^<62374>;-
2021;Bärnbach ^<61601>;-
2021;Bärnbach <61626>;5746,5
2021;Edelschrott ^<61602>;-
2021;Edelschrott <61627>;1670,375
2021;Gallmannsegg ^<61603>;-
2021;Geistthal ^<61604>;-
2021;Geistthal-Södingberg <61628>;1495,5
2021;Gößnitz ^<61605>;-
2021;Graden ^<61606>;-
2021;Hirschegg ^<61607>;-
2021;Hirschegg-Pack <61629>;1003,625
2021;Kainach bei Voitsberg ^<61608>;-
2021;Kainach bei Voitsberg <61630>;1600,25
2021;Köflach ^<61609>;-
2021;Köflach <61631>;9658
2021;Kohlschwarz ^<61610>;-
2021;Krottendorf-Gaisfeld <61611>;2460,5
2021;Ligist <61612>;3215,75
2021;Maria Lankowitz ^<61613>;-
2021;Maria Lankowitz <61632>;2742
2021;Modriach ^<61614>;-
2021;Mooskirchen <61615>;2183,125
2021;Pack ^<61616>;-
2021;Piberegg ^<61617>;-
2021;Rosental an der Kainach <61618>;1616,625
2021;Salla ^<61619>;-
2021;Sankt Johann-Köppling ^<61620>;-
2021;Sankt Martin am Wöllmißberg <61621>;809
2021;Söding ^<61622>;-
2021;Södingberg ^<61623>;-
2021;Söding-Sankt Johann <61633>;4163
2021;Stallhofen <61624>;3162,25
2021;Voitsberg <61625>;9456,75
2021;Albersdorf-Prebuch <61701>;2273,875
2021;Anger ^<61702>;-
2021;Anger <61756>;3944,625
2021;Arzberg ^<61703>;-
2021;Baierdorf bei Anger ^<61704>;-
2021;Birkfeld ^<61705>;-
2021;Birkfeld <61757>;4938,75
2021;Etzersdorf-Rollsdorf ^<61706>;-
2021;Feistritz bei Anger ^<61707>;-
2021;Fischbach <61708>;1532
2021;Fladnitz an der Teichalm ^<61709>;-
2021;Fladnitz an der Teichalm <61758>;1790,125
2021;Floing <61710>;1200,75
2021;Gasen <61711>;873,375
2021;Gersdorf an der Feistritz ^<61712>;-
2021;Gersdorf an der Feistritz <61759>;1723,5
2021;Gleisdorf ^<61713>;-
2021;Gleisdorf <61760>;11140
2021;Gschaid bei Birkfeld ^<61714>;-
2021;Gutenberg an der Raabklamm ^<61715>;-
2021;Gutenberg <61761>;1625
2021;Haslau bei Birkfeld ^<61717>;-
2021;Hirnsdorf ^<61718>;-
2021;Hofstätten an der Raab <61719>;2319,75
2021;Hohenau an der Raab ^<61720>;-
2021;Ilztal ^<61721>;-
2021;Ilztal <61762>;2162,5
2021;Koglhof ^<61722>;-
2021;Krottendorf ^<61723>;-
2021;Kulm bei Weiz ^<61724>;-
2021;Labuch ^<61725>;-
2021;Laßnitzthal ^<61726>;-
2021;Ludersdorf-Wilfersdorf <61727>;2511,375
2021;Markt Hartmannsdorf <61716>;2962,375
2021;Miesenbach bei Birkfeld <61728>;667,75
2021;Mitterdorf an der Raab <61729>;2126
2021;Mortantsch <61730>;2228,5
2021;Naas <61731>;1344,875
2021;Naintsch ^<61732>;-
2021;Neudorf bei Passail ^<61733>;-
2021;Nitscha ^<61734>;-
2021;Oberrettenbach ^<61735>;-
2021;Passail ^<61736>;-
2021;Passail <61763>;4418
2021;Pischelsdorf am Kulm <61764>;3666
2021;Pischelsdorf in der Steiermark ^<61737>;-
2021;Pöllau bei Gleisdorf ^<61738>;-
2021;Preßguts ^<61739>;-
2021;Puch bei Weiz <61740>;2044,625
2021;Ratten <61741>;1079,125
2021;Reichendorf ^<61742>;-
2021;Rettenegg <61743>;709,375
2021;St. Kathrein am Hauenstein <61744>;624,875
2021;St. Margarethen an der Raab <61746>;4136,875
2021;Sankt Kathrein am Offenegg <61745>;1063,75
2021;Sankt Ruprecht an der Raab ^<61747>;-
2021;Sankt Ruprecht an der Raab <61765>;5479,875
2021;Sinabelkirchen <61748>;4431,75
2021;Stenzengreith ^<61749>;-
2021;Strallegg <61750>;1911,375
2021;Thannhausen <61751>;2487,375
2021;Ungerdorf ^<61752>;-
2021;Unterfladnitz ^<61753>;-
2021;Waisenegg ^<61754>;-
2021;Weiz ^<61755>;-
2021;Weiz <61766>;11781,625
2022;Graz <60101>;295657,625
2022;Eisenerz <61101>;3559,25
2022;Gai ^<61102>;-
2022;Hafning bei Trofaiach ^<61103>;-
2022;Hieflau ^<61104>;-
2022;Kalwang <61105>;975,5
2022;Kammern im Liesingtal <61106>;1656,625
2022;Kraubath an der Mur <61107>;1335,25
2022;Leoben <61108>;24781,25
2022;Mautern in Steiermark <61109>;1700,375
2022;Niklasdorf <61110>;2341,25
2022;Proleb <61111>;1590,125
2022;Radmer <61112>;499,25
2022;Sankt Michael in Obersteiermark <61113>;3112,625
2022;Sankt Peter-Freienstein <61114>;2330,875
2022;Sankt Stefan ob Leoben <61115>;1828
2022;Traboch <61116>;1416,625
2022;Trofaiach ^<61117>;-
2022;Trofaiach <61120>;11016,625
2022;Vordernberg <61118>;930
2022;Wald am Schoberpaß <61119>;541,75
2022;Admont ^<61201>;-
2022;Admont <61253>;4983,75
2022;Aich ^<61202>;-
2022;Aich <61254>;1314,375
2022;Aigen im Ennstal <61203>;2708
2022;Altaussee <61204>;1861,75
2022;Altenmarkt bei Sankt Gallen <61205>;798,125
2022;Ardning <61206>;1286,25
2022;Bad Aussee <61207>;4979,375
2022;Bad Mitterndorf ^<61226>;-
2022;Bad Mitterndorf <61255>;4927
2022;Donnersbach ^<61208>;-
2022;Donnersbachwald ^<61209>;-
2022;Gaishorn am See ^<61210>;-
2022;Gaishorn am See <61256>;1326
2022;Gams bei Hieflau ^<61211>;-
2022;Gössenberg ^<61212>;-
2022;Gröbming <61213>;3131
2022;Großsölk ^<61214>;-
2022;Grundlsee <61215>;1158,75
2022;Hall ^<61216>;-
2022;Haus <61217>;2453,25
2022;Irdning ^<61218>;-
2022;Irdning-Donnersbachtal <61257>;4144,75
2022;Johnsbach ^<61219>;-
2022;Kleinsölk ^<61220>;-
2022;Landl ^<61221>;-
2022;Landl <61258>;2555,875
2022;Lassing <61222>;1706,5
2022;Liezen ^<61223>;-
2022;Liezen <61259>;8247,25
2022;Michaelerberg ^<61224>;-
2022;Michaelerberg-Pruggern <61260>;1220,75
2022;Mitterberg ^<61225>;-
2022;Mitterberg-Sankt Martin <61261>;1926,125
2022;Niederöblarn ^<61227>;-
2022;Öblarn ^<61228>;-
2022;Öblarn <61262>;1978,25
2022;Oppenberg ^<61229>;-
2022;Palfau ^<61230>;-
2022;Palten ^<61231>;-
2022;Pichl-Kainisch ^<61233>;-
2022;Pichl-Preunegg ^<61232>;-
2022;Pruggern ^<61234>;-
2022;Pürgg-Trautenfels ^<61235>;-
2022;Ramsau am Dachstein <61236>;2888,5
2022;Rohrmoos-Untertal ^<61237>;-
2022;Rottenmann ^<61238>;-
2022;Rottenmann <61263>;5129,875
2022;Sankt Gallen ^<61239>;-
2022;Sankt Gallen <61264>;1798,125
2022;Sankt Martin am Grimming ^<61240>;-
2022;Sankt Nikolai im Sölktal ^<61241>;-
2022;Schladming ^<61242>;-
2022;Schladming <61265>;6556,875
2022;Selzthal <61243>;1504,5
2022;Sölk <61266>;1480,25
2022;Stainach ^<61244>;-
2022;Stainach-Pürgg <61267>;2771,125
2022;Tauplitz ^<61245>;-
2022;Treglwang ^<61246>;-
2022;Trieben <61247>;3350,25
2022;Weißenbach an der Enns ^<61248>;-
2022;Weißenbach bei Liezen ^<61249>;-
2022;Weng im Gesäuse ^<61250>;-
2022;Wildalpen <61251>;437,625
2022;Wörschach <61252>;1149,75
2022;Amering ^<62001>;-
2022;Apfelberg ^<62002>;-
2022;Bretstein ^<62003>;-
2022;Eppenstein ^<62004>;-
2022;Feistritz bei Knittelfeld ^<62005>;-
2022;Flatschach ^<62006>;-
2022;Fohnsdorf <62007>;7546,5
2022;Gaal <62008>;1325,875
2022;Großlobming ^<62009>;-
2022;Hohentauern <62010>;380,75
2022;Judenburg ^<62011>;-
2022;Judenburg <62040>;9598,625
2022;Kleinlobming ^<62012>;-
2022;Knittelfeld ^<62013>;-
2022;Knittelfeld <62041>;12725,75
2022;Kobenz <62014>;1954,875
2022;Lobmingtal <62039>;1855,75
2022;Maria Buch-Feistritz ^<62015>;-
2022;Obdach ^<62016>;-
2022;Obdach <62042>;3792,25
2022;Oberkurzheim ^<62017>;-
2022;Oberweg ^<62018>;-
2022;Oberzeiring ^<62019>;-
2022;Pöls ^<62020>;-
2022;Pöls-Oberkurzheim <62043>;2904,5
2022;Pölstal <62044>;2553,125
2022;Pusterwald <62021>;432,375
2022;Rachau ^<62022>;-
2022;Reifling ^<62023>;-
2022;Reisstraße ^<62024>;-
2022;Sankt Anna am Lavantegg ^<62025>;-
2022;Sankt Georgen ob Judenburg <62026>;853,25
2022;Sankt Johann am Tauern ^<62027>;-
2022;Sankt Lorenzen bei Knittelfeld ^<62028>;-
2022;Sankt Marein bei Knittelfeld ^<62029>;-
2022;Sankt Marein-Feistritz <62045>;2043,875
2022;Sankt Margarethen bei Knittelfeld ^<62030>;-
2022;Sankt Margarethen bei Knittelfeld <62046>;2653,875
2022;Sankt Oswald-Möderbrugg ^<62031>;-
2022;Sankt Peter ob Judenburg <62032>;1104
2022;Sankt Wolfgang-Kienberg ^<62033>;-
2022;Seckau <62034>;1319,125
2022;Spielberg  ^<62035>;-
2022;Spielberg <62047>;5341,5
2022;Unzmarkt-Frauenburg <62036>;1275
2022;Weißkirchen in Steiermark ^<62037>;-
2022;Weißkirchen in Steiermark <62048>;4848,25
2022;Zeltweg <62038>;7026,75
2022;Allerheiligen im Mürztal ^<61301>;-
2022;Altenberg an der Rax ^<61302>;-
2022;Ganz ^<61303>;-
2022;Kapellen ^<61304>;-
2022;Kindberg ^<61305>;-
2022;Krieglach ^<61306>;-
2022;Langenwang ^<61307>;-
2022;Mitterdorf im Mürztal ^<61308>;-
2022;Mürzhofen ^<61309>;-
2022;Mürzsteg ^<61310>;-
2022;Mürzzuschlag ^<61311>;-
2022;Neuberg an der Mürz ^<61312>;-
2022;Spital am Semmering ^<61313>;-
2022;Stanz im Mürztal ^<61314>;-
2022;Veitsch ^<61315>;-
2022;Wartberg im Mürztal ^<61316>;-
2022;Dürnstein in der Steiermark ^<61401>;-
2022;Falkendorf ^<61402>;-
2022;Frojach-Katsch ^<61403>;-
2022;Krakau <61437>;1375
2022;Krakaudorf ^<61404>;-
2022;Krakauhintermühlen ^<61405>;-
2022;Krakauschatten ^<61406>;-
2022;Kulm am Zirbitz ^<61407>;-
2022;Laßnitz bei Murau ^<61408>;-
2022;Mariahof ^<61409>;-
2022;Mühlen <61410>;876,25
2022;Murau ^<61411>;-
2022;Murau <61438>;3447,5
2022;Neumarkt in der Steiermark <61439>;4896,25
2022;Neumarkt in Steiermark ^<61412>;-
2022;Niederwölz <61413>;597,75
2022;Oberwölz  <61440>;2958,75
2022;Oberwölz Stadt ^<61414>;-
2022;Oberwölz Umgebung ^<61415>;-
2022;Perchau am Sattel ^<61416>;-
2022;Predlitz-Turrach ^<61417>;-
2022;Ranten ^<61418>;-
2022;Ranten <61441>;1124,125
2022;Rinegg ^<61419>;-
2022;Sankt Blasen ^<61420>;-
2022;Sankt Georgen am Kreischberg <61442>;1705,625
2022;Sankt Georgen ob Murau ^<61421>;-
2022;Sankt Lambrecht ^<61422>;-
2022;Sankt Lambrecht <61443>;1816,625
2022;Sankt Lorenzen bei Scheifling ^<61423>;-
2022;Sankt Marein bei Neumarkt ^<61424>;-
2022;Sankt Ruprecht ob Murau ^<61426>;-
2022;Sankt Ruprecht-Falkendorf ^<61436>;-
2022;St. Peter am Kammersberg <61425>;1994,625
2022;Scheifling ^<61427>;-
2022;Scheifling <61444>;2149
2022;Schöder <61428>;901,875
2022;Schönberg-Lachtal ^<61429>;-
2022;Stadl an der Mur ^<61430>;-
2022;Stadl-Predlitz <61445>;1651,25
2022;Stolzalpe ^<61431>;-
2022;Teufenbach ^<61432>;-
2022;Teufenbach-Katsch <61446>;1842,375
2022;Triebendorf ^<61433>;-
2022;Winklern bei Oberwölz ^<61434>;-
2022;Zeutschach ^<61435>;-
2022;Bad Radkersburg ^<61513>;-
2022;Bierbaum am Auersbach ^<61501>;-
2022;Deutsch Goritz ^<61502>;-
2022;Dietersdorf am Gnasbach ^<61503>;-
2022;Eichfeld ^<61504>;-
2022;Gosdorf ^<61505>;-
2022;Halbenrain ^<61506>;-
2022;Hof bei Straden ^<61508>;-
2022;Klöch ^<61509>;-
2022;Mettersdorf am Saßbach ^<61510>;-
2022;Mureck ^<61511>;-
2022;Murfeld ^<61512>;-
2022;Radkersburg Umgebung ^<61514>;-
2022;Ratschendorf ^<61515>;-
2022;Sankt Peter am Ottersbach ^<61516>;-
2022;Straden ^<61517>;-
2022;Tieschen ^<61518>;-
2022;Trössing ^<61519>;-
2022;Weinburg am Saßbach ^<61520>;-
2022;Auersbach ^<62301>;-
2022;Aug-Radisch ^<62302>;-
2022;Bad Gleichenberg ^<62303>;-
2022;Bad Gleichenberg <62375>;5304,5
2022;Bad Radkersburg ^<62304>;-
2022;Bad Radkersburg <62376>;3218,875
2022;Bairisch Kölldorf ^<62305>;-
2022;Baumgarten bei Gnas ^<62306>;-
2022;Bierbaum am Auersbach ^<62307>;-
2022;Breitenfeld an der Rittschein ^<62308>;-
2022;Deutsch Goritz ^<62309>;-
2022;Deutsch Goritz <62377>;1776,25
2022;Dietersdorf am Gnasbach ^<62310>;-
2022;Edelsbach bei Feldbach <62311>;1352,25
2022;Edelstauden ^<62312>;-
2022;Eichfeld ^<62313>;-
2022;Eichkögl <62314>;1369,625
2022;Fehring ^<62315>;-
2022;Fehring <62378>;7212,875
2022;Feldbach ^<62316>;-
2022;Feldbach <62379>;13410,5
2022;Fladnitz im Raabtal ^<62317>;-
2022;Frannach ^<62318>;-
2022;Frutten-Gießelsdorf ^<62319>;-
2022;Glojach ^<62320>;-
2022;Gnas ^<62321>;-
2022;Gnas <62380>;5991,25
2022;Gniebing-Weißenbach ^<62322>;-
2022;Gosdorf ^<62323>;-
2022;Gossendorf ^<62324>;-
2022;Grabersdorf ^<62325>;-
2022;Halbenrain <62326>;1698,5
2022;Hatzendorf ^<62327>;-
2022;Hof bei Straden ^<62328>;-
2022;Hohenbrugg-Weinberg ^<62329>;-
2022;Jagerberg <62330>;1638,25
2022;Johnsdorf-Brunn ^<62331>;-
2022;Kapfenstein <62332>;1539,25
2022;Kirchbach in Steiermark ^<62333>;-
2022;Kirchbach-Zerlach <62381>;3218,875
2022;Kirchberg an der Raab ^<62334>;-
2022;Kirchberg an der Raab <62382>;4588
2022;Klöch <62335>;1167,125
2022;Kohlberg ^<62336>;-
2022;Kornberg bei Riegersburg ^<62337>;-
2022;Krusdorf ^<62338>;-
2022;Leitersdorf im Raabtal ^<62339>;-
2022;Lödersdorf ^<62340>;-
2022;Maierdorf ^<62341>;-
2022;Merkendorf ^<62342>;-
2022;Mettersdorf am Saßbach <62343>;1352,25
2022;Mitterlabill ^<62344>;-
2022;Mühldorf bei Feldbach ^<62345>;-
2022;Mureck ^<62346>;-
2022;Mureck <62383>;3470,5
2022;Murfeld <62347>;-
2022;Oberdorf am Hochegg ^<62348>;-
2022;Oberstorcha ^<62349>;-
2022;Paldau ^<62350>;-
2022;Paldau <62384>;3130,25
2022;Perlsdorf ^<62351>;-
2022;Pertlstein ^<62352>;-
2022;Petersdorf II ^<62353>;-
2022;Pirching am Traubenberg ^<62354>;-
2022;Pirching am Traubenberg <62385>;2553
2022;Poppendorf ^<62355>;-
2022;Raabau ^<62356>;-
2022;Radkersburg Umgebung ^<62357>;-
2022;Raning ^<62358>;-
2022;Ratschendorf ^<62359>;-
2022;Riegersburg ^<62360>;-
2022;Riegersburg <62386>;4981,625
2022;Sankt Anna am Aigen ^<62361>;-
2022;Sankt Anna am Aigen <62387>;2368
2022;Sankt Peter am Ottersbach ^<62362>;-
2022;Sankt Peter am Ottersbach <62388>;2905,75
2022;Sankt Stefan im Rosental ^<62363>;-
2022;Sankt Stefan im Rosental <62389>;3818,25
2022;Schwarzau im Schwarzautal ^<62364>;-
2022;Stainz bei Straden ^<62365>;-
2022;Straden ^<62366>;-
2022;Straden <62390>;3493,75
2022;Studenzen ^<62367>;-
2022;Tieschen <62368>;1216
2022;Trautmannsdorf in Oststeiermark ^<62369>;-
2022;Trössing ^<62370>;-
2022;Unterauersbach ^<62371>;-
2022;Unterlamm <62372>;1255,5
2022;Weinburg am Saßbach ^<62373>;-
2022;Zerlach ^<62374>;-
2022;Bärnbach ^<61601>;-
2022;Bärnbach <61626>;5767,625
2022;Edelschrott ^<61602>;-
2022;Edelschrott <61627>;1651,125
2022;Gallmannsegg ^<61603>;-
2022;Geistthal ^<61604>;-
2022;Geistthal-Södingberg <61628>;1479,25
2022;Gößnitz ^<61605>;-
2022;Graden ^<61606>;-
2022;Hirschegg ^<61607>;-
2022;Hirschegg-Pack <61629>;999,75
2022;Kainach bei Voitsberg ^<61608>;-
2022;Kainach bei Voitsberg <61630>;1592,5
2022;Köflach ^<61609>;-
2022;Köflach <61631>;9688
2022;Kohlschwarz ^<61610>;-
2022;Krottendorf-Gaisfeld <61611>;2469,75
2022;Ligist <61612>;3259,5
2022;Maria Lankowitz ^<61613>;-
2022;Maria Lankowitz <61632>;2740,625
2022;Modriach ^<61614>;-
2022;Mooskirchen <61615>;2200,625
2022;Pack ^<61616>;-
2022;Piberegg ^<61617>;-
2022;Rosental an der Kainach <61618>;1649,625
2022;Salla ^<61619>;-
2022;Sankt Johann-Köppling ^<61620>;-
2022;Sankt Martin am Wöllmißberg <61621>;805,625
2022;Söding ^<61622>;-
2022;Södingberg ^<61623>;-
2022;Söding-Sankt Johann <61633>;4213,875
2022;Stallhofen <61624>;3177,25
2022;Voitsberg <61625>;9482,125
2022;Albersdorf-Prebuch <61701>;2283,75
2022;Anger ^<61702>;-
2022;Anger <61756>;3998,5
2022;Arzberg ^<61703>;-
2022;Baierdorf bei Anger ^<61704>;-
2022;Birkfeld ^<61705>;-
2022;Birkfeld <61757>;4985
2022;Etzersdorf-Rollsdorf ^<61706>;-
2022;Feistritz bei Anger ^<61707>;-
2022;Fischbach <61708>;1517,625
2022;Fladnitz an der Teichalm ^<61709>;-
2022;Fladnitz an der Teichalm <61758>;1794,375
2022;Floing <61710>;1211,875
2022;Gasen <61711>;865,125
2022;Gersdorf an der Feistritz ^<61712>;-
2022;Gersdorf an der Feistritz <61759>;1754,125
2022;Gleisdorf ^<61713>;-
2022;Gleisdorf <61760>;11270
2022;Gschaid bei Birkfeld ^<61714>;-
2022;Gutenberg an der Raabklamm ^<61715>;-
2022;Gutenberg <61761>;1638,75
2022;Haslau bei Birkfeld ^<61717>;-
2022;Hirnsdorf ^<61718>;-
2022;Hofstätten an der Raab <61719>;2354,125
2022;Hohenau an der Raab ^<61720>;-
2022;Ilztal ^<61721>;-
2022;Ilztal <61762>;2184,625
2022;Koglhof ^<61722>;-
2022;Krottendorf ^<61723>;-
2022;Kulm bei Weiz ^<61724>;-
2022;Labuch ^<61725>;-
2022;Laßnitzthal ^<61726>;-
2022;Ludersdorf-Wilfersdorf <61727>;2539,125
2022;Markt Hartmannsdorf <61716>;2969,625
2022;Miesenbach bei Birkfeld <61728>;661,5
2022;Mitterdorf an der Raab <61729>;2146,75
2022;Mortantsch <61730>;2244,375
2022;Naas <61731>;1353,375
2022;Naintsch ^<61732>;-
2022;Neudorf bei Passail ^<61733>;-
2022;Nitscha ^<61734>;-
2022;Oberrettenbach ^<61735>;-
2022;Passail ^<61736>;-
2022;Passail <61763>;4412,125
2022;Pischelsdorf am Kulm <61764>;3726,5
2022;Pischelsdorf in der Steiermark ^<61737>;-
2022;Pöllau bei Gleisdorf ^<61738>;-
2022;Preßguts ^<61739>;-
2022;Puch bei Weiz <61740>;2048
2022;Ratten <61741>;1083,75
2022;Reichendorf ^<61742>;-
2022;Rettenegg <61743>;698,625
2022;St. Kathrein am Hauenstein <61744>;622,875
2022;St. Margarethen an der Raab <61746>;4194,5
2022;Sankt Kathrein am Offenegg <61745>;1059,375
2022;Sankt Ruprecht an der Raab ^<61747>;-
2022;Sankt Ruprecht an der Raab <61765>;5614,25
2022;Sinabelkirchen <61748>;4494,125
2022;Stenzengreith ^<61749>;-
2022;Strallegg <61750>;1905,75
2022;Thannhausen <61751>;2498,25
2022;Ungerdorf ^<61752>;-
2022;Unterfladnitz ^<61753>;-
2022;Waisenegg ^<61754>;-
2022;Weiz ^<61755>;-
2022;Weiz <61766>;11856,375
2023;Graz <60101>;300542,5
2023;Eisenerz <61101>;3463,5
2023;Gai ^<61102>;-
2023;Hafning bei Trofaiach ^<61103>;-
2023;Hieflau ^<61104>;-
2023;Kalwang <61105>;995,875
2023;Kammern im Liesingtal <61106>;1675,25
2023;Kraubath an der Mur <61107>;1367,75
2023;Leoben <61108>;24708,625
2023;Mautern in Steiermark <61109>;1673,25
2023;Niklasdorf <61110>;2344,625
2023;Proleb <61111>;1575,25
2023;Radmer <61112>;491,375
2023;Sankt Michael in Obersteiermark <61113>;3103,625
2023;Sankt Peter-Freienstein <61114>;2324,875
2023;Sankt Stefan ob Leoben <61115>;1801,375
2023;Traboch <61116>;1414,875
2023;Trofaiach ^<61117>;-
2023;Trofaiach <61120>;11013,75
2023;Vordernberg <61118>;935,75
2023;Wald am Schoberpaß <61119>;532,125
2023;Admont ^<61201>;-
2023;Admont <61253>;4943,125
2023;Aich ^<61202>;-
2023;Aich <61254>;1315,625
2023;Aigen im Ennstal <61203>;2688,125
2023;Altaussee <61204>;1886
2023;Altenmarkt bei Sankt Gallen <61205>;803
2023;Ardning <61206>;1284,375
2023;Bad Aussee <61207>;5004,25
2023;Bad Mitterndorf ^<61226>;-
2023;Bad Mitterndorf <61255>;4939,375
2023;Donnersbach ^<61208>;-
2023;Donnersbachwald ^<61209>;-
2023;Gaishorn am See ^<61210>;-
2023;Gaishorn am See <61256>;1345,75
2023;Gams bei Hieflau ^<61211>;-
2023;Gössenberg ^<61212>;-
2023;Gröbming <61213>;3174,75
2023;Großsölk ^<61214>;-
2023;Grundlsee <61215>;1161,125
2023;Hall ^<61216>;-
2023;Haus <61217>;2444,5
2023;Irdning ^<61218>;-
2023;Irdning-Donnersbachtal <61257>;4167,25
2023;Johnsbach ^<61219>;-
2023;Kleinsölk ^<61220>;-
2023;Landl ^<61221>;-
2023;Landl <61258>;2527,625
2023;Lassing <61222>;1695,5
2023;Liezen ^<61223>;-
2023;Liezen <61259>;8256,25
2023;Michaelerberg ^<61224>;-
2023;Michaelerberg-Pruggern <61260>;1242,125
2023;Mitterberg ^<61225>;-
2023;Mitterberg-Sankt Martin <61261>;1948,25
2023;Niederöblarn ^<61227>;-
2023;Öblarn ^<61228>;-
2023;Öblarn <61262>;1943,375
2023;Oppenberg ^<61229>;-
2023;Palfau ^<61230>;-
2023;Palten ^<61231>;-
2023;Pichl-Kainisch ^<61233>;-
2023;Pichl-Preunegg ^<61232>;-
2023;Pruggern ^<61234>;-
2023;Pürgg-Trautenfels ^<61235>;-
2023;Ramsau am Dachstein <61236>;2917,75
2023;Rohrmoos-Untertal ^<61237>;-
2023;Rottenmann ^<61238>;-
2023;Rottenmann <61263>;5074,625
2023;Sankt Gallen ^<61239>;-
2023;Sankt Gallen <61264>;1796
2023;Sankt Martin am Grimming ^<61240>;-
2023;Sankt Nikolai im Sölktal ^<61241>;-
2023;Schladming ^<61242>;-
2023;Schladming <61265>;6547,625
2023;Selzthal <61243>;1497
2023;Sölk <61266>;1482,25
2023;Stainach ^<61244>;-
2023;Stainach-Pürgg <61267>;2748,5
2023;Tauplitz ^<61245>;-
2023;Treglwang ^<61246>;-
2023;Trieben <61247>;3310,75
2023;Weißenbach an der Enns ^<61248>;-
2023;Weißenbach bei Liezen ^<61249>;-
2023;Weng im Gesäuse ^<61250>;-
2023;Wildalpen <61251>;433,375
2023;Wörschach <61252>;1174,875
2023;Amering ^<62001>;-
2023;Apfelberg ^<62002>;-
2023;Bretstein ^<62003>;-
2023;Eppenstein ^<62004>;-
2023;Feistritz bei Knittelfeld ^<62005>;-
2023;Flatschach ^<62006>;-
2023;Fohnsdorf <62007>;7551,875
2023;Gaal <62008>;1327,75
2023;Großlobming ^<62009>;-
2023;Hohentauern <62010>;379,5
2023;Judenburg ^<62011>;-
2023;Judenburg <62040>;9681,875
2023;Kleinlobming ^<62012>;-
2023;Knittelfeld ^<62013>;-
2023;Knittelfeld <62041>;12774,25
2023;Kobenz <62014>;2003,5
2023;Lobmingtal <62039>;1825
2023;Maria Buch-Feistritz ^<62015>;-
2023;Obdach ^<62016>;-
2023;Obdach <62042>;3783
2023;Oberkurzheim ^<62017>;-
2023;Oberweg ^<62018>;-
2023;Oberzeiring ^<62019>;-
2023;Pöls ^<62020>;-
2023;Pöls-Oberkurzheim <62043>;2828,875
2023;Pölstal <62044>;2563
2023;Pusterwald <62021>;432,625
2023;Rachau ^<62022>;-
2023;Reifling ^<62023>;-
2023;Reisstraße ^<62024>;-
2023;Sankt Anna am Lavantegg ^<62025>;-
2023;Sankt Georgen ob Judenburg <62026>;841,875
2023;Sankt Johann am Tauern ^<62027>;-
2023;Sankt Lorenzen bei Knittelfeld ^<62028>;-
2023;Sankt Marein bei Knittelfeld ^<62029>;-
2023;Sankt Marein-Feistritz <62045>;2028
2023;Sankt Margarethen bei Knittelfeld ^<62030>;-
2023;Sankt Margarethen bei Knittelfeld <62046>;2638,875
2023;Sankt Oswald-Möderbrugg ^<62031>;-
2023;Sankt Peter ob Judenburg <62032>;1133,875
2023;Sankt Wolfgang-Kienberg ^<62033>;-
2023;Seckau <62034>;1322,625
2023;Spielberg  ^<62035>;-
2023;Spielberg <62047>;5349,125
2023;Unzmarkt-Frauenburg <62036>;1265,5
2023;Weißkirchen in Steiermark ^<62037>;-
2023;Weißkirchen in Steiermark <62048>;4814
2023;Zeltweg <62038>;7123,75
2023;Allerheiligen im Mürztal ^<61301>;-
2023;Altenberg an der Rax ^<61302>;-
2023;Ganz ^<61303>;-
2023;Kapellen ^<61304>;-
2023;Kindberg ^<61305>;-
2023;Krieglach ^<61306>;-
2023;Langenwang ^<61307>;-
2023;Mitterdorf im Mürztal ^<61308>;-
2023;Mürzhofen ^<61309>;-
2023;Mürzsteg ^<61310>;-
2023;Mürzzuschlag ^<61311>;-
2023;Neuberg an der Mürz ^<61312>;-
2023;Spital am Semmering ^<61313>;-
2023;Stanz im Mürztal ^<61314>;-
2023;Veitsch ^<61315>;-
2023;Wartberg im Mürztal ^<61316>;-
2023;Dürnstein in der Steiermark ^<61401>;-
2023;Falkendorf ^<61402>;-
2023;Frojach-Katsch ^<61403>;-
2023;Krakau <61437>;1361,125
2023;Krakaudorf ^<61404>;-
2023;Krakauhintermühlen ^<61405>;-
2023;Krakauschatten ^<61406>;-
2023;Kulm am Zirbitz ^<61407>;-
2023;Laßnitz bei Murau ^<61408>;-
2023;Mariahof ^<61409>;-
2023;Mühlen <61410>;860,625
2023;Murau ^<61411>;-
2023;Murau <61438>;3394,875
2023;Neumarkt in der Steiermark <61439>;4908,375
2023;Neumarkt in Steiermark ^<61412>;-
2023;Niederwölz <61413>;605,375
2023;Oberwölz  <61440>;2944,875
2023;Oberwölz Stadt ^<61414>;-
2023;Oberwölz Umgebung ^<61415>;-
2023;Perchau am Sattel ^<61416>;-
2023;Predlitz-Turrach ^<61417>;-
2023;Ranten ^<61418>;-
2023;Ranten <61441>;1127,75
2023;Rinegg ^<61419>;-
2023;Sankt Blasen ^<61420>;-
2023;Sankt Georgen am Kreischberg <61442>;1686,5
2023;Sankt Georgen ob Murau ^<61421>;-
2023;Sankt Lambrecht ^<61422>;-
2023;Sankt Lambrecht <61443>;1808,75
2023;Sankt Lorenzen bei Scheifling ^<61423>;-
2023;Sankt Marein bei Neumarkt ^<61424>;-
2023;Sankt Ruprecht ob Murau ^<61426>;-
2023;Sankt Ruprecht-Falkendorf ^<61436>;-
2023;St. Peter am Kammersberg <61425>;1976
2023;Scheifling ^<61427>;-
2023;Scheifling <61444>;2145,375
2023;Schöder <61428>;880,375
2023;Schönberg-Lachtal ^<61429>;-
2023;Stadl an der Mur ^<61430>;-
2023;Stadl-Predlitz <61445>;1651
2023;Stolzalpe ^<61431>;-
2023;Teufenbach ^<61432>;-
2023;Teufenbach-Katsch <61446>;1822,5
2023;Triebendorf ^<61433>;-
2023;Winklern bei Oberwölz ^<61434>;-
2023;Zeutschach ^<61435>;-
2023;Bad Radkersburg ^<61513>;-
2023;Bierbaum am Auersbach ^<61501>;-
2023;Deutsch Goritz ^<61502>;-
2023;Dietersdorf am Gnasbach ^<61503>;-
2023;Eichfeld ^<61504>;-
2023;Gosdorf ^<61505>;-
2023;Halbenrain ^<61506>;-
2023;Hof bei Straden ^<61508>;-
2023;Klöch ^<61509>;-
2023;Mettersdorf am Saßbach ^<61510>;-
2023;Mureck ^<61511>;-
2023;Murfeld ^<61512>;-
2023;Radkersburg Umgebung ^<61514>;-
2023;Ratschendorf ^<61515>;-
2023;Sankt Peter am Ottersbach ^<61516>;-
2023;Straden ^<61517>;-
2023;Tieschen ^<61518>;-
2023;Trössing ^<61519>;-
2023;Weinburg am Saßbach ^<61520>;-
2023;Auersbach ^<62301>;-
2023;Aug-Radisch ^<62302>;-
2023;Bad Gleichenberg ^<62303>;-
2023;Bad Gleichenberg <62375>;5265,5
2023;Bad Radkersburg ^<62304>;-
2023;Bad Radkersburg <62376>;3222,75
2023;Bairisch Kölldorf ^<62305>;-
2023;Baumgarten bei Gnas ^<62306>;-
2023;Bierbaum am Auersbach ^<62307>;-
2023;Breitenfeld an der Rittschein ^<62308>;-
2023;Deutsch Goritz ^<62309>;-
2023;Deutsch Goritz <62377>;1780
2023;Dietersdorf am Gnasbach ^<62310>;-
2023;Edelsbach bei Feldbach <62311>;1351,75
2023;Edelstauden ^<62312>;-
2023;Eichfeld ^<62313>;-
2023;Eichkögl <62314>;1382,375
2023;Fehring ^<62315>;-
2023;Fehring <62378>;7224,5
2023;Feldbach ^<62316>;-
2023;Feldbach <62379>;13490
2023;Fladnitz im Raabtal ^<62317>;-
2023;Frannach ^<62318>;-
2023;Frutten-Gießelsdorf ^<62319>;-
2023;Glojach ^<62320>;-
2023;Gnas ^<62321>;-
2023;Gnas <62380>;5980,625
2023;Gniebing-Weißenbach ^<62322>;-
2023;Gosdorf ^<62323>;-
2023;Gossendorf ^<62324>;-
2023;Grabersdorf ^<62325>;-
2023;Halbenrain <62326>;1678
2023;Hatzendorf ^<62327>;-
2023;Hof bei Straden ^<62328>;-
2023;Hohenbrugg-Weinberg ^<62329>;-
2023;Jagerberg <62330>;1622,25
2023;Johnsdorf-Brunn ^<62331>;-
2023;Kapfenstein <62332>;1521,625
2023;Kirchbach in Steiermark ^<62333>;-
2023;Kirchbach-Zerlach <62381>;3201,25
2023;Kirchberg an der Raab ^<62334>;-
2023;Kirchberg an der Raab <62382>;4597
2023;Klöch <62335>;1157,375
2023;Kohlberg ^<62336>;-
2023;Kornberg bei Riegersburg ^<62337>;-
2023;Krusdorf ^<62338>;-
2023;Leitersdorf im Raabtal ^<62339>;-
2023;Lödersdorf ^<62340>;-
2023;Maierdorf ^<62341>;-
2023;Merkendorf ^<62342>;-
2023;Mettersdorf am Saßbach <62343>;1354,375
2023;Mitterlabill ^<62344>;-
2023;Mühldorf bei Feldbach ^<62345>;-
2023;Mureck ^<62346>;-
2023;Mureck <62383>;3514,5
2023;Murfeld <62347>;-
2023;Oberdorf am Hochegg ^<62348>;-
2023;Oberstorcha ^<62349>;-
2023;Paldau ^<62350>;-
2023;Paldau <62384>;3108,125
2023;Perlsdorf ^<62351>;-
2023;Pertlstein ^<62352>;-
2023;Petersdorf II ^<62353>;-
2023;Pirching am Traubenberg ^<62354>;-
2023;Pirching am Traubenberg <62385>;2541,125
2023;Poppendorf ^<62355>;-
2023;Raabau ^<62356>;-
2023;Radkersburg Umgebung ^<62357>;-
2023;Raning ^<62358>;-
2023;Ratschendorf ^<62359>;-
2023;Riegersburg ^<62360>;-
2023;Riegersburg <62386>;5017
2023;Sankt Anna am Aigen ^<62361>;-
2023;Sankt Anna am Aigen <62387>;2375,25
2023;Sankt Peter am Ottersbach ^<62362>;-
2023;Sankt Peter am Ottersbach <62388>;2904
2023;Sankt Stefan im Rosental ^<62363>;-
2023;Sankt Stefan im Rosental <62389>;3794,5
2023;Schwarzau im Schwarzautal ^<62364>;-
2023;Stainz bei Straden ^<62365>;-
2023;Straden ^<62366>;-
2023;Straden <62390>;3466,5
2023;Studenzen ^<62367>;-
2023;Tieschen <62368>;1222,875
2023;Trautmannsdorf in Oststeiermark ^<62369>;-
2023;Trössing ^<62370>;-
2023;Unterauersbach ^<62371>;-
2023;Unterlamm <62372>;1237,875
2023;Weinburg am Saßbach ^<62373>;-
2023;Zerlach ^<62374>;-
2023;Bärnbach ^<61601>;-
2023;Bärnbach <61626>;5798,125
2023;Edelschrott ^<61602>;-
2023;Edelschrott <61627>;1644
2023;Gallmannsegg ^<61603>;-
2023;Geistthal ^<61604>;-
2023;Geistthal-Södingberg <61628>;1445,5
2023;Gößnitz ^<61605>;-
2023;Graden ^<61606>;-
2023;Hirschegg ^<61607>;-
2023;Hirschegg-Pack <61629>;1009,25
2023;Kainach bei Voitsberg ^<61608>;-
2023;Kainach bei Voitsberg <61630>;1578
2023;Köflach ^<61609>;-
2023;Köflach <61631>;9624,5
2023;Kohlschwarz ^<61610>;-
2023;Krottendorf-Gaisfeld <61611>;2460,875
2023;Ligist <61612>;3231,125
2023;Maria Lankowitz ^<61613>;-
2023;Maria Lankowitz <61632>;2724,75
2023;Modriach ^<61614>;-
2023;Mooskirchen <61615>;2206,125
2023;Pack ^<61616>;-
2023;Piberegg ^<61617>;-
2023;Rosental an der Kainach <61618>;1672,125
2023;Salla ^<61619>;-
2023;Sankt Johann-Köppling ^<61620>;-
2023;Sankt Martin am Wöllmißberg <61621>;803,5
2023;Söding ^<61622>;-
2023;Södingberg ^<61623>;-
2023;Söding-Sankt Johann <61633>;4290
2023;Stallhofen <61624>;3209,25
2023;Voitsberg <61625>;9565,875
2023;Albersdorf-Prebuch <61701>;2286,125
2023;Anger ^<61702>;-
2023;Anger <61756>;4009,625
2023;Arzberg ^<61703>;-
2023;Baierdorf bei Anger ^<61704>;-
2023;Birkfeld ^<61705>;-
2023;Birkfeld <61757>;4975,375
2023;Etzersdorf-Rollsdorf ^<61706>;-
2023;Feistritz bei Anger ^<61707>;-
2023;Fischbach <61708>;1506,75
2023;Fladnitz an der Teichalm ^<61709>;-
2023;Fladnitz an der Teichalm <61758>;1792,25
2023;Floing <61710>;1216,875
2023;Gasen <61711>;859,375
2023;Gersdorf an der Feistritz ^<61712>;-
2023;Gersdorf an der Feistritz <61759>;1757,375
2023;Gleisdorf ^<61713>;-
2023;Gleisdorf <61760>;11422,625
2023;Gschaid bei Birkfeld ^<61714>;-
2023;Gutenberg an der Raabklamm ^<61715>;-
2023;Gutenberg <61761>;1649,75
2023;Haslau bei Birkfeld ^<61717>;-
2023;Hirnsdorf ^<61718>;-
2023;Hofstätten an der Raab <61719>;2386,125
2023;Hohenau an der Raab ^<61720>;-
2023;Ilztal ^<61721>;-
2023;Ilztal <61762>;2180,75
2023;Koglhof ^<61722>;-
2023;Krottendorf ^<61723>;-
2023;Kulm bei Weiz ^<61724>;-
2023;Labuch ^<61725>;-
2023;Laßnitzthal ^<61726>;-
2023;Ludersdorf-Wilfersdorf <61727>;2549,75
2023;Markt Hartmannsdorf <61716>;2970,75
2023;Miesenbach bei Birkfeld <61728>;657,375
2023;Mitterdorf an der Raab <61729>;2147,625
2023;Mortantsch <61730>;2266,375
2023;Naas <61731>;1345,625
2023;Naintsch ^<61732>;-
2023;Neudorf bei Passail ^<61733>;-
2023;Nitscha ^<61734>;-
2023;Oberrettenbach ^<61735>;-
2023;Passail ^<61736>;-
2023;Passail <61763>;4397,75
2023;Pischelsdorf am Kulm <61764>;3808,375
2023;Pischelsdorf in der Steiermark ^<61737>;-
2023;Pöllau bei Gleisdorf ^<61738>;-
2023;Preßguts ^<61739>;-
2023;Puch bei Weiz <61740>;2040,875
2023;Ratten <61741>;1090,75
2023;Reichendorf ^<61742>;-
2023;Rettenegg <61743>;698
2023;St. Kathrein am Hauenstein <61744>;610,625
2023;St. Margarethen an der Raab <61746>;4216,875
2023;Sankt Kathrein am Offenegg <61745>;1067,375
2023;Sankt Ruprecht an der Raab ^<61747>;-
2023;Sankt Ruprecht an der Raab <61765>;5659,375
2023;Sinabelkirchen <61748>;4487,5
2023;Stenzengreith ^<61749>;-
2023;Strallegg <61750>;1901
2023;Thannhausen <61751>;2471,125
2023;Ungerdorf ^<61752>;-
2023;Unterfladnitz ^<61753>;-
2023;Waisenegg ^<61754>;-
2023;Weiz ^<61755>;-
2023;Weiz <61766>;11985,625
2024;Graz <60101>;303725,125
2024;Eisenerz <61101>;3394,125
2024;Gai ^<61102>;-
2024;Hafning bei Trofaiach ^<61103>;-
2024;Hieflau ^<61104>;-
2024;Kalwang <61105>;1033,875
2024;Kammern im Liesingtal <61106>;1674,75
2024;Kraubath an der Mur <61107>;1348,875
2024;Leoben <61108>;24583,5
2024;Mautern in Steiermark <61109>;1653,125
2024;Niklasdorf <61110>;2344,25
2024;Proleb <61111>;1568,25
2024;Radmer <61112>;480,125
2024;Sankt Michael in Obersteiermark <61113>;3054,25
2024;Sankt Peter-Freienstein <61114>;2312,25
2024;Sankt Stefan ob Leoben <61115>;1796
2024;Traboch <61116>;1406,875
2024;Trofaiach ^<61117>;-
2024;Trofaiach <61120>;11028,875
2024;Vordernberg <61118>;923,25
2024;Wald am Schoberpaß <61119>;529,625
2024;Admont ^<61201>;-
2024;Admont <61253>;4912,75
2024;Aich ^<61202>;-
2024;Aich <61254>;1313,625
2024;Aigen im Ennstal <61203>;2730
2024;Altaussee <61204>;1904
2024;Altenmarkt bei Sankt Gallen <61205>;793,125
2024;Ardning <61206>;1307
2024;Bad Aussee <61207>;4985
2024;Bad Mitterndorf ^<61226>;-
2024;Bad Mitterndorf <61255>;4953,375
2024;Donnersbach ^<61208>;-
2024;Donnersbachwald ^<61209>;-
2024;Gaishorn am See ^<61210>;-
2024;Gaishorn am See <61256>;1344
2024;Gams bei Hieflau ^<61211>;-
2024;Gössenberg ^<61212>;-
2024;Gröbming <61213>;3206
2024;Großsölk ^<61214>;-
2024;Grundlsee <61215>;1173,75
2024;Hall ^<61216>;-
2024;Haus <61217>;2454
2024;Irdning ^<61218>;-
2024;Irdning-Donnersbachtal <61257>;4198,375
2024;Johnsbach ^<61219>;-
2024;Kleinsölk ^<61220>;-
2024;Landl ^<61221>;-
2024;Landl <61258>;2493,5
2024;Lassing <61222>;1684,75
2024;Liezen ^<61223>;-
2024;Liezen <61259>;8181,75
2024;Michaelerberg ^<61224>;-
2024;Michaelerberg-Pruggern <61260>;1267,875
2024;Mitterberg ^<61225>;-
2024;Mitterberg-Sankt Martin <61261>;1964,625
2024;Niederöblarn ^<61227>;-
2024;Öblarn ^<61228>;-
2024;Öblarn <61262>;1904
2024;Oppenberg ^<61229>;-
2024;Palfau ^<61230>;-
2024;Palten ^<61231>;-
2024;Pichl-Kainisch ^<61233>;-
2024;Pichl-Preunegg ^<61232>;-
2024;Pruggern ^<61234>;-
2024;Pürgg-Trautenfels ^<61235>;-
2024;Ramsau am Dachstein <61236>;2919,875
2024;Rohrmoos-Untertal ^<61237>;-
2024;Rottenmann ^<61238>;-
2024;Rottenmann <61263>;4988,125
2024;Sankt Gallen ^<61239>;-
2024;Sankt Gallen <61264>;1809
2024;Sankt Martin am Grimming ^<61240>;-
2024;Sankt Nikolai im Sölktal ^<61241>;-
2024;Schladming ^<61242>;-
2024;Schladming <61265>;6569,5
2024;Selzthal <61243>;1492,75
2024;Sölk <61266>;1473,5
2024;Stainach ^<61244>;-
2024;Stainach-Pürgg <61267>;2709,875
2024;Tauplitz ^<61245>;-
2024;Treglwang ^<61246>;-
2024;Trieben <61247>;3294,875
2024;Weißenbach an der Enns ^<61248>;-
2024;Weißenbach bei Liezen ^<61249>;-
2024;Weng im Gesäuse ^<61250>;-
2024;Wildalpen <61251>;432,25
2024;Wörschach <61252>;1205,625
2024;Amering ^<62001>;-
2024;Apfelberg ^<62002>;-
2024;Bretstein ^<62003>;-
2024;Eppenstein ^<62004>;-
2024;Feistritz bei Knittelfeld ^<62005>;-
2024;Flatschach ^<62006>;-
2024;Fohnsdorf <62007>;7615,625
2024;Gaal <62008>;1304,75
2024;Großlobming ^<62009>;-
2024;Hohentauern <62010>;373
2024;Judenburg ^<62011>;-
2024;Judenburg <62040>;9629
2024;Kleinlobming ^<62012>;-
2024;Knittelfeld ^<62013>;-
2024;Knittelfeld <62041>;12772,375
2024;Kobenz <62014>;2090,375
2024;Lobmingtal <62039>;1822,5
2024;Maria Buch-Feistritz ^<62015>;-
2024;Obdach ^<62016>;-
2024;Obdach <62042>;3789,875
2024;Oberkurzheim ^<62017>;-
2024;Oberweg ^<62018>;-
2024;Oberzeiring ^<62019>;-
2024;Pöls ^<62020>;-
2024;Pöls-Oberkurzheim <62043>;2786,125
2024;Pölstal <62044>;2525,875
2024;Pusterwald <62021>;428
2024;Rachau ^<62022>;-
2024;Reifling ^<62023>;-
2024;Reisstraße ^<62024>;-
2024;Sankt Anna am Lavantegg ^<62025>;-
2024;Sankt Georgen ob Judenburg <62026>;829,75
2024;Sankt Johann am Tauern ^<62027>;-
2024;Sankt Lorenzen bei Knittelfeld ^<62028>;-
2024;Sankt Marein bei Knittelfeld ^<62029>;-
2024;Sankt Marein-Feistritz <62045>;2012,625
2024;Sankt Margarethen bei Knittelfeld ^<62030>;-
2024;Sankt Margarethen bei Knittelfeld <62046>;2638,875
2024;Sankt Oswald-Möderbrugg ^<62031>;-
2024;Sankt Peter ob Judenburg <62032>;1137,875
2024;Sankt Wolfgang-Kienberg ^<62033>;-
2024;Seckau <62034>;1328
2024;Spielberg  ^<62035>;-
2024;Spielberg <62047>;5357,25
2024;Unzmarkt-Frauenburg <62036>;1264
2024;Weißkirchen in Steiermark ^<62037>;-
2024;Weißkirchen in Steiermark <62048>;4774,75
2024;Zeltweg <62038>;7064,875
2024;Allerheiligen im Mürztal ^<61301>;-
2024;Altenberg an der Rax ^<61302>;-
2024;Ganz ^<61303>;-
2024;Kapellen ^<61304>;-
2024;Kindberg ^<61305>;-
2024;Krieglach ^<61306>;-
2024;Langenwang ^<61307>;-
2024;Mitterdorf im Mürztal ^<61308>;-
2024;Mürzhofen ^<61309>;-
2024;Mürzsteg ^<61310>;-
2024;Mürzzuschlag ^<61311>;-
2024;Neuberg an der Mürz ^<61312>;-
2024;Spital am Semmering ^<61313>;-
2024;Stanz im Mürztal ^<61314>;-
2024;Veitsch ^<61315>;-
2024;Wartberg im Mürztal ^<61316>;-
2024;Dürnstein in der Steiermark ^<61401>;-
2024;Falkendorf ^<61402>;-
2024;Frojach-Katsch ^<61403>;-
2024;Krakau <61437>;1354,375
2024;Krakaudorf ^<61404>;-
2024;Krakauhintermühlen ^<61405>;-
2024;Krakauschatten ^<61406>;-
2024;Kulm am Zirbitz ^<61407>;-
2024;Laßnitz bei Murau ^<61408>;-
2024;Mariahof ^<61409>;-
2024;Mühlen <61410>;867,125
2024;Murau ^<61411>;-
2024;Murau <61438>;3341,375
2024;Neumarkt in der Steiermark <61439>;4842
2024;Neumarkt in Steiermark ^<61412>;-
2024;Niederwölz <61413>;602,125
2024;Oberwölz  <61440>;2931,875
2024;Oberwölz Stadt ^<61414>;-
2024;Oberwölz Umgebung ^<61415>;-
2024;Perchau am Sattel ^<61416>;-
2024;Predlitz-Turrach ^<61417>;-
2024;Ranten ^<61418>;-
2024;Ranten <61441>;1126,5
2024;Rinegg ^<61419>;-
2024;Sankt Blasen ^<61420>;-
2024;Sankt Georgen am Kreischberg <61442>;1673,5
2024;Sankt Georgen ob Murau ^<61421>;-
2024;Sankt Lambrecht ^<61422>;-
2024;Sankt Lambrecht <61443>;1779,125
2024;Sankt Lorenzen bei Scheifling ^<61423>;-
2024;Sankt Marein bei Neumarkt ^<61424>;-
2024;Sankt Ruprecht ob Murau ^<61426>;-
2024;Sankt Ruprecht-Falkendorf ^<61436>;-
2024;St. Peter am Kammersberg <61425>;1975,375
2024;Scheifling ^<61427>;-
2024;Scheifling <61444>;2132,5
2024;Schöder <61428>;872,25
2024;Schönberg-Lachtal ^<61429>;-
2024;Stadl an der Mur ^<61430>;-
2024;Stadl-Predlitz <61445>;1665,625
2024;Stolzalpe ^<61431>;-
2024;Teufenbach ^<61432>;-
2024;Teufenbach-Katsch <61446>;1819,5
2024;Triebendorf ^<61433>;-
2024;Winklern bei Oberwölz ^<61434>;-
2024;Zeutschach ^<61435>;-
2024;Bad Radkersburg ^<61513>;-
2024;Bierbaum am Auersbach ^<61501>;-
2024;Deutsch Goritz ^<61502>;-
2024;Dietersdorf am Gnasbach ^<61503>;-
2024;Eichfeld ^<61504>;-
2024;Gosdorf ^<61505>;-
2024;Halbenrain ^<61506>;-
2024;Hof bei Straden ^<61508>;-
2024;Klöch ^<61509>;-
2024;Mettersdorf am Saßbach ^<61510>;-
2024;Mureck ^<61511>;-
2024;Murfeld ^<61512>;-
2024;Radkersburg Umgebung ^<61514>;-
2024;Ratschendorf ^<61515>;-
2024;Sankt Peter am Ottersbach ^<61516>;-
2024;Straden ^<61517>;-
2024;Tieschen ^<61518>;-
2024;Trössing ^<61519>;-
2024;Weinburg am Saßbach ^<61520>;-
2024;Auersbach ^<62301>;-
2024;Aug-Radisch ^<62302>;-
2024;Bad Gleichenberg ^<62303>;-
2024;Bad Gleichenberg <62375>;5229,625
2024;Bad Radkersburg ^<62304>;-
2024;Bad Radkersburg <62376>;3227,625
2024;Bairisch Kölldorf ^<62305>;-
2024;Baumgarten bei Gnas ^<62306>;-
2024;Bierbaum am Auersbach ^<62307>;-
2024;Breitenfeld an der Rittschein ^<62308>;-
2024;Deutsch Goritz ^<62309>;-
2024;Deutsch Goritz <62377>;1772,75
2024;Dietersdorf am Gnasbach ^<62310>;-
2024;Edelsbach bei Feldbach <62311>;1363,5
2024;Edelstauden ^<62312>;-
2024;Eichfeld ^<62313>;-
2024;Eichkögl <62314>;1391,875
2024;Fehring ^<62315>;-
2024;Fehring <62378>;7174,875
2024;Feldbach ^<62316>;-
2024;Feldbach <62379>;13516
2024;Fladnitz im Raabtal ^<62317>;-
2024;Frannach ^<62318>;-
2024;Frutten-Gießelsdorf ^<62319>;-
2024;Glojach ^<62320>;-
2024;Gnas ^<62321>;-
2024;Gnas <62380>;5972
2024;Gniebing-Weißenbach ^<62322>;-
2024;Gosdorf ^<62323>;-
2024;Gossendorf ^<62324>;-
2024;Grabersdorf ^<62325>;-
2024;Halbenrain <62326>;1694,25
2024;Hatzendorf ^<62327>;-
2024;Hof bei Straden ^<62328>;-
2024;Hohenbrugg-Weinberg ^<62329>;-
2024;Jagerberg <62330>;1599,625
2024;Johnsdorf-Brunn ^<62331>;-
2024;Kapfenstein <62332>;1503
2024;Kirchbach in Steiermark ^<62333>;-
2024;Kirchbach-Zerlach <62381>;3191,875
2024;Kirchberg an der Raab ^<62334>;-
2024;Kirchberg an der Raab <62382>;4610,25
2024;Klöch <62335>;1156,125
2024;Kohlberg ^<62336>;-
2024;Kornberg bei Riegersburg ^<62337>;-
2024;Krusdorf ^<62338>;-
2024;Leitersdorf im Raabtal ^<62339>;-
2024;Lödersdorf ^<62340>;-
2024;Maierdorf ^<62341>;-
2024;Merkendorf ^<62342>;-
2024;Mettersdorf am Saßbach <62343>;1351,25
2024;Mitterlabill ^<62344>;-
2024;Mühldorf bei Feldbach ^<62345>;-
2024;Mureck ^<62346>;-
2024;Mureck <62383>;3518,875
2024;Murfeld <62347>;-
2024;Oberdorf am Hochegg ^<62348>;-
2024;Oberstorcha ^<62349>;-
2024;Paldau ^<62350>;-
2024;Paldau <62384>;3117,625
2024;Perlsdorf ^<62351>;-
2024;Pertlstein ^<62352>;-
2024;Petersdorf II ^<62353>;-
2024;Pirching am Traubenberg ^<62354>;-
2024;Pirching am Traubenberg <62385>;2519,125
2024;Poppendorf ^<62355>;-
2024;Raabau ^<62356>;-
2024;Radkersburg Umgebung ^<62357>;-
2024;Raning ^<62358>;-
2024;Ratschendorf ^<62359>;-
2024;Riegersburg ^<62360>;-
2024;Riegersburg <62386>;4981,125
2024;Sankt Anna am Aigen ^<62361>;-
2024;Sankt Anna am Aigen <62387>;2359,625
2024;Sankt Peter am Ottersbach ^<62362>;-
2024;Sankt Peter am Ottersbach <62388>;2902,375
2024;Sankt Stefan im Rosental ^<62363>;-
2024;Sankt Stefan im Rosental <62389>;3789,625
2024;Schwarzau im Schwarzautal ^<62364>;-
2024;Stainz bei Straden ^<62365>;-
2024;Straden ^<62366>;-
2024;Straden <62390>;3421,75
2024;Studenzen ^<62367>;-
2024;Tieschen <62368>;1203,625
2024;Trautmannsdorf in Oststeiermark ^<62369>;-
2024;Trössing ^<62370>;-
2024;Unterauersbach ^<62371>;-
2024;Unterlamm <62372>;1257,25
2024;Weinburg am Saßbach ^<62373>;-
2024;Zerlach ^<62374>;-
2024;Bärnbach ^<61601>;-
2024;Bärnbach <61626>;5848,25
2024;Edelschrott ^<61602>;-
2024;Edelschrott <61627>;1634,75
2024;Gallmannsegg ^<61603>;-
2024;Geistthal ^<61604>;-
2024;Geistthal-Södingberg <61628>;1432
2024;Gößnitz ^<61605>;-
2024;Graden ^<61606>;-
2024;Hirschegg ^<61607>;-
2024;Hirschegg-Pack <61629>;1008,25
2024;Kainach bei Voitsberg ^<61608>;-
2024;Kainach bei Voitsberg <61630>;1535,875
2024;Köflach ^<61609>;-
2024;Köflach <61631>;9536,5
2024;Kohlschwarz ^<61610>;-
2024;Krottendorf-Gaisfeld <61611>;2443,5
2024;Ligist <61612>;3213,75
2024;Maria Lankowitz ^<61613>;-
2024;Maria Lankowitz <61632>;2710,875
2024;Modriach ^<61614>;-
2024;Mooskirchen <61615>;2209,625
2024;Pack ^<61616>;-
2024;Piberegg ^<61617>;-
2024;Rosental an der Kainach <61618>;1694,125
2024;Salla ^<61619>;-
2024;Sankt Johann-Köppling ^<61620>;-
2024;Sankt Martin am Wöllmißberg <61621>;788,75
2024;Söding ^<61622>;-
2024;Södingberg ^<61623>;-
2024;Söding-Sankt Johann <61633>;4351,875
2024;Stallhofen <61624>;3235,25
2024;Voitsberg <61625>;9577,75
2024;Albersdorf-Prebuch <61701>;2288,75
2024;Anger ^<61702>;-
2024;Anger <61756>;4001,5
2024;Arzberg ^<61703>;-
2024;Baierdorf bei Anger ^<61704>;-
2024;Birkfeld ^<61705>;-
2024;Birkfeld <61757>;4966,75
2024;Etzersdorf-Rollsdorf ^<61706>;-
2024;Feistritz bei Anger ^<61707>;-
2024;Fischbach <61708>;1499,75
2024;Fladnitz an der Teichalm ^<61709>;-
2024;Fladnitz an der Teichalm <61758>;1790,5
2024;Floing <61710>;1205,75
2024;Gasen <61711>;851,75
2024;Gersdorf an der Feistritz ^<61712>;-
2024;Gersdorf an der Feistritz <61759>;1740,75
2024;Gleisdorf ^<61713>;-
2024;Gleisdorf <61760>;11524
2024;Gschaid bei Birkfeld ^<61714>;-
2024;Gutenberg an der Raabklamm ^<61715>;-
2024;Gutenberg <61761>;1649,125
2024;Haslau bei Birkfeld ^<61717>;-
2024;Hirnsdorf ^<61718>;-
2024;Hofstätten an der Raab <61719>;2370,875
2024;Hohenau an der Raab ^<61720>;-
2024;Ilztal ^<61721>;-
2024;Ilztal <61762>;2216,5
2024;Koglhof ^<61722>;-
2024;Krottendorf ^<61723>;-
2024;Kulm bei Weiz ^<61724>;-
2024;Labuch ^<61725>;-
2024;Laßnitzthal ^<61726>;-
2024;Ludersdorf-Wilfersdorf <61727>;2571,75
2024;Markt Hartmannsdorf <61716>;2991,375
2024;Miesenbach bei Birkfeld <61728>;659,25
2024;Mitterdorf an der Raab <61729>;2136,875
2024;Mortantsch <61730>;2269,75
2024;Naas <61731>;1331,375
2024;Naintsch ^<61732>;-
2024;Neudorf bei Passail ^<61733>;-
2024;Nitscha ^<61734>;-
2024;Oberrettenbach ^<61735>;-
2024;Passail ^<61736>;-
2024;Passail <61763>;4375,875
2024;Pischelsdorf am Kulm <61764>;3875,25
2024;Pischelsdorf in der Steiermark ^<61737>;-
2024;Pöllau bei Gleisdorf ^<61738>;-
2024;Preßguts ^<61739>;-
2024;Puch bei Weiz <61740>;2040,75
2024;Ratten <61741>;1091
2024;Reichendorf ^<61742>;-
2024;Rettenegg <61743>;694,875
2024;St. Kathrein am Hauenstein <61744>;608,625
2024;St. Margarethen an der Raab <61746>;4197,25
2024;Sankt Kathrein am Offenegg <61745>;1063,125
2024;Sankt Ruprecht an der Raab ^<61747>;-
2024;Sankt Ruprecht an der Raab <61765>;5655,125
2024;Sinabelkirchen <61748>;4490,75
2024;Stenzengreith ^<61749>;-
2024;Strallegg <61750>;1913,375
2024;Thannhausen <61751>;2446,5
2024;Ungerdorf ^<61752>;-
2024;Unterfladnitz ^<61753>;-
2024;Waisenegg ^<61754>;-
2024;Weiz ^<61755>;-
2024;Weiz <61766>;12069,625
