jahr;gemnr;n
2002;Innsbruck <70101>;112869
2002;Arzl im Pitztal <70201>;2799,5
2002;Haiming <70202>;3911,125
2002;Imst <70203>;8830,875
2002;Imsterberg <70204>;735,625
2002;Jerzens <70205>;915,875
2002;Karres <70206>;582,25
2002;Karrösten <70207>;693,875
2002;Längenfeld <70208>;4115,125
2002;Mieming <70209>;2945,5
2002;Mils bei Imst <70210>;544,875
2002;Mötz <70211>;1179,375
2002;Nassereith <70212>;2035,375
2002;Obsteig <70213>;995,25
2002;Oetz <70214>;2215,125
2002;Rietz <70215>;2004
2002;Roppen <70216>;1593,125
2002;St. Leonhard im Pitztal <70217>;1509,5
2002;Sautens <70218>;1306,875
2002;Silz <70219>;2404,125
2002;Sölden <70220>;3358,25
2002;Stams <70221>;1262,5
2002;Tarrenz <70222>;2540,125
2002;Umhausen <70223>;2858,875
2002;Wenns <70224>;1991
2002;Absam <70301>;6414,875
2002;Aldrans <70302>;1943,875
2002;Ampass <70303>;1323,125
2002;Axams <70304>;5316
2002;Baumkirchen <70305>;1089
2002;Birgitz <70306>;1193,75
2002;Ellbögen <70307>;1071
2002;Flaurling <70308>;1131,625
2002;Fritzens <70309>;2020
2002;Fulpmes <70310>;3914,125
2002;Gnadenwald <70311>;643,875
2002;Götzens <70312>;3598
2002;Gries am Brenner <70313>;1249,5
2002;Gries im Sellrain <70314>;576,125
2002;Grinzens <70315>;1299,875
2002;Gschnitz <70317>;450,75
2002;Hatting <70318>;1027,75
2002;Inzing <70319>;3233
2002;Kematen in Tirol <70320>;2575,875
2002;Kolsass <70322>;1418,625
2002;Kolsassberg <70323>;728,375
2002;Kreith ^<70324>;-
2002;Lans <70325>;892,875
2002;Leutasch <70326>;2032,875
2002;Matrei am Brenner <70370>;-
2002;Matrei am Brenner ^<70327>;990,375
2002;Mieders <70328>;1591
2002;Mils <70329>;3819,125
2002;Mühlbachl ^<70330>;1394,875
2002;Mutters <70331>;1948,375
2002;Natters <70332>;1858,5
2002;Navis <70333>;1910,75
2002;Neustift im Stubaital <70334>;4417,25
2002;Oberhofen im Inntal <70335>;1604
2002;Obernberg am Brenner <70336>;357,125
2002;Oberperfuss <70337>;2743,125
2002;Patsch <70338>;872,5
2002;Pettnau <70339>;956,25
2002;Pfaffenhofen <70340>;1130,25
2002;Pfons ^<70341>;1236,25
2002;Polling in Tirol <70342>;771,5
2002;Ranggen <70343>;853,5
2002;Reith bei Seefeld <70344>;1120,875
2002;Rinn <70345>;1409,5
2002;Rum <70346>;8371,375
2002;St. Sigmund im Sellrain <70347>;194,375
2002;Scharnitz <70348>;1266,125
2002;Schmirn <70349>;889,625
2002;Schönberg im Stubaital <70350>;1002,375
2002;Seefeld in Tirol <70351>;3118,25
2002;Sellrain <70352>;1360,25
2002;Sistrans <70353>;1774,75
2002;Hall in Tirol <70354>;11567,25
2002;Steinach am Brenner <70355>;3297,875
2002;Telfes im Stubai <70356>;1359,25
2002;Telfs <70357>;12991,125
2002;Thaur <70358>;3482,125
2002;Trins <70359>;1193,375
2002;Tulfes <70360>;1356,625
2002;Unterperfuss <70361>;191,75
2002;Vals <70362>;510,875
2002;Vögelsberg ^<70363>;-
2002;Völs <70364>;6661,625
2002;Volders <70365>;4129
2002;Wattenberg <70366>;719,625
2002;Wattens <70367>;7319,875
2002;Wildermieming <70368>;769,875
2002;Zirl <70369>;6287,25
2002;Aurach bei Kitzbühel <70401>;1216
2002;Brixen im Thale <70402>;2567,25
2002;Fieberbrunn <70403>;4249
2002;Going am Wilden Kaiser <70404>;1756,375
2002;Hochfilzen <70405>;1095,875
2002;Hopfgarten im Brixental <70406>;5272,875
2002;Itter <70407>;1060,25
2002;Jochberg <70408>;1522,125
2002;Kirchberg in Tirol <70409>;5007,5
2002;Kirchdorf in Tirol <70410>;3505,125
2002;Kitzbühel <70411>;8514,5
2002;Kössen <70412>;4002,125
2002;Oberndorf in Tirol <70413>;1936,375
2002;Reith bei Kitzbühel <70414>;1628,375
2002;St. Jakob in Haus <70415>;624,625
2002;St. Johann in Tirol <70416>;7995,5
2002;St. Ulrich am Pillersee <70417>;1448,75
2002;Schwendt <70418>;745,375
2002;Waidring <70419>;1818,375
2002;Westendorf <70420>;3457,375
2002;Alpbach <70501>;2513
2002;Angath <70502>;893,875
2002;Bad Häring <70503>;2300,625
2002;Brandenberg <70504>;1529,875
2002;Breitenbach am Inn <70505>;3163
2002;Brixlegg <70506>;2767
2002;Buchberg am Kaiser ^<70507>;-
2002;Ebbs <70508>;4959
2002;Ellmau <70509>;2557,25
2002;Erl <70510>;1403,875
2002;Kirchbichl <70511>;5152,25
2002;Kramsach <70512>;4401,25
2002;Kufstein <70513>;15570,75
2002;Kundl <70514>;3739,875
2002;Langkampfen <70515>;3581,875
2002;Mariastein <70516>;280,375
2002;Münster <70517>;2742,5
2002;Niederndorf <70518>;2458,125
2002;Niederndorferberg <70519>;630,125
2002;Radfeld <70520>;2132,5
2002;Rattenberg <70521>;428,875
2002;Reith im Alpbachtal <70522>;2658,5
2002;Rettenschöss <70523>;431,25
2002;Scheffau am Wilden Kaiser <70524>;1227,875
2002;Schwoich <70525>;2222,375
2002;Söll <70526>;3428,875
2002;Thiersee <70527>;2707
2002;Angerberg <70528>;1680,875
2002;Walchsee <70529>;1759,75
2002;Wildschönau <70530>;4131,875
2002;Wörgl <70531>;11074,375
2002;Faggen <70601>;271,5
2002;Fendels <70602>;256,875
2002;Fiss <70603>;918,375
2002;Fließ <70604>;2932,75
2002;Flirsch <70605>;936,375
2002;Galtür <70606>;823,5
2002;Grins <70607>;1297,625
2002;Ischgl <70608>;1705,125
2002;Kappl <70609>;2605,375
2002;Kaunerberg <70610>;350
2002;Kaunertal <70611>;596,625
2002;Kauns <70612>;450,625
2002;Ladis <70613>;539,625
2002;Landeck <70614>;7358,125
2002;Nauders <70615>;1611,25
2002;Pettneu am Arlberg <70616>;1478,75
2002;Pfunds <70617>;2508,25
2002;Pians <70618>;813
2002;Prutz <70619>;1702,625
2002;Ried im Oberinntal <70620>;1238,125
2002;St. Anton am Arlberg <70621>;2683,25
2002;Schönwies <70622>;1670,75
2002;See <70623>;1102,125
2002;Serfaus <70624>;1164
2002;Spiss <70625>;140,875
2002;Stanz bei Landeck <70626>;605
2002;Strengen <70627>;1246,25
2002;Tobadill <70628>;522,875
2002;Tösens <70629>;687,125
2002;Zams <70630>;3375,875
2002;Abfaltersbach <70701>;631,25
2002;Ainet <70702>;1004,75
2002;Amlach <70703>;319,875
2002;Anras <70704>;1329,125
2002;Assling <70705>;2034,375
2002;Außervillgraten <70706>;903,875
2002;Dölsach <70707>;2192,75
2002;Gaimberg <70708>;782,5
2002;Hopfgarten in Defereggen <70709>;827,875
2002;Innervillgraten <70710>;979,25
2002;Iselsberg-Stronach <70711>;582,625
2002;Kals am Großglockner <70712>;1325,875
2002;Kartitsch <70713>;894,5
2002;Lavant <70714>;273,375
2002;Leisach <70715>;885,625
2002;Lienz <70716>;12045,375
2002;Matrei in Osttirol <70717>;4903
2002;Nikolsdorf <70718>;859,25
2002;Nußdorf-Debant <70719>;3089,625
2002;Oberlienz <70720>;1448
2002;Obertilliach <70721>;778,875
2002;Prägraten am Großvenediger <70723>;1277
2002;St. Jakob in Defereggen <70724>;992
2002;St. Johann im Walde <70725>;303,625
2002;St. Veit in Defereggen <70726>;785,875
2002;Schlaiten <70727>;499,625
2002;Sillian <70728>;2113,375
2002;Strassen <70729>;876,75
2002;Tessenberg ^<70730>;-
2002;Thurn <70731>;637,375
2002;Tristach <70732>;1267,625
2002;Untertilliach <70733>;270,125
2002;Virgen <70734>;2133,75
2002;Heinfels <70735>;1001,25
2002;Bach <70801>;686,625
2002;Berwang <70802>;621,625
2002;Biberwier <70803>;596,125
2002;Bichlbach <70804>;857
2002;Breitenwang <70805>;1588,625
2002;Ehenbichl <70806>;705,125
2002;Ehrwald <70807>;2620,875
2002;Elbigenalp <70808>;829,25
2002;Elmen <70809>;388,375
2002;Forchach <70810>;283,625
2002;Grän <70811>;603,25
2002;Gramais <70812>;57,375
2002;Häselgehr <70813>;700,75
2002;Heiterwang <70814>;542,625
2002;Hinterhornbach <70815>;94,125
2002;Höfen <70816>;1276,5
2002;Holzgau <70817>;463,75
2002;Jungholz <70818>;320,875
2002;Kaisers <70819>;88
2002;Lechaschau <70820>;1918,625
2002;Lermoos <70821>;1051,875
2002;Musau <70822>;372,25
2002;Namlos <70823>;106,25
2002;Nesselwängle <70824>;455,625
2002;Pfafflar <70825>;137,625
2002;Pflach <70826>;1126,625
2002;Pinswang <70827>;429,875
2002;Reutte <70828>;5740,125
2002;Schattwald <70829>;404,75
2002;Stanzach <70830>;419,875
2002;Steeg <70831>;719,625
2002;Tannheim <70832>;1094,75
2002;Vils <70833>;1600,25
2002;Vorderhornbach <70834>;277,625
2002;Wängle <70835>;931
2002;Weißenbach am Lech <70836>;1317,25
2002;Zöblen <70837>;237,625
2002;Achenkirch <70901>;2089,25
2002;Aschau im Zillertal <70902>;1555,5
2002;Brandberg <70903>;347,75
2002;Bruck am Ziller <70904>;926,875
2002;Buch in Tirol <70905>;2454,375
2002;Eben am Achensee <70907>;2715,25
2002;Finkenberg <70908>;1533,25
2002;Fügen <70909>;3496,25
2002;Fügenberg <70910>;1174,75
2002;Gallzein <70911>;517,875
2002;Gerlos <70912>;805,125
2002;Gerlosberg <70913>;403,375
2002;Hainzenberg <70914>;674,625
2002;Hart im Zillertal <70915>;1301,375
2002;Hippach <70916>;1411,625
2002;Jenbach <70917>;6677,5
2002;Kaltenbach <70918>;1148,375
2002;Mayrhofen <70920>;3801,25
2002;Pill <70921>;1055,25
2002;Ramsau im Zillertal <70922>;1436,5
2002;Ried im Zillertal <70923>;1186,875
2002;Rohrberg <70924>;378,5
2002;Schlitters <70925>;1277,625
2002;Schwaz <70926>;12222,625
2002;Schwendau <70927>;1430,75
2002;Stans <70928>;1880,875
2002;Steinberg am Rofan <70929>;295,5
2002;Strass im Zillertal <70930>;810,625
2002;Stumm <70931>;1780,75
2002;Stummerberg <70932>;782,5
2002;Terfens <70933>;1987,125
2002;Tux <70934>;1958,625
2002;Uderns <70935>;1519,25
2002;Vomp <70936>;4413
2002;Weer <70937>;1443,875
2002;Weerberg <70938>;2201,125
2002;Wiesing <70939>;1820,125
2002;Zell am Ziller <70940>;1869
2002;Zellberg <70941>;669
2003;Innsbruck <70101>;113139,375
2003;Arzl im Pitztal <70201>;2822,375
2003;Haiming <70202>;3928,625
2003;Imst <70203>;8895,875
2003;Imsterberg <70204>;735
2003;Jerzens <70205>;921,5
2003;Karres <70206>;591
2003;Karrösten <70207>;703,5
2003;Längenfeld <70208>;4143,625
2003;Mieming <70209>;2981,125
2003;Mils bei Imst <70210>;539,375
2003;Mötz <70211>;1206,375
2003;Nassereith <70212>;2024,375
2003;Obsteig <70213>;1011,125
2003;Oetz <70214>;2207,375
2003;Rietz <70215>;2038,375
2003;Roppen <70216>;1606,25
2003;St. Leonhard im Pitztal <70217>;1511,875
2003;Sautens <70218>;1311,875
2003;Silz <70219>;2429,5
2003;Sölden <70220>;3449,125
2003;Stams <70221>;1272,5
2003;Tarrenz <70222>;2543,375
2003;Umhausen <70223>;2884
2003;Wenns <70224>;1991,25
2003;Absam <70301>;6448,375
2003;Aldrans <70302>;1978,75
2003;Ampass <70303>;1343,25
2003;Axams <70304>;5339,75
2003;Baumkirchen <70305>;1092,875
2003;Birgitz <70306>;1196,375
2003;Ellbögen <70307>;1079,625
2003;Flaurling <70308>;1134,75
2003;Fritzens <70309>;2013,125
2003;Fulpmes <70310>;3986,375
2003;Gnadenwald <70311>;664,25
2003;Götzens <70312>;3663,5
2003;Gries am Brenner <70313>;1223,75
2003;Gries im Sellrain <70314>;580,625
2003;Grinzens <70315>;1310
2003;Gschnitz <70317>;444,875
2003;Hatting <70318>;1037,375
2003;Inzing <70319>;3260,875
2003;Kematen in Tirol <70320>;2565,75
2003;Kolsass <70322>;1422,375
2003;Kolsassberg <70323>;729,5
2003;Kreith ^<70324>;-
2003;Lans <70325>;901,75
2003;Leutasch <70326>;2043
2003;Matrei am Brenner <70370>;-
2003;Matrei am Brenner ^<70327>;985,375
2003;Mieders <70328>;1632
2003;Mils <70329>;3875,25
2003;Mühlbachl ^<70330>;1388,125
2003;Mutters <70331>;1960,625
2003;Natters <70332>;1852,75
2003;Navis <70333>;1903,375
2003;Neustift im Stubaital <70334>;4462,25
2003;Oberhofen im Inntal <70335>;1603,75
2003;Obernberg am Brenner <70336>;355,25
2003;Oberperfuss <70337>;2764,375
2003;Patsch <70338>;871
2003;Pettnau <70339>;959,25
2003;Pfaffenhofen <70340>;1117,75
2003;Pfons ^<70341>;1247
2003;Polling in Tirol <70342>;789,375
2003;Ranggen <70343>;851,375
2003;Reith bei Seefeld <70344>;1115,125
2003;Rinn <70345>;1423,375
2003;Rum <70346>;8406,875
2003;St. Sigmund im Sellrain <70347>;194,125
2003;Scharnitz <70348>;1252,5
2003;Schmirn <70349>;890,75
2003;Schönberg im Stubaital <70350>;992,375
2003;Seefeld in Tirol <70351>;3034,375
2003;Sellrain <70352>;1359,875
2003;Sistrans <70353>;1809
2003;Hall in Tirol <70354>;11566,875
2003;Steinach am Brenner <70355>;3265,125
2003;Telfes im Stubai <70356>;1373,875
2003;Telfs <70357>;13269
2003;Thaur <70358>;3547,375
2003;Trins <70359>;1188,375
2003;Tulfes <70360>;1350
2003;Unterperfuss <70361>;191,375
2003;Vals <70362>;508,375
2003;Vögelsberg ^<70363>;-
2003;Völs <70364>;6724,5
2003;Volders <70365>;4174,875
2003;Wattenberg <70366>;704
2003;Wattens <70367>;7410,375
2003;Wildermieming <70368>;786,375
2003;Zirl <70369>;6431
2003;Aurach bei Kitzbühel <70401>;1211,25
2003;Brixen im Thale <70402>;2581
2003;Fieberbrunn <70403>;4259,875
2003;Going am Wilden Kaiser <70404>;1754,75
2003;Hochfilzen <70405>;1095,75
2003;Hopfgarten im Brixental <70406>;5286,875
2003;Itter <70407>;1064,75
2003;Jochberg <70408>;1519,75
2003;Kirchberg in Tirol <70409>;5017,25
2003;Kirchdorf in Tirol <70410>;3539,125
2003;Kitzbühel <70411>;8484,875
2003;Kössen <70412>;4101,375
2003;Oberndorf in Tirol <70413>;1934,5
2003;Reith bei Kitzbühel <70414>;1647,5
2003;St. Jakob in Haus <70415>;641,875
2003;St. Johann in Tirol <70416>;8050,75
2003;St. Ulrich am Pillersee <70417>;1448,875
2003;Schwendt <70418>;754,75
2003;Waidring <70419>;1831,25
2003;Westendorf <70420>;3468,375
2003;Alpbach <70501>;2517,125
2003;Angath <70502>;930,375
2003;Bad Häring <70503>;2316,875
2003;Brandenberg <70504>;1516,5
2003;Breitenbach am Inn <70505>;3186
2003;Brixlegg <70506>;2793,25
2003;Buchberg am Kaiser ^<70507>;-
2003;Ebbs <70508>;4964,625
2003;Ellmau <70509>;2598,625
2003;Erl <70510>;1408,5
2003;Kirchbichl <70511>;5164,875
2003;Kramsach <70512>;4455,875
2003;Kufstein <70513>;15686,375
2003;Kundl <70514>;3829,25
2003;Langkampfen <70515>;3552,5
2003;Mariastein <70516>;282,75
2003;Münster <70517>;2790,5
2003;Niederndorf <70518>;2485,375
2003;Niederndorferberg <70519>;652,5
2003;Radfeld <70520>;2146,5
2003;Rattenberg <70521>;435
2003;Reith im Alpbachtal <70522>;2655,75
2003;Rettenschöss <70523>;424,875
2003;Scheffau am Wilden Kaiser <70524>;1289,875
2003;Schwoich <70525>;2258,25
2003;Söll <70526>;3450,75
2003;Thiersee <70527>;2737
2003;Angerberg <70528>;1668,25
2003;Walchsee <70529>;1762,5
2003;Wildschönau <70530>;4132,75
2003;Wörgl <70531>;11318,5
2003;Faggen <70601>;272,875
2003;Fendels <70602>;259,125
2003;Fiss <70603>;929
2003;Fließ <70604>;2945,125
2003;Flirsch <70605>;940,625
2003;Galtür <70606>;824,25
2003;Grins <70607>;1307,625
2003;Ischgl <70608>;1715,375
2003;Kappl <70609>;2617,125
2003;Kaunerberg <70610>;350,375
2003;Kaunertal <70611>;604
2003;Kauns <70612>;451,25
2003;Ladis <70613>;542
2003;Landeck <70614>;7421,25
2003;Nauders <70615>;1629,125
2003;Pettneu am Arlberg <70616>;1487,75
2003;Pfunds <70617>;2517,75
2003;Pians <70618>;807,625
2003;Prutz <70619>;1721,75
2003;Ried im Oberinntal <70620>;1258,625
2003;St. Anton am Arlberg <70621>;2725,875
2003;Schönwies <70622>;1665
2003;See <70623>;1126,625
2003;Serfaus <70624>;1222,375
2003;Spiss <70625>;141,5
2003;Stanz bei Landeck <70626>;607,625
2003;Strengen <70627>;1231,5
2003;Tobadill <70628>;527,5
2003;Tösens <70629>;681,5
2003;Zams <70630>;3366,75
2003;Abfaltersbach <70701>;638
2003;Ainet <70702>;1002,625
2003;Amlach <70703>;321,25
2003;Anras <70704>;1326,375
2003;Assling <70705>;2029,625
2003;Außervillgraten <70706>;891,375
2003;Dölsach <70707>;2224,75
2003;Gaimberg <70708>;789,375
2003;Hopfgarten in Defereggen <70709>;812,625
2003;Innervillgraten <70710>;985,625
2003;Iselsberg-Stronach <70711>;588
2003;Kals am Großglockner <70712>;1296,125
2003;Kartitsch <70713>;890,75
2003;Lavant <70714>;277,125
2003;Leisach <70715>;892,5
2003;Lienz <70716>;11955,125
2003;Matrei in Osttirol <70717>;4899,625
2003;Nikolsdorf <70718>;851,375
2003;Nußdorf-Debant <70719>;3134,875
2003;Oberlienz <70720>;1448,375
2003;Obertilliach <70721>;766,625
2003;Prägraten am Großvenediger <70723>;1263
2003;St. Jakob in Defereggen <70724>;986,125
2003;St. Johann im Walde <70725>;305,5
2003;St. Veit in Defereggen <70726>;774,125
2003;Schlaiten <70727>;498,625
2003;Sillian <70728>;2094
2003;Strassen <70729>;883,625
2003;Tessenberg ^<70730>;-
2003;Thurn <70731>;639
2003;Tristach <70732>;1307,625
2003;Untertilliach <70733>;263,625
2003;Virgen <70734>;2124,125
2003;Heinfels <70735>;1002,625
2003;Bach <70801>;689,25
2003;Berwang <70802>;611
2003;Biberwier <70803>;601,875
2003;Bichlbach <70804>;857,25
2003;Breitenwang <70805>;1579,125
2003;Ehenbichl <70806>;708,25
2003;Ehrwald <70807>;2636,875
2003;Elbigenalp <70808>;825,625
2003;Elmen <70809>;395,75
2003;Forchach <70810>;285,875
2003;Grän <70811>;603,625
2003;Gramais <70812>;59,625
2003;Häselgehr <70813>;700,875
2003;Heiterwang <70814>;536,5
2003;Hinterhornbach <70815>;94,125
2003;Höfen <70816>;1281
2003;Holzgau <70817>;466
2003;Jungholz <70818>;323,125
2003;Kaisers <70819>;85,375
2003;Lechaschau <70820>;1972,25
2003;Lermoos <70821>;1062,125
2003;Musau <70822>;362,625
2003;Namlos <70823>;106,875
2003;Nesselwängle <70824>;449,125
2003;Pfafflar <70825>;131,875
2003;Pflach <70826>;1086,875
2003;Pinswang <70827>;422
2003;Reutte <70828>;5774,75
2003;Schattwald <70829>;411,375
2003;Stanzach <70830>;417,125
2003;Steeg <70831>;717,25
2003;Tannheim <70832>;1081,75
2003;Vils <70833>;1636,375
2003;Vorderhornbach <70834>;274,25
2003;Wängle <70835>;916
2003;Weißenbach am Lech <70836>;1312,625
2003;Zöblen <70837>;238,125
2003;Achenkirch <70901>;2076,5
2003;Aschau im Zillertal <70902>;1583,5
2003;Brandberg <70903>;349,625
2003;Bruck am Ziller <70904>;935,125
2003;Buch in Tirol <70905>;2452,125
2003;Eben am Achensee <70907>;2707,5
2003;Finkenberg <70908>;1525,5
2003;Fügen <70909>;3538
2003;Fügenberg <70910>;1190,75
2003;Gallzein <70911>;535,375
2003;Gerlos <70912>;800,25
2003;Gerlosberg <70913>;416,625
2003;Hainzenberg <70914>;662,75
2003;Hart im Zillertal <70915>;1305,25
2003;Hippach <70916>;1412,375
2003;Jenbach <70917>;6733,25
2003;Kaltenbach <70918>;1148
2003;Mayrhofen <70920>;3841
2003;Pill <70921>;1061,125
2003;Ramsau im Zillertal <70922>;1472,25
2003;Ried im Zillertal <70923>;1224,25
2003;Rohrberg <70924>;384,875
2003;Schlitters <70925>;1307,375
2003;Schwaz <70926>;12275,5
2003;Schwendau <70927>;1428
2003;Stans <70928>;1886,625
2003;Steinberg am Rofan <70929>;286,25
2003;Strass im Zillertal <70930>;824,5
2003;Stumm <70931>;1793,25
2003;Stummerberg <70932>;768,25
2003;Terfens <70933>;2021,875
2003;Tux <70934>;1961,25
2003;Uderns <70935>;1527,625
2003;Vomp <70936>;4428,5
2003;Weer <70937>;1470
2003;Weerberg <70938>;2206,5
2003;Wiesing <70939>;1845,25
2003;Zell am Ziller <70940>;1847
2003;Zellberg <70941>;652,5
2004;Innsbruck <70101>;113855,875
2004;Arzl im Pitztal <70201>;2894,625
2004;Haiming <70202>;3935,625
2004;Imst <70203>;8997,375
2004;Imsterberg <70204>;737,125
2004;Jerzens <70205>;933,625
2004;Karres <70206>;592,5
2004;Karrösten <70207>;696,75
2004;Längenfeld <70208>;4192,375
2004;Mieming <70209>;3012,875
2004;Mils bei Imst <70210>;549
2004;Mötz <70211>;1240,375
2004;Nassereith <70212>;2049,5
2004;Obsteig <70213>;1056,875
2004;Oetz <70214>;2234,25
2004;Rietz <70215>;2012,875
2004;Roppen <70216>;1618,375
2004;St. Leonhard im Pitztal <70217>;1511,125
2004;Sautens <70218>;1318,75
2004;Silz <70219>;2422
2004;Sölden <70220>;3504,25
2004;Stams <70221>;1273,75
2004;Tarrenz <70222>;2566,25
2004;Umhausen <70223>;2902,125
2004;Wenns <70224>;2004,375
2004;Absam <70301>;6490,625
2004;Aldrans <70302>;1986,5
2004;Ampass <70303>;1372,625
2004;Axams <70304>;5330,25
2004;Baumkirchen <70305>;1083,25
2004;Birgitz <70306>;1177,125
2004;Ellbögen <70307>;1081,875
2004;Flaurling <70308>;1130,625
2004;Fritzens <70309>;2014,375
2004;Fulpmes <70310>;4027,5
2004;Gnadenwald <70311>;648,875
2004;Götzens <70312>;3704,875
2004;Gries am Brenner <70313>;1212,5
2004;Gries im Sellrain <70314>;577,375
2004;Grinzens <70315>;1317,25
2004;Gschnitz <70317>;441,25
2004;Hatting <70318>;1082,125
2004;Inzing <70319>;3275
2004;Kematen in Tirol <70320>;2557,625
2004;Kolsass <70322>;1432,25
2004;Kolsassberg <70323>;726,75
2004;Kreith ^<70324>;-
2004;Lans <70325>;898,875
2004;Leutasch <70326>;2065,125
2004;Matrei am Brenner <70370>;-
2004;Matrei am Brenner ^<70327>;959,875
2004;Mieders <70328>;1655,375
2004;Mils <70329>;3906,875
2004;Mühlbachl ^<70330>;1384,875
2004;Mutters <70331>;1954,375
2004;Natters <70332>;1841,25
2004;Navis <70333>;1906,375
2004;Neustift im Stubaital <70334>;4472,125
2004;Oberhofen im Inntal <70335>;1594,125
2004;Obernberg am Brenner <70336>;350,25
2004;Oberperfuss <70337>;2792,375
2004;Patsch <70338>;884,875
2004;Pettnau <70339>;952,625
2004;Pfaffenhofen <70340>;1090,25
2004;Pfons ^<70341>;1259,125
2004;Polling in Tirol <70342>;809,625
2004;Ranggen <70343>;852
2004;Reith bei Seefeld <70344>;1133,125
2004;Rinn <70345>;1446
2004;Rum <70346>;8455
2004;St. Sigmund im Sellrain <70347>;204,875
2004;Scharnitz <70348>;1254,875
2004;Schmirn <70349>;889,125
2004;Schönberg im Stubaital <70350>;994,375
2004;Seefeld in Tirol <70351>;2998,125
2004;Sellrain <70352>;1375
2004;Sistrans <70353>;1822,25
2004;Hall in Tirol <70354>;11807,375
2004;Steinach am Brenner <70355>;3271,625
2004;Telfes im Stubai <70356>;1383,625
2004;Telfs <70357>;13737,5
2004;Thaur <70358>;3611,125
2004;Trins <70359>;1213
2004;Tulfes <70360>;1366,375
2004;Unterperfuss <70361>;190
2004;Vals <70362>;521,875
2004;Vögelsberg ^<70363>;-
2004;Völs <70364>;6713,625
2004;Volders <70365>;4275,25
2004;Wattenberg <70366>;705,375
2004;Wattens <70367>;7461
2004;Wildermieming <70368>;784,125
2004;Zirl <70369>;6663,75
2004;Aurach bei Kitzbühel <70401>;1229,625
2004;Brixen im Thale <70402>;2595,75
2004;Fieberbrunn <70403>;4276
2004;Going am Wilden Kaiser <70404>;1758,25
2004;Hochfilzen <70405>;1104,5
2004;Hopfgarten im Brixental <70406>;5319,375
2004;Itter <70407>;1074,625
2004;Jochberg <70408>;1518
2004;Kirchberg in Tirol <70409>;5079,375
2004;Kirchdorf in Tirol <70410>;3555
2004;Kitzbühel <70411>;8457,25
2004;Kössen <70412>;4156
2004;Oberndorf in Tirol <70413>;1974,625
2004;Reith bei Kitzbühel <70414>;1644,25
2004;St. Jakob in Haus <70415>;654
2004;St. Johann in Tirol <70416>;8220
2004;St. Ulrich am Pillersee <70417>;1472
2004;Schwendt <70418>;760,875
2004;Waidring <70419>;1835,75
2004;Westendorf <70420>;3464,75
2004;Alpbach <70501>;2501,875
2004;Angath <70502>;947,75
2004;Bad Häring <70503>;2334,375
2004;Brandenberg <70504>;1519,125
2004;Breitenbach am Inn <70505>;3205
2004;Brixlegg <70506>;2809,75
2004;Buchberg am Kaiser ^<70507>;-
2004;Ebbs <70508>;4972,5
2004;Ellmau <70509>;2647,625
2004;Erl <70510>;1421,125
2004;Kirchbichl <70511>;5162,875
2004;Kramsach <70512>;4491,625
2004;Kufstein <70513>;15852,625
2004;Kundl <70514>;3908,875
2004;Langkampfen <70515>;3543,75
2004;Mariastein <70516>;284,625
2004;Münster <70517>;2825,5
2004;Niederndorf <70518>;2508,875
2004;Niederndorferberg <70519>;667,875
2004;Radfeld <70520>;2150,375
2004;Rattenberg <70521>;435,5
2004;Reith im Alpbachtal <70522>;2668,5
2004;Rettenschöss <70523>;431,125
2004;Scheffau am Wilden Kaiser <70524>;1315,5
2004;Schwoich <70525>;2274,875
2004;Söll <70526>;3473,125
2004;Thiersee <70527>;2761,25
2004;Angerberg <70528>;1679,5
2004;Walchsee <70529>;1777,25
2004;Wildschönau <70530>;4151,875
2004;Wörgl <70531>;11538,25
2004;Faggen <70601>;270,125
2004;Fendels <70602>;263
2004;Fiss <70603>;951,875
2004;Fließ <70604>;2934,875
2004;Flirsch <70605>;945,875
2004;Galtür <70606>;831,625
2004;Grins <70607>;1303,5
2004;Ischgl <70608>;1722,625
2004;Kappl <70609>;2625
2004;Kaunerberg <70610>;343,5
2004;Kaunertal <70611>;607,375
2004;Kauns <70612>;461,875
2004;Ladis <70613>;532
2004;Landeck <70614>;7538,375
2004;Nauders <70615>;1632,75
2004;Pettneu am Arlberg <70616>;1476,625
2004;Pfunds <70617>;2523
2004;Pians <70618>;801,25
2004;Prutz <70619>;1733,875
2004;Ried im Oberinntal <70620>;1294,75
2004;St. Anton am Arlberg <70621>;2724,875
2004;Schönwies <70622>;1679,625
2004;See <70623>;1106,875
2004;Serfaus <70624>;1211,625
2004;Spiss <70625>;142
2004;Stanz bei Landeck <70626>;630
2004;Strengen <70627>;1233,25
2004;Tobadill <70628>;529,75
2004;Tösens <70629>;677,25
2004;Zams <70630>;3369,75
2004;Abfaltersbach <70701>;634,25
2004;Ainet <70702>;996,625
2004;Amlach <70703>;343,375
2004;Anras <70704>;1331,375
2004;Assling <70705>;2026,25
2004;Außervillgraten <70706>;883
2004;Dölsach <70707>;2260,75
2004;Gaimberg <70708>;797,125
2004;Hopfgarten in Defereggen <70709>;801
2004;Innervillgraten <70710>;986,5
2004;Iselsberg-Stronach <70711>;590,25
2004;Kals am Großglockner <70712>;1296,75
2004;Kartitsch <70713>;876,75
2004;Lavant <70714>;271,25
2004;Leisach <70715>;889
2004;Lienz <70716>;11959,125
2004;Matrei in Osttirol <70717>;4915,5
2004;Nikolsdorf <70718>;858,625
2004;Nußdorf-Debant <70719>;3188,125
2004;Oberlienz <70720>;1454,75
2004;Obertilliach <70721>;759,75
2004;Prägraten am Großvenediger <70723>;1257,375
2004;St. Jakob in Defereggen <70724>;979,75
2004;St. Johann im Walde <70725>;305,375
2004;St. Veit in Defereggen <70726>;768,75
2004;Schlaiten <70727>;502,125
2004;Sillian <70728>;2074,75
2004;Strassen <70729>;889
2004;Tessenberg ^<70730>;-
2004;Thurn <70731>;630,625
2004;Tristach <70732>;1311,125
2004;Untertilliach <70733>;266,125
2004;Virgen <70734>;2119,25
2004;Heinfels <70735>;1023,25
2004;Bach <70801>;689,5
2004;Berwang <70802>;600,875
2004;Biberwier <70803>;603,125
2004;Bichlbach <70804>;846,375
2004;Breitenwang <70805>;1579
2004;Ehenbichl <70806>;769
2004;Ehrwald <70807>;2639,25
2004;Elbigenalp <70808>;832
2004;Elmen <70809>;393,25
2004;Forchach <70810>;287,375
2004;Grän <70811>;598,375
2004;Gramais <70812>;60,5
2004;Häselgehr <70813>;712,5
2004;Heiterwang <70814>;526,375
2004;Hinterhornbach <70815>;92,75
2004;Höfen <70816>;1268,25
2004;Holzgau <70817>;470,375
2004;Jungholz <70818>;328,875
2004;Kaisers <70819>;86,25
2004;Lechaschau <70820>;1953,125
2004;Lermoos <70821>;1062,625
2004;Musau <70822>;366,25
2004;Namlos <70823>;102,125
2004;Nesselwängle <70824>;444,375
2004;Pfafflar <70825>;131
2004;Pflach <70826>;1149
2004;Pinswang <70827>;420,875
2004;Reutte <70828>;5756,5
2004;Schattwald <70829>;406,125
2004;Stanzach <70830>;408,375
2004;Steeg <70831>;722,25
2004;Tannheim <70832>;1085,5
2004;Vils <70833>;1636,75
2004;Vorderhornbach <70834>;275
2004;Wängle <70835>;905,625
2004;Weißenbach am Lech <70836>;1304,5
2004;Zöblen <70837>;238,25
2004;Achenkirch <70901>;2049,875
2004;Aschau im Zillertal <70902>;1581,375
2004;Brandberg <70903>;347,375
2004;Bruck am Ziller <70904>;937,5
2004;Buch in Tirol <70905>;2503,625
2004;Eben am Achensee <70907>;2703,75
2004;Finkenberg <70908>;1519,625
2004;Fügen <70909>;3555,375
2004;Fügenberg <70910>;1224,75
2004;Gallzein <70911>;548,25
2004;Gerlos <70912>;789,125
2004;Gerlosberg <70913>;425
2004;Hainzenberg <70914>;649,25
2004;Hart im Zillertal <70915>;1328,875
2004;Hippach <70916>;1402,5
2004;Jenbach <70917>;6786
2004;Kaltenbach <70918>;1171,75
2004;Mayrhofen <70920>;3862
2004;Pill <70921>;1049,875
2004;Ramsau im Zillertal <70922>;1500,5
2004;Ried im Zillertal <70923>;1272,375
2004;Rohrberg <70924>;414,625
2004;Schlitters <70925>;1303,375
2004;Schwaz <70926>;12375,75
2004;Schwendau <70927>;1441,625
2004;Stans <70928>;1883,875
2004;Steinberg am Rofan <70929>;281,25
2004;Strass im Zillertal <70930>;828,25
2004;Stumm <70931>;1802,5
2004;Stummerberg <70932>;773,5
2004;Terfens <70933>;2042,25
2004;Tux <70934>;1945,375
2004;Uderns <70935>;1568,75
2004;Vomp <70936>;4411,125
2004;Weer <70937>;1481,375
2004;Weerberg <70938>;2237,625
2004;Wiesing <70939>;1837,125
2004;Zell am Ziller <70940>;1824,75
2004;Zellberg <70941>;647,375
2005;Innsbruck <70101>;114902,625
2005;Arzl im Pitztal <70201>;2916,5
2005;Haiming <70202>;3967,25
2005;Imst <70203>;9152,125
2005;Imsterberg <70204>;751
2005;Jerzens <70205>;959,375
2005;Karres <70206>;585,5
2005;Karrösten <70207>;695,5
2005;Längenfeld <70208>;4262
2005;Mieming <70209>;3063,25
2005;Mils bei Imst <70210>;545,875
2005;Mötz <70211>;1226,75
2005;Nassereith <70212>;2070,75
2005;Obsteig <70213>;1112,375
2005;Oetz <70214>;2238,625
2005;Rietz <70215>;2008,625
2005;Roppen <70216>;1633,375
2005;St. Leonhard im Pitztal <70217>;1502,25
2005;Sautens <70218>;1311,125
2005;Silz <70219>;2439,875
2005;Sölden <70220>;3386,75
2005;Stams <70221>;1283,125
2005;Tarrenz <70222>;2576,375
2005;Umhausen <70223>;2903,875
2005;Wenns <70224>;2040,25
2005;Absam <70301>;6502,25
2005;Aldrans <70302>;1982,5
2005;Ampass <70303>;1421,875
2005;Axams <70304>;5305
2005;Baumkirchen <70305>;1082,375
2005;Birgitz <70306>;1175,125
2005;Ellbögen <70307>;1074,625
2005;Flaurling <70308>;1135,875
2005;Fritzens <70309>;1993,75
2005;Fulpmes <70310>;4017,875
2005;Gnadenwald <70311>;659,75
2005;Götzens <70312>;3737,25
2005;Gries am Brenner <70313>;1208,375
2005;Gries im Sellrain <70314>;576,875
2005;Grinzens <70315>;1303,5
2005;Gschnitz <70317>;433,375
2005;Hatting <70318>;1104
2005;Inzing <70319>;3278
2005;Kematen in Tirol <70320>;2554,875
2005;Kolsass <70322>;1432,75
2005;Kolsassberg <70323>;744,5
2005;Kreith ^<70324>;-
2005;Lans <70325>;895,5
2005;Leutasch <70326>;2058
2005;Matrei am Brenner <70370>;-
2005;Matrei am Brenner ^<70327>;931,75
2005;Mieders <70328>;1670,5
2005;Mils <70329>;3939,125
2005;Mühlbachl ^<70330>;1377,75
2005;Mutters <70331>;1968,25
2005;Natters <70332>;1863,5
2005;Navis <70333>;1917,5
2005;Neustift im Stubaital <70334>;4481,75
2005;Oberhofen im Inntal <70335>;1595,375
2005;Obernberg am Brenner <70336>;359,125
2005;Oberperfuss <70337>;2809,375
2005;Patsch <70338>;893
2005;Pettnau <70339>;939,125
2005;Pfaffenhofen <70340>;1064,25
2005;Pfons ^<70341>;1251
2005;Polling in Tirol <70342>;874
2005;Ranggen <70343>;861
2005;Reith bei Seefeld <70344>;1151,375
2005;Rinn <70345>;1457,625
2005;Rum <70346>;8523,125
2005;St. Sigmund im Sellrain <70347>;198
2005;Scharnitz <70348>;1278,75
2005;Schmirn <70349>;898,5
2005;Schönberg im Stubaital <70350>;1001,5
2005;Seefeld in Tirol <70351>;2991,25
2005;Sellrain <70352>;1361,75
2005;Sistrans <70353>;1856,5
2005;Hall in Tirol <70354>;12195,375
2005;Steinach am Brenner <70355>;3309,125
2005;Telfes im Stubai <70356>;1383,625
2005;Telfs <70357>;14147,375
2005;Thaur <70358>;3633,125
2005;Trins <70359>;1250,5
2005;Tulfes <70360>;1388,125
2005;Unterperfuss <70361>;190,125
2005;Vals <70362>;548,875
2005;Vögelsberg ^<70363>;-
2005;Völs <70364>;6636,75
2005;Volders <70365>;4309,875
2005;Wattenberg <70366>;708,625
2005;Wattens <70367>;7544,625
2005;Wildermieming <70368>;782,5
2005;Zirl <70369>;6928,875
2005;Aurach bei Kitzbühel <70401>;1217,375
2005;Brixen im Thale <70402>;2586
2005;Fieberbrunn <70403>;4273,625
2005;Going am Wilden Kaiser <70404>;1771,375
2005;Hochfilzen <70405>;1116,625
2005;Hopfgarten im Brixental <70406>;5377,875
2005;Itter <70407>;1097,125
2005;Jochberg <70408>;1521,875
2005;Kirchberg in Tirol <70409>;5137,375
2005;Kirchdorf in Tirol <70410>;3588,375
2005;Kitzbühel <70411>;8467,125
2005;Kössen <70412>;4182,875
2005;Oberndorf in Tirol <70413>;1979,125
2005;Reith bei Kitzbühel <70414>;1648,25
2005;St. Jakob in Haus <70415>;660,75
2005;St. Johann in Tirol <70416>;8385,625
2005;St. Ulrich am Pillersee <70417>;1487,125
2005;Schwendt <70418>;758,5
2005;Waidring <70419>;1838,625
2005;Westendorf <70420>;3469,75
2005;Alpbach <70501>;2529,625
2005;Angath <70502>;941,75
2005;Bad Häring <70503>;2363,625
2005;Brandenberg <70504>;1519,125
2005;Breitenbach am Inn <70505>;3219,625
2005;Brixlegg <70506>;2806,75
2005;Buchberg am Kaiser ^<70507>;-
2005;Ebbs <70508>;5013,75
2005;Ellmau <70509>;2639,75
2005;Erl <70510>;1430,125
2005;Kirchbichl <70511>;5190,625
2005;Kramsach <70512>;4525,625
2005;Kufstein <70513>;16090,375
2005;Kundl <70514>;3917,875
2005;Langkampfen <70515>;3551
2005;Mariastein <70516>;292,625
2005;Münster <70517>;2863,625
2005;Niederndorf <70518>;2509,875
2005;Niederndorferberg <70519>;667,125
2005;Radfeld <70520>;2162,875
2005;Rattenberg <70521>;429,25
2005;Reith im Alpbachtal <70522>;2659,375
2005;Rettenschöss <70523>;435,75
2005;Scheffau am Wilden Kaiser <70524>;1331,125
2005;Schwoich <70525>;2280,625
2005;Söll <70526>;3533,875
2005;Thiersee <70527>;2766
2005;Angerberg <70528>;1692,125
2005;Walchsee <70529>;1784
2005;Wildschönau <70530>;4183,125
2005;Wörgl <70531>;11760,625
2005;Faggen <70601>;289,25
2005;Fendels <70602>;267,75
2005;Fiss <70603>;986,5
2005;Fließ <70604>;2916
2005;Flirsch <70605>;951,75
2005;Galtür <70606>;837,125
2005;Grins <70607>;1311,375
2005;Ischgl <70608>;1738
2005;Kappl <70609>;2623,5
2005;Kaunerberg <70610>;337,125
2005;Kaunertal <70611>;614,625
2005;Kauns <70612>;467,25
2005;Ladis <70613>;536,875
2005;Landeck <70614>;7587,875
2005;Nauders <70615>;1635,25
2005;Pettneu am Arlberg <70616>;1473
2005;Pfunds <70617>;2533,125
2005;Pians <70618>;790,5
2005;Prutz <70619>;1734,875
2005;Ried im Oberinntal <70620>;1305
2005;St. Anton am Arlberg <70621>;2727,75
2005;Schönwies <70622>;1697,5
2005;See <70623>;1093,25
2005;Serfaus <70624>;1182,625
2005;Spiss <70625>;143,5
2005;Stanz bei Landeck <70626>;635,125
2005;Strengen <70627>;1237,125
2005;Tobadill <70628>;529,25
2005;Tösens <70629>;688,625
2005;Zams <70630>;3341,25
2005;Abfaltersbach <70701>;636,5
2005;Ainet <70702>;983,375
2005;Amlach <70703>;356,375
2005;Anras <70704>;1337,375
2005;Assling <70705>;2011,25
2005;Außervillgraten <70706>;858,75
2005;Dölsach <70707>;2266,625
2005;Gaimberg <70708>;817,625
2005;Hopfgarten in Defereggen <70709>;788
2005;Innervillgraten <70710>;1002,125
2005;Iselsberg-Stronach <70711>;605
2005;Kals am Großglockner <70712>;1286,375
2005;Kartitsch <70713>;870,625
2005;Lavant <70714>;272,25
2005;Leisach <70715>;892,125
2005;Lienz <70716>;12023,625
2005;Matrei in Osttirol <70717>;4950,75
2005;Nikolsdorf <70718>;862,5
2005;Nußdorf-Debant <70719>;3191,625
2005;Oberlienz <70720>;1453,125
2005;Obertilliach <70721>;754
2005;Prägraten am Großvenediger <70723>;1255,75
2005;St. Jakob in Defereggen <70724>;980,75
2005;St. Johann im Walde <70725>;304,25
2005;St. Veit in Defereggen <70726>;771,125
2005;Schlaiten <70727>;500,25
2005;Sillian <70728>;2087,875
2005;Strassen <70729>;876
2005;Tessenberg ^<70730>;-
2005;Thurn <70731>;626,25
2005;Tristach <70732>;1305,75
2005;Untertilliach <70733>;268
2005;Virgen <70734>;2132,625
2005;Heinfels <70735>;1031,125
2005;Bach <70801>;684,375
2005;Berwang <70802>;596,625
2005;Biberwier <70803>;615,25
2005;Bichlbach <70804>;819,125
2005;Breitenwang <70805>;1574,125
2005;Ehenbichl <70806>;781,5
2005;Ehrwald <70807>;2633,375
2005;Elbigenalp <70808>;832,125
2005;Elmen <70809>;388,75
2005;Forchach <70810>;288,625
2005;Grän <70811>;602,375
2005;Gramais <70812>;66,125
2005;Häselgehr <70813>;706
2005;Heiterwang <70814>;524,125
2005;Hinterhornbach <70815>;90
2005;Höfen <70816>;1279,25
2005;Holzgau <70817>;471,25
2005;Jungholz <70818>;316,5
2005;Kaisers <70819>;86,75
2005;Lechaschau <70820>;1952,125
2005;Lermoos <70821>;1085
2005;Musau <70822>;376,125
2005;Namlos <70823>;102,375
2005;Nesselwängle <70824>;442,375
2005;Pfafflar <70825>;131,625
2005;Pflach <70826>;1217,875
2005;Pinswang <70827>;427,375
2005;Reutte <70828>;5731,125
2005;Schattwald <70829>;414,25
2005;Stanzach <70830>;406,125
2005;Steeg <70831>;725
2005;Tannheim <70832>;1095,375
2005;Vils <70833>;1609
2005;Vorderhornbach <70834>;278,375
2005;Wängle <70835>;891,875
2005;Weißenbach am Lech <70836>;1319,625
2005;Zöblen <70837>;239
2005;Achenkirch <70901>;2064,625
2005;Aschau im Zillertal <70902>;1603,875
2005;Brandberg <70903>;350,75
2005;Bruck am Ziller <70904>;938,375
2005;Buch in Tirol <70905>;2517
2005;Eben am Achensee <70907>;2710,375
2005;Finkenberg <70908>;1533,125
2005;Fügen <70909>;3602,75
2005;Fügenberg <70910>;1261,25
2005;Gallzein <70911>;550,125
2005;Gerlos <70912>;796,25
2005;Gerlosberg <70913>;441,625
2005;Hainzenberg <70914>;643,125
2005;Hart im Zillertal <70915>;1358,375
2005;Hippach <70916>;1386,75
2005;Jenbach <70917>;6873,625
2005;Kaltenbach <70918>;1199,75
2005;Mayrhofen <70920>;3845,375
2005;Pill <70921>;1050,25
2005;Ramsau im Zillertal <70922>;1509,5
2005;Ried im Zillertal <70923>;1287,375
2005;Rohrberg <70924>;458
2005;Schlitters <70925>;1314
2005;Schwaz <70926>;12521
2005;Schwendau <70927>;1456,875
2005;Stans <70928>;1883
2005;Steinberg am Rofan <70929>;285,75
2005;Strass im Zillertal <70930>;829
2005;Stumm <70931>;1821,75
2005;Stummerberg <70932>;780
2005;Terfens <70933>;2033,75
2005;Tux <70934>;1924
2005;Uderns <70935>;1568,25
2005;Vomp <70936>;4473,375
2005;Weer <70937>;1485,125
2005;Weerberg <70938>;2254
2005;Wiesing <70939>;1870,625
2005;Zell am Ziller <70940>;1822,125
2005;Zellberg <70941>;644,25
2006;Innsbruck <70101>;115886,625
2006;Arzl im Pitztal <70201>;2934,375
2006;Haiming <70202>;4074,125
2006;Imst <70203>;9311,375
2006;Imsterberg <70204>;742,75
2006;Jerzens <70205>;985,5
2006;Karres <70206>;589,5
2006;Karrösten <70207>;687
2006;Längenfeld <70208>;4348,375
2006;Mieming <70209>;3139,875
2006;Mils bei Imst <70210>;542,375
2006;Mötz <70211>;1217,125
2006;Nassereith <70212>;2069,75
2006;Obsteig <70213>;1141,625
2006;Oetz <70214>;2243
2006;Rietz <70215>;2050
2006;Roppen <70216>;1626,5
2006;St. Leonhard im Pitztal <70217>;1499
2006;Sautens <70218>;1349,25
2006;Silz <70219>;2439,625
2006;Sölden <70220>;3334,375
2006;Stams <70221>;1299,875
2006;Tarrenz <70222>;2573
2006;Umhausen <70223>;2949,5
2006;Wenns <70224>;2032,375
2006;Absam <70301>;6505,125
2006;Aldrans <70302>;2000
2006;Ampass <70303>;1472
2006;Axams <70304>;5338,25
2006;Baumkirchen <70305>;1094,75
2006;Birgitz <70306>;1237,5
2006;Ellbögen <70307>;1082
2006;Flaurling <70308>;1147,375
2006;Fritzens <70309>;2007,5
2006;Fulpmes <70310>;4037,625
2006;Gnadenwald <70311>;674,5
2006;Götzens <70312>;3732,25
2006;Gries am Brenner <70313>;1212,125
2006;Gries im Sellrain <70314>;582,25
2006;Grinzens <70315>;1303,25
2006;Gschnitz <70317>;430,75
2006;Hatting <70318>;1138,5
2006;Inzing <70319>;3310
2006;Kematen in Tirol <70320>;2539,75
2006;Kolsass <70322>;1443,375
2006;Kolsassberg <70323>;744
2006;Kreith ^<70324>;-
2006;Lans <70325>;894,25
2006;Leutasch <70326>;2060,125
2006;Matrei am Brenner <70370>;-
2006;Matrei am Brenner ^<70327>;931
2006;Mieders <70328>;1693
2006;Mils <70329>;3941,25
2006;Mühlbachl ^<70330>;1367,5
2006;Mutters <70331>;1974
2006;Natters <70332>;1888,625
2006;Navis <70333>;1937,625
2006;Neustift im Stubaital <70334>;4459,375
2006;Oberhofen im Inntal <70335>;1620,875
2006;Obernberg am Brenner <70336>;357,125
2006;Oberperfuss <70337>;2798,625
2006;Patsch <70338>;918,625
2006;Pettnau <70339>;940,125
2006;Pfaffenhofen <70340>;1056
2006;Pfons ^<70341>;1239,5
2006;Polling in Tirol <70342>;896,625
2006;Ranggen <70343>;875
2006;Reith bei Seefeld <70344>;1172,125
2006;Rinn <70345>;1482
2006;Rum <70346>;8657,625
2006;St. Sigmund im Sellrain <70347>;188,125
2006;Scharnitz <70348>;1311
2006;Schmirn <70349>;902,875
2006;Schönberg im Stubaital <70350>;1014,375
2006;Seefeld in Tirol <70351>;2991,625
2006;Sellrain <70352>;1347
2006;Sistrans <70353>;1898,125
2006;Hall in Tirol <70354>;12392
2006;Steinach am Brenner <70355>;3312,625
2006;Telfes im Stubai <70356>;1402,25
2006;Telfs <70357>;14353
2006;Thaur <70358>;3680,5
2006;Trins <70359>;1258,5
2006;Tulfes <70360>;1418,75
2006;Unterperfuss <70361>;203,25
2006;Vals <70362>;556,375
2006;Vögelsberg ^<70363>;-
2006;Völs <70364>;6556
2006;Volders <70365>;4266
2006;Wattenberg <70366>;702,875
2006;Wattens <70367>;7614,625
2006;Wildermieming <70368>;806,25
2006;Zirl <70369>;7122,75
2006;Aurach bei Kitzbühel <70401>;1185,5
2006;Brixen im Thale <70402>;2594,75
2006;Fieberbrunn <70403>;4290,5
2006;Going am Wilden Kaiser <70404>;1783,375
2006;Hochfilzen <70405>;1136,125
2006;Hopfgarten im Brixental <70406>;5392,125
2006;Itter <70407>;1122,25
2006;Jochberg <70408>;1544,5
2006;Kirchberg in Tirol <70409>;5154,5
2006;Kirchdorf in Tirol <70410>;3627,75
2006;Kitzbühel <70411>;8446,125
2006;Kössen <70412>;4201,625
2006;Oberndorf in Tirol <70413>;2016,5
2006;Reith bei Kitzbühel <70414>;1669,5
2006;St. Jakob in Haus <70415>;657,25
2006;St. Johann in Tirol <70416>;8471,375
2006;St. Ulrich am Pillersee <70417>;1503,125
2006;Schwendt <70418>;764,125
2006;Waidring <70419>;1850,625
2006;Westendorf <70420>;3495,75
2006;Alpbach <70501>;2547,75
2006;Angath <70502>;940,125
2006;Bad Häring <70503>;2364,5
2006;Brandenberg <70504>;1532
2006;Breitenbach am Inn <70505>;3212,5
2006;Brixlegg <70506>;2801,375
2006;Buchberg am Kaiser ^<70507>;-
2006;Ebbs <70508>;5049
2006;Ellmau <70509>;2626,125
2006;Erl <70510>;1430,375
2006;Kirchbichl <70511>;5233,625
2006;Kramsach <70512>;4531,625
2006;Kufstein <70513>;16321,625
2006;Kundl <70514>;3936,625
2006;Langkampfen <70515>;3556,625
2006;Mariastein <70516>;289,5
2006;Münster <70517>;2901,375
2006;Niederndorf <70518>;2530,375
2006;Niederndorferberg <70519>;667
2006;Radfeld <70520>;2227
2006;Rattenberg <70521>;420,625
2006;Reith im Alpbachtal <70522>;2677,125
2006;Rettenschöss <70523>;432,25
2006;Scheffau am Wilden Kaiser <70524>;1322,5
2006;Schwoich <70525>;2293
2006;Söll <70526>;3548,375
2006;Thiersee <70527>;2797,875
2006;Angerberg <70528>;1701
2006;Walchsee <70529>;1771,25
2006;Wildschönau <70530>;4208,5
2006;Wörgl <70531>;11879,5
2006;Faggen <70601>;310,5
2006;Fendels <70602>;266,5
2006;Fiss <70603>;988,5
2006;Fließ <70604>;2927
2006;Flirsch <70605>;956
2006;Galtür <70606>;824,125
2006;Grins <70607>;1311,375
2006;Ischgl <70608>;1820,5
2006;Kappl <70609>;2619,5
2006;Kaunerberg <70610>;336
2006;Kaunertal <70611>;612
2006;Kauns <70612>;467,625
2006;Ladis <70613>;528,625
2006;Landeck <70614>;7623
2006;Nauders <70615>;1621,75
2006;Pettneu am Arlberg <70616>;1483,625
2006;Pfunds <70617>;2554,125
2006;Pians <70618>;785,25
2006;Prutz <70619>;1750,5
2006;Ried im Oberinntal <70620>;1297,625
2006;St. Anton am Arlberg <70621>;2691,875
2006;Schönwies <70622>;1704,25
2006;See <70623>;1111,5
2006;Serfaus <70624>;1164,75
2006;Spiss <70625>;149,125
2006;Stanz bei Landeck <70626>;621,125
2006;Strengen <70627>;1231,75
2006;Tobadill <70628>;524
2006;Tösens <70629>;686,25
2006;Zams <70630>;3319,875
2006;Abfaltersbach <70701>;654,375
2006;Ainet <70702>;973,5
2006;Amlach <70703>;363,125
2006;Anras <70704>;1321,25
2006;Assling <70705>;1987,375
2006;Außervillgraten <70706>;850,875
2006;Dölsach <70707>;2257,75
2006;Gaimberg <70708>;837,375
2006;Hopfgarten in Defereggen <70709>;782,875
2006;Innervillgraten <70710>;1000,125
2006;Iselsberg-Stronach <70711>;608,75
2006;Kals am Großglockner <70712>;1292,375
2006;Kartitsch <70713>;868,75
2006;Lavant <70714>;281
2006;Leisach <70715>;884
2006;Lienz <70716>;12081,5
2006;Matrei in Osttirol <70717>;4976,5
2006;Nikolsdorf <70718>;863,25
2006;Nußdorf-Debant <70719>;3238,5
2006;Oberlienz <70720>;1443,625
2006;Obertilliach <70721>;752,25
2006;Prägraten am Großvenediger <70723>;1257,75
2006;St. Jakob in Defereggen <70724>;961,5
2006;St. Johann im Walde <70725>;306
2006;St. Veit in Defereggen <70726>;770,5
2006;Schlaiten <70727>;492,125
2006;Sillian <70728>;2094,625
2006;Strassen <70729>;863,625
2006;Tessenberg ^<70730>;-
2006;Thurn <70731>;627,125
2006;Tristach <70732>;1321,625
2006;Untertilliach <70733>;270,875
2006;Virgen <70734>;2146,25
2006;Heinfels <70735>;1038,625
2006;Bach <70801>;682,875
2006;Berwang <70802>;601
2006;Biberwier <70803>;615,25
2006;Bichlbach <70804>;821,125
2006;Breitenwang <70805>;1571,375
2006;Ehenbichl <70806>;784,125
2006;Ehrwald <70807>;2656,75
2006;Elbigenalp <70808>;833,5
2006;Elmen <70809>;392,125
2006;Forchach <70810>;289,875
2006;Grän <70811>;608,125
2006;Gramais <70812>;66
2006;Häselgehr <70813>;694,875
2006;Heiterwang <70814>;525,75
2006;Hinterhornbach <70815>;89
2006;Höfen <70816>;1284,25
2006;Holzgau <70817>;467,75
2006;Jungholz <70818>;304,5
2006;Kaisers <70819>;86,75
2006;Lechaschau <70820>;1953,625
2006;Lermoos <70821>;1086,625
2006;Musau <70822>;375,125
2006;Namlos <70823>;99,875
2006;Nesselwängle <70824>;437,75
2006;Pfafflar <70825>;130,125
2006;Pflach <70826>;1227,125
2006;Pinswang <70827>;421,625
2006;Reutte <70828>;5775,125
2006;Schattwald <70829>;412,875
2006;Stanzach <70830>;406,5
2006;Steeg <70831>;723,125
2006;Tannheim <70832>;1094,625
2006;Vils <70833>;1570,75
2006;Vorderhornbach <70834>;274,25
2006;Wängle <70835>;884,875
2006;Weißenbach am Lech <70836>;1317,5
2006;Zöblen <70837>;239,5
2006;Achenkirch <70901>;2093,75
2006;Aschau im Zillertal <70902>;1610,5
2006;Brandberg <70903>;359,625
2006;Bruck am Ziller <70904>;959,25
2006;Buch in Tirol <70905>;2552,25
2006;Eben am Achensee <70907>;2772,125
2006;Finkenberg <70908>;1543,375
2006;Fügen <70909>;3641,125
2006;Fügenberg <70910>;1305,125
2006;Gallzein <70911>;563,625
2006;Gerlos <70912>;788,625
2006;Gerlosberg <70913>;453,5
2006;Hainzenberg <70914>;643,125
2006;Hart im Zillertal <70915>;1385,625
2006;Hippach <70916>;1374,5
2006;Jenbach <70917>;6882,875
2006;Kaltenbach <70918>;1220,25
2006;Mayrhofen <70920>;3803
2006;Pill <70921>;1064,125
2006;Ramsau im Zillertal <70922>;1527,625
2006;Ried im Zillertal <70923>;1260,125
2006;Rohrberg <70924>;467,875
2006;Schlitters <70925>;1346,25
2006;Schwaz <70926>;12594,5
2006;Schwendau <70927>;1472,625
2006;Stans <70928>;1879,5
2006;Steinberg am Rofan <70929>;293
2006;Strass im Zillertal <70930>;835,75
2006;Stumm <70931>;1832,625
2006;Stummerberg <70932>;806,5
2006;Terfens <70933>;2031,625
2006;Tux <70934>;1915
2006;Uderns <70935>;1581,75
2006;Vomp <70936>;4513,375
2006;Weer <70937>;1491,875
2006;Weerberg <70938>;2261,375
2006;Wiesing <70939>;1914,375
2006;Zell am Ziller <70940>;1834,875
2006;Zellberg <70941>;640,75
2007;Innsbruck <70101>;116370,375
2007;Arzl im Pitztal <70201>;2954
2007;Haiming <70202>;4182,25
2007;Imst <70203>;9399,875
2007;Imsterberg <70204>;755,875
2007;Jerzens <70205>;986
2007;Karres <70206>;598,5
2007;Karrösten <70207>;682,25
2007;Längenfeld <70208>;4354,25
2007;Mieming <70209>;3227,75
2007;Mils bei Imst <70210>;537
2007;Mötz <70211>;1211,625
2007;Nassereith <70212>;2067,625
2007;Obsteig <70213>;1136
2007;Oetz <70214>;2253,25
2007;Rietz <70215>;2089,25
2007;Roppen <70216>;1614,125
2007;St. Leonhard im Pitztal <70217>;1503
2007;Sautens <70218>;1374,375
2007;Silz <70219>;2470
2007;Sölden <70220>;3417,5
2007;Stams <70221>;1289,125
2007;Tarrenz <70222>;2593,5
2007;Umhausen <70223>;2995,125
2007;Wenns <70224>;2018,625
2007;Absam <70301>;6589,25
2007;Aldrans <70302>;2052,375
2007;Ampass <70303>;1541,75
2007;Axams <70304>;5374,625
2007;Baumkirchen <70305>;1118,75
2007;Birgitz <70306>;1268,75
2007;Ellbögen <70307>;1092,125
2007;Flaurling <70308>;1141,5
2007;Fritzens <70309>;2025,25
2007;Fulpmes <70310>;4070,75
2007;Gnadenwald <70311>;704,5
2007;Götzens <70312>;3730,125
2007;Gries am Brenner <70313>;1218,25
2007;Gries im Sellrain <70314>;581,75
2007;Grinzens <70315>;1324,625
2007;Gschnitz <70317>;422,375
2007;Hatting <70318>;1154
2007;Inzing <70319>;3333,25
2007;Kematen in Tirol <70320>;2563,625
2007;Kolsass <70322>;1438,375
2007;Kolsassberg <70323>;746,625
2007;Kreith ^<70324>;-
2007;Lans <70325>;905,5
2007;Leutasch <70326>;2057,125
2007;Matrei am Brenner <70370>;-
2007;Matrei am Brenner ^<70327>;924,375
2007;Mieders <70328>;1725,875
2007;Mils <70329>;3984,5
2007;Mühlbachl ^<70330>;1370,375
2007;Mutters <70331>;1976,25
2007;Natters <70332>;1919,5
2007;Navis <70333>;1964,75
2007;Neustift im Stubaital <70334>;4455,125
2007;Oberhofen im Inntal <70335>;1649,375
2007;Obernberg am Brenner <70336>;361,25
2007;Oberperfuss <70337>;2784,125
2007;Patsch <70338>;964,875
2007;Pettnau <70339>;930
2007;Pfaffenhofen <70340>;1071,5
2007;Pfons ^<70341>;1233
2007;Polling in Tirol <70342>;908,5
2007;Ranggen <70343>;897,625
2007;Reith bei Seefeld <70344>;1142
2007;Rinn <70345>;1499,5
2007;Rum <70346>;8702,25
2007;St. Sigmund im Sellrain <70347>;183
2007;Scharnitz <70348>;1312,375
2007;Schmirn <70349>;890,125
2007;Schönberg im Stubaital <70350>;1010,75
2007;Seefeld in Tirol <70351>;2977,25
2007;Sellrain <70352>;1335,125
2007;Sistrans <70353>;1905,25
2007;Hall in Tirol <70354>;12405,125
2007;Steinach am Brenner <70355>;3299,5
2007;Telfes im Stubai <70356>;1418,25
2007;Telfs <70357>;14388
2007;Thaur <70358>;3699,875
2007;Trins <70359>;1253
2007;Tulfes <70360>;1423,25
2007;Unterperfuss <70361>;202,75
2007;Vals <70362>;561,75
2007;Vögelsberg ^<70363>;-
2007;Völs <70364>;6547,75
2007;Volders <70365>;4242
2007;Wattenberg <70366>;722,5
2007;Wattens <70367>;7673,5
2007;Wildermieming <70368>;828,875
2007;Zirl <70369>;7276,875
2007;Aurach bei Kitzbühel <70401>;1174,5
2007;Brixen im Thale <70402>;2595
2007;Fieberbrunn <70403>;4283
2007;Going am Wilden Kaiser <70404>;1809,75
2007;Hochfilzen <70405>;1144,5
2007;Hopfgarten im Brixental <70406>;5432,375
2007;Itter <70407>;1139,875
2007;Jochberg <70408>;1564,75
2007;Kirchberg in Tirol <70409>;5133
2007;Kirchdorf in Tirol <70410>;3657,75
2007;Kitzbühel <70411>;8356,25
2007;Kössen <70412>;4208,375
2007;Oberndorf in Tirol <70413>;2014,5
2007;Reith bei Kitzbühel <70414>;1659
2007;St. Jakob in Haus <70415>;658,375
2007;St. Johann in Tirol <70416>;8536,625
2007;St. Ulrich am Pillersee <70417>;1509,125
2007;Schwendt <70418>;764,375
2007;Waidring <70419>;1854
2007;Westendorf <70420>;3521,75
2007;Alpbach <70501>;2579,875
2007;Angath <70502>;934,625
2007;Bad Häring <70503>;2371,75
2007;Brandenberg <70504>;1534,125
2007;Breitenbach am Inn <70505>;3208,625
2007;Brixlegg <70506>;2797
2007;Buchberg am Kaiser ^<70507>;-
2007;Ebbs <70508>;5085,375
2007;Ellmau <70509>;2625,75
2007;Erl <70510>;1438
2007;Kirchbichl <70511>;5247,25
2007;Kramsach <70512>;4540
2007;Kufstein <70513>;16517
2007;Kundl <70514>;3929
2007;Langkampfen <70515>;3576,25
2007;Mariastein <70516>;297,125
2007;Münster <70517>;2940,25
2007;Niederndorf <70518>;2547,5
2007;Niederndorferberg <70519>;657
2007;Radfeld <70520>;2276,125
2007;Rattenberg <70521>;426,75
2007;Reith im Alpbachtal <70522>;2709,25
2007;Rettenschöss <70523>;426,375
2007;Scheffau am Wilden Kaiser <70524>;1327,375
2007;Schwoich <70525>;2284,75
2007;Söll <70526>;3573,375
2007;Thiersee <70527>;2845,875
2007;Angerberg <70528>;1723,125
2007;Walchsee <70529>;1775,375
2007;Wildschönau <70530>;4178,75
2007;Wörgl <70531>;12015,625
2007;Faggen <70601>;324,75
2007;Fendels <70602>;265,875
2007;Fiss <70603>;927,625
2007;Fließ <70604>;2943,5
2007;Flirsch <70605>;960,125
2007;Galtür <70606>;824,25
2007;Grins <70607>;1328,125
2007;Ischgl <70608>;1629,625
2007;Kappl <70609>;2622,125
2007;Kaunerberg <70610>;347,25
2007;Kaunertal <70611>;606
2007;Kauns <70612>;477,125
2007;Ladis <70613>;511,25
2007;Landeck <70614>;7635,375
2007;Nauders <70615>;1541,875
2007;Pettneu am Arlberg <70616>;1498,25
2007;Pfunds <70617>;2572,375
2007;Pians <70618>;792,5
2007;Prutz <70619>;1722,625
2007;Ried im Oberinntal <70620>;1289
2007;St. Anton am Arlberg <70621>;2645,625
2007;Schönwies <70622>;1696,875
2007;See <70623>;1138,75
2007;Serfaus <70624>;1172,25
2007;Spiss <70625>;151,25
2007;Stanz bei Landeck <70626>;610,75
2007;Strengen <70627>;1230,375
2007;Tobadill <70628>;522,75
2007;Tösens <70629>;676,75
2007;Zams <70630>;3315,625
2007;Abfaltersbach <70701>;660,125
2007;Ainet <70702>;953,875
2007;Amlach <70703>;383,75
2007;Anras <70704>;1293,25
2007;Assling <70705>;1952
2007;Außervillgraten <70706>;841,5
2007;Dölsach <70707>;2277,875
2007;Gaimberg <70708>;835,75
2007;Hopfgarten in Defereggen <70709>;784,875
2007;Innervillgraten <70710>;1004,25
2007;Iselsberg-Stronach <70711>;607
2007;Kals am Großglockner <70712>;1273,75
2007;Kartitsch <70713>;863,25
2007;Lavant <70714>;286,375
2007;Leisach <70715>;871,25
2007;Lienz <70716>;12049,625
2007;Matrei in Osttirol <70717>;4970,625
2007;Nikolsdorf <70718>;861,875
2007;Nußdorf-Debant <70719>;3236,25
2007;Oberlienz <70720>;1435
2007;Obertilliach <70721>;749,25
2007;Prägraten am Großvenediger <70723>;1256,75
2007;St. Jakob in Defereggen <70724>;947,875
2007;St. Johann im Walde <70725>;306,875
2007;St. Veit in Defereggen <70726>;769,25
2007;Schlaiten <70727>;486,125
2007;Sillian <70728>;2092
2007;Strassen <70729>;856
2007;Tessenberg ^<70730>;-
2007;Thurn <70731>;622
2007;Tristach <70732>;1342,75
2007;Untertilliach <70733>;266,5
2007;Virgen <70734>;2164,5
2007;Heinfels <70735>;1029
2007;Bach <70801>;682,625
2007;Berwang <70802>;599,125
2007;Biberwier <70803>;625,5
2007;Bichlbach <70804>;825,625
2007;Breitenwang <70805>;1618
2007;Ehenbichl <70806>;784,125
2007;Ehrwald <70807>;2633,625
2007;Elbigenalp <70808>;820,625
2007;Elmen <70809>;396,5
2007;Forchach <70810>;284,5
2007;Grän <70811>;595,375
2007;Gramais <70812>;66
2007;Häselgehr <70813>;696,75
2007;Heiterwang <70814>;532,375
2007;Hinterhornbach <70815>;87,25
2007;Höfen <70816>;1277,625
2007;Holzgau <70817>;465,125
2007;Jungholz <70818>;294,75
2007;Kaisers <70819>;85
2007;Lechaschau <70820>;1973,5
2007;Lermoos <70821>;1093,875
2007;Musau <70822>;375,875
2007;Namlos <70823>;93,875
2007;Nesselwängle <70824>;428,125
2007;Pfafflar <70825>;127
2007;Pflach <70826>;1243,125
2007;Pinswang <70827>;426,75
2007;Reutte <70828>;5792,5
2007;Schattwald <70829>;410,125
2007;Stanzach <70830>;403,5
2007;Steeg <70831>;722,75
2007;Tannheim <70832>;1090,375
2007;Vils <70833>;1551
2007;Vorderhornbach <70834>;269,375
2007;Wängle <70835>;887,875
2007;Weißenbach am Lech <70836>;1308,375
2007;Zöblen <70837>;243,375
2007;Achenkirch <70901>;2100,875
2007;Aschau im Zillertal <70902>;1598,875
2007;Brandberg <70903>;367,625
2007;Bruck am Ziller <70904>;980,75
2007;Buch in Tirol <70905>;2604,5
2007;Eben am Achensee <70907>;2786,5
2007;Finkenberg <70908>;1528,125
2007;Fügen <70909>;3661,375
2007;Fügenberg <70910>;1308
2007;Gallzein <70911>;572,125
2007;Gerlos <70912>;788,25
2007;Gerlosberg <70913>;451,875
2007;Hainzenberg <70914>;646,25
2007;Hart im Zillertal <70915>;1402,125
2007;Hippach <70916>;1371,375
2007;Jenbach <70917>;6868
2007;Kaltenbach <70918>;1250,25
2007;Mayrhofen <70920>;3803,875
2007;Pill <70921>;1051,25
2007;Ramsau im Zillertal <70922>;1544,875
2007;Ried im Zillertal <70923>;1261,25
2007;Rohrberg <70924>;488,25
2007;Schlitters <70925>;1353,625
2007;Schwaz <70926>;12698,5
2007;Schwendau <70927>;1478,375
2007;Stans <70928>;1878,625
2007;Steinberg am Rofan <70929>;296,5
2007;Strass im Zillertal <70930>;834,25
2007;Stumm <70931>;1821,625
2007;Stummerberg <70932>;809,875
2007;Terfens <70933>;2041,5
2007;Tux <70934>;1909,125
2007;Uderns <70935>;1596
2007;Vomp <70936>;4484,5
2007;Weer <70937>;1479,125
2007;Weerberg <70938>;2260,625
2007;Wiesing <70939>;1968,625
2007;Zell am Ziller <70940>;1782,875
2007;Zellberg <70941>;647,375
2008;Innsbruck <70101>;116889,125
2008;Arzl im Pitztal <70201>;2962,25
2008;Haiming <70202>;4221,5
2008;Imst <70203>;9442,875
2008;Imsterberg <70204>;764,125
2008;Jerzens <70205>;979,625
2008;Karres <70206>;602,375
2008;Karrösten <70207>;678,75
2008;Längenfeld <70208>;4370,5
2008;Mieming <70209>;3279,5
2008;Mils bei Imst <70210>;552,125
2008;Mötz <70211>;1223,375
2008;Nassereith <70212>;2071,375
2008;Obsteig <70213>;1158,75
2008;Oetz <70214>;2262,375
2008;Rietz <70215>;2090,125
2008;Roppen <70216>;1641,125
2008;St. Leonhard im Pitztal <70217>;1513,75
2008;Sautens <70218>;1378,75
2008;Silz <70219>;2476,625
2008;Sölden <70220>;3625
2008;Stams <70221>;1311,75
2008;Tarrenz <70222>;2595,625
2008;Umhausen <70223>;3032,625
2008;Wenns <70224>;2010,25
2008;Absam <70301>;6685,875
2008;Aldrans <70302>;2068,75
2008;Ampass <70303>;1574
2008;Axams <70304>;5410,625
2008;Baumkirchen <70305>;1145,25
2008;Birgitz <70306>;1273,625
2008;Ellbögen <70307>;1093,5
2008;Flaurling <70308>;1164,5
2008;Fritzens <70309>;2010,5
2008;Fulpmes <70310>;4086,125
2008;Gnadenwald <70311>;730
2008;Götzens <70312>;3756,625
2008;Gries am Brenner <70313>;1253,25
2008;Gries im Sellrain <70314>;582,5
2008;Grinzens <70315>;1320,375
2008;Gschnitz <70317>;422,625
2008;Hatting <70318>;1158,625
2008;Inzing <70319>;3364,75
2008;Kematen in Tirol <70320>;2527,5
2008;Kolsass <70322>;1450
2008;Kolsassberg <70323>;749,5
2008;Kreith ^<70324>;-
2008;Lans <70325>;923,5
2008;Leutasch <70326>;2081,375
2008;Matrei am Brenner <70370>;-
2008;Matrei am Brenner ^<70327>;925,375
2008;Mieders <70328>;1717,5
2008;Mils <70329>;4030,125
2008;Mühlbachl ^<70330>;1354
2008;Mutters <70331>;1968,25
2008;Natters <70332>;1923,125
2008;Navis <70333>;1980
2008;Neustift im Stubaital <70334>;4477,5
2008;Oberhofen im Inntal <70335>;1680,875
2008;Obernberg am Brenner <70336>;368
2008;Oberperfuss <70337>;2793,375
2008;Patsch <70338>;980
2008;Pettnau <70339>;921,375
2008;Pfaffenhofen <70340>;1062,875
2008;Pfons ^<70341>;1237,625
2008;Polling in Tirol <70342>;916,875
2008;Ranggen <70343>;926
2008;Reith bei Seefeld <70344>;1142,375
2008;Rinn <70345>;1504,75
2008;Rum <70346>;8723,125
2008;St. Sigmund im Sellrain <70347>;179,5
2008;Scharnitz <70348>;1296,75
2008;Schmirn <70349>;879
2008;Schönberg im Stubaital <70350>;1011,625
2008;Seefeld in Tirol <70351>;2972,75
2008;Sellrain <70352>;1341
2008;Sistrans <70353>;1930,125
2008;Hall in Tirol <70354>;12409
2008;Steinach am Brenner <70355>;3317,125
2008;Telfes im Stubai <70356>;1445,25
2008;Telfs <70357>;14448,25
2008;Thaur <70358>;3720
2008;Trins <70359>;1259,25
2008;Tulfes <70360>;1429,25
2008;Unterperfuss <70361>;202,875
2008;Vals <70362>;562,5
2008;Vögelsberg ^<70363>;-
2008;Völs <70364>;6565,625
2008;Volders <70365>;4288,875
2008;Wattenberg <70366>;731,125
2008;Wattens <70367>;7666,75
2008;Wildermieming <70368>;829,625
2008;Zirl <70369>;7344,5
2008;Aurach bei Kitzbühel <70401>;1155,25
2008;Brixen im Thale <70402>;2594,125
2008;Fieberbrunn <70403>;4298
2008;Going am Wilden Kaiser <70404>;1857,125
2008;Hochfilzen <70405>;1135,125
2008;Hopfgarten im Brixental <70406>;5495,875
2008;Itter <70407>;1143,375
2008;Jochberg <70408>;1580,625
2008;Kirchberg in Tirol <70409>;5148,5
2008;Kirchdorf in Tirol <70410>;3683,625
2008;Kitzbühel <70411>;8294,125
2008;Kössen <70412>;4200,25
2008;Oberndorf in Tirol <70413>;2005,75
2008;Reith bei Kitzbühel <70414>;1651,125
2008;St. Jakob in Haus <70415>;669,125
2008;St. Johann in Tirol <70416>;8608,875
2008;St. Ulrich am Pillersee <70417>;1560,375
2008;Schwendt <70418>;780,25
2008;Waidring <70419>;1851
2008;Westendorf <70420>;3544,875
2008;Alpbach <70501>;2598,75
2008;Angath <70502>;935,5
2008;Bad Häring <70503>;2411,75
2008;Brandenberg <70504>;1539,625
2008;Breitenbach am Inn <70505>;3198,375
2008;Brixlegg <70506>;2812,875
2008;Buchberg am Kaiser ^<70507>;-
2008;Ebbs <70508>;5079,375
2008;Ellmau <70509>;2600,5
2008;Erl <70510>;1451,125
2008;Kirchbichl <70511>;5264,375
2008;Kramsach <70512>;4543,125
2008;Kufstein <70513>;16843,75
2008;Kundl <70514>;3937
2008;Langkampfen <70515>;3623
2008;Mariastein <70516>;306,875
2008;Münster <70517>;2956,875
2008;Niederndorf <70518>;2550,625
2008;Niederndorferberg <70519>;653,875
2008;Radfeld <70520>;2268,5
2008;Rattenberg <70521>;414,5
2008;Reith im Alpbachtal <70522>;2730,25
2008;Rettenschöss <70523>;429,5
2008;Scheffau am Wilden Kaiser <70524>;1318,75
2008;Schwoich <70525>;2288,875
2008;Söll <70526>;3521,75
2008;Thiersee <70527>;2823,75
2008;Angerberg <70528>;1745,5
2008;Walchsee <70529>;1787,25
2008;Wildschönau <70530>;4182,625
2008;Wörgl <70531>;12059,875
2008;Faggen <70601>;338,625
2008;Fendels <70602>;267,625
2008;Fiss <70603>;934,75
2008;Fließ <70604>;2964,625
2008;Flirsch <70605>;968,875
2008;Galtür <70606>;830,5
2008;Grins <70607>;1356,75
2008;Ischgl <70608>;1612,625
2008;Kappl <70609>;2620,25
2008;Kaunerberg <70610>;348,625
2008;Kaunertal <70611>;599,625
2008;Kauns <70612>;486,625
2008;Ladis <70613>;514,875
2008;Landeck <70614>;7643,875
2008;Nauders <70615>;1518,125
2008;Pettneu am Arlberg <70616>;1484,875
2008;Pfunds <70617>;2560,375
2008;Pians <70618>;793,125
2008;Prutz <70619>;1715,375
2008;Ried im Oberinntal <70620>;1282,5
2008;St. Anton am Arlberg <70621>;2596,625
2008;Schönwies <70622>;1694
2008;See <70623>;1161,875
2008;Serfaus <70624>;1165
2008;Spiss <70625>;147,125
2008;Stanz bei Landeck <70626>;606,375
2008;Strengen <70627>;1235,75
2008;Tobadill <70628>;519,875
2008;Tösens <70629>;665,25
2008;Zams <70630>;3324,125
2008;Abfaltersbach <70701>;651,875
2008;Ainet <70702>;953
2008;Amlach <70703>;382,875
2008;Anras <70704>;1287,75
2008;Assling <70705>;1930,125
2008;Außervillgraten <70706>;832,875
2008;Dölsach <70707>;2308,25
2008;Gaimberg <70708>;836,125
2008;Hopfgarten in Defereggen <70709>;781,25
2008;Innervillgraten <70710>;1007,75
2008;Iselsberg-Stronach <70711>;613,25
2008;Kals am Großglockner <70712>;1252,375
2008;Kartitsch <70713>;851,5
2008;Lavant <70714>;276,375
2008;Leisach <70715>;852
2008;Lienz <70716>;11969,25
2008;Matrei in Osttirol <70717>;4896,25
2008;Nikolsdorf <70718>;867
2008;Nußdorf-Debant <70719>;3243,75
2008;Oberlienz <70720>;1416,875
2008;Obertilliach <70721>;744,25
2008;Prägraten am Großvenediger <70723>;1251,25
2008;St. Jakob in Defereggen <70724>;938,875
2008;St. Johann im Walde <70725>;305,25
2008;St. Veit in Defereggen <70726>;755
2008;Schlaiten <70727>;478,625
2008;Sillian <70728>;2110,25
2008;Strassen <70729>;848,375
2008;Tessenberg ^<70730>;-
2008;Thurn <70731>;613,375
2008;Tristach <70732>;1347,625
2008;Untertilliach <70733>;259,25
2008;Virgen <70734>;2156
2008;Heinfels <70735>;1023,375
2008;Bach <70801>;683,5
2008;Berwang <70802>;589,5
2008;Biberwier <70803>;632,875
2008;Bichlbach <70804>;808,75
2008;Breitenwang <70805>;1604,75
2008;Ehenbichl <70806>;801,625
2008;Ehrwald <70807>;2654,125
2008;Elbigenalp <70808>;811,125
2008;Elmen <70809>;396,25
2008;Forchach <70810>;285,5
2008;Grän <70811>;585,625
2008;Gramais <70812>;67
2008;Häselgehr <70813>;701,5
2008;Heiterwang <70814>;528,5
2008;Hinterhornbach <70815>;86,875
2008;Höfen <70816>;1262,5
2008;Holzgau <70817>;454,625
2008;Jungholz <70818>;284,75
2008;Kaisers <70819>;81,625
2008;Lechaschau <70820>;1982
2008;Lermoos <70821>;1105,125
2008;Musau <70822>;387,875
2008;Namlos <70823>;94,5
2008;Nesselwängle <70824>;424,125
2008;Pfafflar <70825>;126,125
2008;Pflach <70826>;1234,75
2008;Pinswang <70827>;422,375
2008;Reutte <70828>;5878,25
2008;Schattwald <70829>;409,125
2008;Stanzach <70830>;408,25
2008;Steeg <70831>;727
2008;Tannheim <70832>;1089,5
2008;Vils <70833>;1543,125
2008;Vorderhornbach <70834>;260,25
2008;Wängle <70835>;870
2008;Weißenbach am Lech <70836>;1301,375
2008;Zöblen <70837>;241,75
2008;Achenkirch <70901>;2123,25
2008;Aschau im Zillertal <70902>;1592,5
2008;Brandberg <70903>;361
2008;Bruck am Ziller <70904>;989,125
2008;Buch in Tirol <70905>;2571,875
2008;Eben am Achensee <70907>;2814,375
2008;Finkenberg <70908>;1519,125
2008;Fügen <70909>;3708,5
2008;Fügenberg <70910>;1311,125
2008;Gallzein <70911>;568,375
2008;Gerlos <70912>;787,625
2008;Gerlosberg <70913>;457,375
2008;Hainzenberg <70914>;654,625
2008;Hart im Zillertal <70915>;1414,125
2008;Hippach <70916>;1363,875
2008;Jenbach <70917>;6883,125
2008;Kaltenbach <70918>;1255,625
2008;Mayrhofen <70920>;3781,25
2008;Pill <70921>;1059,75
2008;Ramsau im Zillertal <70922>;1579,875
2008;Ried im Zillertal <70923>;1246,625
2008;Rohrberg <70924>;508,125
2008;Schlitters <70925>;1360,5
2008;Schwaz <70926>;12854,625
2008;Schwendau <70927>;1509,375
2008;Stans <70928>;1880,75
2008;Steinberg am Rofan <70929>;299,75
2008;Strass im Zillertal <70930>;838,875
2008;Stumm <70931>;1820,75
2008;Stummerberg <70932>;811,375
2008;Terfens <70933>;2025
2008;Tux <70934>;1906,875
2008;Uderns <70935>;1615,375
2008;Vomp <70936>;4552,875
2008;Weer <70937>;1485,25
2008;Weerberg <70938>;2265,75
2008;Wiesing <70939>;1994
2008;Zell am Ziller <70940>;1757,625
2008;Zellberg <70941>;645
2009;Innsbruck <70101>;117464,375
2009;Arzl im Pitztal <70201>;2944,625
2009;Haiming <70202>;4250,375
2009;Imst <70203>;9476,375
2009;Imsterberg <70204>;759,5
2009;Jerzens <70205>;1002,25
2009;Karres <70206>;610
2009;Karrösten <70207>;674,625
2009;Längenfeld <70208>;4353,625
2009;Mieming <70209>;3336,25
2009;Mils bei Imst <70210>;552,5
2009;Mötz <70211>;1212,25
2009;Nassereith <70212>;2061,25
2009;Obsteig <70213>;1186,5
2009;Oetz <70214>;2254,375
2009;Rietz <70215>;2095,625
2009;Roppen <70216>;1643,625
2009;St. Leonhard im Pitztal <70217>;1489,75
2009;Sautens <70218>;1397,625
2009;Silz <70219>;2498,5
2009;Sölden <70220>;3654
2009;Stams <70221>;1311,625
2009;Tarrenz <70222>;2606,625
2009;Umhausen <70223>;3069,75
2009;Wenns <70224>;2004
2009;Absam <70301>;6705,375
2009;Aldrans <70302>;2100,375
2009;Ampass <70303>;1599,375
2009;Axams <70304>;5483,5
2009;Baumkirchen <70305>;1158
2009;Birgitz <70306>;1250,625
2009;Ellbögen <70307>;1085,625
2009;Flaurling <70308>;1205,75
2009;Fritzens <70309>;2027
2009;Fulpmes <70310>;4068
2009;Gnadenwald <70311>;725,875
2009;Götzens <70312>;3804,875
2009;Gries am Brenner <70313>;1262,625
2009;Gries im Sellrain <70314>;579,625
2009;Grinzens <70315>;1313,75
2009;Gschnitz <70317>;426,125
2009;Hatting <70318>;1166,25
2009;Inzing <70319>;3441,5
2009;Kematen in Tirol <70320>;2510,25
2009;Kolsass <70322>;1476,25
2009;Kolsassberg <70323>;755,375
2009;Kreith ^<70324>;-
2009;Lans <70325>;920,5
2009;Leutasch <70326>;2125,625
2009;Matrei am Brenner <70370>;-
2009;Matrei am Brenner ^<70327>;906,75
2009;Mieders <70328>;1734,5
2009;Mils <70329>;4089,75
2009;Mühlbachl ^<70330>;1347,875
2009;Mutters <70331>;1987,25
2009;Natters <70332>;1908,5
2009;Navis <70333>;1976,25
2009;Neustift im Stubaital <70334>;4486,625
2009;Oberhofen im Inntal <70335>;1671,625
2009;Obernberg am Brenner <70336>;357,5
2009;Oberperfuss <70337>;2800,25
2009;Patsch <70338>;992,875
2009;Pettnau <70339>;910,125
2009;Pfaffenhofen <70340>;1062,625
2009;Pfons ^<70341>;1236
2009;Polling in Tirol <70342>;926,375
2009;Ranggen <70343>;949,375
2009;Reith bei Seefeld <70344>;1148,875
2009;Rinn <70345>;1583,25
2009;Rum <70346>;8791,125
2009;St. Sigmund im Sellrain <70347>;173,25
2009;Scharnitz <70348>;1308,75
2009;Schmirn <70349>;894,375
2009;Schönberg im Stubaital <70350>;1006,75
2009;Seefeld in Tirol <70351>;3008,125
2009;Sellrain <70352>;1341,75
2009;Sistrans <70353>;1995,625
2009;Hall in Tirol <70354>;12449,25
2009;Steinach am Brenner <70355>;3327,125
2009;Telfes im Stubai <70356>;1462,75
2009;Telfs <70357>;14481,125
2009;Thaur <70358>;3743,375
2009;Trins <70359>;1259,75
2009;Tulfes <70360>;1415,25
2009;Unterperfuss <70361>;203,75
2009;Vals <70362>;563,25
2009;Vögelsberg ^<70363>;-
2009;Völs <70364>;6564,875
2009;Volders <70365>;4288,25
2009;Wattenberg <70366>;729,25
2009;Wattens <70367>;7619,875
2009;Wildermieming <70368>;826
2009;Zirl <70369>;7446,5
2009;Aurach bei Kitzbühel <70401>;1162,875
2009;Brixen im Thale <70402>;2599,875
2009;Fieberbrunn <70403>;4294,125
2009;Going am Wilden Kaiser <70404>;1866,625
2009;Hochfilzen <70405>;1121
2009;Hopfgarten im Brixental <70406>;5531,25
2009;Itter <70407>;1143,375
2009;Jochberg <70408>;1569,75
2009;Kirchberg in Tirol <70409>;5154,375
2009;Kirchdorf in Tirol <70410>;3708
2009;Kitzbühel <70411>;8208,75
2009;Kössen <70412>;4171,75
2009;Oberndorf in Tirol <70413>;2005,125
2009;Reith bei Kitzbühel <70414>;1647,375
2009;St. Jakob in Haus <70415>;712
2009;St. Johann in Tirol <70416>;8693,375
2009;St. Ulrich am Pillersee <70417>;1570,75
2009;Schwendt <70418>;789
2009;Waidring <70419>;1867,625
2009;Westendorf <70420>;3561,75
2009;Alpbach <70501>;2574,625
2009;Angath <70502>;918,125
2009;Bad Häring <70503>;2480,125
2009;Brandenberg <70504>;1548,25
2009;Breitenbach am Inn <70505>;3221,25
2009;Brixlegg <70506>;2844,375
2009;Buchberg am Kaiser ^<70507>;-
2009;Ebbs <70508>;5133,625
2009;Ellmau <70509>;2615,25
2009;Erl <70510>;1465,125
2009;Kirchbichl <70511>;5271,875
2009;Kramsach <70512>;4526,75
2009;Kufstein <70513>;17062,625
2009;Kundl <70514>;3932,125
2009;Langkampfen <70515>;3700,25
2009;Mariastein <70516>;310,375
2009;Münster <70517>;2966,875
2009;Niederndorf <70518>;2573,75
2009;Niederndorferberg <70519>;653,875
2009;Radfeld <70520>;2266,25
2009;Rattenberg <70521>;399
2009;Reith im Alpbachtal <70522>;2697,125
2009;Rettenschöss <70523>;435,625
2009;Scheffau am Wilden Kaiser <70524>;1312,375
2009;Schwoich <70525>;2297,25
2009;Söll <70526>;3502,125
2009;Thiersee <70527>;2823,375
2009;Angerberg <70528>;1744,25
2009;Walchsee <70529>;1791,25
2009;Wildschönau <70530>;4154
2009;Wörgl <70531>;12227,125
2009;Faggen <70601>;344,625
2009;Fendels <70602>;267,875
2009;Fiss <70603>;970
2009;Fließ <70604>;2947,375
2009;Flirsch <70605>;990,5
2009;Galtür <70606>;828,75
2009;Grins <70607>;1368,875
2009;Ischgl <70608>;1598,125
2009;Kappl <70609>;2620
2009;Kaunerberg <70610>;361,125
2009;Kaunertal <70611>;598,5
2009;Kauns <70612>;482
2009;Ladis <70613>;510,5
2009;Landeck <70614>;7668,25
2009;Nauders <70615>;1514,375
2009;Pettneu am Arlberg <70616>;1477,625
2009;Pfunds <70617>;2543,125
2009;Pians <70618>;778
2009;Prutz <70619>;1716,75
2009;Ried im Oberinntal <70620>;1264
2009;St. Anton am Arlberg <70621>;2572,75
2009;Schönwies <70622>;1687,125
2009;See <70623>;1169,125
2009;Serfaus <70624>;1134,25
2009;Spiss <70625>;139,75
2009;Stanz bei Landeck <70626>;597,25
2009;Strengen <70627>;1224
2009;Tobadill <70628>;511,625
2009;Tösens <70629>;667
2009;Zams <70630>;3296,25
2009;Abfaltersbach <70701>;644,375
2009;Ainet <70702>;950,375
2009;Amlach <70703>;380,75
2009;Anras <70704>;1294,75
2009;Assling <70705>;1924
2009;Außervillgraten <70706>;821,25
2009;Dölsach <70707>;2281,25
2009;Gaimberg <70708>;833,125
2009;Hopfgarten in Defereggen <70709>;765,25
2009;Innervillgraten <70710>;1003,75
2009;Iselsberg-Stronach <70711>;615,625
2009;Kals am Großglockner <70712>;1246,5
2009;Kartitsch <70713>;851,375
2009;Lavant <70714>;277,375
2009;Leisach <70715>;840,5
2009;Lienz <70716>;11910,375
2009;Matrei in Osttirol <70717>;4792,375
2009;Nikolsdorf <70718>;872
2009;Nußdorf-Debant <70719>;3223,125
2009;Oberlienz <70720>;1414,625
2009;Obertilliach <70721>;729,875
2009;Prägraten am Großvenediger <70723>;1239,75
2009;St. Jakob in Defereggen <70724>;941
2009;St. Johann im Walde <70725>;299,625
2009;St. Veit in Defereggen <70726>;748
2009;Schlaiten <70727>;475,375
2009;Sillian <70728>;2114,125
2009;Strassen <70729>;846,625
2009;Tessenberg ^<70730>;-
2009;Thurn <70731>;631,625
2009;Tristach <70732>;1368
2009;Untertilliach <70733>;255
2009;Virgen <70734>;2183,75
2009;Heinfels <70735>;1013,125
2009;Bach <70801>;676,625
2009;Berwang <70802>;590,75
2009;Biberwier <70803>;640,25
2009;Bichlbach <70804>;805,5
2009;Breitenwang <70805>;1566,25
2009;Ehenbichl <70806>;841,75
2009;Ehrwald <70807>;2644,5
2009;Elbigenalp <70808>;829,125
2009;Elmen <70809>;393,5
2009;Forchach <70810>;293
2009;Grän <70811>;584,25
2009;Gramais <70812>;64,625
2009;Häselgehr <70813>;701,5
2009;Heiterwang <70814>;520,875
2009;Hinterhornbach <70815>;90,375
2009;Höfen <70816>;1256,625
2009;Holzgau <70817>;444,625
2009;Jungholz <70818>;286,125
2009;Kaisers <70819>;79,875
2009;Lechaschau <70820>;1981
2009;Lermoos <70821>;1093,5
2009;Musau <70822>;400,875
2009;Namlos <70823>;94,375
2009;Nesselwängle <70824>;420,25
2009;Pfafflar <70825>;124,125
2009;Pflach <70826>;1245,5
2009;Pinswang <70827>;423,625
2009;Reutte <70828>;5827,25
2009;Schattwald <70829>;418
2009;Stanzach <70830>;412,375
2009;Steeg <70831>;719,375
2009;Tannheim <70832>;1077,625
2009;Vils <70833>;1528,25
2009;Vorderhornbach <70834>;255,25
2009;Wängle <70835>;862
2009;Weißenbach am Lech <70836>;1286,75
2009;Zöblen <70837>;246,375
2009;Achenkirch <70901>;2127
2009;Aschau im Zillertal <70902>;1602,125
2009;Brandberg <70903>;352,375
2009;Bruck am Ziller <70904>;992,125
2009;Buch in Tirol <70905>;2554,625
2009;Eben am Achensee <70907>;2794,125
2009;Finkenberg <70908>;1510,875
2009;Fügen <70909>;3720,125
2009;Fügenberg <70910>;1314,75
2009;Gallzein <70911>;571,5
2009;Gerlos <70912>;780,625
2009;Gerlosberg <70913>;458,625
2009;Hainzenberg <70914>;666,375
2009;Hart im Zillertal <70915>;1431,25
2009;Hippach <70916>;1372,25
2009;Jenbach <70917>;6887,375
2009;Kaltenbach <70918>;1219,375
2009;Mayrhofen <70920>;3901,625
2009;Pill <70921>;1062,875
2009;Ramsau im Zillertal <70922>;1577,5
2009;Ried im Zillertal <70923>;1234,5
2009;Rohrberg <70924>;519,125
2009;Schlitters <70925>;1361,875
2009;Schwaz <70926>;12893,125
2009;Schwendau <70927>;1548,5
2009;Stans <70928>;1903,625
2009;Steinberg am Rofan <70929>;295,375
2009;Strass im Zillertal <70930>;850,5
2009;Stumm <70931>;1814,125
2009;Stummerberg <70932>;813,25
2009;Terfens <70933>;2035,125
2009;Tux <70934>;1894,875
2009;Uderns <70935>;1626,5
2009;Vomp <70936>;4596,125
2009;Weer <70937>;1498,625
2009;Weerberg <70938>;2275,875
2009;Wiesing <70939>;1996,875
2009;Zell am Ziller <70940>;1746,5
2009;Zellberg <70941>;645,75
2010;Innsbruck <70101>;118243,75
2010;Arzl im Pitztal <70201>;2970
2010;Haiming <70202>;4298,625
2010;Imst <70203>;9459,625
2010;Imsterberg <70204>;754
2010;Jerzens <70205>;1002
2010;Karres <70206>;608
2010;Karrösten <70207>;677
2010;Längenfeld <70208>;4354,375
2010;Mieming <70209>;3387,125
2010;Mils bei Imst <70210>;557,5
2010;Mötz <70211>;1224,625
2010;Nassereith <70212>;2076,375
2010;Obsteig <70213>;1168,875
2010;Oetz <70214>;2263,25
2010;Rietz <70215>;2087,375
2010;Roppen <70216>;1641,125
2010;St. Leonhard im Pitztal <70217>;1472,75
2010;Sautens <70218>;1405
2010;Silz <70219>;2537,125
2010;Sölden <70220>;3683,25
2010;Stams <70221>;1321,875
2010;Tarrenz <70222>;2637,5
2010;Umhausen <70223>;3082,25
2010;Wenns <70224>;1972,75
2010;Absam <70301>;6681,875
2010;Aldrans <70302>;2148,875
2010;Ampass <70303>;1625,5
2010;Axams <70304>;5472,25
2010;Baumkirchen <70305>;1148
2010;Birgitz <70306>;1281,625
2010;Ellbögen <70307>;1080,625
2010;Flaurling <70308>;1207,875
2010;Fritzens <70309>;2044
2010;Fulpmes <70310>;4108,375
2010;Gnadenwald <70311>;716
2010;Götzens <70312>;3855,625
2010;Gries am Brenner <70313>;1266,75
2010;Gries im Sellrain <70314>;577,25
2010;Grinzens <70315>;1311
2010;Gschnitz <70317>;417,75
2010;Hatting <70318>;1196,75
2010;Inzing <70319>;3484,375
2010;Kematen in Tirol <70320>;2574,375
2010;Kolsass <70322>;1491,625
2010;Kolsassberg <70323>;741,5
2010;Kreith ^<70324>;-
2010;Lans <70325>;918,75
2010;Leutasch <70326>;2171
2010;Matrei am Brenner <70370>;-
2010;Matrei am Brenner ^<70327>;905,625
2010;Mieders <70328>;1749,25
2010;Mils <70329>;4113,5
2010;Mühlbachl ^<70330>;1335
2010;Mutters <70331>;1995
2010;Natters <70332>;1922,625
2010;Navis <70333>;1972,875
2010;Neustift im Stubaital <70334>;4496,875
2010;Oberhofen im Inntal <70335>;1674,625
2010;Obernberg am Brenner <70336>;364,25
2010;Oberperfuss <70337>;2807,375
2010;Patsch <70338>;1008,25
2010;Pettnau <70339>;895
2010;Pfaffenhofen <70340>;1072,375
2010;Pfons ^<70341>;1222,625
2010;Polling in Tirol <70342>;946,25
2010;Ranggen <70343>;964,625
2010;Reith bei Seefeld <70344>;1161,25
2010;Rinn <70345>;1627,125
2010;Rum <70346>;8800,5
2010;St. Sigmund im Sellrain <70347>;170,375
2010;Scharnitz <70348>;1305,375
2010;Schmirn <70349>;892,125
2010;Schönberg im Stubaital <70350>;990,75
2010;Seefeld in Tirol <70351>;3083,125
2010;Sellrain <70352>;1346,875
2010;Sistrans <70353>;2023,5
2010;Hall in Tirol <70354>;12612,125
2010;Steinach am Brenner <70355>;3346,125
2010;Telfes im Stubai <70356>;1459
2010;Telfs <70357>;14561,125
2010;Thaur <70358>;3757,5
2010;Trins <70359>;1267,875
2010;Tulfes <70360>;1399,25
2010;Unterperfuss <70361>;203,625
2010;Vals <70362>;556
2010;Vögelsberg ^<70363>;-
2010;Völs <70364>;6522,75
2010;Volders <70365>;4310,125
2010;Wattenberg <70366>;726
2010;Wattens <70367>;7608,25
2010;Wildermieming <70368>;851,125
2010;Zirl <70369>;7575,625
2010;Aurach bei Kitzbühel <70401>;1170,125
2010;Brixen im Thale <70402>;2648,75
2010;Fieberbrunn <70403>;4289
2010;Going am Wilden Kaiser <70404>;1862,625
2010;Hochfilzen <70405>;1123,625
2010;Hopfgarten im Brixental <70406>;5535,625
2010;Itter <70407>;1160,25
2010;Jochberg <70408>;1571,375
2010;Kirchberg in Tirol <70409>;5121,875
2010;Kirchdorf in Tirol <70410>;3750,875
2010;Kitzbühel <70411>;8141,375
2010;Kössen <70412>;4163,5
2010;Oberndorf in Tirol <70413>;2010,375
2010;Reith bei Kitzbühel <70414>;1638,625
2010;St. Jakob in Haus <70415>;732,375
2010;St. Johann in Tirol <70416>;8711,125
2010;St. Ulrich am Pillersee <70417>;1574,25
2010;Schwendt <70418>;793,375
2010;Waidring <70419>;1902,5
2010;Westendorf <70420>;3576,875
2010;Alpbach <70501>;2585,375
2010;Angath <70502>;914
2010;Bad Häring <70503>;2523,75
2010;Brandenberg <70504>;1556,5
2010;Breitenbach am Inn <70505>;3256
2010;Brixlegg <70506>;2811,5
2010;Buchberg am Kaiser ^<70507>;-
2010;Ebbs <70508>;5159,25
2010;Ellmau <70509>;2627,875
2010;Erl <70510>;1445,75
2010;Kirchbichl <70511>;5259
2010;Kramsach <70512>;4534,125
2010;Kufstein <70513>;17217,875
2010;Kundl <70514>;3954,625
2010;Langkampfen <70515>;3693,25
2010;Mariastein <70516>;321,25
2010;Münster <70517>;2982
2010;Niederndorf <70518>;2605,25
2010;Niederndorferberg <70519>;654,125
2010;Radfeld <70520>;2267
2010;Rattenberg <70521>;400,375
2010;Reith im Alpbachtal <70522>;2664,375
2010;Rettenschöss <70523>;448,125
2010;Scheffau am Wilden Kaiser <70524>;1318,625
2010;Schwoich <70525>;2278,625
2010;Söll <70526>;3518
2010;Thiersee <70527>;2810,625
2010;Angerberg <70528>;1734,875
2010;Walchsee <70529>;1792,375
2010;Wildschönau <70530>;4150,25
2010;Wörgl <70531>;12489,625
2010;Faggen <70601>;350,125
2010;Fendels <70602>;264,875
2010;Fiss <70603>;968,125
2010;Fließ <70604>;2909,125
2010;Flirsch <70605>;974,875
2010;Galtür <70606>;830,375
2010;Grins <70607>;1368,75
2010;Ischgl <70608>;1584,625
2010;Kappl <70609>;2624,125
2010;Kaunerberg <70610>;371,875
2010;Kaunertal <70611>;605
2010;Kauns <70612>;479,5
2010;Ladis <70613>;518,125
2010;Landeck <70614>;7675,875
2010;Nauders <70615>;1529,25
2010;Pettneu am Arlberg <70616>;1472,625
2010;Pfunds <70617>;2526,75
2010;Pians <70618>;780,875
2010;Prutz <70619>;1717,125
2010;Ried im Oberinntal <70620>;1243,875
2010;St. Anton am Arlberg <70621>;2523,625
2010;Schönwies <70622>;1691,875
2010;See <70623>;1175,125
2010;Serfaus <70624>;1103,125
2010;Spiss <70625>;140,5
2010;Stanz bei Landeck <70626>;607
2010;Strengen <70627>;1213
2010;Tobadill <70628>;508,375
2010;Tösens <70629>;675,75
2010;Zams <70630>;3283,625
2010;Abfaltersbach <70701>;646,25
2010;Ainet <70702>;934,125
2010;Amlach <70703>;365,5
2010;Anras <70704>;1292
2010;Assling <70705>;1902,875
2010;Außervillgraten <70706>;805,125
2010;Dölsach <70707>;2287,25
2010;Gaimberg <70708>;834,5
2010;Hopfgarten in Defereggen <70709>;762,875
2010;Innervillgraten <70710>;993,25
2010;Iselsberg-Stronach <70711>;598,5
2010;Kals am Großglockner <70712>;1237,625
2010;Kartitsch <70713>;845,5
2010;Lavant <70714>;277,375
2010;Leisach <70715>;835,125
2010;Lienz <70716>;11909,875
2010;Matrei in Osttirol <70717>;4749,375
2010;Nikolsdorf <70718>;878,375
2010;Nußdorf-Debant <70719>;3203,25
2010;Oberlienz <70720>;1396,875
2010;Obertilliach <70721>;716,625
2010;Prägraten am Großvenediger <70723>;1228,625
2010;St. Jakob in Defereggen <70724>;934,5
2010;St. Johann im Walde <70725>;297,25
2010;St. Veit in Defereggen <70726>;733,125
2010;Schlaiten <70727>;474,125
2010;Sillian <70728>;2082,75
2010;Strassen <70729>;839,875
2010;Tessenberg ^<70730>;-
2010;Thurn <70731>;634,625
2010;Tristach <70732>;1387
2010;Untertilliach <70733>;249,125
2010;Virgen <70734>;2198,25
2010;Heinfels <70735>;1009,625
2010;Bach <70801>;670,75
2010;Berwang <70802>;590,5
2010;Biberwier <70803>;645,125
2010;Bichlbach <70804>;791
2010;Breitenwang <70805>;1536,875
2010;Ehenbichl <70806>;837,25
2010;Ehrwald <70807>;2600,5
2010;Elbigenalp <70808>;845,25
2010;Elmen <70809>;388,375
2010;Forchach <70810>;288,625
2010;Grän <70811>;576,125
2010;Gramais <70812>;55,25
2010;Häselgehr <70813>;688
2010;Heiterwang <70814>;516,75
2010;Hinterhornbach <70815>;94,125
2010;Höfen <70816>;1268,75
2010;Holzgau <70817>;442,375
2010;Jungholz <70818>;293,125
2010;Kaisers <70819>;75,875
2010;Lechaschau <70820>;1972,875
2010;Lermoos <70821>;1098,5
2010;Musau <70822>;402,25
2010;Namlos <70823>;95,25
2010;Nesselwängle <70824>;420,875
2010;Pfafflar <70825>;123,125
2010;Pflach <70826>;1246,125
2010;Pinswang <70827>;425,25
2010;Reutte <70828>;5849,625
2010;Schattwald <70829>;426,375
2010;Stanzach <70830>;413,875
2010;Steeg <70831>;712,375
2010;Tannheim <70832>;1056,125
2010;Vils <70833>;1528,625
2010;Vorderhornbach <70834>;254,75
2010;Wängle <70835>;860
2010;Weißenbach am Lech <70836>;1295,375
2010;Zöblen <70837>;248,375
2010;Achenkirch <70901>;2129,375
2010;Aschau im Zillertal <70902>;1605,75
2010;Brandberg <70903>;352,375
2010;Bruck am Ziller <70904>;985,625
2010;Buch in Tirol <70905>;2572,375
2010;Eben am Achensee <70907>;2776
2010;Finkenberg <70908>;1512,625
2010;Fügen <70909>;3783,5
2010;Fügenberg <70910>;1324,875
2010;Gallzein <70911>;566
2010;Gerlos <70912>;775
2010;Gerlosberg <70913>;457,625
2010;Hainzenberg <70914>;677,25
2010;Hart im Zillertal <70915>;1448,125
2010;Hippach <70916>;1368
2010;Jenbach <70917>;6852,875
2010;Kaltenbach <70918>;1210,125
2010;Mayrhofen <70920>;3845,75
2010;Pill <70921>;1064,375
2010;Ramsau im Zillertal <70922>;1583
2010;Ried im Zillertal <70923>;1230,25
2010;Rohrberg <70924>;527,875
2010;Schlitters <70925>;1377,875
2010;Schwaz <70926>;12947,25
2010;Schwendau <70927>;1562,75
2010;Stans <70928>;1921,375
2010;Steinberg am Rofan <70929>;293,25
2010;Strass im Zillertal <70930>;843,375
2010;Stumm <70931>;1810
2010;Stummerberg <70932>;816,625
2010;Terfens <70933>;2046,875
2010;Tux <70934>;1882,875
2010;Uderns <70935>;1630,75
2010;Vomp <70936>;4617,375
2010;Weer <70937>;1521,5
2010;Weerberg <70938>;2313,875
2010;Wiesing <70939>;2002,625
2010;Zell am Ziller <70940>;1739,625
2010;Zellberg <70941>;642,125
2011;Innsbruck <70101>;119069,625
2011;Arzl im Pitztal <70201>;2975,125
2011;Haiming <70202>;4393,625
2011;Imst <70203>;9515,75
2011;Imsterberg <70204>;743,25
2011;Jerzens <70205>;1001,375
2011;Karres <70206>;608,125
2011;Karrösten <70207>;687,375
2011;Längenfeld <70208>;4326,5
2011;Mieming <70209>;3444,625
2011;Mils bei Imst <70210>;546,375
2011;Mötz <70211>;1233,375
2011;Nassereith <70212>;2069,125
2011;Obsteig <70213>;1174,75
2011;Oetz <70214>;2293,25
2011;Rietz <70215>;2096,75
2011;Roppen <70216>;1643,5
2011;St. Leonhard im Pitztal <70217>;1467,5
2011;Sautens <70218>;1419,375
2011;Silz <70219>;2527,875
2011;Sölden <70220>;3763,5
2011;Stams <70221>;1329,875
2011;Tarrenz <70222>;2628,75
2011;Umhausen <70223>;3078,5
2011;Wenns <70224>;1955,625
2011;Absam <70301>;6714,875
2011;Aldrans <70302>;2196,625
2011;Ampass <70303>;1652,625
2011;Axams <70304>;5551,25
2011;Baumkirchen <70305>;1147,875
2011;Birgitz <70306>;1307,5
2011;Ellbögen <70307>;1071,125
2011;Flaurling <70308>;1215
2011;Fritzens <70309>;2052,5
2011;Fulpmes <70310>;4172,375
2011;Gnadenwald <70311>;715,75
2011;Götzens <70312>;3894,75
2011;Gries am Brenner <70313>;1270,25
2011;Gries im Sellrain <70314>;576,5
2011;Grinzens <70315>;1309,625
2011;Gschnitz <70317>;423,5
2011;Hatting <70318>;1230,125
2011;Inzing <70319>;3518,5
2011;Kematen in Tirol <70320>;2555,125
2011;Kolsass <70322>;1522
2011;Kolsassberg <70323>;743,875
2011;Kreith ^<70324>;-
2011;Lans <70325>;919,625
2011;Leutasch <70326>;2210,375
2011;Matrei am Brenner <70370>;-
2011;Matrei am Brenner ^<70327>;896,75
2011;Mieders <70328>;1745,625
2011;Mils <70329>;4136,375
2011;Mühlbachl ^<70330>;1339
2011;Mutters <70331>;1992,125
2011;Natters <70332>;1872,125
2011;Navis <70333>;1968,75
2011;Neustift im Stubaital <70334>;4523,625
2011;Oberhofen im Inntal <70335>;1679,375
2011;Obernberg am Brenner <70336>;362,375
2011;Oberperfuss <70337>;2834,75
2011;Patsch <70338>;1012
2011;Pettnau <70339>;896,625
2011;Pfaffenhofen <70340>;1066,5
2011;Pfons ^<70341>;1236,25
2011;Polling in Tirol <70342>;955,25
2011;Ranggen <70343>;973,375
2011;Reith bei Seefeld <70344>;1154,75
2011;Rinn <70345>;1651,625
2011;Rum <70346>;8835
2011;St. Sigmund im Sellrain <70347>;170,125
2011;Scharnitz <70348>;1302,25
2011;Schmirn <70349>;884,125
2011;Schönberg im Stubaital <70350>;1005,75
2011;Seefeld in Tirol <70351>;3176,75
2011;Sellrain <70352>;1341,125
2011;Sistrans <70353>;2074,625
2011;Hall in Tirol <70354>;12728
2011;Steinach am Brenner <70355>;3353,75
2011;Telfes im Stubai <70356>;1463
2011;Telfs <70357>;14656,375
2011;Thaur <70358>;3772
2011;Trins <70359>;1269,875
2011;Tulfes <70360>;1401,875
2011;Unterperfuss <70361>;196,5
2011;Vals <70362>;553,125
2011;Vögelsberg ^<70363>;-
2011;Völs <70364>;6519,625
2011;Volders <70365>;4328,625
2011;Wattenberg <70366>;710,75
2011;Wattens <70367>;7653,625
2011;Wildermieming <70368>;869,375
2011;Zirl <70369>;7689,25
2011;Aurach bei Kitzbühel <70401>;1152,75
2011;Brixen im Thale <70402>;2659,875
2011;Fieberbrunn <70403>;4342
2011;Going am Wilden Kaiser <70404>;1862,875
2011;Hochfilzen <70405>;1128,5
2011;Hopfgarten im Brixental <70406>;5546,875
2011;Itter <70407>;1168,75
2011;Jochberg <70408>;1566,75
2011;Kirchberg in Tirol <70409>;5122,625
2011;Kirchdorf in Tirol <70410>;3805,25
2011;Kitzbühel <70411>;8116,375
2011;Kössen <70412>;4181,875
2011;Oberndorf in Tirol <70413>;2021
2011;Reith bei Kitzbühel <70414>;1645,375
2011;St. Jakob in Haus <70415>;741
2011;St. Johann in Tirol <70416>;8727,25
2011;St. Ulrich am Pillersee <70417>;1594,75
2011;Schwendt <70418>;792,125
2011;Waidring <70419>;1926
2011;Westendorf <70420>;3584,75
2011;Alpbach <70501>;2593,625
2011;Angath <70502>;921
2011;Bad Häring <70503>;2552,5
2011;Brandenberg <70504>;1552,75
2011;Breitenbach am Inn <70505>;3296,375
2011;Brixlegg <70506>;2799,125
2011;Buchberg am Kaiser ^<70507>;-
2011;Ebbs <70508>;5184,375
2011;Ellmau <70509>;2641,5
2011;Erl <70510>;1453,625
2011;Kirchbichl <70511>;5303,625
2011;Kramsach <70512>;4553,25
2011;Kufstein <70513>;17422
2011;Kundl <70514>;3957
2011;Langkampfen <70515>;3694,625
2011;Mariastein <70516>;322,875
2011;Münster <70517>;3007,25
2011;Niederndorf <70518>;2619,25
2011;Niederndorferberg <70519>;659,375
2011;Radfeld <70520>;2286,25
2011;Rattenberg <70521>;406,5
2011;Reith im Alpbachtal <70522>;2656
2011;Rettenschöss <70523>;468,25
2011;Scheffau am Wilden Kaiser <70524>;1313,125
2011;Schwoich <70525>;2285,25
2011;Söll <70526>;3527,5
2011;Thiersee <70527>;2833,25
2011;Angerberg <70528>;1748,125
2011;Walchsee <70529>;1805
2011;Wildschönau <70530>;4142,125
2011;Wörgl <70531>;12709,25
2011;Faggen <70601>;365,5
2011;Fendels <70602>;261,75
2011;Fiss <70603>;961,125
2011;Fließ <70604>;2911,375
2011;Flirsch <70605>;950,375
2011;Galtür <70606>;817,75
2011;Grins <70607>;1389,375
2011;Ischgl <70608>;1571,875
2011;Kappl <70609>;2618,375
2011;Kaunerberg <70610>;389,5
2011;Kaunertal <70611>;617,875
2011;Kauns <70612>;478,375
2011;Ladis <70613>;535
2011;Landeck <70614>;7684,125
2011;Nauders <70615>;1533,75
2011;Pettneu am Arlberg <70616>;1464,125
2011;Pfunds <70617>;2538,25
2011;Pians <70618>;796
2011;Prutz <70619>;1738,375
2011;Ried im Oberinntal <70620>;1253,5
2011;St. Anton am Arlberg <70621>;2514,125
2011;Schönwies <70622>;1703,75
2011;See <70623>;1168,25
2011;Serfaus <70624>;1081,75
2011;Spiss <70625>;135,5
2011;Stanz bei Landeck <70626>;597,875
2011;Strengen <70627>;1210,125
2011;Tobadill <70628>;499,75
2011;Tösens <70629>;671,5
2011;Zams <70630>;3274,25
2011;Abfaltersbach <70701>;651,875
2011;Ainet <70702>;922,25
2011;Amlach <70703>;371,125
2011;Anras <70704>;1292,5
2011;Assling <70705>;1881,5
2011;Außervillgraten <70706>;794,375
2011;Dölsach <70707>;2272
2011;Gaimberg <70708>;843,625
2011;Hopfgarten in Defereggen <70709>;762,25
2011;Innervillgraten <70710>;976
2011;Iselsberg-Stronach <70711>;602,875
2011;Kals am Großglockner <70712>;1226,75
2011;Kartitsch <70713>;836,375
2011;Lavant <70714>;290,25
2011;Leisach <70715>;819
2011;Lienz <70716>;11831,75
2011;Matrei in Osttirol <70717>;4740,875
2011;Nikolsdorf <70718>;897,25
2011;Nußdorf-Debant <70719>;3259,875
2011;Oberlienz <70720>;1394,375
2011;Obertilliach <70721>;708,875
2011;Prägraten am Großvenediger <70723>;1228,625
2011;St. Jakob in Defereggen <70724>;925
2011;St. Johann im Walde <70725>;291,625
2011;St. Veit in Defereggen <70726>;735,5
2011;Schlaiten <70727>;469,625
2011;Sillian <70728>;2061,875
2011;Strassen <70729>;834,5
2011;Tessenberg ^<70730>;-
2011;Thurn <70731>;634,375
2011;Tristach <70732>;1405
2011;Untertilliach <70733>;249,125
2011;Virgen <70734>;2201,125
2011;Heinfels <70735>;1009,375
2011;Bach <70801>;679,25
2011;Berwang <70802>;584,125
2011;Biberwier <70803>;633
2011;Bichlbach <70804>;793,125
2011;Breitenwang <70805>;1526,25
2011;Ehenbichl <70806>;820,75
2011;Ehrwald <70807>;2580,75
2011;Elbigenalp <70808>;849
2011;Elmen <70809>;376,875
2011;Forchach <70810>;281,875
2011;Grän <70811>;575,375
2011;Gramais <70812>;53,375
2011;Häselgehr <70813>;682,625
2011;Heiterwang <70814>;515
2011;Hinterhornbach <70815>;97,125
2011;Höfen <70816>;1277,625
2011;Holzgau <70817>;431,25
2011;Jungholz <70818>;301,125
2011;Kaisers <70819>;73,75
2011;Lechaschau <70820>;2008,75
2011;Lermoos <70821>;1108,375
2011;Musau <70822>;399,5
2011;Namlos <70823>;91,375
2011;Nesselwängle <70824>;418,625
2011;Pfafflar <70825>;119,875
2011;Pflach <70826>;1252,625
2011;Pinswang <70827>;413,375
2011;Reutte <70828>;5949,5
2011;Schattwald <70829>;423,5
2011;Stanzach <70830>;419,125
2011;Steeg <70831>;699,375
2011;Tannheim <70832>;1039,75
2011;Vils <70833>;1497,75
2011;Vorderhornbach <70834>;259,875
2011;Wängle <70835>;849,875
2011;Weißenbach am Lech <70836>;1293,875
2011;Zöblen <70837>;235
2011;Achenkirch <70901>;2150,25
2011;Aschau im Zillertal <70902>;1661,125
2011;Brandberg <70903>;349,625
2011;Bruck am Ziller <70904>;991,75
2011;Buch in Tirol <70905>;2558,25
2011;Eben am Achensee <70907>;2799,75
2011;Finkenberg <70908>;1504,375
2011;Fügen <70909>;3797
2011;Fügenberg <70910>;1333,875
2011;Gallzein <70911>;585,125
2011;Gerlos <70912>;775,875
2011;Gerlosberg <70913>;475,625
2011;Hainzenberg <70914>;685,25
2011;Hart im Zillertal <70915>;1483,875
2011;Hippach <70916>;1374,875
2011;Jenbach <70917>;6850,375
2011;Kaltenbach <70918>;1212,375
2011;Mayrhofen <70920>;3792,75
2011;Pill <70921>;1081,25
2011;Ramsau im Zillertal <70922>;1580
2011;Ried im Zillertal <70923>;1226,875
2011;Rohrberg <70924>;537,125
2011;Schlitters <70925>;1386,75
2011;Schwaz <70926>;13004,75
2011;Schwendau <70927>;1598,5
2011;Stans <70928>;1927,125
2011;Steinberg am Rofan <70929>;297,75
2011;Strass im Zillertal <70930>;844,125
2011;Stumm <70931>;1809
2011;Stummerberg <70932>;837,625
2011;Terfens <70933>;2068,375
2011;Tux <70934>;1910,25
2011;Uderns <70935>;1655,5
2011;Vomp <70936>;4640,375
2011;Weer <70937>;1544,75
2011;Weerberg <70938>;2325,125
2011;Wiesing <70939>;2030,125
2011;Zell am Ziller <70940>;1729,5
2011;Zellberg <70941>;630,875
2012;Innsbruck <70101>;120752
2012;Arzl im Pitztal <70201>;2991,25
2012;Haiming <70202>;4453,625
2012;Imst <70203>;9511,25
2012;Imsterberg <70204>;753,25
2012;Jerzens <70205>;1009,75
2012;Karres <70206>;607,125
2012;Karrösten <70207>;680
2012;Längenfeld <70208>;4321,875
2012;Mieming <70209>;3463,5
2012;Mils bei Imst <70210>;542,875
2012;Mötz <70211>;1251,25
2012;Nassereith <70212>;2070,375
2012;Obsteig <70213>;1186,75
2012;Oetz <70214>;2328,125
2012;Rietz <70215>;2133
2012;Roppen <70216>;1675,625
2012;St. Leonhard im Pitztal <70217>;1453
2012;Sautens <70218>;1423,875
2012;Silz <70219>;2531,25
2012;Sölden <70220>;3729,5
2012;Stams <70221>;1333,25
2012;Tarrenz <70222>;2670,125
2012;Umhausen <70223>;3113,875
2012;Wenns <70224>;1955,5
2012;Absam <70301>;6729,125
2012;Aldrans <70302>;2251,875
2012;Ampass <70303>;1668,625
2012;Axams <70304>;5586,875
2012;Baumkirchen <70305>;1163,375
2012;Birgitz <70306>;1301,875
2012;Ellbögen <70307>;1069,25
2012;Flaurling <70308>;1211
2012;Fritzens <70309>;2036,375
2012;Fulpmes <70310>;4217,875
2012;Gnadenwald <70311>;736,125
2012;Götzens <70312>;3937,625
2012;Gries am Brenner <70313>;1273,625
2012;Gries im Sellrain <70314>;586,625
2012;Grinzens <70315>;1340,625
2012;Gschnitz <70317>;433
2012;Hatting <70318>;1251,5
2012;Inzing <70319>;3554,625
2012;Kematen in Tirol <70320>;2551,5
2012;Kolsass <70322>;1566,75
2012;Kolsassberg <70323>;749
2012;Kreith ^<70324>;-
2012;Lans <70325>;936,375
2012;Leutasch <70326>;2197,375
2012;Matrei am Brenner <70370>;-
2012;Matrei am Brenner ^<70327>;884,375
2012;Mieders <70328>;1763
2012;Mils <70329>;4119,125
2012;Mühlbachl ^<70330>;1336,5
2012;Mutters <70331>;1997,75
2012;Natters <70332>;1867,625
2012;Navis <70333>;1961,875
2012;Neustift im Stubaital <70334>;4557
2012;Oberhofen im Inntal <70335>;1687,5
2012;Obernberg am Brenner <70336>;361,625
2012;Oberperfuss <70337>;2854,375
2012;Patsch <70338>;993
2012;Pettnau <70339>;903,75
2012;Pfaffenhofen <70340>;1092,5
2012;Pfons ^<70341>;1235,5
2012;Polling in Tirol <70342>;953,375
2012;Ranggen <70343>;988,875
2012;Reith bei Seefeld <70344>;1244
2012;Rinn <70345>;1669,875
2012;Rum <70346>;8809
2012;St. Sigmund im Sellrain <70347>;166,25
2012;Scharnitz <70348>;1313,25
2012;Schmirn <70349>;869,625
2012;Schönberg im Stubaital <70350>;1016
2012;Seefeld in Tirol <70351>;3241,875
2012;Sellrain <70352>;1345,125
2012;Sistrans <70353>;2123,875
2012;Hall in Tirol <70354>;12946,5
2012;Steinach am Brenner <70355>;3354,625
2012;Telfes im Stubai <70356>;1497,875
2012;Telfs <70357>;14758,625
2012;Thaur <70358>;3784,75
2012;Trins <70359>;1260,125
2012;Tulfes <70360>;1410,75
2012;Unterperfuss <70361>;193,75
2012;Vals <70362>;553,25
2012;Vögelsberg ^<70363>;-
2012;Völs <70364>;6516,5
2012;Volders <70365>;4364,625
2012;Wattenberg <70366>;721,375
2012;Wattens <70367>;7666
2012;Wildermieming <70368>;879,125
2012;Zirl <70369>;7824,125
2012;Aurach bei Kitzbühel <70401>;1123,75
2012;Brixen im Thale <70402>;2663,625
2012;Fieberbrunn <70403>;4349,25
2012;Going am Wilden Kaiser <70404>;1871,375
2012;Hochfilzen <70405>;1141,75
2012;Hopfgarten im Brixental <70406>;5565,5
2012;Itter <70407>;1174,5
2012;Jochberg <70408>;1575,125
2012;Kirchberg in Tirol <70409>;5097,75
2012;Kirchdorf in Tirol <70410>;3837
2012;Kitzbühel <70411>;8110,625
2012;Kössen <70412>;4185,25
2012;Oberndorf in Tirol <70413>;2022,875
2012;Reith bei Kitzbühel <70414>;1664
2012;St. Jakob in Haus <70415>;761,75
2012;St. Johann in Tirol <70416>;8762,25
2012;St. Ulrich am Pillersee <70417>;1615,5
2012;Schwendt <70418>;790,875
2012;Waidring <70419>;1949
2012;Westendorf <70420>;3604,875
2012;Alpbach <70501>;2577,875
2012;Angath <70502>;957
2012;Bad Häring <70503>;2554,625
2012;Brandenberg <70504>;1542,375
2012;Breitenbach am Inn <70505>;3326,375
2012;Brixlegg <70506>;2809,125
2012;Buchberg am Kaiser ^<70507>;-
2012;Ebbs <70508>;5251,875
2012;Ellmau <70509>;2656
2012;Erl <70510>;1452,75
2012;Kirchbichl <70511>;5366,25
2012;Kramsach <70512>;4610,375
2012;Kufstein <70513>;17702,75
2012;Kundl <70514>;3990,375
2012;Langkampfen <70515>;3727,75
2012;Mariastein <70516>;324,375
2012;Münster <70517>;3079,875
2012;Niederndorf <70518>;2638,25
2012;Niederndorferberg <70519>;672,875
2012;Radfeld <70520>;2286,625
2012;Rattenberg <70521>;422,875
2012;Reith im Alpbachtal <70522>;2691,5
2012;Rettenschöss <70523>;469,875
2012;Scheffau am Wilden Kaiser <70524>;1329,625
2012;Schwoich <70525>;2315,75
2012;Söll <70526>;3543,625
2012;Thiersee <70527>;2828,875
2012;Angerberg <70528>;1776,375
2012;Walchsee <70529>;1791,75
2012;Wildschönau <70530>;4148,5
2012;Wörgl <70531>;12747,5
2012;Faggen <70601>;370,25
2012;Fendels <70602>;260,75
2012;Fiss <70603>;944,5
2012;Fließ <70604>;2906,5
2012;Flirsch <70605>;933,75
2012;Galtür <70606>;804,875
2012;Grins <70607>;1385,375
2012;Ischgl <70608>;1566,625
2012;Kappl <70609>;2619,25
2012;Kaunerberg <70610>;407,875
2012;Kaunertal <70611>;623,25
2012;Kauns <70612>;477,75
2012;Ladis <70613>;541
2012;Landeck <70614>;7699,5
2012;Nauders <70615>;1542,875
2012;Pettneu am Arlberg <70616>;1444,125
2012;Pfunds <70617>;2546,5
2012;Pians <70618>;796,875
2012;Prutz <70619>;1743,75
2012;Ried im Oberinntal <70620>;1248,5
2012;St. Anton am Arlberg <70621>;2492,875
2012;Schönwies <70622>;1710,875
2012;See <70623>;1169,25
2012;Serfaus <70624>;1086,75
2012;Spiss <70625>;131,75
2012;Stanz bei Landeck <70626>;586,75
2012;Strengen <70627>;1210
2012;Tobadill <70628>;496,875
2012;Tösens <70629>;669,875
2012;Zams <70630>;3282,625
2012;Abfaltersbach <70701>;647,25
2012;Ainet <70702>;918,875
2012;Amlach <70703>;387
2012;Anras <70704>;1290,75
2012;Assling <70705>;1862,625
2012;Außervillgraten <70706>;777,125
2012;Dölsach <70707>;2265,875
2012;Gaimberg <70708>;841
2012;Hopfgarten in Defereggen <70709>;760,5
2012;Innervillgraten <70710>;967,25
2012;Iselsberg-Stronach <70711>;600,875
2012;Kals am Großglockner <70712>;1221,125
2012;Kartitsch <70713>;827,375
2012;Lavant <70714>;295,125
2012;Leisach <70715>;803,25
2012;Lienz <70716>;11757,375
2012;Matrei in Osttirol <70717>;4715,375
2012;Nikolsdorf <70718>;899
2012;Nußdorf-Debant <70719>;3285,75
2012;Oberlienz <70720>;1400,125
2012;Obertilliach <70721>;708,875
2012;Prägraten am Großvenediger <70723>;1209,875
2012;St. Jakob in Defereggen <70724>;915,75
2012;St. Johann im Walde <70725>;287,875
2012;St. Veit in Defereggen <70726>;728,125
2012;Schlaiten <70727>;465,25
2012;Sillian <70728>;2046
2012;Strassen <70729>;827,125
2012;Tessenberg ^<70730>;-
2012;Thurn <70731>;628,25
2012;Tristach <70732>;1406,5
2012;Untertilliach <70733>;251,125
2012;Virgen <70734>;2194,125
2012;Heinfels <70735>;1000,75
2012;Bach <70801>;678,875
2012;Berwang <70802>;576,875
2012;Biberwier <70803>;633,25
2012;Bichlbach <70804>;776,25
2012;Breitenwang <70805>;1529,25
2012;Ehenbichl <70806>;828,75
2012;Ehrwald <70807>;2574,25
2012;Elbigenalp <70808>;850,25
2012;Elmen <70809>;373,5
2012;Forchach <70810>;272,875
2012;Grän <70811>;585,5
2012;Gramais <70812>;53,375
2012;Häselgehr <70813>;668,375
2012;Heiterwang <70814>;508
2012;Hinterhornbach <70815>;95,25
2012;Höfen <70816>;1254,875
2012;Holzgau <70817>;429,75
2012;Jungholz <70818>;291,75
2012;Kaisers <70819>;72,125
2012;Lechaschau <70820>;2051
2012;Lermoos <70821>;1105,125
2012;Musau <70822>;398,125
2012;Namlos <70823>;88,375
2012;Nesselwängle <70824>;424,5
2012;Pfafflar <70825>;121,25
2012;Pflach <70826>;1256,125
2012;Pinswang <70827>;417,25
2012;Reutte <70828>;6056,25
2012;Schattwald <70829>;421,125
2012;Stanzach <70830>;418,75
2012;Steeg <70831>;686
2012;Tannheim <70832>;1049,875
2012;Vils <70833>;1483,875
2012;Vorderhornbach <70834>;257,5
2012;Wängle <70835>;848,25
2012;Weißenbach am Lech <70836>;1266,25
2012;Zöblen <70837>;226,625
2012;Achenkirch <70901>;2143,125
2012;Aschau im Zillertal <70902>;1731,75
2012;Brandberg <70903>;350,5
2012;Bruck am Ziller <70904>;1004,875
2012;Buch in Tirol <70905>;2520,25
2012;Eben am Achensee <70907>;2857,75
2012;Finkenberg <70908>;1475,625
2012;Fügen <70909>;3873,625
2012;Fügenberg <70910>;1338,25
2012;Gallzein <70911>;610,875
2012;Gerlos <70912>;768,25
2012;Gerlosberg <70913>;477,625
2012;Hainzenberg <70914>;688,375
2012;Hart im Zillertal <70915>;1516,75
2012;Hippach <70916>;1388,75
2012;Jenbach <70917>;6831,75
2012;Kaltenbach <70918>;1237,625
2012;Mayrhofen <70920>;3781,125
2012;Pill <70921>;1127,5
2012;Ramsau im Zillertal <70922>;1567,5
2012;Ried im Zillertal <70923>;1218,25
2012;Rohrberg <70924>;532,375
2012;Schlitters <70925>;1413,625
2012;Schwaz <70926>;13031,75
2012;Schwendau <70927>;1594,625
2012;Stans <70928>;1928,625
2012;Steinberg am Rofan <70929>;298,5
2012;Strass im Zillertal <70930>;828,75
2012;Stumm <70931>;1806,125
2012;Stummerberg <70932>;837,75
2012;Terfens <70933>;2095
2012;Tux <70934>;1916,375
2012;Uderns <70935>;1669,5
2012;Vomp <70936>;4674,375
2012;Weer <70937>;1538,375
2012;Weerberg <70938>;2352,625
2012;Wiesing <70939>;2056,75
2012;Zell am Ziller <70940>;1758,5
2012;Zellberg <70941>;629
2013;Innsbruck <70101>;123356,625
2013;Arzl im Pitztal <70201>;2995,625
2013;Haiming <70202>;4463
2013;Imst <70203>;9590,875
2013;Imsterberg <70204>;757,25
2013;Jerzens <70205>;1013,625
2013;Karres <70206>;607,625
2013;Karrösten <70207>;686,75
2013;Längenfeld <70208>;4373,25
2013;Mieming <70209>;3479,375
2013;Mils bei Imst <70210>;536
2013;Mötz <70211>;1252,75
2013;Nassereith <70212>;2069,75
2013;Obsteig <70213>;1227,625
2013;Oetz <70214>;2335,25
2013;Rietz <70215>;2165,625
2013;Roppen <70216>;1691,375
2013;St. Leonhard im Pitztal <70217>;1433,75
2013;Sautens <70218>;1446,75
2013;Silz <70219>;2560,5
2013;Sölden <70220>;3315,5
2013;Stams <70221>;1336,625
2013;Tarrenz <70222>;2687,875
2013;Umhausen <70223>;3124,5
2013;Wenns <70224>;1942,875
2013;Absam <70301>;6763,25
2013;Aldrans <70302>;2366,75
2013;Ampass <70303>;1723,25
2013;Axams <70304>;5616,875
2013;Baumkirchen <70305>;1172,875
2013;Birgitz <70306>;1313
2013;Ellbögen <70307>;1088,125
2013;Flaurling <70308>;1226,875
2013;Fritzens <70309>;2036,25
2013;Fulpmes <70310>;4234,875
2013;Gnadenwald <70311>;750,375
2013;Götzens <70312>;3984,25
2013;Gries am Brenner <70313>;1274,25
2013;Gries im Sellrain <70314>;595,375
2013;Grinzens <70315>;1347,375
2013;Gschnitz <70317>;437,625
2013;Hatting <70318>;1304,375
2013;Inzing <70319>;3594,875
2013;Kematen in Tirol <70320>;2632,75
2013;Kolsass <70322>;1578,5
2013;Kolsassberg <70323>;760,75
2013;Kreith ^<70324>;-
2013;Lans <70325>;972
2013;Leutasch <70326>;2220,125
2013;Matrei am Brenner <70370>;-
2013;Matrei am Brenner ^<70327>;884,125
2013;Mieders <70328>;1780,125
2013;Mils <70329>;4146,625
2013;Mühlbachl ^<70330>;1326,625
2013;Mutters <70331>;2051,25
2013;Natters <70332>;1863,5
2013;Navis <70333>;1970,75
2013;Neustift im Stubaital <70334>;4580,25
2013;Oberhofen im Inntal <70335>;1692,25
2013;Obernberg am Brenner <70336>;364,5
2013;Oberperfuss <70337>;2888,5
2013;Patsch <70338>;965,25
2013;Pettnau <70339>;905,125
2013;Pfaffenhofen <70340>;1084
2013;Pfons ^<70341>;1232,875
2013;Polling in Tirol <70342>;956,5
2013;Ranggen <70343>;1005,375
2013;Reith bei Seefeld <70344>;1278
2013;Rinn <70345>;1705,875
2013;Rum <70346>;8839,75
2013;St. Sigmund im Sellrain <70347>;169,375
2013;Scharnitz <70348>;1304,375
2013;Schmirn <70349>;857,125
2013;Schönberg im Stubaital <70350>;1017,5
2013;Seefeld in Tirol <70351>;3291,625
2013;Sellrain <70352>;1344
2013;Sistrans <70353>;2150,25
2013;Hall in Tirol <70354>;13018,125
2013;Steinach am Brenner <70355>;3362
2013;Telfes im Stubai <70356>;1502
2013;Telfs <70357>;14860,875
2013;Thaur <70358>;3795,125
2013;Trins <70359>;1246,875
2013;Tulfes <70360>;1425,5
2013;Unterperfuss <70361>;210,25
2013;Vals <70362>;547,625
2013;Vögelsberg ^<70363>;-
2013;Völs <70364>;6571,125
2013;Volders <70365>;4384,125
2013;Wattenberg <70366>;721,75
2013;Wattens <70367>;7660,5
2013;Wildermieming <70368>;899,125
2013;Zirl <70369>;7853,25
2013;Aurach bei Kitzbühel <70401>;1120,625
2013;Brixen im Thale <70402>;2638,375
2013;Fieberbrunn <70403>;4340,625
2013;Going am Wilden Kaiser <70404>;1895,125
2013;Hochfilzen <70405>;1146,25
2013;Hopfgarten im Brixental <70406>;5568,625
2013;Itter <70407>;1160,75
2013;Jochberg <70408>;1545,75
2013;Kirchberg in Tirol <70409>;5092,75
2013;Kirchdorf in Tirol <70410>;3836,125
2013;Kitzbühel <70411>;8181,625
2013;Kössen <70412>;4199,625
2013;Oberndorf in Tirol <70413>;2048,25
2013;Reith bei Kitzbühel <70414>;1663,5
2013;St. Jakob in Haus <70415>;756,625
2013;St. Johann in Tirol <70416>;8824,625
2013;St. Ulrich am Pillersee <70417>;1645,625
2013;Schwendt <70418>;790,125
2013;Waidring <70419>;1983,75
2013;Westendorf <70420>;3638,125
2013;Alpbach <70501>;2570,125
2013;Angath <70502>;975,125
2013;Bad Häring <70503>;2578,125
2013;Brandenberg <70504>;1540
2013;Breitenbach am Inn <70505>;3336,25
2013;Brixlegg <70506>;2856,25
2013;Buchberg am Kaiser ^<70507>;-
2013;Ebbs <70508>;5310,375
2013;Ellmau <70509>;2688,125
2013;Erl <70510>;1458,25
2013;Kirchbichl <70511>;5431,375
2013;Kramsach <70512>;4658
2013;Kufstein <70513>;17994,5
2013;Kundl <70514>;4063,625
2013;Langkampfen <70515>;3804
2013;Mariastein <70516>;335,25
2013;Münster <70517>;3145,75
2013;Niederndorf <70518>;2664,125
2013;Niederndorferberg <70519>;679,125
2013;Radfeld <70520>;2278,375
2013;Rattenberg <70521>;405,375
2013;Reith im Alpbachtal <70522>;2709,25
2013;Rettenschöss <70523>;469,625
2013;Scheffau am Wilden Kaiser <70524>;1352,375
2013;Schwoich <70525>;2325,625
2013;Söll <70526>;3525,375
2013;Thiersee <70527>;2824,125
2013;Angerberg <70528>;1800,75
2013;Walchsee <70529>;1805,625
2013;Wildschönau <70530>;4183,625
2013;Wörgl <70531>;12902,75
2013;Faggen <70601>;369,25
2013;Fendels <70602>;248,625
2013;Fiss <70603>;968,75
2013;Fließ <70604>;2917,5
2013;Flirsch <70605>;928,5
2013;Galtür <70606>;799,375
2013;Grins <70607>;1395,625
2013;Ischgl <70608>;1550,125
2013;Kappl <70609>;2612,125
2013;Kaunerberg <70610>;416
2013;Kaunertal <70611>;603,875
2013;Kauns <70612>;487,125
2013;Ladis <70613>;542
2013;Landeck <70614>;7806
2013;Nauders <70615>;1552,625
2013;Pettneu am Arlberg <70616>;1446,75
2013;Pfunds <70617>;2544,75
2013;Pians <70618>;796,625
2013;Prutz <70619>;1756,25
2013;Ried im Oberinntal <70620>;1237,5
2013;St. Anton am Arlberg <70621>;2456,25
2013;Schönwies <70622>;1715,625
2013;See <70623>;1169,5
2013;Serfaus <70624>;1091,75
2013;Spiss <70625>;127,375
2013;Stanz bei Landeck <70626>;575,25
2013;Strengen <70627>;1209,375
2013;Tobadill <70628>;502,75
2013;Tösens <70629>;670,875
2013;Zams <70630>;3310,375
2013;Abfaltersbach <70701>;640,25
2013;Ainet <70702>;913,75
2013;Amlach <70703>;398,875
2013;Anras <70704>;1281,875
2013;Assling <70705>;1836,875
2013;Außervillgraten <70706>;765,5
2013;Dölsach <70707>;2263
2013;Gaimberg <70708>;854,5
2013;Hopfgarten in Defereggen <70709>;739,25
2013;Innervillgraten <70710>;962,875
2013;Iselsberg-Stronach <70711>;598,25
2013;Kals am Großglockner <70712>;1214,75
2013;Kartitsch <70713>;825,875
2013;Lavant <70714>;290,75
2013;Leisach <70715>;782,5
2013;Lienz <70716>;11849,25
2013;Matrei in Osttirol <70717>;4692,125
2013;Nikolsdorf <70718>;884,75
2013;Nußdorf-Debant <70719>;3267,25
2013;Oberlienz <70720>;1412,125
2013;Obertilliach <70721>;702,125
2013;Prägraten am Großvenediger <70723>;1191,375
2013;St. Jakob in Defereggen <70724>;902,875
2013;St. Johann im Walde <70725>;272,5
2013;St. Veit in Defereggen <70726>;723,125
2013;Schlaiten <70727>;470,375
2013;Sillian <70728>;2038,875
2013;Strassen <70729>;816,5
2013;Tessenberg ^<70730>;-
2013;Thurn <70731>;610,25
2013;Tristach <70732>;1407,125
2013;Untertilliach <70733>;245,25
2013;Virgen <70734>;2185
2013;Heinfels <70735>;1010,625
2013;Bach <70801>;667,375
2013;Berwang <70802>;564
2013;Biberwier <70803>;634,875
2013;Bichlbach <70804>;756,125
2013;Breitenwang <70805>;1534,125
2013;Ehenbichl <70806>;843,875
2013;Ehrwald <70807>;2582,875
2013;Elbigenalp <70808>;844,25
2013;Elmen <70809>;373,5
2013;Forchach <70810>;267,5
2013;Grän <70811>;607,5
2013;Gramais <70812>;52,125
2013;Häselgehr <70813>;670,75
2013;Heiterwang <70814>;507,75
2013;Hinterhornbach <70815>;91
2013;Höfen <70816>;1240,25
2013;Holzgau <70817>;416,875
2013;Jungholz <70818>;283,5
2013;Kaisers <70819>;75
2013;Lechaschau <70820>;2048,625
2013;Lermoos <70821>;1089,875
2013;Musau <70822>;400,75
2013;Namlos <70823>;85,875
2013;Nesselwängle <70824>;429,125
2013;Pfafflar <70825>;117,75
2013;Pflach <70826>;1299,625
2013;Pinswang <70827>;408,875
2013;Reutte <70828>;6151,25
2013;Schattwald <70829>;423,25
2013;Stanzach <70830>;428,5
2013;Steeg <70831>;677,5
2013;Tannheim <70832>;1049,125
2013;Vils <70833>;1485,625
2013;Vorderhornbach <70834>;249
2013;Wängle <70835>;853,125
2013;Weißenbach am Lech <70836>;1263,875
2013;Zöblen <70837>;217,875
2013;Achenkirch <70901>;2135
2013;Aschau im Zillertal <70902>;1724,625
2013;Brandberg <70903>;352,375
2013;Bruck am Ziller <70904>;1028,375
2013;Buch in Tirol <70905>;2501,875
2013;Eben am Achensee <70907>;2938,625
2013;Finkenberg <70908>;1458,25
2013;Fügen <70909>;3949,375
2013;Fügenberg <70910>;1346,5
2013;Gallzein <70911>;623,125
2013;Gerlos <70912>;760,75
2013;Gerlosberg <70913>;470,25
2013;Hainzenberg <70914>;691,375
2013;Hart im Zillertal <70915>;1544,375
2013;Hippach <70916>;1405,125
2013;Jenbach <70917>;6888,75
2013;Kaltenbach <70918>;1242,875
2013;Mayrhofen <70920>;3799,625
2013;Pill <70921>;1131,25
2013;Ramsau im Zillertal <70922>;1580,25
2013;Ried im Zillertal <70923>;1202,5
2013;Rohrberg <70924>;551,25
2013;Schlitters <70925>;1433,125
2013;Schwaz <70926>;13115,625
2013;Schwendau <70927>;1611,25
2013;Stans <70928>;1914,625
2013;Steinberg am Rofan <70929>;293,875
2013;Strass im Zillertal <70930>;819,375
2013;Stumm <70931>;1830
2013;Stummerberg <70932>;838,125
2013;Terfens <70933>;2099,125
2013;Tux <70934>;1917,625
2013;Uderns <70935>;1663,375
2013;Vomp <70936>;4722,125
2013;Weer <70937>;1500,375
2013;Weerberg <70938>;2377
2013;Wiesing <70939>;2055,75
2013;Zell am Ziller <70940>;1756
2013;Zellberg <70941>;652,25
2014;Innsbruck <70101>;125492,5
2014;Arzl im Pitztal <70201>;3045,125
2014;Haiming <70202>;4494,75
2014;Imst <70203>;9742,5
2014;Imsterberg <70204>;765,875
2014;Jerzens <70205>;1002,375
2014;Karres <70206>;604,875
2014;Karrösten <70207>;694,125
2014;Längenfeld <70208>;4416,75
2014;Mieming <70209>;3493,25
2014;Mils bei Imst <70210>;541,75
2014;Mötz <70211>;1265,5
2014;Nassereith <70212>;2042,625
2014;Obsteig <70213>;1263,25
2014;Oetz <70214>;2330
2014;Rietz <70215>;2156
2014;Roppen <70216>;1701
2014;St. Leonhard im Pitztal <70217>;1407,125
2014;Sautens <70218>;1505,875
2014;Silz <70219>;2560,25
2014;Sölden <70220>;3207,125
2014;Stams <70221>;1358
2014;Tarrenz <70222>;2698,125
2014;Umhausen <70223>;3107,125
2014;Wenns <70224>;1944,5
2014;Absam <70301>;6776
2014;Aldrans <70302>;2454,125
2014;Ampass <70303>;1774,875
2014;Axams <70304>;5701,75
2014;Baumkirchen <70305>;1206,75
2014;Birgitz <70306>;1334,75
2014;Ellbögen <70307>;1092,75
2014;Flaurling <70308>;1259,75
2014;Fritzens <70309>;2076,875
2014;Fulpmes <70310>;4247,5
2014;Gnadenwald <70311>;761,375
2014;Götzens <70312>;3990,75
2014;Gries am Brenner <70313>;1308,5
2014;Gries im Sellrain <70314>;587,25
2014;Grinzens <70315>;1398,375
2014;Gschnitz <70317>;425,75
2014;Hatting <70318>;1334,5
2014;Inzing <70319>;3649,375
2014;Kematen in Tirol <70320>;2742,875
2014;Kolsass <70322>;1583,5
2014;Kolsassberg <70323>;779,875
2014;Kreith ^<70324>;-
2014;Lans <70325>;1006
2014;Leutasch <70326>;2253
2014;Matrei am Brenner <70370>;-
2014;Matrei am Brenner ^<70327>;890,125
2014;Mieders <70328>;1825,125
2014;Mils <70329>;4138,75
2014;Mühlbachl ^<70330>;1353,125
2014;Mutters <70331>;2079,75
2014;Natters <70332>;1882,125
2014;Navis <70333>;1971,625
2014;Neustift im Stubaital <70334>;4645,5
2014;Oberhofen im Inntal <70335>;1708,75
2014;Obernberg am Brenner <70336>;360,875
2014;Oberperfuss <70337>;2931,875
2014;Patsch <70338>;971,5
2014;Pettnau <70339>;940,75
2014;Pfaffenhofen <70340>;1057,75
2014;Pfons ^<70341>;1224
2014;Polling in Tirol <70342>;1002
2014;Ranggen <70343>;1037,625
2014;Reith bei Seefeld <70344>;1299,125
2014;Rinn <70345>;1739,375
2014;Rum <70346>;8974,625
2014;St. Sigmund im Sellrain <70347>;173,875
2014;Scharnitz <70348>;1308,375
2014;Schmirn <70349>;860,625
2014;Schönberg im Stubaital <70350>;1011,375
2014;Seefeld in Tirol <70351>;3327,75
2014;Sellrain <70352>;1338,125
2014;Sistrans <70353>;2172,375
2014;Hall in Tirol <70354>;13301
2014;Steinach am Brenner <70355>;3399
2014;Telfes im Stubai <70356>;1515,125
2014;Telfs <70357>;15133,625
2014;Thaur <70358>;3832,75
2014;Trins <70359>;1244,625
2014;Tulfes <70360>;1470,75
2014;Unterperfuss <70361>;214,625
2014;Vals <70362>;541,75
2014;Vögelsberg ^<70363>;-
2014;Völs <70364>;6620
2014;Volders <70365>;4371,75
2014;Wattenberg <70366>;724,5
2014;Wattens <70367>;7698,375
2014;Wildermieming <70368>;908
2014;Zirl <70369>;7914,875
2014;Aurach bei Kitzbühel <70401>;1098,25
2014;Brixen im Thale <70402>;2631,25
2014;Fieberbrunn <70403>;4338,25
2014;Going am Wilden Kaiser <70404>;1901,5
2014;Hochfilzen <70405>;1147,375
2014;Hopfgarten im Brixental <70406>;5590,25
2014;Itter <70407>;1158,5
2014;Jochberg <70408>;1546,625
2014;Kirchberg in Tirol <70409>;5141,125
2014;Kirchdorf in Tirol <70410>;3881,375
2014;Kitzbühel <70411>;8212
2014;Kössen <70412>;4199
2014;Oberndorf in Tirol <70413>;2070,75
2014;Reith bei Kitzbühel <70414>;1674,75
2014;St. Jakob in Haus <70415>;761,625
2014;St. Johann in Tirol <70416>;8968,125
2014;St. Ulrich am Pillersee <70417>;1713,25
2014;Schwendt <70418>;798,75
2014;Waidring <70419>;1962
2014;Westendorf <70420>;3650,75
2014;Alpbach <70501>;2577
2014;Angath <70502>;992,75
2014;Bad Häring <70503>;2591,125
2014;Brandenberg <70504>;1526,5
2014;Breitenbach am Inn <70505>;3339,625
2014;Brixlegg <70506>;2858,5
2014;Buchberg am Kaiser ^<70507>;-
2014;Ebbs <70508>;5370,125
2014;Ellmau <70509>;2711,5
2014;Erl <70510>;1464,875
2014;Kirchbichl <70511>;5519,125
2014;Kramsach <70512>;4694,375
2014;Kufstein <70513>;18303,125
2014;Kundl <70514>;4132,5
2014;Langkampfen <70515>;3846,625
2014;Mariastein <70516>;349,5
2014;Münster <70517>;3195,125
2014;Niederndorf <70518>;2659
2014;Niederndorferberg <70519>;683,875
2014;Radfeld <70520>;2369,625
2014;Rattenberg <70521>;399,125
2014;Reith im Alpbachtal <70522>;2711,875
2014;Rettenschöss <70523>;470,25
2014;Scheffau am Wilden Kaiser <70524>;1352,625
2014;Schwoich <70525>;2333,5
2014;Söll <70526>;3546,875
2014;Thiersee <70527>;2849
2014;Angerberg <70528>;1842,625
2014;Walchsee <70529>;1830,5
2014;Wildschönau <70530>;4207,375
2014;Wörgl <70531>;12997,375
2014;Faggen <70601>;368
2014;Fendels <70602>;252,125
2014;Fiss <70603>;965,5
2014;Fließ <70604>;2913,5
2014;Flirsch <70605>;929,375
2014;Galtür <70606>;789,625
2014;Grins <70607>;1390,25
2014;Ischgl <70608>;1544,25
2014;Kappl <70609>;2611,625
2014;Kaunerberg <70610>;423,5
2014;Kaunertal <70611>;597,375
2014;Kauns <70612>;488,25
2014;Ladis <70613>;540,875
2014;Landeck <70614>;7810,5
2014;Nauders <70615>;1549,125
2014;Pettneu am Arlberg <70616>;1452,125
2014;Pfunds <70617>;2544,625
2014;Pians <70618>;793,625
2014;Prutz <70619>;1752,625
2014;Ried im Oberinntal <70620>;1231,625
2014;St. Anton am Arlberg <70621>;2406,5
2014;Schönwies <70622>;1709,75
2014;See <70623>;1190
2014;Serfaus <70624>;1091,875
2014;Spiss <70625>;125,25
2014;Stanz bei Landeck <70626>;575,25
2014;Strengen <70627>;1204,875
2014;Tobadill <70628>;514,75
2014;Tösens <70629>;681,25
2014;Zams <70630>;3357,875
2014;Abfaltersbach <70701>;637,875
2014;Ainet <70702>;910,25
2014;Amlach <70703>;433,625
2014;Anras <70704>;1265,125
2014;Assling <70705>;1816
2014;Außervillgraten <70706>;762,5
2014;Dölsach <70707>;2247,125
2014;Gaimberg <70708>;850,5
2014;Hopfgarten in Defereggen <70709>;728,875
2014;Innervillgraten <70710>;958,75
2014;Iselsberg-Stronach <70711>;603
2014;Kals am Großglockner <70712>;1202,375
2014;Kartitsch <70713>;816,125
2014;Lavant <70714>;294,125
2014;Leisach <70715>;777
2014;Lienz <70716>;11888,125
2014;Matrei in Osttirol <70717>;4691,375
2014;Nikolsdorf <70718>;873,875
2014;Nußdorf-Debant <70719>;3253,5
2014;Oberlienz <70720>;1416
2014;Obertilliach <70721>;691
2014;Prägraten am Großvenediger <70723>;1176,875
2014;St. Jakob in Defereggen <70724>;891,25
2014;St. Johann im Walde <70725>;277,75
2014;St. Veit in Defereggen <70726>;713,25
2014;Schlaiten <70727>;474,625
2014;Sillian <70728>;2040,375
2014;Strassen <70729>;803
2014;Tessenberg ^<70730>;-
2014;Thurn <70731>;611,375
2014;Tristach <70732>;1400,375
2014;Untertilliach <70733>;243,625
2014;Virgen <70734>;2175,75
2014;Heinfels <70735>;1022,375
2014;Bach <70801>;649,125
2014;Berwang <70802>;563,125
2014;Biberwier <70803>;616,75
2014;Bichlbach <70804>;742,625
2014;Breitenwang <70805>;1498,25
2014;Ehenbichl <70806>;829,125
2014;Ehrwald <70807>;2581,875
2014;Elbigenalp <70808>;858,625
2014;Elmen <70809>;372,5
2014;Forchach <70810>;270,75
2014;Grän <70811>;612,25
2014;Gramais <70812>;45,625
2014;Häselgehr <70813>;665,75
2014;Heiterwang <70814>;502,125
2014;Hinterhornbach <70815>;90,875
2014;Höfen <70816>;1230,375
2014;Holzgau <70817>;420,125
2014;Jungholz <70818>;279,875
2014;Kaisers <70819>;74,125
2014;Lechaschau <70820>;2027,75
2014;Lermoos <70821>;1090,625
2014;Musau <70822>;389,125
2014;Namlos <70823>;80,5
2014;Nesselwängle <70824>;428,75
2014;Pfafflar <70825>;112,125
2014;Pflach <70826>;1309
2014;Pinswang <70827>;404,375
2014;Reutte <70828>;6294
2014;Schattwald <70829>;427,25
2014;Stanzach <70830>;436,875
2014;Steeg <70831>;676,875
2014;Tannheim <70832>;1036,5
2014;Vils <70833>;1497
2014;Vorderhornbach <70834>;250,875
2014;Wängle <70835>;840,875
2014;Weißenbach am Lech <70836>;1274,5
2014;Zöblen <70837>;216
2014;Achenkirch <70901>;2114,875
2014;Aschau im Zillertal <70902>;1738,125
2014;Brandberg <70903>;356,375
2014;Bruck am Ziller <70904>;1051,25
2014;Buch in Tirol <70905>;2529,625
2014;Eben am Achensee <70907>;2997,375
2014;Finkenberg <70908>;1443,75
2014;Fügen <70909>;3973,25
2014;Fügenberg <70910>;1356,75
2014;Gallzein <70911>;639
2014;Gerlos <70912>;775
2014;Gerlosberg <70913>;468,5
2014;Hainzenberg <70914>;704,5
2014;Hart im Zillertal <70915>;1549,25
2014;Hippach <70916>;1414,625
2014;Jenbach <70917>;6950,375
2014;Kaltenbach <70918>;1251,25
2014;Mayrhofen <70920>;3842,5
2014;Pill <70921>;1146,25
2014;Ramsau im Zillertal <70922>;1589,125
2014;Ried im Zillertal <70923>;1239,875
2014;Rohrberg <70924>;554,5
2014;Schlitters <70925>;1447
2014;Schwaz <70926>;13201,625
2014;Schwendau <70927>;1636,25
2014;Stans <70928>;1925
2014;Steinberg am Rofan <70929>;288
2014;Strass im Zillertal <70930>;827
2014;Stumm <70931>;1846,5
2014;Stummerberg <70932>;843,5
2014;Terfens <70933>;2102
2014;Tux <70934>;1915
2014;Uderns <70935>;1677,625
2014;Vomp <70936>;4786
2014;Weer <70937>;1500,75
2014;Weerberg <70938>;2403,25
2014;Wiesing <70939>;2049,75
2014;Zell am Ziller <70940>;1759,125
2014;Zellberg <70941>;651
2015;Innsbruck <70101>;128310,25
2015;Arzl im Pitztal <70201>;3047,125
2015;Haiming <70202>;4522,125
2015;Imst <70203>;9953,25
2015;Imsterberg <70204>;768,875
2015;Jerzens <70205>;994,875
2015;Karres <70206>;601,875
2015;Karrösten <70207>;683,875
2015;Längenfeld <70208>;4448,375
2015;Mieming <70209>;3512,625
2015;Mils bei Imst <70210>;551,25
2015;Mötz <70211>;1267,625
2015;Nassereith <70212>;2019,375
2015;Obsteig <70213>;1264,125
2015;Oetz <70214>;2352,125
2015;Rietz <70215>;2193,375
2015;Roppen <70216>;1751,75
2015;St. Leonhard im Pitztal <70217>;1388,375
2015;Sautens <70218>;1560,75
2015;Silz <70219>;2512
2015;Sölden <70220>;3163,75
2015;Stams <70221>;1378,375
2015;Tarrenz <70222>;2712,875
2015;Umhausen <70223>;3151,75
2015;Wenns <70224>;1963,875
2015;Absam <70301>;6801
2015;Aldrans <70302>;2529,75
2015;Ampass <70303>;1806,5
2015;Axams <70304>;5806,5
2015;Baumkirchen <70305>;1232
2015;Birgitz <70306>;1359,25
2015;Ellbögen <70307>;1101,75
2015;Flaurling <70308>;1285,875
2015;Fritzens <70309>;2065,875
2015;Fulpmes <70310>;4261,25
2015;Gnadenwald <70311>;789,625
2015;Götzens <70312>;3991
2015;Gries am Brenner <70313>;1339,5
2015;Gries im Sellrain <70314>;598,25
2015;Grinzens <70315>;1408
2015;Gschnitz <70317>;423,5
2015;Hatting <70318>;1377,875
2015;Inzing <70319>;3704,625
2015;Kematen in Tirol <70320>;2799,125
2015;Kolsass <70322>;1573,375
2015;Kolsassberg <70323>;793
2015;Kreith ^<70324>;-
2015;Lans <70325>;1050,125
2015;Leutasch <70326>;2280,125
2015;Matrei am Brenner <70370>;-
2015;Matrei am Brenner ^<70327>;933,125
2015;Mieders <70328>;1832,625
2015;Mils <70329>;4233,375
2015;Mühlbachl ^<70330>;1374
2015;Mutters <70331>;2061,75
2015;Natters <70332>;1975,875
2015;Navis <70333>;1975
2015;Neustift im Stubaital <70334>;4670,125
2015;Oberhofen im Inntal <70335>;1751,375
2015;Obernberg am Brenner <70336>;353,875
2015;Oberperfuss <70337>;2985,875
2015;Patsch <70338>;971
2015;Pettnau <70339>;974,875
2015;Pfaffenhofen <70340>;1079,375
2015;Pfons ^<70341>;1205,875
2015;Polling in Tirol <70342>;1039,125
2015;Ranggen <70343>;1041,875
2015;Reith bei Seefeld <70344>;1303,25
2015;Rinn <70345>;1794,875
2015;Rum <70346>;9018,625
2015;St. Sigmund im Sellrain <70347>;168,125
2015;Scharnitz <70348>;1338,75
2015;Schmirn <70349>;864,625
2015;Schönberg im Stubaital <70350>;1012,625
2015;Seefeld in Tirol <70351>;3379,125
2015;Sellrain <70352>;1342,625
2015;Sistrans <70353>;2199,75
2015;Hall in Tirol <70354>;13617,25
2015;Steinach am Brenner <70355>;3458,375
2015;Telfes im Stubai <70356>;1523,625
2015;Telfs <70357>;15301,375
2015;Thaur <70358>;3856,75
2015;Trins <70359>;1261,125
2015;Tulfes <70360>;1495,375
2015;Unterperfuss <70361>;218,125
2015;Vals <70362>;538,75
2015;Vögelsberg ^<70363>;-
2015;Völs <70364>;6624,125
2015;Volders <70365>;4422,375
2015;Wattenberg <70366>;726,25
2015;Wattens <70367>;7801,75
2015;Wildermieming <70368>;918,125
2015;Zirl <70369>;7975,75
2015;Aurach bei Kitzbühel <70401>;1097,5
2015;Brixen im Thale <70402>;2611,25
2015;Fieberbrunn <70403>;4328,75
2015;Going am Wilden Kaiser <70404>;1881
2015;Hochfilzen <70405>;1142,5
2015;Hopfgarten im Brixental <70406>;5619,625
2015;Itter <70407>;1160,875
2015;Jochberg <70408>;1552,625
2015;Kirchberg in Tirol <70409>;5139,25
2015;Kirchdorf in Tirol <70410>;3896,5
2015;Kitzbühel <70411>;8296,875
2015;Kössen <70412>;4223,875
2015;Oberndorf in Tirol <70413>;2115,75
2015;Reith bei Kitzbühel <70414>;1678,125
2015;St. Jakob in Haus <70415>;771,75
2015;St. Johann in Tirol <70416>;9145
2015;St. Ulrich am Pillersee <70417>;1740,875
2015;Schwendt <70418>;801,5
2015;Waidring <70419>;1960,375
2015;Westendorf <70420>;3650,625
2015;Alpbach <70501>;2573,25
2015;Angath <70502>;1005,625
2015;Bad Häring <70503>;2605,25
2015;Brandenberg <70504>;1512,625
2015;Breitenbach am Inn <70505>;3368,25
2015;Brixlegg <70506>;2892,125
2015;Buchberg am Kaiser ^<70507>;-
2015;Ebbs <70508>;5425,25
2015;Ellmau <70509>;2717,25
2015;Erl <70510>;1499,625
2015;Kirchbichl <70511>;5582,625
2015;Kramsach <70512>;4734,25
2015;Kufstein <70513>;18549,625
2015;Kundl <70514>;4172,25
2015;Langkampfen <70515>;3899,125
2015;Mariastein <70516>;351,875
2015;Münster <70517>;3249,5
2015;Niederndorf <70518>;2653,5
2015;Niederndorferberg <70519>;699,875
2015;Radfeld <70520>;2385
2015;Rattenberg <70521>;406,625
2015;Reith im Alpbachtal <70522>;2711,125
2015;Rettenschöss <70523>;478,75
2015;Scheffau am Wilden Kaiser <70524>;1364,5
2015;Schwoich <70525>;2370,75
2015;Söll <70526>;3576,875
2015;Thiersee <70527>;2874,625
2015;Angerberg <70528>;1869,375
2015;Walchsee <70529>;1855,75
2015;Wildschönau <70530>;4202,5
2015;Wörgl <70531>;13176,625
2015;Faggen <70601>;371,875
2015;Fendels <70602>;249,5
2015;Fiss <70603>;951,625
2015;Fließ <70604>;2950
2015;Flirsch <70605>;943,75
2015;Galtür <70606>;775,75
2015;Grins <70607>;1393,875
2015;Ischgl <70608>;1549,75
2015;Kappl <70609>;2612,25
2015;Kaunerberg <70610>;426
2015;Kaunertal <70611>;593,125
2015;Kauns <70612>;497,25
2015;Ladis <70613>;534,375
2015;Landeck <70614>;7778,625
2015;Nauders <70615>;1559,625
2015;Pettneu am Arlberg <70616>;1449,375
2015;Pfunds <70617>;2547,875
2015;Pians <70618>;805,875
2015;Prutz <70619>;1756,5
2015;Ried im Oberinntal <70620>;1256,125
2015;St. Anton am Arlberg <70621>;2380,25
2015;Schönwies <70622>;1728,25
2015;See <70623>;1205,375
2015;Serfaus <70624>;1111,25
2015;Spiss <70625>;120
2015;Stanz bei Landeck <70626>;573,5
2015;Strengen <70627>;1199,625
2015;Tobadill <70628>;513
2015;Tösens <70629>;686,875
2015;Zams <70630>;3401,625
2015;Abfaltersbach <70701>;648,375
2015;Ainet <70702>;910,75
2015;Amlach <70703>;474,25
2015;Anras <70704>;1252,875
2015;Assling <70705>;1803,5
2015;Außervillgraten <70706>;760,625
2015;Dölsach <70707>;2267,25
2015;Gaimberg <70708>;845,625
2015;Hopfgarten in Defereggen <70709>;720,625
2015;Innervillgraten <70710>;949,25
2015;Iselsberg-Stronach <70711>;601,75
2015;Kals am Großglockner <70712>;1190
2015;Kartitsch <70713>;807,875
2015;Lavant <70714>;305
2015;Leisach <70715>;750,25
2015;Lienz <70716>;11958,5
2015;Matrei in Osttirol <70717>;4679,125
2015;Nikolsdorf <70718>;870,125
2015;Nußdorf-Debant <70719>;3242,375
2015;Oberlienz <70720>;1457,25
2015;Obertilliach <70721>;689,125
2015;Prägraten am Großvenediger <70723>;1174,5
2015;St. Jakob in Defereggen <70724>;876,875
2015;St. Johann im Walde <70725>;281,625
2015;St. Veit in Defereggen <70726>;700,375
2015;Schlaiten <70727>;474,25
2015;Sillian <70728>;2036
2015;Strassen <70729>;795,375
2015;Tessenberg ^<70730>;-
2015;Thurn <70731>;620,25
2015;Tristach <70732>;1392
2015;Untertilliach <70733>;243,125
2015;Virgen <70734>;2182,375
2015;Heinfels <70735>;1006,75
2015;Bach <70801>;632,625
2015;Berwang <70802>;563,75
2015;Biberwier <70803>;628,875
2015;Bichlbach <70804>;736,75
2015;Breitenwang <70805>;1474,375
2015;Ehenbichl <70806>;825,625
2015;Ehrwald <70807>;2559,375
2015;Elbigenalp <70808>;878,25
2015;Elmen <70809>;375,875
2015;Forchach <70810>;266,125
2015;Grän <70811>;597,5
2015;Gramais <70812>;47,375
2015;Häselgehr <70813>;661,25
2015;Heiterwang <70814>;495
2015;Hinterhornbach <70815>;92,75
2015;Höfen <70816>;1209,625
2015;Holzgau <70817>;418,5
2015;Jungholz <70818>;284,5
2015;Kaisers <70819>;74,875
2015;Lechaschau <70820>;1995
2015;Lermoos <70821>;1110
2015;Musau <70822>;388,125
2015;Namlos <70823>;76,875
2015;Nesselwängle <70824>;444,25
2015;Pfafflar <70825>;105,75
2015;Pflach <70826>;1341
2015;Pinswang <70827>;413,25
2015;Reutte <70828>;6443,25
2015;Schattwald <70829>;426,375
2015;Stanzach <70830>;442,5
2015;Steeg <70831>;677,625
2015;Tannheim <70832>;1046,25
2015;Vils <70833>;1513,625
2015;Vorderhornbach <70834>;246,875
2015;Wängle <70835>;892,75
2015;Weißenbach am Lech <70836>;1268,375
2015;Zöblen <70837>;216
2015;Achenkirch <70901>;2143
2015;Aschau im Zillertal <70902>;1777,5
2015;Brandberg <70903>;363,625
2015;Bruck am Ziller <70904>;1069
2015;Buch in Tirol <70905>;2536,375
2015;Eben am Achensee <70907>;3070,25
2015;Finkenberg <70908>;1438,5
2015;Fügen <70909>;4011,125
2015;Fügenberg <70910>;1351,5
2015;Gallzein <70911>;640,625
2015;Gerlos <70912>;794,375
2015;Gerlosberg <70913>;468,625
2015;Hainzenberg <70914>;716,75
2015;Hart im Zillertal <70915>;1561,75
2015;Hippach <70916>;1404,375
2015;Jenbach <70917>;6989
2015;Kaltenbach <70918>;1263,5
2015;Mayrhofen <70920>;3829,25
2015;Pill <70921>;1157
2015;Ramsau im Zillertal <70922>;1591,375
2015;Ried im Zillertal <70923>;1259,75
2015;Rohrberg <70924>;561,125
2015;Schlitters <70925>;1444,75
2015;Schwaz <70926>;13278,25
2015;Schwendau <70927>;1660,125
2015;Stans <70928>;1948,25
2015;Steinberg am Rofan <70929>;285,625
2015;Strass im Zillertal <70930>;828,75
2015;Stumm <70931>;1850,625
2015;Stummerberg <70932>;856,625
2015;Terfens <70933>;2142
2015;Tux <70934>;1919,625
2015;Uderns <70935>;1723,875
2015;Vomp <70936>;4912,75
2015;Weer <70937>;1519,625
2015;Weerberg <70938>;2454,625
2015;Wiesing <70939>;2055,75
2015;Zell am Ziller <70940>;1732,625
2015;Zellberg <70941>;650
2016;Innsbruck <70101>;131469,125
2016;Arzl im Pitztal <70201>;3061
2016;Haiming <70202>;4553,625
2016;Imst <70203>;10252,25
2016;Imsterberg <70204>;767,25
2016;Jerzens <70205>;990,875
2016;Karres <70206>;596
2016;Karrösten <70207>;679,875
2016;Längenfeld <70208>;4522,875
2016;Mieming <70209>;3575,25
2016;Mils bei Imst <70210>;563,5
2016;Mötz <70211>;1252,25
2016;Nassereith <70212>;2034
2016;Obsteig <70213>;1331,625
2016;Oetz <70214>;2382,375
2016;Rietz <70215>;2223,25
2016;Roppen <70216>;1776,125
2016;St. Leonhard im Pitztal <70217>;1387,25
2016;Sautens <70218>;1605,5
2016;Silz <70219>;2523,75
2016;Sölden <70220>;3098,375
2016;Stams <70221>;1435,5
2016;Tarrenz <70222>;2721,75
2016;Umhausen <70223>;3191,5
2016;Wenns <70224>;1994,375
2016;Absam <70301>;6961
2016;Aldrans <70302>;2604,75
2016;Ampass <70303>;1799,5
2016;Axams <70304>;5847,625
2016;Baumkirchen <70305>;1258,375
2016;Birgitz <70306>;1399,875
2016;Ellbögen <70307>;1103,875
2016;Flaurling <70308>;1288,375
2016;Fritzens <70309>;2091,25
2016;Fulpmes <70310>;4320,25
2016;Gnadenwald <70311>;792,875
2016;Götzens <70312>;3992,375
2016;Gries am Brenner <70313>;1332,125
2016;Gries im Sellrain <70314>;612,75
2016;Grinzens <70315>;1412,125
2016;Gschnitz <70317>;421,125
2016;Hatting <70318>;1399,5
2016;Inzing <70319>;3782
2016;Kematen in Tirol <70320>;2837,625
2016;Kolsass <70322>;1591,125
2016;Kolsassberg <70323>;803,125
2016;Kreith ^<70324>;-
2016;Lans <70325>;1080,875
2016;Leutasch <70326>;2312,25
2016;Matrei am Brenner <70370>;-
2016;Matrei am Brenner ^<70327>;944,125
2016;Mieders <70328>;1831
2016;Mils <70329>;4298,25
2016;Mühlbachl ^<70330>;1390,875
2016;Mutters <70331>;2121,625
2016;Natters <70332>;2014,625
2016;Navis <70333>;1983,875
2016;Neustift im Stubaital <70334>;4715,5
2016;Oberhofen im Inntal <70335>;1799,875
2016;Obernberg am Brenner <70336>;356,875
2016;Oberperfuss <70337>;2986,25
2016;Patsch <70338>;996,25
2016;Pettnau <70339>;991,875
2016;Pfaffenhofen <70340>;1102,125
2016;Pfons ^<70341>;1213,375
2016;Polling in Tirol <70342>;1087,875
2016;Ranggen <70343>;1070,5
2016;Reith bei Seefeld <70344>;1340,25
2016;Rinn <70345>;1844,625
2016;Rum <70346>;9066,625
2016;St. Sigmund im Sellrain <70347>;165,75
2016;Scharnitz <70348>;1388,625
2016;Schmirn <70349>;863,875
2016;Schönberg im Stubaital <70350>;1065,5
2016;Seefeld in Tirol <70351>;3423,25
2016;Sellrain <70352>;1344
2016;Sistrans <70353>;2231,625
2016;Hall in Tirol <70354>;13856,5
2016;Steinach am Brenner <70355>;3513,125
2016;Telfes im Stubai <70356>;1525,5
2016;Telfs <70357>;15477,5
2016;Thaur <70358>;3928,75
2016;Trins <70359>;1271,5
2016;Tulfes <70360>;1510,125
2016;Unterperfuss <70361>;221,5
2016;Vals <70362>;537,875
2016;Vögelsberg ^<70363>;-
2016;Völs <70364>;6708,25
2016;Volders <70365>;4434,875
2016;Wattenberg <70366>;728,75
2016;Wattens <70367>;7885,5
2016;Wildermieming <70368>;931,5
2016;Zirl <70369>;8121,375
2016;Aurach bei Kitzbühel <70401>;1109,625
2016;Brixen im Thale <70402>;2620,75
2016;Fieberbrunn <70403>;4266,125
2016;Going am Wilden Kaiser <70404>;1879,125
2016;Hochfilzen <70405>;1157
2016;Hopfgarten im Brixental <70406>;5659,375
2016;Itter <70407>;1171,25
2016;Jochberg <70408>;1550,375
2016;Kirchberg in Tirol <70409>;5172
2016;Kirchdorf in Tirol <70410>;3918
2016;Kitzbühel <70411>;8332,875
2016;Kössen <70412>;4264,625
2016;Oberndorf in Tirol <70413>;2145,875
2016;Reith bei Kitzbühel <70414>;1656,875
2016;St. Jakob in Haus <70415>;778,625
2016;St. Johann in Tirol <70416>;9351,125
2016;St. Ulrich am Pillersee <70417>;1760,875
2016;Schwendt <70418>;836
2016;Waidring <70419>;1982,375
2016;Westendorf <70420>;3645,125
2016;Alpbach <70501>;2557,75
2016;Angath <70502>;1003,25
2016;Bad Häring <70503>;2688,375
2016;Brandenberg <70504>;1505,25
2016;Breitenbach am Inn <70505>;3433,875
2016;Brixlegg <70506>;2910,125
2016;Buchberg am Kaiser ^<70507>;-
2016;Ebbs <70508>;5525,625
2016;Ellmau <70509>;2773,875
2016;Erl <70510>;1515,25
2016;Kirchbichl <70511>;5721,625
2016;Kramsach <70512>;4788,125
2016;Kufstein <70513>;18815,75
2016;Kundl <70514>;4279,125
2016;Langkampfen <70515>;3949,875
2016;Mariastein <70516>;350,375
2016;Münster <70517>;3299,75
2016;Niederndorf <70518>;2668
2016;Niederndorferberg <70519>;701,125
2016;Radfeld <70520>;2415,125
2016;Rattenberg <70521>;414
2016;Reith im Alpbachtal <70522>;2753,625
2016;Rettenschöss <70523>;489,625
2016;Scheffau am Wilden Kaiser <70524>;1389,5
2016;Schwoich <70525>;2451,75
2016;Söll <70526>;3613
2016;Thiersee <70527>;2945
2016;Angerberg <70528>;1881
2016;Walchsee <70529>;1897,875
2016;Wildschönau <70530>;4242,125
2016;Wörgl <70531>;13418,625
2016;Faggen <70601>;371,75
2016;Fendels <70602>;249,375
2016;Fiss <70603>;970,625
2016;Fließ <70604>;2998,5
2016;Flirsch <70605>;964,625
2016;Galtür <70606>;765,375
2016;Grins <70607>;1400,25
2016;Ischgl <70608>;1562,875
2016;Kappl <70609>;2632,375
2016;Kaunerberg <70610>;432,125
2016;Kaunertal <70611>;595
2016;Kauns <70612>;491,875
2016;Ladis <70613>;527,5
2016;Landeck <70614>;7763,125
2016;Nauders <70615>;1553,25
2016;Pettneu am Arlberg <70616>;1448,125
2016;Pfunds <70617>;2573
2016;Pians <70618>;822,75
2016;Prutz <70619>;1797,75
2016;Ried im Oberinntal <70620>;1267,25
2016;St. Anton am Arlberg <70621>;2341,875
2016;Schönwies <70622>;1714,625
2016;See <70623>;1227,25
2016;Serfaus <70624>;1117,75
2016;Spiss <70625>;116,625
2016;Stanz bei Landeck <70626>;575,25
2016;Strengen <70627>;1204,625
2016;Tobadill <70628>;525,875
2016;Tösens <70629>;701,875
2016;Zams <70630>;3422
2016;Abfaltersbach <70701>;644,5
2016;Ainet <70702>;909,75
2016;Amlach <70703>;477,625
2016;Anras <70704>;1237
2016;Assling <70705>;1788,875
2016;Außervillgraten <70706>;757,25
2016;Dölsach <70707>;2324,5
2016;Gaimberg <70708>;826,625
2016;Hopfgarten in Defereggen <70709>;719,125
2016;Innervillgraten <70710>;941,125
2016;Iselsberg-Stronach <70711>;592,5
2016;Kals am Großglockner <70712>;1151,875
2016;Kartitsch <70713>;810,625
2016;Lavant <70714>;307,75
2016;Leisach <70715>;749,625
2016;Lienz <70716>;12011,625
2016;Matrei in Osttirol <70717>;4676,5
2016;Nikolsdorf <70718>;880,625
2016;Nußdorf-Debant <70719>;3241,125
2016;Oberlienz <70720>;1477,125
2016;Obertilliach <70721>;686,25
2016;Prägraten am Großvenediger <70723>;1163,5
2016;St. Jakob in Defereggen <70724>;866,625
2016;St. Johann im Walde <70725>;288,25
2016;St. Veit in Defereggen <70726>;688
2016;Schlaiten <70727>;478,625
2016;Sillian <70728>;2042,5
2016;Strassen <70729>;784,75
2016;Tessenberg ^<70730>;-
2016;Thurn <70731>;616,25
2016;Tristach <70732>;1394,875
2016;Untertilliach <70733>;240,375
2016;Virgen <70734>;2192,5
2016;Heinfels <70735>;992,375
2016;Bach <70801>;630,125
2016;Berwang <70802>;550,875
2016;Biberwier <70803>;626,375
2016;Bichlbach <70804>;767,875
2016;Breitenwang <70805>;1456,375
2016;Ehenbichl <70806>;826,25
2016;Ehrwald <70807>;2595
2016;Elbigenalp <70808>;883,875
2016;Elmen <70809>;378,625
2016;Forchach <70810>;260,875
2016;Grän <70811>;609,25
2016;Gramais <70812>;50,25
2016;Häselgehr <70813>;671,75
2016;Heiterwang <70814>;513,875
2016;Hinterhornbach <70815>;91,5
2016;Höfen <70816>;1211,125
2016;Holzgau <70817>;434,25
2016;Jungholz <70818>;281
2016;Kaisers <70819>;74,125
2016;Lechaschau <70820>;1993,75
2016;Lermoos <70821>;1131
2016;Musau <70822>;388,375
2016;Namlos <70823>;73,5
2016;Nesselwängle <70824>;456
2016;Pfafflar <70825>;105,75
2016;Pflach <70826>;1411,75
2016;Pinswang <70827>;412,75
2016;Reutte <70828>;6572,25
2016;Schattwald <70829>;424
2016;Stanzach <70830>;445
2016;Steeg <70831>;671
2016;Tannheim <70832>;1056,875
2016;Vils <70833>;1517,5
2016;Vorderhornbach <70834>;244,375
2016;Wängle <70835>;923,625
2016;Weißenbach am Lech <70836>;1259,875
2016;Zöblen <70837>;220,625
2016;Achenkirch <70901>;2196,125
2016;Aschau im Zillertal <70902>;1821,125
2016;Brandberg <70903>;357,375
2016;Bruck am Ziller <70904>;1089,5
2016;Buch in Tirol <70905>;2531,125
2016;Eben am Achensee <70907>;3127,5
2016;Finkenberg <70908>;1430,125
2016;Fügen <70909>;4069,75
2016;Fügenberg <70910>;1357,125
2016;Gallzein <70911>;652,875
2016;Gerlos <70912>;789,25
2016;Gerlosberg <70913>;467
2016;Hainzenberg <70914>;731,125
2016;Hart im Zillertal <70915>;1565,75
2016;Hippach <70916>;1457,25
2016;Jenbach <70917>;7064,375
2016;Kaltenbach <70918>;1276,5
2016;Mayrhofen <70920>;3809,25
2016;Pill <70921>;1158,75
2016;Ramsau im Zillertal <70922>;1625
2016;Ried im Zillertal <70923>;1264,75
2016;Rohrberg <70924>;558,375
2016;Schlitters <70925>;1436,625
2016;Schwaz <70926>;13521,25
2016;Schwendau <70927>;1679,5
2016;Stans <70928>;1990,375
2016;Steinberg am Rofan <70929>;289,125
2016;Strass im Zillertal <70930>;841,75
2016;Stumm <70931>;1857,625
2016;Stummerberg <70932>;855,25
2016;Terfens <70933>;2172,625
2016;Tux <70934>;1949
2016;Uderns <70935>;1765,625
2016;Vomp <70936>;5042,375
2016;Weer <70937>;1529,375
2016;Weerberg <70938>;2495,125
2016;Wiesing <70939>;2076,875
2016;Zell am Ziller <70940>;1742,25
2016;Zellberg <70941>;651,25
2017;Innsbruck <70101>;132195,375
2017;Arzl im Pitztal <70201>;3120
2017;Haiming <70202>;4633,625
2017;Imst <70203>;10466,375
2017;Imsterberg <70204>;773,75
2017;Jerzens <70205>;981,125
2017;Karres <70206>;598,375
2017;Karrösten <70207>;680
2017;Längenfeld <70208>;4597,125
2017;Mieming <70209>;3644,125
2017;Mils bei Imst <70210>;561,875
2017;Mötz <70211>;1241,875
2017;Nassereith <70212>;2092,875
2017;Obsteig <70213>;1320,875
2017;Oetz <70214>;2391,125
2017;Rietz <70215>;2298,875
2017;Roppen <70216>;1778,625
2017;St. Leonhard im Pitztal <70217>;1381,125
2017;Sautens <70218>;1612,875
2017;Silz <70219>;2537,875
2017;Sölden <70220>;3056,125
2017;Stams <70221>;1461,25
2017;Tarrenz <70222>;2720
2017;Umhausen <70223>;3201
2017;Wenns <70224>;2028,125
2017;Absam <70301>;7049,5
2017;Aldrans <70302>;2669,5
2017;Ampass <70303>;1810,25
2017;Axams <70304>;5945,25
2017;Baumkirchen <70305>;1282,625
2017;Birgitz <70306>;1423,125
2017;Ellbögen <70307>;1104,5
2017;Flaurling <70308>;1279,375
2017;Fritzens <70309>;2128,75
2017;Fulpmes <70310>;4365,375
2017;Gnadenwald <70311>;817,75
2017;Götzens <70312>;4038,75
2017;Gries am Brenner <70313>;1352,625
2017;Gries im Sellrain <70314>;612,125
2017;Grinzens <70315>;1393,25
2017;Gschnitz <70317>;433,375
2017;Hatting <70318>;1419,75
2017;Inzing <70319>;3832,125
2017;Kematen in Tirol <70320>;2901,625
2017;Kolsass <70322>;1614,5
2017;Kolsassberg <70323>;815
2017;Kreith ^<70324>;-
2017;Lans <70325>;1088,375
2017;Leutasch <70326>;2354,625
2017;Matrei am Brenner <70370>;-
2017;Matrei am Brenner ^<70327>;953
2017;Mieders <70328>;1860,125
2017;Mils <70329>;4368,5
2017;Mühlbachl ^<70330>;1395,875
2017;Mutters <70331>;2180,5
2017;Natters <70332>;2019,75
2017;Navis <70333>;2008,125
2017;Neustift im Stubaital <70334>;4730,375
2017;Oberhofen im Inntal <70335>;1839,25
2017;Obernberg am Brenner <70336>;360,5
2017;Oberperfuss <70337>;3027,625
2017;Patsch <70338>;1012,875
2017;Pettnau <70339>;1019,25
2017;Pfaffenhofen <70340>;1097,375
2017;Pfons ^<70341>;1210,25
2017;Polling in Tirol <70342>;1102,75
2017;Ranggen <70343>;1084,875
2017;Reith bei Seefeld <70344>;1362,875
2017;Rinn <70345>;1864,125
2017;Rum <70346>;9135,625
2017;St. Sigmund im Sellrain <70347>;170,875
2017;Scharnitz <70348>;1390,25
2017;Schmirn <70349>;857,375
2017;Schönberg im Stubaital <70350>;1098
2017;Seefeld in Tirol <70351>;3436,125
2017;Sellrain <70352>;1340,75
2017;Sistrans <70353>;2245,125
2017;Hall in Tirol <70354>;13834,5
2017;Steinach am Brenner <70355>;3590,125
2017;Telfes im Stubai <70356>;1545,625
2017;Telfs <70357>;15671,375
2017;Thaur <70358>;3953
2017;Trins <70359>;1277,625
2017;Tulfes <70360>;1537,875
2017;Unterperfuss <70361>;223,5
2017;Vals <70362>;533,125
2017;Vögelsberg ^<70363>;-
2017;Völs <70364>;6713,75
2017;Volders <70365>;4457,875
2017;Wattenberg <70366>;738,625
2017;Wattens <70367>;7857,875
2017;Wildermieming <70368>;931,375
2017;Zirl <70369>;8143,75
2017;Aurach bei Kitzbühel <70401>;1119,625
2017;Brixen im Thale <70402>;2644
2017;Fieberbrunn <70403>;4285,75
2017;Going am Wilden Kaiser <70404>;1868,625
2017;Hochfilzen <70405>;1188,25
2017;Hopfgarten im Brixental <70406>;5670,5
2017;Itter <70407>;1159,875
2017;Jochberg <70408>;1564
2017;Kirchberg in Tirol <70409>;5201,125
2017;Kirchdorf in Tirol <70410>;3939,625
2017;Kitzbühel <70411>;8321,875
2017;Kössen <70412>;4312,5
2017;Oberndorf in Tirol <70413>;2183,5
2017;Reith bei Kitzbühel <70414>;1656,125
2017;St. Jakob in Haus <70415>;773,125
2017;St. Johann in Tirol <70416>;9434,875
2017;St. Ulrich am Pillersee <70417>;1800,875
2017;Schwendt <70418>;828,875
2017;Waidring <70419>;1990
2017;Westendorf <70420>;3657,5
2017;Alpbach <70501>;2556,375
2017;Angath <70502>;1006,75
2017;Bad Häring <70503>;2755,25
2017;Brandenberg <70504>;1513,875
2017;Breitenbach am Inn <70505>;3462,875
2017;Brixlegg <70506>;2970,75
2017;Buchberg am Kaiser ^<70507>;-
2017;Ebbs <70508>;5572,875
2017;Ellmau <70509>;2810,625
2017;Erl <70510>;1529
2017;Kirchbichl <70511>;5780
2017;Kramsach <70512>;4820,5
2017;Kufstein <70513>;19090
2017;Kundl <70514>;4386,75
2017;Langkampfen <70515>;4047,375
2017;Mariastein <70516>;362,25
2017;Münster <70517>;3318,875
2017;Niederndorf <70518>;2713,625
2017;Niederndorferberg <70519>;700,125
2017;Radfeld <70520>;2496,625
2017;Rattenberg <70521>;406,5
2017;Reith im Alpbachtal <70522>;2760,75
2017;Rettenschöss <70523>;502,125
2017;Scheffau am Wilden Kaiser <70524>;1421,75
2017;Schwoich <70525>;2512,625
2017;Söll <70526>;3628
2017;Thiersee <70527>;2983,625
2017;Angerberg <70528>;1881,875
2017;Walchsee <70529>;1887,375
2017;Wildschönau <70530>;4261,25
2017;Wörgl <70531>;13686,5
2017;Faggen <70601>;375,25
2017;Fendels <70602>;258,625
2017;Fiss <70603>;968,125
2017;Fließ <70604>;3013
2017;Flirsch <70605>;982,5
2017;Galtür <70606>;770,25
2017;Grins <70607>;1392,125
2017;Ischgl <70608>;1568,25
2017;Kappl <70609>;2617
2017;Kaunerberg <70610>;435,125
2017;Kaunertal <70611>;602
2017;Kauns <70612>;496,625
2017;Ladis <70613>;529,125
2017;Landeck <70614>;7752,875
2017;Nauders <70615>;1551,5
2017;Pettneu am Arlberg <70616>;1474,75
2017;Pfunds <70617>;2577,75
2017;Pians <70618>;807,75
2017;Prutz <70619>;1812,5
2017;Ried im Oberinntal <70620>;1268
2017;St. Anton am Arlberg <70621>;2344,625
2017;Schönwies <70622>;1700,75
2017;See <70623>;1259,375
2017;Serfaus <70624>;1117,625
2017;Spiss <70625>;115,125
2017;Stanz bei Landeck <70626>;577,25
2017;Strengen <70627>;1204,375
2017;Tobadill <70628>;517,25
2017;Tösens <70629>;726,875
2017;Zams <70630>;3413
2017;Abfaltersbach <70701>;632
2017;Ainet <70702>;930,75
2017;Amlach <70703>;476
2017;Anras <70704>;1233
2017;Assling <70705>;1775,25
2017;Außervillgraten <70706>;762,125
2017;Dölsach <70707>;2321,875
2017;Gaimberg <70708>;813,625
2017;Hopfgarten in Defereggen <70709>;711,375
2017;Innervillgraten <70710>;939,875
2017;Iselsberg-Stronach <70711>;596,25
2017;Kals am Großglockner <70712>;1137,125
2017;Kartitsch <70713>;806,125
2017;Lavant <70714>;321,875
2017;Leisach <70715>;738,625
2017;Lienz <70716>;11892,875
2017;Matrei in Osttirol <70717>;4670
2017;Nikolsdorf <70718>;906,5
2017;Nußdorf-Debant <70719>;3286,75
2017;Oberlienz <70720>;1477,625
2017;Obertilliach <70721>;675,75
2017;Prägraten am Großvenediger <70723>;1151,5
2017;St. Jakob in Defereggen <70724>;852,125
2017;St. Johann im Walde <70725>;284
2017;St. Veit in Defereggen <70726>;675,375
2017;Schlaiten <70727>;474,375
2017;Sillian <70728>;2054,125
2017;Strassen <70729>;790,5
2017;Tessenberg ^<70730>;-
2017;Thurn <70731>;612,625
2017;Tristach <70732>;1413,125
2017;Untertilliach <70733>;236,625
2017;Virgen <70734>;2186,875
2017;Heinfels <70735>;985,625
2017;Bach <70801>;619,875
2017;Berwang <70802>;552
2017;Biberwier <70803>;629,875
2017;Bichlbach <70804>;783,625
2017;Breitenwang <70805>;1422,375
2017;Ehenbichl <70806>;826,125
2017;Ehrwald <70807>;2588,75
2017;Elbigenalp <70808>;891
2017;Elmen <70809>;374,875
2017;Forchach <70810>;257,125
2017;Grän <70811>;601,625
2017;Gramais <70812>;47
2017;Häselgehr <70813>;687,125
2017;Heiterwang <70814>;525,625
2017;Hinterhornbach <70815>;92,625
2017;Höfen <70816>;1203,5
2017;Holzgau <70817>;425,375
2017;Jungholz <70818>;290,75
2017;Kaisers <70819>;75,125
2017;Lechaschau <70820>;2051
2017;Lermoos <70821>;1156,5
2017;Musau <70822>;386,25
2017;Namlos <70823>;72,25
2017;Nesselwängle <70824>;458,375
2017;Pfafflar <70825>;108,5
2017;Pflach <70826>;1399,75
2017;Pinswang <70827>;412,875
2017;Reutte <70828>;6686,5
2017;Schattwald <70829>;428,875
2017;Stanzach <70830>;448,75
2017;Steeg <70831>;673,75
2017;Tannheim <70832>;1074,25
2017;Vils <70833>;1534
2017;Vorderhornbach <70834>;243,75
2017;Wängle <70835>;939,25
2017;Weißenbach am Lech <70836>;1266,625
2017;Zöblen <70837>;223,5
2017;Achenkirch <70901>;2195,875
2017;Aschau im Zillertal <70902>;1852
2017;Brandberg <70903>;356,75
2017;Bruck am Ziller <70904>;1096
2017;Buch in Tirol <70905>;2538,875
2017;Eben am Achensee <70907>;3186,25
2017;Finkenberg <70908>;1407,625
2017;Fügen <70909>;4110,25
2017;Fügenberg <70910>;1379
2017;Gallzein <70911>;664,125
2017;Gerlos <70912>;788,25
2017;Gerlosberg <70913>;467,875
2017;Hainzenberg <70914>;730
2017;Hart im Zillertal <70915>;1586,5
2017;Hippach <70916>;1456,125
2017;Jenbach <70917>;7105,25
2017;Kaltenbach <70918>;1302,375
2017;Mayrhofen <70920>;3855,75
2017;Pill <70921>;1168,875
2017;Ramsau im Zillertal <70922>;1603,875
2017;Ried im Zillertal <70923>;1267,875
2017;Rohrberg <70924>;565,75
2017;Schlitters <70925>;1460,25
2017;Schwaz <70926>;13676
2017;Schwendau <70927>;1695
2017;Stans <70928>;2009,875
2017;Steinberg am Rofan <70929>;286,75
2017;Strass im Zillertal <70930>;838
2017;Stumm <70931>;1875,25
2017;Stummerberg <70932>;852,375
2017;Terfens <70933>;2177,375
2017;Tux <70934>;1940,875
2017;Uderns <70935>;1821,125
2017;Vomp <70936>;5090
2017;Weer <70937>;1549,5
2017;Weerberg <70938>;2498,75
2017;Wiesing <70939>;2100,75
2017;Zell am Ziller <70940>;1749,25
2017;Zellberg <70941>;652,125
2018;Innsbruck <70101>;132024,625
2018;Arzl im Pitztal <70201>;3145,125
2018;Haiming <70202>;4685
2018;Imst <70203>;10566
2018;Imsterberg <70204>;788,5
2018;Jerzens <70205>;971,375
2018;Karres <70206>;608,625
2018;Karrösten <70207>;676,375
2018;Längenfeld <70208>;4628,5
2018;Mieming <70209>;3722,375
2018;Mils bei Imst <70210>;574,875
2018;Mötz <70211>;1225,5
2018;Nassereith <70212>;2149,875
2018;Obsteig <70213>;1327,25
2018;Oetz <70214>;2382,625
2018;Rietz <70215>;2311,375
2018;Roppen <70216>;1809,125
2018;St. Leonhard im Pitztal <70217>;1379,25
2018;Sautens <70218>;1614,375
2018;Silz <70219>;2559,5
2018;Sölden <70220>;3072,75
2018;Stams <70221>;1497,75
2018;Tarrenz <70222>;2755,875
2018;Umhausen <70223>;3243,875
2018;Wenns <70224>;2036,875
2018;Absam <70301>;7177,375
2018;Aldrans <70302>;2713
2018;Ampass <70303>;1832,5
2018;Axams <70304>;6010,5
2018;Baumkirchen <70305>;1279,25
2018;Birgitz <70306>;1439,75
2018;Ellbögen <70307>;1110,75
2018;Flaurling <70308>;1295,625
2018;Fritzens <70309>;2150
2018;Fulpmes <70310>;4381,25
2018;Gnadenwald <70311>;836
2018;Götzens <70312>;4053
2018;Gries am Brenner <70313>;1347,75
2018;Gries im Sellrain <70314>;615,125
2018;Grinzens <70315>;1386,75
2018;Gschnitz <70317>;446,625
2018;Hatting <70318>;1453,25
2018;Inzing <70319>;3866,375
2018;Kematen in Tirol <70320>;2942,25
2018;Kolsass <70322>;1630,5
2018;Kolsassberg <70323>;820,375
2018;Kreith ^<70324>;-
2018;Lans <70325>;1084,375
2018;Leutasch <70326>;2410,75
2018;Matrei am Brenner <70370>;-
2018;Matrei am Brenner ^<70327>;950
2018;Mieders <70328>;1882,875
2018;Mils <70329>;4421,75
2018;Mühlbachl ^<70330>;1386,125
2018;Mutters <70331>;2215,375
2018;Natters <70332>;2030,375
2018;Navis <70333>;2005,875
2018;Neustift im Stubaital <70334>;4776
2018;Oberhofen im Inntal <70335>;1863,375
2018;Obernberg am Brenner <70336>;368,5
2018;Oberperfuss <70337>;3068
2018;Patsch <70338>;1018,625
2018;Pettnau <70339>;1052,625
2018;Pfaffenhofen <70340>;1123,25
2018;Pfons ^<70341>;1218,25
2018;Polling in Tirol <70342>;1170,625
2018;Ranggen <70343>;1083,25
2018;Reith bei Seefeld <70344>;1360,875
2018;Rinn <70345>;1894,125
2018;Rum <70346>;9225,625
2018;St. Sigmund im Sellrain <70347>;175,25
2018;Scharnitz <70348>;1389,875
2018;Schmirn <70349>;869,375
2018;Schönberg im Stubaital <70350>;1110
2018;Seefeld in Tirol <70351>;3432,25
2018;Sellrain <70352>;1331,625
2018;Sistrans <70353>;2243,5
2018;Hall in Tirol <70354>;13921,125
2018;Steinach am Brenner <70355>;3658,375
2018;Telfes im Stubai <70356>;1591,125
2018;Telfs <70357>;15838,125
2018;Thaur <70358>;4021,25
2018;Trins <70359>;1289,375
2018;Tulfes <70360>;1565,25
2018;Unterperfuss <70361>;226,375
2018;Vals <70362>;537,125
2018;Vögelsberg ^<70363>;-
2018;Völs <70364>;6791,5
2018;Volders <70365>;4456,875
2018;Wattenberg <70366>;741,5
2018;Wattens <70367>;7923,875
2018;Wildermieming <70368>;942,625
2018;Zirl <70369>;8162,25
2018;Aurach bei Kitzbühel <70401>;1132,5
2018;Brixen im Thale <70402>;2633,75
2018;Fieberbrunn <70403>;4305,25
2018;Going am Wilden Kaiser <70404>;1852,75
2018;Hochfilzen <70405>;1190,375
2018;Hopfgarten im Brixental <70406>;5667,125
2018;Itter <70407>;1153,875
2018;Jochberg <70408>;1571,125
2018;Kirchberg in Tirol <70409>;5243,125
2018;Kirchdorf in Tirol <70410>;3956,75
2018;Kitzbühel <70411>;8240,5
2018;Kössen <70412>;4345,375
2018;Oberndorf in Tirol <70413>;2213,375
2018;Reith bei Kitzbühel <70414>;1654,375
2018;St. Jakob in Haus <70415>;786
2018;St. Johann in Tirol <70416>;9443,125
2018;St. Ulrich am Pillersee <70417>;1826,5
2018;Schwendt <70418>;830,125
2018;Waidring <70419>;2032,25
2018;Westendorf <70420>;3667,625
2018;Alpbach <70501>;2543,75
2018;Angath <70502>;996,5
2018;Bad Häring <70503>;2776,625
2018;Brandenberg <70504>;1522,125
2018;Breitenbach am Inn <70505>;3475,25
2018;Brixlegg <70506>;2984,625
2018;Buchberg am Kaiser ^<70507>;-
2018;Ebbs <70508>;5614,375
2018;Ellmau <70509>;2832,25
2018;Erl <70510>;1555
2018;Kirchbichl <70511>;5848,25
2018;Kramsach <70512>;4918,875
2018;Kufstein <70513>;19290
2018;Kundl <70514>;4539,125
2018;Langkampfen <70515>;4161
2018;Mariastein <70516>;371,125
2018;Münster <70517>;3328,625
2018;Niederndorf <70518>;2743
2018;Niederndorferberg <70519>;715,375
2018;Radfeld <70520>;2512,375
2018;Rattenberg <70521>;412,375
2018;Reith im Alpbachtal <70522>;2724,875
2018;Rettenschöss <70523>;517,25
2018;Scheffau am Wilden Kaiser <70524>;1452,5
2018;Schwoich <70525>;2515,875
2018;Söll <70526>;3651,875
2018;Thiersee <70527>;3004,5
2018;Angerberg <70528>;1892,75
2018;Walchsee <70529>;1896,875
2018;Wildschönau <70530>;4269,125
2018;Wörgl <70531>;13931,25
2018;Faggen <70601>;380,875
2018;Fendels <70602>;257,25
2018;Fiss <70603>;988
2018;Fließ <70604>;3034,75
2018;Flirsch <70605>;994,5
2018;Galtür <70606>;771,5
2018;Grins <70607>;1389
2018;Ischgl <70608>;1577,75
2018;Kappl <70609>;2600,375
2018;Kaunerberg <70610>;436,125
2018;Kaunertal <70611>;598,125
2018;Kauns <70612>;500,625
2018;Ladis <70613>;529
2018;Landeck <70614>;7644,375
2018;Nauders <70615>;1533,125
2018;Pettneu am Arlberg <70616>;1489,5
2018;Pfunds <70617>;2608,25
2018;Pians <70618>;813
2018;Prutz <70619>;1835,5
2018;Ried im Oberinntal <70620>;1264,375
2018;St. Anton am Arlberg <70621>;2359,5
2018;Schönwies <70622>;1685,625
2018;See <70623>;1267,25
2018;Serfaus <70624>;1129,625
2018;Spiss <70625>;111,125
2018;Stanz bei Landeck <70626>;576,625
2018;Strengen <70627>;1205,25
2018;Tobadill <70628>;513,25
2018;Tösens <70629>;738,5
2018;Zams <70630>;3409,125
2018;Abfaltersbach <70701>;638,25
2018;Ainet <70702>;939,375
2018;Amlach <70703>;490,5
2018;Anras <70704>;1234,75
2018;Assling <70705>;1770,625
2018;Außervillgraten <70706>;757,5
2018;Dölsach <70707>;2339,125
2018;Gaimberg <70708>;830,75
2018;Hopfgarten in Defereggen <70709>;697,25
2018;Innervillgraten <70710>;929,875
2018;Iselsberg-Stronach <70711>;603,875
2018;Kals am Großglockner <70712>;1137,25
2018;Kartitsch <70713>;785,75
2018;Lavant <70714>;323,875
2018;Leisach <70715>;725,875
2018;Lienz <70716>;11852,25
2018;Matrei in Osttirol <70717>;4657,75
2018;Nikolsdorf <70718>;894,75
2018;Nußdorf-Debant <70719>;3341,125
2018;Oberlienz <70720>;1487
2018;Obertilliach <70721>;665,75
2018;Prägraten am Großvenediger <70723>;1136,125
2018;St. Jakob in Defereggen <70724>;839,75
2018;St. Johann im Walde <70725>;285,25
2018;St. Veit in Defereggen <70726>;660,5
2018;Schlaiten <70727>;469,625
2018;Sillian <70728>;2038,5
2018;Strassen <70729>;807
2018;Tessenberg ^<70730>;-
2018;Thurn <70731>;611,75
2018;Tristach <70732>;1432,625
2018;Untertilliach <70733>;231
2018;Virgen <70734>;2189,75
2018;Heinfels <70735>;981,875
2018;Bach <70801>;611,25
2018;Berwang <70802>;568,625
2018;Biberwier <70803>;619
2018;Bichlbach <70804>;783,875
2018;Breitenwang <70805>;1433,375
2018;Ehenbichl <70806>;815,875
2018;Ehrwald <70807>;2589,5
2018;Elbigenalp <70808>;876,625
2018;Elmen <70809>;371,375
2018;Forchach <70810>;259,75
2018;Grän <70811>;599,5
2018;Gramais <70812>;44,75
2018;Häselgehr <70813>;684,25
2018;Heiterwang <70814>;530,875
2018;Hinterhornbach <70815>;93,625
2018;Höfen <70816>;1204,5
2018;Holzgau <70817>;410,75
2018;Jungholz <70818>;297,625
2018;Kaisers <70819>;76,75
2018;Lechaschau <70820>;2130,5
2018;Lermoos <70821>;1152,5
2018;Musau <70822>;390
2018;Namlos <70823>;73,5
2018;Nesselwängle <70824>;461,5
2018;Pfafflar <70825>;110,75
2018;Pflach <70826>;1418,125
2018;Pinswang <70827>;409,25
2018;Reutte <70828>;6731,5
2018;Schattwald <70829>;444,125
2018;Stanzach <70830>;461,5
2018;Steeg <70831>;668,5
2018;Tannheim <70832>;1072,625
2018;Vils <70833>;1525,5
2018;Vorderhornbach <70834>;245,875
2018;Wängle <70835>;936,375
2018;Weißenbach am Lech <70836>;1253,625
2018;Zöblen <70837>;229,625
2018;Achenkirch <70901>;2186,5
2018;Aschau im Zillertal <70902>;1857,875
2018;Brandberg <70903>;355,875
2018;Bruck am Ziller <70904>;1119,75
2018;Buch in Tirol <70905>;2578
2018;Eben am Achensee <70907>;3219,375
2018;Finkenberg <70908>;1407,125
2018;Fügen <70909>;4201,5
2018;Fügenberg <70910>;1410
2018;Gallzein <70911>;670,375
2018;Gerlos <70912>;789,25
2018;Gerlosberg <70913>;465,875
2018;Hainzenberg <70914>;721,125
2018;Hart im Zillertal <70915>;1580,625
2018;Hippach <70916>;1461,5
2018;Jenbach <70917>;7148,625
2018;Kaltenbach <70918>;1323
2018;Mayrhofen <70920>;3902,125
2018;Pill <70921>;1167,625
2018;Ramsau im Zillertal <70922>;1625,5
2018;Ried im Zillertal <70923>;1268,375
2018;Rohrberg <70924>;571,875
2018;Schlitters <70925>;1469,5
2018;Schwaz <70926>;13691,75
2018;Schwendau <70927>;1730,125
2018;Stans <70928>;2066,875
2018;Steinberg am Rofan <70929>;287,375
2018;Strass im Zillertal <70930>;839,625
2018;Stumm <70931>;1898
2018;Stummerberg <70932>;846,25
2018;Terfens <70933>;2186,75
2018;Tux <70934>;1951,125
2018;Uderns <70935>;1849,625
2018;Vomp <70936>;5163,375
2018;Weer <70937>;1557,375
2018;Weerberg <70938>;2487,75
2018;Wiesing <70939>;2131,5
2018;Zell am Ziller <70940>;1712,5
2018;Zellberg <70941>;645,375
2019;Innsbruck <70101>;131934,625
2019;Arzl im Pitztal <70201>;3154,875
2019;Haiming <70202>;4712
2019;Imst <70203>;10714,625
2019;Imsterberg <70204>;799,5
2019;Jerzens <70205>;957,875
2019;Karres <70206>;613,75
2019;Karrösten <70207>;682,125
2019;Längenfeld <70208>;4711,125
2019;Mieming <70209>;3771,625
2019;Mils bei Imst <70210>;598,25
2019;Mötz <70211>;1233,625
2019;Nassereith <70212>;2162,625
2019;Obsteig <70213>;1353,125
2019;Oetz <70214>;2362,625
2019;Rietz <70215>;2330,625
2019;Roppen <70216>;1810,375
2019;St. Leonhard im Pitztal <70217>;1387,75
2019;Sautens <70218>;1618,875
2019;Silz <70219>;2564,625
2019;Sölden <70220>;3047,75
2019;Stams <70221>;1521,5
2019;Tarrenz <70222>;2749,625
2019;Umhausen <70223>;3290,625
2019;Wenns <70224>;2035,5
2019;Absam <70301>;7289,75
2019;Aldrans <70302>;2722,375
2019;Ampass <70303>;1838,5
2019;Axams <70304>;6047,25
2019;Baumkirchen <70305>;1272,5
2019;Birgitz <70306>;1471,875
2019;Ellbögen <70307>;1125,25
2019;Flaurling <70308>;1307,375
2019;Fritzens <70309>;2175,375
2019;Fulpmes <70310>;4443,25
2019;Gnadenwald <70311>;827,5
2019;Götzens <70312>;4069,5
2019;Gries am Brenner <70313>;1334,125
2019;Gries im Sellrain <70314>;617,125
2019;Grinzens <70315>;1397,375
2019;Gschnitz <70317>;444,125
2019;Hatting <70318>;1453,125
2019;Inzing <70319>;3943,625
2019;Kematen in Tirol <70320>;2954
2019;Kolsass <70322>;1628
2019;Kolsassberg <70323>;818,5
2019;Kreith ^<70324>;-
2019;Lans <70325>;1078,625
2019;Leutasch <70326>;2411,5
2019;Matrei am Brenner <70370>;-
2019;Matrei am Brenner ^<70327>;945,375
2019;Mieders <70328>;1881,25
2019;Mils <70329>;4473,25
2019;Mühlbachl ^<70330>;1404,875
2019;Mutters <70331>;2219,5
2019;Natters <70332>;2075,75
2019;Navis <70333>;2035,375
2019;Neustift im Stubaital <70334>;4793
2019;Oberhofen im Inntal <70335>;1868,875
2019;Obernberg am Brenner <70336>;368,5
2019;Oberperfuss <70337>;3103
2019;Patsch <70338>;1042,875
2019;Pettnau <70339>;1063,625
2019;Pfaffenhofen <70340>;1141,375
2019;Pfons ^<70341>;1233
2019;Polling in Tirol <70342>;1228,375
2019;Ranggen <70343>;1103,125
2019;Reith bei Seefeld <70344>;1381,375
2019;Rinn <70345>;1927,125
2019;Rum <70346>;9255,25
2019;St. Sigmund im Sellrain <70347>;176,25
2019;Scharnitz <70348>;1358,375
2019;Schmirn <70349>;871,25
2019;Schönberg im Stubaital <70350>;1102,5
2019;Seefeld in Tirol <70351>;3437,5
2019;Sellrain <70352>;1329,75
2019;Sistrans <70353>;2244,125
2019;Hall in Tirol <70354>;14003,875
2019;Steinach am Brenner <70355>;3655,375
2019;Telfes im Stubai <70356>;1598,75
2019;Telfs <70357>;15952,25
2019;Thaur <70358>;4036,125
2019;Trins <70359>;1311,875
2019;Tulfes <70360>;1604,75
2019;Unterperfuss <70361>;223,125
2019;Vals <70362>;536,125
2019;Vögelsberg ^<70363>;-
2019;Völs <70364>;6901,25
2019;Volders <70365>;4449,75
2019;Wattenberg <70366>;738,875
2019;Wattens <70367>;7990
2019;Wildermieming <70368>;956
2019;Zirl <70369>;8134,75
2019;Aurach bei Kitzbühel <70401>;1130
2019;Brixen im Thale <70402>;2640,25
2019;Fieberbrunn <70403>;4333,5
2019;Going am Wilden Kaiser <70404>;1854,875
2019;Hochfilzen <70405>;1236
2019;Hopfgarten im Brixental <70406>;5624
2019;Itter <70407>;1162
2019;Jochberg <70408>;1536,375
2019;Kirchberg in Tirol <70409>;5239,5
2019;Kirchdorf in Tirol <70410>;3987,375
2019;Kitzbühel <70411>;8210,375
2019;Kössen <70412>;4390,125
2019;Oberndorf in Tirol <70413>;2261,875
2019;Reith bei Kitzbühel <70414>;1669,125
2019;St. Jakob in Haus <70415>;790,25
2019;St. Johann in Tirol <70416>;9514,75
2019;St. Ulrich am Pillersee <70417>;1851,875
2019;Schwendt <70418>;840,625
2019;Waidring <70419>;2043,375
2019;Westendorf <70420>;3680,375
2019;Alpbach <70501>;2532
2019;Angath <70502>;1005,25
2019;Bad Häring <70503>;2807,5
2019;Brandenberg <70504>;1525
2019;Breitenbach am Inn <70505>;3489
2019;Brixlegg <70506>;3026,875
2019;Buchberg am Kaiser ^<70507>;-
2019;Ebbs <70508>;5623,625
2019;Ellmau <70509>;2837,5
2019;Erl <70510>;1559,375
2019;Kirchbichl <70511>;5867,375
2019;Kramsach <70512>;4975,375
2019;Kufstein <70513>;19491
2019;Kundl <70514>;4678
2019;Langkampfen <70515>;4192,875
2019;Mariastein <70516>;439,375
2019;Münster <70517>;3370,75
2019;Niederndorf <70518>;2791,75
2019;Niederndorferberg <70519>;725,25
2019;Radfeld <70520>;2536,5
2019;Rattenberg <70521>;432,75
2019;Reith im Alpbachtal <70522>;2741,125
2019;Rettenschöss <70523>;535,375
2019;Scheffau am Wilden Kaiser <70524>;1473,75
2019;Schwoich <70525>;2536,75
2019;Söll <70526>;3663,375
2019;Thiersee <70527>;3015,625
2019;Angerberg <70528>;1893,5
2019;Walchsee <70529>;1926,375
2019;Wildschönau <70530>;4272,375
2019;Wörgl <70531>;14009,25
2019;Faggen <70601>;390,5
2019;Fendels <70602>;258,75
2019;Fiss <70603>;1000,75
2019;Fließ <70604>;3066,625
2019;Flirsch <70605>;1003
2019;Galtür <70606>;774,625
2019;Grins <70607>;1376
2019;Ischgl <70608>;1597,875
2019;Kappl <70609>;2574,625
2019;Kaunerberg <70610>;433,875
2019;Kaunertal <70611>;600,875
2019;Kauns <70612>;502,125
2019;Ladis <70613>;537,25
2019;Landeck <70614>;7642,625
2019;Nauders <70615>;1536,25
2019;Pettneu am Arlberg <70616>;1491,125
2019;Pfunds <70617>;2604
2019;Pians <70618>;803,375
2019;Prutz <70619>;1849,5
2019;Ried im Oberinntal <70620>;1260,5
2019;St. Anton am Arlberg <70621>;2347
2019;Schönwies <70622>;1679,75
2019;See <70623>;1264
2019;Serfaus <70624>;1127,5
2019;Spiss <70625>;106,625
2019;Stanz bei Landeck <70626>;582,875
2019;Strengen <70627>;1221,625
2019;Tobadill <70628>;511,125
2019;Tösens <70629>;752,5
2019;Zams <70630>;3382,75
2019;Abfaltersbach <70701>;651
2019;Ainet <70702>;928,125
2019;Amlach <70703>;492,5
2019;Anras <70704>;1228,375
2019;Assling <70705>;1784,125
2019;Außervillgraten <70706>;748,375
2019;Dölsach <70707>;2337,875
2019;Gaimberg <70708>;843,5
2019;Hopfgarten in Defereggen <70709>;693,875
2019;Innervillgraten <70710>;921,625
2019;Iselsberg-Stronach <70711>;604,625
2019;Kals am Großglockner <70712>;1128,25
2019;Kartitsch <70713>;767,5
2019;Lavant <70714>;328,875
2019;Leisach <70715>;715,125
2019;Lienz <70716>;11885,125
2019;Matrei in Osttirol <70717>;4630,25
2019;Nikolsdorf <70718>;884,25
2019;Nußdorf-Debant <70719>;3358,5
2019;Oberlienz <70720>;1485
2019;Obertilliach <70721>;665,375
2019;Prägraten am Großvenediger <70723>;1133,875
2019;St. Jakob in Defereggen <70724>;835,5
2019;St. Johann im Walde <70725>;290,375
2019;St. Veit in Defereggen <70726>;647,875
2019;Schlaiten <70727>;466,875
2019;Sillian <70728>;2038,625
2019;Strassen <70729>;797
2019;Tessenberg ^<70730>;-
2019;Thurn <70731>;614,125
2019;Tristach <70732>;1439,25
2019;Untertilliach <70733>;226
2019;Virgen <70734>;2201,375
2019;Heinfels <70735>;988
2019;Bach <70801>;619,875
2019;Berwang <70802>;569,75
2019;Biberwier <70803>;619,25
2019;Bichlbach <70804>;781,875
2019;Breitenwang <70805>;1464,25
2019;Ehenbichl <70806>;826,75
2019;Ehrwald <70807>;2603,375
2019;Elbigenalp <70808>;876,125
2019;Elmen <70809>;378,625
2019;Forchach <70810>;260,75
2019;Grän <70811>;592,375
2019;Gramais <70812>;42
2019;Häselgehr <70813>;682,75
2019;Heiterwang <70814>;533,75
2019;Hinterhornbach <70815>;91,5
2019;Höfen <70816>;1208,5
2019;Holzgau <70817>;400,875
2019;Jungholz <70818>;295
2019;Kaisers <70819>;75,375
2019;Lechaschau <70820>;2118,25
2019;Lermoos <70821>;1151,125
2019;Musau <70822>;386,375
2019;Namlos <70823>;72,875
2019;Nesselwängle <70824>;459,625
2019;Pfafflar <70825>;107,375
2019;Pflach <70826>;1434,75
2019;Pinswang <70827>;412,125
2019;Reutte <70828>;6808,5
2019;Schattwald <70829>;448,25
2019;Stanzach <70830>;462,875
2019;Steeg <70831>;662,625
2019;Tannheim <70832>;1100,375
2019;Vils <70833>;1506,125
2019;Vorderhornbach <70834>;250,25
2019;Wängle <70835>;941
2019;Weißenbach am Lech <70836>;1261,125
2019;Zöblen <70837>;228,875
2019;Achenkirch <70901>;2200,625
2019;Aschau im Zillertal <70902>;1840,375
2019;Brandberg <70903>;361,625
2019;Bruck am Ziller <70904>;1118,875
2019;Buch in Tirol <70905>;2598,875
2019;Eben am Achensee <70907>;3272,625
2019;Finkenberg <70908>;1404,875
2019;Fügen <70909>;4221,625
2019;Fügenberg <70910>;1405,625
2019;Gallzein <70911>;677,25
2019;Gerlos <70912>;799,625
2019;Gerlosberg <70913>;468,25
2019;Hainzenberg <70914>;718,375
2019;Hart im Zillertal <70915>;1578,625
2019;Hippach <70916>;1453,375
2019;Jenbach <70917>;7209,625
2019;Kaltenbach <70918>;1315,75
2019;Mayrhofen <70920>;3892,75
2019;Pill <70921>;1192,125
2019;Ramsau im Zillertal <70922>;1647,5
2019;Ried im Zillertal <70923>;1280
2019;Rohrberg <70924>;579,25
2019;Schlitters <70925>;1491,5
2019;Schwaz <70926>;13704,125
2019;Schwendau <70927>;1780,75
2019;Stans <70928>;2123
2019;Steinberg am Rofan <70929>;283,125
2019;Strass im Zillertal <70930>;848,375
2019;Stumm <70931>;1916,375
2019;Stummerberg <70932>;854,75
2019;Terfens <70933>;2178
2019;Tux <70934>;1941,625
2019;Uderns <70935>;1848,625
2019;Vomp <70936>;5212
2019;Weer <70937>;1578,5
2019;Weerberg <70938>;2501,375
2019;Wiesing <70939>;2142
2019;Zell am Ziller <70940>;1714,5
2019;Zellberg <70941>;653,75
2020;Innsbruck <70101>;131524,75
2020;Arzl im Pitztal <70201>;3161
2020;Haiming <70202>;4752,125
2020;Imst <70203>;10834,875
2020;Imsterberg <70204>;798,375
2020;Jerzens <70205>;940,375
2020;Karres <70206>;616
2020;Karrösten <70207>;680
2020;Längenfeld <70208>;4765
2020;Mieming <70209>;3817,25
2020;Mils bei Imst <70210>;612
2020;Mötz <70211>;1268,75
2020;Nassereith <70212>;2154,375
2020;Obsteig <70213>;1394,125
2020;Oetz <70214>;2367,375
2020;Rietz <70215>;2403,375
2020;Roppen <70216>;1854,875
2020;St. Leonhard im Pitztal <70217>;1373,5
2020;Sautens <70218>;1633,625
2020;Silz <70219>;2573,125
2020;Sölden <70220>;2983,25
2020;Stams <70221>;1554,875
2020;Tarrenz <70222>;2756,375
2020;Umhausen <70223>;3347,875
2020;Wenns <70224>;2054
2020;Absam <70301>;7326,5
2020;Aldrans <70302>;2740,5
2020;Ampass <70303>;1825,875
2020;Axams <70304>;6082,625
2020;Baumkirchen <70305>;1273,125
2020;Birgitz <70306>;1494,5
2020;Ellbögen <70307>;1139,375
2020;Flaurling <70308>;1302,5
2020;Fritzens <70309>;2162,875
2020;Fulpmes <70310>;4497,875
2020;Gnadenwald <70311>;826,75
2020;Götzens <70312>;4120
2020;Gries am Brenner <70313>;1331,25
2020;Gries im Sellrain <70314>;614,375
2020;Grinzens <70315>;1413,25
2020;Gschnitz <70317>;436,25
2020;Hatting <70318>;1467,75
2020;Inzing <70319>;3976,625
2020;Kematen in Tirol <70320>;3002,125
2020;Kolsass <70322>;1623,875
2020;Kolsassberg <70323>;829,75
2020;Kreith ^<70324>;-
2020;Lans <70325>;1093,375
2020;Leutasch <70326>;2423,375
2020;Matrei am Brenner <70370>;-
2020;Matrei am Brenner ^<70327>;915,25
2020;Mieders <70328>;1920,25
2020;Mils <70329>;4511,5
2020;Mühlbachl ^<70330>;1450
2020;Mutters <70331>;2236,375
2020;Natters <70332>;2088,25
2020;Navis <70333>;2037
2020;Neustift im Stubaital <70334>;4817
2020;Oberhofen im Inntal <70335>;1892,625
2020;Obernberg am Brenner <70336>;376,625
2020;Oberperfuss <70337>;3088,125
2020;Patsch <70338>;1062,625
2020;Pettnau <70339>;1063,125
2020;Pfaffenhofen <70340>;1152,75
2020;Pfons ^<70341>;1232,375
2020;Polling in Tirol <70342>;1264,75
2020;Ranggen <70343>;1108,625
2020;Reith bei Seefeld <70344>;1437,25
2020;Rinn <70345>;1947
2020;Rum <70346>;9315,25
2020;St. Sigmund im Sellrain <70347>;178,75
2020;Scharnitz <70348>;1353
2020;Schmirn <70349>;878,75
2020;Schönberg im Stubaital <70350>;1096,5
2020;Seefeld in Tirol <70351>;3494,125
2020;Sellrain <70352>;1330,875
2020;Sistrans <70353>;2248,75
2020;Hall in Tirol <70354>;14207
2020;Steinach am Brenner <70355>;3652,625
2020;Telfes im Stubai <70356>;1596,625
2020;Telfs <70357>;16098,125
2020;Thaur <70358>;4088,75
2020;Trins <70359>;1330,75
2020;Tulfes <70360>;1664,375
2020;Unterperfuss <70361>;228,75
2020;Vals <70362>;532,875
2020;Vögelsberg ^<70363>;-
2020;Völs <70364>;6953,125
2020;Volders <70365>;4483
2020;Wattenberg <70366>;757,25
2020;Wattens <70367>;8022
2020;Wildermieming <70368>;974
2020;Zirl <70369>;8137,125
2020;Aurach bei Kitzbühel <70401>;1120
2020;Brixen im Thale <70402>;2630,375
2020;Fieberbrunn <70403>;4383,25
2020;Going am Wilden Kaiser <70404>;1896,125
2020;Hochfilzen <70405>;1261,5
2020;Hopfgarten im Brixental <70406>;5652,75
2020;Itter <70407>;1179,75
2020;Jochberg <70408>;1517,625
2020;Kirchberg in Tirol <70409>;5224,75
2020;Kirchdorf in Tirol <70410>;4003,625
2020;Kitzbühel <70411>;8230,75
2020;Kössen <70412>;4437,5
2020;Oberndorf in Tirol <70413>;2322,5
2020;Reith bei Kitzbühel <70414>;1684,25
2020;St. Jakob in Haus <70415>;798,5
2020;St. Johann in Tirol <70416>;9626,25
2020;St. Ulrich am Pillersee <70417>;1873
2020;Schwendt <70418>;864,75
2020;Waidring <70419>;2037,5
2020;Westendorf <70420>;3680,5
2020;Alpbach <70501>;2535,375
2020;Angath <70502>;1022,125
2020;Bad Häring <70503>;2831,75
2020;Brandenberg <70504>;1519,875
2020;Breitenbach am Inn <70505>;3486,5
2020;Brixlegg <70506>;3038,625
2020;Buchberg am Kaiser ^<70507>;-
2020;Ebbs <70508>;5676,875
2020;Ellmau <70509>;2864,25
2020;Erl <70510>;1551
2020;Kirchbichl <70511>;5863,625
2020;Kramsach <70512>;4969,5
2020;Kufstein <70513>;19501,375
2020;Kundl <70514>;4755,875
2020;Langkampfen <70515>;4164,5
2020;Mariastein <70516>;450
2020;Münster <70517>;3409,625
2020;Niederndorf <70518>;2822
2020;Niederndorferberg <70519>;713,875
2020;Radfeld <70520>;2568,125
2020;Rattenberg <70521>;454,25
2020;Reith im Alpbachtal <70522>;2761,375
2020;Rettenschöss <70523>;550,625
2020;Scheffau am Wilden Kaiser <70524>;1474,375
2020;Schwoich <70525>;2562,25
2020;Söll <70526>;3705,125
2020;Thiersee <70527>;3065,5
2020;Angerberg <70528>;1913,375
2020;Walchsee <70529>;1990,125
2020;Wildschönau <70530>;4290,75
2020;Wörgl <70531>;14115,75
2020;Faggen <70601>;384,875
2020;Fendels <70602>;271
2020;Fiss <70603>;991
2020;Fließ <70604>;3086,5
2020;Flirsch <70605>;990,125
2020;Galtür <70606>;767,625
2020;Grins <70607>;1371,125
2020;Ischgl <70608>;1576,25
2020;Kappl <70609>;2552,75
2020;Kaunerberg <70610>;433,5
2020;Kaunertal <70611>;605,875
2020;Kauns <70612>;503,25
2020;Ladis <70613>;536,25
2020;Landeck <70614>;7635,375
2020;Nauders <70615>;1531,25
2020;Pettneu am Arlberg <70616>;1479,75
2020;Pfunds <70617>;2586,625
2020;Pians <70618>;798,375
2020;Prutz <70619>;1879,875
2020;Ried im Oberinntal <70620>;1250,5
2020;St. Anton am Arlberg <70621>;2348,125
2020;Schönwies <70622>;1672,5
2020;See <70623>;1256,25
2020;Serfaus <70624>;1143
2020;Spiss <70625>;100,375
2020;Stanz bei Landeck <70626>;580,125
2020;Strengen <70627>;1242,5
2020;Tobadill <70628>;512,875
2020;Tösens <70629>;761
2020;Zams <70630>;3420,875
2020;Abfaltersbach <70701>;648,625
2020;Ainet <70702>;918,625
2020;Amlach <70703>;494,875
2020;Anras <70704>;1231,125
2020;Assling <70705>;1790,875
2020;Außervillgraten <70706>;745,125
2020;Dölsach <70707>;2316,375
2020;Gaimberg <70708>;870,75
2020;Hopfgarten in Defereggen <70709>;687,125
2020;Innervillgraten <70710>;907,25
2020;Iselsberg-Stronach <70711>;609,625
2020;Kals am Großglockner <70712>;1126
2020;Kartitsch <70713>;769,75
2020;Lavant <70714>;334,375
2020;Leisach <70715>;710,5
2020;Lienz <70716>;11926,5
2020;Matrei in Osttirol <70717>;4643,5
2020;Nikolsdorf <70718>;888,125
2020;Nußdorf-Debant <70719>;3383,375
2020;Oberlienz <70720>;1460,875
2020;Obertilliach <70721>;659,125
2020;Prägraten am Großvenediger <70723>;1145,875
2020;St. Jakob in Defereggen <70724>;833,125
2020;St. Johann im Walde <70725>;297,625
2020;St. Veit in Defereggen <70726>;638,625
2020;Schlaiten <70727>;456,375
2020;Sillian <70728>;2033,75
2020;Strassen <70729>;793,875
2020;Tessenberg ^<70730>;-
2020;Thurn <70731>;619,75
2020;Tristach <70732>;1447,875
2020;Untertilliach <70733>;224,25
2020;Virgen <70734>;2202,875
2020;Heinfels <70735>;1003,5
2020;Bach <70801>;636,625
2020;Berwang <70802>;591,375
2020;Biberwier <70803>;628,375
2020;Bichlbach <70804>;785,25
2020;Breitenwang <70805>;1473,125
2020;Ehenbichl <70806>;820
2020;Ehrwald <70807>;2590,875
2020;Elbigenalp <70808>;880,875
2020;Elmen <70809>;390,5
2020;Forchach <70810>;259,625
2020;Grän <70811>;589,375
2020;Gramais <70812>;41
2020;Häselgehr <70813>;671,5
2020;Heiterwang <70814>;533
2020;Hinterhornbach <70815>;92,625
2020;Höfen <70816>;1224,875
2020;Holzgau <70817>;391
2020;Jungholz <70818>;304
2020;Kaisers <70819>;76,125
2020;Lechaschau <70820>;2083,125
2020;Lermoos <70821>;1142,375
2020;Musau <70822>;389,75
2020;Namlos <70823>;70,25
2020;Nesselwängle <70824>;462
2020;Pfafflar <70825>;102,5
2020;Pflach <70826>;1466
2020;Pinswang <70827>;404,25
2020;Reutte <70828>;6954,375
2020;Schattwald <70829>;451,5
2020;Stanzach <70830>;475,125
2020;Steeg <70831>;661,625
2020;Tannheim <70832>;1117,875
2020;Vils <70833>;1489,375
2020;Vorderhornbach <70834>;251,625
2020;Wängle <70835>;929,125
2020;Weißenbach am Lech <70836>;1259,875
2020;Zöblen <70837>;239,125
2020;Achenkirch <70901>;2180,125
2020;Aschau im Zillertal <70902>;1852,25
2020;Brandberg <70903>;367
2020;Bruck am Ziller <70904>;1125,625
2020;Buch in Tirol <70905>;2601,875
2020;Eben am Achensee <70907>;3319,5
2020;Finkenberg <70908>;1423
2020;Fügen <70909>;4206,875
2020;Fügenberg <70910>;1452,25
2020;Gallzein <70911>;679,25
2020;Gerlos <70912>;800,75
2020;Gerlosberg <70913>;472,75
2020;Hainzenberg <70914>;720
2020;Hart im Zillertal <70915>;1592,875
2020;Hippach <70916>;1446,625
2020;Jenbach <70917>;7201,875
2020;Kaltenbach <70918>;1321,75
2020;Mayrhofen <70920>;3895,25
2020;Pill <70921>;1202,5
2020;Ramsau im Zillertal <70922>;1660,375
2020;Ried im Zillertal <70923>;1277,875
2020;Rohrberg <70924>;580,25
2020;Schlitters <70925>;1514,875
2020;Schwaz <70926>;13798,125
2020;Schwendau <70927>;1760,75
2020;Stans <70928>;2157,625
2020;Steinberg am Rofan <70929>;286,875
2020;Strass im Zillertal <70930>;846,5
2020;Stumm <70931>;1927,5
2020;Stummerberg <70932>;850,875
2020;Terfens <70933>;2188,5
2020;Tux <70934>;1926,875
2020;Uderns <70935>;1840
2020;Vomp <70936>;5261,25
2020;Weer <70937>;1638
2020;Weerberg <70938>;2498,25
2020;Wiesing <70939>;2151
2020;Zell am Ziller <70940>;1684,125
2020;Zellberg <70941>;671,375
2021;Innsbruck <70101>;130542
2021;Arzl im Pitztal <70201>;3150,75
2021;Haiming <70202>;4787,875
2021;Imst <70203>;10895,375
2021;Imsterberg <70204>;807,125
2021;Jerzens <70205>;930,625
2021;Karres <70206>;615,25
2021;Karrösten <70207>;692,5
2021;Längenfeld <70208>;4791,875
2021;Mieming <70209>;3880,375
2021;Mils bei Imst <70210>;619,625
2021;Mötz <70211>;1321,25
2021;Nassereith <70212>;2181
2021;Obsteig <70213>;1395
2021;Oetz <70214>;2327,875
2021;Rietz <70215>;2467,125
2021;Roppen <70216>;1883,625
2021;St. Leonhard im Pitztal <70217>;1399,5
2021;Sautens <70218>;1626,25
2021;Silz <70219>;2571,5
2021;Sölden <70220>;2971,125
2021;Stams <70221>;1554,25
2021;Tarrenz <70222>;2780,25
2021;Umhausen <70223>;3398
2021;Wenns <70224>;2092
2021;Absam <70301>;7321,375
2021;Aldrans <70302>;2781,375
2021;Ampass <70303>;1820,25
2021;Axams <70304>;6143
2021;Baumkirchen <70305>;1295,375
2021;Birgitz <70306>;1484,25
2021;Ellbögen <70307>;1142,375
2021;Flaurling <70308>;1319
2021;Fritzens <70309>;2154,125
2021;Fulpmes <70310>;4458,875
2021;Gnadenwald <70311>;835
2021;Götzens <70312>;4125,625
2021;Gries am Brenner <70313>;1322,375
2021;Gries im Sellrain <70314>;616,125
2021;Grinzens <70315>;1430,5
2021;Gschnitz <70317>;442,625
2021;Hatting <70318>;1490
2021;Inzing <70319>;3986,75
2021;Kematen in Tirol <70320>;3012,625
2021;Kolsass <70322>;1672,125
2021;Kolsassberg <70323>;828,625
2021;Kreith ^<70324>;-
2021;Lans <70325>;1117,5
2021;Leutasch <70326>;2445,125
2021;Matrei am Brenner <70370>;-
2021;Matrei am Brenner ^<70327>;922,375
2021;Mieders <70328>;1956,75
2021;Mils <70329>;4590,5
2021;Mühlbachl ^<70330>;1449,625
2021;Mutters <70331>;2239
2021;Natters <70332>;2094,625
2021;Navis <70333>;2055,625
2021;Neustift im Stubaital <70334>;4848,375
2021;Oberhofen im Inntal <70335>;1900
2021;Obernberg am Brenner <70336>;385,125
2021;Oberperfuss <70337>;3087
2021;Patsch <70338>;1095
2021;Pettnau <70339>;1070
2021;Pfaffenhofen <70340>;1199,25
2021;Pfons ^<70341>;1219,125
2021;Polling in Tirol <70342>;1291
2021;Ranggen <70343>;1108,375
2021;Reith bei Seefeld <70344>;1423,75
2021;Rinn <70345>;1954,375
2021;Rum <70346>;9309,25
2021;St. Sigmund im Sellrain <70347>;182,875
2021;Scharnitz <70348>;1376,5
2021;Schmirn <70349>;885
2021;Schönberg im Stubaital <70350>;1096,625
2021;Seefeld in Tirol <70351>;3515,125
2021;Sellrain <70352>;1344,625
2021;Sistrans <70353>;2270,125
2021;Hall in Tirol <70354>;14312,125
2021;Steinach am Brenner <70355>;3658,25
2021;Telfes im Stubai <70356>;1608,25
2021;Telfs <70357>;16093,75
2021;Thaur <70358>;4173,5
2021;Trins <70359>;1345,875
2021;Tulfes <70360>;1695
2021;Unterperfuss <70361>;234,375
2021;Vals <70362>;525,75
2021;Vögelsberg ^<70363>;-
2021;Völs <70364>;6978,875
2021;Volders <70365>;4527,75
2021;Wattenberg <70366>;780,75
2021;Wattens <70367>;8043,375
2021;Wildermieming <70368>;987,5
2021;Zirl <70369>;8192,375
2021;Aurach bei Kitzbühel <70401>;1131,25
2021;Brixen im Thale <70402>;2630,25
2021;Fieberbrunn <70403>;4444,5
2021;Going am Wilden Kaiser <70404>;1928,125
2021;Hochfilzen <70405>;1274,125
2021;Hopfgarten im Brixental <70406>;5673,75
2021;Itter <70407>;1182,375
2021;Jochberg <70408>;1529,875
2021;Kirchberg in Tirol <70409>;5320,875
2021;Kirchdorf in Tirol <70410>;4055,375
2021;Kitzbühel <70411>;8226,875
2021;Kössen <70412>;4453,625
2021;Oberndorf in Tirol <70413>;2331,625
2021;Reith bei Kitzbühel <70414>;1709,375
2021;St. Jakob in Haus <70415>;810,875
2021;St. Johann in Tirol <70416>;9700,375
2021;St. Ulrich am Pillersee <70417>;1888
2021;Schwendt <70418>;888,625
2021;Waidring <70419>;2059,25
2021;Westendorf <70420>;3671,375
2021;Alpbach <70501>;2532,75
2021;Angath <70502>;1024,5
2021;Bad Häring <70503>;2886,125
2021;Brandenberg <70504>;1543,5
2021;Breitenbach am Inn <70505>;3509,5
2021;Brixlegg <70506>;3061,625
2021;Buchberg am Kaiser ^<70507>;-
2021;Ebbs <70508>;5749,25
2021;Ellmau <70509>;2866,125
2021;Erl <70510>;1564
2021;Kirchbichl <70511>;5896,625
2021;Kramsach <70512>;4978
2021;Kufstein <70513>;19546,875
2021;Kundl <70514>;4816,125
2021;Langkampfen <70515>;4191
2021;Mariastein <70516>;456,5
2021;Münster <70517>;3476,625
2021;Niederndorf <70518>;2831,75
2021;Niederndorferberg <70519>;727
2021;Radfeld <70520>;2550,625
2021;Rattenberg <70521>;443
2021;Reith im Alpbachtal <70522>;2775,625
2021;Rettenschöss <70523>;565,125
2021;Scheffau am Wilden Kaiser <70524>;1520,75
2021;Schwoich <70525>;2557,625
2021;Söll <70526>;3734,25
2021;Thiersee <70527>;3105,875
2021;Angerberg <70528>;1923,5
2021;Walchsee <70529>;2075,375
2021;Wildschönau <70530>;4320,625
2021;Wörgl <70531>;14267,125
2021;Faggen <70601>;387,75
2021;Fendels <70602>;278
2021;Fiss <70603>;1001,75
2021;Fließ <70604>;3095,125
2021;Flirsch <70605>;990,5
2021;Galtür <70606>;773
2021;Grins <70607>;1376
2021;Ischgl <70608>;1559,75
2021;Kappl <70609>;2528,5
2021;Kaunerberg <70610>;447,5
2021;Kaunertal <70611>;613,25
2021;Kauns <70612>;500,25
2021;Ladis <70613>;539,125
2021;Landeck <70614>;7675,5
2021;Nauders <70615>;1552,625
2021;Pettneu am Arlberg <70616>;1460,75
2021;Pfunds <70617>;2582,25
2021;Pians <70618>;784,125
2021;Prutz <70619>;1862
2021;Ried im Oberinntal <70620>;1248,75
2021;St. Anton am Arlberg <70621>;2357,75
2021;Schönwies <70622>;1682
2021;See <70623>;1263,5
2021;Serfaus <70624>;1147,375
2021;Spiss <70625>;95,625
2021;Stanz bei Landeck <70626>;576,125
2021;Strengen <70627>;1237,75
2021;Tobadill <70628>;511,875
2021;Tösens <70629>;759,875
2021;Zams <70630>;3490,125
2021;Abfaltersbach <70701>;645
2021;Ainet <70702>;925
2021;Amlach <70703>;494,125
2021;Anras <70704>;1229,625
2021;Assling <70705>;1774,25
2021;Außervillgraten <70706>;740,875
2021;Dölsach <70707>;2304,25
2021;Gaimberg <70708>;884,25
2021;Hopfgarten in Defereggen <70709>;682,25
2021;Innervillgraten <70710>;911,125
2021;Iselsberg-Stronach <70711>;608,625
2021;Kals am Großglockner <70712>;1122,125
2021;Kartitsch <70713>;754,5
2021;Lavant <70714>;343,125
2021;Leisach <70715>;707
2021;Lienz <70716>;11916,25
2021;Matrei in Osttirol <70717>;4629,875
2021;Nikolsdorf <70718>;892,375
2021;Nußdorf-Debant <70719>;3412,875
2021;Oberlienz <70720>;1464,25
2021;Obertilliach <70721>;661
2021;Prägraten am Großvenediger <70723>;1145,25
2021;St. Jakob in Defereggen <70724>;829,25
2021;St. Johann im Walde <70725>;300,625
2021;St. Veit in Defereggen <70726>;635
2021;Schlaiten <70727>;454
2021;Sillian <70728>;2041,625
2021;Strassen <70729>;791,75
2021;Tessenberg ^<70730>;-
2021;Thurn <70731>;628,75
2021;Tristach <70732>;1473,875
2021;Untertilliach <70733>;223,375
2021;Virgen <70734>;2207,875
2021;Heinfels <70735>;1004,875
2021;Bach <70801>;636,75
2021;Berwang <70802>;587,25
2021;Biberwier <70803>;632,625
2021;Bichlbach <70804>;768,375
2021;Breitenwang <70805>;1475,75
2021;Ehenbichl <70806>;834,125
2021;Ehrwald <70807>;2601,375
2021;Elbigenalp <70808>;891,25
2021;Elmen <70809>;393,125
2021;Forchach <70810>;259,5
2021;Grän <70811>;601,5
2021;Gramais <70812>;41
2021;Häselgehr <70813>;668,625
2021;Heiterwang <70814>;531,75
2021;Hinterhornbach <70815>;94,75
2021;Höfen <70816>;1253,25
2021;Holzgau <70817>;375,75
2021;Jungholz <70818>;299,75
2021;Kaisers <70819>;77,875
2021;Lechaschau <70820>;2073,5
2021;Lermoos <70821>;1136,625
2021;Musau <70822>;386,625
2021;Namlos <70823>;65,25
2021;Nesselwängle <70824>;463
2021;Pfafflar <70825>;100,375
2021;Pflach <70826>;1546,75
2021;Pinswang <70827>;406,25
2021;Reutte <70828>;6978,625
2021;Schattwald <70829>;456,125
2021;Stanzach <70830>;494,375
2021;Steeg <70831>;666,75
2021;Tannheim <70832>;1143,5
2021;Vils <70833>;1476
2021;Vorderhornbach <70834>;265,25
2021;Wängle <70835>;952
2021;Weißenbach am Lech <70836>;1261,5
2021;Zöblen <70837>;242,625
2021;Achenkirch <70901>;2198,75
2021;Aschau im Zillertal <70902>;1874,125
2021;Brandberg <70903>;367,875
2021;Bruck am Ziller <70904>;1138,125
2021;Buch in Tirol <70905>;2612,5
2021;Eben am Achensee <70907>;3373,625
2021;Finkenberg <70908>;1423,125
2021;Fügen <70909>;4264,75
2021;Fügenberg <70910>;1450,125
2021;Gallzein <70911>;686,25
2021;Gerlos <70912>;798,5
2021;Gerlosberg <70913>;477,375
2021;Hainzenberg <70914>;731,5
2021;Hart im Zillertal <70915>;1615,875
2021;Hippach <70916>;1442,375
2021;Jenbach <70917>;7225
2021;Kaltenbach <70918>;1318,625
2021;Mayrhofen <70920>;3917,625
2021;Pill <70921>;1202,625
2021;Ramsau im Zillertal <70922>;1674
2021;Ried im Zillertal <70923>;1278,25
2021;Rohrberg <70924>;578,75
2021;Schlitters <70925>;1510,875
2021;Schwaz <70926>;13881,625
2021;Schwendau <70927>;1761
2021;Stans <70928>;2177,125
2021;Steinberg am Rofan <70929>;290,5
2021;Strass im Zillertal <70930>;857,625
2021;Stumm <70931>;1911,75
2021;Stummerberg <70932>;857,25
2021;Terfens <70933>;2246,75
2021;Tux <70934>;1932,625
2021;Uderns <70935>;1855,75
2021;Vomp <70936>;5292,75
2021;Weer <70937>;1675,375
2021;Weerberg <70938>;2481
2021;Wiesing <70939>;2156,875
2021;Zell am Ziller <70940>;1674
2021;Zellberg <70941>;674,5
2022;Innsbruck <70101>;130734,875
2022;Arzl im Pitztal <70201>;3142,375
2022;Haiming <70202>;4863,75
2022;Imst <70203>;11059,75
2022;Imsterberg <70204>;824
2022;Jerzens <70205>;923,5
2022;Karres <70206>;628,25
2022;Karrösten <70207>;704
2022;Längenfeld <70208>;4848,25
2022;Mieming <70209>;3943,875
2022;Mils bei Imst <70210>;647
2022;Mötz <70211>;1348,625
2022;Nassereith <70212>;2222,625
2022;Obsteig <70213>;1444,5
2022;Oetz <70214>;2383,75
2022;Rietz <70215>;2503
2022;Roppen <70216>;1898,125
2022;St. Leonhard im Pitztal <70217>;1446,5
2022;Sautens <70218>;1618,5
2022;Silz <70219>;2584,625
2022;Sölden <70220>;3012,625
2022;Stams <70221>;1573,375
2022;Tarrenz <70222>;2813,625
2022;Umhausen <70223>;3427,875
2022;Wenns <70224>;2137
2022;Absam <70301>;7320,375
2022;Aldrans <70302>;2807,25
2022;Ampass <70303>;1855
2022;Axams <70304>;6243
2022;Baumkirchen <70305>;1292,75
2022;Birgitz <70306>;1493,25
2022;Ellbögen <70307>;1151,875
2022;Flaurling <70308>;1315,875
2022;Fritzens <70309>;2175,125
2022;Fulpmes <70310>;4517,25
2022;Gnadenwald <70311>;848
2022;Götzens <70312>;4127
2022;Gries am Brenner <70313>;1327,375
2022;Gries im Sellrain <70314>;623,25
2022;Grinzens <70315>;1472,125
2022;Gschnitz <70317>;451,875
2022;Hatting <70318>;1504,75
2022;Inzing <70319>;3996
2022;Kematen in Tirol <70320>;3087
2022;Kolsass <70322>;1659,375
2022;Kolsassberg <70323>;838,25
2022;Kreith ^<70324>;-
2022;Lans <70325>;1135,5
2022;Leutasch <70326>;2510,625
2022;Matrei am Brenner <70370>;3562,625
2022;Matrei am Brenner ^<70327>;-
2022;Mieders <70328>;1989,375
2022;Mils <70329>;4624,125
2022;Mühlbachl ^<70330>;-
2022;Mutters <70331>;2277,375
2022;Natters <70332>;2112,25
2022;Navis <70333>;2060,625
2022;Neustift im Stubaital <70334>;4944,25
2022;Oberhofen im Inntal <70335>;1898
2022;Obernberg am Brenner <70336>;410,625
2022;Oberperfuss <70337>;3093,625
2022;Patsch <70338>;1130,875
2022;Pettnau <70339>;1096,375
2022;Pfaffenhofen <70340>;1267,25
2022;Pfons ^<70341>;-
2022;Polling in Tirol <70342>;1324,875
2022;Ranggen <70343>;1127
2022;Reith bei Seefeld <70344>;1532,5
2022;Rinn <70345>;1940,125
2022;Rum <70346>;9348
2022;St. Sigmund im Sellrain <70347>;185,875
2022;Scharnitz <70348>;1423,625
2022;Schmirn <70349>;881,375
2022;Schönberg im Stubaital <70350>;1077,75
2022;Seefeld in Tirol <70351>;3584,75
2022;Sellrain <70352>;1343,75
2022;Sistrans <70353>;2282
2022;Hall in Tirol <70354>;14438,75
2022;Steinach am Brenner <70355>;3674,375
2022;Telfes im Stubai <70356>;1612
2022;Telfs <70357>;16217,75
2022;Thaur <70358>;4324
2022;Trins <70359>;1358,75
2022;Tulfes <70360>;1692,875
2022;Unterperfuss <70361>;244,625
2022;Vals <70362>;524,5
2022;Vögelsberg ^<70363>;-
2022;Völs <70364>;7092,75
2022;Volders <70365>;4540,375
2022;Wattenberg <70366>;778,5
2022;Wattens <70367>;8142,25
2022;Wildermieming <70368>;995
2022;Zirl <70369>;8201
2022;Aurach bei Kitzbühel <70401>;1137,375
2022;Brixen im Thale <70402>;2667,375
2022;Fieberbrunn <70403>;4567,5
2022;Going am Wilden Kaiser <70404>;1949,75
2022;Hochfilzen <70405>;1290
2022;Hopfgarten im Brixental <70406>;5712,125
2022;Itter <70407>;1198,125
2022;Jochberg <70408>;1512,125
2022;Kirchberg in Tirol <70409>;5336,875
2022;Kirchdorf in Tirol <70410>;4101,25
2022;Kitzbühel <70411>;8250,875
2022;Kössen <70412>;4495,5
2022;Oberndorf in Tirol <70413>;2373,5
2022;Reith bei Kitzbühel <70414>;1732,375
2022;St. Jakob in Haus <70415>;830,5
2022;St. Johann in Tirol <70416>;9797,625
2022;St. Ulrich am Pillersee <70417>;1942,125
2022;Schwendt <70418>;915,875
2022;Waidring <70419>;2079,625
2022;Westendorf <70420>;3685,75
2022;Alpbach <70501>;2549,75
2022;Angath <70502>;1019,5
2022;Bad Häring <70503>;2933,125
2022;Brandenberg <70504>;1555,625
2022;Breitenbach am Inn <70505>;3518,75
2022;Brixlegg <70506>;3046,375
2022;Buchberg am Kaiser ^<70507>;-
2022;Ebbs <70508>;5838
2022;Ellmau <70509>;2900,625
2022;Erl <70510>;1593,375
2022;Kirchbichl <70511>;5949,875
2022;Kramsach <70512>;5009
2022;Kufstein <70513>;19728,375
2022;Kundl <70514>;4867,5
2022;Langkampfen <70515>;4233,5
2022;Mariastein <70516>;452,5
2022;Münster <70517>;3528,375
2022;Niederndorf <70518>;2857,375
2022;Niederndorferberg <70519>;730,125
2022;Radfeld <70520>;2556,75
2022;Rattenberg <70521>;453,875
2022;Reith im Alpbachtal <70522>;2820,125
2022;Rettenschöss <70523>;574,375
2022;Scheffau am Wilden Kaiser <70524>;1581,625
2022;Schwoich <70525>;2576,5
2022;Söll <70526>;3722,25
2022;Thiersee <70527>;3141,75
2022;Angerberg <70528>;1936
2022;Walchsee <70529>;2131,125
2022;Wildschönau <70530>;4352,375
2022;Wörgl <70531>;14367,125
2022;Faggen <70601>;387,5
2022;Fendels <70602>;280,75
2022;Fiss <70603>;1047,375
2022;Fließ <70604>;3122,125
2022;Flirsch <70605>;1012
2022;Galtür <70606>;777,25
2022;Grins <70607>;1367
2022;Ischgl <70608>;1590,375
2022;Kappl <70609>;2530
2022;Kaunerberg <70610>;456,25
2022;Kaunertal <70611>;625,625
2022;Kauns <70612>;529,875
2022;Ladis <70613>;535,625
2022;Landeck <70614>;7610,875
2022;Nauders <70615>;1562,5
2022;Pettneu am Arlberg <70616>;1461,625
2022;Pfunds <70617>;2587,5
2022;Pians <70618>;787,875
2022;Prutz <70619>;1855,875
2022;Ried im Oberinntal <70620>;1289,75
2022;St. Anton am Arlberg <70621>;2345,375
2022;Schönwies <70622>;1752,375
2022;See <70623>;1246,5
2022;Serfaus <70624>;1167,25
2022;Spiss <70625>;100,625
2022;Stanz bei Landeck <70626>;573,125
2022;Strengen <70627>;1234,25
2022;Tobadill <70628>;504,875
2022;Tösens <70629>;760
2022;Zams <70630>;3557,875
2022;Abfaltersbach <70701>;643,625
2022;Ainet <70702>;924,25
2022;Amlach <70703>;517,5
2022;Anras <70704>;1229,125
2022;Assling <70705>;1761,125
2022;Außervillgraten <70706>;735,75
2022;Dölsach <70707>;2303,5
2022;Gaimberg <70708>;878,25
2022;Hopfgarten in Defereggen <70709>;671,75
2022;Innervillgraten <70710>;902,625
2022;Iselsberg-Stronach <70711>;607,875
2022;Kals am Großglockner <70712>;1120
2022;Kartitsch <70713>;746,5
2022;Lavant <70714>;343,375
2022;Leisach <70715>;707,875
2022;Lienz <70716>;11949,125
2022;Matrei in Osttirol <70717>;4619
2022;Nikolsdorf <70718>;885,375
2022;Nußdorf-Debant <70719>;3420,75
2022;Oberlienz <70720>;1468,125
2022;Obertilliach <70721>;671,25
2022;Prägraten am Großvenediger <70723>;1141,5
2022;St. Jakob in Defereggen <70724>;816,75
2022;St. Johann im Walde <70725>;304,5
2022;St. Veit in Defereggen <70726>;629,25
2022;Schlaiten <70727>;450,375
2022;Sillian <70728>;2031,125
2022;Strassen <70729>;798,125
2022;Tessenberg ^<70730>;-
2022;Thurn <70731>;627,25
2022;Tristach <70732>;1520,25
2022;Untertilliach <70733>;218,625
2022;Virgen <70734>;2211,375
2022;Heinfels <70735>;1003,375
2022;Bach <70801>;645,875
2022;Berwang <70802>;602,625
2022;Biberwier <70803>;648,5
2022;Bichlbach <70804>;763,75
2022;Breitenwang <70805>;1473,5
2022;Ehenbichl <70806>;836,75
2022;Ehrwald <70807>;2621,25
2022;Elbigenalp <70808>;906,375
2022;Elmen <70809>;392,625
2022;Forchach <70810>;253,625
2022;Grän <70811>;613,5
2022;Gramais <70812>;40,375
2022;Häselgehr <70813>;672,75
2022;Heiterwang <70814>;535,75
2022;Hinterhornbach <70815>;93,125
2022;Höfen <70816>;1264,125
2022;Holzgau <70817>;378,25
2022;Jungholz <70818>;294,125
2022;Kaisers <70819>;75,5
2022;Lechaschau <70820>;2090
2022;Lermoos <70821>;1140,375
2022;Musau <70822>;385,375
2022;Namlos <70823>;61,75
2022;Nesselwängle <70824>;463,875
2022;Pfafflar <70825>;92,625
2022;Pflach <70826>;1594,75
2022;Pinswang <70827>;420,875
2022;Reutte <70828>;7084,625
2022;Schattwald <70829>;453,75
2022;Stanzach <70830>;513,625
2022;Steeg <70831>;662,25
2022;Tannheim <70832>;1155,625
2022;Vils <70833>;1504,5
2022;Vorderhornbach <70834>;274,125
2022;Wängle <70835>;965,5
2022;Weißenbach am Lech <70836>;1261,625
2022;Zöblen <70837>;245
2022;Achenkirch <70901>;2246,125
2022;Aschau im Zillertal <70902>;1882,625
2022;Brandberg <70903>;367,75
2022;Bruck am Ziller <70904>;1140,25
2022;Buch in Tirol <70905>;2602,25
2022;Eben am Achensee <70907>;3434,75
2022;Finkenberg <70908>;1420,5
2022;Fügen <70909>;4324
2022;Fügenberg <70910>;1478,125
2022;Gallzein <70911>;706,5
2022;Gerlos <70912>;800,25
2022;Gerlosberg <70913>;485,375
2022;Hainzenberg <70914>;738,5
2022;Hart im Zillertal <70915>;1632,625
2022;Hippach <70916>;1450,375
2022;Jenbach <70917>;7402,375
2022;Kaltenbach <70918>;1322,375
2022;Mayrhofen <70920>;3957
2022;Pill <70921>;1234,375
2022;Ramsau im Zillertal <70922>;1697,375
2022;Ried im Zillertal <70923>;1257,375
2022;Rohrberg <70924>;574,375
2022;Schlitters <70925>;1545,625
2022;Schwaz <70926>;14007
2022;Schwendau <70927>;1790,875
2022;Stans <70928>;2199,75
2022;Steinberg am Rofan <70929>;291,625
2022;Strass im Zillertal <70930>;854,5
2022;Stumm <70931>;1903,875
2022;Stummerberg <70932>;855,875
2022;Terfens <70933>;2286
2022;Tux <70934>;1927,75
2022;Uderns <70935>;1893,875
2022;Vomp <70936>;5360,75
2022;Weer <70937>;1741
2022;Weerberg <70938>;2498,875
2022;Wiesing <70939>;2174
2022;Zell am Ziller <70940>;1698,625
2022;Zellberg <70941>;671
2023;Innsbruck <70101>;131568
2023;Arzl im Pitztal <70201>;3151,375
2023;Haiming <70202>;4896,875
2023;Imst <70203>;11111,125
2023;Imsterberg <70204>;821,875
2023;Jerzens <70205>;914,625
2023;Karres <70206>;638,625
2023;Karrösten <70207>;715,5
2023;Längenfeld <70208>;4894,5
2023;Mieming <70209>;3957,375
2023;Mils bei Imst <70210>;658,5
2023;Mötz <70211>;1351,5
2023;Nassereith <70212>;2228,5
2023;Obsteig <70213>;1505,125
2023;Oetz <70214>;2382,25
2023;Rietz <70215>;2512,25
2023;Roppen <70216>;1933,75
2023;St. Leonhard im Pitztal <70217>;1452,75
2023;Sautens <70218>;1593,875
2023;Silz <70219>;2617,875
2023;Sölden <70220>;3073,625
2023;Stams <70221>;1606,875
2023;Tarrenz <70222>;2847,625
2023;Umhausen <70223>;3484,75
2023;Wenns <70224>;2165
2023;Absam <70301>;7359,625
2023;Aldrans <70302>;2806,125
2023;Ampass <70303>;1867,5
2023;Axams <70304>;6297,75
2023;Baumkirchen <70305>;1274,625
2023;Birgitz <70306>;1501,625
2023;Ellbögen <70307>;1169,375
2023;Flaurling <70308>;1307,5
2023;Fritzens <70309>;2193,125
2023;Fulpmes <70310>;4566,875
2023;Gnadenwald <70311>;853,25
2023;Götzens <70312>;4170,875
2023;Gries am Brenner <70313>;1349,25
2023;Gries im Sellrain <70314>;631,125
2023;Grinzens <70315>;1469,875
2023;Gschnitz <70317>;454,125
2023;Hatting <70318>;1512,25
2023;Inzing <70319>;4075,5
2023;Kematen in Tirol <70320>;3271,125
2023;Kolsass <70322>;1659,875
2023;Kolsassberg <70323>;859
2023;Kreith ^<70324>;-
2023;Lans <70325>;1170
2023;Leutasch <70326>;2503
2023;Matrei am Brenner <70370>;3564,375
2023;Matrei am Brenner ^<70327>;-
2023;Mieders <70328>;1995,5
2023;Mils <70329>;4625,75
2023;Mühlbachl ^<70330>;-
2023;Mutters <70331>;2283,25
2023;Natters <70332>;2104,75
2023;Navis <70333>;2052
2023;Neustift im Stubaital <70334>;5007,25
2023;Oberhofen im Inntal <70335>;1909,75
2023;Obernberg am Brenner <70336>;404,75
2023;Oberperfuss <70337>;3094,875
2023;Patsch <70338>;1139,625
2023;Pettnau <70339>;1105,375
2023;Pfaffenhofen <70340>;1285,625
2023;Pfons ^<70341>;-
2023;Polling in Tirol <70342>;1374
2023;Ranggen <70343>;1125
2023;Reith bei Seefeld <70344>;1564,375
2023;Rinn <70345>;1934,375
2023;Rum <70346>;9405,625
2023;St. Sigmund im Sellrain <70347>;187,375
2023;Scharnitz <70348>;1437,125
2023;Schmirn <70349>;872,5
2023;Schönberg im Stubaital <70350>;1068,125
2023;Seefeld in Tirol <70351>;3606,875
2023;Sellrain <70352>;1339,125
2023;Sistrans <70353>;2288,875
2023;Hall in Tirol <70354>;14681,375
2023;Steinach am Brenner <70355>;3697
2023;Telfes im Stubai <70356>;1617,5
2023;Telfs <70357>;16256,375
2023;Thaur <70358>;4363,375
2023;Trins <70359>;1379,25
2023;Tulfes <70360>;1720,25
2023;Unterperfuss <70361>;239,375
2023;Vals <70362>;523,875
2023;Vögelsberg ^<70363>;-
2023;Völs <70364>;7248,375
2023;Volders <70365>;4551,625
2023;Wattenberg <70366>;784,25
2023;Wattens <70367>;8139,5
2023;Wildermieming <70368>;1002,5
2023;Zirl <70369>;8279,75
2023;Aurach bei Kitzbühel <70401>;1145
2023;Brixen im Thale <70402>;2688,5
2023;Fieberbrunn <70403>;4553,5
2023;Going am Wilden Kaiser <70404>;1958,5
2023;Hochfilzen <70405>;1305,5
2023;Hopfgarten im Brixental <70406>;5767,75
2023;Itter <70407>;1186,875
2023;Jochberg <70408>;1524,25
2023;Kirchberg in Tirol <70409>;5311,75
2023;Kirchdorf in Tirol <70410>;4110,125
2023;Kitzbühel <70411>;8282
2023;Kössen <70412>;4569,375
2023;Oberndorf in Tirol <70413>;2415,375
2023;Reith bei Kitzbühel <70414>;1735,75
2023;St. Jakob in Haus <70415>;828,125
2023;St. Johann in Tirol <70416>;9874
2023;St. Ulrich am Pillersee <70417>;1940,625
2023;Schwendt <70418>;914,375
2023;Waidring <70419>;2080,75
2023;Westendorf <70420>;3674
2023;Alpbach <70501>;2560,125
2023;Angath <70502>;1015,25
2023;Bad Häring <70503>;2984,875
2023;Brandenberg <70504>;1535,125
2023;Breitenbach am Inn <70505>;3539,125
2023;Brixlegg <70506>;3080,375
2023;Buchberg am Kaiser ^<70507>;-
2023;Ebbs <70508>;5898,625
2023;Ellmau <70509>;2931,625
2023;Erl <70510>;1605,125
2023;Kirchbichl <70511>;6002,5
2023;Kramsach <70512>;5025,625
2023;Kufstein <70513>;20056,375
2023;Kundl <70514>;4927,25
2023;Langkampfen <70515>;4235,375
2023;Mariastein <70516>;444,375
2023;Münster <70517>;3581,375
2023;Niederndorf <70518>;2878,125
2023;Niederndorferberg <70519>;738,25
2023;Radfeld <70520>;2569
2023;Rattenberg <70521>;459,125
2023;Reith im Alpbachtal <70522>;2805,5
2023;Rettenschöss <70523>;578,875
2023;Scheffau am Wilden Kaiser <70524>;1573,875
2023;Schwoich <70525>;2623,875
2023;Söll <70526>;3751,125
2023;Thiersee <70527>;3160,75
2023;Angerberg <70528>;1956,25
2023;Walchsee <70529>;2176,875
2023;Wildschönau <70530>;4370,375
2023;Wörgl <70531>;14456
2023;Faggen <70601>;390,25
2023;Fendels <70602>;283,5
2023;Fiss <70603>;1058,625
2023;Fließ <70604>;3140,75
2023;Flirsch <70605>;1033,75
2023;Galtür <70606>;778,625
2023;Grins <70607>;1362,25
2023;Ischgl <70608>;1611,625
2023;Kappl <70609>;2542,375
2023;Kaunerberg <70610>;453,75
2023;Kaunertal <70611>;632,875
2023;Kauns <70612>;540
2023;Ladis <70613>;547,75
2023;Landeck <70614>;7615,875
2023;Nauders <70615>;1569,75
2023;Pettneu am Arlberg <70616>;1457,625
2023;Pfunds <70617>;2605,125
2023;Pians <70618>;793,125
2023;Prutz <70619>;1886,25
2023;Ried im Oberinntal <70620>;1322,625
2023;St. Anton am Arlberg <70621>;2352
2023;Schönwies <70622>;1758,125
2023;See <70623>;1234,375
2023;Serfaus <70624>;1191,5
2023;Spiss <70625>;100,375
2023;Stanz bei Landeck <70626>;576,125
2023;Strengen <70627>;1219,75
2023;Tobadill <70628>;496,875
2023;Tösens <70629>;763,125
2023;Zams <70630>;3638,625
2023;Abfaltersbach <70701>;643,75
2023;Ainet <70702>;913
2023;Amlach <70703>;524
2023;Anras <70704>;1219,625
2023;Assling <70705>;1752,25
2023;Außervillgraten <70706>;731,75
2023;Dölsach <70707>;2308,75
2023;Gaimberg <70708>;874,875
2023;Hopfgarten in Defereggen <70709>;663,375
2023;Innervillgraten <70710>;896,375
2023;Iselsberg-Stronach <70711>;609,625
2023;Kals am Großglockner <70712>;1115,375
2023;Kartitsch <70713>;758,25
2023;Lavant <70714>;350,5
2023;Leisach <70715>;709,625
2023;Lienz <70716>;12025,125
2023;Matrei in Osttirol <70717>;4612,75
2023;Nikolsdorf <70718>;878
2023;Nußdorf-Debant <70719>;3399,125
2023;Oberlienz <70720>;1476,25
2023;Obertilliach <70721>;667,625
2023;Prägraten am Großvenediger <70723>;1128,875
2023;St. Jakob in Defereggen <70724>;816
2023;St. Johann im Walde <70725>;302
2023;St. Veit in Defereggen <70726>;623,875
2023;Schlaiten <70727>;467
2023;Sillian <70728>;2016,625
2023;Strassen <70729>;803,875
2023;Tessenberg ^<70730>;-
2023;Thurn <70731>;634,5
2023;Tristach <70732>;1518,625
2023;Untertilliach <70733>;212,125
2023;Virgen <70734>;2205,375
2023;Heinfels <70735>;1005,75
2023;Bach <70801>;647,875
2023;Berwang <70802>;630,5
2023;Biberwier <70803>;663,125
2023;Bichlbach <70804>;759,375
2023;Breitenwang <70805>;1462,5
2023;Ehenbichl <70806>;827,25
2023;Ehrwald <70807>;2597,875
2023;Elbigenalp <70808>;905,25
2023;Elmen <70809>;396,375
2023;Forchach <70810>;245,875
2023;Grän <70811>;611,125
2023;Gramais <70812>;41,375
2023;Häselgehr <70813>;678,125
2023;Heiterwang <70814>;541,875
2023;Hinterhornbach <70815>;92,5
2023;Höfen <70816>;1277,75
2023;Holzgau <70817>;391,5
2023;Jungholz <70818>;298
2023;Kaisers <70819>;72,125
2023;Lechaschau <70820>;2097,625
2023;Lermoos <70821>;1161,5
2023;Musau <70822>;383,125
2023;Namlos <70823>;58,125
2023;Nesselwängle <70824>;470,875
2023;Pfafflar <70825>;93,5
2023;Pflach <70826>;1609,75
2023;Pinswang <70827>;420,375
2023;Reutte <70828>;7202,25
2023;Schattwald <70829>;455,125
2023;Stanzach <70830>;515,25
2023;Steeg <70831>;658,5
2023;Tannheim <70832>;1167,125
2023;Vils <70833>;1506,125
2023;Vorderhornbach <70834>;270
2023;Wängle <70835>;985,375
2023;Weißenbach am Lech <70836>;1268,5
2023;Zöblen <70837>;250
2023;Achenkirch <70901>;2269,25
2023;Aschau im Zillertal <70902>;1866
2023;Brandberg <70903>;379,375
2023;Bruck am Ziller <70904>;1123,5
2023;Buch in Tirol <70905>;2613,625
2023;Eben am Achensee <70907>;3514,375
2023;Finkenberg <70908>;1439,75
2023;Fügen <70909>;4322
2023;Fügenberg <70910>;1516,875
2023;Gallzein <70911>;706,5
2023;Gerlos <70912>;795,75
2023;Gerlosberg <70913>;482,875
2023;Hainzenberg <70914>;737,875
2023;Hart im Zillertal <70915>;1646
2023;Hippach <70916>;1451
2023;Jenbach <70917>;7532,25
2023;Kaltenbach <70918>;1321,125
2023;Mayrhofen <70920>;3970,125
2023;Pill <70921>;1259,625
2023;Ramsau im Zillertal <70922>;1733,375
2023;Ried im Zillertal <70923>;1269,125
2023;Rohrberg <70924>;572,25
2023;Schlitters <70925>;1566,375
2023;Schwaz <70926>;14356,625
2023;Schwendau <70927>;1834,25
2023;Stans <70928>;2222,875
2023;Steinberg am Rofan <70929>;292,125
2023;Strass im Zillertal <70930>;845,75
2023;Stumm <70931>;1930
2023;Stummerberg <70932>;860,875
2023;Terfens <70933>;2305,375
2023;Tux <70934>;1934,75
2023;Uderns <70935>;1924,625
2023;Vomp <70936>;5488,5
2023;Weer <70937>;1771,375
2023;Weerberg <70938>;2500,75
2023;Wiesing <70939>;2175,375
2023;Zell am Ziller <70940>;1718,375
2023;Zellberg <70941>;661,75
2024;Innsbruck <70101>;132159,625
2024;Arzl im Pitztal <70201>;3171,625
2024;Haiming <70202>;4888,125
2024;Imst <70203>;11130,875
2024;Imsterberg <70204>;828,75
2024;Jerzens <70205>;899,625
2024;Karres <70206>;628,75
2024;Karrösten <70207>;721,375
2024;Längenfeld <70208>;4912,25
2024;Mieming <70209>;3970,375
2024;Mils bei Imst <70210>;659
2024;Mötz <70211>;1370,375
2024;Nassereith <70212>;2266,5
2024;Obsteig <70213>;1470,875
2024;Oetz <70214>;2405,125
2024;Rietz <70215>;2520,625
2024;Roppen <70216>;1960,75
2024;St. Leonhard im Pitztal <70217>;1444,25
2024;Sautens <70218>;1607,5
2024;Silz <70219>;2633,625
2024;Sölden <70220>;3063,25
2024;Stams <70221>;1594,75
2024;Tarrenz <70222>;2835,25
2024;Umhausen <70223>;3519,75
2024;Wenns <70224>;2164,375
2024;Absam <70301>;7353,875
2024;Aldrans <70302>;2835,125
2024;Ampass <70303>;1833,875
2024;Axams <70304>;6348,75
2024;Baumkirchen <70305>;1261,25
2024;Birgitz <70306>;1501,125
2024;Ellbögen <70307>;1184,625
2024;Flaurling <70308>;1325,625
2024;Fritzens <70309>;2185,5
2024;Fulpmes <70310>;4614,25
2024;Gnadenwald <70311>;853,5
2024;Götzens <70312>;4217,5
2024;Gries am Brenner <70313>;1348,625
2024;Gries im Sellrain <70314>;628,25
2024;Grinzens <70315>;1472,875
2024;Gschnitz <70317>;463,125
2024;Hatting <70318>;1499,25
2024;Inzing <70319>;4132,5
2024;Kematen in Tirol <70320>;3322,125
2024;Kolsass <70322>;1674,875
2024;Kolsassberg <70323>;875,25
2024;Kreith ^<70324>;-
2024;Lans <70325>;1170,25
2024;Leutasch <70326>;2535,125
2024;Matrei am Brenner <70370>;3558,125
2024;Matrei am Brenner ^<70327>;-
2024;Mieders <70328>;1996,625
2024;Mils <70329>;4699,5
2024;Mühlbachl ^<70330>;-
2024;Mutters <70331>;2308,25
2024;Natters <70332>;2146,375
2024;Navis <70333>;2054,75
2024;Neustift im Stubaital <70334>;4992,25
2024;Oberhofen im Inntal <70335>;1942,875
2024;Obernberg am Brenner <70336>;397,125
2024;Oberperfuss <70337>;3123,875
2024;Patsch <70338>;1152,625
2024;Pettnau <70339>;1114,75
2024;Pfaffenhofen <70340>;1297,5
2024;Pfons ^<70341>;-
2024;Polling in Tirol <70342>;1376,625
2024;Ranggen <70343>;1142,75
2024;Reith bei Seefeld <70344>;1569,125
2024;Rinn <70345>;1939,125
2024;Rum <70346>;9478,625
2024;St. Sigmund im Sellrain <70347>;181,875
2024;Scharnitz <70348>;1424,125
2024;Schmirn <70349>;867
2024;Schönberg im Stubaital <70350>;1071,625
2024;Seefeld in Tirol <70351>;3630,625
2024;Sellrain <70352>;1339,875
2024;Sistrans <70353>;2290,625
2024;Hall in Tirol <70354>;14758,875
2024;Steinach am Brenner <70355>;3682,875
2024;Telfes im Stubai <70356>;1621
2024;Telfs <70357>;16311,625
2024;Thaur <70358>;4397,25
2024;Trins <70359>;1390,875
2024;Tulfes <70360>;1734,875
2024;Unterperfuss <70361>;243,125
2024;Vals <70362>;528,375
2024;Vögelsberg ^<70363>;-
2024;Völs <70364>;7295,25
2024;Volders <70365>;4611,125
2024;Wattenberg <70366>;799,875
2024;Wattens <70367>;8132,375
2024;Wildermieming <70368>;1014,625
2024;Zirl <70369>;8302,75
2024;Aurach bei Kitzbühel <70401>;1132,75
2024;Brixen im Thale <70402>;2710,375
2024;Fieberbrunn <70403>;4557,5
2024;Going am Wilden Kaiser <70404>;1974
2024;Hochfilzen <70405>;1321,5
2024;Hopfgarten im Brixental <70406>;5819,75
2024;Itter <70407>;1184,25
2024;Jochberg <70408>;1521,625
2024;Kirchberg in Tirol <70409>;5284,5
2024;Kirchdorf in Tirol <70410>;4187,75
2024;Kitzbühel <70411>;8264,25
2024;Kössen <70412>;4599,75
2024;Oberndorf in Tirol <70413>;2387,5
2024;Reith bei Kitzbühel <70414>;1747,875
2024;St. Jakob in Haus <70415>;838,75
2024;St. Johann in Tirol <70416>;9867,25
2024;St. Ulrich am Pillersee <70417>;1927,125
2024;Schwendt <70418>;915,375
2024;Waidring <70419>;2086,25
2024;Westendorf <70420>;3729,625
2024;Alpbach <70501>;2544,25
2024;Angath <70502>;1011,25
2024;Bad Häring <70503>;2998,375
2024;Brandenberg <70504>;1519
2024;Breitenbach am Inn <70505>;3558,875
2024;Brixlegg <70506>;3128,75
2024;Buchberg am Kaiser ^<70507>;-
2024;Ebbs <70508>;5950,375
2024;Ellmau <70509>;2959,625
2024;Erl <70510>;1625,75
2024;Kirchbichl <70511>;6019,25
2024;Kramsach <70512>;5061,25
2024;Kufstein <70513>;20178,125
2024;Kundl <70514>;4981,75
2024;Langkampfen <70515>;4290,25
2024;Mariastein <70516>;453,25
2024;Münster <70517>;3606
2024;Niederndorf <70518>;2894,25
2024;Niederndorferberg <70519>;736,125
2024;Radfeld <70520>;2557,75
2024;Rattenberg <70521>;461
2024;Reith im Alpbachtal <70522>;2839,5
2024;Rettenschöss <70523>;569,625
2024;Scheffau am Wilden Kaiser <70524>;1544,75
2024;Schwoich <70525>;2646,375
2024;Söll <70526>;3772,25
2024;Thiersee <70527>;3170,5
2024;Angerberg <70528>;1973,375
2024;Walchsee <70529>;2198
2024;Wildschönau <70530>;4402
2024;Wörgl <70531>;14464,875
2024;Faggen <70601>;395,25
2024;Fendels <70602>;287
2024;Fiss <70603>;1047,375
2024;Fließ <70604>;3120,875
2024;Flirsch <70605>;1033,5
2024;Galtür <70606>;785,125
2024;Grins <70607>;1383,5
2024;Ischgl <70608>;1628,875
2024;Kappl <70609>;2541,25
2024;Kaunerberg <70610>;453,625
2024;Kaunertal <70611>;638,75
2024;Kauns <70612>;548,75
2024;Ladis <70613>;544,375
2024;Landeck <70614>;7668,125
2024;Nauders <70615>;1559,625
2024;Pettneu am Arlberg <70616>;1447,625
2024;Pfunds <70617>;2598,125
2024;Pians <70618>;793,625
2024;Prutz <70619>;1876,75
2024;Ried im Oberinntal <70620>;1347,375
2024;St. Anton am Arlberg <70621>;2343,375
2024;Schönwies <70622>;1765,75
2024;See <70623>;1242,375
2024;Serfaus <70624>;1187
2024;Spiss <70625>;97,125
2024;Stanz bei Landeck <70626>;581,625
2024;Strengen <70627>;1199,875
2024;Tobadill <70628>;498,375
2024;Tösens <70629>;758,75
2024;Zams <70630>;3629,125
2024;Abfaltersbach <70701>;640
2024;Ainet <70702>;917,125
2024;Amlach <70703>;532,625
2024;Anras <70704>;1209,5
2024;Assling <70705>;1737,625
2024;Außervillgraten <70706>;725
2024;Dölsach <70707>;2316,25
2024;Gaimberg <70708>;862,75
2024;Hopfgarten in Defereggen <70709>;665,5
2024;Innervillgraten <70710>;902,25
2024;Iselsberg-Stronach <70711>;610
2024;Kals am Großglockner <70712>;1108,875
2024;Kartitsch <70713>;759,25
2024;Lavant <70714>;349,5
2024;Leisach <70715>;729,5
2024;Lienz <70716>;12092,25
2024;Matrei in Osttirol <70717>;4600,625
2024;Nikolsdorf <70718>;872,5
2024;Nußdorf-Debant <70719>;3402
2024;Oberlienz <70720>;1482,75
2024;Obertilliach <70721>;667,25
2024;Prägraten am Großvenediger <70723>;1136,875
2024;St. Jakob in Defereggen <70724>;820,75
2024;St. Johann im Walde <70725>;295,875
2024;St. Veit in Defereggen <70726>;622,625
2024;Schlaiten <70727>;470,125
2024;Sillian <70728>;2026,875
2024;Strassen <70729>;805,5
2024;Tessenberg ^<70730>;-
2024;Thurn <70731>;644,375
2024;Tristach <70732>;1497,875
2024;Untertilliach <70733>;213,875
2024;Virgen <70734>;2218,875
2024;Heinfels <70735>;1011,25
2024;Bach <70801>;647,5
2024;Berwang <70802>;625
2024;Biberwier <70803>;670,25
2024;Bichlbach <70804>;779,75
2024;Breitenwang <70805>;1443,875
2024;Ehenbichl <70806>;829,375
2024;Ehrwald <70807>;2608,625
2024;Elbigenalp <70808>;893,875
2024;Elmen <70809>;399,25
2024;Forchach <70810>;256,5
2024;Grän <70811>;612,875
2024;Gramais <70812>;43,5
2024;Häselgehr <70813>;690
2024;Heiterwang <70814>;551,625
2024;Hinterhornbach <70815>;90,75
2024;Höfen <70816>;1286,625
2024;Holzgau <70817>;386,375
2024;Jungholz <70818>;299,25
2024;Kaisers <70819>;71,375
2024;Lechaschau <70820>;2082,5
2024;Lermoos <70821>;1161,125
2024;Musau <70822>;387,125
2024;Namlos <70823>;56
2024;Nesselwängle <70824>;473,375
2024;Pfafflar <70825>;95,5
2024;Pflach <70826>;1636,875
2024;Pinswang <70827>;423,625
2024;Reutte <70828>;7297,625
2024;Schattwald <70829>;464,375
2024;Stanzach <70830>;515,25
2024;Steeg <70831>;648,75
2024;Tannheim <70832>;1164,625
2024;Vils <70833>;1512,375
2024;Vorderhornbach <70834>;275,375
2024;Wängle <70835>;999,875
2024;Weißenbach am Lech <70836>;1256,875
2024;Zöblen <70837>;241,5
2024;Achenkirch <70901>;2252,75
2024;Aschau im Zillertal <70902>;1869,25
2024;Brandberg <70903>;382,125
2024;Bruck am Ziller <70904>;1137,5
2024;Buch in Tirol <70905>;2609,875
2024;Eben am Achensee <70907>;3520,25
2024;Finkenberg <70908>;1415,25
2024;Fügen <70909>;4313,5
2024;Fügenberg <70910>;1504,375
2024;Gallzein <70911>;698,5
2024;Gerlos <70912>;788,625
2024;Gerlosberg <70913>;481,375
2024;Hainzenberg <70914>;741,25
2024;Hart im Zillertal <70915>;1670,75
2024;Hippach <70916>;1439,75
2024;Jenbach <70917>;7610,25
2024;Kaltenbach <70918>;1297,75
2024;Mayrhofen <70920>;3974,75
2024;Pill <70921>;1273,75
2024;Ramsau im Zillertal <70922>;1736,875
2024;Ried im Zillertal <70923>;1245,25
2024;Rohrberg <70924>;578,75
2024;Schlitters <70925>;1579,375
2024;Schwaz <70926>;14439,75
2024;Schwendau <70927>;1818,125
2024;Stans <70928>;2241,625
2024;Steinberg am Rofan <70929>;298,125
2024;Strass im Zillertal <70930>;841,875
2024;Stumm <70931>;1930,125
2024;Stummerberg <70932>;873
2024;Terfens <70933>;2310,125
2024;Tux <70934>;1912
2024;Uderns <70935>;1995,5
2024;Vomp <70936>;5472,5
2024;Weer <70937>;1809,5
2024;Weerberg <70938>;2538,5
2024;Wiesing <70939>;2210,75
2024;Zell am Ziller <70940>;1761,75
2024;Zellberg <70941>;654,75
