"jahr","gemnr","au_zu","au_weg"
"2002","10101",92,127
"2002","10201",8,16
"2002","10301",11,10
"2002","10302",14,13
"2002","10303",12,11
"2002","10304",30,25
"2002","10305",10,6
"2002","10306",3,2
"2002","10307",12,14
"2002","10308",9,9
"2002","10309",15,13
"2002","10310",2,1
"2002","10311",10,6
"2002","10312",19,25
"2002","10313",13,28
"2002","10314",14,6
"2002","10315",26,14
"2002","10316",10,10
"2002","10317",30,14
"2002","10318",16,2
"2002","10319",11,8
"2002","10320",3,2
"2002","10321",3,5
"2002","10322",4,3
"2002","10323",2,1
"2002","10401",0,3
"2002","10402",8,4
"2002","10403",7,6
"2002","10404",6,1
"2002","10405",47,19
"2002","10406",2,10
"2002","10407",8,4
"2002","10408",6,22
"2002","10409",1,0
"2002","10410",1,5
"2002","10411",3,11
"2002","10412",8,3
"2002","10413",2,0
"2002","10414",6,9
"2002","10415",81,27
"2002","10416",4,1
"2002","10417",7,3
"2002","10418",0,6
"2002","10419",2,3
"2002","10420",1,3
"2002","10421",0,2
"2002","10422",NA,NA
"2002","10423",1,0
"2002","10424",0,1
"2002","10425",NA,NA
"2002","10426",1,1
"2002","10427",4,3
"2002","10428",0,3
"2002","10501",9,5
"2002","10502",8,11
"2002","10503",8,5
"2002","10504",23,19
"2002","10505",1,2
"2002","10506",2,3
"2002","10507",2,2
"2002","10508",7,4
"2002","10509",11,9
"2002","10510",3,8
"2002","10511",2,3
"2002","10512",4,5
"2002","10601",2,4
"2002","10602",94,34
"2002","10603",2,5
"2002","10604",10,6
"2002","10605",7,12
"2002","10606",46,36
"2002","10607",60,32
"2002","10608",3,3
"2002","10609",10,7
"2002","10610",16,11
"2002","10611",20,14
"2002","10612",9,10
"2002","10613",11,6
"2002","10614",7,3
"2002","10615",12,5
"2002","10616",3,7
"2002","10617",6,8
"2002","10618",23,31
"2002","10619",1,3
"2002","10701",7,1
"2002","10702",3,0
"2002","10703",25,8
"2002","10704",4,5
"2002","10705",18,5
"2002","10706",12,8
"2002","10707",22,12
"2002","10708",4,1
"2002","10709",6,10
"2002","10710",3,2
"2002","10711",8,8
"2002","10712",12,6
"2002","10713",66,54
"2002","10714",14,8
"2002","10715",12,7
"2002","10716",5,3
"2002","10717",35,15
"2002","10718",14,10
"2002","10719",3,1
"2002","10720",5,1
"2002","10721",25,20
"2002","10722",8,3
"2002","10723",5,4
"2002","10724",13,36
"2002","10725",14,7
"2002","10726",2,2
"2002","10727",2,0
"2002","10801",7,4
"2002","10802",10,7
"2002","10803",6,5
"2002","10804",15,10
"2002","10805",114,24
"2002","10806",1,1
"2002","10807",12,6
"2002","10808",4,5
"2002","10809",4,6
"2002","10810",7,7
"2002","10811",3,9
"2002","10812",4,5
"2002","10813",4,10
"2002","10814",4,5
"2002","10815",0,5
"2002","10816",30,13
"2002","10817",2,2
"2002","10818",1,0
"2002","10819",3,3
"2002","10820",2,0
"2002","10821",7,8
"2002","10822",14,8
"2002","10823",6,8
"2002","10824",3,1
"2002","10825",49,25
"2002","10826",2,0
"2002","10827",1,2
"2002","10828",0,4
"2002","10901",10,12
"2002","10902",5,10
"2002","10903",5,1
"2002","10904",9,1
"2002","10905",11,13
"2002","10906",6,3
"2002","10907",12,11
"2002","10908",9,4
"2002","10909",28,6
"2002","10910",8,4
"2002","10911",NA,NA
"2002","10912",12,6
"2002","10913",4,5
"2002","10914",3,1
"2002","10915",5,1
"2002","10916",15,4
"2002","10917",53,41
"2002","10918",26,31
"2002","10919",34,12
"2002","10920",4,4
"2002","10921",8,4
"2002","10922",11,9
"2002","10923",7,5
"2002","10924",2,0
"2002","10925",7,2
"2002","10926",3,1
"2002","10927",5,0
"2002","10928",4,2
"2002","10929",3,5
"2002","10930",0,4
"2002","10931",0,1
"2002","10932",2,0
"2002","20101",947,758
"2002","20201",421,415
"2002","20302",0,7
"2002","20305",21,30
"2002","20306",12,9
"2002","20307",9,7
"2002","20316",13,8
"2002","20320",8,3
"2002","20321",0,7
"2002","20402",48,25
"2002","20403",13,19
"2002","20405",46,35
"2002","20409",13,12
"2002","20412",7,18
"2002","20414",7,6
"2002","20415",22,15
"2002","20416",12,9
"2002","20417",28,12
"2002","20418",14,11
"2002","20419",16,16
"2002","20421",61,32
"2002","20424",25,38
"2002","20425",14,11
"2002","20428",7,2
"2002","20432",26,21
"2002","20435",20,20
"2002","20441",2,2
"2002","20442",15,19
"2002","20501",47,20
"2002","20502",10,27
"2002","20503",2,1
"2002","20504",14,11
"2002","20505",24,14
"2002","20506",11,3
"2002","20508",6,7
"2002","20509",4,6
"2002","20511",4,15
"2002","20512",12,20
"2002","20513",5,6
"2002","20515",14,22
"2002","20518",84,25
"2002","20519",2,11
"2002","20520",4,7
"2002","20523",22,15
"2002","20527",54,67
"2002","20530",13,31
"2002","20531",7,10
"2002","20534",24,30
"2002","20601",26,23
"2002","20602",4,3
"2002","20603",6,5
"2002","20604",9,5
"2002","20605",2,12
"2002","20607",7,7
"2002","20608",14,7
"2002","20609",8,10
"2002","20610",5,7
"2002","20611",2,8
"2002","20613",3,2
"2002","20616",5,6
"2002","20618",4,12
"2002","20619",9,12
"2002","20620",42,36
"2002","20622",3,3
"2002","20624",7,4
"2002","20625",6,5
"2002","20627",17,30
"2002","20630",134,60
"2002","20631",3,7
"2002","20632",9,13
"2002","20633",18,10
"2002","20634",33,27
"2002","20635",95,79
"2002","20636",8,9
"2002","20637",14,13
"2002","20638",1,1
"2002","20639",5,6
"2002","20640",12,5
"2002","20642",7,9
"2002","20643",7,19
"2002","20644",7,19
"2002","20701",3,3
"2002","20702",51,42
"2002","20703",8,5
"2002","20705",15,24
"2002","20707",2,1
"2002","20708",43,21
"2002","20710",6,11
"2002","20711",42,38
"2002","20712",1,5
"2002","20713",8,3
"2002","20719",4,4
"2002","20720",21,17
"2002","20721",15,14
"2002","20722",15,19
"2002","20723",9,5
"2002","20724",30,33
"2002","20725",66,82
"2002","20726",9,10
"2002","20727",20,29
"2002","20801",20,13
"2002","20802",1,2
"2002","20803",66,23
"2002","20804",8,8
"2002","20805",7,4
"2002","20806",10,7
"2002","20807",4,5
"2002","20808",17,34
"2002","20810",5,15
"2002","20812",5,6
"2002","20813",187,40
"2002","20815",7,9
"2002","20817",29,49
"2002","20901",7,33
"2002","20905",12,7
"2002","20909",4,27
"2002","20911",8,4
"2002","20912",3,4
"2002","20913",43,60
"2002","20914",2,5
"2002","20918",6,10
"2002","20923",88,77
"2002","21001",7,6
"2002","21002",84,101
"2002","21003",15,37
"2002","21004",11,12
"2002","21005",16,17
"2002","21006",10,3
"2002","21007",17,9
"2002","21008",38,19
"2002","21009",31,21
"2002","21010",3,11
"2002","30101",380,180
"2002","30201",645,375
"2002","30301",105,48
"2002","30401",411,381
"2002","30501",8,3
"2002","30502",192,136
"2002","30503",7,4
"2002","30504",21,11
"2002","30506",13,18
"2002","30507",4,3
"2002","30508",11,7
"2002","30509",3,10
"2002","30510",0,5
"2002","30511",6,6
"2002","30512",2,1
"2002","30514",17,14
"2002","30515",5,10
"2002","30516",10,9
"2002","30517",10,18
"2002","30520",10,4
"2002","30521",2,4
"2002","30522",3,1
"2002","30524",2,2
"2002","30526",2,0
"2002","30527",13,17
"2002","30529",6,4
"2002","30530",26,13
"2002","30531",62,59
"2002","30532",15,11
"2002","30533",35,24
"2002","30534",6,9
"2002","30536",7,2
"2002","30538",10,5
"2002","30539",5,1
"2002","30541",3,1
"2002","30542",8,3
"2002","30543",11,15
"2002","30544",3,10
"2002","30601",20,24
"2002","30602",121,30
"2002","30603",124,68
"2002","30604",340,228
"2002","30605",76,35
"2002","30607",179,99
"2002","30608",25,18
"2002","30609",1,1
"2002","30612",17,4
"2002","30613",25,19
"2002","30614",9,12
"2002","30615",39,57
"2002","30616",13,6
"2002","30618",65,25
"2002","30620",49,17
"2002","30621",29,8
"2002","30623",37,27
"2002","30625",43,21
"2002","30626",53,47
"2002","30627",27,9
"2002","30629",17,8
"2002","30631",10,3
"2002","30633",9,8
"2002","30635",13,9
"2002","30636",51,49
"2002","30637",20,11
"2002","30639",252,147
"2002","30641",32,11
"2002","30645",26,10
"2002","30646",17,11
"2002","30701",1,3
"2002","30702",14,9
"2002","30703",4,4
"2002","30704",65,59
"2002","30706",13,26
"2002","30708",5,8
"2002","30709",8,14
"2002","30710",55,29
"2002","30711",5,9
"2002","30712",6,5
"2002","30713",8,4
"2002","30715",8,3
"2002","30716",47,17
"2002","30718",3,1
"2002","30719",10,2
"2002","30721",14,12
"2002","30722",19,14
"2002","30724",10,3
"2002","30726",13,12
"2002","30728",2,1
"2002","30729",37,19
"2002","30730",58,16
"2002","30731",10,8
"2002","30732",43,17
"2002","30733",3,3
"2002","30734",17,11
"2002","30735",19,12
"2002","30736",13,13
"2002","30737",4,0
"2002","30738",8,10
"2002","30739",20,22
"2002","30740",151,127
"2002","30741",11,6
"2002","30801",12,8
"2002","30802",6,6
"2002","30803",33,29
"2002","30804",16,6
"2002","30805",10,19
"2002","30808",52,55
"2002","30810",13,11
"2002","30811",3,11
"2002","30812",2,3
"2002","30813",16,12
"2002","30814",12,7
"2002","30817",85,56
"2002","30819",6,7
"2002","30821",97,104
"2002","30822",6,5
"2002","30824",7,1
"2002","30825",6,4
"2002","30826",6,3
"2002","30827",19,13
"2002","30828",1,0
"2002","30829",1,1
"2002","30830",58,65
"2002","30831",21,22
"2002","30834",10,4
"2002","30835",30,25
"2002","30836",61,63
"2002","30838",30,17
"2002","30841",4,5
"2002","30842",16,14
"2002","30844",24,27
"2002","30845",5,4
"2002","30846",NA,NA
"2002","30848",11,8
"2002","30849",58,56
"2002","30850",3,2
"2002","30852",7,4
"2002","30854",12,3
"2002","30856",61,35
"2002","30857",6,3
"2002","30858",15,15
"2002","30859",2,4
"2002","30860",9,12
"2002","30863",23,14
"2002","30865",15,10
"2002","30902",7,1
"2002","30903",22,4
"2002","30904",1,5
"2002","30906",NA,NA
"2002","30908",27,34
"2002","30909",12,2
"2002","30910",80,24
"2002","30912",3,0
"2002","30913",0,5
"2002","30915",1,0
"2002","30916",20,5
"2002","30917",3,0
"2002","30920",61,3
"2002","30921",1,3
"2002","30925",4,8
"2002","30929",2,1
"2002","30932",3,3
"2002","30935",24,13
"2002","30939",7,1
"2002","30940",5,0
"2002","30942",4,7
"2002","31001",5,0
"2002","31008",44,35
"2002","31009",12,4
"2002","31014",10,5
"2002","31015",10,4
"2002","31016",2,9
"2002","31018",14,13
"2002","31019",9,6
"2002","31021",14,12
"2002","31022",158,93
"2002","31025",1,1
"2002","31026",5,13
"2002","31028",4,3
"2002","31033",3,1
"2002","31035",8,1
"2002","31036",9,7
"2002","31037",22,17
"2002","31038",6,1
"2002","31041",8,18
"2002","31042",8,13
"2002","31043",6,5
"2002","31051",15,18
"2002","31052",10,2
"2002","31053",10,8
"2002","31101",4,7
"2002","31102",6,2
"2002","31103",2,4
"2002","31104",8,2
"2002","31105",30,37
"2002","31106",13,7
"2002","31107",7,2
"2002","31109",31,32
"2002","31110",10,4
"2002","31111",0,3
"2002","31113",6,1
"2002","31114",0,2
"2002","31117",0,2
"2002","31119",0,1
"2002","31120",0,4
"2002","31121",5,27
"2002","31123",5,5
"2002","31124",1,3
"2002","31129",1,5
"2002","31130",3,1
"2002","31201",16,25
"2002","31202",7,14
"2002","31203",76,82
"2002","31204",8,2
"2002","31205",13,8
"2002","31206",31,13
"2002","31207",16,11
"2002","31208",11,10
"2002","31213",81,78
"2002","31214",53,27
"2002","31215",11,8
"2002","31216",30,26
"2002","31224",7,6
"2002","31226",11,9
"2002","31227",8,14
"2002","31228",7,6
"2002","31229",7,2
"2002","31230",88,128
"2002","31234",4,2
"2002","31235",41,34
"2002","31301",2,4
"2002","31302",1,0
"2002","31303",9,1
"2002","31304",6,7
"2002","31308",14,8
"2002","31309",14,21
"2002","31310",5,6
"2002","31311",8,1
"2002","31315",57,16
"2002","31319",4,7
"2002","31321",2,4
"2002","31322",20,7
"2002","31323",1,4
"2002","31324",3,7
"2002","31326",0,7
"2002","31327",16,13
"2002","31330",2,8
"2002","31333",9,9
"2002","31336",11,4
"2002","31337",15,4
"2002","31338",2,26
"2002","31340",3,3
"2002","31343",14,10
"2002","31344",7,9
"2002","31346",16,19
"2002","31347",0,3
"2002","31350",NA,NA
"2002","31351",16,13
"2002","31355",9,2
"2002","31356",1,3
"2002","31401",56,30
"2002","31402",11,4
"2002","31403",94,50
"2002","31404",9,2
"2002","31405",3,3
"2002","31406",4,5
"2002","31407",42,11
"2002","31408",10,9
"2002","31409",77,28
"2002","31410",6,2
"2002","31411",38,14
"2002","31412",39,32
"2002","31413",69,28
"2002","31414",12,4
"2002","31502",2,0
"2002","31503",4,5
"2002","31504",11,2
"2002","31505",24,12
"2002","31506",1,0
"2002","31507",7,6
"2002","31508",10,8
"2002","31509",4,6
"2002","31511",3,2
"2002","31513",9,10
"2002","31514",5,6
"2002","31515",6,1
"2002","31516",3,9
"2002","31517",13,8
"2002","31519",6,4
"2002","31520",15,6
"2002","31521",10,11
"2002","31522",9,4
"2002","31523",23,4
"2002","31524",39,41
"2002","31525",28,10
"2002","31527",7,11
"2002","31528",2,0
"2002","31530",4,7
"2002","31531",9,0
"2002","31533",32,19
"2002","31534",10,15
"2002","31535",NA,NA
"2002","31537",9,4
"2002","31539",4,10
"2002","31540",9,9
"2002","31541",2,1
"2002","31542",6,5
"2002","31543",2,2
"2002","31546",9,6
"2002","31549",79,64
"2002","31550",2,1
"2002","31551",46,14
"2002","31552",9,6
"2002","31553",11,5
"2002","31601",0,1
"2002","31603",13,6
"2002","31604",3,2
"2002","31605",7,6
"2002","31606",3,1
"2002","31608",0,1
"2002","31609",2,4
"2002","31611",10,7
"2002","31612",32,13
"2002","31613",1,1
"2002","31614",20,12
"2002","31615",5,2
"2002","31616",1,1
"2002","31617",6,3
"2002","31620",2,2
"2002","31621",5,1
"2002","31622",3,6
"2002","31627",8,0
"2002","31628",5,2
"2002","31629",23,25
"2002","31630",17,6
"2002","31633",74,57
"2002","31634",1,4
"2002","31636",5,0
"2002","31642",3,2
"2002","31644",23,21
"2002","31645",3,5
"2002","31646",3,4
"2002","31649",4,3
"2002","31650",3,9
"2002","31651",21,15
"2002","31652",2,2
"2002","31653",15,22
"2002","31654",5,16
"2002","31655",36,29
"2002","31658",2,1
"2002","31701",8,4
"2002","31702",30,28
"2002","31703",66,63
"2002","31704",83,75
"2002","31706",17,4
"2002","31707",15,11
"2002","31709",40,37
"2002","31710",106,88
"2002","31711",15,6
"2002","31712",35,31
"2002","31713",21,13
"2002","31714",12,6
"2002","31715",47,36
"2002","31716",167,132
"2002","31717",420,327
"2002","31718",11,21
"2002","31719",113,166
"2002","31723",65,42
"2002","31725",98,66
"2002","31726",10,26
"2002","31801",5,0
"2002","31802",8,10
"2002","31803",156,38
"2002","31804",6,1
"2002","31805",5,4
"2002","31806",NA,NA
"2002","31807",5,4
"2002","31808",14,14
"2002","31809",24,3
"2002","31810",52,41
"2002","31811",56,17
"2002","31812",14,2
"2002","31813",12,7
"2002","31814",84,17
"2002","31815",6,5
"2002","31817",8,2
"2002","31818",175,109
"2002","31820",2,2
"2002","31821",27,18
"2002","31823",15,12
"2002","31825",2,2
"2002","31826",20,14
"2002","31827",2,1
"2002","31829",46,26
"2002","31830",2,5
"2002","31831",9,9
"2002","31832",7,4
"2002","31833",10,7
"2002","31834",2,1
"2002","31835",55,25
"2002","31836",7,0
"2002","31837",4,5
"2002","31838",37,19
"2002","31839",107,90
"2002","31840",3,0
"2002","31841",0,5
"2002","31842",0,1
"2002","31843",6,3
"2002","31844",7,1
"2002","31845",6,2
"2002","31846",24,12
"2002","31847",3,11
"2002","31848",2,1
"2002","31849",5,1
"2002","31901",26,6
"2002","31902",11,13
"2002","31903",42,14
"2002","31904",2,4
"2002","31905",31,32
"2002","31906",43,5
"2002","31907",23,22
"2002","31909",4,3
"2002","31910",8,13
"2002","31911",2,11
"2002","31912",67,59
"2002","31913",8,7
"2002","31915",10,6
"2002","31916",9,8
"2002","31917",5,6
"2002","31918",5,6
"2002","31919",11,10
"2002","31920",2,5
"2002","31921",29,15
"2002","31922",7,7
"2002","31923",2,2
"2002","31925",2,8
"2002","31926",63,66
"2002","31927",50,9
"2002","31928",9,4
"2002","31929",29,23
"2002","31930",27,23
"2002","31932",25,10
"2002","31934",17,8
"2002","31935",2,3
"2002","31938",1,1
"2002","31939",0,1
"2002","31940",12,17
"2002","31941",2,2
"2002","31943",56,43
"2002","31945",4,2
"2002","31946",3,2
"2002","31947",56,44
"2002","31948",14,14
"2002","31949",37,42
"2002","31950",39,21
"2002","31951",54,48
"2002","31952",56,47
"2002","31953",14,30
"2002","31954",13,10
"2002","32001",15,32
"2002","32002",0,4
"2002","32003",10,15
"2002","32004",5,3
"2002","32005",4,7
"2002","32006",12,3
"2002","32007",NA,NA
"2002","32008",14,23
"2002","32009",3,5
"2002","32010",1,0
"2002","32011",5,3
"2002","32012",3,4
"2002","32013",10,14
"2002","32014",1,7
"2002","32015",1,1
"2002","32016",12,15
"2002","32017",6,2
"2002","32018",1,1
"2002","32101",19,12
"2002","32104",9,10
"2002","32106",6,6
"2002","32107",18,20
"2002","32109",2,11
"2002","32110",14,17
"2002","32112",35,30
"2002","32114",26,13
"2002","32115",19,16
"2002","32116",4,0
"2002","32119",12,10
"2002","32120",24,22
"2002","32131",111,68
"2002","32132",2,4
"2002","32134",13,21
"2002","32135",167,102
"2002","32139",8,7
"2002","32140",15,8
"2002","32141",22,26
"2002","32142",98,73
"2002","32143",2,6
"2002","32144",291,271
"2002","32202",1,3
"2002","32203",3,1
"2002","32206",6,1
"2002","32207",11,14
"2002","32209",16,2
"2002","32210",4,3
"2002","32212",0,1
"2002","32214",5,0
"2002","32216",7,12
"2002","32217",3,4
"2002","32219",6,2
"2002","32220",14,23
"2002","32221",1,1
"2002","32222",1,1
"2002","32223",1,1
"2002","32301",11,12
"2002","32302",7,3
"2002","32304",34,15
"2002","32305",26,10
"2002","32306",23,11
"2002","32307",46,33
"2002","32308",9,5
"2002","32309",0,2
"2002","32310",4,2
"2002","32311",28,13
"2002","32312",3,7
"2002","32313",22,22
"2002","32314",14,14
"2002","32315",6,9
"2002","32316",23,16
"2002","32317",1,3
"2002","32318",34,13
"2002","32319",29,10
"2002","32320",9,9
"2002","32321",11,7
"2002","32322",7,2
"2002","32323",26,13
"2002","32324",11,12
"2002","32325",7,7
"2002","32326",1,22
"2002","32327",36,53
"2002","32330",46,22
"2002","32331",6,9
"2002","32332",25,19
"2002","32333",5,2
"2002","32334",2,3
"2002","32335",1,1
"2002","32336",53,6
"2002","32337",61,42
"2002","32338",19,5
"2002","32501",3,4
"2002","32502",3,1
"2002","32503",NA,NA
"2002","32504",1,3
"2002","32505",5,3
"2002","32506",0,3
"2002","32508",3,4
"2002","32509",18,1
"2002","32511",3,8
"2002","32514",NA,NA
"2002","32515",4,2
"2002","32516",4,2
"2002","32517",28,2
"2002","32518",23,2
"2002","32519",1,0
"2002","32520",10,4
"2002","32521",3,2
"2002","32522",5,7
"2002","32523",0,15
"2002","32524",4,12
"2002","32525",1,3
"2002","32528",0,2
"2002","32529",13,5
"2002","32530",23,31
"2002","40101",3591,1902
"2002","40201",458,315
"2002","40301",981,547
"2002","40401",29,23
"2002","40402",12,7
"2002","40403",2,2
"2002","40404",229,153
"2002","40405",19,10
"2002","40406",12,23
"2002","40407",11,2
"2002","40408",98,8
"2002","40409",82,21
"2002","40410",4,6
"2002","40411",2,1
"2002","40412",12,1
"2002","40413",15,19
"2002","40414",30,28
"2002","40415",6,3
"2002","40416",5,3
"2002","40417",3,2
"2002","40418",28,26
"2002","40419",3,15
"2002","40420",7,3
"2002","40421",56,33
"2002","40422",25,17
"2002","40423",3,11
"2002","40424",10,8
"2002","40425",15,10
"2002","40426",17,8
"2002","40427",5,8
"2002","40428",24,27
"2002","40429",2,1
"2002","40430",2,2
"2002","40431",6,1
"2002","40432",10,10
"2002","40433",8,5
"2002","40434",2,7
"2002","40435",2,2
"2002","40436",10,10
"2002","40437",28,23
"2002","40438",12,13
"2002","40439",5,0
"2002","40440",NA,NA
"2002","40441",16,16
"2002","40442",1,5
"2002","40443",10,10
"2002","40444",7,3
"2002","40445",4,6
"2002","40446",5,5
"2002","40501",56,27
"2002","40502",26,10
"2002","40503",26,19
"2002","40504",19,10
"2002","40505",2,4
"2002","40506",18,19
"2002","40507",40,34
"2002","40508",8,7
"2002","40509",10,6
"2002","40510",6,13
"2002","40511",11,7
"2002","40512",3,2
"2002","40601",46,22
"2002","40602",7,2
"2002","40603",5,8
"2002","40604",11,10
"2002","40605",3,5
"2002","40606",1,1
"2002","40607",38,9
"2002","40608",4,6
"2002","40609",11,9
"2002","40610",2,2
"2002","40611",5,3
"2002","40612",3,10
"2002","40613",4,0
"2002","40614",13,14
"2002","40615",8,12
"2002","40616",5,3
"2002","40617",3,6
"2002","40618",3,4
"2002","40619",2,3
"2002","40620",9,11
"2002","40621",3,3
"2002","40622",4,3
"2002","40623",2,3
"2002","40624",25,29
"2002","40625",0,1
"2002","40626",27,10
"2002","40627",6,18
"2002","40701",69,58
"2002","40702",44,51
"2002","40703",133,105
"2002","40704",37,29
"2002","40705",153,109
"2002","40706",31,24
"2002","40707",14,10
"2002","40708",9,9
"2002","40709",8,6
"2002","40710",5,5
"2002","40711",69,46
"2002","40712",11,10
"2002","40713",12,8
"2002","40714",23,12
"2002","40715",6,3
"2002","40716",1,7
"2002","40717",42,23
"2002","40718",19,27
"2002","40719",27,21
"2002","40720",45,35
"2002","40801",1,1
"2002","40802",50,40
"2002","40804",NA,NA
"2002","40805",42,8
"2002","40806",16,19
"2002","40807",5,6
"2002","40808",28,17
"2002","40809",12,13
"2002","40810",0,6
"2002","40811",3,11
"2002","40812",15,12
"2002","40813",7,2
"2002","40814",2,6
"2002","40815",4,6
"2002","40816",11,6
"2002","40817",2,0
"2002","40818",17,8
"2002","40820",2,3
"2002","40821",1,1
"2002","40822",9,7
"2002","40823",5,5
"2002","40824",5,3
"2002","40825",2,2
"2002","40826",0,1
"2002","40827",14,12
"2002","40828",2,2
"2002","40829",6,6
"2002","40830",2,1
"2002","40831",13,7
"2002","40832",14,12
"2002","40833",5,6
"2002","40834",1,0
"2002","40835",28,23
"2002","40901",8,11
"2002","40902",17,16
"2002","40903",22,35
"2002","40904",5,10
"2002","40905",39,41
"2002","40906",15,21
"2002","40907",60,48
"2002","40908",52,29
"2002","40909",29,19
"2002","40910",6,8
"2002","40911",1,7
"2002","40912",26,8
"2002","40913",13,13
"2002","40914",2,3
"2002","40915",8,5
"2002","40916",3,4
"2002","40917",24,29
"2002","40918",13,13
"2002","40919",1,2
"2002","40920",1,4
"2002","40921",3,2
"2002","40922",10,13
"2002","40923",15,12
"2002","41001",4,4
"2002","41002",164,91
"2002","41003",60,27
"2002","41004",6,9
"2002","41005",98,76
"2002","41006",4,9
"2002","41007",45,30
"2002","41008",6,3
"2002","41009",8,20
"2002","41010",13,3
"2002","41011",17,19
"2002","41012",178,119
"2002","41013",21,23
"2002","41014",36,27
"2002","41015",2,3
"2002","41016",5,6
"2002","41017",67,43
"2002","41018",14,7
"2002","41019",10,9
"2002","41020",15,15
"2002","41021",394,175
"2002","41022",46,32
"2002","41101",3,4
"2002","41102",6,3
"2002","41103",20,6
"2002","41104",NA,NA
"2002","41105",41,27
"2002","41106",15,5
"2002","41107",0,1
"2002","41108",52,1
"2002","41109",18,7
"2002","41110",15,3
"2002","41111",24,28
"2002","41112",7,12
"2002","41113",18,16
"2002","41114",9,11
"2002","41115",2,3
"2002","41116",94,39
"2002","41117",9,0
"2002","41118",14,18
"2002","41119",0,4
"2002","41120",11,9
"2002","41121",51,13
"2002","41122",1,4
"2002","41123",11,2
"2002","41124",50,22
"2002","41125",6,8
"2002","41126",11,5
"2002","41201",4,7
"2002","41202",9,14
"2002","41203",11,26
"2002","41204",14,17
"2002","41205",4,2
"2002","41206",0,1
"2002","41207",14,4
"2002","41208",6,6
"2002","41209",5,8
"2002","41210",7,2
"2002","41211",2,0
"2002","41212",2,3
"2002","41213",5,15
"2002","41214",11,13
"2002","41215",13,3
"2002","41216",NA,NA
"2002","41217",1,1
"2002","41218",4,8
"2002","41219",37,40
"2002","41220",13,17
"2002","41221",1,2
"2002","41222",1,2
"2002","41223",3,2
"2002","41224",15,13
"2002","41225",112,107
"2002","41226",0,1
"2002","41227",3,2
"2002","41228",35,15
"2002","41229",4,2
"2002","41230",3,0
"2002","41231",42,25
"2002","41232",3,1
"2002","41233",9,9
"2002","41234",2,9
"2002","41235",6,5
"2002","41236",2,1
"2002","41304",7,8
"2002","41305",3,2
"2002","41306",1,22
"2002","41307",1,0
"2002","41309",8,4
"2002","41311",NA,NA
"2002","41312",0,4
"2002","41313",3,12
"2002","41314",5,3
"2002","41315",3,4
"2002","41316",5,12
"2002","41317",2,6
"2002","41318",32,11
"2002","41319",2,1
"2002","41320",3,1
"2002","41321",82,8
"2002","41322",4,3
"2002","41323",2,4
"2002","41324",3,12
"2002","41325",1,6
"2002","41326",8,4
"2002","41327",8,6
"2002","41328",5,6
"2002","41329",8,6
"2002","41331",2,2
"2002","41332",8,11
"2002","41333",2,3
"2002","41334",2,4
"2002","41336",1,0
"2002","41337",3,5
"2002","41338",5,7
"2002","41341",5,4
"2002","41342",11,28
"2002","41343",15,28
"2002","41344",12,19
"2002","41345",3,4
"2002","41346",2,5
"2002","41401",4,2
"2002","41402",23,21
"2002","41403",15,11
"2002","41404",2,3
"2002","41405",2,6
"2002","41406",3,3
"2002","41407",3,14
"2002","41408",8,4
"2002","41409",9,19
"2002","41410",34,34
"2002","41411",1,7
"2002","41412",0,2
"2002","41413",8,7
"2002","41414",9,11
"2002","41415",6,3
"2002","41416",9,6
"2002","41417",3,6
"2002","41418",44,15
"2002","41419",14,13
"2002","41420",5,5
"2002","41421",3,3
"2002","41422",72,49
"2002","41423",28,37
"2002","41424",2,1
"2002","41425",80,72
"2002","41426",23,16
"2002","41427",47,36
"2002","41428",2,6
"2002","41429",12,13
"2002","41430",8,10
"2002","41501",2,3
"2002","41502",8,7
"2002","41503",31,26
"2002","41504",12,6
"2002","41505",8,7
"2002","41506",62,61
"2002","41507",2,5
"2002","41508",2,8
"2002","41509",4,3
"2002","41510",3,5
"2002","41511",10,8
"2002","41512",4,8
"2002","41513",10,5
"2002","41514",8,5
"2002","41515",7,4
"2002","41516",51,64
"2002","41517",5,14
"2002","41518",9,12
"2002","41521",5,16
"2002","41522",28,35
"2002","41601",17,9
"2002","41602",13,20
"2002","41603",18,17
"2002","41604",4,5
"2002","41605",21,12
"2002","41606",17,8
"2002","41607",39,21
"2002","41608",2,3
"2002","41609",8,15
"2002","41610",2,1
"2002","41611",7,8
"2002","41612",5,16
"2002","41613",10,14
"2002","41614",11,4
"2002","41615",4,6
"2002","41616",0,2
"2002","41617",15,19
"2002","41618",9,20
"2002","41619",0,4
"2002","41620",3,3
"2002","41621",6,4
"2002","41622",3,4
"2002","41623",0,2
"2002","41624",43,37
"2002","41626",8,12
"2002","41627",7,16
"2002","41628",3,14
"2002","41701",19,12
"2002","41702",21,8
"2002","41703",85,62
"2002","41704",6,5
"2002","41705",8,5
"2002","41706",13,5
"2002","41707",4,3
"2002","41708",5,0
"2002","41709",25,14
"2002","41710",22,24
"2002","41711",11,9
"2002","41712",7,6
"2002","41713",47,31
"2002","41714",4,2
"2002","41715",77,70
"2002","41716",5,14
"2002","41717",7,1
"2002","41718",23,13
"2002","41719",8,9
"2002","41720",5,2
"2002","41721",1,4
"2002","41722",10,7
"2002","41723",1,3
"2002","41724",0,2
"2002","41725",0,1
"2002","41726",3,11
"2002","41727",4,1
"2002","41728",2,6
"2002","41729",2,0
"2002","41730",6,3
"2002","41731",30,23
"2002","41732",21,21
"2002","41733",NA,NA
"2002","41734",163,41
"2002","41735",24,17
"2002","41736",6,5
"2002","41737",18,26
"2002","41738",60,32
"2002","41739",29,16
"2002","41740",12,10
"2002","41741",64,30
"2002","41742",15,24
"2002","41743",148,74
"2002","41744",8,7
"2002","41745",19,30
"2002","41746",62,62
"2002","41747",31,22
"2002","41748",4,6
"2002","41749",2,11
"2002","41750",6,3
"2002","41751",28,18
"2002","41752",8,14
"2002","41801",0,1
"2002","41802",13,4
"2002","41803",26,8
"2002","41804",78,73
"2002","41805",5,5
"2002","41806",10,12
"2002","41807",9,4
"2002","41808",23,28
"2002","41809",2,3
"2002","41810",6,5
"2002","41811",95,37
"2002","41812",96,83
"2002","41813",3,2
"2002","41814",11,9
"2002","41815",1,0
"2002","41816",24,21
"2002","41817",17,12
"2002","41818",13,14
"2002","41819",14,11
"2002","41820",57,41
"2002","41821",11,17
"2002","41822",10,7
"2002","41823",82,92
"2002","41824",58,13
"2002","50101",2724,4054
"2002","50201",15,15
"2002","50202",13,7
"2002","50203",21,15
"2002","50204",36,25
"2002","50205",237,108
"2002","50206",6,2
"2002","50207",17,39
"2002","50208",24,30
"2002","50209",24,30
"2002","50210",1,2
"2002","50211",12,12
"2002","50212",3,9
"2002","50213",11,11
"2002","50301",43,56
"2002","50302",18,16
"2002","50303",47,36
"2002","50304",4,11
"2002","50305",21,23
"2002","50306",8,4
"2002","50307",8,22
"2002","50308",9,12
"2002","50309",28,31
"2002","50310",48,29
"2002","50311",10,13
"2002","50312",36,19
"2002","50313",2,2
"2002","50314",96,42
"2002","50315",25,32
"2002","50316",16,18
"2002","50317",44,32
"2002","50318",3,1
"2002","50319",25,26
"2002","50320",13,12
"2002","50321",18,34
"2002","50322",35,21
"2002","50323",12,21
"2002","50324",223,64
"2002","50325",5,7
"2002","50326",65,43
"2002","50327",30,29
"2002","50328",7,8
"2002","50329",24,9
"2002","50330",46,39
"2002","50331",9,3
"2002","50332",4,19
"2002","50335",32,27
"2002","50336",113,66
"2002","50337",20,22
"2002","50338",140,67
"2002","50339",83,60
"2002","50401",92,90
"2002","50402",239,73
"2002","50403",382,350
"2002","50404",86,91
"2002","50405",29,34
"2002","50406",37,16
"2002","50407",17,51
"2002","50408",13,14
"2002","50409",13,1
"2002","50410",15,10
"2002","50411",55,53
"2002","50412",12,6
"2002","50413",2,13
"2002","50414",11,15
"2002","50415",19,64
"2002","50416",16,12
"2002","50417",90,58
"2002","50418",220,148
"2002","50419",22,14
"2002","50420",21,13
"2002","50421",27,29
"2002","50422",44,49
"2002","50423",41,28
"2002","50424",19,13
"2002","50425",23,23
"2002","50501",0,3
"2002","50502",0,1
"2002","50503",9,6
"2002","50504",20,13
"2002","50505",2,6
"2002","50506",5,22
"2002","50507",5,7
"2002","50508",4,9
"2002","50509",19,20
"2002","50510",31,27
"2002","50511",0,1
"2002","50512",100,82
"2002","50513",5,2
"2002","50514",2,0
"2002","50515",3,2
"2002","50601",10,14
"2002","50602",41,46
"2002","50603",1,11
"2002","50604",3,3
"2002","50605",3,12
"2002","50606",30,23
"2002","50607",0,11
"2002","50608",4,7
"2002","50609",18,21
"2002","50610",17,20
"2002","50611",28,31
"2002","50612",28,36
"2002","50613",90,103
"2002","50614",25,22
"2002","50615",13,10
"2002","50616",36,25
"2002","50617",4,14
"2002","50618",31,41
"2002","50619",74,86
"2002","50620",5,5
"2002","50621",1,1
"2002","50622",11,10
"2002","50623",20,15
"2002","50624",11,14
"2002","50625",10,4
"2002","50626",5,7
"2002","50627",12,2
"2002","50628",191,149
"2002","60101",4662,2817
"2002","60305",15,32
"2002","60318",42,38
"2002","60323",6,26
"2002","60324",4,10
"2002","60326",3,2
"2002","60329",3,7
"2002","60341",5,1
"2002","60344",78,66
"2002","60345",17,28
"2002","60346",11,5
"2002","60347",6,4
"2002","60348",14,20
"2002","60349",35,40
"2002","60350",50,24
"2002","60351",12,12
"2002","60608",43,38
"2002","60611",10,7
"2002","60613",24,33
"2002","60617",31,31
"2002","60618",6,8
"2002","60619",6,11
"2002","60623",14,13
"2002","60624",52,44
"2002","60626",12,11
"2002","60628",16,4
"2002","60629",50,28
"2002","60632",18,13
"2002","60639",3,0
"2002","60641",4,5
"2002","60642",9,13
"2002","60645",14,10
"2002","60646",26,9
"2002","60647",NA,NA
"2002","60648",17,11
"2002","60651",6,4
"2002","60653",17,20
"2002","60654",15,13
"2002","60655",7,4
"2002","60656",5,2
"2002","60659",18,20
"2002","60660",16,12
"2002","60661",19,22
"2002","60662",68,17
"2002","60663",19,39
"2002","60664",96,55
"2002","60665",23,13
"2002","60666",10,11
"2002","60667",28,20
"2002","60668",9,7
"2002","60669",78,45
"2002","60670",34,17
"2002","61001",3,3
"2002","61002",33,23
"2002","61007",7,1
"2002","61008",2,9
"2002","61012",8,4
"2002","61013",3,4
"2002","61016",11,4
"2002","61017",9,6
"2002","61019",5,1
"2002","61020",8,13
"2002","61021",19,2
"2002","61024",15,9
"2002","61027",6,3
"2002","61030",16,15
"2002","61032",2,3
"2002","61033",7,11
"2002","61043",16,14
"2002","61045",29,12
"2002","61049",2,8
"2002","61050",14,7
"2002","61051",6,0
"2002","61052",20,18
"2002","61053",81,43
"2002","61054",15,30
"2002","61055",4,9
"2002","61057",8,7
"2002","61059",29,37
"2002","61060",13,14
"2002","61061",53,57
"2002","61101",38,43
"2002","61105",25,13
"2002","61106",4,2
"2002","61107",5,4
"2002","61108",278,223
"2002","61109",10,3
"2002","61110",8,5
"2002","61111",4,5
"2002","61112",NA,NA
"2002","61113",15,15
"2002","61114",4,17
"2002","61115",8,7
"2002","61116",7,5
"2002","61118",11,15
"2002","61119",1,2
"2002","61120",56,53
"2002","61203",5,12
"2002","61204",19,25
"2002","61205",4,2
"2002","61206",2,0
"2002","61207",51,88
"2002","61213",14,21
"2002","61215",12,11
"2002","61217",11,26
"2002","61222",5,6
"2002","61236",11,22
"2002","61243",9,9
"2002","61247",19,19
"2002","61251",2,1
"2002","61252",8,3
"2002","61253",20,23
"2002","61254",10,4
"2002","61255",26,93
"2002","61256",2,6
"2002","61257",9,14
"2002","61258",6,12
"2002","61259",59,42
"2002","61260",6,4
"2002","61261",8,13
"2002","61262",7,6
"2002","61263",50,75
"2002","61264",3,5
"2002","61265",74,62
"2002","61266",6,7
"2002","61267",21,40
"2002","61410",4,8
"2002","61413",3,0
"2002","61425",21,17
"2002","61428",6,3
"2002","61437",4,1
"2002","61438",25,21
"2002","61439",14,29
"2002","61440",7,26
"2002","61441",NA,NA
"2002","61442",11,13
"2002","61443",4,10
"2002","61444",13,12
"2002","61445",19,22
"2002","61446",5,11
"2002","61611",3,8
"2002","61612",7,7
"2002","61615",3,0
"2002","61618",11,3
"2002","61621",2,7
"2002","61624",6,14
"2002","61625",60,43
"2002","61626",43,18
"2002","61627",14,12
"2002","61628",10,5
"2002","61629",6,17
"2002","61630",8,10
"2002","61631",54,34
"2002","61632",21,10
"2002","61633",8,12
"2002","61701",1,9
"2002","61708",1,0
"2002","61710",1,0
"2002","61711",0,13
"2002","61716",13,4
"2002","61719",6,7
"2002","61727",15,4
"2002","61728",1,1
"2002","61729",5,9
"2002","61730",5,7
"2002","61731",1,2
"2002","61740",1,1
"2002","61741",7,1
"2002","61743",NA,NA
"2002","61744",NA,NA
"2002","61745",0,2
"2002","61746",14,16
"2002","61748",5,10
"2002","61750",1,0
"2002","61751",9,3
"2002","61756",8,6
"2002","61757",13,7
"2002","61758",3,4
"2002","61759",3,5
"2002","61760",55,27
"2002","61761",3,3
"2002","61762",16,5
"2002","61763",13,14
"2002","61764",9,5
"2002","61765",15,8
"2002","61766",47,22
"2002","62007",38,60
"2002","62008",5,10
"2002","62010",1,2
"2002","62014",10,8
"2002","62021",1,16
"2002","62026",6,6
"2002","62032",0,2
"2002","62034",3,11
"2002","62036",13,2
"2002","62038",68,34
"2002","62039",11,10
"2002","62040",51,61
"2002","62041",139,103
"2002","62042",13,7
"2002","62043",10,8
"2002","62044",6,1
"2002","62045",53,16
"2002","62046",19,9
"2002","62047",42,40
"2002","62048",13,11
"2002","62105",7,7
"2002","62115",13,10
"2002","62116",10,11
"2002","62125",8,5
"2002","62128",8,7
"2002","62131",12,19
"2002","62132",7,7
"2002","62135",104,30
"2002","62138",47,24
"2002","62139",203,188
"2002","62140",225,181
"2002","62141",29,36
"2002","62142",24,54
"2002","62143",118,37
"2002","62144",147,34
"2002","62145",26,15
"2002","62146",16,7
"2002","62147",37,13
"2002","62148",6,15
"2002","62202",10,6
"2002","62205",2,2
"2002","62206",2,2
"2002","62209",7,3
"2002","62211",4,2
"2002","62214",26,14
"2002","62216",6,2
"2002","62219",48,21
"2002","62220",25,13
"2002","62226",17,6
"2002","62232",2,2
"2002","62233",19,5
"2002","62235",3,7
"2002","62242",2,2
"2002","62244",14,7
"2002","62245",0,9
"2002","62247",41,19
"2002","62256",6,11
"2002","62262",1,5
"2002","62264",10,12
"2002","62265",6,3
"2002","62266",7,2
"2002","62268",10,7
"2002","62269",3,4
"2002","62270",5,7
"2002","62271",16,6
"2002","62272",9,10
"2002","62273",7,8
"2002","62274",24,14
"2002","62275",16,14
"2002","62276",5,4
"2002","62277",6,7
"2002","62278",3,13
"2002","62279",9,11
"2002","62280",48,31
"2002","62311",6,1
"2002","62314",6,15
"2002","62326",4,7
"2002","62330",2,3
"2002","62332",3,3
"2002","62335",NA,NA
"2002","62343",0,3
"2002","62368",2,0
"2002","62372",4,5
"2002","62375",112,62
"2002","62376",20,26
"2002","62377",14,6
"2002","62378",28,21
"2002","62379",91,49
"2002","62380",23,9
"2002","62381",18,5
"2002","62382",17,11
"2002","62383",24,14
"2002","62384",13,11
"2002","62385",8,14
"2002","62386",60,12
"2002","62387",8,7
"2002","62388",12,6
"2002","62389",15,16
"2002","62390",26,22
"2002","70101",1945,2258
"2002","70201",22,15
"2002","70202",39,41
"2002","70203",76,78
"2002","70204",6,0
"2002","70205",15,8
"2002","70206",NA,NA
"2002","70207",2,4
"2002","70208",31,8
"2002","70209",34,21
"2002","70210",5,4
"2002","70211",21,13
"2002","70212",21,20
"2002","70213",17,10
"2002","70214",12,28
"2002","70215",12,11
"2002","70216",12,7
"2002","70217",38,22
"2002","70218",19,13
"2002","70219",87,36
"2002","70220",278,201
"2002","70221",13,14
"2002","70222",12,22
"2002","70223",23,19
"2002","70224",17,4
"2002","70301",36,26
"2002","70302",27,18
"2002","70303",25,14
"2002","70304",59,45
"2002","70305",9,12
"2002","70306",26,11
"2002","70307",4,2
"2002","70308",4,0
"2002","70309",15,12
"2002","70310",56,48
"2002","70311",13,16
"2002","70312",146,57
"2002","70313",6,8
"2002","70314",1,9
"2002","70315",8,3
"2002","70317",8,4
"2002","70318",8,4
"2002","70319",31,10
"2002","70320",26,41
"2002","70322",12,14
"2002","70323",2,5
"2002","70325",10,4
"2002","70326",78,41
"2002","70328",22,12
"2002","70329",28,18
"2002","70331",23,15
"2002","70332",21,24
"2002","70333",5,4
"2002","70334",176,146
"2002","70335",9,10
"2002","70336",1,1
"2002","70337",10,12
"2002","70338",11,9
"2002","70339",7,1
"2002","70340",26,5
"2002","70342",1,4
"2002","70343",17,11
"2002","70344",20,14
"2002","70345",4,11
"2002","70346",61,65
"2002","70347",2,1
"2002","70348",22,24
"2002","70349",4,1
"2002","70350",10,7
"2002","70351",139,175
"2002","70352",4,3
"2002","70353",19,10
"2002","70354",131,124
"2002","70355",20,27
"2002","70356",23,18
"2002","70357",190,151
"2002","70358",38,37
"2002","70359",21,12
"2002","70360",9,13
"2002","70361",1,10
"2002","70362",8,0
"2002","70364",99,85
"2002","70365",31,22
"2002","70366",1,2
"2002","70367",44,48
"2002","70368",5,8
"2002","70369",100,70
"2002","70370",36,18
"2002","70401",29,43
"2002","70402",26,11
"2002","70403",156,78
"2002","70404",54,42
"2002","70405",8,5
"2002","70406",47,26
"2002","70407",16,14
"2002","70408",18,21
"2002","70409",80,96
"2002","70410",31,26
"2002","70411",234,176
"2002","70412",110,59
"2002","70413",19,26
"2002","70414",52,33
"2002","70415",1,9
"2002","70416",88,65
"2002","70417",8,15
"2002","70418",8,2
"2002","70419",32,17
"2002","70420",30,26
"2002","70501",47,31
"2002","70502",19,3
"2002","70503",27,15
"2002","70504",10,9
"2002","70505",24,12
"2002","70506",41,46
"2002","70508",56,44
"2002","70509",84,52
"2002","70510",36,23
"2002","70511",51,20
"2002","70512",49,34
"2002","70513",292,237
"2002","70514",29,32
"2002","70515",18,25
"2002","70516",5,3
"2002","70517",19,7
"2002","70518",38,31
"2002","70519",37,9
"2002","70520",50,39
"2002","70521",10,6
"2002","70522",84,31
"2002","70523",7,14
"2002","70524",51,28
"2002","70525",18,22
"2002","70526",182,131
"2002","70527",45,34
"2002","70528",13,14
"2002","70529",47,41
"2002","70530",107,120
"2002","70531",138,82
"2002","70601",0,3
"2002","70602",7,9
"2002","70603",83,58
"2002","70604",39,22
"2002","70605",18,11
"2002","70606",76,70
"2002","70607",8,9
"2002","70608",226,167
"2002","70609",22,19
"2002","70610",1,2
"2002","70611",13,7
"2002","70612",3,1
"2002","70613",39,16
"2002","70614",76,54
"2002","70615",114,77
"2002","70616",59,29
"2002","70617",41,27
"2002","70618",18,6
"2002","70619",28,13
"2002","70620",31,21
"2002","70621",264,178
"2002","70622",17,15
"2002","70623",18,8
"2002","70624",128,18
"2002","70625",6,4
"2002","70626",1,0
"2002","70627",7,3
"2002","70628",1,1
"2002","70629",4,1
"2002","70630",22,15
"2002","70701",4,2
"2002","70702",2,7
"2002","70703",4,0
"2002","70704",0,7
"2002","70705",1,1
"2002","70706",1,4
"2002","70707",6,10
"2002","70708",3,1
"2002","70709",0,2
"2002","70710",0,6
"2002","70711",3,3
"2002","70712",2,13
"2002","70713",4,8
"2002","70714",NA,NA
"2002","70715",7,9
"2002","70716",59,64
"2002","70717",7,23
"2002","70718",0,2
"2002","70719",8,7
"2002","70720",1,6
"2002","70721",3,1
"2002","70723",1,2
"2002","70724",6,12
"2002","70725",1,3
"2002","70726",3,5
"2002","70727",0,1
"2002","70728",13,15
"2002","70729",0,4
"2002","70731",3,0
"2002","70732",3,2
"2002","70733",0,2
"2002","70734",5,5
"2002","70735",0,1
"2002","70801",11,5
"2002","70802",11,6
"2002","70803",10,8
"2002","70804",20,12
"2002","70805",21,24
"2002","70806",15,9
"2002","70807",91,39
"2002","70808",5,2
"2002","70809",2,7
"2002","70810",2,2
"2002","70811",21,23
"2002","70812",NA,NA
"2002","70813",3,9
"2002","70814",4,5
"2002","70815",0,1
"2002","70816",12,7
"2002","70817",3,5
"2002","70818",38,37
"2002","70819",NA,NA
"2002","70820",16,20
"2002","70821",11,26
"2002","70822",5,4
"2002","70823",3,1
"2002","70824",7,5
"2002","70825",1,3
"2002","70826",18,15
"2002","70827",3,10
"2002","70828",67,66
"2002","70829",9,2
"2002","70830",3,3
"2002","70831",4,2
"2002","70832",41,23
"2002","70833",80,22
"2002","70834",0,1
"2002","70835",31,10
"2002","70836",13,16
"2002","70837",3,8
"2002","70901",51,31
"2002","70902",12,6
"2002","70903",1,0
"2002","70904",2,7
"2002","70905",16,11
"2002","70907",74,61
"2002","70908",26,19
"2002","70909",61,35
"2002","70910",35,18
"2002","70911",8,2
"2002","70912",12,24
"2002","70913",1,1
"2002","70914",10,10
"2002","70915",5,4
"2002","70916",22,20
"2002","70917",105,72
"2002","70918",26,6
"2002","70920",84,56
"2002","70921",15,18
"2002","70922",20,17
"2002","70923",19,21
"2002","70924",NA,NA
"2002","70925",16,14
"2002","70926",167,126
"2002","70927",15,16
"2002","70928",20,10
"2002","70929",3,7
"2002","70930",9,9
"2002","70931",17,14
"2002","70932",1,1
"2002","70933",19,5
"2002","70934",60,43
"2002","70935",14,10
"2002","70936",72,48
"2002","70937",18,10
"2002","70938",18,5
"2002","70939",16,16
"2002","70940",23,14
"2002","70941",8,17
"2002","80101",16,12
"2002","80102",3,9
"2002","80103",268,219
"2002","80104",41,37
"2002","80105",30,50
"2002","80106",30,33
"2002","80107",10,8
"2002","80108",7,14
"2002","80109",9,13
"2002","80110",54,13
"2002","80111",13,8
"2002","80112",4,14
"2002","80113",122,78
"2002","80114",5,2
"2002","80115",53,48
"2002","80116",53,49
"2002","80117",66,81
"2002","80118",7,3
"2002","80119",6,8
"2002","80120",47,28
"2002","80121",6,7
"2002","80122",46,47
"2002","80123",8,2
"2002","80124",4,7
"2002","80125",7,4
"2002","80126",51,31
"2002","80127",11,10
"2002","80128",13,22
"2002","80129",30,33
"2002","80201",35,17
"2002","80202",22,17
"2002","80203",12,6
"2002","80204",9,26
"2002","80205",4,9
"2002","80206",5,4
"2002","80207",390,489
"2002","80208",3,1
"2002","80209",15,4
"2002","80210",4,13
"2002","80211",32,28
"2002","80212",4,5
"2002","80213",50,30
"2002","80214",16,13
"2002","80215",137,103
"2002","80216",26,27
"2002","80217",88,72
"2002","80218",90,65
"2002","80219",4,5
"2002","80220",10,10
"2002","80221",18,12
"2002","80222",13,8
"2002","80223",4,8
"2002","80224",130,95
"2002","80225",13,16
"2002","80226",83,79
"2002","80227",26,12
"2002","80228",356,310
"2002","80229",2,3
"2002","80230",15,6
"2002","80231",12,9
"2002","80232",1,3
"2002","80233",13,15
"2002","80234",7,4
"2002","80235",33,26
"2002","80236",17,7
"2002","80237",5,6
"2002","80238",16,16
"2002","80239",3,6
"2002","80240",110,62
"2002","80301",548,486
"2002","80302",176,155
"2002","80303",315,244
"2002","80401",49,26
"2002","80402",2,5
"2002","80403",0,4
"2002","80404",543,459
"2002","80405",95,71
"2002","80406",4,1
"2002","80407",27,16
"2002","80408",108,82
"2002","80409",32,33
"2002","80410",34,25
"2002","80411",7,7
"2002","80412",46,25
"2002","80413",17,20
"2002","80414",118,107
"2002","80415",3,4
"2002","80416",34,41
"2002","80417",19,15
"2002","80418",32,16
"2002","80419",7,7
"2002","80420",18,24
"2002","80421",4,0
"2002","80422",1,1
"2002","80423",19,22
"2002","80424",46,37
"2002","90101",487,447
"2002","90201",3009,1945
"2002","90301",2415,1612
"2002","90401",872,503
"2002","90501",1684,811
"2002","90601",946,550
"2002","90701",921,513
"2002","90801",1570,687
"2002","90901",1482,875
"2002","91001",4329,1966
"2002","91101",1697,644
"2002","91201",2085,1182
"2002","91301",799,595
"2002","91401",1732,884
"2002","91501",3550,1857
"2002","91601",2676,1223
"2002","91701",1775,1070
"2002","91801",1292,783
"2002","91901",1488,1039
"2002","92001",3082,1219
"2002","92101",1900,896
"2002","92201",1767,990
"2002","92301",910,579
"2003","10101",145,101
"2003","10201",22,14
"2003","10301",10,6
"2003","10302",19,12
"2003","10303",9,8
"2003","10304",24,16
"2003","10305",4,6
"2003","10306",3,2
"2003","10307",20,18
"2003","10308",10,10
"2003","10309",13,9
"2003","10310",11,5
"2003","10311",7,7
"2003","10312",10,19
"2003","10313",20,7
"2003","10314",5,9
"2003","10315",27,9
"2003","10316",10,3
"2003","10317",35,10
"2003","10318",6,2
"2003","10319",7,7
"2003","10320",0,1
"2003","10321",6,3
"2003","10322",1,2
"2003","10323",4,4
"2003","10401",1,0
"2003","10402",1,4
"2003","10403",0,15
"2003","10404",8,5
"2003","10405",67,42
"2003","10406",4,8
"2003","10407",7,3
"2003","10408",5,3
"2003","10409",0,5
"2003","10410",0,2
"2003","10411",6,4
"2003","10412",11,2
"2003","10413",7,0
"2003","10414",18,4
"2003","10415",114,40
"2003","10416",1,2
"2003","10417",5,3
"2003","10418",2,1
"2003","10419",NA,NA
"2003","10420",NA,NA
"2003","10421",NA,NA
"2003","10422",0,2
"2003","10423",NA,NA
"2003","10424",1,0
"2003","10425",0,3
"2003","10426",0,2
"2003","10427",2,2
"2003","10428",1,1
"2003","10501",9,6
"2003","10502",10,0
"2003","10503",9,6
"2003","10504",18,21
"2003","10505",4,4
"2003","10506",6,1
"2003","10507",1,5
"2003","10508",6,5
"2003","10509",4,6
"2003","10510",3,1
"2003","10511",2,1
"2003","10512",2,0
"2003","10601",9,7
"2003","10602",61,16
"2003","10603",2,3
"2003","10604",8,7
"2003","10605",3,5
"2003","10606",31,21
"2003","10607",48,33
"2003","10608",11,4
"2003","10609",6,2
"2003","10610",15,7
"2003","10611",6,5
"2003","10612",4,4
"2003","10613",14,7
"2003","10614",3,1
"2003","10615",8,5
"2003","10616",1,10
"2003","10617",7,7
"2003","10618",13,21
"2003","10619",9,9
"2003","10701",12,10
"2003","10702",5,0
"2003","10703",20,16
"2003","10704",7,0
"2003","10705",16,3
"2003","10706",1,3
"2003","10707",22,7
"2003","10708",9,3
"2003","10709",13,7
"2003","10710",8,2
"2003","10711",7,4
"2003","10712",7,3
"2003","10713",75,45
"2003","10714",22,7
"2003","10715",11,2
"2003","10716",5,2
"2003","10717",38,26
"2003","10718",14,11
"2003","10719",4,2
"2003","10720",0,3
"2003","10721",34,32
"2003","10722",8,9
"2003","10723",14,3
"2003","10724",6,6
"2003","10725",6,4
"2003","10726",3,4
"2003","10727",0,4
"2003","10801",10,12
"2003","10802",6,9
"2003","10803",6,4
"2003","10804",5,3
"2003","10805",103,37
"2003","10806",5,0
"2003","10807",11,7
"2003","10808",6,8
"2003","10809",3,4
"2003","10810",2,2
"2003","10811",8,4
"2003","10812",8,1
"2003","10813",12,9
"2003","10814",1,4
"2003","10815",7,4
"2003","10816",10,9
"2003","10817",4,3
"2003","10818",3,0
"2003","10819",6,9
"2003","10820",1,0
"2003","10821",2,9
"2003","10822",1,2
"2003","10823",6,0
"2003","10824",3,0
"2003","10825",59,13
"2003","10826",0,3
"2003","10827",5,2
"2003","10828",2,0
"2003","10901",14,11
"2003","10902",4,12
"2003","10903",1,2
"2003","10904",3,0
"2003","10905",9,5
"2003","10906",1,2
"2003","10907",14,10
"2003","10908",3,5
"2003","10909",40,35
"2003","10910",7,3
"2003","10911",3,2
"2003","10912",7,4
"2003","10913",1,1
"2003","10914",1,4
"2003","10915",3,0
"2003","10916",4,3
"2003","10917",53,26
"2003","10918",23,20
"2003","10919",29,12
"2003","10920",6,1
"2003","10921",5,1
"2003","10922",25,13
"2003","10923",7,3
"2003","10924",1,2
"2003","10925",8,11
"2003","10926",3,1
"2003","10927",2,0
"2003","10928",2,1
"2003","10929",1,0
"2003","10930",2,4
"2003","10931",NA,NA
"2003","10932",1,1
"2003","20101",930,989
"2003","20201",391,321
"2003","20302",5,2
"2003","20305",22,9
"2003","20306",9,2
"2003","20307",5,5
"2003","20316",5,12
"2003","20320",2,7
"2003","20321",1,2
"2003","20402",25,24
"2003","20403",18,15
"2003","20405",42,23
"2003","20409",2,7
"2003","20412",20,4
"2003","20414",12,6
"2003","20415",33,27
"2003","20416",8,2
"2003","20417",9,11
"2003","20418",17,12
"2003","20419",10,9
"2003","20421",51,40
"2003","20424",41,19
"2003","20425",24,14
"2003","20428",8,3
"2003","20432",30,26
"2003","20435",14,7
"2003","20441",4,1
"2003","20442",11,9
"2003","20501",20,26
"2003","20502",5,12
"2003","20503",2,3
"2003","20504",9,11
"2003","20505",17,16
"2003","20506",16,20
"2003","20508",2,3
"2003","20509",3,5
"2003","20511",6,5
"2003","20512",3,6
"2003","20513",2,2
"2003","20515",20,11
"2003","20518",34,8
"2003","20519",4,2
"2003","20520",9,4
"2003","20523",15,11
"2003","20527",71,73
"2003","20530",7,3
"2003","20531",6,13
"2003","20534",21,11
"2003","20601",21,6
"2003","20602",3,2
"2003","20603",3,1
"2003","20604",11,8
"2003","20605",5,9
"2003","20607",5,8
"2003","20608",17,7
"2003","20609",10,9
"2003","20610",4,1
"2003","20611",11,1
"2003","20613",0,3
"2003","20616",16,1
"2003","20618",4,33
"2003","20619",4,5
"2003","20620",27,12
"2003","20622",2,2
"2003","20624",2,3
"2003","20625",5,0
"2003","20627",7,42
"2003","20630",213,58
"2003","20631",4,7
"2003","20632",8,7
"2003","20633",27,10
"2003","20634",23,27
"2003","20635",82,81
"2003","20636",8,1
"2003","20637",5,9
"2003","20638",2,1
"2003","20639",3,7
"2003","20640",6,1
"2003","20642",11,2
"2003","20643",13,10
"2003","20644",13,9
"2003","20701",10,1
"2003","20702",55,30
"2003","20703",1,6
"2003","20705",11,12
"2003","20707",NA,NA
"2003","20708",32,5
"2003","20710",4,4
"2003","20711",51,41
"2003","20712",5,4
"2003","20713",9,10
"2003","20719",7,9
"2003","20720",25,25
"2003","20721",7,17
"2003","20722",18,8
"2003","20723",15,5
"2003","20724",41,20
"2003","20725",69,60
"2003","20726",3,8
"2003","20727",16,23
"2003","20801",14,5
"2003","20802",5,4
"2003","20803",33,28
"2003","20804",5,10
"2003","20805",8,8
"2003","20806",7,5
"2003","20807",7,9
"2003","20808",18,22
"2003","20810",2,3
"2003","20812",11,6
"2003","20813",171,49
"2003","20815",6,3
"2003","20817",40,27
"2003","20901",15,18
"2003","20905",7,14
"2003","20909",3,5
"2003","20911",2,2
"2003","20912",7,4
"2003","20913",33,31
"2003","20914",6,5
"2003","20918",9,10
"2003","20923",100,65
"2003","21001",4,2
"2003","21002",57,61
"2003","21003",9,6
"2003","21004",2,2
"2003","21005",2,5
"2003","21006",2,3
"2003","21007",14,5
"2003","21008",72,30
"2003","21009",26,23
"2003","21010",4,3
"2003","30101",239,221
"2003","30201",694,394
"2003","30301",81,43
"2003","30401",479,313
"2003","30501",2,3
"2003","30502",178,114
"2003","30503",5,1
"2003","30504",26,18
"2003","30506",5,7
"2003","30507",7,6
"2003","30508",15,11
"2003","30509",14,3
"2003","30510",0,8
"2003","30511",2,4
"2003","30512",1,2
"2003","30514",26,13
"2003","30515",11,8
"2003","30516",7,12
"2003","30517",10,8
"2003","30520",13,4
"2003","30521",4,2
"2003","30522",1,2
"2003","30524",1,0
"2003","30526",0,1
"2003","30527",19,6
"2003","30529",2,4
"2003","30530",17,17
"2003","30531",54,24
"2003","30532",18,14
"2003","30533",16,15
"2003","30534",6,5
"2003","30536",7,4
"2003","30538",4,4
"2003","30539",6,1
"2003","30541",0,1
"2003","30542",6,3
"2003","30543",6,4
"2003","30544",1,1
"2003","30601",25,17
"2003","30602",89,18
"2003","30603",157,71
"2003","30604",370,201
"2003","30605",67,44
"2003","30607",137,52
"2003","30608",35,23
"2003","30609",7,2
"2003","30612",10,8
"2003","30613",56,16
"2003","30614",3,1
"2003","30615",138,34
"2003","30616",10,6
"2003","30618",49,31
"2003","30620",37,19
"2003","30621",8,9
"2003","30623",46,30
"2003","30625",55,20
"2003","30626",35,27
"2003","30627",44,20
"2003","30629",12,5
"2003","30631",15,14
"2003","30633",11,12
"2003","30635",37,10
"2003","30636",44,41
"2003","30637",14,6
"2003","30639",204,132
"2003","30641",22,6
"2003","30645",24,6
"2003","30646",27,10
"2003","30701",2,2
"2003","30702",16,11
"2003","30703",3,2
"2003","30704",69,41
"2003","30706",25,5
"2003","30708",5,4
"2003","30709",26,19
"2003","30710",57,46
"2003","30711",7,5
"2003","30712",1,9
"2003","30713",7,5
"2003","30715",2,3
"2003","30716",42,6
"2003","30718",7,8
"2003","30719",10,2
"2003","30721",5,18
"2003","30722",10,5
"2003","30724",7,0
"2003","30726",11,10
"2003","30728",6,2
"2003","30729",43,13
"2003","30730",26,20
"2003","30731",18,8
"2003","30732",46,25
"2003","30733",9,2
"2003","30734",18,9
"2003","30735",36,12
"2003","30736",7,12
"2003","30737",5,0
"2003","30738",4,2
"2003","30739",10,9
"2003","30740",156,108
"2003","30741",13,14
"2003","30801",9,10
"2003","30802",5,7
"2003","30803",22,13
"2003","30804",7,8
"2003","30805",6,7
"2003","30808",69,33
"2003","30810",8,13
"2003","30811",4,8
"2003","30812",9,4
"2003","30813",10,14
"2003","30814",17,11
"2003","30817",81,49
"2003","30819",7,7
"2003","30821",93,85
"2003","30822",2,2
"2003","30824",5,3
"2003","30825",15,7
"2003","30826",9,4
"2003","30827",12,4
"2003","30828",1,0
"2003","30829",4,0
"2003","30830",53,41
"2003","30831",45,41
"2003","30834",8,19
"2003","30835",36,21
"2003","30836",37,30
"2003","30838",31,21
"2003","30841",12,4
"2003","30842",20,10
"2003","30844",25,20
"2003","30845",5,4
"2003","30846",1,0
"2003","30848",10,5
"2003","30849",49,44
"2003","30850",6,2
"2003","30852",10,8
"2003","30854",7,6
"2003","30856",49,39
"2003","30857",8,5
"2003","30858",15,14
"2003","30859",7,2
"2003","30860",13,9
"2003","30863",27,10
"2003","30865",16,15
"2003","30902",4,2
"2003","30903",13,10
"2003","30904",3,5
"2003","30906",2,0
"2003","30908",11,9
"2003","30909",8,4
"2003","30910",72,18
"2003","30912",7,0
"2003","30913",4,3
"2003","30915",2,0
"2003","30916",8,8
"2003","30917",NA,NA
"2003","30920",53,23
"2003","30921",4,2
"2003","30925",7,7
"2003","30929",1,1
"2003","30932",NA,NA
"2003","30935",20,11
"2003","30939",5,3
"2003","30940",1,0
"2003","30942",8,8
"2003","31001",3,0
"2003","31008",34,31
"2003","31009",7,1
"2003","31014",4,6
"2003","31015",14,12
"2003","31016",2,6
"2003","31018",31,20
"2003","31019",6,7
"2003","31021",15,14
"2003","31022",146,82
"2003","31025",2,0
"2003","31026",8,6
"2003","31028",3,5
"2003","31033",4,7
"2003","31035",11,3
"2003","31036",9,4
"2003","31037",14,11
"2003","31038",5,1
"2003","31041",2,11
"2003","31042",3,6
"2003","31043",5,3
"2003","31051",20,17
"2003","31052",12,11
"2003","31053",18,5
"2003","31101",0,2
"2003","31102",4,0
"2003","31103",2,2
"2003","31104",7,5
"2003","31105",25,26
"2003","31106",24,9
"2003","31107",2,3
"2003","31109",29,17
"2003","31110",1,1
"2003","31111",0,4
"2003","31113",3,3
"2003","31114",2,1
"2003","31117",0,1
"2003","31119",2,1
"2003","31120",2,1
"2003","31121",19,12
"2003","31123",4,7
"2003","31124",5,4
"2003","31129",4,0
"2003","31130",1,0
"2003","31201",23,13
"2003","31202",13,3
"2003","31203",8,16
"2003","31204",7,3
"2003","31205",16,6
"2003","31206",22,14
"2003","31207",18,14
"2003","31208",9,8
"2003","31213",307,134
"2003","31214",56,49
"2003","31215",6,3
"2003","31216",24,31
"2003","31224",6,1
"2003","31226",11,7
"2003","31227",14,5
"2003","31228",2,5
"2003","31229",7,0
"2003","31230",126,61
"2003","31234",7,5
"2003","31235",47,33
"2003","31301",0,2
"2003","31302",0,1
"2003","31303",8,7
"2003","31304",14,12
"2003","31308",14,3
"2003","31309",14,8
"2003","31310",16,11
"2003","31311",9,5
"2003","31315",54,17
"2003","31319",2,3
"2003","31321",2,1
"2003","31322",23,4
"2003","31323",19,3
"2003","31324",4,2
"2003","31326",3,1
"2003","31327",17,11
"2003","31330",3,3
"2003","31333",8,10
"2003","31336",1,2
"2003","31337",8,4
"2003","31338",3,1
"2003","31340",0,3
"2003","31343",5,5
"2003","31344",5,5
"2003","31346",4,3
"2003","31347",3,0
"2003","31350",1,0
"2003","31351",2,4
"2003","31355",8,2
"2003","31356",3,3
"2003","31401",47,35
"2003","31402",13,8
"2003","31403",131,28
"2003","31404",6,6
"2003","31405",5,3
"2003","31406",2,1
"2003","31407",60,22
"2003","31408",26,2
"2003","31409",59,42
"2003","31410",2,2
"2003","31411",14,19
"2003","31412",27,20
"2003","31413",68,12
"2003","31414",7,2
"2003","31502",3,2
"2003","31503",14,5
"2003","31504",9,5
"2003","31505",27,5
"2003","31506",1,1
"2003","31507",10,1
"2003","31508",13,3
"2003","31509",3,6
"2003","31511",0,3
"2003","31513",2,5
"2003","31514",11,6
"2003","31515",4,1
"2003","31516",1,3
"2003","31517",16,6
"2003","31519",4,3
"2003","31520",14,6
"2003","31521",14,14
"2003","31522",3,8
"2003","31523",3,9
"2003","31524",22,17
"2003","31525",26,17
"2003","31527",13,2
"2003","31528",0,4
"2003","31530",8,4
"2003","31531",7,4
"2003","31533",25,15
"2003","31534",9,10
"2003","31535",0,2
"2003","31537",8,5
"2003","31539",6,5
"2003","31540",4,3
"2003","31541",0,3
"2003","31542",6,4
"2003","31543",0,1
"2003","31546",14,5
"2003","31549",96,48
"2003","31550",9,2
"2003","31551",29,10
"2003","31552",14,8
"2003","31553",15,10
"2003","31601",NA,NA
"2003","31603",8,6
"2003","31604",1,2
"2003","31605",16,4
"2003","31606",16,4
"2003","31608",2,2
"2003","31609",4,0
"2003","31611",3,2
"2003","31612",26,12
"2003","31613",2,0
"2003","31614",25,22
"2003","31615",11,8
"2003","31616",4,3
"2003","31617",3,0
"2003","31620",4,2
"2003","31621",3,1
"2003","31622",5,1
"2003","31627",5,6
"2003","31628",3,1
"2003","31629",13,17
"2003","31630",10,9
"2003","31633",68,41
"2003","31634",7,4
"2003","31636",4,1
"2003","31642",8,1
"2003","31644",23,6
"2003","31645",2,2
"2003","31646",1,1
"2003","31649",1,3
"2003","31650",3,1
"2003","31651",15,14
"2003","31652",0,1
"2003","31653",16,16
"2003","31654",11,6
"2003","31655",42,17
"2003","31658",1,0
"2003","31701",12,6
"2003","31702",21,12
"2003","31703",64,53
"2003","31704",89,58
"2003","31706",11,3
"2003","31707",22,21
"2003","31709",30,25
"2003","31710",112,76
"2003","31711",10,3
"2003","31712",30,37
"2003","31713",22,20
"2003","31714",7,9
"2003","31715",29,37
"2003","31716",112,88
"2003","31717",359,283
"2003","31718",16,12
"2003","31719",130,70
"2003","31723",70,44
"2003","31725",94,89
"2003","31726",8,9
"2003","31801",0,1
"2003","31802",5,2
"2003","31803",88,24
"2003","31804",6,2
"2003","31805",2,3
"2003","31806",2,1
"2003","31807",5,1
"2003","31808",21,18
"2003","31809",5,0
"2003","31810",59,43
"2003","31811",73,25
"2003","31812",31,6
"2003","31813",11,11
"2003","31814",65,23
"2003","31815",4,4
"2003","31817",6,7
"2003","31818",130,82
"2003","31820",1,2
"2003","31821",24,18
"2003","31823",14,6
"2003","31825",2,2
"2003","31826",16,9
"2003","31827",4,0
"2003","31829",33,10
"2003","31830",2,0
"2003","31831",14,16
"2003","31832",7,4
"2003","31833",6,4
"2003","31834",4,0
"2003","31835",37,32
"2003","31836",16,6
"2003","31837",10,0
"2003","31838",21,34
"2003","31839",120,55
"2003","31840",5,2
"2003","31841",0,2
"2003","31842",NA,NA
"2003","31843",1,5
"2003","31844",2,1
"2003","31845",6,4
"2003","31846",10,13
"2003","31847",9,11
"2003","31848",1,0
"2003","31849",2,0
"2003","31901",14,7
"2003","31902",5,7
"2003","31903",34,23
"2003","31904",5,4
"2003","31905",48,31
"2003","31906",96,49
"2003","31907",22,23
"2003","31909",7,2
"2003","31910",10,8
"2003","31911",5,1
"2003","31912",79,54
"2003","31913",11,7
"2003","31915",12,5
"2003","31916",24,3
"2003","31917",5,3
"2003","31918",6,3
"2003","31919",7,7
"2003","31920",1,3
"2003","31921",18,15
"2003","31922",23,8
"2003","31923",9,1
"2003","31925",5,2
"2003","31926",76,33
"2003","31927",23,12
"2003","31928",4,2
"2003","31929",32,23
"2003","31930",22,28
"2003","31932",19,1
"2003","31934",30,9
"2003","31935",14,1
"2003","31938",12,5
"2003","31939",0,4
"2003","31940",17,14
"2003","31941",35,7
"2003","31943",48,35
"2003","31945",6,2
"2003","31946",9,11
"2003","31947",46,28
"2003","31948",16,7
"2003","31949",55,26
"2003","31950",28,21
"2003","31951",78,39
"2003","31952",58,29
"2003","31953",21,20
"2003","31954",13,8
"2003","32001",28,19
"2003","32002",5,0
"2003","32003",3,15
"2003","32004",1,0
"2003","32005",2,4
"2003","32006",9,3
"2003","32007",22,0
"2003","32008",15,8
"2003","32009",5,2
"2003","32010",NA,NA
"2003","32011",4,3
"2003","32012",2,0
"2003","32013",11,6
"2003","32014",9,3
"2003","32015",NA,NA
"2003","32016",25,3
"2003","32017",2,4
"2003","32018",0,2
"2003","32101",28,11
"2003","32104",3,4
"2003","32106",4,1
"2003","32107",19,18
"2003","32109",10,6
"2003","32110",8,5
"2003","32112",63,38
"2003","32114",34,22
"2003","32115",24,18
"2003","32116",7,2
"2003","32119",11,15
"2003","32120",14,11
"2003","32131",104,54
"2003","32132",4,4
"2003","32134",12,10
"2003","32135",175,151
"2003","32139",6,7
"2003","32140",8,11
"2003","32141",25,19
"2003","32142",112,91
"2003","32143",10,5
"2003","32144",289,200
"2003","32202",2,4
"2003","32203",5,4
"2003","32206",1,0
"2003","32207",4,2
"2003","32209",2,2
"2003","32210",14,2
"2003","32212",NA,NA
"2003","32214",2,1
"2003","32216",12,9
"2003","32217",8,0
"2003","32219",5,0
"2003","32220",15,24
"2003","32221",0,1
"2003","32222",5,0
"2003","32223",2,0
"2003","32301",22,11
"2003","32302",4,2
"2003","32304",39,14
"2003","32305",21,15
"2003","32306",38,23
"2003","32307",46,29
"2003","32308",35,8
"2003","32309",2,2
"2003","32310",6,2
"2003","32311",22,16
"2003","32312",0,2
"2003","32313",14,19
"2003","32314",13,3
"2003","32315",6,7
"2003","32316",25,22
"2003","32317",1,2
"2003","32318",27,18
"2003","32319",27,25
"2003","32320",8,15
"2003","32321",1,4
"2003","32322",5,1
"2003","32323",21,9
"2003","32324",8,11
"2003","32325",2,0
"2003","32326",3,2
"2003","32327",52,35
"2003","32330",65,39
"2003","32331",14,6
"2003","32332",14,17
"2003","32333",1,3
"2003","32334",6,2
"2003","32335",1,5
"2003","32336",58,31
"2003","32337",54,44
"2003","32338",15,7
"2003","32501",1,0
"2003","32502",0,1
"2003","32503",NA,NA
"2003","32504",3,1
"2003","32505",2,3
"2003","32506",2,1
"2003","32508",2,6
"2003","32509",22,8
"2003","32511",1,4
"2003","32514",0,2
"2003","32515",4,3
"2003","32516",1,2
"2003","32517",13,11
"2003","32518",35,10
"2003","32519",NA,NA
"2003","32520",1,4
"2003","32521",1,0
"2003","32522",14,4
"2003","32523",1,9
"2003","32524",4,3
"2003","32525",4,7
"2003","32528",NA,NA
"2003","32529",4,6
"2003","32530",63,26
"2003","40101",3404,2048
"2003","40201",534,346
"2003","40301",844,598
"2003","40401",26,21
"2003","40402",8,13
"2003","40403",4,4
"2003","40404",201,146
"2003","40405",14,6
"2003","40406",14,16
"2003","40407",5,1
"2003","40408",56,39
"2003","40409",43,34
"2003","40410",6,7
"2003","40411",11,7
"2003","40412",16,14
"2003","40413",28,16
"2003","40414",63,36
"2003","40415",3,5
"2003","40416",1,4
"2003","40417",2,1
"2003","40418",23,9
"2003","40419",9,10
"2003","40420",1,1
"2003","40421",77,35
"2003","40422",26,9
"2003","40423",4,3
"2003","40424",6,10
"2003","40425",9,11
"2003","40426",9,9
"2003","40427",9,9
"2003","40428",26,22
"2003","40429",5,4
"2003","40430",4,0
"2003","40431",2,8
"2003","40432",9,3
"2003","40433",7,11
"2003","40434",1,3
"2003","40435",1,1
"2003","40436",7,5
"2003","40437",37,19
"2003","40438",25,10
"2003","40439",3,2
"2003","40440",3,0
"2003","40441",18,19
"2003","40442",4,2
"2003","40443",13,11
"2003","40444",2,3
"2003","40445",10,5
"2003","40446",2,6
"2003","40501",37,26
"2003","40502",30,12
"2003","40503",34,21
"2003","40504",7,5
"2003","40505",4,2
"2003","40506",20,5
"2003","40507",45,37
"2003","40508",16,8
"2003","40509",14,6
"2003","40510",4,2
"2003","40511",13,12
"2003","40512",1,0
"2003","40601",42,13
"2003","40602",3,4
"2003","40603",9,5
"2003","40604",5,4
"2003","40605",3,4
"2003","40606",NA,NA
"2003","40607",25,8
"2003","40608",2,1
"2003","40609",5,9
"2003","40610",2,3
"2003","40611",7,2
"2003","40612",4,2
"2003","40613",2,2
"2003","40614",23,14
"2003","40615",11,7
"2003","40616",2,3
"2003","40617",0,3
"2003","40618",4,5
"2003","40619",3,1
"2003","40620",10,5
"2003","40621",1,5
"2003","40622",3,4
"2003","40623",2,2
"2003","40624",8,18
"2003","40625",1,1
"2003","40626",26,23
"2003","40627",9,4
"2003","40701",50,46
"2003","40702",44,82
"2003","40703",131,93
"2003","40704",52,26
"2003","40705",194,118
"2003","40706",32,24
"2003","40707",12,10
"2003","40708",9,2
"2003","40709",19,13
"2003","40710",6,3
"2003","40711",79,48
"2003","40712",17,9
"2003","40713",13,5
"2003","40714",19,13
"2003","40715",7,6
"2003","40716",11,5
"2003","40717",37,35
"2003","40718",23,8
"2003","40719",12,13
"2003","40720",29,32
"2003","40801",4,4
"2003","40802",40,29
"2003","40804",4,2
"2003","40805",37,16
"2003","40806",19,7
"2003","40807",1,6
"2003","40808",38,14
"2003","40809",17,15
"2003","40810",NA,NA
"2003","40811",7,9
"2003","40812",7,5
"2003","40813",6,7
"2003","40814",3,2
"2003","40815",3,2
"2003","40816",6,11
"2003","40817",5,0
"2003","40818",8,7
"2003","40820",1,0
"2003","40821",6,2
"2003","40822",8,9
"2003","40823",5,2
"2003","40824",3,2
"2003","40825",3,1
"2003","40826",1,0
"2003","40827",13,12
"2003","40828",1,5
"2003","40829",5,3
"2003","40830",4,1
"2003","40831",12,9
"2003","40832",8,5
"2003","40833",11,1
"2003","40834",NA,NA
"2003","40835",19,16
"2003","40901",22,8
"2003","40902",38,12
"2003","40903",15,23
"2003","40904",7,10
"2003","40905",34,23
"2003","40906",20,15
"2003","40907",89,51
"2003","40908",84,38
"2003","40909",17,26
"2003","40910",20,9
"2003","40911",4,4
"2003","40912",40,17
"2003","40913",15,7
"2003","40914",5,2
"2003","40915",9,5
"2003","40916",2,5
"2003","40917",27,9
"2003","40918",23,2
"2003","40919",1,1
"2003","40920",3,3
"2003","40921",4,2
"2003","40922",8,9
"2003","40923",21,19
"2003","41001",12,4
"2003","41002",180,75
"2003","41003",74,29
"2003","41004",13,1
"2003","41005",100,54
"2003","41006",8,7
"2003","41007",32,23
"2003","41008",4,2
"2003","41009",16,15
"2003","41010",3,4
"2003","41011",27,17
"2003","41012",189,106
"2003","41013",17,17
"2003","41014",37,34
"2003","41015",2,3
"2003","41016",2,4
"2003","41017",58,39
"2003","41018",5,7
"2003","41019",10,3
"2003","41020",20,6
"2003","41021",357,174
"2003","41022",44,25
"2003","41101",5,6
"2003","41102",1,2
"2003","41103",17,6
"2003","41104",1,0
"2003","41105",20,22
"2003","41106",8,7
"2003","41107",NA,NA
"2003","41108",90,4
"2003","41109",19,18
"2003","41110",13,9
"2003","41111",49,36
"2003","41112",6,6
"2003","41113",11,13
"2003","41114",15,15
"2003","41115",8,1
"2003","41116",80,40
"2003","41117",4,3
"2003","41118",9,13
"2003","41119",0,1
"2003","41120",13,9
"2003","41121",67,16
"2003","41122",4,1
"2003","41123",4,4
"2003","41124",48,13
"2003","41125",34,15
"2003","41126",18,3
"2003","41201",1,5
"2003","41202",6,4
"2003","41203",8,4
"2003","41204",17,4
"2003","41205",7,2
"2003","41206",1,1
"2003","41207",10,13
"2003","41208",10,4
"2003","41209",8,3
"2003","41210",7,14
"2003","41211",1,1
"2003","41212",1,0
"2003","41213",6,9
"2003","41214",9,12
"2003","41215",15,3
"2003","41216",1,0
"2003","41217",NA,NA
"2003","41218",6,6
"2003","41219",37,27
"2003","41220",32,12
"2003","41221",0,1
"2003","41222",0,1
"2003","41223",2,4
"2003","41224",17,16
"2003","41225",107,75
"2003","41226",2,1
"2003","41227",1,3
"2003","41228",8,11
"2003","41229",7,0
"2003","41230",4,0
"2003","41231",34,20
"2003","41232",5,1
"2003","41233",25,11
"2003","41234",11,8
"2003","41235",2,1
"2003","41236",1,1
"2003","41304",5,3
"2003","41305",5,0
"2003","41306",0,1
"2003","41307",1,1
"2003","41309",9,5
"2003","41311",1,1
"2003","41312",6,2
"2003","41313",5,2
"2003","41314",4,3
"2003","41315",3,2
"2003","41316",1,3
"2003","41317",9,0
"2003","41318",27,11
"2003","41319",NA,NA
"2003","41320",3,6
"2003","41321",63,35
"2003","41322",2,2
"2003","41323",3,0
"2003","41324",4,9
"2003","41325",2,5
"2003","41326",4,2
"2003","41327",5,2
"2003","41328",4,2
"2003","41329",7,1
"2003","41331",2,1
"2003","41332",13,8
"2003","41333",3,0
"2003","41334",5,1
"2003","41336",5,0
"2003","41337",2,1
"2003","41338",2,1
"2003","41341",7,26
"2003","41342",21,9
"2003","41343",15,10
"2003","41344",27,16
"2003","41345",5,7
"2003","41346",13,8
"2003","41401",5,3
"2003","41402",27,20
"2003","41403",14,19
"2003","41404",5,9
"2003","41405",9,5
"2003","41406",2,3
"2003","41407",5,17
"2003","41408",7,5
"2003","41409",23,8
"2003","41410",46,31
"2003","41411",3,3
"2003","41412",NA,NA
"2003","41413",12,2
"2003","41414",16,4
"2003","41415",1,4
"2003","41416",15,3
"2003","41417",6,3
"2003","41418",31,21
"2003","41419",11,4
"2003","41420",3,6
"2003","41421",10,1
"2003","41422",71,53
"2003","41423",35,37
"2003","41424",1,4
"2003","41425",47,59
"2003","41426",29,25
"2003","41427",38,13
"2003","41428",3,2
"2003","41429",9,10
"2003","41430",2,2
"2003","41501",9,3
"2003","41502",2,5
"2003","41503",30,15
"2003","41504",12,7
"2003","41505",2,6
"2003","41506",40,42
"2003","41507",4,4
"2003","41508",4,2
"2003","41509",6,2
"2003","41510",4,3
"2003","41511",9,12
"2003","41512",3,1
"2003","41513",3,4
"2003","41514",9,6
"2003","41515",17,16
"2003","41516",59,39
"2003","41517",8,6
"2003","41518",16,13
"2003","41521",7,4
"2003","41522",20,10
"2003","41601",4,4
"2003","41602",12,8
"2003","41603",22,10
"2003","41604",6,2
"2003","41605",28,11
"2003","41606",34,21
"2003","41607",35,13
"2003","41608",4,1
"2003","41609",5,13
"2003","41610",NA,NA
"2003","41611",5,3
"2003","41612",5,0
"2003","41613",15,10
"2003","41614",17,18
"2003","41615",12,5
"2003","41616",2,0
"2003","41617",26,9
"2003","41618",24,15
"2003","41619",3,3
"2003","41620",6,2
"2003","41621",NA,NA
"2003","41622",3,2
"2003","41623",1,0
"2003","41624",34,31
"2003","41626",9,7
"2003","41627",4,5
"2003","41628",4,17
"2003","41701",15,3
"2003","41702",12,10
"2003","41703",142,61
"2003","41704",4,2
"2003","41705",4,6
"2003","41706",16,5
"2003","41707",1,5
"2003","41708",2,0
"2003","41709",21,11
"2003","41710",46,18
"2003","41711",10,3
"2003","41712",3,2
"2003","41713",57,19
"2003","41714",0,2
"2003","41715",52,37
"2003","41716",5,5
"2003","41717",0,2
"2003","41718",10,29
"2003","41719",7,2
"2003","41720",3,2
"2003","41721",5,1
"2003","41722",13,10
"2003","41723",1,5
"2003","41724",NA,NA
"2003","41725",3,1
"2003","41726",7,7
"2003","41727",5,4
"2003","41728",1,0
"2003","41729",NA,NA
"2003","41730",3,3
"2003","41731",12,11
"2003","41732",3,5
"2003","41733",NA,NA
"2003","41734",185,65
"2003","41735",27,17
"2003","41736",0,7
"2003","41737",19,17
"2003","41738",56,45
"2003","41739",36,24
"2003","41740",11,9
"2003","41741",60,11
"2003","41742",32,11
"2003","41743",151,55
"2003","41744",1,6
"2003","41745",10,10
"2003","41746",93,89
"2003","41747",24,7
"2003","41748",3,3
"2003","41749",5,8
"2003","41750",4,2
"2003","41751",36,17
"2003","41752",10,3
"2003","41801",2,3
"2003","41802",7,4
"2003","41803",14,3
"2003","41804",101,92
"2003","41805",9,6
"2003","41806",10,11
"2003","41807",5,7
"2003","41808",32,23
"2003","41809",4,4
"2003","41810",25,15
"2003","41811",73,33
"2003","41812",136,81
"2003","41813",2,2
"2003","41814",10,7
"2003","41815",3,1
"2003","41816",33,12
"2003","41817",18,11
"2003","41818",12,2
"2003","41819",14,5
"2003","41820",67,28
"2003","41821",13,8
"2003","41822",9,3
"2003","41823",93,64
"2003","41824",57,33
"2003","50101",3204,2178
"2003","50201",13,6
"2003","50202",39,12
"2003","50203",12,10
"2003","50204",34,27
"2003","50205",239,129
"2003","50206",3,2
"2003","50207",29,12
"2003","50208",32,13
"2003","50209",25,30
"2003","50210",2,1
"2003","50211",8,4
"2003","50212",3,2
"2003","50213",10,9
"2003","50301",32,34
"2003","50302",18,18
"2003","50303",46,41
"2003","50304",1,9
"2003","50305",35,29
"2003","50306",6,2
"2003","50307",1,2
"2003","50308",14,11
"2003","50309",34,28
"2003","50310",49,40
"2003","50311",10,2
"2003","50312",25,28
"2003","50313",7,3
"2003","50314",82,38
"2003","50315",42,28
"2003","50316",25,17
"2003","50317",47,26
"2003","50318",4,1
"2003","50319",24,21
"2003","50320",19,8
"2003","50321",20,20
"2003","50322",35,13
"2003","50323",28,14
"2003","50324",97,51
"2003","50325",13,9
"2003","50326",67,38
"2003","50327",17,12
"2003","50328",7,3
"2003","50329",13,9
"2003","50330",33,43
"2003","50331",3,2
"2003","50332",12,14
"2003","50335",54,35
"2003","50336",54,45
"2003","50337",23,14
"2003","50338",127,101
"2003","50339",93,79
"2003","50401",63,61
"2003","50402",191,141
"2003","50403",352,384
"2003","50404",92,68
"2003","50405",35,23
"2003","50406",18,14
"2003","50407",16,17
"2003","50408",18,8
"2003","50409",13,19
"2003","50410",11,9
"2003","50411",61,50
"2003","50412",11,6
"2003","50413",10,7
"2003","50414",15,12
"2003","50415",17,18
"2003","50416",12,12
"2003","50417",64,60
"2003","50418",253,131
"2003","50419",25,10
"2003","50420",20,13
"2003","50421",46,20
"2003","50422",46,44
"2003","50423",16,29
"2003","50424",24,7
"2003","50425",36,26
"2003","50501",0,3
"2003","50502",2,0
"2003","50503",3,2
"2003","50504",26,18
"2003","50505",NA,NA
"2003","50506",5,7
"2003","50507",2,6
"2003","50508",4,4
"2003","50509",26,28
"2003","50510",23,31
"2003","50511",NA,NA
"2003","50512",142,132
"2003","50513",1,1
"2003","50514",0,1
"2003","50515",2,1
"2003","50601",19,11
"2003","50602",26,18
"2003","50603",4,5
"2003","50604",6,3
"2003","50605",8,4
"2003","50606",28,17
"2003","50607",9,4
"2003","50608",3,3
"2003","50609",22,9
"2003","50610",19,10
"2003","50611",21,28
"2003","50612",20,24
"2003","50613",100,90
"2003","50614",11,14
"2003","50615",7,12
"2003","50616",36,60
"2003","50617",11,8
"2003","50618",48,18
"2003","50619",122,80
"2003","50620",6,7
"2003","50621",5,5
"2003","50622",26,5
"2003","50623",12,53
"2003","50624",16,12
"2003","50625",3,6
"2003","50626",17,5
"2003","50627",5,5
"2003","50628",197,121
"2003","60101",4807,2891
"2003","60305",11,12
"2003","60318",17,23
"2003","60323",1,23
"2003","60324",6,6
"2003","60326",6,1
"2003","60329",0,13
"2003","60341",2,2
"2003","60344",97,57
"2003","60345",19,20
"2003","60346",13,5
"2003","60347",14,5
"2003","60348",18,16
"2003","60349",38,22
"2003","60350",32,28
"2003","60351",12,11
"2003","60608",44,34
"2003","60611",16,22
"2003","60613",36,23
"2003","60617",39,35
"2003","60618",4,0
"2003","60619",11,4
"2003","60623",12,11
"2003","60624",40,26
"2003","60626",9,4
"2003","60628",8,7
"2003","60629",32,29
"2003","60632",18,14
"2003","60639",1,6
"2003","60641",3,2
"2003","60642",9,5
"2003","60645",28,18
"2003","60646",19,11
"2003","60647",4,0
"2003","60648",11,5
"2003","60651",17,5
"2003","60653",28,9
"2003","60654",10,6
"2003","60655",8,6
"2003","60656",4,4
"2003","60659",24,15
"2003","60660",11,8
"2003","60661",31,11
"2003","60662",13,6
"2003","60663",23,25
"2003","60664",88,52
"2003","60665",24,12
"2003","60666",3,2
"2003","60667",30,23
"2003","60668",7,4
"2003","60669",89,69
"2003","60670",44,20
"2003","61001",4,2
"2003","61002",60,34
"2003","61007",9,5
"2003","61008",1,3
"2003","61012",6,3
"2003","61013",6,3
"2003","61016",4,3
"2003","61017",4,5
"2003","61019",2,3
"2003","61020",13,10
"2003","61021",13,14
"2003","61024",12,10
"2003","61027",16,12
"2003","61030",12,10
"2003","61032",6,4
"2003","61033",6,8
"2003","61043",13,5
"2003","61045",27,18
"2003","61049",6,12
"2003","61050",18,6
"2003","61051",18,7
"2003","61052",13,12
"2003","61053",95,49
"2003","61054",12,15
"2003","61055",3,0
"2003","61057",8,3
"2003","61059",31,51
"2003","61060",19,13
"2003","61061",52,51
"2003","61101",21,74
"2003","61105",34,35
"2003","61106",17,12
"2003","61107",6,1
"2003","61108",365,182
"2003","61109",14,13
"2003","61110",6,4
"2003","61111",4,4
"2003","61112",1,3
"2003","61113",15,13
"2003","61114",3,8
"2003","61115",15,14
"2003","61116",1,1
"2003","61118",8,8
"2003","61119",0,1
"2003","61120",47,62
"2003","61203",13,7
"2003","61204",15,10
"2003","61205",2,0
"2003","61206",7,5
"2003","61207",40,43
"2003","61213",17,8
"2003","61215",11,15
"2003","61217",12,8
"2003","61222",4,10
"2003","61236",26,10
"2003","61243",13,11
"2003","61247",5,4
"2003","61251",3,3
"2003","61252",3,9
"2003","61253",19,23
"2003","61254",3,6
"2003","61255",24,58
"2003","61256",4,8
"2003","61257",18,17
"2003","61258",4,10
"2003","61259",48,55
"2003","61260",7,6
"2003","61261",20,9
"2003","61262",13,9
"2003","61263",38,29
"2003","61264",1,1
"2003","61265",75,59
"2003","61266",9,4
"2003","61267",20,19
"2003","61410",4,6
"2003","61413",4,1
"2003","61425",15,6
"2003","61428",0,3
"2003","61437",4,1
"2003","61438",17,16
"2003","61439",27,16
"2003","61440",1,9
"2003","61441",2,2
"2003","61442",17,8
"2003","61443",8,3
"2003","61444",22,19
"2003","61445",54,46
"2003","61446",9,4
"2003","61611",5,4
"2003","61612",16,12
"2003","61615",5,4
"2003","61618",4,4
"2003","61621",0,3
"2003","61624",12,2
"2003","61625",64,43
"2003","61626",23,21
"2003","61627",12,13
"2003","61628",4,7
"2003","61629",19,14
"2003","61630",6,7
"2003","61631",47,25
"2003","61632",24,13
"2003","61633",10,7
"2003","61701",2,3
"2003","61708",0,2
"2003","61710",0,2
"2003","61711",0,3
"2003","61716",5,7
"2003","61719",6,7
"2003","61727",2,6
"2003","61728",1,0
"2003","61729",2,3
"2003","61730",4,1
"2003","61731",3,0
"2003","61740",6,0
"2003","61741",2,2
"2003","61743",1,1
"2003","61744",NA,NA
"2003","61745",1,2
"2003","61746",8,8
"2003","61748",7,6
"2003","61750",1,3
"2003","61751",4,0
"2003","61756",6,7
"2003","61757",10,4
"2003","61758",1,5
"2003","61759",10,2
"2003","61760",46,27
"2003","61761",3,1
"2003","61762",6,4
"2003","61763",10,15
"2003","61764",6,4
"2003","61765",16,10
"2003","61766",51,25
"2003","62007",39,28
"2003","62008",8,3
"2003","62010",3,6
"2003","62014",12,4
"2003","62021",2,5
"2003","62026",3,5
"2003","62032",2,0
"2003","62034",6,2
"2003","62036",16,7
"2003","62038",86,34
"2003","62039",12,9
"2003","62040",67,50
"2003","62041",116,90
"2003","62042",15,5
"2003","62043",5,14
"2003","62044",14,9
"2003","62045",69,24
"2003","62046",16,16
"2003","62047",21,20
"2003","62048",11,7
"2003","62105",2,3
"2003","62115",19,4
"2003","62116",21,6
"2003","62125",14,4
"2003","62128",10,6
"2003","62131",3,11
"2003","62132",2,3
"2003","62135",81,31
"2003","62138",145,25
"2003","62139",171,107
"2003","62140",188,140
"2003","62141",29,24
"2003","62142",25,35
"2003","62143",93,56
"2003","62144",155,67
"2003","62145",27,26
"2003","62146",7,10
"2003","62147",10,17
"2003","62148",11,4
"2003","62202",4,3
"2003","62205",4,3
"2003","62206",4,1
"2003","62209",3,1
"2003","62211",1,3
"2003","62214",29,18
"2003","62216",4,1
"2003","62219",31,23
"2003","62220",88,24
"2003","62226",19,10
"2003","62232",0,1
"2003","62233",67,7
"2003","62235",37,0
"2003","62242",NA,NA
"2003","62244",11,10
"2003","62245",1,1
"2003","62247",66,20
"2003","62256",4,8
"2003","62262",2,2
"2003","62264",11,7
"2003","62265",7,1
"2003","62266",4,2
"2003","62268",3,10
"2003","62269",11,6
"2003","62270",7,1
"2003","62271",27,19
"2003","62272",8,5
"2003","62273",10,5
"2003","62274",11,4
"2003","62275",16,12
"2003","62276",3,4
"2003","62277",8,3
"2003","62278",6,3
"2003","62279",108,14
"2003","62280",59,36
"2003","62311",2,4
"2003","62314",8,2
"2003","62326",10,3
"2003","62330",3,2
"2003","62332",4,2
"2003","62335",3,6
"2003","62343",3,2
"2003","62368",8,1
"2003","62372",2,6
"2003","62375",66,34
"2003","62376",12,15
"2003","62377",7,7
"2003","62378",36,33
"2003","62379",83,49
"2003","62380",18,20
"2003","62381",13,12
"2003","62382",14,12
"2003","62383",15,19
"2003","62384",8,9
"2003","62385",8,1
"2003","62386",48,9
"2003","62387",3,5
"2003","62388",4,5
"2003","62389",8,9
"2003","62390",20,13
"2003","70101",1963,1821
"2003","70201",20,15
"2003","70202",19,24
"2003","70203",95,54
"2003","70204",2,8
"2003","70205",25,7
"2003","70206",1,0
"2003","70207",3,3
"2003","70208",31,25
"2003","70209",57,36
"2003","70210",6,1
"2003","70211",37,12
"2003","70212",31,11
"2003","70213",15,18
"2003","70214",22,15
"2003","70215",16,6
"2003","70216",19,12
"2003","70217",53,31
"2003","70218",10,7
"2003","70219",103,81
"2003","70220",452,201
"2003","70221",22,13
"2003","70222",21,8
"2003","70223",17,12
"2003","70224",8,6
"2003","70301",27,21
"2003","70302",30,21
"2003","70303",12,9
"2003","70304",40,44
"2003","70305",4,4
"2003","70306",14,12
"2003","70307",5,5
"2003","70308",4,1
"2003","70309",20,11
"2003","70310",56,29
"2003","70311",4,8
"2003","70312",95,49
"2003","70313",7,5
"2003","70314",7,3
"2003","70315",13,6
"2003","70317",3,2
"2003","70318",15,15
"2003","70319",17,15
"2003","70320",24,18
"2003","70322",13,6
"2003","70323",1,3
"2003","70325",8,8
"2003","70326",98,44
"2003","70328",29,11
"2003","70329",26,23
"2003","70331",17,16
"2003","70332",18,12
"2003","70333",4,4
"2003","70334",180,150
"2003","70335",6,9
"2003","70336",0,1
"2003","70337",16,2
"2003","70338",9,5
"2003","70339",9,6
"2003","70340",11,7
"2003","70342",3,3
"2003","70343",10,7
"2003","70344",24,17
"2003","70345",16,6
"2003","70346",63,68
"2003","70347",1,3
"2003","70348",35,25
"2003","70349",0,1
"2003","70350",18,12
"2003","70351",54,156
"2003","70352",2,1
"2003","70353",20,5
"2003","70354",153,135
"2003","70355",27,19
"2003","70356",12,13
"2003","70357",197,143
"2003","70358",43,21
"2003","70359",12,3
"2003","70360",18,20
"2003","70361",7,2
"2003","70362",0,3
"2003","70364",118,63
"2003","70365",26,13
"2003","70366",1,0
"2003","70367",69,49
"2003","70368",6,0
"2003","70369",101,76
"2003","70370",37,18
"2003","70401",22,10
"2003","70402",25,11
"2003","70403",158,76
"2003","70404",35,44
"2003","70405",12,5
"2003","70406",45,26
"2003","70407",14,11
"2003","70408",27,15
"2003","70409",102,94
"2003","70410",42,37
"2003","70411",174,159
"2003","70412",100,56
"2003","70413",26,12
"2003","70414",35,33
"2003","70415",2,0
"2003","70416",85,73
"2003","70417",15,6
"2003","70418",12,7
"2003","70419",15,14
"2003","70420",17,18
"2003","70501",40,65
"2003","70502",13,7
"2003","70503",19,22
"2003","70504",19,9
"2003","70505",32,15
"2003","70506",36,26
"2003","70508",63,45
"2003","70509",123,57
"2003","70510",37,29
"2003","70511",49,27
"2003","70512",46,47
"2003","70513",286,200
"2003","70514",33,26
"2003","70515",40,20
"2003","70516",3,3
"2003","70517",7,21
"2003","70518",34,15
"2003","70519",29,17
"2003","70520",36,41
"2003","70521",13,7
"2003","70522",53,17
"2003","70523",7,3
"2003","70524",68,40
"2003","70525",19,15
"2003","70526",133,152
"2003","70527",64,45
"2003","70528",10,6
"2003","70529",31,35
"2003","70530",143,90
"2003","70531",188,85
"2003","70601",1,1
"2003","70602",8,9
"2003","70603",98,63
"2003","70604",20,23
"2003","70605",31,19
"2003","70606",90,76
"2003","70607",10,4
"2003","70608",236,240
"2003","70609",39,35
"2003","70610",0,1
"2003","70611",17,15
"2003","70612",0,1
"2003","70613",25,44
"2003","70614",80,53
"2003","70615",115,91
"2003","70616",56,52
"2003","70617",43,38
"2003","70618",17,7
"2003","70619",30,18
"2003","70620",41,21
"2003","70621",222,207
"2003","70622",9,14
"2003","70623",21,17
"2003","70624",107,84
"2003","70625",4,2
"2003","70626",0,1
"2003","70627",4,3
"2003","70628",3,2
"2003","70629",1,1
"2003","70630",45,18
"2003","70701",2,8
"2003","70702",1,4
"2003","70703",1,2
"2003","70704",2,0
"2003","70705",1,11
"2003","70706",1,0
"2003","70707",8,7
"2003","70708",1,0
"2003","70709",1,2
"2003","70710",0,8
"2003","70711",2,1
"2003","70712",1,1
"2003","70713",0,13
"2003","70714",1,1
"2003","70715",8,1
"2003","70716",53,36
"2003","70717",9,20
"2003","70718",1,0
"2003","70719",11,9
"2003","70720",1,2
"2003","70721",3,0
"2003","70723",3,0
"2003","70724",4,6
"2003","70725",1,6
"2003","70726",NA,NA
"2003","70727",0,2
"2003","70728",7,8
"2003","70729",8,4
"2003","70731",0,2
"2003","70732",6,0
"2003","70733",0,2
"2003","70734",0,3
"2003","70735",2,5
"2003","70801",4,3
"2003","70802",9,8
"2003","70803",6,5
"2003","70804",7,6
"2003","70805",37,20
"2003","70806",9,3
"2003","70807",79,41
"2003","70808",8,2
"2003","70809",2,0
"2003","70810",1,0
"2003","70811",12,11
"2003","70812",1,0
"2003","70813",8,2
"2003","70814",1,2
"2003","70815",0,1
"2003","70816",15,9
"2003","70817",8,14
"2003","70818",35,24
"2003","70819",3,0
"2003","70820",28,17
"2003","70821",17,14
"2003","70822",1,1
"2003","70823",0,6
"2003","70824",7,8
"2003","70825",1,0
"2003","70826",17,6
"2003","70827",1,3
"2003","70828",85,64
"2003","70829",5,11
"2003","70830",8,6
"2003","70831",0,3
"2003","70832",33,26
"2003","70833",79,41
"2003","70834",1,2
"2003","70835",18,12
"2003","70836",7,3
"2003","70837",3,1
"2003","70901",40,23
"2003","70902",13,4
"2003","70903",NA,NA
"2003","70904",11,8
"2003","70905",13,16
"2003","70907",72,40
"2003","70908",36,17
"2003","70909",54,47
"2003","70910",26,29
"2003","70911",6,4
"2003","70912",16,21
"2003","70913",4,1
"2003","70914",10,10
"2003","70915",18,9
"2003","70916",17,12
"2003","70917",91,62
"2003","70918",27,17
"2003","70920",67,46
"2003","70921",12,12
"2003","70922",12,4
"2003","70923",22,7
"2003","70924",0,2
"2003","70925",22,9
"2003","70926",128,100
"2003","70927",16,15
"2003","70928",18,3
"2003","70929",3,4
"2003","70930",4,5
"2003","70931",20,8
"2003","70932",6,3
"2003","70933",6,10
"2003","70934",73,58
"2003","70935",11,7
"2003","70936",34,36
"2003","70937",18,13
"2003","70938",11,7
"2003","70939",10,19
"2003","70940",26,17
"2003","70941",6,6
"2003","80101",16,16
"2003","80102",7,4
"2003","80103",253,202
"2003","80104",44,30
"2003","80105",12,25
"2003","80106",37,26
"2003","80107",10,12
"2003","80108",14,3
"2003","80109",2,12
"2003","80110",36,28
"2003","80111",4,3
"2003","80112",9,2
"2003","80113",273,109
"2003","80114",0,3
"2003","80115",54,33
"2003","80116",87,48
"2003","80117",56,50
"2003","80118",10,5
"2003","80119",5,3
"2003","80120",45,33
"2003","80121",5,5
"2003","80122",52,31
"2003","80123",6,7
"2003","80124",7,9
"2003","80125",6,8
"2003","80126",49,31
"2003","80127",8,5
"2003","80128",29,10
"2003","80129",56,42
"2003","80201",20,22
"2003","80202",16,17
"2003","80203",21,10
"2003","80204",17,8
"2003","80205",4,7
"2003","80206",15,2
"2003","80207",440,352
"2003","80208",1,1
"2003","80209",6,8
"2003","80210",16,7
"2003","80211",32,12
"2003","80212",11,10
"2003","80213",41,19
"2003","80214",14,6
"2003","80215",154,103
"2003","80216",39,27
"2003","80217",123,65
"2003","80218",73,60
"2003","80219",10,11
"2003","80220",17,9
"2003","80221",24,10
"2003","80222",23,9
"2003","80223",6,3
"2003","80224",117,86
"2003","80225",20,3
"2003","80226",63,64
"2003","80227",26,21
"2003","80228",387,300
"2003","80229",7,7
"2003","80230",17,13
"2003","80231",7,7
"2003","80232",0,1
"2003","80233",13,5
"2003","80234",4,3
"2003","80235",31,28
"2003","80236",13,7
"2003","80237",4,2
"2003","80238",12,12
"2003","80239",1,3
"2003","80240",53,67
"2003","80301",601,487
"2003","80302",136,97
"2003","80303",273,165
"2003","80401",45,47
"2003","80402",5,1
"2003","80403",1,3
"2003","80404",540,429
"2003","80405",119,84
"2003","80406",5,2
"2003","80407",23,20
"2003","80408",122,79
"2003","80409",48,30
"2003","80410",35,31
"2003","80411",11,8
"2003","80412",34,36
"2003","80413",33,17
"2003","80414",148,128
"2003","80415",1,3
"2003","80416",41,17
"2003","80417",13,13
"2003","80418",33,13
"2003","80419",9,4
"2003","80420",17,22
"2003","80421",3,3
"2003","80422",1,0
"2003","80423",28,17
"2003","80424",39,20
"2003","90101",486,363
"2003","90201",3163,1930
"2003","90301",2493,1624
"2003","90401",861,470
"2003","90501",1907,1044
"2003","90601",920,792
"2003","90701",930,644
"2003","90801",2069,1100
"2003","90901",1931,1412
"2003","91001",4246,2366
"2003","91101",1945,895
"2003","91201",2203,1059
"2003","91301",808,605
"2003","91401",1849,1023
"2003","91501",3697,2091
"2003","91601",2841,1634
"2003","91701",1983,1085
"2003","91801",1413,804
"2003","91901",1429,1022
"2003","92001",3243,1775
"2003","92101",2090,1110
"2003","92201",1769,1091
"2003","92301",937,634
"2004","10101",141,122
"2004","10201",37,8
"2004","10301",8,10
"2004","10302",21,12
"2004","10303",21,3
"2004","10304",18,10
"2004","10305",10,3
"2004","10306",1,1
"2004","10307",16,5
"2004","10308",9,3
"2004","10309",25,6
"2004","10310",9,1
"2004","10311",14,7
"2004","10312",23,8
"2004","10313",15,3
"2004","10314",10,2
"2004","10315",35,17
"2004","10316",17,5
"2004","10317",15,5
"2004","10318",9,3
"2004","10319",9,5
"2004","10320",NA,NA
"2004","10321",3,4
"2004","10322",3,0
"2004","10323",3,3
"2004","10401",3,1
"2004","10402",7,2
"2004","10403",2,0
"2004","10404",3,2
"2004","10405",43,33
"2004","10406",2,3
"2004","10407",3,1
"2004","10408",6,5
"2004","10409",2,0
"2004","10410",NA,NA
"2004","10411",6,0
"2004","10412",4,1
"2004","10413",4,0
"2004","10414",22,8
"2004","10415",36,5
"2004","10416",8,3
"2004","10417",5,1
"2004","10418",2,1
"2004","10419",1,2
"2004","10420",2,0
"2004","10421",NA,NA
"2004","10422",1,0
"2004","10423",NA,NA
"2004","10424",2,0
"2004","10425",1,0
"2004","10426",NA,NA
"2004","10427",3,0
"2004","10428",0,1
"2004","10501",12,3
"2004","10502",6,1
"2004","10503",3,6
"2004","10504",16,5
"2004","10505",1,1
"2004","10506",10,9
"2004","10507",0,11
"2004","10508",15,3
"2004","10509",9,7
"2004","10510",1,3
"2004","10511",2,2
"2004","10512",3,2
"2004","10601",6,10
"2004","10602",41,19
"2004","10603",4,4
"2004","10604",10,6
"2004","10605",14,11
"2004","10606",46,21
"2004","10607",52,42
"2004","10608",5,0
"2004","10609",17,7
"2004","10610",21,14
"2004","10611",7,11
"2004","10612",12,4
"2004","10613",56,2
"2004","10614",13,2
"2004","10615",13,2
"2004","10616",2,0
"2004","10617",2,5
"2004","10618",24,21
"2004","10619",3,1
"2004","10701",22,14
"2004","10702",10,3
"2004","10703",14,12
"2004","10704",1,0
"2004","10705",20,8
"2004","10706",12,4
"2004","10707",63,20
"2004","10708",10,5
"2004","10709",7,1
"2004","10710",10,2
"2004","10711",14,18
"2004","10712",19,8
"2004","10713",73,59
"2004","10714",23,4
"2004","10715",18,5
"2004","10716",8,9
"2004","10717",36,8
"2004","10718",13,10
"2004","10719",2,0
"2004","10720",1,0
"2004","10721",50,48
"2004","10722",9,5
"2004","10723",6,3
"2004","10724",8,3
"2004","10725",12,1
"2004","10726",1,0
"2004","10727",2,0
"2004","10801",6,4
"2004","10802",3,2
"2004","10803",4,1
"2004","10804",10,5
"2004","10805",60,4
"2004","10806",7,0
"2004","10807",13,1
"2004","10808",3,10
"2004","10809",10,7
"2004","10810",8,1
"2004","10811",7,2
"2004","10812",4,2
"2004","10813",8,21
"2004","10814",5,1
"2004","10815",5,1
"2004","10816",18,12
"2004","10817",5,1
"2004","10818",1,0
"2004","10819",0,5
"2004","10820",7,0
"2004","10821",7,2
"2004","10822",7,4
"2004","10823",6,1
"2004","10824",4,0
"2004","10825",31,9
"2004","10826",1,3
"2004","10827",2,5
"2004","10828",0,2
"2004","10901",12,12
"2004","10902",23,10
"2004","10903",2,1
"2004","10904",1,1
"2004","10905",36,16
"2004","10906",1,0
"2004","10907",2,6
"2004","10908",5,0
"2004","10909",33,6
"2004","10910",6,1
"2004","10911",2,3
"2004","10912",10,5
"2004","10913",5,0
"2004","10914",4,2
"2004","10915",5,7
"2004","10916",42,6
"2004","10917",55,31
"2004","10918",30,12
"2004","10919",32,6
"2004","10920",2,3
"2004","10921",6,9
"2004","10922",9,5
"2004","10923",8,4
"2004","10924",2,3
"2004","10925",9,6
"2004","10926",1,1
"2004","10927",2,0
"2004","10928",37,2
"2004","10929",1,0
"2004","10930",3,2
"2004","10931",NA,NA
"2004","10932",4,0
"2004","20101",1023,781
"2004","20201",505,254
"2004","20302",9,1
"2004","20305",48,22
"2004","20306",98,6
"2004","20307",10,4
"2004","20316",13,4
"2004","20320",8,2
"2004","20321",5,1
"2004","20402",27,14
"2004","20403",17,14
"2004","20405",37,14
"2004","20409",8,8
"2004","20412",15,2
"2004","20414",15,12
"2004","20415",98,51
"2004","20416",5,2
"2004","20417",20,12
"2004","20418",22,7
"2004","20419",5,8
"2004","20421",117,40
"2004","20424",33,29
"2004","20425",25,33
"2004","20428",1,4
"2004","20432",47,8
"2004","20435",25,16
"2004","20441",0,2
"2004","20442",15,13
"2004","20501",28,13
"2004","20502",4,4
"2004","20503",6,2
"2004","20504",43,17
"2004","20505",31,12
"2004","20506",19,15
"2004","20508",4,6
"2004","20509",5,6
"2004","20511",10,12
"2004","20512",5,6
"2004","20513",1,10
"2004","20515",7,9
"2004","20518",8,11
"2004","20519",4,1
"2004","20520",4,3
"2004","20523",19,20
"2004","20527",90,65
"2004","20530",6,17
"2004","20531",12,5
"2004","20534",11,19
"2004","20601",16,8
"2004","20602",3,4
"2004","20603",3,1
"2004","20604",5,2
"2004","20605",14,11
"2004","20607",7,2
"2004","20608",16,4
"2004","20609",24,21
"2004","20610",7,7
"2004","20611",2,1
"2004","20613",4,4
"2004","20616",10,4
"2004","20618",10,8
"2004","20619",1,6
"2004","20620",28,22
"2004","20622",0,6
"2004","20624",7,4
"2004","20625",4,7
"2004","20627",15,12
"2004","20630",170,33
"2004","20631",5,8
"2004","20632",3,3
"2004","20633",6,8
"2004","20634",29,12
"2004","20635",108,54
"2004","20636",6,10
"2004","20637",5,2
"2004","20638",2,3
"2004","20639",3,7
"2004","20640",6,1
"2004","20642",4,4
"2004","20643",10,8
"2004","20644",9,4
"2004","20701",7,3
"2004","20702",50,15
"2004","20703",12,2
"2004","20705",15,12
"2004","20707",NA,NA
"2004","20708",2,3
"2004","20710",10,3
"2004","20711",45,40
"2004","20712",4,4
"2004","20713",0,3
"2004","20719",14,14
"2004","20720",32,21
"2004","20721",6,9
"2004","20722",18,11
"2004","20723",6,8
"2004","20724",40,21
"2004","20725",83,34
"2004","20726",13,7
"2004","20727",89,15
"2004","20801",13,14
"2004","20802",6,1
"2004","20803",43,15
"2004","20804",11,9
"2004","20805",2,5
"2004","20806",10,1
"2004","20807",2,2
"2004","20808",21,3
"2004","20810",1,2
"2004","20812",15,2
"2004","20813",241,24
"2004","20815",12,6
"2004","20817",54,23
"2004","20901",9,11
"2004","20905",9,12
"2004","20909",9,9
"2004","20911",2,1
"2004","20912",10,8
"2004","20913",33,42
"2004","20914",2,5
"2004","20918",9,6
"2004","20923",80,36
"2004","21001",8,4
"2004","21002",76,41
"2004","21003",14,8
"2004","21004",1,2
"2004","21005",13,4
"2004","21006",4,4
"2004","21007",6,8
"2004","21008",96,8
"2004","21009",20,17
"2004","21010",2,3
"2004","30101",263,211
"2004","30201",750,374
"2004","30301",110,43
"2004","30401",426,258
"2004","30501",1,2
"2004","30502",168,104
"2004","30503",16,16
"2004","30504",15,7
"2004","30506",17,14
"2004","30507",2,3
"2004","30508",20,12
"2004","30509",17,12
"2004","30510",3,3
"2004","30511",3,1
"2004","30512",1,3
"2004","30514",11,6
"2004","30515",15,8
"2004","30516",10,12
"2004","30517",12,4
"2004","30520",7,5
"2004","30521",0,3
"2004","30522",NA,NA
"2004","30524",62,5
"2004","30526",2,1
"2004","30527",12,7
"2004","30529",8,6
"2004","30530",12,8
"2004","30531",65,44
"2004","30532",15,8
"2004","30533",26,11
"2004","30534",7,4
"2004","30536",22,7
"2004","30538",55,11
"2004","30539",4,0
"2004","30541",5,5
"2004","30542",4,1
"2004","30543",6,3
"2004","30544",1,0
"2004","30601",20,26
"2004","30602",164,14
"2004","30603",143,87
"2004","30604",396,179
"2004","30605",79,32
"2004","30607",174,110
"2004","30608",24,15
"2004","30609",4,4
"2004","30612",13,10
"2004","30613",35,11
"2004","30614",5,13
"2004","30615",103,103
"2004","30616",15,11
"2004","30618",56,35
"2004","30620",37,23
"2004","30621",19,8
"2004","30623",46,13
"2004","30625",35,37
"2004","30626",35,18
"2004","30627",15,28
"2004","30629",9,9
"2004","30631",13,10
"2004","30633",16,4
"2004","30635",14,29
"2004","30636",48,50
"2004","30637",15,9
"2004","30639",280,134
"2004","30641",25,7
"2004","30645",37,16
"2004","30646",16,19
"2004","30701",NA,NA
"2004","30702",13,8
"2004","30703",8,10
"2004","30704",85,47
"2004","30706",22,11
"2004","30708",22,8
"2004","30709",24,4
"2004","30710",93,45
"2004","30711",8,3
"2004","30712",9,4
"2004","30713",11,2
"2004","30715",12,11
"2004","30716",16,1
"2004","30718",8,9
"2004","30719",10,11
"2004","30721",19,10
"2004","30722",5,23
"2004","30724",12,5
"2004","30726",20,13
"2004","30728",5,2
"2004","30729",14,22
"2004","30730",50,37
"2004","30731",21,14
"2004","30732",41,15
"2004","30733",3,5
"2004","30734",21,8
"2004","30735",31,10
"2004","30736",26,8
"2004","30737",5,6
"2004","30738",6,4
"2004","30739",18,9
"2004","30740",226,124
"2004","30741",26,11
"2004","30801",29,31
"2004","30802",7,8
"2004","30803",23,10
"2004","30804",15,6
"2004","30805",10,7
"2004","30808",68,61
"2004","30810",14,16
"2004","30811",10,7
"2004","30812",10,4
"2004","30813",14,8
"2004","30814",18,10
"2004","30817",85,47
"2004","30819",11,14
"2004","30821",92,83
"2004","30822",3,3
"2004","30824",6,1
"2004","30825",5,2
"2004","30826",5,4
"2004","30827",10,10
"2004","30828",2,0
"2004","30829",2,3
"2004","30830",58,47
"2004","30831",56,38
"2004","30834",21,11
"2004","30835",66,29
"2004","30836",36,33
"2004","30838",25,14
"2004","30841",13,5
"2004","30842",28,17
"2004","30844",20,17
"2004","30845",5,1
"2004","30846",1,0
"2004","30848",14,5
"2004","30849",52,50
"2004","30850",7,4
"2004","30852",17,7
"2004","30854",6,3
"2004","30856",28,25
"2004","30857",2,6
"2004","30858",16,13
"2004","30859",5,3
"2004","30860",16,8
"2004","30863",26,33
"2004","30865",20,6
"2004","30902",3,2
"2004","30903",7,6
"2004","30904",1,0
"2004","30906",3,1
"2004","30908",26,13
"2004","30909",9,8
"2004","30910",90,8
"2004","30912",3,1
"2004","30913",1,7
"2004","30915",0,1
"2004","30916",2,8
"2004","30917",0,1
"2004","30920",51,4
"2004","30921",4,2
"2004","30925",3,6
"2004","30929",3,0
"2004","30932",1,3
"2004","30935",16,11
"2004","30939",1,0
"2004","30940",4,0
"2004","30942",3,9
"2004","31001",0,1
"2004","31008",31,31
"2004","31009",11,1
"2004","31014",7,3
"2004","31015",24,38
"2004","31016",6,2
"2004","31018",4,5
"2004","31019",7,6
"2004","31021",17,16
"2004","31022",98,79
"2004","31025",7,2
"2004","31026",8,3
"2004","31028",2,2
"2004","31033",0,2
"2004","31035",3,1
"2004","31036",8,3
"2004","31037",13,10
"2004","31038",5,3
"2004","31041",3,11
"2004","31042",12,4
"2004","31043",8,4
"2004","31051",20,10
"2004","31052",11,12
"2004","31053",14,6
"2004","31101",3,0
"2004","31102",1,0
"2004","31103",5,3
"2004","31104",7,0
"2004","31105",27,24
"2004","31106",19,6
"2004","31107",5,4
"2004","31109",24,10
"2004","31110",1,3
"2004","31111",3,0
"2004","31113",0,4
"2004","31114",2,1
"2004","31117",1,0
"2004","31119",2,0
"2004","31120",6,0
"2004","31121",22,10
"2004","31123",1,4
"2004","31124",1,2
"2004","31129",2,2
"2004","31130",1,0
"2004","31201",34,29
"2004","31202",5,1
"2004","31203",9,9
"2004","31204",8,3
"2004","31205",5,3
"2004","31206",34,14
"2004","31207",14,9
"2004","31208",18,3
"2004","31213",342,197
"2004","31214",50,49
"2004","31215",8,8
"2004","31216",31,18
"2004","31224",4,2
"2004","31226",24,18
"2004","31227",14,8
"2004","31228",4,4
"2004","31229",5,2
"2004","31230",129,62
"2004","31234",7,3
"2004","31235",70,48
"2004","31301",3,0
"2004","31302",1,0
"2004","31303",5,0
"2004","31304",1,6
"2004","31308",9,7
"2004","31309",14,9
"2004","31310",8,4
"2004","31311",8,8
"2004","31315",59,24
"2004","31319",6,5
"2004","31321",1,0
"2004","31322",27,13
"2004","31323",18,23
"2004","31324",8,5
"2004","31326",2,1
"2004","31327",34,10
"2004","31330",6,1
"2004","31333",5,8
"2004","31336",2,2
"2004","31337",3,4
"2004","31338",9,0
"2004","31340",3,2
"2004","31343",14,4
"2004","31344",25,9
"2004","31346",1,1
"2004","31347",4,1
"2004","31350",0,1
"2004","31351",3,3
"2004","31355",14,3
"2004","31356",2,3
"2004","31401",46,16
"2004","31402",22,4
"2004","31403",92,25
"2004","31404",9,7
"2004","31405",5,4
"2004","31406",9,3
"2004","31407",107,23
"2004","31408",8,2
"2004","31409",79,26
"2004","31410",3,2
"2004","31411",15,6
"2004","31412",29,7
"2004","31413",141,14
"2004","31414",3,10
"2004","31502",NA,NA
"2004","31503",12,0
"2004","31504",12,8
"2004","31505",23,20
"2004","31506",4,0
"2004","31507",12,3
"2004","31508",2,3
"2004","31509",14,1
"2004","31511",5,1
"2004","31513",8,0
"2004","31514",12,12
"2004","31515",2,0
"2004","31516",31,0
"2004","31517",9,6
"2004","31519",11,1
"2004","31520",27,11
"2004","31521",8,6
"2004","31522",5,1
"2004","31523",10,7
"2004","31524",33,31
"2004","31525",15,7
"2004","31527",5,10
"2004","31528",2,15
"2004","31530",7,4
"2004","31531",7,0
"2004","31533",24,15
"2004","31534",15,5
"2004","31535",NA,NA
"2004","31537",11,4
"2004","31539",15,3
"2004","31540",6,2
"2004","31541",2,1
"2004","31542",6,1
"2004","31543",NA,NA
"2004","31546",0,5
"2004","31549",68,26
"2004","31550",4,3
"2004","31551",14,3
"2004","31552",3,6
"2004","31553",9,4
"2004","31601",1,0
"2004","31603",5,7
"2004","31604",7,7
"2004","31605",4,6
"2004","31606",8,1
"2004","31608",1,2
"2004","31609",1,1
"2004","31611",2,5
"2004","31612",33,6
"2004","31613",0,1
"2004","31614",24,20
"2004","31615",6,5
"2004","31616",0,2
"2004","31617",4,8
"2004","31620",1,5
"2004","31621",3,0
"2004","31622",8,1
"2004","31627",9,2
"2004","31628",2,3
"2004","31629",23,11
"2004","31630",5,7
"2004","31633",82,48
"2004","31634",3,5
"2004","31636",2,4
"2004","31642",6,2
"2004","31644",35,8
"2004","31645",2,1
"2004","31646",0,2
"2004","31649",5,1
"2004","31650",4,4
"2004","31651",19,6
"2004","31652",2,1
"2004","31653",22,13
"2004","31654",9,5
"2004","31655",36,15
"2004","31658",0,1
"2004","31701",1,0
"2004","31702",26,13
"2004","31703",73,68
"2004","31704",88,43
"2004","31706",20,6
"2004","31707",26,15
"2004","31709",28,35
"2004","31710",147,80
"2004","31711",6,8
"2004","31712",30,40
"2004","31713",37,7
"2004","31714",14,7
"2004","31715",42,30
"2004","31716",109,72
"2004","31717",482,295
"2004","31718",18,4
"2004","31719",123,82
"2004","31723",68,43
"2004","31725",114,66
"2004","31726",16,12
"2004","31801",2,1
"2004","31802",9,3
"2004","31803",170,58
"2004","31804",7,2
"2004","31805",NA,NA
"2004","31806",NA,NA
"2004","31807",41,5
"2004","31808",15,6
"2004","31809",19,0
"2004","31810",73,49
"2004","31811",55,12
"2004","31812",26,5
"2004","31813",36,14
"2004","31814",67,10
"2004","31815",9,5
"2004","31817",5,3
"2004","31818",127,78
"2004","31820",4,0
"2004","31821",19,10
"2004","31823",12,8
"2004","31825",2,3
"2004","31826",17,7
"2004","31827",0,2
"2004","31829",154,19
"2004","31830",4,0
"2004","31831",16,40
"2004","31832",2,7
"2004","31833",3,4
"2004","31834",0,2
"2004","31835",10,46
"2004","31836",11,13
"2004","31837",5,3
"2004","31838",27,28
"2004","31839",106,53
"2004","31840",3,3
"2004","31841",1,1
"2004","31842",1,0
"2004","31843",1,0
"2004","31844",7,2
"2004","31845",5,4
"2004","31846",31,9
"2004","31847",4,6
"2004","31848",NA,NA
"2004","31849",3,1
"2004","31901",17,10
"2004","31902",6,3
"2004","31903",32,9
"2004","31904",4,3
"2004","31905",36,20
"2004","31906",46,10
"2004","31907",40,33
"2004","31909",7,1
"2004","31910",12,11
"2004","31911",NA,NA
"2004","31912",73,34
"2004","31913",9,3
"2004","31915",8,3
"2004","31916",16,10
"2004","31917",5,5
"2004","31918",6,3
"2004","31919",3,8
"2004","31920",9,0
"2004","31921",32,18
"2004","31922",6,6
"2004","31923",4,1
"2004","31925",4,5
"2004","31926",51,33
"2004","31927",23,7
"2004","31928",5,3
"2004","31929",35,22
"2004","31930",30,19
"2004","31932",21,9
"2004","31934",21,15
"2004","31935",5,3
"2004","31938",12,6
"2004","31939",0,3
"2004","31940",15,13
"2004","31941",42,3
"2004","31943",46,27
"2004","31945",6,1
"2004","31946",6,7
"2004","31947",49,29
"2004","31948",19,11
"2004","31949",34,26
"2004","31950",34,17
"2004","31951",66,54
"2004","31952",78,43
"2004","31953",36,15
"2004","31954",12,9
"2004","32001",40,9
"2004","32002",52,3
"2004","32003",14,5
"2004","32004",NA,NA
"2004","32005",1,1
"2004","32006",4,3
"2004","32007",45,2
"2004","32008",7,6
"2004","32009",1,0
"2004","32010",1,0
"2004","32011",5,2
"2004","32012",4,0
"2004","32013",10,6
"2004","32014",2,1
"2004","32015",1,1
"2004","32016",13,11
"2004","32017",1,1
"2004","32018",3,0
"2004","32101",21,12
"2004","32104",12,4
"2004","32106",4,1
"2004","32107",28,18
"2004","32109",13,12
"2004","32110",7,8
"2004","32112",46,40
"2004","32114",16,8
"2004","32115",22,20
"2004","32116",7,3
"2004","32119",6,8
"2004","32120",6,4
"2004","32131",81,64
"2004","32132",8,2
"2004","32134",9,9
"2004","32135",141,97
"2004","32139",14,4
"2004","32140",6,9
"2004","32141",20,19
"2004","32142",101,52
"2004","32143",3,3
"2004","32144",261,191
"2004","32202",2,1
"2004","32203",7,7
"2004","32206",0,1
"2004","32207",4,1
"2004","32209",2,4
"2004","32210",4,1
"2004","32212",0,1
"2004","32214",2,0
"2004","32216",5,5
"2004","32217",2,2
"2004","32219",4,1
"2004","32220",17,9
"2004","32221",1,0
"2004","32222",0,1
"2004","32223",4,3
"2004","32301",17,8
"2004","32302",3,0
"2004","32304",29,24
"2004","32305",40,14
"2004","32306",18,8
"2004","32307",33,29
"2004","32308",37,16
"2004","32309",NA,NA
"2004","32310",4,4
"2004","32311",18,13
"2004","32312",NA,NA
"2004","32313",22,14
"2004","32314",11,8
"2004","32315",1,11
"2004","32316",24,22
"2004","32317",3,1
"2004","32318",35,22
"2004","32319",32,19
"2004","32320",9,11
"2004","32321",4,1
"2004","32322",2,2
"2004","32323",20,12
"2004","32324",15,6
"2004","32325",27,0
"2004","32326",3,0
"2004","32327",35,42
"2004","32330",44,31
"2004","32331",10,5
"2004","32332",22,8
"2004","32333",7,2
"2004","32334",6,2
"2004","32335",4,0
"2004","32336",55,5
"2004","32337",40,29
"2004","32338",12,12
"2004","32501",5,8
"2004","32502",1,0
"2004","32503",NA,NA
"2004","32504",3,4
"2004","32505",2,0
"2004","32506",2,0
"2004","32508",10,3
"2004","32509",22,1
"2004","32511",0,8
"2004","32514",NA,NA
"2004","32515",2,2
"2004","32516",1,0
"2004","32517",6,2
"2004","32518",9,7
"2004","32519",0,1
"2004","32520",3,1
"2004","32521",1,3
"2004","32522",10,2
"2004","32523",1,0
"2004","32524",0,4
"2004","32525",7,3
"2004","32528",NA,NA
"2004","32529",4,7
"2004","32530",32,22
"2004","40101",3393,2092
"2004","40201",603,472
"2004","40301",939,617
"2004","40401",20,22
"2004","40402",10,2
"2004","40403",8,2
"2004","40404",196,155
"2004","40405",22,6
"2004","40406",31,11
"2004","40407",7,5
"2004","40408",42,13
"2004","40409",30,14
"2004","40410",9,1
"2004","40411",7,5
"2004","40412",30,9
"2004","40413",26,15
"2004","40414",58,29
"2004","40415",6,2
"2004","40416",7,0
"2004","40417",1,2
"2004","40418",24,14
"2004","40419",9,6
"2004","40420",4,2
"2004","40421",90,44
"2004","40422",20,19
"2004","40423",8,5
"2004","40424",5,0
"2004","40425",15,11
"2004","40426",13,4
"2004","40427",6,2
"2004","40428",17,12
"2004","40429",8,3
"2004","40430",3,1
"2004","40431",3,10
"2004","40432",13,4
"2004","40433",4,6
"2004","40434",2,9
"2004","40435",0,1
"2004","40436",7,3
"2004","40437",27,23
"2004","40438",142,56
"2004","40439",5,1
"2004","40440",1,0
"2004","40441",26,15
"2004","40442",0,1
"2004","40443",11,6
"2004","40444",1,1
"2004","40445",13,7
"2004","40446",3,0
"2004","40501",25,31
"2004","40502",28,16
"2004","40503",72,14
"2004","40504",8,5
"2004","40505",0,3
"2004","40506",25,6
"2004","40507",49,38
"2004","40508",11,9
"2004","40509",17,4
"2004","40510",8,4
"2004","40511",31,10
"2004","40512",5,0
"2004","40601",66,19
"2004","40602",10,3
"2004","40603",9,2
"2004","40604",7,3
"2004","40605",1,2
"2004","40606",NA,NA
"2004","40607",13,6
"2004","40608",10,0
"2004","40609",8,10
"2004","40610",8,2
"2004","40611",6,2
"2004","40612",16,13
"2004","40613",18,1
"2004","40614",9,12
"2004","40615",7,7
"2004","40616",6,1
"2004","40617",2,0
"2004","40618",11,9
"2004","40619",6,2
"2004","40620",6,4
"2004","40621",2,1
"2004","40622",2,3
"2004","40623",6,0
"2004","40624",15,12
"2004","40625",2,0
"2004","40626",39,13
"2004","40627",59,6
"2004","40701",85,62
"2004","40702",40,21
"2004","40703",109,80
"2004","40704",47,34
"2004","40705",116,80
"2004","40706",43,16
"2004","40707",24,23
"2004","40708",6,6
"2004","40709",27,4
"2004","40710",2,1
"2004","40711",83,42
"2004","40712",12,5
"2004","40713",7,6
"2004","40714",14,24
"2004","40715",6,5
"2004","40716",7,5
"2004","40717",41,25
"2004","40718",27,11
"2004","40719",70,20
"2004","40720",45,31
"2004","40801",1,2
"2004","40802",27,31
"2004","40804",2,0
"2004","40805",37,22
"2004","40806",11,9
"2004","40807",8,2
"2004","40808",50,18
"2004","40809",19,7
"2004","40810",2,1
"2004","40811",3,7
"2004","40812",9,9
"2004","40813",3,1
"2004","40814",3,1
"2004","40815",7,3
"2004","40816",7,11
"2004","40817",3,3
"2004","40818",23,3
"2004","40820",0,1
"2004","40821",1,1
"2004","40822",13,6
"2004","40823",8,3
"2004","40824",0,2
"2004","40825",2,3
"2004","40826",NA,NA
"2004","40827",14,10
"2004","40828",2,4
"2004","40829",8,5
"2004","40830",1,0
"2004","40831",7,5
"2004","40832",12,4
"2004","40833",2,1
"2004","40834",0,1
"2004","40835",13,4
"2004","40901",13,17
"2004","40902",43,15
"2004","40903",2,9
"2004","40904",13,5
"2004","40905",25,16
"2004","40906",22,19
"2004","40907",60,51
"2004","40908",74,45
"2004","40909",29,10
"2004","40910",16,5
"2004","40911",6,3
"2004","40912",24,14
"2004","40913",10,9
"2004","40914",4,5
"2004","40915",10,3
"2004","40916",18,2
"2004","40917",21,17
"2004","40918",17,11
"2004","40919",3,3
"2004","40920",2,4
"2004","40921",2,1
"2004","40922",12,7
"2004","40923",50,15
"2004","41001",1,3
"2004","41002",133,99
"2004","41003",56,27
"2004","41004",4,1
"2004","41005",129,44
"2004","41006",8,5
"2004","41007",35,24
"2004","41008",1,5
"2004","41009",8,6
"2004","41010",17,6
"2004","41011",18,20
"2004","41012",170,102
"2004","41013",18,10
"2004","41014",46,20
"2004","41015",13,2
"2004","41016",7,5
"2004","41017",59,39
"2004","41018",6,10
"2004","41019",10,7
"2004","41020",11,6
"2004","41021",384,229
"2004","41022",33,34
"2004","41101",4,3
"2004","41102",2,2
"2004","41103",5,4
"2004","41104",4,0
"2004","41105",18,5
"2004","41106",16,7
"2004","41107",4,3
"2004","41108",253,28
"2004","41109",6,5
"2004","41110",14,5
"2004","41111",42,41
"2004","41112",0,8
"2004","41113",9,1
"2004","41114",9,11
"2004","41115",3,2
"2004","41116",77,54
"2004","41117",20,6
"2004","41118",9,1
"2004","41119",21,6
"2004","41120",11,7
"2004","41121",53,9
"2004","41122",6,0
"2004","41123",2,2
"2004","41124",37,20
"2004","41125",36,7
"2004","41126",8,1
"2004","41201",3,2
"2004","41202",6,2
"2004","41203",12,5
"2004","41204",19,5
"2004","41205",3,2
"2004","41206",0,3
"2004","41207",4,4
"2004","41208",4,1
"2004","41209",5,4
"2004","41210",2,4
"2004","41211",7,1
"2004","41212",0,1
"2004","41213",6,6
"2004","41214",8,9
"2004","41215",11,3
"2004","41216",NA,NA
"2004","41217",2,4
"2004","41218",9,2
"2004","41219",17,16
"2004","41220",11,12
"2004","41221",2,0
"2004","41222",2,0
"2004","41223",4,3
"2004","41224",25,19
"2004","41225",110,73
"2004","41226",0,3
"2004","41227",6,1
"2004","41228",15,5
"2004","41229",1,1
"2004","41230",3,1
"2004","41231",34,11
"2004","41232",1,2
"2004","41233",16,21
"2004","41234",13,4
"2004","41235",1,4
"2004","41236",0,1
"2004","41304",6,9
"2004","41305",2,0
"2004","41306",1,0
"2004","41307",1,0
"2004","41309",6,3
"2004","41311",0,1
"2004","41312",4,6
"2004","41313",6,4
"2004","41314",6,5
"2004","41315",4,5
"2004","41316",4,2
"2004","41317",11,1
"2004","41318",33,3
"2004","41319",2,1
"2004","41320",NA,NA
"2004","41321",74,12
"2004","41322",1,1
"2004","41323",3,1
"2004","41324",12,40
"2004","41325",5,5
"2004","41326",2,2
"2004","41327",14,0
"2004","41328",41,2
"2004","41329",4,3
"2004","41331",3,1
"2004","41332",5,8
"2004","41333",1,0
"2004","41334",0,1
"2004","41336",1,0
"2004","41337",2,0
"2004","41338",6,5
"2004","41341",9,9
"2004","41342",9,4
"2004","41343",15,11
"2004","41344",15,11
"2004","41345",2,2
"2004","41346",25,3
"2004","41401",1,0
"2004","41402",27,7
"2004","41403",13,11
"2004","41404",7,1
"2004","41405",3,0
"2004","41406",4,1
"2004","41407",5,4
"2004","41408",4,6
"2004","41409",5,3
"2004","41410",29,20
"2004","41411",10,6
"2004","41412",1,0
"2004","41413",9,7
"2004","41414",7,7
"2004","41415",8,4
"2004","41416",14,7
"2004","41417",2,0
"2004","41418",31,18
"2004","41419",20,5
"2004","41420",13,1
"2004","41421",3,2
"2004","41422",105,67
"2004","41423",19,37
"2004","41424",6,1
"2004","41425",36,77
"2004","41426",27,24
"2004","41427",26,6
"2004","41428",4,0
"2004","41429",14,10
"2004","41430",10,3
"2004","41501",4,4
"2004","41502",8,1
"2004","41503",32,27
"2004","41504",8,10
"2004","41505",5,4
"2004","41506",54,28
"2004","41507",10,2
"2004","41508",1,1
"2004","41509",2,7
"2004","41510",0,1
"2004","41511",12,5
"2004","41512",5,2
"2004","41513",6,5
"2004","41514",6,7
"2004","41515",2,0
"2004","41516",68,43
"2004","41517",7,4
"2004","41518",13,9
"2004","41521",17,13
"2004","41522",13,27
"2004","41601",17,10
"2004","41602",23,9
"2004","41603",20,15
"2004","41604",1,5
"2004","41605",13,14
"2004","41606",33,31
"2004","41607",37,19
"2004","41608",3,3
"2004","41609",11,5
"2004","41610",1,1
"2004","41611",15,4
"2004","41612",3,4
"2004","41613",8,3
"2004","41614",10,1
"2004","41615",7,8
"2004","41616",1,0
"2004","41617",16,15
"2004","41618",30,15
"2004","41619",2,3
"2004","41620",2,3
"2004","41621",4,2
"2004","41622",10,1
"2004","41623",NA,NA
"2004","41624",37,21
"2004","41626",31,12
"2004","41627",5,3
"2004","41628",5,3
"2004","41701",15,19
"2004","41702",7,8
"2004","41703",85,51
"2004","41704",2,2
"2004","41705",8,4
"2004","41706",8,5
"2004","41707",6,1
"2004","41708",5,0
"2004","41709",17,8
"2004","41710",28,30
"2004","41711",13,2
"2004","41712",6,6
"2004","41713",52,19
"2004","41714",6,2
"2004","41715",48,53
"2004","41716",7,6
"2004","41717",8,1
"2004","41718",23,12
"2004","41719",8,8
"2004","41720",1,0
"2004","41721",8,1
"2004","41722",24,20
"2004","41723",3,1
"2004","41724",0,2
"2004","41725",NA,NA
"2004","41726",9,8
"2004","41727",10,3
"2004","41728",1,0
"2004","41729",NA,NA
"2004","41730",6,3
"2004","41731",31,5
"2004","41732",11,11
"2004","41733",NA,NA
"2004","41734",1177,63
"2004","41735",16,7
"2004","41736",9,2
"2004","41737",15,14
"2004","41738",52,29
"2004","41739",32,26
"2004","41740",14,9
"2004","41741",17,8
"2004","41742",32,16
"2004","41743",138,47
"2004","41744",2,2
"2004","41745",26,6
"2004","41746",107,68
"2004","41747",23,12
"2004","41748",3,0
"2004","41749",7,5
"2004","41750",16,4
"2004","41751",24,8
"2004","41752",15,0
"2004","41801",NA,NA
"2004","41802",5,9
"2004","41803",7,8
"2004","41804",98,85
"2004","41805",8,5
"2004","41806",8,6
"2004","41807",1,2
"2004","41808",38,32
"2004","41809",3,3
"2004","41810",25,11
"2004","41811",61,31
"2004","41812",108,51
"2004","41813",1,3
"2004","41814",8,3
"2004","41815",4,1
"2004","41816",12,5
"2004","41817",12,6
"2004","41818",6,3
"2004","41819",5,6
"2004","41820",88,27
"2004","41821",20,7
"2004","41822",7,5
"2004","41823",86,63
"2004","41824",46,15
"2004","50101",3347,2380
"2004","50201",84,15
"2004","50202",11,13
"2004","50203",17,10
"2004","50204",35,31
"2004","50205",197,149
"2004","50206",2,0
"2004","50207",31,21
"2004","50208",27,22
"2004","50209",45,20
"2004","50210",2,3
"2004","50211",7,0
"2004","50212",1,4
"2004","50213",20,9
"2004","50301",55,44
"2004","50302",14,22
"2004","50303",28,28
"2004","50304",18,11
"2004","50305",24,16
"2004","50306",10,2
"2004","50307",9,6
"2004","50308",17,2
"2004","50309",45,25
"2004","50310",51,36
"2004","50311",14,17
"2004","50312",31,21
"2004","50313",2,1
"2004","50314",88,47
"2004","50315",50,42
"2004","50316",24,27
"2004","50317",36,26
"2004","50318",NA,NA
"2004","50319",43,25
"2004","50320",9,10
"2004","50321",15,16
"2004","50322",27,7
"2004","50323",14,5
"2004","50324",111,45
"2004","50325",12,7
"2004","50326",80,55
"2004","50327",24,13
"2004","50328",14,4
"2004","50329",21,12
"2004","50330",43,39
"2004","50331",8,3
"2004","50332",9,6
"2004","50335",45,42
"2004","50336",41,25
"2004","50337",32,20
"2004","50338",144,133
"2004","50339",90,77
"2004","50401",62,50
"2004","50402",205,169
"2004","50403",267,366
"2004","50404",103,52
"2004","50405",32,27
"2004","50406",24,9
"2004","50407",25,18
"2004","50408",21,13
"2004","50409",16,5
"2004","50410",17,11
"2004","50411",84,59
"2004","50412",24,2
"2004","50413",5,13
"2004","50414",25,10
"2004","50415",25,18
"2004","50416",15,8
"2004","50417",57,46
"2004","50418",174,136
"2004","50419",19,5
"2004","50420",41,24
"2004","50421",41,30
"2004","50422",14,49
"2004","50423",26,22
"2004","50424",19,19
"2004","50425",15,22
"2004","50501",NA,NA
"2004","50502",0,2
"2004","50503",7,5
"2004","50504",27,13
"2004","50505",1,0
"2004","50506",48,7
"2004","50507",4,0
"2004","50508",4,3
"2004","50509",37,23
"2004","50510",20,12
"2004","50511",5,1
"2004","50512",105,99
"2004","50513",4,1
"2004","50514",3,0
"2004","50515",0,2
"2004","50601",27,23
"2004","50602",39,33
"2004","50603",6,0
"2004","50604",14,9
"2004","50605",8,3
"2004","50606",41,30
"2004","50607",10,4
"2004","50608",3,2
"2004","50609",38,17
"2004","50610",25,18
"2004","50611",38,16
"2004","50612",24,6
"2004","50613",48,44
"2004","50614",27,8
"2004","50615",10,13
"2004","50616",52,25
"2004","50617",31,6
"2004","50618",41,21
"2004","50619",122,81
"2004","50620",12,2
"2004","50621",0,2
"2004","50622",16,13
"2004","50623",26,21
"2004","50624",23,14
"2004","50625",8,7
"2004","50626",7,3
"2004","50627",5,2
"2004","50628",247,116
"2004","60101",5199,2748
"2004","60305",29,18
"2004","60318",31,23
"2004","60323",6,38
"2004","60324",19,2
"2004","60326",5,6
"2004","60329",4,14
"2004","60341",3,4
"2004","60344",109,42
"2004","60345",11,13
"2004","60346",18,11
"2004","60347",13,7
"2004","60348",17,17
"2004","60349",29,20
"2004","60350",33,25
"2004","60351",14,10
"2004","60608",79,35
"2004","60611",13,16
"2004","60613",46,35
"2004","60617",38,24
"2004","60618",4,6
"2004","60619",14,8
"2004","60623",9,4
"2004","60624",53,19
"2004","60626",12,3
"2004","60628",15,8
"2004","60629",29,31
"2004","60632",52,20
"2004","60639",1,0
"2004","60641",4,2
"2004","60642",4,14
"2004","60645",60,2
"2004","60646",12,9
"2004","60647",NA,NA
"2004","60648",11,13
"2004","60651",6,6
"2004","60653",18,13
"2004","60654",11,5
"2004","60655",11,2
"2004","60656",7,4
"2004","60659",26,20
"2004","60660",9,8
"2004","60661",22,14
"2004","60662",22,17
"2004","60663",29,21
"2004","60664",75,34
"2004","60665",20,19
"2004","60666",4,8
"2004","60667",25,21
"2004","60668",8,5
"2004","60669",81,38
"2004","60670",40,23
"2004","61001",10,5
"2004","61002",18,10
"2004","61007",6,4
"2004","61008",4,3
"2004","61012",9,3
"2004","61013",8,9
"2004","61016",9,2
"2004","61017",13,7
"2004","61019",3,6
"2004","61020",10,7
"2004","61021",16,8
"2004","61024",12,19
"2004","61027",1,4
"2004","61030",14,15
"2004","61032",6,1
"2004","61033",14,4
"2004","61043",13,17
"2004","61045",36,20
"2004","61049",23,8
"2004","61050",16,7
"2004","61051",16,3
"2004","61052",14,9
"2004","61053",74,48
"2004","61054",38,18
"2004","61055",3,2
"2004","61057",8,2
"2004","61059",25,47
"2004","61060",8,11
"2004","61061",68,60
"2004","61101",17,41
"2004","61105",35,37
"2004","61106",7,7
"2004","61107",4,7
"2004","61108",374,239
"2004","61109",7,6
"2004","61110",9,8
"2004","61111",2,2
"2004","61112",2,0
"2004","61113",24,25
"2004","61114",9,6
"2004","61115",6,11
"2004","61116",9,1
"2004","61118",12,15
"2004","61119",2,0
"2004","61120",47,33
"2004","61203",7,7
"2004","61204",19,8
"2004","61205",8,2
"2004","61206",7,3
"2004","61207",25,26
"2004","61213",9,10
"2004","61215",10,3
"2004","61217",15,5
"2004","61222",8,4
"2004","61236",42,17
"2004","61243",12,16
"2004","61247",10,6
"2004","61251",3,2
"2004","61252",1,1
"2004","61253",60,17
"2004","61254",4,5
"2004","61255",33,28
"2004","61256",2,2
"2004","61257",13,10
"2004","61258",9,7
"2004","61259",50,38
"2004","61260",8,7
"2004","61261",14,18
"2004","61262",13,5
"2004","61263",46,38
"2004","61264",9,7
"2004","61265",69,46
"2004","61266",8,4
"2004","61267",34,13
"2004","61410",1,1
"2004","61413",1,0
"2004","61425",10,5
"2004","61428",1,1
"2004","61437",3,1
"2004","61438",14,20
"2004","61439",18,13
"2004","61440",8,7
"2004","61441",0,1
"2004","61442",36,14
"2004","61443",7,8
"2004","61444",12,21
"2004","61445",42,49
"2004","61446",15,10
"2004","61611",8,2
"2004","61612",9,9
"2004","61615",17,3
"2004","61618",2,7
"2004","61621",2,1
"2004","61624",9,5
"2004","61625",35,34
"2004","61626",56,11
"2004","61627",6,10
"2004","61628",8,7
"2004","61629",14,12
"2004","61630",9,1
"2004","61631",55,39
"2004","61632",24,16
"2004","61633",11,11
"2004","61701",0,2
"2004","61708",18,0
"2004","61710",2,0
"2004","61711",1,0
"2004","61716",25,9
"2004","61719",5,9
"2004","61727",7,7
"2004","61728",NA,NA
"2004","61729",7,4
"2004","61730",3,2
"2004","61731",2,0
"2004","61740",5,3
"2004","61741",11,3
"2004","61743",NA,NA
"2004","61744",1,3
"2004","61745",1,1
"2004","61746",12,13
"2004","61748",15,19
"2004","61750",2,3
"2004","61751",7,0
"2004","61756",7,3
"2004","61757",9,9
"2004","61758",1,0
"2004","61759",2,3
"2004","61760",65,30
"2004","61761",0,3
"2004","61762",3,3
"2004","61763",112,11
"2004","61764",11,5
"2004","61765",14,5
"2004","61766",50,34
"2004","62007",49,28
"2004","62008",2,2
"2004","62010",1,3
"2004","62014",15,7
"2004","62021",2,2
"2004","62026",2,2
"2004","62032",2,4
"2004","62034",2,6
"2004","62036",20,7
"2004","62038",98,44
"2004","62039",3,7
"2004","62040",71,46
"2004","62041",85,73
"2004","62042",15,7
"2004","62043",7,13
"2004","62044",27,6
"2004","62045",20,5
"2004","62046",8,16
"2004","62047",30,42
"2004","62048",17,12
"2004","62105",7,4
"2004","62115",16,12
"2004","62116",25,7
"2004","62125",13,5
"2004","62128",13,4
"2004","62131",20,4
"2004","62132",1,2
"2004","62135",27,16
"2004","62138",67,50
"2004","62139",163,107
"2004","62140",188,132
"2004","62141",18,20
"2004","62142",42,26
"2004","62143",68,44
"2004","62144",110,53
"2004","62145",20,10
"2004","62146",21,9
"2004","62147",42,41
"2004","62148",11,12
"2004","62202",24,8
"2004","62205",2,2
"2004","62206",2,2
"2004","62209",1,1
"2004","62211",7,8
"2004","62214",43,11
"2004","62216",7,3
"2004","62219",41,19
"2004","62220",29,13
"2004","62226",24,5
"2004","62232",3,1
"2004","62233",28,13
"2004","62235",55,18
"2004","62242",1,0
"2004","62244",13,4
"2004","62245",1,0
"2004","62247",99,15
"2004","62256",6,8
"2004","62262",4,0
"2004","62264",16,3
"2004","62265",5,3
"2004","62266",8,7
"2004","62268",10,5
"2004","62269",27,5
"2004","62270",1,1
"2004","62271",37,10
"2004","62272",12,11
"2004","62273",14,3
"2004","62274",22,8
"2004","62275",12,6
"2004","62276",8,3
"2004","62277",8,5
"2004","62278",11,3
"2004","62279",58,15
"2004","62280",99,40
"2004","62311",7,6
"2004","62314",6,5
"2004","62326",2,8
"2004","62330",2,2
"2004","62332",1,0
"2004","62335",1,3
"2004","62343",2,1
"2004","62368",10,1
"2004","62372",3,6
"2004","62375",51,28
"2004","62376",12,19
"2004","62377",8,7
"2004","62378",63,24
"2004","62379",102,55
"2004","62380",24,14
"2004","62381",15,8
"2004","62382",6,13
"2004","62383",13,7
"2004","62384",10,8
"2004","62385",14,6
"2004","62386",29,12
"2004","62387",4,5
"2004","62388",9,8
"2004","62389",34,16
"2004","62390",23,15
"2004","70101",2327,1662
"2004","70201",26,12
"2004","70202",38,24
"2004","70203",114,72
"2004","70204",11,5
"2004","70205",41,24
"2004","70206",2,0
"2004","70207",4,1
"2004","70208",39,29
"2004","70209",37,34
"2004","70210",2,2
"2004","70211",25,14
"2004","70212",31,11
"2004","70213",22,8
"2004","70214",9,14
"2004","70215",16,10
"2004","70216",16,6
"2004","70217",38,25
"2004","70218",13,5
"2004","70219",86,87
"2004","70220",240,429
"2004","70221",19,17
"2004","70222",23,14
"2004","70223",24,11
"2004","70224",16,17
"2004","70301",38,33
"2004","70302",33,16
"2004","70303",25,12
"2004","70304",66,52
"2004","70305",7,1
"2004","70306",21,12
"2004","70307",4,2
"2004","70308",1,2
"2004","70309",11,16
"2004","70310",68,53
"2004","70311",6,3
"2004","70312",79,26
"2004","70313",6,7
"2004","70314",4,5
"2004","70315",10,1
"2004","70317",1,4
"2004","70318",24,5
"2004","70319",16,17
"2004","70320",36,32
"2004","70322",15,5
"2004","70323",7,5
"2004","70325",7,8
"2004","70326",97,41
"2004","70328",27,14
"2004","70329",21,16
"2004","70331",11,12
"2004","70332",55,9
"2004","70333",6,7
"2004","70334",118,149
"2004","70335",11,6
"2004","70336",2,1
"2004","70337",11,8
"2004","70338",8,5
"2004","70339",9,4
"2004","70340",8,5
"2004","70342",7,3
"2004","70343",9,9
"2004","70344",45,14
"2004","70345",9,6
"2004","70346",85,62
"2004","70347",6,6
"2004","70348",36,15
"2004","70349",NA,NA
"2004","70350",19,10
"2004","70351",75,59
"2004","70352",7,2
"2004","70353",12,9
"2004","70354",217,126
"2004","70355",33,20
"2004","70356",10,10
"2004","70357",228,138
"2004","70358",39,29
"2004","70359",17,6
"2004","70360",15,8
"2004","70361",0,5
"2004","70362",1,0
"2004","70364",82,64
"2004","70365",157,22
"2004","70366",3,2
"2004","70367",65,55
"2004","70368",12,9
"2004","70369",113,75
"2004","70370",40,22
"2004","70401",13,11
"2004","70402",23,13
"2004","70403",125,49
"2004","70404",31,37
"2004","70405",7,4
"2004","70406",61,23
"2004","70407",13,17
"2004","70408",18,12
"2004","70409",126,77
"2004","70410",48,15
"2004","70411",147,85
"2004","70412",99,57
"2004","70413",27,15
"2004","70414",38,23
"2004","70415",3,1
"2004","70416",100,67
"2004","70417",19,6
"2004","70418",15,2
"2004","70419",21,9
"2004","70420",30,16
"2004","70501",23,33
"2004","70502",11,3
"2004","70503",20,17
"2004","70504",18,4
"2004","70505",29,25
"2004","70506",25,13
"2004","70508",73,42
"2004","70509",107,76
"2004","70510",54,16
"2004","70511",53,23
"2004","70512",53,35
"2004","70513",329,215
"2004","70514",32,18
"2004","70515",29,14
"2004","70516",4,2
"2004","70517",22,12
"2004","70518",43,27
"2004","70519",12,12
"2004","70520",51,43
"2004","70521",8,2
"2004","70522",102,13
"2004","70523",7,0
"2004","70524",45,46
"2004","70525",14,8
"2004","70526",144,76
"2004","70527",50,39
"2004","70528",15,8
"2004","70529",40,30
"2004","70530",114,131
"2004","70531",154,107
"2004","70601",0,6
"2004","70602",11,3
"2004","70603",101,78
"2004","70604",27,13
"2004","70605",26,22
"2004","70606",79,75
"2004","70607",12,4
"2004","70608",163,240
"2004","70609",37,47
"2004","70610",NA,NA
"2004","70611",15,12
"2004","70612",3,1
"2004","70613",26,17
"2004","70614",99,55
"2004","70615",107,104
"2004","70616",33,52
"2004","70617",32,30
"2004","70618",8,7
"2004","70619",40,18
"2004","70620",37,40
"2004","70621",250,199
"2004","70622",9,7
"2004","70623",6,38
"2004","70624",45,110
"2004","70625",6,4
"2004","70626",1,1
"2004","70627",7,1
"2004","70628",NA,NA
"2004","70629",4,2
"2004","70630",34,23
"2004","70701",1,6
"2004","70702",NA,NA
"2004","70703",0,1
"2004","70704",3,1
"2004","70705",11,6
"2004","70706",1,1
"2004","70707",12,6
"2004","70708",7,0
"2004","70709",NA,NA
"2004","70710",1,9
"2004","70711",2,2
"2004","70712",7,2
"2004","70713",0,4
"2004","70714",1,0
"2004","70715",2,5
"2004","70716",51,40
"2004","70717",5,4
"2004","70718",3,2
"2004","70719",4,7
"2004","70720",3,4
"2004","70721",0,1
"2004","70723",NA,NA
"2004","70724",12,4
"2004","70725",0,1
"2004","70726",2,0
"2004","70727",1,0
"2004","70728",12,6
"2004","70729",4,7
"2004","70731",0,1
"2004","70732",4,2
"2004","70733",4,5
"2004","70734",2,9
"2004","70735",7,3
"2004","70801",12,2
"2004","70802",10,7
"2004","70803",21,3
"2004","70804",11,15
"2004","70805",19,15
"2004","70806",9,2
"2004","70807",111,56
"2004","70808",8,3
"2004","70809",3,1
"2004","70810",0,1
"2004","70811",13,5
"2004","70812",3,0
"2004","70813",4,4
"2004","70814",3,3
"2004","70815",2,4
"2004","70816",8,8
"2004","70817",5,4
"2004","70818",36,43
"2004","70819",NA,NA
"2004","70820",19,16
"2004","70821",13,12
"2004","70822",2,2
"2004","70823",NA,NA
"2004","70824",3,6
"2004","70825",NA,NA
"2004","70826",7,6
"2004","70827",2,3
"2004","70828",60,38
"2004","70829",6,7
"2004","70830",1,2
"2004","70831",3,1
"2004","70832",25,24
"2004","70833",71,40
"2004","70834",1,0
"2004","70835",22,15
"2004","70836",11,4
"2004","70837",7,2
"2004","70901",32,36
"2004","70902",10,6
"2004","70903",2,0
"2004","70904",20,13
"2004","70905",16,16
"2004","70907",49,47
"2004","70908",28,19
"2004","70909",71,44
"2004","70910",13,18
"2004","70911",3,1
"2004","70912",19,12
"2004","70913",0,1
"2004","70914",12,10
"2004","70915",21,8
"2004","70916",10,7
"2004","70917",60,48
"2004","70918",20,18
"2004","70920",66,52
"2004","70921",21,17
"2004","70922",17,6
"2004","70923",25,11
"2004","70924",NA,NA
"2004","70925",7,7
"2004","70926",123,69
"2004","70927",13,12
"2004","70928",21,12
"2004","70929",6,1
"2004","70930",8,9
"2004","70931",22,14
"2004","70932",0,1
"2004","70933",13,6
"2004","70934",49,59
"2004","70935",7,11
"2004","70936",29,34
"2004","70937",8,10
"2004","70938",8,3
"2004","70939",11,13
"2004","70940",18,16
"2004","70941",7,2
"2004","80101",13,24
"2004","80102",9,4
"2004","80103",309,200
"2004","80104",46,30
"2004","80105",17,11
"2004","80106",19,24
"2004","80107",11,4
"2004","80108",24,9
"2004","80109",6,4
"2004","80110",25,39
"2004","80111",7,1
"2004","80112",9,2
"2004","80113",280,246
"2004","80114",2,7
"2004","80115",56,60
"2004","80116",177,44
"2004","80117",67,47
"2004","80118",3,6
"2004","80119",8,6
"2004","80120",37,36
"2004","80121",2,6
"2004","80122",43,28
"2004","80123",4,4
"2004","80124",2,5
"2004","80125",6,3
"2004","80126",56,34
"2004","80127",1,0
"2004","80128",32,19
"2004","80129",37,25
"2004","80201",26,8
"2004","80202",28,17
"2004","80203",15,10
"2004","80204",34,21
"2004","80205",5,1
"2004","80206",2,2
"2004","80207",469,315
"2004","80208",8,5
"2004","80209",15,14
"2004","80210",10,32
"2004","80211",31,17
"2004","80212",7,5
"2004","80213",33,36
"2004","80214",7,15
"2004","80215",141,87
"2004","80216",28,12
"2004","80217",69,50
"2004","80218",88,48
"2004","80219",11,14
"2004","80220",18,6
"2004","80221",28,5
"2004","80222",10,5
"2004","80223",19,7
"2004","80224",93,90
"2004","80225",20,9
"2004","80226",84,75
"2004","80227",16,10
"2004","80228",388,321
"2004","80229",4,4
"2004","80230",12,5
"2004","80231",7,5
"2004","80232",4,0
"2004","80233",9,12
"2004","80234",11,3
"2004","80235",29,31
"2004","80236",20,8
"2004","80237",3,6
"2004","80238",19,11
"2004","80239",4,0
"2004","80240",89,45
"2004","80301",640,475
"2004","80302",210,131
"2004","80303",225,183
"2004","80401",64,31
"2004","80402",1,1
"2004","80403",0,1
"2004","80404",554,390
"2004","80405",121,108
"2004","80406",11,3
"2004","80407",33,26
"2004","80408",103,105
"2004","80409",31,28
"2004","80410",29,24
"2004","80411",16,7
"2004","80412",45,31
"2004","80413",20,34
"2004","80414",163,92
"2004","80415",1,2
"2004","80416",20,36
"2004","80417",19,20
"2004","80418",63,28
"2004","80419",9,6
"2004","80420",15,20
"2004","80421",3,4
"2004","80422",1,0
"2004","80423",20,18
"2004","80424",39,37
"2004","90101",524,429
"2004","90201",3682,2544
"2004","90301",3115,1827
"2004","90401",1017,577
"2004","90501",2148,1134
"2004","90601",970,616
"2004","90701",1115,624
"2004","90801",2275,822
"2004","90901",2172,1334
"2004","91001",4864,2491
"2004","91101",1857,984
"2004","91201",2369,1150
"2004","91301",952,496
"2004","91401",2211,1017
"2004","91501",3720,1901
"2004","91601",4017,1621
"2004","91701",2314,1283
"2004","91801",1597,908
"2004","91901",1640,1104
"2004","92001",3538,1855
"2004","92101",2059,1232
"2004","92201",1925,1050
"2004","92301",1150,695
"2005","10101",134,81
"2005","10201",11,12
"2005","10301",16,16
"2005","10302",18,8
"2005","10303",17,12
"2005","10304",15,4
"2005","10305",13,3
"2005","10306",2,1
"2005","10307",20,9
"2005","10308",17,4
"2005","10309",14,18
"2005","10310",7,7
"2005","10311",10,6
"2005","10312",14,5
"2005","10313",10,9
"2005","10314",1,5
"2005","10315",29,20
"2005","10316",16,9
"2005","10317",9,6
"2005","10318",16,6
"2005","10319",5,6
"2005","10320",1,1
"2005","10321",5,2
"2005","10322",12,1
"2005","10323",10,6
"2005","10401",2,0
"2005","10402",0,1
"2005","10403",7,3
"2005","10404",6,4
"2005","10405",35,10
"2005","10406",0,7
"2005","10407",8,9
"2005","10408",9,4
"2005","10409",5,1
"2005","10410",3,0
"2005","10411",3,7
"2005","10412",4,6
"2005","10413",1,1
"2005","10414",14,8
"2005","10415",61,18
"2005","10416",9,5
"2005","10417",54,1
"2005","10418",2,0
"2005","10419",NA,NA
"2005","10420",4,0
"2005","10421",1,0
"2005","10422",0,1
"2005","10423",NA,NA
"2005","10424",NA,NA
"2005","10425",NA,NA
"2005","10426",2,1
"2005","10427",2,3
"2005","10428",0,1
"2005","10501",7,2
"2005","10502",10,7
"2005","10503",9,4
"2005","10504",19,17
"2005","10505",6,3
"2005","10506",5,3
"2005","10507",1,0
"2005","10508",12,4
"2005","10509",6,8
"2005","10510",2,4
"2005","10511",3,6
"2005","10512",2,1
"2005","10601",13,10
"2005","10602",19,12
"2005","10603",5,9
"2005","10604",6,6
"2005","10605",9,9
"2005","10606",43,23
"2005","10607",35,23
"2005","10608",8,6
"2005","10609",11,18
"2005","10610",24,6
"2005","10611",13,7
"2005","10612",9,15
"2005","10613",44,10
"2005","10614",8,8
"2005","10615",10,6
"2005","10616",7,5
"2005","10617",6,2
"2005","10618",22,19
"2005","10619",4,2
"2005","10701",27,26
"2005","10702",10,3
"2005","10703",20,14
"2005","10704",6,8
"2005","10705",23,2
"2005","10706",6,3
"2005","10707",50,21
"2005","10708",5,4
"2005","10709",23,17
"2005","10710",11,8
"2005","10711",24,12
"2005","10712",15,7
"2005","10713",52,40
"2005","10714",28,12
"2005","10715",10,4
"2005","10716",6,7
"2005","10717",36,18
"2005","10718",18,12
"2005","10719",0,2
"2005","10720",4,0
"2005","10721",35,22
"2005","10722",14,9
"2005","10723",13,0
"2005","10724",7,4
"2005","10725",6,9
"2005","10726",4,1
"2005","10727",5,0
"2005","10801",4,5
"2005","10802",6,4
"2005","10803",9,4
"2005","10804",6,10
"2005","10805",27,7
"2005","10806",1,2
"2005","10807",10,2
"2005","10808",9,8
"2005","10809",6,6
"2005","10810",4,2
"2005","10811",7,2
"2005","10812",5,2
"2005","10813",8,8
"2005","10814",6,2
"2005","10815",3,0
"2005","10816",19,17
"2005","10817",8,4
"2005","10818",7,0
"2005","10819",1,4
"2005","10820",2,2
"2005","10821",11,4
"2005","10822",2,4
"2005","10823",5,6
"2005","10824",NA,NA
"2005","10825",27,2
"2005","10826",1,0
"2005","10827",1,1
"2005","10828",0,4
"2005","10901",18,10
"2005","10902",6,6
"2005","10903",3,9
"2005","10904",1,1
"2005","10905",20,13
"2005","10906",5,1
"2005","10907",13,5
"2005","10908",19,0
"2005","10909",22,14
"2005","10910",4,4
"2005","10911",1,3
"2005","10912",9,11
"2005","10913",3,1
"2005","10914",5,1
"2005","10915",3,2
"2005","10916",39,11
"2005","10917",61,61
"2005","10918",30,13
"2005","10919",34,12
"2005","10920",4,2
"2005","10921",9,0
"2005","10922",18,2
"2005","10923",11,1
"2005","10924",0,9
"2005","10925",9,3
"2005","10926",3,2
"2005","10927",1,1
"2005","10928",26,2
"2005","10929",2,2
"2005","10930",NA,NA
"2005","10931",NA,NA
"2005","10932",4,0
"2005","20101",1042,1236
"2005","20201",459,308
"2005","20302",3,2
"2005","20305",32,13
"2005","20306",49,10
"2005","20307",17,7
"2005","20316",10,3
"2005","20320",11,9
"2005","20321",2,2
"2005","20402",32,8
"2005","20403",27,6
"2005","20405",52,23
"2005","20409",14,6
"2005","20412",7,9
"2005","20414",7,23
"2005","20415",58,51
"2005","20416",8,17
"2005","20417",12,10
"2005","20418",22,13
"2005","20419",20,4
"2005","20421",81,21
"2005","20424",29,35
"2005","20425",25,21
"2005","20428",5,5
"2005","20432",28,13
"2005","20435",32,10
"2005","20441",0,5
"2005","20442",17,9
"2005","20501",21,10
"2005","20502",16,11
"2005","20503",2,0
"2005","20504",44,10
"2005","20505",28,7
"2005","20506",2,5
"2005","20508",6,6
"2005","20509",4,1
"2005","20511",11,17
"2005","20512",7,9
"2005","20513",6,4
"2005","20515",12,8
"2005","20518",2,6
"2005","20519",5,13
"2005","20520",3,13
"2005","20523",17,11
"2005","20527",90,56
"2005","20530",10,6
"2005","20531",4,22
"2005","20534",21,11
"2005","20601",24,15
"2005","20602",2,10
"2005","20603",2,10
"2005","20604",8,11
"2005","20605",5,7
"2005","20607",15,2
"2005","20608",14,51
"2005","20609",12,12
"2005","20610",5,6
"2005","20611",9,12
"2005","20613",2,1
"2005","20616",6,2
"2005","20618",3,3
"2005","20619",4,11
"2005","20620",22,36
"2005","20622",0,6
"2005","20624",2,3
"2005","20625",12,13
"2005","20627",14,14
"2005","20630",89,75
"2005","20631",7,14
"2005","20632",2,11
"2005","20633",6,8
"2005","20634",44,62
"2005","20635",93,65
"2005","20636",0,1
"2005","20637",10,5
"2005","20638",6,5
"2005","20639",8,3
"2005","20640",2,10
"2005","20642",2,3
"2005","20643",5,22
"2005","20644",14,7
"2005","20701",7,0
"2005","20702",34,22
"2005","20703",5,6
"2005","20705",6,14
"2005","20707",0,7
"2005","20708",7,14
"2005","20710",11,2
"2005","20711",65,28
"2005","20712",3,2
"2005","20713",5,4
"2005","20719",13,7
"2005","20720",27,16
"2005","20721",6,17
"2005","20722",21,10
"2005","20723",4,11
"2005","20724",91,18
"2005","20725",54,41
"2005","20726",11,5
"2005","20727",68,23
"2005","20801",25,7
"2005","20802",3,1
"2005","20803",42,12
"2005","20804",7,6
"2005","20805",4,3
"2005","20806",9,6
"2005","20807",1,8
"2005","20808",5,8
"2005","20810",4,30
"2005","20812",6,3
"2005","20813",134,22
"2005","20815",5,9
"2005","20817",47,20
"2005","20901",11,4
"2005","20905",12,4
"2005","20909",4,27
"2005","20911",2,0
"2005","20912",20,12
"2005","20913",22,98
"2005","20914",3,7
"2005","20918",20,6
"2005","20923",84,64
"2005","21001",18,0
"2005","21002",78,26
"2005","21003",6,7
"2005","21004",5,4
"2005","21005",8,11
"2005","21006",6,0
"2005","21007",3,5
"2005","21008",67,5
"2005","21009",34,17
"2005","21010",9,3
"2005","30101",271,279
"2005","30201",768,596
"2005","30301",67,24
"2005","30401",372,267
"2005","30501",6,1
"2005","30502",203,98
"2005","30503",6,13
"2005","30504",34,5
"2005","30506",7,10
"2005","30507",9,3
"2005","30508",20,5
"2005","30509",35,27
"2005","30510",0,2
"2005","30511",5,2
"2005","30512",1,2
"2005","30514",12,11
"2005","30515",19,7
"2005","30516",15,13
"2005","30517",13,13
"2005","30520",2,2
"2005","30521",9,7
"2005","30522",2,0
"2005","30524",40,5
"2005","30526",4,0
"2005","30527",21,8
"2005","30529",20,15
"2005","30530",21,12
"2005","30531",80,31
"2005","30532",4,4
"2005","30533",24,8
"2005","30534",9,2
"2005","30536",2,1
"2005","30538",24,9
"2005","30539",5,1
"2005","30541",6,1
"2005","30542",4,4
"2005","30543",16,6
"2005","30544",2,0
"2005","30601",19,15
"2005","30602",144,13
"2005","30603",100,74
"2005","30604",381,229
"2005","30605",78,48
"2005","30607",220,98
"2005","30608",24,14
"2005","30609",3,3
"2005","30612",12,4
"2005","30613",61,18
"2005","30614",9,6
"2005","30615",114,100
"2005","30616",11,8
"2005","30618",74,19
"2005","30620",34,17
"2005","30621",7,3
"2005","30623",39,17
"2005","30625",36,27
"2005","30626",34,22
"2005","30627",35,18
"2005","30629",20,8
"2005","30631",7,7
"2005","30633",3,6
"2005","30635",26,13
"2005","30636",50,44
"2005","30637",13,10
"2005","30639",247,144
"2005","30641",20,18
"2005","30645",10,14
"2005","30646",7,10
"2005","30701",1,0
"2005","30702",12,6
"2005","30703",7,2
"2005","30704",54,45
"2005","30706",20,16
"2005","30708",9,3
"2005","30709",23,13
"2005","30710",78,41
"2005","30711",4,4
"2005","30712",7,4
"2005","30713",4,4
"2005","30715",9,1
"2005","30716",17,8
"2005","30718",5,3
"2005","30719",1,5
"2005","30721",9,6
"2005","30722",8,6
"2005","30724",7,6
"2005","30726",6,6
"2005","30728",1,5
"2005","30729",27,13
"2005","30730",48,28
"2005","30731",36,17
"2005","30732",49,29
"2005","30733",2,3
"2005","30734",31,10
"2005","30735",41,18
"2005","30736",35,11
"2005","30737",4,1
"2005","30738",5,3
"2005","30739",23,9
"2005","30740",227,128
"2005","30741",21,7
"2005","30801",34,34
"2005","30802",0,3
"2005","30803",31,7
"2005","30804",9,5
"2005","30805",16,8
"2005","30808",78,67
"2005","30810",7,4
"2005","30811",13,5
"2005","30812",8,4
"2005","30813",5,4
"2005","30814",19,18
"2005","30817",72,51
"2005","30819",8,8
"2005","30821",67,61
"2005","30822",4,3
"2005","30824",3,4
"2005","30825",3,3
"2005","30826",5,4
"2005","30827",17,4
"2005","30828",NA,NA
"2005","30829",2,2
"2005","30830",56,41
"2005","30831",45,22
"2005","30834",8,5
"2005","30835",55,43
"2005","30836",26,16
"2005","30838",27,15
"2005","30841",1,5
"2005","30842",27,19
"2005","30844",20,10
"2005","30845",1,1
"2005","30846",3,0
"2005","30848",11,8
"2005","30849",69,63
"2005","30850",1,2
"2005","30852",10,2
"2005","30854",3,3
"2005","30856",47,39
"2005","30857",6,1
"2005","30858",15,16
"2005","30859",2,5
"2005","30860",8,12
"2005","30863",11,16
"2005","30865",17,11
"2005","30902",4,0
"2005","30903",14,3
"2005","30904",NA,NA
"2005","30906",2,8
"2005","30908",27,19
"2005","30909",14,4
"2005","30910",87,3
"2005","30912",1,2
"2005","30913",1,1
"2005","30915",3,0
"2005","30916",12,7
"2005","30917",NA,NA
"2005","30920",83,10
"2005","30921",NA,NA
"2005","30925",9,2
"2005","30929",1,1
"2005","30932",4,1
"2005","30935",35,8
"2005","30939",1,0
"2005","30940",NA,NA
"2005","30942",6,8
"2005","31001",0,1
"2005","31008",31,23
"2005","31009",3,4
"2005","31014",9,7
"2005","31015",19,18
"2005","31016",5,5
"2005","31018",6,11
"2005","31019",6,3
"2005","31021",17,11
"2005","31022",105,65
"2005","31025",7,2
"2005","31026",17,5
"2005","31028",2,0
"2005","31033",1,1
"2005","31035",2,6
"2005","31036",12,3
"2005","31037",7,11
"2005","31038",5,6
"2005","31041",6,14
"2005","31042",6,7
"2005","31043",8,6
"2005","31051",11,8
"2005","31052",14,12
"2005","31053",9,5
"2005","31101",7,1
"2005","31102",4,1
"2005","31103",1,3
"2005","31104",3,6
"2005","31105",24,40
"2005","31106",13,4
"2005","31107",5,4
"2005","31109",23,76
"2005","31110",2,3
"2005","31111",0,2
"2005","31113",1,1
"2005","31114",1,1
"2005","31117",NA,NA
"2005","31119",1,0
"2005","31120",1,2
"2005","31121",15,10
"2005","31123",1,2
"2005","31124",1,1
"2005","31129",2,2
"2005","31130",2,0
"2005","31201",28,16
"2005","31202",3,7
"2005","31203",8,11
"2005","31204",2,3
"2005","31205",7,8
"2005","31206",46,38
"2005","31207",13,6
"2005","31208",17,11
"2005","31213",236,217
"2005","31214",65,50
"2005","31215",9,9
"2005","31216",26,14
"2005","31224",5,3
"2005","31226",32,18
"2005","31227",18,10
"2005","31228",5,3
"2005","31229",3,4
"2005","31230",129,90
"2005","31234",8,3
"2005","31235",59,33
"2005","31301",1,0
"2005","31302",1,0
"2005","31303",3,6
"2005","31304",3,2
"2005","31308",6,5
"2005","31309",11,5
"2005","31310",15,6
"2005","31311",1,1
"2005","31315",42,23
"2005","31319",13,3
"2005","31321",0,1
"2005","31322",24,17
"2005","31323",13,10
"2005","31324",12,11
"2005","31326",3,2
"2005","31327",14,14
"2005","31330",15,3
"2005","31333",7,1
"2005","31336",2,2
"2005","31337",3,3
"2005","31338",0,1
"2005","31340",4,1
"2005","31343",4,4
"2005","31344",17,4
"2005","31346",7,1
"2005","31347",5,1
"2005","31350",3,2
"2005","31351",3,3
"2005","31355",15,6
"2005","31356",0,3
"2005","31401",48,12
"2005","31402",22,4
"2005","31403",51,29
"2005","31404",11,8
"2005","31405",8,3
"2005","31406",10,4
"2005","31407",37,24
"2005","31408",11,0
"2005","31409",69,17
"2005","31410",8,4
"2005","31411",21,7
"2005","31412",11,7
"2005","31413",120,14
"2005","31414",10,4
"2005","31502",NA,NA
"2005","31503",17,4
"2005","31504",12,2
"2005","31505",26,3
"2005","31506",2,0
"2005","31507",12,2
"2005","31508",2,1
"2005","31509",2,3
"2005","31511",6,0
"2005","31513",5,6
"2005","31514",5,1
"2005","31515",2,3
"2005","31516",9,4
"2005","31517",10,4
"2005","31519",3,10
"2005","31520",15,7
"2005","31521",9,5
"2005","31522",5,3
"2005","31523",2,1
"2005","31524",28,18
"2005","31525",31,5
"2005","31527",7,7
"2005","31528",0,1
"2005","31530",7,4
"2005","31531",8,1
"2005","31533",34,12
"2005","31534",17,5
"2005","31535",NA,NA
"2005","31537",6,3
"2005","31539",10,17
"2005","31540",2,5
"2005","31541",4,1
"2005","31542",6,6
"2005","31543",5,3
"2005","31546",2,0
"2005","31549",59,36
"2005","31550",4,0
"2005","31551",66,3
"2005","31552",4,10
"2005","31553",8,10
"2005","31601",3,1
"2005","31603",9,4
"2005","31604",4,3
"2005","31605",8,3
"2005","31606",6,3
"2005","31608",1,0
"2005","31609",2,3
"2005","31611",2,7
"2005","31612",20,23
"2005","31613",2,2
"2005","31614",28,11
"2005","31615",12,9
"2005","31616",8,0
"2005","31617",11,3
"2005","31620",2,1
"2005","31621",1,3
"2005","31622",1,2
"2005","31627",1,0
"2005","31628",5,2
"2005","31629",24,6
"2005","31630",6,10
"2005","31633",70,49
"2005","31634",3,1
"2005","31636",0,3
"2005","31642",6,2
"2005","31644",26,3
"2005","31645",11,6
"2005","31646",4,1
"2005","31649",3,2
"2005","31650",2,0
"2005","31651",15,10
"2005","31652",5,4
"2005","31653",8,4
"2005","31654",12,11
"2005","31655",54,22
"2005","31658",4,1
"2005","31701",5,4
"2005","31702",25,25
"2005","31703",43,36
"2005","31704",124,46
"2005","31706",17,1
"2005","31707",15,27
"2005","31709",41,30
"2005","31710",91,62
"2005","31711",6,3
"2005","31712",42,34
"2005","31713",30,17
"2005","31714",6,3
"2005","31715",38,19
"2005","31716",98,73
"2005","31717",342,245
"2005","31718",7,7
"2005","31719",137,70
"2005","31723",82,50
"2005","31725",85,59
"2005","31726",14,11
"2005","31801",5,0
"2005","31802",3,3
"2005","31803",152,35
"2005","31804",3,1
"2005","31805",3,2
"2005","31806",0,1
"2005","31807",35,7
"2005","31808",10,8
"2005","31809",25,8
"2005","31810",58,47
"2005","31811",59,13
"2005","31812",22,8
"2005","31813",34,12
"2005","31814",88,9
"2005","31815",5,3
"2005","31817",15,1
"2005","31818",134,76
"2005","31820",5,3
"2005","31821",14,7
"2005","31823",13,17
"2005","31825",NA,NA
"2005","31826",14,9
"2005","31827",0,1
"2005","31829",287,33
"2005","31830",1,0
"2005","31831",11,20
"2005","31832",16,4
"2005","31833",5,4
"2005","31834",2,4
"2005","31835",9,42
"2005","31836",16,9
"2005","31837",8,8
"2005","31838",32,25
"2005","31839",104,61
"2005","31840",4,1
"2005","31841",3,2
"2005","31842",2,1
"2005","31843",4,4
"2005","31844",9,2
"2005","31845",2,3
"2005","31846",25,7
"2005","31847",5,6
"2005","31848",5,1
"2005","31849",1,4
"2005","31901",15,10
"2005","31902",9,2
"2005","31903",19,19
"2005","31904",16,3
"2005","31905",37,28
"2005","31906",32,11
"2005","31907",52,54
"2005","31909",6,2
"2005","31910",6,10
"2005","31911",6,0
"2005","31912",54,33
"2005","31913",6,2
"2005","31915",6,1
"2005","31916",10,9
"2005","31917",2,5
"2005","31918",16,17
"2005","31919",10,1
"2005","31920",1,8
"2005","31921",19,15
"2005","31922",7,1
"2005","31923",3,2
"2005","31925",4,1
"2005","31926",53,26
"2005","31927",21,7
"2005","31928",8,3
"2005","31929",38,23
"2005","31930",22,21
"2005","31932",4,9
"2005","31934",30,13
"2005","31935",3,2
"2005","31938",1,2
"2005","31939",0,2
"2005","31940",12,17
"2005","31941",32,2
"2005","31943",37,17
"2005","31945",3,1
"2005","31946",5,6
"2005","31947",52,39
"2005","31948",14,8
"2005","31949",31,22
"2005","31950",30,31
"2005","31951",58,51
"2005","31952",74,37
"2005","31953",35,15
"2005","31954",16,7
"2005","32001",40,24
"2005","32002",70,1
"2005","32003",2,6
"2005","32004",1,3
"2005","32005",1,6
"2005","32006",9,3
"2005","32007",19,1
"2005","32008",9,18
"2005","32009",3,3
"2005","32010",NA,NA
"2005","32011",0,1
"2005","32012",NA,NA
"2005","32013",21,5
"2005","32014",2,2
"2005","32015",0,2
"2005","32016",25,7
"2005","32017",4,4
"2005","32018",1,1
"2005","32101",19,13
"2005","32104",6,6
"2005","32106",13,3
"2005","32107",48,18
"2005","32109",14,14
"2005","32110",27,14
"2005","32112",41,32
"2005","32114",13,13
"2005","32115",21,15
"2005","32116",13,5
"2005","32119",10,9
"2005","32120",10,6
"2005","32131",90,57
"2005","32132",22,9
"2005","32134",12,2
"2005","32135",124,74
"2005","32139",14,1
"2005","32140",17,7
"2005","32141",15,14
"2005","32142",120,55
"2005","32143",0,2
"2005","32144",281,179
"2005","32202",3,1
"2005","32203",2,0
"2005","32206",3,0
"2005","32207",3,4
"2005","32209",2,0
"2005","32210",4,0
"2005","32212",2,0
"2005","32214",0,1
"2005","32216",11,3
"2005","32217",0,1
"2005","32219",1,3
"2005","32220",15,6
"2005","32221",NA,NA
"2005","32222",3,1
"2005","32223",0,1
"2005","32301",34,19
"2005","32302",6,1
"2005","32304",45,16
"2005","32305",22,22
"2005","32306",7,5
"2005","32307",43,31
"2005","32308",20,8
"2005","32309",1,0
"2005","32310",6,3
"2005","32311",12,8
"2005","32312",8,0
"2005","32313",14,13
"2005","32314",10,11
"2005","32315",4,0
"2005","32316",21,15
"2005","32317",1,1
"2005","32318",23,16
"2005","32319",20,13
"2005","32320",4,6
"2005","32321",6,2
"2005","32322",1,3
"2005","32323",24,17
"2005","32324",14,14
"2005","32325",37,1
"2005","32326",1,1
"2005","32327",41,36
"2005","32330",35,38
"2005","32331",5,5
"2005","32332",14,9
"2005","32333",2,3
"2005","32334",1,0
"2005","32335",1,1
"2005","32336",45,13
"2005","32337",39,23
"2005","32338",12,4
"2005","32501",15,2
"2005","32502",3,1
"2005","32503",NA,NA
"2005","32504",1,1
"2005","32505",7,14
"2005","32506",0,2
"2005","32508",12,6
"2005","32509",27,7
"2005","32511",3,7
"2005","32514",0,1
"2005","32515",2,0
"2005","32516",2,2
"2005","32517",3,4
"2005","32518",1,2
"2005","32519",0,1
"2005","32520",2,4
"2005","32521",1,2
"2005","32522",5,2
"2005","32523",2,2
"2005","32524",3,6
"2005","32525",4,4
"2005","32528",NA,NA
"2005","32529",3,4
"2005","32530",18,22
"2005","40101",2904,1641
"2005","40201",552,413
"2005","40301",855,574
"2005","40401",29,15
"2005","40402",2,6
"2005","40403",5,1
"2005","40404",191,116
"2005","40405",17,16
"2005","40406",26,15
"2005","40407",3,3
"2005","40408",53,11
"2005","40409",46,20
"2005","40410",5,2
"2005","40411",3,3
"2005","40412",11,6
"2005","40413",18,20
"2005","40414",72,33
"2005","40415",0,2
"2005","40416",3,1
"2005","40417",4,0
"2005","40418",34,25
"2005","40419",4,4
"2005","40420",10,5
"2005","40421",58,35
"2005","40422",23,13
"2005","40423",4,5
"2005","40424",10,3
"2005","40425",7,11
"2005","40426",11,3
"2005","40427",13,4
"2005","40428",24,34
"2005","40429",5,2
"2005","40430",0,2
"2005","40431",3,9
"2005","40432",5,2
"2005","40433",2,2
"2005","40434",4,0
"2005","40435",5,3
"2005","40436",7,11
"2005","40437",28,13
"2005","40438",52,47
"2005","40439",4,6
"2005","40440",2,0
"2005","40441",18,8
"2005","40442",4,1
"2005","40443",8,9
"2005","40444",2,6
"2005","40445",9,7
"2005","40446",4,8
"2005","40501",38,19
"2005","40502",21,7
"2005","40503",37,19
"2005","40504",20,4
"2005","40505",0,1
"2005","40506",13,5
"2005","40507",37,35
"2005","40508",10,6
"2005","40509",2,8
"2005","40510",8,5
"2005","40511",35,6
"2005","40512",3,1
"2005","40601",57,36
"2005","40602",5,4
"2005","40603",6,3
"2005","40604",11,3
"2005","40605",0,2
"2005","40606",NA,NA
"2005","40607",24,10
"2005","40608",12,0
"2005","40609",12,11
"2005","40610",4,2
"2005","40611",5,3
"2005","40612",10,5
"2005","40613",6,2
"2005","40614",44,11
"2005","40615",8,4
"2005","40616",1,4
"2005","40617",NA,NA
"2005","40618",1,7
"2005","40619",25,6
"2005","40620",10,6
"2005","40621",2,3
"2005","40622",4,5
"2005","40623",3,5
"2005","40624",8,10
"2005","40625",1,1
"2005","40626",39,8
"2005","40627",14,6
"2005","40701",70,34
"2005","40702",39,41
"2005","40703",152,85
"2005","40704",30,26
"2005","40705",100,82
"2005","40706",33,41
"2005","40707",10,13
"2005","40708",6,3
"2005","40709",29,14
"2005","40710",6,1
"2005","40711",72,39
"2005","40712",13,9
"2005","40713",15,4
"2005","40714",15,12
"2005","40715",11,10
"2005","40716",14,1
"2005","40717",38,33
"2005","40718",20,13
"2005","40719",94,30
"2005","40720",48,27
"2005","40801",2,3
"2005","40802",26,23
"2005","40804",NA,NA
"2005","40805",42,18
"2005","40806",23,16
"2005","40807",3,4
"2005","40808",27,17
"2005","40809",19,9
"2005","40810",NA,NA
"2005","40811",6,5
"2005","40812",10,6
"2005","40813",3,4
"2005","40814",2,1
"2005","40815",2,5
"2005","40816",5,4
"2005","40817",6,5
"2005","40818",11,14
"2005","40820",NA,NA
"2005","40821",0,1
"2005","40822",8,8
"2005","40823",9,2
"2005","40824",6,8
"2005","40825",1,1
"2005","40826",NA,NA
"2005","40827",13,20
"2005","40828",0,2
"2005","40829",2,3
"2005","40830",3,1
"2005","40831",26,8
"2005","40832",17,4
"2005","40833",12,4
"2005","40834",3,1
"2005","40835",19,11
"2005","40901",4,8
"2005","40902",18,21
"2005","40903",0,3
"2005","40904",13,3
"2005","40905",32,15
"2005","40906",13,17
"2005","40907",50,60
"2005","40908",40,27
"2005","40909",15,15
"2005","40910",13,20
"2005","40911",10,9
"2005","40912",19,15
"2005","40913",6,10
"2005","40914",2,3
"2005","40915",3,6
"2005","40916",14,4
"2005","40917",12,17
"2005","40918",13,11
"2005","40919",1,4
"2005","40920",4,3
"2005","40921",3,2
"2005","40922",12,8
"2005","40923",19,19
"2005","41001",9,2
"2005","41002",215,100
"2005","41003",51,33
"2005","41004",2,0
"2005","41005",96,43
"2005","41006",5,7
"2005","41007",50,23
"2005","41008",2,1
"2005","41009",13,17
"2005","41010",9,8
"2005","41011",24,14
"2005","41012",178,108
"2005","41013",25,11
"2005","41014",39,24
"2005","41015",36,7
"2005","41016",6,1
"2005","41017",59,36
"2005","41018",11,3
"2005","41019",17,7
"2005","41020",21,4
"2005","41021",392,212
"2005","41022",42,24
"2005","41101",2,3
"2005","41102",11,4
"2005","41103",16,6
"2005","41104",0,1
"2005","41105",25,11
"2005","41106",2,1
"2005","41107",2,1
"2005","41108",273,25
"2005","41109",20,5
"2005","41110",16,9
"2005","41111",43,33
"2005","41112",3,1
"2005","41113",7,5
"2005","41114",16,16
"2005","41115",2,0
"2005","41116",93,38
"2005","41117",13,5
"2005","41118",3,0
"2005","41119",4,1
"2005","41120",16,14
"2005","41121",84,4
"2005","41122",0,2
"2005","41123",4,4
"2005","41124",17,13
"2005","41125",30,3
"2005","41126",14,2
"2005","41201",1,3
"2005","41202",8,4
"2005","41203",11,14
"2005","41204",20,15
"2005","41205",13,6
"2005","41206",0,2
"2005","41207",11,3
"2005","41208",4,6
"2005","41209",14,7
"2005","41210",4,2
"2005","41211",2,2
"2005","41212",1,0
"2005","41213",6,5
"2005","41214",6,12
"2005","41215",11,3
"2005","41216",NA,NA
"2005","41217",7,4
"2005","41218",7,6
"2005","41219",30,14
"2005","41220",23,6
"2005","41221",2,0
"2005","41222",0,3
"2005","41223",6,0
"2005","41224",27,26
"2005","41225",95,44
"2005","41226",5,3
"2005","41227",1,0
"2005","41228",12,6
"2005","41229",NA,NA
"2005","41230",NA,NA
"2005","41231",14,15
"2005","41232",5,7
"2005","41233",25,11
"2005","41234",6,10
"2005","41235",4,2
"2005","41236",2,2
"2005","41304",3,5
"2005","41305",2,0
"2005","41306",1,1
"2005","41307",NA,NA
"2005","41309",5,4
"2005","41311",NA,NA
"2005","41312",4,2
"2005","41313",5,1
"2005","41314",0,3
"2005","41315",5,1
"2005","41316",7,1
"2005","41317",4,7
"2005","41318",17,7
"2005","41319",1,3
"2005","41320",NA,NA
"2005","41321",40,2
"2005","41322",2,1
"2005","41323",1,2
"2005","41324",19,1
"2005","41325",5,3
"2005","41326",3,2
"2005","41327",19,6
"2005","41328",28,9
"2005","41329",5,3
"2005","41331",0,2
"2005","41332",8,4
"2005","41333",1,0
"2005","41334",3,0
"2005","41336",2,0
"2005","41337",3,6
"2005","41338",3,4
"2005","41341",12,7
"2005","41342",8,3
"2005","41343",14,16
"2005","41344",15,9
"2005","41345",2,3
"2005","41346",16,1
"2005","41401",4,2
"2005","41402",24,14
"2005","41403",10,20
"2005","41404",1,8
"2005","41405",1,0
"2005","41406",7,6
"2005","41407",16,7
"2005","41408",4,4
"2005","41409",11,10
"2005","41410",22,18
"2005","41411",13,9
"2005","41412",1,0
"2005","41413",5,3
"2005","41414",11,14
"2005","41415",3,4
"2005","41416",9,5
"2005","41417",3,1
"2005","41418",24,22
"2005","41419",7,2
"2005","41420",6,7
"2005","41421",4,2
"2005","41422",72,79
"2005","41423",29,33
"2005","41424",1,0
"2005","41425",48,47
"2005","41426",6,10
"2005","41427",39,16
"2005","41428",0,4
"2005","41429",11,15
"2005","41430",3,1
"2005","41501",3,3
"2005","41502",6,3
"2005","41503",37,14
"2005","41504",16,5
"2005","41505",4,4
"2005","41506",44,39
"2005","41507",6,1
"2005","41508",3,3
"2005","41509",1,3
"2005","41510",1,0
"2005","41511",7,7
"2005","41512",6,4
"2005","41513",4,1
"2005","41514",6,7
"2005","41515",44,36
"2005","41516",78,39
"2005","41517",12,12
"2005","41518",13,10
"2005","41521",7,17
"2005","41522",32,29
"2005","41601",4,4
"2005","41602",11,14
"2005","41603",15,12
"2005","41604",2,1
"2005","41605",27,17
"2005","41606",32,37
"2005","41607",36,20
"2005","41608",1,3
"2005","41609",12,12
"2005","41610",4,0
"2005","41611",12,4
"2005","41612",1,4
"2005","41613",31,13
"2005","41614",8,11
"2005","41615",13,5
"2005","41616",1,0
"2005","41617",18,8
"2005","41618",20,19
"2005","41619",3,5
"2005","41620",6,2
"2005","41621",2,2
"2005","41622",4,1
"2005","41623",1,0
"2005","41624",39,39
"2005","41626",15,3
"2005","41627",5,3
"2005","41628",5,2
"2005","41701",31,9
"2005","41702",4,6
"2005","41703",105,47
"2005","41704",2,1
"2005","41705",4,3
"2005","41706",6,3
"2005","41707",8,5
"2005","41708",3,0
"2005","41709",24,18
"2005","41710",48,11
"2005","41711",9,3
"2005","41712",11,5
"2005","41713",60,38
"2005","41714",3,2
"2005","41715",66,38
"2005","41716",7,5
"2005","41717",NA,NA
"2005","41718",15,7
"2005","41719",7,8
"2005","41720",5,5
"2005","41721",6,5
"2005","41722",28,9
"2005","41723",4,2
"2005","41724",2,1
"2005","41725",3,0
"2005","41726",13,7
"2005","41727",1,0
"2005","41728",0,1
"2005","41729",0,1
"2005","41730",7,1
"2005","41731",17,10
"2005","41732",7,9
"2005","41733",NA,NA
"2005","41734",1643,52
"2005","41735",14,12
"2005","41736",9,1
"2005","41737",23,23
"2005","41738",48,23
"2005","41739",23,11
"2005","41740",6,9
"2005","41741",16,13
"2005","41742",33,28
"2005","41743",93,29
"2005","41744",2,2
"2005","41745",16,5
"2005","41746",144,61
"2005","41747",14,15
"2005","41748",3,1
"2005","41749",6,3
"2005","41750",26,4
"2005","41751",32,14
"2005","41752",10,3
"2005","41801",2,0
"2005","41802",5,1
"2005","41803",13,15
"2005","41804",97,105
"2005","41805",5,6
"2005","41806",7,9
"2005","41807",2,1
"2005","41808",36,30
"2005","41809",4,6
"2005","41810",16,14
"2005","41811",51,24
"2005","41812",110,74
"2005","41813",3,3
"2005","41814",7,8
"2005","41815",NA,NA
"2005","41816",16,11
"2005","41817",14,12
"2005","41818",3,2
"2005","41819",10,3
"2005","41820",45,59
"2005","41821",13,12
"2005","41822",12,5
"2005","41823",76,86
"2005","41824",87,38
"2005","50101",3256,2330
"2005","50201",37,26
"2005","50202",18,16
"2005","50203",25,6
"2005","50204",30,36
"2005","50205",179,149
"2005","50206",2,2
"2005","50207",36,38
"2005","50208",33,25
"2005","50209",44,25
"2005","50210",3,4
"2005","50211",14,6
"2005","50212",6,2
"2005","50213",18,9
"2005","50301",48,53
"2005","50302",19,11
"2005","50303",53,27
"2005","50304",7,0
"2005","50305",30,18
"2005","50306",4,1
"2005","50307",4,3
"2005","50308",10,15
"2005","50309",35,28
"2005","50310",48,25
"2005","50311",13,8
"2005","50312",23,25
"2005","50313",0,3
"2005","50314",65,43
"2005","50315",62,26
"2005","50316",21,10
"2005","50317",34,31
"2005","50318",3,2
"2005","50319",33,32
"2005","50320",17,10
"2005","50321",30,15
"2005","50322",27,32
"2005","50323",22,30
"2005","50324",88,51
"2005","50325",12,7
"2005","50326",84,63
"2005","50327",24,22
"2005","50328",6,8
"2005","50329",12,11
"2005","50330",49,50
"2005","50331",12,1
"2005","50332",10,9
"2005","50335",55,27
"2005","50336",52,22
"2005","50337",29,14
"2005","50338",123,98
"2005","50339",72,70
"2005","50401",83,53
"2005","50402",146,160
"2005","50403",200,217
"2005","50404",69,55
"2005","50405",30,41
"2005","50406",32,16
"2005","50407",30,8
"2005","50408",27,20
"2005","50409",7,13
"2005","50410",23,2
"2005","50411",61,79
"2005","50412",17,2
"2005","50413",8,5
"2005","50414",109,37
"2005","50415",21,3
"2005","50416",11,7
"2005","50417",97,59
"2005","50418",169,119
"2005","50419",20,13
"2005","50420",25,28
"2005","50421",23,19
"2005","50422",23,14
"2005","50423",13,17
"2005","50424",17,28
"2005","50425",24,25
"2005","50501",NA,NA
"2005","50502",NA,NA
"2005","50503",19,6
"2005","50504",38,21
"2005","50505",2,1
"2005","50506",41,23
"2005","50507",1,5
"2005","50508",12,5
"2005","50509",25,19
"2005","50510",26,3
"2005","50511",1,1
"2005","50512",98,106
"2005","50513",3,1
"2005","50514",NA,NA
"2005","50515",NA,NA
"2005","50601",17,15
"2005","50602",37,21
"2005","50603",6,1
"2005","50604",10,11
"2005","50605",7,9
"2005","50606",28,21
"2005","50607",7,0
"2005","50608",10,14
"2005","50609",24,5
"2005","50610",15,18
"2005","50611",29,13
"2005","50612",12,19
"2005","50613",67,52
"2005","50614",18,5
"2005","50615",16,11
"2005","50616",41,33
"2005","50617",24,28
"2005","50618",58,20
"2005","50619",141,62
"2005","50620",7,2
"2005","50621",6,2
"2005","50622",32,10
"2005","50623",15,31
"2005","50624",12,8
"2005","50625",6,2
"2005","50626",17,4
"2005","50627",2,5
"2005","50628",149,132
"2005","60101",4872,2737
"2005","60305",10,33
"2005","60318",27,25
"2005","60323",8,5
"2005","60324",19,3
"2005","60326",4,3
"2005","60329",7,10
"2005","60341",3,1
"2005","60344",119,72
"2005","60345",31,21
"2005","60346",14,6
"2005","60347",13,4
"2005","60348",25,18
"2005","60349",40,35
"2005","60350",29,12
"2005","60351",16,24
"2005","60608",57,37
"2005","60611",16,11
"2005","60613",55,24
"2005","60617",32,25
"2005","60618",2,6
"2005","60619",7,9
"2005","60623",9,6
"2005","60624",57,28
"2005","60626",5,4
"2005","60628",23,8
"2005","60629",15,45
"2005","60632",19,20
"2005","60639",2,1
"2005","60641",3,1
"2005","60642",9,8
"2005","60645",32,9
"2005","60646",18,7
"2005","60647",1,0
"2005","60648",14,12
"2005","60651",10,20
"2005","60653",17,43
"2005","60654",14,6
"2005","60655",6,4
"2005","60656",3,5
"2005","60659",52,24
"2005","60660",9,13
"2005","60661",29,23
"2005","60662",21,7
"2005","60663",25,20
"2005","60664",82,27
"2005","60665",26,24
"2005","60666",5,12
"2005","60667",23,32
"2005","60668",3,7
"2005","60669",86,52
"2005","60670",33,42
"2005","61001",2,1
"2005","61002",11,8
"2005","61007",8,1
"2005","61008",4,5
"2005","61012",4,11
"2005","61013",9,10
"2005","61016",11,4
"2005","61017",5,4
"2005","61019",5,6
"2005","61020",9,9
"2005","61021",10,14
"2005","61024",8,6
"2005","61027",6,7
"2005","61030",5,14
"2005","61032",1,2
"2005","61033",18,9
"2005","61043",8,16
"2005","61045",23,22
"2005","61049",12,14
"2005","61050",25,15
"2005","61051",11,5
"2005","61052",25,23
"2005","61053",72,41
"2005","61054",37,23
"2005","61055",1,4
"2005","61057",9,3
"2005","61059",30,42
"2005","61060",10,16
"2005","61061",37,36
"2005","61101",14,95
"2005","61105",24,21
"2005","61106",7,11
"2005","61107",7,3
"2005","61108",356,233
"2005","61109",5,3
"2005","61110",7,28
"2005","61111",0,5
"2005","61112",0,4
"2005","61113",28,27
"2005","61114",53,1
"2005","61115",11,15
"2005","61116",2,2
"2005","61118",14,13
"2005","61119",4,2
"2005","61120",37,19
"2005","61203",12,5
"2005","61204",13,15
"2005","61205",10,4
"2005","61206",3,2
"2005","61207",32,25
"2005","61213",17,4
"2005","61215",4,22
"2005","61217",25,17
"2005","61222",11,4
"2005","61236",14,28
"2005","61243",5,9
"2005","61247",4,4
"2005","61251",6,6
"2005","61252",5,3
"2005","61253",22,17
"2005","61254",0,5
"2005","61255",49,27
"2005","61256",5,12
"2005","61257",11,9
"2005","61258",18,7
"2005","61259",59,37
"2005","61260",14,18
"2005","61261",11,3
"2005","61262",6,10
"2005","61263",45,19
"2005","61264",7,12
"2005","61265",54,43
"2005","61266",6,3
"2005","61267",33,22
"2005","61410",0,1
"2005","61413",1,0
"2005","61425",11,6
"2005","61428",3,0
"2005","61437",1,0
"2005","61438",24,17
"2005","61439",32,33
"2005","61440",5,18
"2005","61441",5,0
"2005","61442",10,21
"2005","61443",3,3
"2005","61444",19,25
"2005","61445",43,39
"2005","61446",14,14
"2005","61611",9,3
"2005","61612",8,8
"2005","61615",3,11
"2005","61618",8,14
"2005","61621",1,3
"2005","61624",5,6
"2005","61625",48,61
"2005","61626",32,19
"2005","61627",11,5
"2005","61628",2,4
"2005","61629",14,17
"2005","61630",10,14
"2005","61631",48,31
"2005","61632",19,16
"2005","61633",15,11
"2005","61701",1,5
"2005","61708",13,1
"2005","61710",NA,NA
"2005","61711",3,0
"2005","61716",22,4
"2005","61719",6,7
"2005","61727",4,5
"2005","61728",0,1
"2005","61729",5,4
"2005","61730",1,2
"2005","61731",1,3
"2005","61740",3,2
"2005","61741",0,4
"2005","61743",NA,NA
"2005","61744",NA,NA
"2005","61745",2,0
"2005","61746",19,27
"2005","61748",13,27
"2005","61750",0,2
"2005","61751",3,2
"2005","61756",3,10
"2005","61757",6,6
"2005","61758",1,12
"2005","61759",11,6
"2005","61760",89,41
"2005","61761",0,3
"2005","61762",4,9
"2005","61763",13,26
"2005","61764",6,6
"2005","61765",9,12
"2005","61766",41,22
"2005","62007",30,30
"2005","62008",3,1
"2005","62010",26,0
"2005","62014",5,3
"2005","62021",2,3
"2005","62026",4,2
"2005","62032",3,0
"2005","62034",2,8
"2005","62036",7,7
"2005","62038",106,45
"2005","62039",7,27
"2005","62040",73,57
"2005","62041",98,91
"2005","62042",10,9
"2005","62043",13,10
"2005","62044",32,13
"2005","62045",18,10
"2005","62046",18,21
"2005","62047",26,20
"2005","62048",18,12
"2005","62105",15,1
"2005","62115",15,13
"2005","62116",19,15
"2005","62125",8,3
"2005","62128",12,13
"2005","62131",29,6
"2005","62132",2,4
"2005","62135",41,12
"2005","62138",109,36
"2005","62139",206,122
"2005","62140",190,117
"2005","62141",40,114
"2005","62142",31,32
"2005","62143",71,45
"2005","62144",126,42
"2005","62145",24,7
"2005","62146",13,13
"2005","62147",41,24
"2005","62148",23,21
"2005","62202",22,7
"2005","62205",3,0
"2005","62206",6,6
"2005","62209",1,2
"2005","62211",5,3
"2005","62214",25,21
"2005","62216",3,3
"2005","62219",45,11
"2005","62220",19,9
"2005","62226",26,1
"2005","62232",2,1
"2005","62233",8,25
"2005","62235",31,7
"2005","62242",3,2
"2005","62244",29,6
"2005","62245",0,1
"2005","62247",31,7
"2005","62256",6,1
"2005","62262",2,0
"2005","62264",23,5
"2005","62265",4,1
"2005","62266",9,3
"2005","62268",6,21
"2005","62269",28,20
"2005","62270",0,4
"2005","62271",32,11
"2005","62272",11,7
"2005","62273",14,6
"2005","62274",24,11
"2005","62275",6,5
"2005","62276",8,1
"2005","62277",12,9
"2005","62278",9,7
"2005","62279",43,4
"2005","62280",104,32
"2005","62311",3,4
"2005","62314",5,4
"2005","62326",2,1
"2005","62330",2,5
"2005","62332",2,10
"2005","62335",1,1
"2005","62343",3,1
"2005","62368",2,12
"2005","62372",5,0
"2005","62375",22,35
"2005","62376",9,15
"2005","62377",7,4
"2005","62378",70,35
"2005","62379",83,46
"2005","62380",16,16
"2005","62381",18,18
"2005","62382",15,14
"2005","62383",18,10
"2005","62384",3,5
"2005","62385",6,4
"2005","62386",26,13
"2005","62387",5,8
"2005","62388",8,3
"2005","62389",41,12
"2005","62390",43,11
"2005","70101",2482,1646
"2005","70201",18,10
"2005","70202",38,20
"2005","70203",115,76
"2005","70204",2,1
"2005","70205",45,20
"2005","70206",NA,NA
"2005","70207",3,1
"2005","70208",49,34
"2005","70209",46,34
"2005","70210",1,2
"2005","70211",22,5
"2005","70212",17,3
"2005","70213",26,16
"2005","70214",18,10
"2005","70215",8,5
"2005","70216",19,10
"2005","70217",32,31
"2005","70218",15,5
"2005","70219",46,85
"2005","70220",178,218
"2005","70221",12,7
"2005","70222",22,4
"2005","70223",16,10
"2005","70224",15,9
"2005","70301",36,26
"2005","70302",32,26
"2005","70303",12,13
"2005","70304",54,31
"2005","70305",6,5
"2005","70306",19,14
"2005","70307",2,4
"2005","70308",5,3
"2005","70309",14,9
"2005","70310",66,45
"2005","70311",6,3
"2005","70312",56,29
"2005","70313",4,4
"2005","70314",5,5
"2005","70315",9,12
"2005","70317",3,1
"2005","70318",12,26
"2005","70319",17,10
"2005","70320",14,17
"2005","70322",11,3
"2005","70323",10,9
"2005","70325",7,6
"2005","70326",27,28
"2005","70328",28,19
"2005","70329",15,15
"2005","70331",12,12
"2005","70332",23,21
"2005","70333",8,7
"2005","70334",108,103
"2005","70335",12,1
"2005","70336",NA,NA
"2005","70337",16,14
"2005","70338",3,4
"2005","70339",2,12
"2005","70340",8,2
"2005","70342",0,1
"2005","70343",14,10
"2005","70344",34,13
"2005","70345",13,6
"2005","70346",76,46
"2005","70347",8,8
"2005","70348",30,17
"2005","70349",5,3
"2005","70350",38,13
"2005","70351",96,49
"2005","70352",5,2
"2005","70353",21,8
"2005","70354",218,148
"2005","70355",34,13
"2005","70356",18,4
"2005","70357",195,122
"2005","70358",26,25
"2005","70359",29,17
"2005","70360",13,14
"2005","70361",4,0
"2005","70362",1,0
"2005","70364",63,51
"2005","70365",29,26
"2005","70366",3,3
"2005","70367",77,63
"2005","70368",5,5
"2005","70369",119,70
"2005","70370",21,18
"2005","70401",11,19
"2005","70402",27,10
"2005","70403",108,38
"2005","70404",42,41
"2005","70405",6,2
"2005","70406",47,20
"2005","70407",20,14
"2005","70408",16,15
"2005","70409",95,66
"2005","70410",40,26
"2005","70411",149,93
"2005","70412",110,58
"2005","70413",34,20
"2005","70414",26,23
"2005","70415",2,4
"2005","70416",109,49
"2005","70417",36,18
"2005","70418",13,6
"2005","70419",25,6
"2005","70420",42,10
"2005","70501",45,15
"2005","70502",7,2
"2005","70503",19,11
"2005","70504",13,5
"2005","70505",15,9
"2005","70506",28,21
"2005","70508",66,41
"2005","70509",67,61
"2005","70510",26,31
"2005","70511",36,21
"2005","70512",68,70
"2005","70513",345,241
"2005","70514",33,24
"2005","70515",20,12
"2005","70516",0,3
"2005","70517",20,6
"2005","70518",31,28
"2005","70519",7,6
"2005","70520",47,29
"2005","70521",5,5
"2005","70522",44,31
"2005","70523",3,5
"2005","70524",60,56
"2005","70525",20,19
"2005","70526",117,126
"2005","70527",44,32
"2005","70528",17,6
"2005","70529",25,30
"2005","70530",111,59
"2005","70531",150,116
"2005","70601",NA,NA
"2005","70602",2,8
"2005","70603",105,80
"2005","70604",25,16
"2005","70605",40,19
"2005","70606",50,78
"2005","70607",4,3
"2005","70608",522,154
"2005","70609",15,34
"2005","70610",NA,NA
"2005","70611",14,11
"2005","70612",5,0
"2005","70613",29,23
"2005","70614",103,52
"2005","70615",92,76
"2005","70616",15,20
"2005","70617",25,9
"2005","70618",5,4
"2005","70619",51,18
"2005","70620",38,21
"2005","70621",222,239
"2005","70622",11,6
"2005","70623",22,5
"2005","70624",30,46
"2005","70625",4,1
"2005","70626",NA,NA
"2005","70627",3,3
"2005","70628",1,0
"2005","70629",6,0
"2005","70630",21,11
"2005","70701",4,6
"2005","70702",1,0
"2005","70703",1,1
"2005","70704",4,0
"2005","70705",5,3
"2005","70706",2,1
"2005","70707",7,4
"2005","70708",3,6
"2005","70709",1,0
"2005","70710",1,8
"2005","70711",3,2
"2005","70712",2,2
"2005","70713",3,7
"2005","70714",2,2
"2005","70715",2,0
"2005","70716",73,43
"2005","70717",6,9
"2005","70718",2,3
"2005","70719",10,6
"2005","70720",3,0
"2005","70721",0,2
"2005","70723",5,1
"2005","70724",1,6
"2005","70725",0,2
"2005","70726",5,6
"2005","70727",0,1
"2005","70728",16,10
"2005","70729",3,12
"2005","70731",NA,NA
"2005","70732",3,1
"2005","70733",6,2
"2005","70734",3,1
"2005","70735",8,5
"2005","70801",6,7
"2005","70802",8,3
"2005","70803",11,3
"2005","70804",4,8
"2005","70805",20,17
"2005","70806",14,8
"2005","70807",61,46
"2005","70808",3,1
"2005","70809",0,1
"2005","70810",3,1
"2005","70811",21,3
"2005","70812",NA,NA
"2005","70813",5,9
"2005","70814",4,2
"2005","70815",NA,NA
"2005","70816",9,3
"2005","70817",1,4
"2005","70818",30,50
"2005","70819",1,0
"2005","70820",12,7
"2005","70821",17,4
"2005","70822",6,0
"2005","70823",0,1
"2005","70824",5,4
"2005","70825",1,1
"2005","70826",7,8
"2005","70827",3,8
"2005","70828",78,67
"2005","70829",9,7
"2005","70830",1,2
"2005","70831",5,1
"2005","70832",20,15
"2005","70833",60,45
"2005","70834",1,0
"2005","70835",11,13
"2005","70836",16,14
"2005","70837",3,2
"2005","70901",59,22
"2005","70902",10,8
"2005","70903",NA,NA
"2005","70904",5,7
"2005","70905",25,14
"2005","70907",75,21
"2005","70908",36,21
"2005","70909",62,52
"2005","70910",26,16
"2005","70911",3,4
"2005","70912",11,11
"2005","70913",8,1
"2005","70914",17,7
"2005","70915",13,17
"2005","70916",13,4
"2005","70917",77,31
"2005","70918",25,17
"2005","70920",72,38
"2005","70921",17,13
"2005","70922",12,8
"2005","70923",32,19
"2005","70924",3,2
"2005","70925",17,10
"2005","70926",118,97
"2005","70927",9,9
"2005","70928",19,8
"2005","70929",11,3
"2005","70930",5,4
"2005","70931",23,7
"2005","70932",7,0
"2005","70933",7,8
"2005","70934",47,49
"2005","70935",13,6
"2005","70936",44,20
"2005","70937",14,7
"2005","70938",4,6
"2005","70939",21,7
"2005","70940",17,2
"2005","70941",4,3
"2005","80101",13,16
"2005","80102",3,9
"2005","80103",260,161
"2005","80104",31,30
"2005","80105",24,8
"2005","80106",37,28
"2005","80107",3,6
"2005","80108",19,13
"2005","80109",3,5
"2005","80110",32,30
"2005","80111",9,10
"2005","80112",9,4
"2005","80113",259,243
"2005","80114",11,6
"2005","80115",62,39
"2005","80116",91,46
"2005","80117",68,50
"2005","80118",12,3
"2005","80119",4,5
"2005","80120",34,30
"2005","80121",3,3
"2005","80122",61,40
"2005","80123",5,2
"2005","80124",5,3
"2005","80125",12,6
"2005","80126",47,29
"2005","80127",2,1
"2005","80128",30,13
"2005","80129",42,30
"2005","80201",33,16
"2005","80202",22,6
"2005","80203",13,9
"2005","80204",44,17
"2005","80205",5,6
"2005","80206",4,2
"2005","80207",425,314
"2005","80208",2,2
"2005","80209",6,17
"2005","80210",10,10
"2005","80211",26,17
"2005","80212",10,6
"2005","80213",35,40
"2005","80214",20,13
"2005","80215",144,100
"2005","80216",15,15
"2005","80217",63,52
"2005","80218",86,59
"2005","80219",20,13
"2005","80220",13,9
"2005","80221",7,5
"2005","80222",16,5
"2005","80223",5,8
"2005","80224",84,87
"2005","80225",14,12
"2005","80226",92,52
"2005","80227",16,5
"2005","80228",292,285
"2005","80229",11,12
"2005","80230",18,7
"2005","80231",5,3
"2005","80232",13,1
"2005","80233",7,2
"2005","80234",2,3
"2005","80235",20,27
"2005","80236",19,12
"2005","80237",4,1
"2005","80238",17,9
"2005","80239",3,4
"2005","80240",76,71
"2005","80301",644,524
"2005","80302",203,124
"2005","80303",213,147
"2005","80401",44,32
"2005","80402",3,1
"2005","80403",0,1
"2005","80404",596,428
"2005","80405",109,67
"2005","80406",5,1
"2005","80407",26,12
"2005","80408",104,79
"2005","80409",34,17
"2005","80410",25,17
"2005","80411",9,7
"2005","80412",30,28
"2005","80413",28,21
"2005","80414",127,126
"2005","80415",0,1
"2005","80416",15,16
"2005","80417",20,18
"2005","80418",23,18
"2005","80419",3,3
"2005","80420",23,9
"2005","80421",3,0
"2005","80422",0,1
"2005","80423",23,13
"2005","80424",30,24
"2005","90101",491,364
"2005","90201",3479,2294
"2005","90301",2696,1628
"2005","90401",1071,512
"2005","90501",1907,1087
"2005","90601",949,556
"2005","90701",1412,570
"2005","90801",1923,855
"2005","90901",1689,1298
"2005","91001",4348,2004
"2005","91101",1676,935
"2005","91201",2434,1168
"2005","91301",863,563
"2005","91401",1850,1002
"2005","91501",3109,1711
"2005","91601",3389,1690
"2005","91701",2048,1204
"2005","91801",1416,860
"2005","91901",1662,1070
"2005","92001",3086,1790
"2005","92101",1990,1159
"2005","92201",1735,1014
"2005","92301",1144,626
"2006","10101",116,123
"2006","10201",22,14
"2006","10301",24,12
"2006","10302",16,15
"2006","10303",8,14
"2006","10304",11,7
"2006","10305",12,9
"2006","10306",3,1
"2006","10307",17,10
"2006","10308",5,8
"2006","10309",17,10
"2006","10310",4,3
"2006","10311",11,15
"2006","10312",8,12
"2006","10313",8,17
"2006","10314",7,2
"2006","10315",29,12
"2006","10316",27,11
"2006","10317",10,4
"2006","10318",6,7
"2006","10319",5,1
"2006","10320",2,1
"2006","10321",3,3
"2006","10322",3,2
"2006","10323",10,6
"2006","10401",1,3
"2006","10402",3,2
"2006","10403",11,2
"2006","10404",5,2
"2006","10405",37,14
"2006","10406",8,6
"2006","10407",4,3
"2006","10408",6,3
"2006","10409",6,2
"2006","10410",0,1
"2006","10411",8,5
"2006","10412",5,1
"2006","10413",5,2
"2006","10414",15,6
"2006","10415",59,5
"2006","10416",3,7
"2006","10417",45,13
"2006","10418",0,2
"2006","10419",2,1
"2006","10420",3,0
"2006","10421",4,1
"2006","10422",1,0
"2006","10423",NA,NA
"2006","10424",2,1
"2006","10425",1,0
"2006","10426",2,0
"2006","10427",0,2
"2006","10428",NA,NA
"2006","10501",1,8
"2006","10502",8,3
"2006","10503",14,3
"2006","10504",29,19
"2006","10505",16,6
"2006","10506",2,4
"2006","10507",5,3
"2006","10508",9,6
"2006","10509",9,5
"2006","10510",5,1
"2006","10511",2,1
"2006","10512",4,0
"2006","10601",5,8
"2006","10602",18,14
"2006","10603",5,4
"2006","10604",7,4
"2006","10605",12,5
"2006","10606",47,30
"2006","10607",19,15
"2006","10608",1,0
"2006","10609",19,12
"2006","10610",26,11
"2006","10611",8,11
"2006","10612",5,8
"2006","10613",17,6
"2006","10614",6,4
"2006","10615",15,11
"2006","10616",5,1
"2006","10617",4,3
"2006","10618",26,25
"2006","10619",8,6
"2006","10701",30,26
"2006","10702",7,9
"2006","10703",20,22
"2006","10704",4,2
"2006","10705",14,14
"2006","10706",15,4
"2006","10707",41,14
"2006","10708",10,0
"2006","10709",4,5
"2006","10710",13,5
"2006","10711",43,16
"2006","10712",9,8
"2006","10713",89,53
"2006","10714",12,7
"2006","10715",7,2
"2006","10716",1,5
"2006","10717",32,25
"2006","10718",19,12
"2006","10719",1,3
"2006","10720",3,1
"2006","10721",52,36
"2006","10722",19,8
"2006","10723",14,2
"2006","10724",14,3
"2006","10725",5,2
"2006","10726",3,4
"2006","10727",2,6
"2006","10801",23,5
"2006","10802",4,4
"2006","10803",8,3
"2006","10804",5,8
"2006","10805",19,5
"2006","10806",1,5
"2006","10807",6,9
"2006","10808",3,3
"2006","10809",5,6
"2006","10810",12,3
"2006","10811",7,3
"2006","10812",4,2
"2006","10813",5,3
"2006","10814",2,1
"2006","10815",6,3
"2006","10816",24,13
"2006","10817",2,1
"2006","10818",1,3
"2006","10819",1,2
"2006","10820",2,1
"2006","10821",5,6
"2006","10822",1,5
"2006","10823",7,2
"2006","10824",NA,NA
"2006","10825",17,5
"2006","10826",0,2
"2006","10827",2,0
"2006","10828",2,3
"2006","10901",5,2
"2006","10902",5,5
"2006","10903",1,1
"2006","10904",3,0
"2006","10905",20,7
"2006","10906",5,0
"2006","10907",10,2
"2006","10908",2,0
"2006","10909",21,2
"2006","10910",0,3
"2006","10911",2,1
"2006","10912",9,7
"2006","10913",2,3
"2006","10914",9,1
"2006","10915",1,0
"2006","10916",25,12
"2006","10917",44,24
"2006","10918",14,14
"2006","10919",14,7
"2006","10920",5,3
"2006","10921",13,5
"2006","10922",11,4
"2006","10923",9,3
"2006","10924",4,1
"2006","10925",6,4
"2006","10926",5,4
"2006","10927",0,2
"2006","10928",28,3
"2006","10929",1,0
"2006","10930",2,0
"2006","10931",NA,NA
"2006","10932",3,0
"2006","20101",1025,883
"2006","20201",518,266
"2006","20302",13,3
"2006","20305",50,14
"2006","20306",15,7
"2006","20307",12,10
"2006","20316",15,3
"2006","20320",19,1
"2006","20321",1,4
"2006","20402",32,15
"2006","20403",12,6
"2006","20405",50,24
"2006","20409",12,8
"2006","20412",14,4
"2006","20414",15,15
"2006","20415",56,38
"2006","20416",9,4
"2006","20417",19,6
"2006","20418",26,17
"2006","20419",10,6
"2006","20421",25,27
"2006","20424",35,14
"2006","20425",31,27
"2006","20428",5,3
"2006","20432",40,16
"2006","20435",14,10
"2006","20441",NA,NA
"2006","20442",9,14
"2006","20501",19,11
"2006","20502",11,6
"2006","20503",6,3
"2006","20504",12,9
"2006","20505",18,7
"2006","20506",21,11
"2006","20508",5,3
"2006","20509",3,1
"2006","20511",8,5
"2006","20512",13,7
"2006","20513",10,4
"2006","20515",19,18
"2006","20518",1,5
"2006","20519",5,2
"2006","20520",2,3
"2006","20523",20,16
"2006","20527",63,41
"2006","20530",7,4
"2006","20531",5,5
"2006","20534",19,12
"2006","20601",24,13
"2006","20602",6,1
"2006","20603",1,1
"2006","20604",8,6
"2006","20605",8,3
"2006","20607",8,0
"2006","20608",7,8
"2006","20609",16,10
"2006","20610",5,5
"2006","20611",5,8
"2006","20613",1,1
"2006","20616",9,4
"2006","20618",8,1
"2006","20619",14,3
"2006","20620",24,23
"2006","20622",3,1
"2006","20624",5,1
"2006","20625",3,6
"2006","20627",10,6
"2006","20630",58,23
"2006","20631",5,3
"2006","20632",6,3
"2006","20633",9,3
"2006","20634",35,15
"2006","20635",85,62
"2006","20636",3,3
"2006","20637",5,4
"2006","20638",3,2
"2006","20639",7,6
"2006","20640",1,4
"2006","20642",2,7
"2006","20643",10,9
"2006","20644",16,6
"2006","20701",11,4
"2006","20702",53,26
"2006","20703",6,1
"2006","20705",30,16
"2006","20707",0,4
"2006","20708",10,2
"2006","20710",11,2
"2006","20711",77,43
"2006","20712",1,4
"2006","20713",4,1
"2006","20719",8,11
"2006","20720",31,15
"2006","20721",4,5
"2006","20722",25,11
"2006","20723",2,2
"2006","20724",49,63
"2006","20725",89,32
"2006","20726",8,5
"2006","20727",41,21
"2006","20801",18,13
"2006","20802",7,1
"2006","20803",25,21
"2006","20804",10,9
"2006","20805",10,3
"2006","20806",5,5
"2006","20807",1,6
"2006","20808",5,5
"2006","20810",1,8
"2006","20812",6,8
"2006","20813",74,22
"2006","20815",10,5
"2006","20817",48,35
"2006","20901",8,5
"2006","20905",8,2
"2006","20909",7,13
"2006","20911",5,0
"2006","20912",20,18
"2006","20913",18,28
"2006","20914",3,1
"2006","20918",10,4
"2006","20923",88,52
"2006","21001",11,0
"2006","21002",50,47
"2006","21003",6,8
"2006","21004",4,2
"2006","21005",9,6
"2006","21006",10,3
"2006","21007",5,4
"2006","21008",39,8
"2006","21009",32,10
"2006","21010",3,7
"2006","30101",251,246
"2006","30201",585,560
"2006","30301",63,112
"2006","30401",369,278
"2006","30501",1,2
"2006","30502",165,99
"2006","30503",30,32
"2006","30504",9,3
"2006","30506",8,5
"2006","30507",4,11
"2006","30508",18,19
"2006","30509",9,19
"2006","30510",2,1
"2006","30511",2,3
"2006","30512",0,1
"2006","30514",9,25
"2006","30515",5,12
"2006","30516",13,4
"2006","30517",17,10
"2006","30520",11,5
"2006","30521",2,3
"2006","30522",6,2
"2006","30524",47,19
"2006","30526",2,1
"2006","30527",10,6
"2006","30529",4,7
"2006","30530",29,18
"2006","30531",58,35
"2006","30532",24,10
"2006","30533",17,12
"2006","30534",4,6
"2006","30536",0,1
"2006","30538",22,3
"2006","30539",1,6
"2006","30541",4,1
"2006","30542",5,3
"2006","30543",6,1
"2006","30544",2,0
"2006","30601",27,11
"2006","30602",108,33
"2006","30603",82,88
"2006","30604",277,235
"2006","30605",87,49
"2006","30607",144,84
"2006","30608",17,10
"2006","30609",2,6
"2006","30612",15,9
"2006","30613",44,15
"2006","30614",5,2
"2006","30615",92,81
"2006","30616",11,4
"2006","30618",54,35
"2006","30620",26,20
"2006","30621",10,8
"2006","30623",23,38
"2006","30625",26,26
"2006","30626",29,28
"2006","30627",19,9
"2006","30629",6,7
"2006","30631",16,6
"2006","30633",2,4
"2006","30635",16,9
"2006","30636",41,46
"2006","30637",6,8
"2006","30639",336,129
"2006","30641",12,10
"2006","30645",21,10
"2006","30646",8,7
"2006","30701",7,0
"2006","30702",12,7
"2006","30703",9,5
"2006","30704",57,49
"2006","30706",14,8
"2006","30708",4,3
"2006","30709",17,14
"2006","30710",58,37
"2006","30711",7,4
"2006","30712",7,1
"2006","30713",4,10
"2006","30715",11,5
"2006","30716",27,21
"2006","30718",10,3
"2006","30719",2,1
"2006","30721",17,2
"2006","30722",2,12
"2006","30724",4,3
"2006","30726",12,13
"2006","30728",12,1
"2006","30729",28,19
"2006","30730",49,32
"2006","30731",23,7
"2006","30732",64,65
"2006","30733",3,4
"2006","30734",13,8
"2006","30735",28,17
"2006","30736",33,11
"2006","30737",5,4
"2006","30738",2,3
"2006","30739",22,7
"2006","30740",154,132
"2006","30741",24,26
"2006","30801",25,21
"2006","30802",3,2
"2006","30803",12,7
"2006","30804",13,17
"2006","30805",12,10
"2006","30808",86,91
"2006","30810",7,3
"2006","30811",6,6
"2006","30812",9,9
"2006","30813",12,3
"2006","30814",16,16
"2006","30817",64,45
"2006","30819",14,9
"2006","30821",44,52
"2006","30822",7,7
"2006","30824",6,6
"2006","30825",3,3
"2006","30826",3,6
"2006","30827",18,16
"2006","30828",2,2
"2006","30829",4,1
"2006","30830",54,52
"2006","30831",57,39
"2006","30834",13,10
"2006","30835",49,48
"2006","30836",20,23
"2006","30838",20,8
"2006","30841",7,5
"2006","30842",11,17
"2006","30844",23,17
"2006","30845",5,1
"2006","30846",7,2
"2006","30848",4,1
"2006","30849",67,68
"2006","30850",2,0
"2006","30852",13,7
"2006","30854",4,4
"2006","30856",37,45
"2006","30857",7,5
"2006","30858",9,7
"2006","30859",3,1
"2006","30860",12,7
"2006","30863",16,20
"2006","30865",16,14
"2006","30902",2,2
"2006","30903",2,9
"2006","30904",1,0
"2006","30906",2,1
"2006","30908",27,20
"2006","30909",4,6
"2006","30910",20,2
"2006","30912",8,6
"2006","30913",NA,NA
"2006","30915",NA,NA
"2006","30916",4,6
"2006","30917",NA,NA
"2006","30920",59,13
"2006","30921",2,1
"2006","30925",5,6
"2006","30929",0,2
"2006","30932",1,1
"2006","30935",19,11
"2006","30939",1,0
"2006","30940",NA,NA
"2006","30942",2,2
"2006","31001",NA,NA
"2006","31008",32,25
"2006","31009",2,0
"2006","31014",4,5
"2006","31015",14,9
"2006","31016",11,4
"2006","31018",8,3
"2006","31019",6,4
"2006","31021",17,9
"2006","31022",109,84
"2006","31025",4,0
"2006","31026",9,5
"2006","31028",1,1
"2006","31033",3,0
"2006","31035",3,1
"2006","31036",13,3
"2006","31037",20,20
"2006","31038",10,13
"2006","31041",8,5
"2006","31042",2,3
"2006","31043",6,9
"2006","31051",16,14
"2006","31052",6,4
"2006","31053",4,11
"2006","31101",2,0
"2006","31102",3,1
"2006","31103",2,2
"2006","31104",2,1
"2006","31105",23,22
"2006","31106",10,14
"2006","31107",9,4
"2006","31109",27,28
"2006","31110",5,3
"2006","31111",2,0
"2006","31113",3,1
"2006","31114",0,2
"2006","31117",NA,NA
"2006","31119",2,1
"2006","31120",2,2
"2006","31121",11,14
"2006","31123",4,3
"2006","31124",2,2
"2006","31129",3,1
"2006","31130",1,0
"2006","31201",35,18
"2006","31202",12,4
"2006","31203",17,9
"2006","31204",6,2
"2006","31205",14,5
"2006","31206",31,23
"2006","31207",16,14
"2006","31208",5,13
"2006","31213",159,169
"2006","31214",69,39
"2006","31215",12,12
"2006","31216",24,23
"2006","31224",3,2
"2006","31226",23,22
"2006","31227",2,6
"2006","31228",3,4
"2006","31229",4,1
"2006","31230",102,76
"2006","31234",6,2
"2006","31235",71,35
"2006","31301",1,1
"2006","31302",1,0
"2006","31303",2,0
"2006","31304",3,2
"2006","31308",5,2
"2006","31309",11,8
"2006","31310",16,4
"2006","31311",7,1
"2006","31315",22,21
"2006","31319",0,15
"2006","31321",3,2
"2006","31322",35,12
"2006","31323",15,15
"2006","31324",15,7
"2006","31326",2,2
"2006","31327",11,13
"2006","31330",11,4
"2006","31333",7,2
"2006","31336",2,0
"2006","31337",9,2
"2006","31338",9,0
"2006","31340",2,3
"2006","31343",5,3
"2006","31344",5,5
"2006","31346",1,8
"2006","31347",1,0
"2006","31350",1,1
"2006","31351",6,5
"2006","31355",13,1
"2006","31356",1,0
"2006","31401",35,32
"2006","31402",10,2
"2006","31403",29,29
"2006","31404",7,7
"2006","31405",8,9
"2006","31406",22,9
"2006","31407",28,9
"2006","31408",6,4
"2006","31409",24,12
"2006","31410",7,3
"2006","31411",17,7
"2006","31412",15,12
"2006","31413",67,24
"2006","31414",4,6
"2006","31502",NA,NA
"2006","31503",12,10
"2006","31504",8,9
"2006","31505",18,10
"2006","31506",NA,NA
"2006","31507",6,2
"2006","31508",8,0
"2006","31509",3,2
"2006","31511",1,0
"2006","31513",3,1
"2006","31514",4,3
"2006","31515",1,5
"2006","31516",5,1
"2006","31517",25,7
"2006","31519",2,2
"2006","31520",21,8
"2006","31521",14,5
"2006","31522",5,2
"2006","31523",3,0
"2006","31524",40,15
"2006","31525",21,1
"2006","31527",11,4
"2006","31528",NA,NA
"2006","31530",3,4
"2006","31531",3,3
"2006","31533",33,18
"2006","31534",13,5
"2006","31535",1,0
"2006","31537",13,4
"2006","31539",8,11
"2006","31540",2,1
"2006","31541",2,3
"2006","31542",10,7
"2006","31543",8,1
"2006","31546",8,0
"2006","31549",56,30
"2006","31550",2,4
"2006","31551",97,8
"2006","31552",13,12
"2006","31553",13,14
"2006","31601",3,1
"2006","31603",4,2
"2006","31604",4,3
"2006","31605",3,4
"2006","31606",5,7
"2006","31608",1,1
"2006","31609",4,0
"2006","31611",3,2
"2006","31612",14,14
"2006","31613",1,0
"2006","31614",24,22
"2006","31615",15,13
"2006","31616",2,5
"2006","31617",4,1
"2006","31620",3,2
"2006","31621",2,1
"2006","31622",NA,NA
"2006","31627",4,1
"2006","31628",4,1
"2006","31629",17,20
"2006","31630",4,5
"2006","31633",63,70
"2006","31634",0,2
"2006","31636",NA,NA
"2006","31642",3,1
"2006","31644",18,10
"2006","31645",2,3
"2006","31646",3,0
"2006","31649",3,1
"2006","31650",2,3
"2006","31651",9,5
"2006","31652",5,0
"2006","31653",10,12
"2006","31654",6,11
"2006","31655",48,31
"2006","31658",0,1
"2006","31701",10,9
"2006","31702",17,16
"2006","31703",72,39
"2006","31704",88,69
"2006","31706",3,1
"2006","31707",12,16
"2006","31709",29,19
"2006","31710",84,57
"2006","31711",2,5
"2006","31712",45,31
"2006","31713",21,11
"2006","31714",7,4
"2006","31715",50,21
"2006","31716",102,80
"2006","31717",294,237
"2006","31718",11,4
"2006","31719",124,91
"2006","31723",38,48
"2006","31725",65,79
"2006","31726",14,12
"2006","31801",3,1
"2006","31802",12,7
"2006","31803",89,23
"2006","31804",3,0
"2006","31805",3,0
"2006","31806",NA,NA
"2006","31807",7,4
"2006","31808",10,12
"2006","31809",19,2
"2006","31810",50,39
"2006","31811",50,21
"2006","31812",41,1
"2006","31813",25,15
"2006","31814",31,14
"2006","31815",5,6
"2006","31817",11,3
"2006","31818",81,97
"2006","31820",1,2
"2006","31821",16,14
"2006","31823",13,8
"2006","31825",2,3
"2006","31826",11,7
"2006","31827",1,0
"2006","31829",184,28
"2006","31830",1,0
"2006","31831",15,16
"2006","31832",16,8
"2006","31833",1,3
"2006","31834",1,1
"2006","31835",19,38
"2006","31836",25,3
"2006","31837",11,11
"2006","31838",25,27
"2006","31839",78,62
"2006","31840",2,2
"2006","31841",1,1
"2006","31842",2,2
"2006","31843",5,2
"2006","31844",1,1
"2006","31845",3,2
"2006","31846",15,16
"2006","31847",3,2
"2006","31848",7,3
"2006","31849",7,5
"2006","31901",12,4
"2006","31902",7,5
"2006","31903",43,10
"2006","31904",12,4
"2006","31905",45,26
"2006","31906",31,3
"2006","31907",29,32
"2006","31909",8,5
"2006","31910",8,10
"2006","31911",0,3
"2006","31912",35,27
"2006","31913",4,13
"2006","31915",1,1
"2006","31916",9,10
"2006","31917",4,1
"2006","31918",2,4
"2006","31919",11,3
"2006","31920",2,2
"2006","31921",24,9
"2006","31922",14,12
"2006","31923",1,1
"2006","31925",6,3
"2006","31926",40,31
"2006","31927",7,7
"2006","31928",3,3
"2006","31929",19,39
"2006","31930",24,14
"2006","31932",8,9
"2006","31934",21,15
"2006","31935",2,6
"2006","31938",3,0
"2006","31939",NA,NA
"2006","31940",7,6
"2006","31941",4,4
"2006","31943",42,20
"2006","31945",4,5
"2006","31946",12,11
"2006","31947",49,47
"2006","31948",16,11
"2006","31949",36,24
"2006","31950",32,21
"2006","31951",61,29
"2006","31952",72,37
"2006","31953",38,20
"2006","31954",6,7
"2006","32001",40,29
"2006","32002",21,5
"2006","32003",18,10
"2006","32004",NA,NA
"2006","32005",3,1
"2006","32006",4,3
"2006","32007",18,3
"2006","32008",13,6
"2006","32009",2,2
"2006","32010",NA,NA
"2006","32011",1,0
"2006","32012",1,1
"2006","32013",13,10
"2006","32014",1,9
"2006","32015",1,0
"2006","32016",20,15
"2006","32017",1,3
"2006","32018",0,1
"2006","32101",17,12
"2006","32104",18,6
"2006","32106",14,4
"2006","32107",32,32
"2006","32109",17,12
"2006","32110",11,11
"2006","32112",62,47
"2006","32114",12,11
"2006","32115",12,16
"2006","32116",9,3
"2006","32119",15,8
"2006","32120",6,5
"2006","32131",76,52
"2006","32132",12,10
"2006","32134",11,5
"2006","32135",127,70
"2006","32139",5,6
"2006","32140",9,3
"2006","32141",22,18
"2006","32142",95,41
"2006","32143",3,1
"2006","32144",256,179
"2006","32202",0,2
"2006","32203",1,2
"2006","32206",3,1
"2006","32207",1,1
"2006","32209",1,2
"2006","32210",4,2
"2006","32212",2,0
"2006","32214",3,0
"2006","32216",6,6
"2006","32217",1,0
"2006","32219",0,3
"2006","32220",15,6
"2006","32221",NA,NA
"2006","32222",NA,NA
"2006","32223",NA,NA
"2006","32301",18,12
"2006","32302",5,2
"2006","32304",21,14
"2006","32305",30,19
"2006","32306",14,4
"2006","32307",32,21
"2006","32308",21,7
"2006","32309",2,0
"2006","32310",4,4
"2006","32311",13,10
"2006","32312",5,5
"2006","32313",7,12
"2006","32314",8,6
"2006","32315",4,4
"2006","32316",25,18
"2006","32317",0,1
"2006","32318",20,14
"2006","32319",18,19
"2006","32320",14,10
"2006","32321",2,5
"2006","32322",NA,NA
"2006","32323",21,9
"2006","32324",11,7
"2006","32325",29,5
"2006","32326",4,0
"2006","32327",43,33
"2006","32330",31,41
"2006","32331",9,10
"2006","32332",21,23
"2006","32333",5,3
"2006","32334",4,0
"2006","32335",2,2
"2006","32336",30,18
"2006","32337",50,20
"2006","32338",7,11
"2006","32501",0,7
"2006","32502",0,1
"2006","32503",NA,NA
"2006","32504",1,4
"2006","32505",8,8
"2006","32506",1,5
"2006","32508",5,2
"2006","32509",4,2
"2006","32511",2,1
"2006","32514",1,0
"2006","32515",0,1
"2006","32516",2,1
"2006","32517",1,4
"2006","32518",2,0
"2006","32519",NA,NA
"2006","32520",2,2
"2006","32521",4,1
"2006","32522",5,1
"2006","32523",NA,NA
"2006","32524",2,5
"2006","32525",6,5
"2006","32528",NA,NA
"2006","32529",5,1
"2006","32530",28,17
"2006","40101",2394,1762
"2006","40201",476,347
"2006","40301",709,613
"2006","40401",20,19
"2006","40402",9,9
"2006","40403",12,0
"2006","40404",132,163
"2006","40405",19,16
"2006","40406",30,21
"2006","40407",5,3
"2006","40408",11,8
"2006","40409",25,16
"2006","40410",4,2
"2006","40411",12,7
"2006","40412",13,31
"2006","40413",16,18
"2006","40414",55,43
"2006","40415",9,5
"2006","40416",2,0
"2006","40417",5,3
"2006","40418",52,26
"2006","40419",12,5
"2006","40420",4,2
"2006","40421",73,45
"2006","40422",14,13
"2006","40423",4,6
"2006","40424",4,3
"2006","40425",19,5
"2006","40426",19,11
"2006","40427",12,5
"2006","40428",26,23
"2006","40429",2,3
"2006","40430",5,1
"2006","40431",5,7
"2006","40432",5,2
"2006","40433",16,5
"2006","40434",2,2
"2006","40435",NA,NA
"2006","40436",2,4
"2006","40437",27,10
"2006","40438",72,42
"2006","40439",3,6
"2006","40440",1,1
"2006","40441",9,12
"2006","40442",1,1
"2006","40443",18,5
"2006","40444",3,1
"2006","40445",12,3
"2006","40446",13,3
"2006","40501",16,17
"2006","40502",16,9
"2006","40503",30,29
"2006","40504",13,13
"2006","40505",0,2
"2006","40506",14,12
"2006","40507",34,32
"2006","40508",3,8
"2006","40509",6,4
"2006","40510",4,1
"2006","40511",31,27
"2006","40512",1,4
"2006","40601",24,21
"2006","40602",3,4
"2006","40603",1,6
"2006","40604",8,12
"2006","40605",0,2
"2006","40606",0,3
"2006","40607",4,8
"2006","40608",12,6
"2006","40609",3,8
"2006","40610",2,2
"2006","40611",0,7
"2006","40612",5,3
"2006","40613",12,0
"2006","40614",13,11
"2006","40615",17,11
"2006","40616",5,4
"2006","40617",2,0
"2006","40618",4,2
"2006","40619",17,2
"2006","40620",11,7
"2006","40621",2,2
"2006","40622",9,2
"2006","40623",1,1
"2006","40624",23,18
"2006","40625",2,1
"2006","40626",26,2
"2006","40627",11,12
"2006","40701",55,38
"2006","40702",40,16
"2006","40703",124,84
"2006","40704",37,26
"2006","40705",140,78
"2006","40706",27,20
"2006","40707",9,10
"2006","40708",7,7
"2006","40709",30,14
"2006","40710",3,1
"2006","40711",55,39
"2006","40712",9,3
"2006","40713",14,23
"2006","40714",19,13
"2006","40715",6,5
"2006","40716",10,7
"2006","40717",25,28
"2006","40718",11,13
"2006","40719",38,16
"2006","40720",31,24
"2006","40801",3,1
"2006","40802",26,14
"2006","40804",1,1
"2006","40805",26,29
"2006","40806",22,12
"2006","40807",12,8
"2006","40808",42,27
"2006","40809",17,14
"2006","40810",NA,NA
"2006","40811",3,4
"2006","40812",4,6
"2006","40813",10,1
"2006","40814",10,6
"2006","40815",1,0
"2006","40816",4,6
"2006","40817",3,2
"2006","40818",8,7
"2006","40820",1,2
"2006","40821",0,1
"2006","40822",4,8
"2006","40823",3,2
"2006","40824",3,1
"2006","40825",1,5
"2006","40826",NA,NA
"2006","40827",11,9
"2006","40828",1,2
"2006","40829",13,3
"2006","40830",NA,NA
"2006","40831",30,11
"2006","40832",15,5
"2006","40833",4,6
"2006","40834",3,0
"2006","40835",24,17
"2006","40901",2,6
"2006","40902",15,11
"2006","40903",7,1
"2006","40904",1,1
"2006","40905",26,22
"2006","40906",7,8
"2006","40907",49,42
"2006","40908",37,22
"2006","40909",10,11
"2006","40910",11,6
"2006","40911",NA,NA
"2006","40912",37,13
"2006","40913",11,2
"2006","40914",3,4
"2006","40915",10,8
"2006","40916",12,2
"2006","40917",25,24
"2006","40918",26,6
"2006","40919",5,0
"2006","40920",1,8
"2006","40921",5,1
"2006","40922",10,9
"2006","40923",15,11
"2006","41001",1,5
"2006","41002",187,138
"2006","41003",54,48
"2006","41004",6,0
"2006","41005",100,49
"2006","41006",8,4
"2006","41007",32,20
"2006","41008",7,1
"2006","41009",12,9
"2006","41010",12,8
"2006","41011",15,13
"2006","41012",167,123
"2006","41013",24,9
"2006","41014",31,19
"2006","41015",15,4
"2006","41016",7,3
"2006","41017",81,38
"2006","41018",7,4
"2006","41019",2,6
"2006","41020",13,19
"2006","41021",416,329
"2006","41022",52,41
"2006","41101",6,1
"2006","41102",2,3
"2006","41103",17,8
"2006","41104",1,0
"2006","41105",29,17
"2006","41106",12,2
"2006","41107",3,1
"2006","41108",293,42
"2006","41109",11,17
"2006","41110",8,12
"2006","41111",44,39
"2006","41112",3,3
"2006","41113",13,4
"2006","41114",4,2
"2006","41115",4,5
"2006","41116",65,55
"2006","41117",7,2
"2006","41118",11,4
"2006","41119",NA,NA
"2006","41120",14,7
"2006","41121",60,18
"2006","41122",NA,NA
"2006","41123",4,2
"2006","41124",24,16
"2006","41125",10,9
"2006","41126",8,2
"2006","41201",1,1
"2006","41202",9,1
"2006","41203",10,13
"2006","41204",15,6
"2006","41205",5,8
"2006","41206",2,1
"2006","41207",14,9
"2006","41208",1,3
"2006","41209",7,4
"2006","41210",1,3
"2006","41211",4,2
"2006","41212",3,3
"2006","41213",8,10
"2006","41214",5,5
"2006","41215",7,5
"2006","41216",1,0
"2006","41217",2,1
"2006","41218",14,8
"2006","41219",23,30
"2006","41220",34,23
"2006","41221",1,2
"2006","41222",2,0
"2006","41223",2,5
"2006","41224",14,6
"2006","41225",83,64
"2006","41226",3,3
"2006","41227",2,1
"2006","41228",11,9
"2006","41229",0,1
"2006","41230",3,3
"2006","41231",21,18
"2006","41232",1,3
"2006","41233",7,18
"2006","41234",8,6
"2006","41235",5,4
"2006","41236",1,2
"2006","41304",6,4
"2006","41305",NA,NA
"2006","41306",2,1
"2006","41307",3,0
"2006","41309",8,3
"2006","41311",2,2
"2006","41312",8,1
"2006","41313",5,3
"2006","41314",1,5
"2006","41315",5,3
"2006","41316",2,1
"2006","41317",5,1
"2006","41318",12,5
"2006","41319",2,1
"2006","41320",2,4
"2006","41321",22,8
"2006","41322",2,1
"2006","41323",5,2
"2006","41324",4,5
"2006","41325",0,2
"2006","41326",2,1
"2006","41327",11,10
"2006","41328",9,8
"2006","41329",8,1
"2006","41331",2,1
"2006","41332",3,2
"2006","41333",NA,NA
"2006","41334",1,0
"2006","41336",1,3
"2006","41337",0,3
"2006","41338",2,0
"2006","41341",4,4
"2006","41342",7,6
"2006","41343",3,16
"2006","41344",16,15
"2006","41345",6,3
"2006","41346",6,0
"2006","41401",2,2
"2006","41402",13,10
"2006","41403",15,12
"2006","41404",10,1
"2006","41405",3,0
"2006","41406",5,0
"2006","41407",15,10
"2006","41408",5,4
"2006","41409",14,5
"2006","41410",28,18
"2006","41411",16,14
"2006","41412",NA,NA
"2006","41413",12,6
"2006","41414",14,13
"2006","41415",3,3
"2006","41416",11,6
"2006","41417",3,2
"2006","41418",46,27
"2006","41419",11,3
"2006","41420",4,2
"2006","41421",2,1
"2006","41422",71,85
"2006","41423",45,19
"2006","41424",1,7
"2006","41425",52,83
"2006","41426",14,5
"2006","41427",61,18
"2006","41428",5,0
"2006","41429",18,13
"2006","41430",10,6
"2006","41501",7,2
"2006","41502",8,7
"2006","41503",19,21
"2006","41504",10,12
"2006","41505",11,6
"2006","41506",59,52
"2006","41507",8,1
"2006","41508",1,5
"2006","41509",8,4
"2006","41510",2,0
"2006","41511",8,7
"2006","41512",1,0
"2006","41513",6,3
"2006","41514",9,15
"2006","41515",27,25
"2006","41516",49,54
"2006","41517",16,5
"2006","41518",23,16
"2006","41521",4,4
"2006","41522",20,17
"2006","41601",4,4
"2006","41602",17,18
"2006","41603",12,12
"2006","41604",6,5
"2006","41605",25,12
"2006","41606",25,21
"2006","41607",19,22
"2006","41608",3,1
"2006","41609",14,5
"2006","41610",NA,NA
"2006","41611",14,11
"2006","41612",7,4
"2006","41613",16,8
"2006","41614",15,4
"2006","41615",13,6
"2006","41616",2,1
"2006","41617",20,18
"2006","41618",19,18
"2006","41619",1,3
"2006","41620",7,15
"2006","41621",3,0
"2006","41622",6,1
"2006","41623",0,2
"2006","41624",31,50
"2006","41626",9,11
"2006","41627",4,2
"2006","41628",5,14
"2006","41701",26,32
"2006","41702",12,7
"2006","41703",58,75
"2006","41704",1,6
"2006","41705",5,4
"2006","41706",1,2
"2006","41707",4,4
"2006","41708",2,0
"2006","41709",24,12
"2006","41710",25,23
"2006","41711",7,6
"2006","41712",8,4
"2006","41713",39,35
"2006","41714",NA,NA
"2006","41715",47,21
"2006","41716",4,6
"2006","41717",1,0
"2006","41718",14,6
"2006","41719",3,5
"2006","41720",5,6
"2006","41721",8,2
"2006","41722",15,14
"2006","41723",2,3
"2006","41724",2,1
"2006","41725",2,0
"2006","41726",7,11
"2006","41727",3,3
"2006","41728",1,0
"2006","41729",NA,NA
"2006","41730",3,6
"2006","41731",21,15
"2006","41732",7,9
"2006","41733",NA,NA
"2006","41734",1377,53
"2006","41735",27,17
"2006","41736",7,10
"2006","41737",39,17
"2006","41738",45,31
"2006","41739",18,15
"2006","41740",9,8
"2006","41741",17,4
"2006","41742",41,22
"2006","41743",63,39
"2006","41744",8,4
"2006","41745",22,13
"2006","41746",110,84
"2006","41747",18,7
"2006","41748",3,0
"2006","41749",3,8
"2006","41750",10,10
"2006","41751",34,9
"2006","41752",10,4
"2006","41801",2,1
"2006","41802",3,4
"2006","41803",9,7
"2006","41804",108,91
"2006","41805",8,4
"2006","41806",16,5
"2006","41807",2,0
"2006","41808",26,34
"2006","41809",9,5
"2006","41810",14,7
"2006","41811",32,29
"2006","41812",81,75
"2006","41813",4,2
"2006","41814",7,7
"2006","41815",1,6
"2006","41816",19,10
"2006","41817",13,12
"2006","41818",4,2
"2006","41819",3,3
"2006","41820",49,44
"2006","41821",20,13
"2006","41822",0,7
"2006","41823",61,48
"2006","41824",77,16
"2006","50101",2908,2433
"2006","50201",39,23
"2006","50202",16,20
"2006","50203",12,5
"2006","50204",33,26
"2006","50205",176,161
"2006","50206",2,0
"2006","50207",53,24
"2006","50208",27,12
"2006","50209",31,27
"2006","50210",6,3
"2006","50211",5,9
"2006","50212",4,5
"2006","50213",20,10
"2006","50301",52,31
"2006","50302",27,12
"2006","50303",35,36
"2006","50304",6,3
"2006","50305",45,20
"2006","50306",13,5
"2006","50307",2,2
"2006","50308",41,17
"2006","50309",35,19
"2006","50310",48,32
"2006","50311",18,5
"2006","50312",25,28
"2006","50313",6,5
"2006","50314",70,69
"2006","50315",45,30
"2006","50316",25,18
"2006","50317",35,21
"2006","50318",NA,NA
"2006","50319",28,27
"2006","50320",15,5
"2006","50321",13,11
"2006","50322",41,16
"2006","50323",27,12
"2006","50324",70,50
"2006","50325",11,7
"2006","50326",59,70
"2006","50327",56,9
"2006","50328",7,3
"2006","50329",12,7
"2006","50330",62,39
"2006","50331",4,5
"2006","50332",9,5
"2006","50335",44,27
"2006","50336",46,24
"2006","50337",30,16
"2006","50338",116,107
"2006","50339",59,61
"2006","50401",48,57
"2006","50402",62,191
"2006","50403",206,298
"2006","50404",56,49
"2006","50405",35,30
"2006","50406",15,13
"2006","50407",25,26
"2006","50408",21,14
"2006","50409",7,7
"2006","50410",19,18
"2006","50411",46,66
"2006","50412",19,13
"2006","50413",5,6
"2006","50414",91,77
"2006","50415",11,14
"2006","50416",10,6
"2006","50417",50,59
"2006","50418",149,110
"2006","50419",10,13
"2006","50420",28,21
"2006","50421",31,29
"2006","50422",9,18
"2006","50423",13,18
"2006","50424",16,32
"2006","50425",21,33
"2006","50501",NA,NA
"2006","50502",6,0
"2006","50503",10,8
"2006","50504",29,23
"2006","50505",NA,NA
"2006","50506",15,8
"2006","50507",0,1
"2006","50508",9,5
"2006","50509",37,24
"2006","50510",23,8
"2006","50511",4,3
"2006","50512",89,96
"2006","50513",5,2
"2006","50514",4,2
"2006","50515",1,0
"2006","50601",12,12
"2006","50602",41,23
"2006","50603",1,4
"2006","50604",0,6
"2006","50605",3,6
"2006","50606",37,30
"2006","50607",8,7
"2006","50608",4,5
"2006","50609",19,16
"2006","50610",21,9
"2006","50611",33,20
"2006","50612",23,13
"2006","50613",61,41
"2006","50614",18,6
"2006","50615",15,14
"2006","50616",42,17
"2006","50617",11,6
"2006","50618",47,21
"2006","50619",84,104
"2006","50620",6,10
"2006","50621",7,1
"2006","50622",13,11
"2006","50623",12,10
"2006","50624",22,13
"2006","50625",6,5
"2006","50626",5,9
"2006","50627",5,4
"2006","50628",166,135
"2006","60101",4417,3154
"2006","60305",13,14
"2006","60318",32,30
"2006","60323",4,7
"2006","60324",11,11
"2006","60326",4,4
"2006","60329",4,5
"2006","60341",2,1
"2006","60344",78,60
"2006","60345",17,17
"2006","60346",8,7
"2006","60347",13,11
"2006","60348",11,15
"2006","60349",37,20
"2006","60350",25,23
"2006","60351",13,6
"2006","60608",47,32
"2006","60611",29,16
"2006","60613",65,47
"2006","60617",40,29
"2006","60618",1,3
"2006","60619",16,12
"2006","60623",16,6
"2006","60624",47,23
"2006","60626",10,8
"2006","60628",11,9
"2006","60629",18,12
"2006","60632",11,13
"2006","60639",NA,NA
"2006","60641",4,1
"2006","60642",16,6
"2006","60645",34,13
"2006","60646",13,13
"2006","60647",0,1
"2006","60648",12,13
"2006","60651",9,1
"2006","60653",17,16
"2006","60654",16,14
"2006","60655",8,9
"2006","60656",13,8
"2006","60659",22,27
"2006","60660",32,14
"2006","60661",25,22
"2006","60662",24,9
"2006","60663",13,14
"2006","60664",54,45
"2006","60665",18,22
"2006","60666",9,13
"2006","60667",33,30
"2006","60668",15,6
"2006","60669",63,64
"2006","60670",32,35
"2006","61001",10,2
"2006","61002",7,2
"2006","61007",4,4
"2006","61008",4,3
"2006","61012",8,8
"2006","61013",3,6
"2006","61016",13,6
"2006","61017",7,8
"2006","61019",3,1
"2006","61020",10,10
"2006","61021",9,9
"2006","61024",7,15
"2006","61027",7,1
"2006","61030",13,8
"2006","61032",3,0
"2006","61033",15,9
"2006","61043",8,6
"2006","61045",26,28
"2006","61049",10,5
"2006","61050",20,17
"2006","61051",12,9
"2006","61052",19,21
"2006","61053",72,57
"2006","61054",17,15
"2006","61055",3,1
"2006","61057",5,2
"2006","61059",33,19
"2006","61060",9,10
"2006","61061",97,51
"2006","61101",17,13
"2006","61105",13,25
"2006","61106",6,2
"2006","61107",7,2
"2006","61108",325,361
"2006","61109",5,3
"2006","61110",9,6
"2006","61111",3,2
"2006","61112",NA,NA
"2006","61113",25,14
"2006","61114",5,29
"2006","61115",8,15
"2006","61116",5,2
"2006","61118",23,18
"2006","61119",3,0
"2006","61120",34,30
"2006","61203",17,8
"2006","61204",27,14
"2006","61205",5,6
"2006","61206",5,6
"2006","61207",37,26
"2006","61213",23,12
"2006","61215",13,8
"2006","61217",17,16
"2006","61222",8,3
"2006","61236",27,27
"2006","61243",12,3
"2006","61247",9,7
"2006","61251",6,3
"2006","61252",5,2
"2006","61253",33,28
"2006","61254",2,1
"2006","61255",61,26
"2006","61256",3,4
"2006","61257",13,5
"2006","61258",13,6
"2006","61259",62,38
"2006","61260",23,11
"2006","61261",10,10
"2006","61262",13,8
"2006","61263",32,32
"2006","61264",7,4
"2006","61265",54,46
"2006","61266",10,9
"2006","61267",19,29
"2006","61410",7,1
"2006","61413",2,2
"2006","61425",5,3
"2006","61428",1,0
"2006","61437",1,2
"2006","61438",35,17
"2006","61439",18,13
"2006","61440",10,3
"2006","61441",1,1
"2006","61442",15,17
"2006","61443",15,3
"2006","61444",16,10
"2006","61445",51,35
"2006","61446",5,4
"2006","61611",5,7
"2006","61612",12,5
"2006","61615",10,8
"2006","61618",5,3
"2006","61621",1,0
"2006","61624",5,6
"2006","61625",41,34
"2006","61626",32,15
"2006","61627",7,8
"2006","61628",5,1
"2006","61629",9,7
"2006","61630",6,2
"2006","61631",38,27
"2006","61632",17,5
"2006","61633",15,7
"2006","61701",1,5
"2006","61708",4,0
"2006","61710",2,1
"2006","61711",1,5
"2006","61716",10,3
"2006","61719",11,8
"2006","61727",13,9
"2006","61728",NA,NA
"2006","61729",4,0
"2006","61730",2,2
"2006","61731",1,1
"2006","61740",3,3
"2006","61741",0,1
"2006","61743",NA,NA
"2006","61744",NA,NA
"2006","61745",1,2
"2006","61746",10,14
"2006","61748",12,5
"2006","61750",5,1
"2006","61751",4,2
"2006","61756",4,2
"2006","61757",4,4
"2006","61758",2,1
"2006","61759",4,1
"2006","61760",80,28
"2006","61761",1,1
"2006","61762",3,7
"2006","61763",19,3
"2006","61764",6,4
"2006","61765",12,15
"2006","61766",51,21
"2006","62007",40,31
"2006","62008",4,0
"2006","62010",19,6
"2006","62014",5,4
"2006","62021",3,5
"2006","62026",7,4
"2006","62032",3,0
"2006","62034",10,9
"2006","62036",11,3
"2006","62038",96,40
"2006","62039",14,8
"2006","62040",48,52
"2006","62041",76,67
"2006","62042",11,10
"2006","62043",12,7
"2006","62044",15,6
"2006","62045",11,8
"2006","62046",19,13
"2006","62047",29,25
"2006","62048",11,14
"2006","62105",12,2
"2006","62115",29,15
"2006","62116",16,9
"2006","62125",7,4
"2006","62128",15,11
"2006","62131",15,5
"2006","62132",2,5
"2006","62135",26,9
"2006","62138",49,22
"2006","62139",166,116
"2006","62140",164,122
"2006","62141",25,61
"2006","62142",46,21
"2006","62143",51,39
"2006","62144",44,38
"2006","62145",19,27
"2006","62146",19,8
"2006","62147",40,32
"2006","62148",11,9
"2006","62202",16,2
"2006","62205",2,0
"2006","62206",4,4
"2006","62209",10,2
"2006","62211",5,4
"2006","62214",16,19
"2006","62216",1,1
"2006","62219",28,18
"2006","62220",2,10
"2006","62226",16,6
"2006","62232",4,2
"2006","62233",13,2
"2006","62235",9,2
"2006","62242",4,0
"2006","62244",7,11
"2006","62245",NA,NA
"2006","62247",20,2
"2006","62256",10,8
"2006","62262",3,2
"2006","62264",10,4
"2006","62265",2,0
"2006","62266",8,4
"2006","62268",2,10
"2006","62269",30,41
"2006","62270",5,1
"2006","62271",34,4
"2006","62272",7,7
"2006","62273",10,5
"2006","62274",10,14
"2006","62275",15,6
"2006","62276",6,2
"2006","62277",6,2
"2006","62278",5,1
"2006","62279",2,3
"2006","62280",110,49
"2006","62311",1,2
"2006","62314",4,4
"2006","62326",4,2
"2006","62330",1,4
"2006","62332",15,4
"2006","62335",0,3
"2006","62343",2,2
"2006","62368",5,2
"2006","62372",5,2
"2006","62375",67,27
"2006","62376",30,8
"2006","62377",6,4
"2006","62378",46,44
"2006","62379",84,69
"2006","62380",22,15
"2006","62381",5,7
"2006","62382",11,14
"2006","62383",15,13
"2006","62384",9,12
"2006","62385",10,2
"2006","62386",12,14
"2006","62387",1,1
"2006","62388",7,3
"2006","62389",43,8
"2006","62390",20,10
"2006","70101",2202,1722
"2006","70201",22,14
"2006","70202",27,16
"2006","70203",91,77
"2006","70204",1,4
"2006","70205",31,38
"2006","70206",0,1
"2006","70207",2,3
"2006","70208",76,26
"2006","70209",44,22
"2006","70210",0,2
"2006","70211",21,10
"2006","70212",12,9
"2006","70213",16,9
"2006","70214",28,13
"2006","70215",10,4
"2006","70216",9,11
"2006","70217",31,41
"2006","70218",10,6
"2006","70219",32,43
"2006","70220",153,188
"2006","70221",11,11
"2006","70222",13,8
"2006","70223",24,9
"2006","70224",12,17
"2006","70301",37,32
"2006","70302",35,31
"2006","70303",21,17
"2006","70304",69,42
"2006","70305",6,3
"2006","70306",18,10
"2006","70307",2,3
"2006","70308",4,2
"2006","70309",20,11
"2006","70310",63,33
"2006","70311",9,13
"2006","70312",60,32
"2006","70313",8,3
"2006","70314",6,7
"2006","70315",5,8
"2006","70317",0,2
"2006","70318",15,16
"2006","70319",31,13
"2006","70320",16,12
"2006","70322",6,5
"2006","70323",10,7
"2006","70325",7,10
"2006","70326",34,24
"2006","70328",28,15
"2006","70329",16,13
"2006","70331",12,1
"2006","70332",19,27
"2006","70333",20,5
"2006","70334",57,74
"2006","70335",7,6
"2006","70336",2,2
"2006","70337",12,5
"2006","70338",8,5
"2006","70339",5,6
"2006","70340",10,3
"2006","70342",8,1
"2006","70343",13,11
"2006","70344",22,21
"2006","70345",13,9
"2006","70346",53,39
"2006","70347",2,8
"2006","70348",47,26
"2006","70349",1,1
"2006","70350",10,1
"2006","70351",78,68
"2006","70352",1,3
"2006","70353",15,10
"2006","70354",183,173
"2006","70355",28,14
"2006","70356",11,13
"2006","70357",154,118
"2006","70358",18,17
"2006","70359",9,18
"2006","70360",24,16
"2006","70361",2,0
"2006","70362",2,1
"2006","70364",44,55
"2006","70365",17,11
"2006","70366",7,3
"2006","70367",80,82
"2006","70368",12,2
"2006","70369",84,90
"2006","70370",22,28
"2006","70401",18,12
"2006","70402",20,14
"2006","70403",109,49
"2006","70404",47,32
"2006","70405",6,9
"2006","70406",42,40
"2006","70407",16,12
"2006","70408",24,13
"2006","70409",97,66
"2006","70410",40,23
"2006","70411",153,109
"2006","70412",92,68
"2006","70413",20,7
"2006","70414",48,37
"2006","70415",4,3
"2006","70416",105,78
"2006","70417",22,26
"2006","70418",15,10
"2006","70419",19,13
"2006","70420",52,25
"2006","70501",37,21
"2006","70502",6,9
"2006","70503",34,25
"2006","70504",15,7
"2006","70505",20,9
"2006","70506",26,13
"2006","70508",61,48
"2006","70509",78,78
"2006","70510",23,20
"2006","70511",53,36
"2006","70512",45,40
"2006","70513",313,272
"2006","70514",36,15
"2006","70515",32,23
"2006","70516",3,3
"2006","70517",13,6
"2006","70518",42,19
"2006","70519",6,14
"2006","70520",40,29
"2006","70521",3,4
"2006","70522",37,30
"2006","70523",3,2
"2006","70524",41,47
"2006","70525",12,13
"2006","70526",173,104
"2006","70527",52,25
"2006","70528",11,9
"2006","70529",24,24
"2006","70530",73,70
"2006","70531",144,99
"2006","70601",0,1
"2006","70602",12,6
"2006","70603",62,113
"2006","70604",16,10
"2006","70605",12,33
"2006","70606",54,47
"2006","70607",8,8
"2006","70608",157,557
"2006","70609",7,11
"2006","70610",1,1
"2006","70611",12,9
"2006","70612",0,1
"2006","70613",20,25
"2006","70614",68,35
"2006","70615",47,106
"2006","70616",28,15
"2006","70617",38,19
"2006","70618",3,8
"2006","70619",27,47
"2006","70620",17,21
"2006","70621",143,215
"2006","70622",7,5
"2006","70623",13,17
"2006","70624",24,27
"2006","70625",8,5
"2006","70626",NA,NA
"2006","70627",7,5
"2006","70628",2,0
"2006","70629",6,0
"2006","70630",31,16
"2006","70701",2,2
"2006","70702",4,0
"2006","70703",1,1
"2006","70704",2,4
"2006","70705",6,3
"2006","70706",0,1
"2006","70707",6,10
"2006","70708",1,1
"2006","70709",3,0
"2006","70710",1,1
"2006","70711",5,1
"2006","70712",10,5
"2006","70713",6,3
"2006","70714",NA,NA
"2006","70715",4,1
"2006","70716",68,43
"2006","70717",25,8
"2006","70718",6,0
"2006","70719",5,8
"2006","70720",2,0
"2006","70721",1,1
"2006","70723",1,1
"2006","70724",3,2
"2006","70725",NA,NA
"2006","70726",1,0
"2006","70727",1,0
"2006","70728",16,12
"2006","70729",4,1
"2006","70731",1,1
"2006","70732",4,2
"2006","70733",1,1
"2006","70734",2,3
"2006","70735",3,4
"2006","70801",7,4
"2006","70802",7,1
"2006","70803",6,9
"2006","70804",18,8
"2006","70805",22,12
"2006","70806",7,7
"2006","70807",76,44
"2006","70808",3,2
"2006","70809",5,2
"2006","70810",2,1
"2006","70811",8,8
"2006","70812",NA,NA
"2006","70813",11,5
"2006","70814",7,1
"2006","70815",1,0
"2006","70816",6,5
"2006","70817",2,5
"2006","70818",32,29
"2006","70819",5,1
"2006","70820",22,17
"2006","70821",19,9
"2006","70822",1,4
"2006","70823",1,3
"2006","70824",7,8
"2006","70825",1,0
"2006","70826",20,11
"2006","70827",5,2
"2006","70828",64,47
"2006","70829",12,7
"2006","70830",2,1
"2006","70831",6,3
"2006","70832",21,15
"2006","70833",36,42
"2006","70834",0,1
"2006","70835",16,9
"2006","70836",6,11
"2006","70837",6,2
"2006","70901",41,27
"2006","70902",15,4
"2006","70903",NA,NA
"2006","70904",3,2
"2006","70905",16,9
"2006","70907",62,53
"2006","70908",31,23
"2006","70909",69,43
"2006","70910",19,26
"2006","70911",6,3
"2006","70912",11,8
"2006","70913",2,0
"2006","70914",16,11
"2006","70915",14,4
"2006","70916",9,5
"2006","70917",52,50
"2006","70918",45,29
"2006","70920",80,50
"2006","70921",15,19
"2006","70922",17,16
"2006","70923",28,23
"2006","70924",1,2
"2006","70925",20,19
"2006","70926",78,99
"2006","70927",7,12
"2006","70928",15,9
"2006","70929",9,3
"2006","70930",7,7
"2006","70931",11,9
"2006","70932",15,8
"2006","70933",14,4
"2006","70934",54,49
"2006","70935",16,9
"2006","70936",48,25
"2006","70937",18,16
"2006","70938",7,10
"2006","70939",21,9
"2006","70940",18,16
"2006","70941",5,8
"2006","80101",15,17
"2006","80102",2,5
"2006","80103",197,204
"2006","80104",48,27
"2006","80105",11,13
"2006","80106",26,14
"2006","80107",5,5
"2006","80108",19,7
"2006","80109",1,3
"2006","80110",22,31
"2006","80111",10,4
"2006","80112",4,13
"2006","80113",218,262
"2006","80114",3,4
"2006","80115",39,44
"2006","80116",67,61
"2006","80117",45,53
"2006","80118",10,7
"2006","80119",6,3
"2006","80120",31,30
"2006","80121",3,1
"2006","80122",48,37
"2006","80123",10,9
"2006","80124",2,4
"2006","80125",4,7
"2006","80126",32,57
"2006","80127",7,1
"2006","80128",26,21
"2006","80129",42,39
"2006","80201",19,19
"2006","80202",18,13
"2006","80203",13,12
"2006","80204",25,22
"2006","80205",8,8
"2006","80206",5,4
"2006","80207",389,353
"2006","80208",2,1
"2006","80209",3,4
"2006","80210",15,4
"2006","80211",27,15
"2006","80212",7,4
"2006","80213",37,27
"2006","80214",32,17
"2006","80215",123,113
"2006","80216",28,17
"2006","80217",63,52
"2006","80218",79,57
"2006","80219",15,12
"2006","80220",21,19
"2006","80221",20,22
"2006","80222",5,9
"2006","80223",13,11
"2006","80224",83,68
"2006","80225",8,7
"2006","80226",77,65
"2006","80227",23,10
"2006","80228",294,281
"2006","80229",3,0
"2006","80230",17,5
"2006","80231",5,6
"2006","80232",2,2
"2006","80233",2,6
"2006","80234",6,2
"2006","80235",35,17
"2006","80236",17,9
"2006","80237",1,3
"2006","80238",25,6
"2006","80239",1,2
"2006","80240",74,49
"2006","80301",606,512
"2006","80302",193,152
"2006","80303",188,198
"2006","80401",47,49
"2006","80402",NA,NA
"2006","80403",NA,NA
"2006","80404",530,423
"2006","80405",93,82
"2006","80406",3,3
"2006","80407",18,28
"2006","80408",110,77
"2006","80409",30,26
"2006","80410",34,24
"2006","80411",11,4
"2006","80412",44,33
"2006","80413",10,19
"2006","80414",105,89
"2006","80415",1,0
"2006","80416",18,18
"2006","80417",21,22
"2006","80418",26,26
"2006","80419",2,3
"2006","80420",26,10
"2006","80421",2,5
"2006","80422",NA,NA
"2006","80423",26,26
"2006","80424",29,37
"2006","90101",597,377
"2006","90201",3434,2871
"2006","90301",2147,1581
"2006","90401",831,624
"2006","90501",1606,1288
"2006","90601",970,644
"2006","90701",923,984
"2006","90801",1514,872
"2006","90901",1844,1500
"2006","91001",3299,2668
"2006","91101",1358,1122
"2006","91201",1823,1315
"2006","91301",698,553
"2006","91401",1503,1079
"2006","91501",2477,1802
"2006","91601",2595,2090
"2006","91701",1565,1314
"2006","91801",1358,920
"2006","91901",1561,1001
"2006","92001",2195,1854
"2006","92101",1552,1113
"2006","92201",1557,1080
"2006","92301",840,695
"2007","10101",224,163
"2007","10201",12,13
"2007","10301",19,19
"2007","10302",12,11
"2007","10303",7,9
"2007","10304",19,10
"2007","10305",11,8
"2007","10306",1,1
"2007","10307",22,10
"2007","10308",12,13
"2007","10309",25,11
"2007","10310",7,0
"2007","10311",9,4
"2007","10312",9,16
"2007","10313",16,9
"2007","10314",5,3
"2007","10315",33,24
"2007","10316",12,5
"2007","10317",15,7
"2007","10318",5,8
"2007","10319",4,8
"2007","10320",2,1
"2007","10321",5,3
"2007","10322",8,0
"2007","10323",7,2
"2007","10401",4,3
"2007","10402",7,5
"2007","10403",17,7
"2007","10404",11,4
"2007","10405",49,28
"2007","10406",7,6
"2007","10407",4,3
"2007","10408",7,21
"2007","10409",8,6
"2007","10410",2,0
"2007","10411",1,4
"2007","10412",6,2
"2007","10413",0,4
"2007","10414",12,15
"2007","10415",30,3
"2007","10416",11,4
"2007","10417",18,4
"2007","10418",3,1
"2007","10419",0,5
"2007","10420",1,0
"2007","10421",3,5
"2007","10422",NA,NA
"2007","10423",NA,NA
"2007","10424",1,3
"2007","10425",NA,NA
"2007","10426",1,1
"2007","10427",0,2
"2007","10428",NA,NA
"2007","10501",15,11
"2007","10502",10,5
"2007","10503",26,8
"2007","10504",32,29
"2007","10505",13,10
"2007","10506",11,5
"2007","10507",1,3
"2007","10508",10,1
"2007","10509",11,7
"2007","10510",6,5
"2007","10511",4,1
"2007","10512",0,1
"2007","10601",15,7
"2007","10602",20,13
"2007","10603",5,4
"2007","10604",7,6
"2007","10605",5,6
"2007","10606",36,39
"2007","10607",28,19
"2007","10608",2,2
"2007","10609",17,11
"2007","10610",15,26
"2007","10611",22,8
"2007","10612",10,8
"2007","10613",26,30
"2007","10614",7,4
"2007","10615",16,8
"2007","10616",9,8
"2007","10617",4,4
"2007","10618",18,20
"2007","10619",11,6
"2007","10701",24,24
"2007","10702",12,0
"2007","10703",19,20
"2007","10704",9,2
"2007","10705",28,18
"2007","10706",8,9
"2007","10707",44,25
"2007","10708",10,3
"2007","10709",17,3
"2007","10710",12,12
"2007","10711",38,16
"2007","10712",15,13
"2007","10713",83,39
"2007","10714",13,5
"2007","10715",12,1
"2007","10716",14,5
"2007","10717",30,35
"2007","10718",11,8
"2007","10719",3,1
"2007","10720",0,3
"2007","10721",40,42
"2007","10722",30,10
"2007","10723",7,3
"2007","10724",9,13
"2007","10725",2,3
"2007","10726",3,1
"2007","10727",2,1
"2007","10801",8,9
"2007","10802",3,2
"2007","10803",8,1
"2007","10804",5,2
"2007","10805",15,8
"2007","10806",1,1
"2007","10807",11,7
"2007","10808",1,1
"2007","10809",10,2
"2007","10810",7,4
"2007","10811",15,12
"2007","10812",9,6
"2007","10813",4,7
"2007","10814",NA,NA
"2007","10815",2,4
"2007","10816",28,20
"2007","10817",4,4
"2007","10818",NA,NA
"2007","10819",0,2
"2007","10820",2,0
"2007","10821",13,4
"2007","10822",18,12
"2007","10823",7,5
"2007","10824",1,1
"2007","10825",19,8
"2007","10826",3,0
"2007","10827",1,8
"2007","10828",1,2
"2007","10901",5,6
"2007","10902",32,21
"2007","10903",3,5
"2007","10904",5,3
"2007","10905",13,15
"2007","10906",4,5
"2007","10907",14,14
"2007","10908",9,3
"2007","10909",12,8
"2007","10910",2,2
"2007","10911",7,3
"2007","10912",24,11
"2007","10913",4,1
"2007","10914",8,7
"2007","10915",1,1
"2007","10916",8,4
"2007","10917",65,57
"2007","10918",21,25
"2007","10919",25,7
"2007","10920",9,4
"2007","10921",5,4
"2007","10922",8,1
"2007","10923",3,4
"2007","10924",1,4
"2007","10925",4,10
"2007","10926",2,1
"2007","10927",1,3
"2007","10928",10,6
"2007","10929",3,1
"2007","10930",2,3
"2007","10931",2,0
"2007","10932",1,0
"2007","20101",1131,744
"2007","20201",555,369
"2007","20302",11,11
"2007","20305",71,50
"2007","20306",45,18
"2007","20307",23,7
"2007","20316",10,7
"2007","20320",12,4
"2007","20321",11,8
"2007","20402",29,27
"2007","20403",16,14
"2007","20405",66,38
"2007","20409",9,8
"2007","20412",10,11
"2007","20414",12,13
"2007","20415",82,41
"2007","20416",7,6
"2007","20417",21,17
"2007","20418",21,17
"2007","20419",15,18
"2007","20421",72,20
"2007","20424",27,38
"2007","20425",28,27
"2007","20428",6,2
"2007","20432",57,21
"2007","20435",19,11
"2007","20441",1,0
"2007","20442",9,11
"2007","20501",16,23
"2007","20502",13,24
"2007","20503",2,2
"2007","20504",9,6
"2007","20505",20,19
"2007","20506",12,11
"2007","20508",2,1
"2007","20509",12,7
"2007","20511",4,15
"2007","20512",18,4
"2007","20513",5,4
"2007","20515",53,48
"2007","20518",1,4
"2007","20519",6,5
"2007","20520",6,1
"2007","20523",22,18
"2007","20527",97,79
"2007","20530",2,7
"2007","20531",6,9
"2007","20534",30,35
"2007","20601",80,18
"2007","20602",3,2
"2007","20603",4,7
"2007","20604",6,7
"2007","20605",10,18
"2007","20607",4,14
"2007","20608",9,4
"2007","20609",13,13
"2007","20610",5,3
"2007","20611",2,2
"2007","20613",5,6
"2007","20616",8,2
"2007","20618",4,5
"2007","20619",1,14
"2007","20620",32,18
"2007","20622",1,4
"2007","20624",1,4
"2007","20625",11,9
"2007","20627",13,28
"2007","20630",62,33
"2007","20631",2,5
"2007","20632",9,13
"2007","20633",5,5
"2007","20634",45,14
"2007","20635",110,74
"2007","20636",3,8
"2007","20637",5,10
"2007","20638",5,3
"2007","20639",5,5
"2007","20640",4,9
"2007","20642",8,8
"2007","20643",2,18
"2007","20644",20,25
"2007","20701",8,2
"2007","20702",70,35
"2007","20703",9,4
"2007","20705",26,11
"2007","20707",8,2
"2007","20708",3,5
"2007","20710",4,8
"2007","20711",75,60
"2007","20712",5,4
"2007","20713",1,3
"2007","20719",16,11
"2007","20720",40,27
"2007","20721",14,2
"2007","20722",13,19
"2007","20723",4,6
"2007","20724",23,26
"2007","20725",156,64
"2007","20726",10,7
"2007","20727",45,31
"2007","20801",15,7
"2007","20802",5,8
"2007","20803",31,22
"2007","20804",13,13
"2007","20805",4,5
"2007","20806",6,7
"2007","20807",3,4
"2007","20808",14,15
"2007","20810",5,11
"2007","20812",20,8
"2007","20813",123,47
"2007","20815",14,8
"2007","20817",77,37
"2007","20901",18,13
"2007","20905",10,11
"2007","20909",4,18
"2007","20911",3,2
"2007","20912",23,26
"2007","20913",24,27
"2007","20914",15,4
"2007","20918",14,14
"2007","20923",107,67
"2007","21001",5,7
"2007","21002",106,40
"2007","21003",7,15
"2007","21004",22,5
"2007","21005",15,5
"2007","21006",18,4
"2007","21007",20,8
"2007","21008",65,14
"2007","21009",19,22
"2007","21010",4,7
"2007","30101",321,255
"2007","30201",590,595
"2007","30301",59,46
"2007","30401",382,308
"2007","30501",7,6
"2007","30502",205,124
"2007","30503",7,7
"2007","30504",12,5
"2007","30506",8,6
"2007","30507",6,2
"2007","30508",20,14
"2007","30509",14,7
"2007","30510",4,4
"2007","30511",5,5
"2007","30512",1,0
"2007","30514",22,20
"2007","30515",7,17
"2007","30516",5,10
"2007","30517",21,12
"2007","30520",6,3
"2007","30521",2,6
"2007","30522",1,4
"2007","30524",32,13
"2007","30526",2,1
"2007","30527",11,11
"2007","30529",11,3
"2007","30530",14,18
"2007","30531",57,44
"2007","30532",20,14
"2007","30533",18,24
"2007","30534",6,2
"2007","30536",4,6
"2007","30538",25,11
"2007","30539",2,8
"2007","30541",4,1
"2007","30542",1,2
"2007","30543",6,16
"2007","30544",1,4
"2007","30601",36,22
"2007","30602",46,32
"2007","30603",95,68
"2007","30604",274,204
"2007","30605",94,46
"2007","30607",89,75
"2007","30608",18,15
"2007","30609",2,4
"2007","30612",20,8
"2007","30613",29,15
"2007","30614",3,6
"2007","30615",94,80
"2007","30616",10,7
"2007","30618",54,35
"2007","30620",36,19
"2007","30621",16,9
"2007","30623",32,34
"2007","30625",44,27
"2007","30626",32,24
"2007","30627",26,12
"2007","30629",13,5
"2007","30631",10,13
"2007","30633",6,5
"2007","30635",58,23
"2007","30636",30,25
"2007","30637",15,10
"2007","30639",623,221
"2007","30641",10,10
"2007","30645",20,21
"2007","30646",18,18
"2007","30701",1,5
"2007","30702",13,6
"2007","30703",13,5
"2007","30704",90,60
"2007","30706",23,12
"2007","30708",3,2
"2007","30709",28,20
"2007","30710",85,51
"2007","30711",7,3
"2007","30712",2,2
"2007","30713",10,4
"2007","30715",14,17
"2007","30716",30,10
"2007","30718",11,0
"2007","30719",13,2
"2007","30721",8,20
"2007","30722",13,8
"2007","30724",9,4
"2007","30726",11,12
"2007","30728",4,5
"2007","30729",31,15
"2007","30730",46,30
"2007","30731",16,20
"2007","30732",66,37
"2007","30733",2,3
"2007","30734",13,9
"2007","30735",22,21
"2007","30736",22,14
"2007","30737",3,2
"2007","30738",7,4
"2007","30739",18,12
"2007","30740",154,103
"2007","30741",20,9
"2007","30801",30,21
"2007","30802",2,1
"2007","30803",17,17
"2007","30804",10,15
"2007","30805",35,7
"2007","30808",80,64
"2007","30810",8,6
"2007","30811",7,3
"2007","30812",6,4
"2007","30813",5,3
"2007","30814",13,6
"2007","30817",60,46
"2007","30819",7,10
"2007","30821",53,66
"2007","30822",8,7
"2007","30824",6,4
"2007","30825",5,2
"2007","30826",9,4
"2007","30827",8,18
"2007","30828",1,1
"2007","30829",0,2
"2007","30830",60,54
"2007","30831",38,35
"2007","30834",16,26
"2007","30835",35,37
"2007","30836",17,13
"2007","30838",18,20
"2007","30841",7,2
"2007","30842",17,13
"2007","30844",19,21
"2007","30845",4,3
"2007","30846",2,5
"2007","30848",4,1
"2007","30849",80,66
"2007","30850",2,3
"2007","30852",11,4
"2007","30854",0,2
"2007","30856",62,36
"2007","30857",4,5
"2007","30858",8,8
"2007","30859",0,3
"2007","30860",6,7
"2007","30863",17,22
"2007","30865",30,30
"2007","30902",0,1
"2007","30903",7,5
"2007","30904",NA,NA
"2007","30906",0,2
"2007","30908",21,36
"2007","30909",7,5
"2007","30910",10,15
"2007","30912",4,7
"2007","30913",0,1
"2007","30915",2,0
"2007","30916",17,4
"2007","30917",NA,NA
"2007","30920",39,9
"2007","30921",3,6
"2007","30925",9,6
"2007","30929",1,1
"2007","30932",0,2
"2007","30935",18,7
"2007","30939",NA,NA
"2007","30940",3,4
"2007","30942",4,5
"2007","31001",3,1
"2007","31008",25,28
"2007","31009",16,7
"2007","31014",12,8
"2007","31015",13,13
"2007","31016",2,3
"2007","31018",5,6
"2007","31019",3,7
"2007","31021",16,18
"2007","31022",75,84
"2007","31025",1,2
"2007","31026",10,6
"2007","31028",5,1
"2007","31033",2,2
"2007","31035",18,9
"2007","31036",7,8
"2007","31037",19,25
"2007","31038",9,12
"2007","31041",5,2
"2007","31042",4,3
"2007","31043",7,5
"2007","31051",15,10
"2007","31052",11,12
"2007","31053",3,10
"2007","31101",0,2
"2007","31102",0,1
"2007","31103",6,2
"2007","31104",6,7
"2007","31105",26,12
"2007","31106",11,6
"2007","31107",1,2
"2007","31109",26,17
"2007","31110",0,7
"2007","31111",1,1
"2007","31113",3,3
"2007","31114",0,1
"2007","31117",2,1
"2007","31119",NA,NA
"2007","31120",5,1
"2007","31121",19,8
"2007","31123",1,0
"2007","31124",3,1
"2007","31129",3,0
"2007","31130",0,1
"2007","31201",37,26
"2007","31202",11,1
"2007","31203",13,5
"2007","31204",6,3
"2007","31205",16,8
"2007","31206",66,24
"2007","31207",13,18
"2007","31208",10,5
"2007","31213",133,110
"2007","31214",65,41
"2007","31215",9,8
"2007","31216",31,32
"2007","31224",3,3
"2007","31226",19,12
"2007","31227",19,9
"2007","31228",2,3
"2007","31229",6,0
"2007","31230",109,69
"2007","31234",11,6
"2007","31235",76,67
"2007","31301",1,3
"2007","31302",1,0
"2007","31303",1,3
"2007","31304",0,3
"2007","31308",8,3
"2007","31309",9,11
"2007","31310",22,18
"2007","31311",10,6
"2007","31315",33,22
"2007","31319",6,2
"2007","31321",3,3
"2007","31322",11,13
"2007","31323",24,18
"2007","31324",14,6
"2007","31326",0,3
"2007","31327",21,11
"2007","31330",7,12
"2007","31333",7,7
"2007","31336",3,0
"2007","31337",2,6
"2007","31338",2,8
"2007","31340",2,0
"2007","31343",13,4
"2007","31344",3,3
"2007","31346",10,7
"2007","31347",5,1
"2007","31350",3,0
"2007","31351",15,3
"2007","31355",19,8
"2007","31356",1,3
"2007","31401",25,23
"2007","31402",18,10
"2007","31403",22,18
"2007","31404",17,7
"2007","31405",7,7
"2007","31406",8,10
"2007","31407",39,30
"2007","31408",15,2
"2007","31409",21,22
"2007","31410",1,2
"2007","31411",10,21
"2007","31412",25,11
"2007","31413",33,17
"2007","31414",10,7
"2007","31502",1,1
"2007","31503",8,6
"2007","31504",9,7
"2007","31505",21,11
"2007","31506",1,1
"2007","31507",4,4
"2007","31508",3,5
"2007","31509",8,3
"2007","31511",1,2
"2007","31513",7,4
"2007","31514",13,0
"2007","31515",1,4
"2007","31516",6,9
"2007","31517",11,21
"2007","31519",7,3
"2007","31520",21,16
"2007","31521",21,14
"2007","31522",11,4
"2007","31523",5,5
"2007","31524",32,30
"2007","31525",12,10
"2007","31527",10,10
"2007","31528",3,0
"2007","31530",9,10
"2007","31531",3,11
"2007","31533",21,16
"2007","31534",7,3
"2007","31535",1,2
"2007","31537",15,10
"2007","31539",10,6
"2007","31540",11,6
"2007","31541",2,1
"2007","31542",12,2
"2007","31543",3,4
"2007","31546",4,4
"2007","31549",43,47
"2007","31550",2,2
"2007","31551",66,13
"2007","31552",1,1
"2007","31553",12,7
"2007","31601",2,0
"2007","31603",6,5
"2007","31604",7,4
"2007","31605",10,10
"2007","31606",4,5
"2007","31608",3,0
"2007","31609",3,1
"2007","31611",0,4
"2007","31612",21,11
"2007","31613",2,1
"2007","31614",33,20
"2007","31615",11,7
"2007","31616",2,0
"2007","31617",4,4
"2007","31620",2,2
"2007","31621",2,2
"2007","31622",1,1
"2007","31627",6,5
"2007","31628",6,7
"2007","31629",22,21
"2007","31630",3,2
"2007","31633",64,86
"2007","31634",9,10
"2007","31636",0,2
"2007","31642",8,2
"2007","31644",24,17
"2007","31645",6,8
"2007","31646",1,5
"2007","31649",1,3
"2007","31650",7,9
"2007","31651",10,10
"2007","31652",1,1
"2007","31653",15,10
"2007","31654",9,3
"2007","31655",47,39
"2007","31658",1,0
"2007","31701",5,11
"2007","31702",30,20
"2007","31703",50,54
"2007","31704",85,88
"2007","31706",12,6
"2007","31707",43,39
"2007","31709",44,32
"2007","31710",101,73
"2007","31711",3,4
"2007","31712",39,37
"2007","31713",24,25
"2007","31714",7,10
"2007","31715",29,27
"2007","31716",101,83
"2007","31717",290,204
"2007","31718",10,9
"2007","31719",144,143
"2007","31723",66,38
"2007","31725",77,53
"2007","31726",16,13
"2007","31801",2,2
"2007","31802",5,15
"2007","31803",79,30
"2007","31804",5,2
"2007","31805",1,5
"2007","31806",4,0
"2007","31807",6,6
"2007","31808",9,12
"2007","31809",13,5
"2007","31810",44,49
"2007","31811",29,17
"2007","31812",10,8
"2007","31813",17,22
"2007","31814",35,10
"2007","31815",3,5
"2007","31817",8,6
"2007","31818",102,111
"2007","31820",2,1
"2007","31821",16,24
"2007","31823",18,14
"2007","31825",7,3
"2007","31826",22,9
"2007","31827",7,0
"2007","31829",175,38
"2007","31830",1,1
"2007","31831",6,30
"2007","31832",3,3
"2007","31833",7,6
"2007","31834",2,0
"2007","31835",14,31
"2007","31836",12,23
"2007","31837",10,9
"2007","31838",31,29
"2007","31839",121,114
"2007","31840",2,2
"2007","31841",NA,NA
"2007","31842",1,2
"2007","31843",3,2
"2007","31844",1,1
"2007","31845",7,4
"2007","31846",8,10
"2007","31847",3,12
"2007","31848",4,8
"2007","31849",6,4
"2007","31901",9,7
"2007","31902",12,10
"2007","31903",28,14
"2007","31904",6,6
"2007","31905",54,27
"2007","31906",14,4
"2007","31907",7,13
"2007","31909",5,8
"2007","31910",19,14
"2007","31911",8,1
"2007","31912",72,44
"2007","31913",4,2
"2007","31915",3,1
"2007","31916",11,7
"2007","31917",3,4
"2007","31918",5,3
"2007","31919",7,12
"2007","31920",3,1
"2007","31921",26,17
"2007","31922",9,4
"2007","31923",3,4
"2007","31925",9,4
"2007","31926",46,30
"2007","31927",6,11
"2007","31928",9,4
"2007","31929",19,14
"2007","31930",20,29
"2007","31932",15,10
"2007","31934",22,21
"2007","31935",6,2
"2007","31938",6,2
"2007","31939",NA,NA
"2007","31940",4,6
"2007","31941",4,3
"2007","31943",32,41
"2007","31945",6,6
"2007","31946",1,3
"2007","31947",77,43
"2007","31948",10,14
"2007","31949",34,36
"2007","31950",22,13
"2007","31951",56,35
"2007","31952",74,54
"2007","31953",29,28
"2007","31954",7,3
"2007","32001",73,58
"2007","32002",25,8
"2007","32003",8,11
"2007","32004",2,0
"2007","32005",4,2
"2007","32006",4,5
"2007","32007",12,3
"2007","32008",19,22
"2007","32009",2,3
"2007","32010",2,3
"2007","32011",2,1
"2007","32012",1,1
"2007","32013",7,14
"2007","32014",1,1
"2007","32015",0,1
"2007","32016",15,15
"2007","32017",10,6
"2007","32018",2,0
"2007","32101",9,14
"2007","32104",12,10
"2007","32106",10,6
"2007","32107",22,23
"2007","32109",15,11
"2007","32110",24,19
"2007","32112",61,47
"2007","32114",24,18
"2007","32115",10,12
"2007","32116",14,8
"2007","32119",18,10
"2007","32120",21,9
"2007","32131",63,33
"2007","32132",8,10
"2007","32134",10,12
"2007","32135",137,75
"2007","32139",2,17
"2007","32140",8,9
"2007","32141",37,15
"2007","32142",100,59
"2007","32143",8,3
"2007","32144",231,236
"2007","32202",3,2
"2007","32203",4,4
"2007","32206",3,2
"2007","32207",4,5
"2007","32209",11,6
"2007","32210",2,2
"2007","32212",2,1
"2007","32214",4,0
"2007","32216",13,7
"2007","32217",3,5
"2007","32219",6,6
"2007","32220",13,11
"2007","32221",NA,NA
"2007","32222",4,2
"2007","32223",2,3
"2007","32301",32,9
"2007","32302",1,7
"2007","32304",32,27
"2007","32305",23,22
"2007","32306",22,19
"2007","32307",29,41
"2007","32308",13,25
"2007","32309",1,3
"2007","32310",4,6
"2007","32311",3,8
"2007","32312",0,6
"2007","32313",17,8
"2007","32314",11,10
"2007","32315",13,4
"2007","32316",18,12
"2007","32317",0,2
"2007","32318",23,20
"2007","32319",27,22
"2007","32320",11,5
"2007","32321",7,7
"2007","32322",2,1
"2007","32323",18,16
"2007","32324",5,8
"2007","32325",5,6
"2007","32326",1,0
"2007","32327",40,27
"2007","32330",42,32
"2007","32331",4,4
"2007","32332",23,20
"2007","32333",3,3
"2007","32334",5,8
"2007","32335",5,0
"2007","32336",18,22
"2007","32337",33,30
"2007","32338",10,2
"2007","32501",14,5
"2007","32502",0,1
"2007","32503",0,1
"2007","32504",1,1
"2007","32505",6,4
"2007","32506",3,0
"2007","32508",1,10
"2007","32509",1,1
"2007","32511",2,1
"2007","32514",NA,NA
"2007","32515",7,0
"2007","32516",3,0
"2007","32517",2,3
"2007","32518",1,1
"2007","32519",0,1
"2007","32520",3,2
"2007","32521",2,1
"2007","32522",11,9
"2007","32523",2,2
"2007","32524",2,8
"2007","32525",1,3
"2007","32528",0,1
"2007","32529",2,2
"2007","32530",21,33
"2007","40101",2782,2234
"2007","40201",508,378
"2007","40301",792,682
"2007","40401",30,17
"2007","40402",16,4
"2007","40403",5,7
"2007","40404",232,151
"2007","40405",22,13
"2007","40406",29,20
"2007","40407",16,6
"2007","40408",9,7
"2007","40409",21,21
"2007","40410",2,4
"2007","40411",2,8
"2007","40412",7,6
"2007","40413",43,20
"2007","40414",60,40
"2007","40415",9,0
"2007","40416",7,4
"2007","40417",6,2
"2007","40418",38,36
"2007","40419",14,4
"2007","40420",11,1
"2007","40421",81,71
"2007","40422",28,17
"2007","40423",5,4
"2007","40424",8,9
"2007","40425",6,11
"2007","40426",24,14
"2007","40427",19,4
"2007","40428",32,22
"2007","40429",2,4
"2007","40430",4,1
"2007","40431",35,2
"2007","40432",15,9
"2007","40433",2,9
"2007","40434",1,2
"2007","40435",2,3
"2007","40436",16,3
"2007","40437",24,20
"2007","40438",57,53
"2007","40439",3,3
"2007","40440",1,0
"2007","40441",35,22
"2007","40442",1,2
"2007","40443",18,17
"2007","40444",2,2
"2007","40445",17,4
"2007","40446",14,9
"2007","40501",32,38
"2007","40502",14,12
"2007","40503",39,26
"2007","40504",5,6
"2007","40505",2,2
"2007","40506",12,9
"2007","40507",28,20
"2007","40508",9,4
"2007","40509",7,3
"2007","40510",4,3
"2007","40511",19,11
"2007","40512",2,2
"2007","40601",24,28
"2007","40602",6,6
"2007","40603",5,12
"2007","40604",5,8
"2007","40605",3,1
"2007","40606",2,0
"2007","40607",0,2
"2007","40608",2,3
"2007","40609",4,8
"2007","40610",4,2
"2007","40611",3,4
"2007","40612",11,3
"2007","40613",11,3
"2007","40614",19,9
"2007","40615",5,13
"2007","40616",12,5
"2007","40617",1,3
"2007","40618",1,7
"2007","40619",3,7
"2007","40620",4,4
"2007","40621",4,2
"2007","40622",3,2
"2007","40623",3,1
"2007","40624",21,11
"2007","40625",1,0
"2007","40626",12,6
"2007","40627",8,5
"2007","40701",57,55
"2007","40702",48,22
"2007","40703",106,103
"2007","40704",30,38
"2007","40705",125,115
"2007","40706",39,30
"2007","40707",20,10
"2007","40708",7,5
"2007","40709",12,22
"2007","40710",1,2
"2007","40711",57,33
"2007","40712",4,6
"2007","40713",11,12
"2007","40714",15,19
"2007","40715",7,5
"2007","40716",8,7
"2007","40717",21,22
"2007","40718",15,15
"2007","40719",47,46
"2007","40720",33,38
"2007","40801",4,3
"2007","40802",46,22
"2007","40804",1,1
"2007","40805",35,40
"2007","40806",17,13
"2007","40807",3,8
"2007","40808",31,22
"2007","40809",13,11
"2007","40810",NA,NA
"2007","40811",7,9
"2007","40812",4,3
"2007","40813",5,5
"2007","40814",8,3
"2007","40815",1,1
"2007","40816",6,3
"2007","40817",4,2
"2007","40818",23,7
"2007","40820",1,2
"2007","40821",2,1
"2007","40822",10,9
"2007","40823",3,10
"2007","40824",1,5
"2007","40825",2,0
"2007","40826",0,1
"2007","40827",13,6
"2007","40828",1,1
"2007","40829",13,10
"2007","40830",1,1
"2007","40831",18,19
"2007","40832",12,13
"2007","40833",6,4
"2007","40834",5,2
"2007","40835",31,14
"2007","40901",5,5
"2007","40902",23,27
"2007","40903",5,10
"2007","40904",9,4
"2007","40905",9,28
"2007","40906",14,9
"2007","40907",46,34
"2007","40908",47,30
"2007","40909",8,13
"2007","40910",15,8
"2007","40911",7,0
"2007","40912",23,25
"2007","40913",8,2
"2007","40914",3,3
"2007","40915",5,7
"2007","40916",3,8
"2007","40917",26,15
"2007","40918",27,22
"2007","40919",1,2
"2007","40920",2,2
"2007","40921",0,2
"2007","40922",14,3
"2007","40923",16,8
"2007","41001",2,3
"2007","41002",193,138
"2007","41003",60,36
"2007","41004",12,2
"2007","41005",131,82
"2007","41006",6,3
"2007","41007",56,38
"2007","41008",5,2
"2007","41009",16,7
"2007","41010",10,10
"2007","41011",25,12
"2007","41012",213,156
"2007","41013",16,22
"2007","41014",43,30
"2007","41015",6,5
"2007","41016",6,2
"2007","41017",60,51
"2007","41018",3,4
"2007","41019",13,13
"2007","41020",11,6
"2007","41021",308,249
"2007","41022",67,56
"2007","41101",1,5
"2007","41102",7,1
"2007","41103",8,19
"2007","41104",4,1
"2007","41105",8,12
"2007","41106",8,2
"2007","41107",10,3
"2007","41108",333,45
"2007","41109",16,18
"2007","41110",16,9
"2007","41111",34,26
"2007","41112",1,5
"2007","41113",17,4
"2007","41114",11,3
"2007","41115",3,1
"2007","41116",88,36
"2007","41117",4,6
"2007","41118",3,2
"2007","41119",0,3
"2007","41120",12,8
"2007","41121",10,16
"2007","41122",0,2
"2007","41123",6,5
"2007","41124",35,26
"2007","41125",12,6
"2007","41126",3,4
"2007","41201",1,3
"2007","41202",7,3
"2007","41203",24,8
"2007","41204",11,9
"2007","41205",7,8
"2007","41206",2,0
"2007","41207",15,12
"2007","41208",2,3
"2007","41209",5,3
"2007","41210",12,3
"2007","41211",2,1
"2007","41212",6,2
"2007","41213",13,9
"2007","41214",4,6
"2007","41215",12,14
"2007","41216",4,0
"2007","41217",8,3
"2007","41218",7,7
"2007","41219",30,29
"2007","41220",18,26
"2007","41221",3,1
"2007","41222",1,2
"2007","41223",3,1
"2007","41224",20,14
"2007","41225",84,88
"2007","41226",3,3
"2007","41227",1,3
"2007","41228",14,1
"2007","41229",2,0
"2007","41230",0,4
"2007","41231",32,21
"2007","41232",8,5
"2007","41233",9,8
"2007","41234",10,7
"2007","41235",3,6
"2007","41236",1,0
"2007","41304",2,5
"2007","41305",1,0
"2007","41306",2,0
"2007","41307",2,1
"2007","41309",6,5
"2007","41311",0,1
"2007","41312",4,10
"2007","41313",2,2
"2007","41314",1,1
"2007","41315",8,3
"2007","41316",9,7
"2007","41317",3,6
"2007","41318",4,5
"2007","41319",3,4
"2007","41320",0,1
"2007","41321",14,7
"2007","41322",1,2
"2007","41323",3,5
"2007","41324",7,3
"2007","41325",0,4
"2007","41326",2,4
"2007","41327",6,6
"2007","41328",12,8
"2007","41329",13,14
"2007","41331",5,0
"2007","41332",3,8
"2007","41333",NA,NA
"2007","41334",2,3
"2007","41336",NA,NA
"2007","41337",12,2
"2007","41338",6,12
"2007","41341",3,2
"2007","41342",7,5
"2007","41343",8,15
"2007","41344",16,14
"2007","41345",8,3
"2007","41346",2,5
"2007","41401",6,1
"2007","41402",15,8
"2007","41403",21,13
"2007","41404",5,7
"2007","41405",7,2
"2007","41406",5,5
"2007","41407",15,5
"2007","41408",7,5
"2007","41409",15,11
"2007","41410",35,33
"2007","41411",11,11
"2007","41412",NA,NA
"2007","41413",13,13
"2007","41414",9,22
"2007","41415",3,3
"2007","41416",2,5
"2007","41417",10,5
"2007","41418",25,26
"2007","41419",13,9
"2007","41420",6,3
"2007","41421",2,1
"2007","41422",83,72
"2007","41423",43,23
"2007","41424",1,1
"2007","41425",40,68
"2007","41426",16,11
"2007","41427",39,23
"2007","41428",4,3
"2007","41429",7,16
"2007","41430",7,10
"2007","41501",14,6
"2007","41502",5,6
"2007","41503",26,14
"2007","41504",9,6
"2007","41505",9,14
"2007","41506",62,38
"2007","41507",3,8
"2007","41508",2,4
"2007","41509",7,2
"2007","41510",0,2
"2007","41511",10,5
"2007","41512",2,1
"2007","41513",4,8
"2007","41514",9,11
"2007","41515",28,26
"2007","41516",75,50
"2007","41517",4,7
"2007","41518",14,12
"2007","41521",6,7
"2007","41522",18,21
"2007","41601",7,7
"2007","41602",19,12
"2007","41603",11,10
"2007","41604",1,1
"2007","41605",33,31
"2007","41606",20,13
"2007","41607",26,26
"2007","41608",1,10
"2007","41609",11,13
"2007","41610",2,0
"2007","41611",8,10
"2007","41612",5,2
"2007","41613",20,12
"2007","41614",11,8
"2007","41615",17,12
"2007","41616",0,2
"2007","41617",33,25
"2007","41618",14,21
"2007","41619",0,1
"2007","41620",1,6
"2007","41621",2,1
"2007","41622",1,2
"2007","41623",1,0
"2007","41624",38,47
"2007","41626",6,12
"2007","41627",3,2
"2007","41628",2,4
"2007","41701",24,17
"2007","41702",14,11
"2007","41703",95,79
"2007","41704",1,2
"2007","41705",6,2
"2007","41706",2,0
"2007","41707",2,6
"2007","41708",5,1
"2007","41709",32,21
"2007","41710",30,26
"2007","41711",16,7
"2007","41712",12,8
"2007","41713",18,30
"2007","41714",NA,NA
"2007","41715",44,36
"2007","41716",7,9
"2007","41717",1,1
"2007","41718",9,16
"2007","41719",13,7
"2007","41720",0,2
"2007","41721",4,3
"2007","41722",27,21
"2007","41723",4,2
"2007","41724",0,1
"2007","41725",0,1
"2007","41726",9,8
"2007","41727",5,1
"2007","41728",NA,NA
"2007","41729",NA,NA
"2007","41730",3,9
"2007","41731",25,19
"2007","41732",10,7
"2007","41733",4,0
"2007","41734",1227,74
"2007","41735",29,18
"2007","41736",9,3
"2007","41737",30,19
"2007","41738",64,23
"2007","41739",30,26
"2007","41740",13,8
"2007","41741",8,18
"2007","41742",17,19
"2007","41743",59,99
"2007","41744",3,4
"2007","41745",18,21
"2007","41746",111,89
"2007","41747",32,17
"2007","41748",1,1
"2007","41749",5,2
"2007","41750",12,11
"2007","41751",27,10
"2007","41752",5,4
"2007","41801",1,2
"2007","41802",6,1
"2007","41803",17,7
"2007","41804",63,65
"2007","41805",10,7
"2007","41806",9,7
"2007","41807",1,0
"2007","41808",39,28
"2007","41809",3,1
"2007","41810",11,10
"2007","41811",34,43
"2007","41812",113,98
"2007","41813",1,5
"2007","41814",11,3
"2007","41815",0,1
"2007","41816",32,20
"2007","41817",16,9
"2007","41818",4,6
"2007","41819",7,11
"2007","41820",46,44
"2007","41821",17,17
"2007","41822",9,3
"2007","41823",68,47
"2007","41824",44,16
"2007","50101",3146,3362
"2007","50201",43,30
"2007","50202",23,25
"2007","50203",27,21
"2007","50204",43,27
"2007","50205",178,170
"2007","50206",3,2
"2007","50207",38,32
"2007","50208",22,28
"2007","50209",27,50
"2007","50210",3,2
"2007","50211",9,10
"2007","50212",1,3
"2007","50213",16,20
"2007","50301",49,23
"2007","50302",35,23
"2007","50303",48,44
"2007","50304",8,5
"2007","50305",25,24
"2007","50306",19,8
"2007","50307",4,8
"2007","50308",29,26
"2007","50309",44,38
"2007","50310",59,56
"2007","50311",20,14
"2007","50312",34,24
"2007","50313",8,1
"2007","50314",71,67
"2007","50315",55,59
"2007","50316",30,21
"2007","50317",43,28
"2007","50318",11,10
"2007","50319",46,40
"2007","50320",14,19
"2007","50321",16,30
"2007","50322",6,28
"2007","50323",18,9
"2007","50324",75,56
"2007","50325",6,11
"2007","50326",61,63
"2007","50327",32,27
"2007","50328",14,11
"2007","50329",18,15
"2007","50330",48,40
"2007","50331",4,2
"2007","50332",21,8
"2007","50335",58,38
"2007","50336",17,25
"2007","50337",40,31
"2007","50338",106,102
"2007","50339",78,79
"2007","50401",39,59
"2007","50402",71,67
"2007","50403",120,347
"2007","50404",82,61
"2007","50405",46,38
"2007","50406",45,25
"2007","50407",21,11
"2007","50408",16,13
"2007","50409",9,12
"2007","50410",23,25
"2007","50411",13,18
"2007","50412",6,9
"2007","50413",19,8
"2007","50414",113,83
"2007","50415",14,14
"2007","50416",6,9
"2007","50417",78,72
"2007","50418",192,176
"2007","50419",18,4
"2007","50420",24,14
"2007","50421",32,14
"2007","50422",21,13
"2007","50423",29,30
"2007","50424",16,15
"2007","50425",8,3
"2007","50501",NA,NA
"2007","50502",3,3
"2007","50503",17,6
"2007","50504",54,29
"2007","50505",3,1
"2007","50506",40,12
"2007","50507",0,2
"2007","50508",1,7
"2007","50509",35,18
"2007","50510",23,24
"2007","50511",2,1
"2007","50512",58,85
"2007","50513",2,2
"2007","50514",6,6
"2007","50515",1,2
"2007","50601",12,24
"2007","50602",37,52
"2007","50603",10,3
"2007","50604",18,6
"2007","50605",12,6
"2007","50606",34,30
"2007","50607",3,23
"2007","50608",10,3
"2007","50609",45,25
"2007","50610",16,13
"2007","50611",31,28
"2007","50612",23,16
"2007","50613",101,69
"2007","50614",58,17
"2007","50615",9,15
"2007","50616",56,23
"2007","50617",24,23
"2007","50618",46,27
"2007","50619",133,105
"2007","50620",5,4
"2007","50621",6,4
"2007","50622",29,20
"2007","50623",22,19
"2007","50624",16,13
"2007","50625",3,2
"2007","50626",16,8
"2007","50627",6,10
"2007","50628",166,197
"2007","60101",5149,3652
"2007","60305",18,10
"2007","60318",20,19
"2007","60323",10,6
"2007","60324",7,14
"2007","60326",4,5
"2007","60329",10,4
"2007","60341",3,1
"2007","60344",76,68
"2007","60345",22,13
"2007","60346",18,14
"2007","60347",13,7
"2007","60348",26,19
"2007","60349",47,49
"2007","60350",40,31
"2007","60351",16,17
"2007","60608",52,52
"2007","60611",24,20
"2007","60613",47,36
"2007","60617",38,42
"2007","60618",1,1
"2007","60619",11,8
"2007","60623",13,11
"2007","60624",37,27
"2007","60626",9,10
"2007","60628",29,11
"2007","60629",16,12
"2007","60632",22,21
"2007","60639",2,0
"2007","60641",5,2
"2007","60642",9,10
"2007","60645",17,10
"2007","60646",28,23
"2007","60647",2,0
"2007","60648",9,9
"2007","60651",5,7
"2007","60653",18,14
"2007","60654",5,12
"2007","60655",6,5
"2007","60656",9,4
"2007","60659",18,18
"2007","60660",20,9
"2007","60661",33,27
"2007","60662",13,15
"2007","60663",20,16
"2007","60664",52,57
"2007","60665",31,17
"2007","60666",8,3
"2007","60667",28,25
"2007","60668",8,2
"2007","60669",72,50
"2007","60670",46,36
"2007","61001",1,4
"2007","61002",17,7
"2007","61007",8,9
"2007","61008",2,6
"2007","61012",10,4
"2007","61013",8,6
"2007","61016",16,9
"2007","61017",7,8
"2007","61019",13,3
"2007","61020",12,3
"2007","61021",11,9
"2007","61024",16,12
"2007","61027",3,5
"2007","61030",14,9
"2007","61032",4,1
"2007","61033",8,10
"2007","61043",23,11
"2007","61045",20,24
"2007","61049",12,4
"2007","61050",19,7
"2007","61051",11,6
"2007","61052",7,8
"2007","61053",78,72
"2007","61054",17,19
"2007","61055",9,2
"2007","61057",5,8
"2007","61059",27,27
"2007","61060",10,11
"2007","61061",54,73
"2007","61101",21,11
"2007","61105",5,9
"2007","61106",11,9
"2007","61107",3,0
"2007","61108",338,332
"2007","61109",8,8
"2007","61110",5,15
"2007","61111",1,5
"2007","61112",1,5
"2007","61113",16,24
"2007","61114",3,10
"2007","61115",6,8
"2007","61116",1,3
"2007","61118",29,22
"2007","61119",2,10
"2007","61120",50,29
"2007","61203",5,10
"2007","61204",21,11
"2007","61205",9,3
"2007","61206",5,2
"2007","61207",47,35
"2007","61213",24,13
"2007","61215",12,10
"2007","61217",10,8
"2007","61222",6,5
"2007","61236",41,20
"2007","61243",2,10
"2007","61247",18,13
"2007","61251",10,5
"2007","61252",3,2
"2007","61253",29,23
"2007","61254",5,6
"2007","61255",42,43
"2007","61256",13,5
"2007","61257",10,21
"2007","61258",15,35
"2007","61259",40,43
"2007","61260",18,8
"2007","61261",14,11
"2007","61262",23,21
"2007","61263",33,53
"2007","61264",15,5
"2007","61265",45,53
"2007","61266",13,3
"2007","61267",29,23
"2007","61410",1,6
"2007","61413",1,0
"2007","61425",19,2
"2007","61428",0,3
"2007","61437",5,2
"2007","61438",28,20
"2007","61439",21,19
"2007","61440",16,14
"2007","61441",1,1
"2007","61442",10,10
"2007","61443",9,13
"2007","61444",13,12
"2007","61445",85,68
"2007","61446",11,5
"2007","61611",7,7
"2007","61612",5,7
"2007","61615",6,7
"2007","61618",5,7
"2007","61621",0,2
"2007","61624",20,8
"2007","61625",46,58
"2007","61626",28,13
"2007","61627",3,4
"2007","61628",5,6
"2007","61629",6,4
"2007","61630",2,4
"2007","61631",45,31
"2007","61632",13,9
"2007","61633",20,13
"2007","61701",17,3
"2007","61708",5,4
"2007","61710",9,2
"2007","61711",2,5
"2007","61716",9,3
"2007","61719",7,6
"2007","61727",12,13
"2007","61728",NA,NA
"2007","61729",6,5
"2007","61730",3,3
"2007","61731",2,2
"2007","61740",5,0
"2007","61741",3,2
"2007","61743",NA,NA
"2007","61744",0,1
"2007","61745",6,1
"2007","61746",7,10
"2007","61748",17,8
"2007","61750",7,6
"2007","61751",2,4
"2007","61756",5,7
"2007","61757",8,7
"2007","61758",8,1
"2007","61759",2,2
"2007","61760",66,49
"2007","61761",0,3
"2007","61762",6,3
"2007","61763",8,9
"2007","61764",6,2
"2007","61765",24,16
"2007","61766",55,37
"2007","62007",34,25
"2007","62008",9,3
"2007","62010",3,0
"2007","62014",9,7
"2007","62021",3,3
"2007","62026",4,1
"2007","62032",2,4
"2007","62034",4,1
"2007","62036",4,4
"2007","62038",91,57
"2007","62039",8,14
"2007","62040",52,50
"2007","62041",148,85
"2007","62042",25,13
"2007","62043",17,13
"2007","62044",16,6
"2007","62045",9,10
"2007","62046",6,15
"2007","62047",28,38
"2007","62048",16,19
"2007","62105",9,3
"2007","62115",17,40
"2007","62116",20,13
"2007","62125",8,3
"2007","62128",15,7
"2007","62131",17,16
"2007","62132",4,6
"2007","62135",23,20
"2007","62138",12,15
"2007","62139",138,133
"2007","62140",198,174
"2007","62141",21,29
"2007","62142",61,31
"2007","62143",65,36
"2007","62144",46,45
"2007","62145",21,25
"2007","62146",29,6
"2007","62147",24,33
"2007","62148",12,17
"2007","62202",12,5
"2007","62205",6,1
"2007","62206",5,8
"2007","62209",6,4
"2007","62211",6,7
"2007","62214",17,18
"2007","62216",1,4
"2007","62219",22,15
"2007","62220",5,3
"2007","62226",8,11
"2007","62232",10,1
"2007","62233",6,5
"2007","62235",20,4
"2007","62242",15,4
"2007","62244",13,19
"2007","62245",0,4
"2007","62247",14,10
"2007","62256",10,6
"2007","62262",0,4
"2007","62264",15,7
"2007","62265",3,3
"2007","62266",3,6
"2007","62268",9,6
"2007","62269",13,8
"2007","62270",6,2
"2007","62271",24,27
"2007","62272",14,2
"2007","62273",6,13
"2007","62274",17,13
"2007","62275",7,12
"2007","62276",6,11
"2007","62277",6,6
"2007","62278",5,7
"2007","62279",1,0
"2007","62280",73,36
"2007","62311",8,3
"2007","62314",4,7
"2007","62326",3,2
"2007","62330",1,1
"2007","62332",7,5
"2007","62335",3,3
"2007","62343",0,1
"2007","62368",5,8
"2007","62372",1,1
"2007","62375",41,38
"2007","62376",29,13
"2007","62377",2,1
"2007","62378",37,33
"2007","62379",91,62
"2007","62380",10,12
"2007","62381",6,8
"2007","62382",17,9
"2007","62383",22,20
"2007","62384",2,7
"2007","62385",5,6
"2007","62386",18,14
"2007","62387",5,8
"2007","62388",4,7
"2007","62389",19,18
"2007","62390",30,19
"2007","70101",2436,2400
"2007","70201",23,16
"2007","70202",62,25
"2007","70203",103,99
"2007","70204",2,1
"2007","70205",23,26
"2007","70206",0,1
"2007","70207",1,0
"2007","70208",88,68
"2007","70209",37,22
"2007","70210",1,0
"2007","70211",40,9
"2007","70212",7,5
"2007","70213",24,28
"2007","70214",14,18
"2007","70215",12,10
"2007","70216",6,11
"2007","70217",38,15
"2007","70218",15,7
"2007","70219",26,22
"2007","70220",643,210
"2007","70221",13,10
"2007","70222",10,4
"2007","70223",25,15
"2007","70224",15,14
"2007","70301",51,43
"2007","70302",34,31
"2007","70303",29,17
"2007","70304",38,53
"2007","70305",3,4
"2007","70306",11,12
"2007","70307",2,5
"2007","70308",11,5
"2007","70309",26,16
"2007","70310",77,57
"2007","70311",20,10
"2007","70312",61,39
"2007","70313",16,1
"2007","70314",4,0
"2007","70315",7,8
"2007","70317",1,2
"2007","70318",12,12
"2007","70319",33,25
"2007","70320",20,13
"2007","70322",2,9
"2007","70323",6,12
"2007","70325",7,10
"2007","70326",45,34
"2007","70328",21,22
"2007","70329",22,17
"2007","70331",15,14
"2007","70332",17,21
"2007","70333",15,7
"2007","70334",88,72
"2007","70335",8,7
"2007","70336",1,2
"2007","70337",18,12
"2007","70338",5,3
"2007","70339",2,8
"2007","70340",7,16
"2007","70342",8,6
"2007","70343",7,10
"2007","70344",17,20
"2007","70345",13,12
"2007","70346",53,56
"2007","70347",3,0
"2007","70348",25,25
"2007","70349",2,1
"2007","70350",34,6
"2007","70351",74,65
"2007","70352",3,0
"2007","70353",10,10
"2007","70354",152,166
"2007","70355",32,19
"2007","70356",15,16
"2007","70357",174,164
"2007","70358",19,29
"2007","70359",9,11
"2007","70360",15,25
"2007","70361",1,1
"2007","70362",4,1
"2007","70364",72,56
"2007","70365",25,13
"2007","70366",8,2
"2007","70367",69,59
"2007","70368",11,7
"2007","70369",85,93
"2007","70370",24,29
"2007","70401",27,31
"2007","70402",36,10
"2007","70403",108,66
"2007","70404",50,18
"2007","70405",8,2
"2007","70406",54,42
"2007","70407",10,11
"2007","70408",23,13
"2007","70409",90,65
"2007","70410",38,36
"2007","70411",144,133
"2007","70412",79,58
"2007","70413",23,11
"2007","70414",43,44
"2007","70415",7,3
"2007","70416",83,94
"2007","70417",32,17
"2007","70418",11,6
"2007","70419",22,17
"2007","70420",40,10
"2007","70501",33,26
"2007","70502",6,4
"2007","70503",36,19
"2007","70504",10,3
"2007","70505",12,16
"2007","70506",26,38
"2007","70508",83,78
"2007","70509",65,48
"2007","70510",42,25
"2007","70511",33,71
"2007","70512",53,41
"2007","70513",403,302
"2007","70514",36,32
"2007","70515",38,25
"2007","70516",7,2
"2007","70517",16,11
"2007","70518",39,20
"2007","70519",8,9
"2007","70520",57,40
"2007","70521",7,4
"2007","70522",82,37
"2007","70523",6,7
"2007","70524",34,34
"2007","70525",15,15
"2007","70526",90,158
"2007","70527",39,31
"2007","70528",11,6
"2007","70529",43,26
"2007","70530",52,69
"2007","70531",141,123
"2007","70601",1,0
"2007","70602",11,12
"2007","70603",34,76
"2007","70604",15,18
"2007","70605",43,24
"2007","70606",71,63
"2007","70607",13,6
"2007","70608",77,121
"2007","70609",11,13
"2007","70610",1,0
"2007","70611",8,12
"2007","70612",4,0
"2007","70613",22,16
"2007","70614",75,71
"2007","70615",20,35
"2007","70616",15,25
"2007","70617",33,27
"2007","70618",8,9
"2007","70619",14,12
"2007","70620",12,23
"2007","70621",106,146
"2007","70622",11,9
"2007","70623",14,12
"2007","70624",33,22
"2007","70625",4,2
"2007","70626",0,1
"2007","70627",5,4
"2007","70628",0,2
"2007","70629",4,1
"2007","70630",23,22
"2007","70701",6,3
"2007","70702",0,9
"2007","70703",5,2
"2007","70704",0,4
"2007","70705",0,8
"2007","70706",1,2
"2007","70707",13,7
"2007","70708",3,3
"2007","70709",2,3
"2007","70710",0,2
"2007","70711",5,5
"2007","70712",8,12
"2007","70713",1,2
"2007","70714",0,2
"2007","70715",1,6
"2007","70716",45,78
"2007","70717",13,35
"2007","70718",11,5
"2007","70719",13,4
"2007","70720",4,16
"2007","70721",4,3
"2007","70723",4,8
"2007","70724",1,6
"2007","70725",2,0
"2007","70726",1,5
"2007","70727",0,4
"2007","70728",14,15
"2007","70729",3,6
"2007","70731",7,1
"2007","70732",1,6
"2007","70733",0,2
"2007","70734",7,6
"2007","70735",9,4
"2007","70801",10,5
"2007","70802",8,7
"2007","70803",5,6
"2007","70804",20,4
"2007","70805",33,34
"2007","70806",12,4
"2007","70807",85,49
"2007","70808",12,4
"2007","70809",3,6
"2007","70810",0,5
"2007","70811",3,8
"2007","70812",1,1
"2007","70813",13,8
"2007","70814",4,3
"2007","70815",1,1
"2007","70816",12,2
"2007","70817",6,1
"2007","70818",14,24
"2007","70819",0,2
"2007","70820",17,14
"2007","70821",17,11
"2007","70822",6,4
"2007","70823",NA,NA
"2007","70824",4,6
"2007","70825",2,3
"2007","70826",19,5
"2007","70827",3,2
"2007","70828",97,56
"2007","70829",9,3
"2007","70830",0,1
"2007","70831",4,5
"2007","70832",21,13
"2007","70833",11,8
"2007","70834",0,2
"2007","70835",12,5
"2007","70836",14,11
"2007","70837",1,4
"2007","70901",39,31
"2007","70902",13,7
"2007","70903",1,0
"2007","70904",5,5
"2007","70905",10,12
"2007","70907",53,54
"2007","70908",18,20
"2007","70909",91,52
"2007","70910",19,22
"2007","70911",2,2
"2007","70912",2,10
"2007","70913",5,1
"2007","70914",7,10
"2007","70915",10,8
"2007","70916",2,5
"2007","70917",48,50
"2007","70918",57,40
"2007","70920",91,70
"2007","70921",10,8
"2007","70922",11,8
"2007","70923",21,20
"2007","70924",3,0
"2007","70925",20,18
"2007","70926",133,116
"2007","70927",17,7
"2007","70928",13,10
"2007","70929",12,6
"2007","70930",5,3
"2007","70931",20,15
"2007","70932",7,3
"2007","70933",20,16
"2007","70934",46,57
"2007","70935",21,8
"2007","70936",48,31
"2007","70937",19,17
"2007","70938",12,7
"2007","70939",28,17
"2007","70940",20,11
"2007","70941",6,8
"2007","80101",27,16
"2007","80102",3,2
"2007","80103",182,192
"2007","80104",48,38
"2007","80105",18,31
"2007","80106",28,51
"2007","80107",4,10
"2007","80108",9,7
"2007","80109",3,2
"2007","80110",24,19
"2007","80111",12,10
"2007","80112",14,12
"2007","80113",197,190
"2007","80114",2,0
"2007","80115",37,44
"2007","80116",77,49
"2007","80117",55,54
"2007","80118",4,13
"2007","80119",11,11
"2007","80120",38,41
"2007","80121",7,1
"2007","80122",47,37
"2007","80123",3,2
"2007","80124",5,5
"2007","80125",6,4
"2007","80126",33,27
"2007","80127",22,12
"2007","80128",30,25
"2007","80129",36,43
"2007","80201",25,25
"2007","80202",17,19
"2007","80203",10,19
"2007","80204",26,14
"2007","80205",4,4
"2007","80206",3,9
"2007","80207",421,349
"2007","80208",2,7
"2007","80209",10,3
"2007","80210",13,9
"2007","80211",18,20
"2007","80212",3,0
"2007","80213",48,43
"2007","80214",8,9
"2007","80215",168,100
"2007","80216",23,23
"2007","80217",98,61
"2007","80218",77,57
"2007","80219",16,9
"2007","80220",11,15
"2007","80221",10,12
"2007","80222",12,6
"2007","80223",8,6
"2007","80224",109,80
"2007","80225",9,11
"2007","80226",81,78
"2007","80227",19,22
"2007","80228",313,354
"2007","80229",6,6
"2007","80230",8,12
"2007","80231",10,9
"2007","80232",5,20
"2007","80233",6,5
"2007","80234",3,4
"2007","80235",34,42
"2007","80236",19,9
"2007","80237",4,3
"2007","80238",11,11
"2007","80239",5,1
"2007","80240",93,78
"2007","80301",676,627
"2007","80302",179,158
"2007","80303",179,202
"2007","80401",42,45
"2007","80402",2,2
"2007","80403",NA,NA
"2007","80404",564,500
"2007","80405",82,83
"2007","80406",2,4
"2007","80407",22,12
"2007","80408",112,93
"2007","80409",24,38
"2007","80410",20,25
"2007","80411",10,8
"2007","80412",34,38
"2007","80413",14,24
"2007","80414",117,114
"2007","80415",3,0
"2007","80416",22,31
"2007","80417",19,12
"2007","80418",23,24
"2007","80419",8,11
"2007","80420",35,16
"2007","80421",4,3
"2007","80422",2,0
"2007","80423",31,27
"2007","80424",39,24
"2007","90101",539,414
"2007","90201",3850,2699
"2007","90301",2321,1785
"2007","90401",964,655
"2007","90501",1752,1264
"2007","90601",1028,696
"2007","90701",1030,743
"2007","90801",1666,912
"2007","90901",1782,1405
"2007","91001",3725,2352
"2007","91101",1706,1041
"2007","91201",2047,1418
"2007","91301",766,580
"2007","91401",1523,1027
"2007","91501",2599,1699
"2007","91601",2970,1962
"2007","91701",1671,1265
"2007","91801",1406,953
"2007","91901",1669,1218
"2007","92001",2317,1853
"2007","92101",1743,1239
"2007","92201",1613,1169
"2007","92301",942,669
"2008","10101",259,260
"2008","10201",17,10
"2008","10301",14,3
"2008","10302",9,6
"2008","10303",7,4
"2008","10304",32,15
"2008","10305",27,8
"2008","10306",4,2
"2008","10307",28,20
"2008","10308",13,6
"2008","10309",25,26
"2008","10310",2,2
"2008","10311",7,2
"2008","10312",18,6
"2008","10313",15,23
"2008","10314",12,9
"2008","10315",27,22
"2008","10316",19,8
"2008","10317",10,10
"2008","10318",13,6
"2008","10319",11,11
"2008","10320",2,0
"2008","10321",5,5
"2008","10322",6,5
"2008","10323",7,3
"2008","10401",11,3
"2008","10402",9,3
"2008","10403",15,9
"2008","10404",7,11
"2008","10405",49,14
"2008","10406",23,15
"2008","10407",12,2
"2008","10408",17,5
"2008","10409",15,4
"2008","10410",1,0
"2008","10411",9,6
"2008","10412",3,4
"2008","10413",8,3
"2008","10414",16,11
"2008","10415",54,13
"2008","10416",14,8
"2008","10417",28,8
"2008","10418",2,3
"2008","10419",0,5
"2008","10420",9,0
"2008","10421",0,1
"2008","10422",1,0
"2008","10423",1,0
"2008","10424",1,1
"2008","10425",NA,NA
"2008","10426",7,2
"2008","10427",2,2
"2008","10428",2,1
"2008","10501",10,4
"2008","10502",10,7
"2008","10503",19,7
"2008","10504",36,15
"2008","10505",13,5
"2008","10506",9,4
"2008","10507",5,5
"2008","10508",18,7
"2008","10509",23,6
"2008","10510",3,3
"2008","10511",0,4
"2008","10512",1,1
"2008","10601",40,11
"2008","10602",15,15
"2008","10603",14,6
"2008","10604",1,4
"2008","10605",19,10
"2008","10606",45,24
"2008","10607",49,41
"2008","10608",9,1
"2008","10609",19,7
"2008","10610",30,21
"2008","10611",17,8
"2008","10612",15,6
"2008","10613",47,17
"2008","10614",10,1
"2008","10615",17,14
"2008","10616",22,8
"2008","10617",10,7
"2008","10618",24,17
"2008","10619",8,2
"2008","10701",13,8
"2008","10702",5,5
"2008","10703",18,12
"2008","10704",3,7
"2008","10705",12,6
"2008","10706",6,11
"2008","10707",54,31
"2008","10708",3,2
"2008","10709",33,6
"2008","10710",13,7
"2008","10711",80,20
"2008","10712",11,11
"2008","10713",74,51
"2008","10714",15,12
"2008","10715",17,7
"2008","10716",2,3
"2008","10717",47,18
"2008","10718",14,16
"2008","10719",10,1
"2008","10720",5,5
"2008","10721",39,30
"2008","10722",13,14
"2008","10723",10,11
"2008","10724",13,9
"2008","10725",11,6
"2008","10726",1,1
"2008","10727",7,0
"2008","10801",9,4
"2008","10802",10,4
"2008","10803",9,13
"2008","10804",7,2
"2008","10805",60,12
"2008","10806",2,1
"2008","10807",7,7
"2008","10808",7,1
"2008","10809",7,6
"2008","10810",14,9
"2008","10811",21,11
"2008","10812",9,7
"2008","10813",4,2
"2008","10814",5,0
"2008","10815",3,7
"2008","10816",40,22
"2008","10817",5,1
"2008","10818",4,2
"2008","10819",6,0
"2008","10820",5,2
"2008","10821",12,6
"2008","10822",8,5
"2008","10823",8,10
"2008","10824",0,1
"2008","10825",9,4
"2008","10826",8,2
"2008","10827",1,0
"2008","10828",4,4
"2008","10901",14,9
"2008","10902",38,14
"2008","10903",0,5
"2008","10904",7,3
"2008","10905",37,9
"2008","10906",4,3
"2008","10907",10,8
"2008","10908",13,3
"2008","10909",10,11
"2008","10910",3,0
"2008","10911",4,3
"2008","10912",5,9
"2008","10913",2,6
"2008","10914",7,7
"2008","10915",4,2
"2008","10916",17,9
"2008","10917",68,35
"2008","10918",39,23
"2008","10919",45,7
"2008","10920",9,13
"2008","10921",2,10
"2008","10922",7,19
"2008","10923",74,28
"2008","10924",5,0
"2008","10925",11,3
"2008","10926",5,1
"2008","10927",1,3
"2008","10928",22,8
"2008","10929",1,1
"2008","10930",1,2
"2008","10931",NA,NA
"2008","10932",0,3
"2008","20101",1154,949
"2008","20201",509,459
"2008","20302",3,8
"2008","20305",39,25
"2008","20306",44,23
"2008","20307",24,8
"2008","20316",10,10
"2008","20320",13,12
"2008","20321",6,0
"2008","20402",29,39
"2008","20403",10,10
"2008","20405",48,43
"2008","20409",16,9
"2008","20412",14,6
"2008","20414",17,10
"2008","20415",46,43
"2008","20416",8,5
"2008","20417",13,11
"2008","20418",18,18
"2008","20419",16,7
"2008","20421",62,28
"2008","20424",32,25
"2008","20425",26,27
"2008","20428",8,3
"2008","20432",50,22
"2008","20435",25,14
"2008","20441",0,4
"2008","20442",9,8
"2008","20501",23,10
"2008","20502",3,23
"2008","20503",3,5
"2008","20504",6,7
"2008","20505",17,25
"2008","20506",22,18
"2008","20508",8,3
"2008","20509",13,9
"2008","20511",11,11
"2008","20512",15,11
"2008","20513",3,4
"2008","20515",35,16
"2008","20518",1,18
"2008","20519",2,3
"2008","20520",3,4
"2008","20523",28,20
"2008","20527",102,69
"2008","20530",10,9
"2008","20531",14,8
"2008","20534",12,18
"2008","20601",43,29
"2008","20602",14,15
"2008","20603",4,6
"2008","20604",6,7
"2008","20605",12,10
"2008","20607",3,7
"2008","20608",10,9
"2008","20609",8,3
"2008","20610",6,4
"2008","20611",13,5
"2008","20613",4,0
"2008","20616",6,10
"2008","20618",9,6
"2008","20619",11,6
"2008","20620",38,27
"2008","20622",2,7
"2008","20624",5,3
"2008","20625",2,4
"2008","20627",12,34
"2008","20630",122,31
"2008","20631",4,9
"2008","20632",3,2
"2008","20633",10,6
"2008","20634",29,27
"2008","20635",92,67
"2008","20636",19,15
"2008","20637",10,4
"2008","20638",0,12
"2008","20639",6,2
"2008","20640",7,11
"2008","20642",4,8
"2008","20643",9,6
"2008","20644",15,7
"2008","20701",6,0
"2008","20702",60,37
"2008","20703",2,4
"2008","20705",18,7
"2008","20707",5,7
"2008","20708",8,3
"2008","20710",10,9
"2008","20711",81,53
"2008","20712",3,1
"2008","20713",3,1
"2008","20719",14,5
"2008","20720",51,29
"2008","20721",18,4
"2008","20722",16,9
"2008","20723",7,8
"2008","20724",38,18
"2008","20725",123,73
"2008","20726",13,9
"2008","20727",50,27
"2008","20801",21,12
"2008","20802",3,4
"2008","20803",25,10
"2008","20804",7,8
"2008","20805",4,6
"2008","20806",11,2
"2008","20807",1,7
"2008","20808",16,42
"2008","20810",5,2
"2008","20812",8,3
"2008","20813",153,44
"2008","20815",16,6
"2008","20817",71,45
"2008","20901",26,4
"2008","20905",11,9
"2008","20909",9,4
"2008","20911",3,5
"2008","20912",4,4
"2008","20913",30,15
"2008","20914",0,9
"2008","20918",8,6
"2008","20923",73,62
"2008","21001",12,6
"2008","21002",63,60
"2008","21003",17,7
"2008","21004",8,3
"2008","21005",5,2
"2008","21006",9,6
"2008","21007",12,6
"2008","21008",32,14
"2008","21009",29,25
"2008","21010",9,6
"2008","30101",246,343
"2008","30201",547,509
"2008","30301",44,64
"2008","30401",394,322
"2008","30501",10,5
"2008","30502",176,149
"2008","30503",19,13
"2008","30504",23,16
"2008","30506",11,15
"2008","30507",3,7
"2008","30508",27,16
"2008","30509",5,16
"2008","30510",1,0
"2008","30511",2,2
"2008","30512",8,1
"2008","30514",21,18
"2008","30515",7,10
"2008","30516",7,8
"2008","30517",19,13
"2008","30520",7,10
"2008","30521",8,4
"2008","30522",1,7
"2008","30524",34,19
"2008","30526",3,1
"2008","30527",32,11
"2008","30529",6,6
"2008","30530",15,4
"2008","30531",41,42
"2008","30532",14,15
"2008","30533",23,28
"2008","30534",13,10
"2008","30536",2,2
"2008","30538",18,19
"2008","30539",6,4
"2008","30541",1,2
"2008","30542",10,3
"2008","30543",8,9
"2008","30544",8,3
"2008","30601",25,23
"2008","30602",54,40
"2008","30603",102,80
"2008","30604",253,256
"2008","30605",67,60
"2008","30607",118,78
"2008","30608",16,9
"2008","30609",4,1
"2008","30612",12,14
"2008","30613",31,23
"2008","30614",5,8
"2008","30615",73,127
"2008","30616",6,10
"2008","30618",31,42
"2008","30620",43,26
"2008","30621",15,13
"2008","30623",47,39
"2008","30625",36,38
"2008","30626",27,26
"2008","30627",23,33
"2008","30629",11,13
"2008","30631",10,8
"2008","30633",40,35
"2008","30635",29,42
"2008","30636",48,25
"2008","30637",12,19
"2008","30639",1237,257
"2008","30641",18,15
"2008","30645",13,11
"2008","30646",12,10
"2008","30701",2,0
"2008","30702",20,16
"2008","30703",11,4
"2008","30704",68,66
"2008","30706",22,14
"2008","30708",11,7
"2008","30709",12,13
"2008","30710",188,67
"2008","30711",17,9
"2008","30712",3,4
"2008","30713",7,4
"2008","30715",7,3
"2008","30716",28,15
"2008","30718",7,5
"2008","30719",10,11
"2008","30721",16,10
"2008","30722",18,8
"2008","30724",12,2
"2008","30726",8,7
"2008","30728",34,0
"2008","30729",24,20
"2008","30730",67,26
"2008","30731",28,16
"2008","30732",36,39
"2008","30733",8,1
"2008","30734",11,17
"2008","30735",18,22
"2008","30736",39,30
"2008","30737",2,8
"2008","30738",14,9
"2008","30739",11,10
"2008","30740",143,114
"2008","30741",38,15
"2008","30801",27,31
"2008","30802",5,8
"2008","30803",18,11
"2008","30804",11,13
"2008","30805",17,10
"2008","30808",71,46
"2008","30810",15,10
"2008","30811",17,17
"2008","30812",8,9
"2008","30813",6,6
"2008","30814",20,11
"2008","30817",72,62
"2008","30819",13,10
"2008","30821",43,55
"2008","30822",6,7
"2008","30824",5,4
"2008","30825",2,5
"2008","30826",2,2
"2008","30827",20,14
"2008","30828",10,1
"2008","30829",3,0
"2008","30830",54,42
"2008","30831",24,38
"2008","30834",29,37
"2008","30835",48,37
"2008","30836",15,7
"2008","30838",30,18
"2008","30841",13,6
"2008","30842",18,11
"2008","30844",24,22
"2008","30845",5,0
"2008","30846",14,7
"2008","30848",13,8
"2008","30849",72,40
"2008","30850",4,3
"2008","30852",20,12
"2008","30854",0,2
"2008","30856",35,36
"2008","30857",5,3
"2008","30858",15,15
"2008","30859",NA,NA
"2008","30860",20,13
"2008","30863",30,20
"2008","30865",12,6
"2008","30902",1,1
"2008","30903",4,2
"2008","30904",0,1
"2008","30906",3,3
"2008","30908",20,31
"2008","30909",4,5
"2008","30910",15,5
"2008","30912",4,1
"2008","30913",0,1
"2008","30915",1,0
"2008","30916",13,7
"2008","30917",0,4
"2008","30920",32,13
"2008","30921",4,3
"2008","30925",13,12
"2008","30929",4,1
"2008","30932",6,4
"2008","30935",18,8
"2008","30939",7,2
"2008","30940",1,2
"2008","30942",13,4
"2008","31001",5,1
"2008","31008",35,33
"2008","31009",5,4
"2008","31014",7,3
"2008","31015",37,18
"2008","31016",3,9
"2008","31018",4,5
"2008","31019",6,4
"2008","31021",9,9
"2008","31022",84,97
"2008","31025",6,2
"2008","31026",8,9
"2008","31028",3,2
"2008","31033",14,7
"2008","31035",19,12
"2008","31036",15,10
"2008","31037",45,25
"2008","31038",3,6
"2008","31041",1,2
"2008","31042",6,3
"2008","31043",12,9
"2008","31051",16,14
"2008","31052",14,10
"2008","31053",8,10
"2008","31101",3,3
"2008","31102",1,0
"2008","31103",3,5
"2008","31104",3,3
"2008","31105",6,23
"2008","31106",14,10
"2008","31107",8,7
"2008","31109",36,20
"2008","31110",4,4
"2008","31111",0,1
"2008","31113",0,4
"2008","31114",NA,NA
"2008","31117",0,1
"2008","31119",3,4
"2008","31120",2,4
"2008","31121",15,7
"2008","31123",1,1
"2008","31124",5,1
"2008","31129",2,3
"2008","31130",1,0
"2008","31201",40,35
"2008","31202",14,14
"2008","31203",18,11
"2008","31204",3,3
"2008","31205",13,17
"2008","31206",38,28
"2008","31207",10,16
"2008","31208",25,8
"2008","31213",173,132
"2008","31214",59,47
"2008","31215",4,10
"2008","31216",48,28
"2008","31224",6,2
"2008","31226",25,17
"2008","31227",10,8
"2008","31228",1,2
"2008","31229",9,9
"2008","31230",108,63
"2008","31234",6,13
"2008","31235",78,52
"2008","31301",4,4
"2008","31302",0,1
"2008","31303",6,1
"2008","31304",3,1
"2008","31308",11,2
"2008","31309",7,7
"2008","31310",16,13
"2008","31311",19,9
"2008","31315",38,19
"2008","31319",4,3
"2008","31321",1,2
"2008","31322",29,12
"2008","31323",7,18
"2008","31324",12,6
"2008","31326",3,2
"2008","31327",17,15
"2008","31330",12,4
"2008","31333",17,17
"2008","31336",2,2
"2008","31337",12,2
"2008","31338",10,10
"2008","31340",7,1
"2008","31343",17,10
"2008","31344",6,10
"2008","31346",3,9
"2008","31347",3,4
"2008","31350",NA,NA
"2008","31351",8,8
"2008","31355",9,6
"2008","31356",1,1
"2008","31401",34,15
"2008","31402",21,23
"2008","31403",34,34
"2008","31404",2,11
"2008","31405",11,7
"2008","31406",16,5
"2008","31407",35,38
"2008","31408",27,2
"2008","31409",26,8
"2008","31410",6,2
"2008","31411",37,16
"2008","31412",19,11
"2008","31413",31,17
"2008","31414",12,10
"2008","31502",10,2
"2008","31503",12,10
"2008","31504",13,11
"2008","31505",37,15
"2008","31506",4,1
"2008","31507",6,4
"2008","31508",3,5
"2008","31509",6,5
"2008","31511",13,6
"2008","31513",5,1
"2008","31514",6,8
"2008","31515",NA,NA
"2008","31516",7,0
"2008","31517",9,16
"2008","31519",7,4
"2008","31520",28,20
"2008","31521",22,21
"2008","31522",6,2
"2008","31523",4,2
"2008","31524",31,28
"2008","31525",11,8
"2008","31527",7,12
"2008","31528",1,5
"2008","31530",19,12
"2008","31531",10,9
"2008","31533",28,22
"2008","31534",10,2
"2008","31535",3,1
"2008","31537",23,9
"2008","31539",4,11
"2008","31540",22,11
"2008","31541",1,5
"2008","31542",15,8
"2008","31543",6,3
"2008","31546",5,8
"2008","31549",86,47
"2008","31550",1,1
"2008","31551",43,5
"2008","31552",1,3
"2008","31553",26,12
"2008","31601",0,2
"2008","31603",4,6
"2008","31604",33,13
"2008","31605",11,5
"2008","31606",20,6
"2008","31608",5,2
"2008","31609",5,1
"2008","31611",2,5
"2008","31612",30,11
"2008","31613",1,1
"2008","31614",29,19
"2008","31615",11,6
"2008","31616",7,5
"2008","31617",3,1
"2008","31620",13,4
"2008","31621",6,2
"2008","31622",0,4
"2008","31627",10,5
"2008","31628",5,6
"2008","31629",26,16
"2008","31630",11,6
"2008","31633",81,62
"2008","31634",1,1
"2008","31636",2,0
"2008","31642",13,8
"2008","31644",21,24
"2008","31645",5,4
"2008","31646",1,0
"2008","31649",2,4
"2008","31650",6,3
"2008","31651",17,9
"2008","31652",7,5
"2008","31653",4,6
"2008","31654",13,9
"2008","31655",76,47
"2008","31658",2,3
"2008","31701",6,4
"2008","31702",17,22
"2008","31703",55,50
"2008","31704",86,93
"2008","31706",7,11
"2008","31707",27,25
"2008","31709",28,35
"2008","31710",85,103
"2008","31711",3,8
"2008","31712",40,42
"2008","31713",27,20
"2008","31714",11,9
"2008","31715",40,21
"2008","31716",104,90
"2008","31717",297,289
"2008","31718",9,6
"2008","31719",119,111
"2008","31723",56,51
"2008","31725",66,66
"2008","31726",13,12
"2008","31801",2,3
"2008","31802",14,7
"2008","31803",9,2
"2008","31804",8,3
"2008","31805",2,0
"2008","31806",4,0
"2008","31807",4,3
"2008","31808",12,13
"2008","31809",4,6
"2008","31810",49,27
"2008","31811",26,20
"2008","31812",31,12
"2008","31813",14,14
"2008","31814",37,10
"2008","31815",2,4
"2008","31817",16,12
"2008","31818",121,95
"2008","31820",3,1
"2008","31821",23,18
"2008","31823",26,15
"2008","31825",11,3
"2008","31826",17,21
"2008","31827",0,3
"2008","31829",149,43
"2008","31830",2,0
"2008","31831",10,19
"2008","31832",19,4
"2008","31833",14,15
"2008","31834",1,1
"2008","31835",20,37
"2008","31836",17,25
"2008","31837",15,2
"2008","31838",29,19
"2008","31839",65,62
"2008","31840",1,2
"2008","31841",1,0
"2008","31842",6,1
"2008","31843",8,3
"2008","31844",2,4
"2008","31845",11,6
"2008","31846",11,13
"2008","31847",13,3
"2008","31848",2,1
"2008","31849",9,5
"2008","31901",14,4
"2008","31902",11,6
"2008","31903",13,30
"2008","31904",12,11
"2008","31905",48,32
"2008","31906",14,8
"2008","31907",38,35
"2008","31909",4,6
"2008","31910",21,17
"2008","31911",22,2
"2008","31912",49,40
"2008","31913",6,5
"2008","31915",7,6
"2008","31916",5,9
"2008","31917",2,1
"2008","31918",10,9
"2008","31919",15,14
"2008","31920",0,5
"2008","31921",13,20
"2008","31922",7,9
"2008","31923",2,2
"2008","31925",6,2
"2008","31926",38,40
"2008","31927",14,13
"2008","31928",2,3
"2008","31929",19,8
"2008","31930",19,19
"2008","31932",22,10
"2008","31934",14,15
"2008","31935",6,6
"2008","31938",4,2
"2008","31939",0,1
"2008","31940",4,4
"2008","31941",3,7
"2008","31943",45,40
"2008","31945",2,5
"2008","31946",11,4
"2008","31947",47,56
"2008","31948",22,12
"2008","31949",31,23
"2008","31950",22,29
"2008","31951",72,36
"2008","31952",84,76
"2008","31953",19,22
"2008","31954",14,6
"2008","32001",36,69
"2008","32002",32,12
"2008","32003",12,4
"2008","32004",6,1
"2008","32005",5,7
"2008","32006",0,6
"2008","32007",16,6
"2008","32008",25,10
"2008","32009",0,4
"2008","32010",NA,NA
"2008","32011",2,2
"2008","32012",7,0
"2008","32013",23,15
"2008","32014",4,1
"2008","32015",1,3
"2008","32016",8,21
"2008","32017",7,12
"2008","32018",0,1
"2008","32101",26,21
"2008","32104",9,5
"2008","32106",25,15
"2008","32107",19,35
"2008","32109",14,16
"2008","32110",13,12
"2008","32112",58,54
"2008","32114",18,14
"2008","32115",11,16
"2008","32116",16,7
"2008","32119",14,6
"2008","32120",20,15
"2008","32131",55,54
"2008","32132",11,12
"2008","32134",17,6
"2008","32135",124,120
"2008","32139",10,3
"2008","32140",11,14
"2008","32141",84,68
"2008","32142",103,55
"2008","32143",11,7
"2008","32144",261,224
"2008","32202",1,3
"2008","32203",3,0
"2008","32206",1,2
"2008","32207",13,5
"2008","32209",12,6
"2008","32210",7,3
"2008","32212",0,1
"2008","32214",1,1
"2008","32216",24,6
"2008","32217",3,3
"2008","32219",3,6
"2008","32220",9,12
"2008","32221",1,1
"2008","32222",2,0
"2008","32223",2,1
"2008","32301",33,20
"2008","32302",7,4
"2008","32304",44,25
"2008","32305",26,28
"2008","32306",14,13
"2008","32307",44,28
"2008","32308",24,13
"2008","32309",2,1
"2008","32310",6,6
"2008","32311",14,13
"2008","32312",4,7
"2008","32313",13,14
"2008","32314",29,16
"2008","32315",6,7
"2008","32316",30,22
"2008","32317",1,1
"2008","32318",22,27
"2008","32319",35,30
"2008","32320",10,9
"2008","32321",2,1
"2008","32322",1,3
"2008","32323",15,15
"2008","32324",1,1
"2008","32325",16,3
"2008","32326",3,3
"2008","32327",46,38
"2008","32330",44,37
"2008","32331",5,7
"2008","32332",9,31
"2008","32333",7,5
"2008","32334",8,5
"2008","32335",2,3
"2008","32336",29,18
"2008","32337",47,24
"2008","32338",13,5
"2008","32501",1,5
"2008","32502",0,3
"2008","32503",0,1
"2008","32504",3,0
"2008","32505",8,6
"2008","32506",10,0
"2008","32508",4,17
"2008","32509",7,3
"2008","32511",2,1
"2008","32514",NA,NA
"2008","32515",1,1
"2008","32516",3,4
"2008","32517",6,2
"2008","32518",2,2
"2008","32519",NA,NA
"2008","32520",0,2
"2008","32521",1,1
"2008","32522",5,6
"2008","32523",3,1
"2008","32524",4,2
"2008","32525",7,2
"2008","32528",7,4
"2008","32529",7,1
"2008","32530",18,15
"2008","40101",2749,2232
"2008","40201",523,413
"2008","40301",769,661
"2008","40401",29,24
"2008","40402",15,14
"2008","40403",8,3
"2008","40404",259,169
"2008","40405",32,21
"2008","40406",29,21
"2008","40407",12,9
"2008","40408",3,5
"2008","40409",16,16
"2008","40410",6,4
"2008","40411",6,5
"2008","40412",12,9
"2008","40413",47,25
"2008","40414",56,27
"2008","40415",4,5
"2008","40416",4,4
"2008","40417",4,2
"2008","40418",32,26
"2008","40419",3,6
"2008","40420",3,3
"2008","40421",90,62
"2008","40422",30,26
"2008","40423",4,1
"2008","40424",14,8
"2008","40425",10,5
"2008","40426",32,6
"2008","40427",7,6
"2008","40428",26,32
"2008","40429",4,3
"2008","40430",1,1
"2008","40431",13,9
"2008","40432",25,12
"2008","40433",4,3
"2008","40434",3,3
"2008","40435",5,1
"2008","40436",16,5
"2008","40437",33,19
"2008","40438",52,42
"2008","40439",3,0
"2008","40440",3,0
"2008","40441",27,14
"2008","40442",1,3
"2008","40443",9,9
"2008","40444",3,2
"2008","40445",38,11
"2008","40446",4,7
"2008","40501",33,24
"2008","40502",16,11
"2008","40503",20,18
"2008","40504",9,4
"2008","40505",15,5
"2008","40506",14,7
"2008","40507",11,10
"2008","40508",6,6
"2008","40509",5,5
"2008","40510",9,6
"2008","40511",13,14
"2008","40512",2,2
"2008","40601",43,30
"2008","40602",8,3
"2008","40603",11,7
"2008","40604",10,2
"2008","40605",5,0
"2008","40606",NA,NA
"2008","40607",2,3
"2008","40608",12,11
"2008","40609",5,3
"2008","40610",2,0
"2008","40611",2,2
"2008","40612",4,10
"2008","40613",6,3
"2008","40614",16,14
"2008","40615",9,12
"2008","40616",4,7
"2008","40617",7,6
"2008","40618",11,6
"2008","40619",2,7
"2008","40620",5,3
"2008","40621",2,1
"2008","40622",3,4
"2008","40623",2,1
"2008","40624",21,23
"2008","40625",2,1
"2008","40626",14,3
"2008","40627",14,13
"2008","40701",61,52
"2008","40702",36,45
"2008","40703",125,97
"2008","40704",111,74
"2008","40705",144,96
"2008","40706",26,37
"2008","40707",8,18
"2008","40708",10,7
"2008","40709",11,12
"2008","40710",7,5
"2008","40711",66,29
"2008","40712",10,4
"2008","40713",13,18
"2008","40714",33,23
"2008","40715",4,4
"2008","40716",12,13
"2008","40717",38,17
"2008","40718",8,7
"2008","40719",25,19
"2008","40720",36,36
"2008","40801",11,1
"2008","40802",40,29
"2008","40804",1,0
"2008","40805",35,21
"2008","40806",25,12
"2008","40807",8,4
"2008","40808",39,21
"2008","40809",19,10
"2008","40810",2,0
"2008","40811",11,3
"2008","40812",10,2
"2008","40813",1,8
"2008","40814",7,5
"2008","40815",NA,NA
"2008","40816",2,1
"2008","40817",6,5
"2008","40818",23,12
"2008","40820",5,1
"2008","40821",3,3
"2008","40822",9,18
"2008","40823",4,0
"2008","40824",4,1
"2008","40825",0,9
"2008","40826",NA,NA
"2008","40827",16,16
"2008","40828",1,0
"2008","40829",3,11
"2008","40830",NA,NA
"2008","40831",12,7
"2008","40832",13,10
"2008","40833",10,6
"2008","40834",7,7
"2008","40835",27,25
"2008","40901",3,4
"2008","40902",24,20
"2008","40903",4,5
"2008","40904",10,4
"2008","40905",13,12
"2008","40906",15,6
"2008","40907",29,24
"2008","40908",33,28
"2008","40909",19,15
"2008","40910",13,7
"2008","40911",8,2
"2008","40912",19,18
"2008","40913",17,4
"2008","40914",8,0
"2008","40915",8,4
"2008","40916",11,4
"2008","40917",16,11
"2008","40918",20,9
"2008","40919",1,0
"2008","40920",5,3
"2008","40921",3,0
"2008","40922",12,6
"2008","40923",23,14
"2008","41001",NA,NA
"2008","41002",186,147
"2008","41003",74,40
"2008","41004",1,6
"2008","41005",129,84
"2008","41006",6,4
"2008","41007",49,28
"2008","41008",3,5
"2008","41009",29,10
"2008","41010",18,23
"2008","41011",20,15
"2008","41012",221,150
"2008","41013",13,11
"2008","41014",33,33
"2008","41015",4,10
"2008","41016",13,7
"2008","41017",71,60
"2008","41018",6,1
"2008","41019",13,16
"2008","41020",17,4
"2008","41021",324,246
"2008","41022",67,56
"2008","41101",1,0
"2008","41102",3,5
"2008","41103",2,9
"2008","41104",4,3
"2008","41105",16,6
"2008","41106",5,4
"2008","41107",5,2
"2008","41108",369,62
"2008","41109",14,20
"2008","41110",25,14
"2008","41111",53,36
"2008","41112",4,2
"2008","41113",27,13
"2008","41114",22,4
"2008","41115",0,6
"2008","41116",60,52
"2008","41117",9,1
"2008","41118",10,6
"2008","41119",5,2
"2008","41120",12,2
"2008","41121",16,17
"2008","41122",10,2
"2008","41123",3,1
"2008","41124",37,21
"2008","41125",10,5
"2008","41126",5,3
"2008","41201",2,0
"2008","41202",8,5
"2008","41203",14,13
"2008","41204",20,7
"2008","41205",6,10
"2008","41206",1,1
"2008","41207",15,10
"2008","41208",14,1
"2008","41209",9,2
"2008","41210",1,4
"2008","41211",3,1
"2008","41212",7,6
"2008","41213",14,8
"2008","41214",9,12
"2008","41215",30,5
"2008","41216",2,1
"2008","41217",1,1
"2008","41218",10,9
"2008","41219",29,35
"2008","41220",25,26
"2008","41221",2,3
"2008","41222",NA,NA
"2008","41223",1,6
"2008","41224",20,5
"2008","41225",113,117
"2008","41226",1,2
"2008","41227",0,1
"2008","41228",11,7
"2008","41229",1,1
"2008","41230",8,0
"2008","41231",28,23
"2008","41232",15,11
"2008","41233",3,4
"2008","41234",15,2
"2008","41235",4,0
"2008","41236",1,0
"2008","41304",8,8
"2008","41305",NA,NA
"2008","41306",2,2
"2008","41307",1,0
"2008","41309",15,7
"2008","41311",1,1
"2008","41312",4,3
"2008","41313",2,1
"2008","41314",2,2
"2008","41315",3,5
"2008","41316",3,4
"2008","41317",10,3
"2008","41318",5,3
"2008","41319",0,3
"2008","41320",5,2
"2008","41321",20,15
"2008","41322",1,2
"2008","41323",3,2
"2008","41324",16,1
"2008","41325",0,4
"2008","41326",2,1
"2008","41327",9,8
"2008","41328",12,8
"2008","41329",4,5
"2008","41331",NA,NA
"2008","41332",7,13
"2008","41333",1,0
"2008","41334",6,5
"2008","41336",NA,NA
"2008","41337",2,8
"2008","41338",1,4
"2008","41341",4,5
"2008","41342",8,2
"2008","41343",16,9
"2008","41344",16,13
"2008","41345",3,5
"2008","41346",2,4
"2008","41401",2,1
"2008","41402",24,13
"2008","41403",13,16
"2008","41404",3,4
"2008","41405",20,1
"2008","41406",9,4
"2008","41407",8,16
"2008","41408",5,2
"2008","41409",13,16
"2008","41410",49,29
"2008","41411",10,11
"2008","41412",1,0
"2008","41413",7,5
"2008","41414",18,14
"2008","41415",6,1
"2008","41416",4,1
"2008","41417",8,1
"2008","41418",15,15
"2008","41419",17,11
"2008","41420",8,5
"2008","41421",0,4
"2008","41422",76,61
"2008","41423",40,20
"2008","41424",6,2
"2008","41425",51,93
"2008","41426",7,5
"2008","41427",42,26
"2008","41428",9,3
"2008","41429",6,12
"2008","41430",6,8
"2008","41501",8,4
"2008","41502",1,0
"2008","41503",34,30
"2008","41504",8,7
"2008","41505",12,9
"2008","41506",37,47
"2008","41507",15,7
"2008","41508",0,11
"2008","41509",9,4
"2008","41510",3,2
"2008","41511",9,3
"2008","41512",0,2
"2008","41513",4,3
"2008","41514",5,7
"2008","41515",26,33
"2008","41516",75,51
"2008","41517",17,4
"2008","41518",21,19
"2008","41521",12,4
"2008","41522",17,14
"2008","41601",7,3
"2008","41602",14,30
"2008","41603",15,10
"2008","41604",12,1
"2008","41605",37,27
"2008","41606",22,20
"2008","41607",34,18
"2008","41608",1,1
"2008","41609",19,11
"2008","41610",3,1
"2008","41611",5,11
"2008","41612",6,4
"2008","41613",20,11
"2008","41614",10,12
"2008","41615",13,18
"2008","41616",1,0
"2008","41617",39,28
"2008","41618",18,25
"2008","41619",7,1
"2008","41620",10,0
"2008","41621",2,5
"2008","41622",2,0
"2008","41623",2,0
"2008","41624",50,64
"2008","41626",17,17
"2008","41627",11,5
"2008","41628",6,6
"2008","41701",21,22
"2008","41702",12,8
"2008","41703",68,98
"2008","41704",3,1
"2008","41705",5,4
"2008","41706",9,5
"2008","41707",8,1
"2008","41708",2,1
"2008","41709",28,13
"2008","41710",21,29
"2008","41711",5,6
"2008","41712",9,9
"2008","41713",25,35
"2008","41714",1,0
"2008","41715",65,39
"2008","41716",18,7
"2008","41717",4,3
"2008","41718",8,17
"2008","41719",8,2
"2008","41720",7,3
"2008","41721",1,4
"2008","41722",40,23
"2008","41723",8,3
"2008","41724",1,0
"2008","41725",0,1
"2008","41726",18,23
"2008","41727",11,1
"2008","41728",NA,NA
"2008","41729",NA,NA
"2008","41730",7,3
"2008","41731",26,16
"2008","41732",13,6
"2008","41733",2,0
"2008","41734",1280,88
"2008","41735",21,25
"2008","41736",4,7
"2008","41737",26,25
"2008","41738",42,38
"2008","41739",28,28
"2008","41740",18,17
"2008","41741",8,7
"2008","41742",34,31
"2008","41743",41,109
"2008","41744",9,2
"2008","41745",15,12
"2008","41746",75,90
"2008","41747",25,14
"2008","41748",5,2
"2008","41749",11,7
"2008","41750",16,12
"2008","41751",20,8
"2008","41752",6,4
"2008","41801",NA,NA
"2008","41802",5,6
"2008","41803",8,7
"2008","41804",79,82
"2008","41805",15,7
"2008","41806",15,20
"2008","41807",4,0
"2008","41808",30,47
"2008","41809",8,2
"2008","41810",24,14
"2008","41811",42,29
"2008","41812",142,89
"2008","41813",NA,NA
"2008","41814",9,5
"2008","41815",0,1
"2008","41816",30,10
"2008","41817",15,12
"2008","41818",4,2
"2008","41819",4,6
"2008","41820",50,42
"2008","41821",20,17
"2008","41822",4,19
"2008","41823",72,65
"2008","41824",40,15
"2008","50101",3204,3167
"2008","50201",67,26
"2008","50202",31,27
"2008","50203",20,14
"2008","50204",43,36
"2008","50205",191,185
"2008","50206",1,1
"2008","50207",40,26
"2008","50208",29,19
"2008","50209",78,58
"2008","50210",3,6
"2008","50211",11,12
"2008","50212",0,2
"2008","50213",13,18
"2008","50301",62,46
"2008","50302",31,20
"2008","50303",34,36
"2008","50304",2,4
"2008","50305",30,22
"2008","50306",9,9
"2008","50307",6,8
"2008","50308",37,25
"2008","50309",44,35
"2008","50310",47,63
"2008","50311",33,28
"2008","50312",26,28
"2008","50313",6,2
"2008","50314",68,53
"2008","50315",54,34
"2008","50316",24,29
"2008","50317",56,24
"2008","50318",4,0
"2008","50319",23,33
"2008","50320",22,9
"2008","50321",34,19
"2008","50322",31,18
"2008","50323",20,18
"2008","50324",79,44
"2008","50325",21,5
"2008","50326",70,60
"2008","50327",40,17
"2008","50328",11,18
"2008","50329",20,15
"2008","50330",43,42
"2008","50331",3,1
"2008","50332",21,16
"2008","50335",54,46
"2008","50336",31,23
"2008","50337",29,22
"2008","50338",120,123
"2008","50339",94,63
"2008","50401",41,35
"2008","50402",70,64
"2008","50403",107,115
"2008","50404",76,61
"2008","50405",50,27
"2008","50406",32,21
"2008","50407",18,13
"2008","50408",27,21
"2008","50409",20,13
"2008","50410",18,17
"2008","50411",18,11
"2008","50412",19,9
"2008","50413",11,14
"2008","50414",42,143
"2008","50415",20,15
"2008","50416",21,7
"2008","50417",80,54
"2008","50418",174,173
"2008","50419",22,10
"2008","50420",29,22
"2008","50421",38,26
"2008","50422",20,20
"2008","50423",32,30
"2008","50424",26,20
"2008","50425",7,8
"2008","50501",0,1
"2008","50502",9,0
"2008","50503",13,10
"2008","50504",53,35
"2008","50505",1,1
"2008","50506",8,26
"2008","50507",4,3
"2008","50508",5,2
"2008","50509",26,19
"2008","50510",31,28
"2008","50511",8,0
"2008","50512",56,61
"2008","50513",6,3
"2008","50514",1,0
"2008","50515",5,1
"2008","50601",26,16
"2008","50602",24,44
"2008","50603",3,6
"2008","50604",20,9
"2008","50605",9,16
"2008","50606",34,27
"2008","50607",6,11
"2008","50608",2,4
"2008","50609",33,35
"2008","50610",14,18
"2008","50611",34,33
"2008","50612",30,13
"2008","50613",80,61
"2008","50614",4,11
"2008","50615",9,21
"2008","50616",25,71
"2008","50617",12,21
"2008","50618",63,28
"2008","50619",122,129
"2008","50620",9,8
"2008","50621",8,5
"2008","50622",20,23
"2008","50623",21,30
"2008","50624",10,8
"2008","50625",5,8
"2008","50626",7,11
"2008","50627",7,3
"2008","50628",180,176
"2008","60101",4980,4222
"2008","60305",14,26
"2008","60318",13,15
"2008","60323",4,6
"2008","60324",4,3
"2008","60326",2,6
"2008","60329",3,3
"2008","60341",2,2
"2008","60344",90,61
"2008","60345",22,15
"2008","60346",23,14
"2008","60347",12,11
"2008","60348",18,25
"2008","60349",42,24
"2008","60350",26,31
"2008","60351",20,17
"2008","60608",48,36
"2008","60611",26,20
"2008","60613",43,39
"2008","60617",37,33
"2008","60618",5,5
"2008","60619",24,11
"2008","60623",12,15
"2008","60624",29,22
"2008","60626",26,8
"2008","60628",9,13
"2008","60629",29,22
"2008","60632",32,20
"2008","60639",4,2
"2008","60641",1,1
"2008","60642",3,6
"2008","60645",18,25
"2008","60646",11,16
"2008","60647",1,3
"2008","60648",8,16
"2008","60651",8,8
"2008","60653",22,18
"2008","60654",11,14
"2008","60655",7,8
"2008","60656",5,7
"2008","60659",35,24
"2008","60660",17,7
"2008","60661",51,27
"2008","60662",27,27
"2008","60663",34,18
"2008","60664",66,61
"2008","60665",20,14
"2008","60666",8,4
"2008","60667",30,21
"2008","60668",9,12
"2008","60669",87,59
"2008","60670",32,41
"2008","61001",15,6
"2008","61002",7,2
"2008","61007",4,2
"2008","61008",1,5
"2008","61012",1,10
"2008","61013",10,1
"2008","61016",5,8
"2008","61017",11,9
"2008","61019",6,8
"2008","61020",4,6
"2008","61021",4,4
"2008","61024",13,9
"2008","61027",2,11
"2008","61030",7,2
"2008","61032",3,4
"2008","61033",9,6
"2008","61043",18,15
"2008","61045",19,20
"2008","61049",19,14
"2008","61050",31,15
"2008","61051",17,10
"2008","61052",8,12
"2008","61053",96,87
"2008","61054",13,19
"2008","61055",7,11
"2008","61057",6,2
"2008","61059",23,22
"2008","61060",49,19
"2008","61061",42,45
"2008","61101",12,12
"2008","61105",14,5
"2008","61106",9,7
"2008","61107",7,4
"2008","61108",292,348
"2008","61109",8,17
"2008","61110",8,9
"2008","61111",6,6
"2008","61112",NA,NA
"2008","61113",23,26
"2008","61114",17,11
"2008","61115",3,12
"2008","61116",4,7
"2008","61118",26,23
"2008","61119",3,1
"2008","61120",38,38
"2008","61203",10,9
"2008","61204",17,15
"2008","61205",0,4
"2008","61206",3,7
"2008","61207",58,27
"2008","61213",35,19
"2008","61215",10,10
"2008","61217",12,9
"2008","61222",6,5
"2008","61236",27,11
"2008","61243",8,10
"2008","61247",14,14
"2008","61251",14,12
"2008","61252",7,4
"2008","61253",48,31
"2008","61254",14,3
"2008","61255",59,32
"2008","61256",1,3
"2008","61257",30,30
"2008","61258",16,10
"2008","61259",72,43
"2008","61260",9,0
"2008","61261",8,13
"2008","61262",34,22
"2008","61263",50,50
"2008","61264",10,13
"2008","61265",186,112
"2008","61266",7,3
"2008","61267",26,24
"2008","61410",7,2
"2008","61413",1,0
"2008","61425",32,8
"2008","61428",1,1
"2008","61437",6,0
"2008","61438",24,32
"2008","61439",16,26
"2008","61440",12,19
"2008","61441",2,0
"2008","61442",12,10
"2008","61443",16,6
"2008","61444",18,24
"2008","61445",127,127
"2008","61446",8,8
"2008","61611",11,8
"2008","61612",18,12
"2008","61615",8,5
"2008","61618",7,10
"2008","61621",1,0
"2008","61624",12,7
"2008","61625",46,37
"2008","61626",30,20
"2008","61627",10,6
"2008","61628",9,1
"2008","61629",8,9
"2008","61630",0,3
"2008","61631",53,39
"2008","61632",10,13
"2008","61633",43,18
"2008","61701",10,1
"2008","61708",1,1
"2008","61710",10,2
"2008","61711",4,6
"2008","61716",11,8
"2008","61719",16,6
"2008","61727",19,18
"2008","61728",NA,NA
"2008","61729",7,2
"2008","61730",4,5
"2008","61731",1,1
"2008","61740",2,0
"2008","61741",4,1
"2008","61743",1,2
"2008","61744",1,1
"2008","61745",0,3
"2008","61746",10,3
"2008","61748",8,4
"2008","61750",4,4
"2008","61751",5,3
"2008","61756",7,7
"2008","61757",14,6
"2008","61758",12,3
"2008","61759",4,1
"2008","61760",69,44
"2008","61761",3,4
"2008","61762",0,14
"2008","61763",16,15
"2008","61764",7,3
"2008","61765",15,13
"2008","61766",68,35
"2008","62007",36,21
"2008","62008",4,3
"2008","62010",2,10
"2008","62014",10,2
"2008","62021",NA,NA
"2008","62026",5,2
"2008","62032",2,0
"2008","62034",3,0
"2008","62036",4,7
"2008","62038",66,30
"2008","62039",10,8
"2008","62040",52,43
"2008","62041",137,92
"2008","62042",15,14
"2008","62043",15,16
"2008","62044",16,7
"2008","62045",18,7
"2008","62046",7,10
"2008","62047",56,39
"2008","62048",9,11
"2008","62105",8,7
"2008","62115",22,9
"2008","62116",21,12
"2008","62125",6,5
"2008","62128",29,11
"2008","62131",21,4
"2008","62132",10,4
"2008","62135",32,23
"2008","62138",25,9
"2008","62139",170,144
"2008","62140",228,179
"2008","62141",21,19
"2008","62142",56,35
"2008","62143",87,64
"2008","62144",59,20
"2008","62145",38,25
"2008","62146",34,25
"2008","62147",21,24
"2008","62148",9,21
"2008","62202",8,2
"2008","62205",4,1
"2008","62206",7,3
"2008","62209",3,4
"2008","62211",7,4
"2008","62214",19,17
"2008","62216",8,2
"2008","62219",33,24
"2008","62220",13,14
"2008","62226",8,14
"2008","62232",0,4
"2008","62233",20,15
"2008","62235",15,5
"2008","62242",2,1
"2008","62244",12,12
"2008","62245",7,0
"2008","62247",16,12
"2008","62256",5,3
"2008","62262",8,4
"2008","62264",14,8
"2008","62265",6,1
"2008","62266",7,0
"2008","62268",20,10
"2008","62269",17,6
"2008","62270",3,2
"2008","62271",24,11
"2008","62272",12,13
"2008","62273",3,10
"2008","62274",19,18
"2008","62275",15,6
"2008","62276",7,5
"2008","62277",7,3
"2008","62278",1,8
"2008","62279",0,1
"2008","62280",84,44
"2008","62311",11,3
"2008","62314",2,0
"2008","62326",9,4
"2008","62330",1,2
"2008","62332",7,2
"2008","62335",4,1
"2008","62343",1,2
"2008","62368",1,2
"2008","62372",15,0
"2008","62375",47,36
"2008","62376",18,25
"2008","62377",2,1
"2008","62378",20,29
"2008","62379",106,70
"2008","62380",5,10
"2008","62381",13,13
"2008","62382",16,9
"2008","62383",27,21
"2008","62384",11,8
"2008","62385",5,4
"2008","62386",25,14
"2008","62387",5,5
"2008","62388",13,8
"2008","62389",22,9
"2008","62390",29,8
"2008","70101",2430,2078
"2008","70201",21,24
"2008","70202",33,40
"2008","70203",85,86
"2008","70204",2,1
"2008","70205",47,23
"2008","70206",1,0
"2008","70207",1,3
"2008","70208",125,69
"2008","70209",58,34
"2008","70210",2,1
"2008","70211",32,13
"2008","70212",13,9
"2008","70213",12,14
"2008","70214",23,24
"2008","70215",13,7
"2008","70216",12,9
"2008","70217",19,22
"2008","70218",16,3
"2008","70219",31,16
"2008","70220",737,558
"2008","70221",11,11
"2008","70222",14,17
"2008","70223",37,14
"2008","70224",6,16
"2008","70301",53,34
"2008","70302",34,26
"2008","70303",32,19
"2008","70304",56,43
"2008","70305",12,3
"2008","70306",10,18
"2008","70307",1,1
"2008","70308",8,2
"2008","70309",44,34
"2008","70310",52,58
"2008","70311",11,6
"2008","70312",90,61
"2008","70313",21,23
"2008","70314",2,1
"2008","70315",9,5
"2008","70317",5,1
"2008","70318",3,5
"2008","70319",42,24
"2008","70320",25,23
"2008","70322",6,12
"2008","70323",9,4
"2008","70325",14,10
"2008","70326",61,38
"2008","70328",17,11
"2008","70329",21,19
"2008","70331",16,13
"2008","70332",24,21
"2008","70333",13,17
"2008","70334",85,50
"2008","70335",14,6
"2008","70336",6,5
"2008","70337",9,12
"2008","70338",20,8
"2008","70339",5,9
"2008","70340",6,8
"2008","70342",4,3
"2008","70343",7,8
"2008","70344",32,16
"2008","70345",10,11
"2008","70346",88,75
"2008","70347",0,2
"2008","70348",27,22
"2008","70349",1,4
"2008","70350",11,6
"2008","70351",93,76
"2008","70352",5,4
"2008","70353",15,8
"2008","70354",140,128
"2008","70355",21,29
"2008","70356",14,13
"2008","70357",187,116
"2008","70358",40,30
"2008","70359",11,7
"2008","70360",16,12
"2008","70361",0,4
"2008","70362",3,0
"2008","70364",72,81
"2008","70365",22,9
"2008","70366",5,2
"2008","70367",55,61
"2008","70368",6,5
"2008","70369",101,99
"2008","70370",22,23
"2008","70401",26,14
"2008","70402",33,17
"2008","70403",123,64
"2008","70404",45,35
"2008","70405",7,2
"2008","70406",68,41
"2008","70407",9,8
"2008","70408",16,17
"2008","70409",85,56
"2008","70410",49,32
"2008","70411",170,119
"2008","70412",98,71
"2008","70413",25,13
"2008","70414",53,33
"2008","70415",11,2
"2008","70416",87,88
"2008","70417",34,14
"2008","70418",15,8
"2008","70419",24,21
"2008","70420",49,13
"2008","70501",34,37
"2008","70502",10,7
"2008","70503",55,30
"2008","70504",7,10
"2008","70505",22,11
"2008","70506",29,21
"2008","70508",82,49
"2008","70509",51,50
"2008","70510",30,26
"2008","70511",69,51
"2008","70512",30,29
"2008","70513",438,377
"2008","70514",26,37
"2008","70515",40,25
"2008","70516",5,4
"2008","70517",17,11
"2008","70518",18,26
"2008","70519",13,11
"2008","70520",39,29
"2008","70521",3,6
"2008","70522",18,53
"2008","70523",9,2
"2008","70524",32,37
"2008","70525",12,16
"2008","70526",58,124
"2008","70527",38,52
"2008","70528",14,19
"2008","70529",33,29
"2008","70530",80,44
"2008","70531",165,124
"2008","70601",4,3
"2008","70602",23,12
"2008","70603",107,30
"2008","70604",16,11
"2008","70605",29,27
"2008","70606",72,75
"2008","70607",14,7
"2008","70608",56,80
"2008","70609",8,15
"2008","70610",0,1
"2008","70611",16,9
"2008","70612",2,0
"2008","70613",16,24
"2008","70614",58,71
"2008","70615",31,23
"2008","70616",23,31
"2008","70617",32,26
"2008","70618",7,6
"2008","70619",15,11
"2008","70620",13,17
"2008","70621",86,99
"2008","70622",12,3
"2008","70623",9,11
"2008","70624",19,36
"2008","70625",2,5
"2008","70626",1,2
"2008","70627",3,0
"2008","70628",0,2
"2008","70629",6,5
"2008","70630",22,15
"2008","70701",0,3
"2008","70702",0,2
"2008","70703",2,0
"2008","70704",3,1
"2008","70705",5,4
"2008","70706",2,1
"2008","70707",16,5
"2008","70708",1,2
"2008","70709",3,3
"2008","70710",1,1
"2008","70711",7,3
"2008","70712",6,6
"2008","70713",0,6
"2008","70714",0,1
"2008","70715",3,5
"2008","70716",57,72
"2008","70717",10,31
"2008","70718",6,6
"2008","70719",10,18
"2008","70720",0,3
"2008","70721",0,1
"2008","70723",2,0
"2008","70724",6,4
"2008","70725",0,1
"2008","70726",5,0
"2008","70727",NA,NA
"2008","70728",12,10
"2008","70729",8,1
"2008","70731",1,1
"2008","70732",5,9
"2008","70733",1,0
"2008","70734",4,3
"2008","70735",6,7
"2008","70801",3,3
"2008","70802",14,9
"2008","70803",15,3
"2008","70804",13,10
"2008","70805",27,25
"2008","70806",9,10
"2008","70807",78,47
"2008","70808",10,4
"2008","70809",1,1
"2008","70810",2,2
"2008","70811",7,10
"2008","70812",NA,NA
"2008","70813",7,8
"2008","70814",2,6
"2008","70815",2,1
"2008","70816",12,13
"2008","70817",5,2
"2008","70818",18,16
"2008","70819",NA,NA
"2008","70820",24,32
"2008","70821",22,13
"2008","70822",8,1
"2008","70823",2,0
"2008","70824",11,2
"2008","70825",5,1
"2008","70826",18,12
"2008","70827",6,4
"2008","70828",57,72
"2008","70829",5,6
"2008","70830",0,2
"2008","70831",1,0
"2008","70832",22,16
"2008","70833",28,27
"2008","70834",NA,NA
"2008","70835",15,5
"2008","70836",19,12
"2008","70837",8,4
"2008","70901",59,35
"2008","70902",8,6
"2008","70903",NA,NA
"2008","70904",4,0
"2008","70905",13,21
"2008","70907",79,49
"2008","70908",27,29
"2008","70909",63,45
"2008","70910",13,13
"2008","70911",5,3
"2008","70912",11,11
"2008","70913",2,1
"2008","70914",4,5
"2008","70915",30,19
"2008","70916",8,5
"2008","70917",106,66
"2008","70918",39,35
"2008","70920",264,67
"2008","70921",15,10
"2008","70922",22,4
"2008","70923",12,9
"2008","70924",2,0
"2008","70925",17,9
"2008","70926",132,120
"2008","70927",11,4
"2008","70928",16,7
"2008","70929",8,3
"2008","70930",8,5
"2008","70931",11,18
"2008","70932",3,3
"2008","70933",13,4
"2008","70934",45,33
"2008","70935",19,16
"2008","70936",40,33
"2008","70937",15,14
"2008","70938",12,6
"2008","70939",22,18
"2008","70940",15,12
"2008","70941",3,2
"2008","80101",39,18
"2008","80102",2,3
"2008","80103",195,212
"2008","80104",44,39
"2008","80105",21,13
"2008","80106",37,32
"2008","80107",12,9
"2008","80108",23,12
"2008","80109",1,2
"2008","80110",28,25
"2008","80111",12,9
"2008","80112",6,5
"2008","80113",239,175
"2008","80114",3,3
"2008","80115",42,40
"2008","80116",78,65
"2008","80117",63,56
"2008","80118",3,5
"2008","80119",5,5
"2008","80120",32,23
"2008","80121",1,3
"2008","80122",42,46
"2008","80123",6,2
"2008","80124",8,6
"2008","80125",3,5
"2008","80126",42,35
"2008","80127",9,9
"2008","80128",25,28
"2008","80129",36,32
"2008","80201",31,19
"2008","80202",21,22
"2008","80203",19,9
"2008","80204",40,20
"2008","80205",5,3
"2008","80206",6,2
"2008","80207",416,378
"2008","80208",4,2
"2008","80209",16,5
"2008","80210",8,8
"2008","80211",19,15
"2008","80212",8,7
"2008","80213",35,42
"2008","80214",16,11
"2008","80215",151,161
"2008","80216",29,13
"2008","80217",70,71
"2008","80218",85,71
"2008","80219",11,18
"2008","80220",9,8
"2008","80221",11,6
"2008","80222",12,9
"2008","80223",16,7
"2008","80224",93,97
"2008","80225",5,8
"2008","80226",73,61
"2008","80227",19,11
"2008","80228",396,357
"2008","80229",2,2
"2008","80230",10,10
"2008","80231",7,7
"2008","80232",7,5
"2008","80233",7,6
"2008","80234",2,7
"2008","80235",34,35
"2008","80236",7,9
"2008","80237",3,6
"2008","80238",13,19
"2008","80239",11,6
"2008","80240",74,92
"2008","80301",623,599
"2008","80302",201,153
"2008","80303",208,192
"2008","80401",45,45
"2008","80402",0,3
"2008","80403",0,1
"2008","80404",619,451
"2008","80405",108,90
"2008","80406",6,4
"2008","80407",23,18
"2008","80408",106,92
"2008","80409",29,25
"2008","80410",52,26
"2008","80411",13,13
"2008","80412",28,21
"2008","80413",19,17
"2008","80414",97,107
"2008","80415",5,9
"2008","80416",41,27
"2008","80417",16,26
"2008","80418",24,29
"2008","80419",2,1
"2008","80420",30,19
"2008","80421",12,5
"2008","80422",2,2
"2008","80423",24,17
"2008","80424",45,28
"2008","90101",598,536
"2008","90201",3658,2905
"2008","90301",2232,1796
"2008","90401",1027,773
"2008","90501",1787,1389
"2008","90601",993,780
"2008","90701",1066,869
"2008","90801",1611,943
"2008","90901",1670,1544
"2008","91001",3844,2592
"2008","91101",1686,1237
"2008","91201",2161,1509
"2008","91301",731,607
"2008","91401",1466,1124
"2008","91501",2592,1798
"2008","91601",2916,2180
"2008","91701",1620,1286
"2008","91801",1421,1030
"2008","91901",1693,1435
"2008","92001",2429,1876
"2008","92101",1685,1382
"2008","92201",1619,1310
"2008","92301",975,775
"2009","10101",282,226
"2009","10201",18,18
"2009","10301",13,4
"2009","10302",5,6
"2009","10303",10,9
"2009","10304",18,29
"2009","10305",15,14
"2009","10306",2,4
"2009","10307",13,10
"2009","10308",8,5
"2009","10309",13,14
"2009","10310",7,4
"2009","10311",1,1
"2009","10312",27,7
"2009","10313",11,11
"2009","10314",6,8
"2009","10315",51,29
"2009","10316",13,13
"2009","10317",10,16
"2009","10318",20,8
"2009","10319",13,8
"2009","10320",1,1
"2009","10321",11,8
"2009","10322",1,3
"2009","10323",6,2
"2009","10401",4,4
"2009","10402",7,5
"2009","10403",46,17
"2009","10404",7,3
"2009","10405",63,29
"2009","10406",22,12
"2009","10407",5,12
"2009","10408",28,11
"2009","10409",11,9
"2009","10410",4,0
"2009","10411",6,5
"2009","10412",4,8
"2009","10413",4,3
"2009","10414",12,7
"2009","10415",55,21
"2009","10416",25,5
"2009","10417",76,26
"2009","10418",0,1
"2009","10419",11,5
"2009","10420",NA,NA
"2009","10421",6,0
"2009","10422",NA,NA
"2009","10423",1,3
"2009","10424",0,2
"2009","10425",NA,NA
"2009","10426",8,0
"2009","10427",0,1
"2009","10428",8,0
"2009","10501",8,6
"2009","10502",7,7
"2009","10503",28,14
"2009","10504",23,23
"2009","10505",10,11
"2009","10506",8,7
"2009","10507",5,4
"2009","10508",16,9
"2009","10509",25,21
"2009","10510",1,3
"2009","10511",0,2
"2009","10512",4,0
"2009","10601",22,14
"2009","10602",13,17
"2009","10603",11,12
"2009","10604",25,4
"2009","10605",16,8
"2009","10606",44,45
"2009","10607",19,36
"2009","10608",3,2
"2009","10609",15,20
"2009","10610",18,13
"2009","10611",9,9
"2009","10612",12,4
"2009","10613",33,11
"2009","10614",7,7
"2009","10615",15,19
"2009","10616",9,12
"2009","10617",4,3
"2009","10618",27,24
"2009","10619",9,5
"2009","10701",12,6
"2009","10702",8,5
"2009","10703",30,17
"2009","10704",9,9
"2009","10705",24,12
"2009","10706",19,4
"2009","10707",46,34
"2009","10708",4,4
"2009","10709",41,16
"2009","10710",12,4
"2009","10711",65,14
"2009","10712",21,5
"2009","10713",116,34
"2009","10714",45,16
"2009","10715",12,2
"2009","10716",3,0
"2009","10717",58,32
"2009","10718",16,8
"2009","10719",4,2
"2009","10720",5,7
"2009","10721",21,27
"2009","10722",20,7
"2009","10723",10,10
"2009","10724",15,2
"2009","10725",6,6
"2009","10726",3,1
"2009","10727",7,5
"2009","10801",11,9
"2009","10802",6,0
"2009","10803",5,2
"2009","10804",2,8
"2009","10805",38,23
"2009","10806",11,0
"2009","10807",4,10
"2009","10808",8,3
"2009","10809",13,6
"2009","10810",13,6
"2009","10811",14,10
"2009","10812",7,3
"2009","10813",10,2
"2009","10814",6,1
"2009","10815",6,4
"2009","10816",41,25
"2009","10817",2,1
"2009","10818",3,2
"2009","10819",0,1
"2009","10820",4,3
"2009","10821",10,3
"2009","10822",20,14
"2009","10823",5,11
"2009","10824",2,0
"2009","10825",38,10
"2009","10826",2,2
"2009","10827",0,3
"2009","10828",5,2
"2009","10901",11,4
"2009","10902",20,13
"2009","10903",7,2
"2009","10904",4,4
"2009","10905",35,13
"2009","10906",22,8
"2009","10907",13,10
"2009","10908",9,4
"2009","10909",6,2
"2009","10910",6,2
"2009","10911",5,1
"2009","10912",17,3
"2009","10913",5,2
"2009","10914",7,3
"2009","10915",6,7
"2009","10916",12,5
"2009","10917",89,41
"2009","10918",39,26
"2009","10919",26,31
"2009","10920",15,4
"2009","10921",4,4
"2009","10922",16,6
"2009","10923",51,69
"2009","10924",3,1
"2009","10925",8,8
"2009","10926",13,5
"2009","10927",3,2
"2009","10928",16,17
"2009","10929",NA,NA
"2009","10930",5,0
"2009","10931",3,0
"2009","10932",2,0
"2009","20101",1217,1110
"2009","20201",513,427
"2009","20302",2,6
"2009","20305",58,26
"2009","20306",65,26
"2009","20307",19,5
"2009","20316",9,6
"2009","20320",7,7
"2009","20321",8,6
"2009","20402",24,20
"2009","20403",12,24
"2009","20405",46,25
"2009","20409",21,9
"2009","20412",16,16
"2009","20414",3,9
"2009","20415",58,46
"2009","20416",7,17
"2009","20417",13,10
"2009","20418",18,11
"2009","20419",9,6
"2009","20421",41,29
"2009","20424",25,32
"2009","20425",30,19
"2009","20428",6,5
"2009","20432",29,45
"2009","20435",22,19
"2009","20441",0,2
"2009","20442",16,9
"2009","20501",16,19
"2009","20502",7,22
"2009","20503",3,0
"2009","20504",9,8
"2009","20505",17,24
"2009","20506",12,15
"2009","20508",4,2
"2009","20509",5,5
"2009","20511",10,7
"2009","20512",10,8
"2009","20513",4,7
"2009","20515",32,29
"2009","20518",12,6
"2009","20519",8,7
"2009","20520",2,4
"2009","20523",22,18
"2009","20527",80,76
"2009","20530",5,14
"2009","20531",10,6
"2009","20534",14,14
"2009","20601",72,21
"2009","20602",18,16
"2009","20603",3,5
"2009","20604",7,6
"2009","20605",9,11
"2009","20607",1,5
"2009","20608",5,7
"2009","20609",8,9
"2009","20610",9,3
"2009","20611",9,12
"2009","20613",1,0
"2009","20616",5,7
"2009","20618",6,15
"2009","20619",11,9
"2009","20620",34,12
"2009","20622",3,3
"2009","20624",1,2
"2009","20625",3,2
"2009","20627",27,34
"2009","20630",122,43
"2009","20631",3,3
"2009","20632",7,3
"2009","20633",4,3
"2009","20634",34,21
"2009","20635",109,88
"2009","20636",1,1
"2009","20637",5,4
"2009","20638",3,4
"2009","20639",16,0
"2009","20640",7,4
"2009","20642",9,3
"2009","20643",5,7
"2009","20644",9,5
"2009","20701",5,5
"2009","20702",52,26
"2009","20703",2,2
"2009","20705",15,8
"2009","20707",6,4
"2009","20708",13,0
"2009","20710",13,9
"2009","20711",59,69
"2009","20712",7,3
"2009","20713",7,2
"2009","20719",11,3
"2009","20720",26,27
"2009","20721",13,2
"2009","20722",14,15
"2009","20723",5,5
"2009","20724",34,28
"2009","20725",132,94
"2009","20726",6,12
"2009","20727",28,19
"2009","20801",18,8
"2009","20802",5,6
"2009","20803",30,20
"2009","20804",7,8
"2009","20805",12,4
"2009","20806",1,2
"2009","20807",10,3
"2009","20808",24,20
"2009","20810",6,5
"2009","20812",10,5
"2009","20813",117,52
"2009","20815",8,8
"2009","20817",52,40
"2009","20901",15,13
"2009","20905",6,4
"2009","20909",19,10
"2009","20911",0,4
"2009","20912",3,5
"2009","20913",34,26
"2009","20914",5,6
"2009","20918",11,4
"2009","20923",110,76
"2009","21001",8,11
"2009","21002",53,51
"2009","21003",13,5
"2009","21004",9,4
"2009","21005",8,6
"2009","21006",9,10
"2009","21007",10,6
"2009","21008",37,21
"2009","21009",21,16
"2009","21010",11,7
"2009","30101",251,233
"2009","30201",536,428
"2009","30301",70,37
"2009","30401",392,354
"2009","30501",5,11
"2009","30502",123,130
"2009","30503",14,17
"2009","30504",11,12
"2009","30506",13,10
"2009","30507",1,3
"2009","30508",18,30
"2009","30509",9,6
"2009","30510",3,11
"2009","30511",0,3
"2009","30512",1,3
"2009","30514",15,18
"2009","30515",9,2
"2009","30516",4,11
"2009","30517",17,7
"2009","30520",9,5
"2009","30521",3,3
"2009","30522",4,2
"2009","30524",16,25
"2009","30526",4,3
"2009","30527",19,19
"2009","30529",18,11
"2009","30530",5,17
"2009","30531",50,46
"2009","30532",4,7
"2009","30533",8,18
"2009","30534",17,7
"2009","30536",4,5
"2009","30538",22,15
"2009","30539",5,5
"2009","30541",0,1
"2009","30542",8,10
"2009","30543",3,3
"2009","30544",4,1
"2009","30601",20,26
"2009","30602",66,55
"2009","30603",69,73
"2009","30604",275,229
"2009","30605",68,50
"2009","30607",87,91
"2009","30608",22,12
"2009","30609",4,2
"2009","30612",23,15
"2009","30613",65,21
"2009","30614",6,2
"2009","30615",85,103
"2009","30616",3,2
"2009","30618",46,37
"2009","30620",32,14
"2009","30621",10,5
"2009","30623",33,26
"2009","30625",40,30
"2009","30626",25,19
"2009","30627",16,17
"2009","30629",16,10
"2009","30631",11,10
"2009","30633",9,10
"2009","30635",8,18
"2009","30636",40,34
"2009","30637",14,10
"2009","30639",1241,383
"2009","30641",54,15
"2009","30645",21,16
"2009","30646",22,8
"2009","30701",0,4
"2009","30702",18,14
"2009","30703",34,2
"2009","30704",84,62
"2009","30706",23,12
"2009","30708",12,3
"2009","30709",19,11
"2009","30710",174,64
"2009","30711",22,9
"2009","30712",6,3
"2009","30713",9,3
"2009","30715",9,4
"2009","30716",21,16
"2009","30718",4,2
"2009","30719",10,10
"2009","30721",17,21
"2009","30722",10,12
"2009","30724",10,10
"2009","30726",7,9
"2009","30728",35,6
"2009","30729",28,13
"2009","30730",54,43
"2009","30731",18,18
"2009","30732",31,34
"2009","30733",4,4
"2009","30734",26,18
"2009","30735",32,32
"2009","30736",37,29
"2009","30737",4,3
"2009","30738",7,12
"2009","30739",27,10
"2009","30740",159,172
"2009","30741",16,18
"2009","30801",16,12
"2009","30802",43,34
"2009","30803",22,16
"2009","30804",22,11
"2009","30805",15,21
"2009","30808",56,47
"2009","30810",10,7
"2009","30811",7,14
"2009","30812",6,5
"2009","30813",8,4
"2009","30814",7,9
"2009","30817",50,66
"2009","30819",7,6
"2009","30821",45,46
"2009","30822",2,2
"2009","30824",5,7
"2009","30825",2,2
"2009","30826",7,3
"2009","30827",9,4
"2009","30828",7,4
"2009","30829",2,6
"2009","30830",29,36
"2009","30831",53,35
"2009","30834",60,72
"2009","30835",24,32
"2009","30836",9,11
"2009","30838",20,22
"2009","30841",12,16
"2009","30842",22,21
"2009","30844",32,33
"2009","30845",5,5
"2009","30846",3,3
"2009","30848",6,10
"2009","30849",58,60
"2009","30850",2,1
"2009","30852",10,10
"2009","30854",0,4
"2009","30856",45,37
"2009","30857",3,3
"2009","30858",11,9
"2009","30859",NA,NA
"2009","30860",12,6
"2009","30863",13,18
"2009","30865",10,15
"2009","30902",NA,NA
"2009","30903",3,8
"2009","30904",NA,NA
"2009","30906",6,5
"2009","30908",22,25
"2009","30909",7,2
"2009","30910",4,10
"2009","30912",4,3
"2009","30913",0,6
"2009","30915",0,2
"2009","30916",10,14
"2009","30917",0,1
"2009","30920",63,15
"2009","30921",4,2
"2009","30925",5,13
"2009","30929",1,1
"2009","30932",3,4
"2009","30935",7,10
"2009","30939",1,1
"2009","30940",0,2
"2009","30942",12,10
"2009","31001",3,3
"2009","31008",32,23
"2009","31009",3,4
"2009","31014",7,10
"2009","31015",23,16
"2009","31016",2,4
"2009","31018",11,9
"2009","31019",11,6
"2009","31021",1,3
"2009","31022",82,88
"2009","31025",6,4
"2009","31026",3,7
"2009","31028",1,0
"2009","31033",9,6
"2009","31035",15,10
"2009","31036",15,8
"2009","31037",22,14
"2009","31038",8,5
"2009","31041",2,6
"2009","31042",6,5
"2009","31043",7,13
"2009","31051",7,8
"2009","31052",11,7
"2009","31053",7,8
"2009","31101",6,5
"2009","31102",1,1
"2009","31103",4,2
"2009","31104",4,4
"2009","31105",9,18
"2009","31106",10,13
"2009","31107",6,9
"2009","31109",28,23
"2009","31110",3,2
"2009","31111",NA,NA
"2009","31113",5,2
"2009","31114",0,1
"2009","31117",2,2
"2009","31119",5,2
"2009","31120",4,4
"2009","31121",5,14
"2009","31123",2,4
"2009","31124",2,3
"2009","31129",6,2
"2009","31130",0,1
"2009","31201",31,25
"2009","31202",3,9
"2009","31203",19,22
"2009","31204",2,4
"2009","31205",11,9
"2009","31206",18,48
"2009","31207",13,13
"2009","31208",10,10
"2009","31213",170,154
"2009","31214",61,42
"2009","31215",12,7
"2009","31216",40,45
"2009","31224",3,2
"2009","31226",18,19
"2009","31227",7,8
"2009","31228",9,1
"2009","31229",4,3
"2009","31230",105,104
"2009","31234",8,3
"2009","31235",77,73
"2009","31301",2,1
"2009","31302",NA,NA
"2009","31303",1,2
"2009","31304",4,7
"2009","31308",15,9
"2009","31309",6,5
"2009","31310",7,12
"2009","31311",11,10
"2009","31315",20,22
"2009","31319",5,0
"2009","31321",4,2
"2009","31322",22,22
"2009","31323",19,22
"2009","31324",2,9
"2009","31326",1,0
"2009","31327",22,13
"2009","31330",12,12
"2009","31333",4,11
"2009","31336",5,0
"2009","31337",4,4
"2009","31338",9,9
"2009","31340",2,3
"2009","31343",6,10
"2009","31344",7,11
"2009","31346",9,5
"2009","31347",7,7
"2009","31350",0,1
"2009","31351",10,4
"2009","31355",13,11
"2009","31356",2,0
"2009","31401",35,31
"2009","31402",21,12
"2009","31403",29,24
"2009","31404",7,4
"2009","31405",9,7
"2009","31406",10,7
"2009","31407",38,32
"2009","31408",22,15
"2009","31409",37,19
"2009","31410",6,3
"2009","31411",19,16
"2009","31412",12,22
"2009","31413",19,20
"2009","31414",6,3
"2009","31502",1,3
"2009","31503",14,4
"2009","31504",11,12
"2009","31505",28,18
"2009","31506",0,3
"2009","31507",6,6
"2009","31508",10,3
"2009","31509",3,6
"2009","31511",2,7
"2009","31513",0,5
"2009","31514",7,9
"2009","31515",2,2
"2009","31516",5,8
"2009","31517",13,7
"2009","31519",9,3
"2009","31520",23,14
"2009","31521",10,12
"2009","31522",8,6
"2009","31523",8,3
"2009","31524",30,19
"2009","31525",18,7
"2009","31527",17,17
"2009","31528",NA,NA
"2009","31530",4,19
"2009","31531",5,11
"2009","31533",21,14
"2009","31534",8,2
"2009","31535",4,1
"2009","31537",5,12
"2009","31539",12,14
"2009","31540",5,20
"2009","31541",0,1
"2009","31542",16,12
"2009","31543",3,2
"2009","31546",5,9
"2009","31549",42,31
"2009","31550",2,2
"2009","31551",24,5
"2009","31552",2,2
"2009","31553",25,18
"2009","31601",2,3
"2009","31603",4,2
"2009","31604",7,10
"2009","31605",1,4
"2009","31606",8,6
"2009","31608",5,4
"2009","31609",10,3
"2009","31611",2,5
"2009","31612",20,22
"2009","31613",0,2
"2009","31614",23,25
"2009","31615",11,6
"2009","31616",5,8
"2009","31617",4,5
"2009","31620",3,6
"2009","31621",8,4
"2009","31622",2,1
"2009","31627",2,4
"2009","31628",0,1
"2009","31629",18,32
"2009","31630",8,5
"2009","31633",65,75
"2009","31634",4,4
"2009","31636",1,2
"2009","31642",2,5
"2009","31644",16,17
"2009","31645",4,5
"2009","31646",4,1
"2009","31649",10,6
"2009","31650",2,7
"2009","31651",13,13
"2009","31652",7,10
"2009","31653",3,2
"2009","31654",9,13
"2009","31655",21,47
"2009","31658",0,1
"2009","31701",3,7
"2009","31702",18,20
"2009","31703",45,44
"2009","31704",78,81
"2009","31706",15,10
"2009","31707",23,17
"2009","31709",38,34
"2009","31710",84,80
"2009","31711",3,12
"2009","31712",34,41
"2009","31713",18,20
"2009","31714",4,9
"2009","31715",28,34
"2009","31716",95,73
"2009","31717",226,248
"2009","31718",10,8
"2009","31719",122,103
"2009","31723",65,46
"2009","31725",53,52
"2009","31726",11,6
"2009","31801",0,3
"2009","31802",6,6
"2009","31803",8,1
"2009","31804",2,3
"2009","31805",1,1
"2009","31806",2,1
"2009","31807",1,2
"2009","31808",10,6
"2009","31809",3,3
"2009","31810",42,40
"2009","31811",17,22
"2009","31812",37,11
"2009","31813",17,25
"2009","31814",29,12
"2009","31815",5,2
"2009","31817",15,13
"2009","31818",92,52
"2009","31820",2,3
"2009","31821",7,10
"2009","31823",22,15
"2009","31825",2,7
"2009","31826",10,12
"2009","31827",5,2
"2009","31829",187,79
"2009","31830",NA,NA
"2009","31831",11,19
"2009","31832",16,13
"2009","31833",8,7
"2009","31834",1,1
"2009","31835",17,31
"2009","31836",19,22
"2009","31837",14,7
"2009","31838",10,33
"2009","31839",67,46
"2009","31840",0,1
"2009","31841",0,2
"2009","31842",1,0
"2009","31843",12,4
"2009","31844",5,1
"2009","31845",8,9
"2009","31846",12,20
"2009","31847",5,7
"2009","31848",8,3
"2009","31849",3,5
"2009","31901",13,10
"2009","31902",15,4
"2009","31903",31,30
"2009","31904",5,4
"2009","31905",35,39
"2009","31906",11,8
"2009","31907",55,53
"2009","31909",3,6
"2009","31910",5,6
"2009","31911",18,11
"2009","31912",35,46
"2009","31913",4,6
"2009","31915",13,9
"2009","31916",4,15
"2009","31917",3,6
"2009","31918",13,4
"2009","31919",3,7
"2009","31920",2,1
"2009","31921",18,20
"2009","31922",4,6
"2009","31923",2,2
"2009","31925",6,12
"2009","31926",45,30
"2009","31927",37,9
"2009","31928",2,4
"2009","31929",28,24
"2009","31930",20,18
"2009","31932",8,9
"2009","31934",26,12
"2009","31935",5,3
"2009","31938",2,3
"2009","31939",NA,NA
"2009","31940",8,8
"2009","31941",12,4
"2009","31943",37,35
"2009","31945",3,3
"2009","31946",21,13
"2009","31947",77,58
"2009","31948",14,20
"2009","31949",50,41
"2009","31950",18,20
"2009","31951",89,65
"2009","31952",92,75
"2009","31953",33,19
"2009","31954",11,8
"2009","32001",30,51
"2009","32002",53,15
"2009","32003",8,6
"2009","32004",4,3
"2009","32005",6,6
"2009","32006",6,2
"2009","32007",13,6
"2009","32008",16,19
"2009","32009",4,2
"2009","32010",2,0
"2009","32011",1,1
"2009","32012",6,5
"2009","32013",11,9
"2009","32014",3,4
"2009","32015",2,3
"2009","32016",19,18
"2009","32017",8,2
"2009","32018",1,0
"2009","32101",24,11
"2009","32104",9,10
"2009","32106",11,5
"2009","32107",29,19
"2009","32109",10,12
"2009","32110",4,6
"2009","32112",57,49
"2009","32114",9,15
"2009","32115",9,14
"2009","32116",4,14
"2009","32119",7,14
"2009","32120",5,19
"2009","32131",53,43
"2009","32132",15,6
"2009","32134",11,9
"2009","32135",110,94
"2009","32139",3,4
"2009","32140",14,5
"2009","32141",23,40
"2009","32142",92,60
"2009","32143",8,11
"2009","32144",264,185
"2009","32202",3,1
"2009","32203",3,6
"2009","32206",2,8
"2009","32207",8,12
"2009","32209",2,6
"2009","32210",2,2
"2009","32212",1,0
"2009","32214",1,0
"2009","32216",14,8
"2009","32217",3,2
"2009","32219",0,6
"2009","32220",20,6
"2009","32221",1,5
"2009","32222",3,1
"2009","32223",3,4
"2009","32301",27,19
"2009","32302",8,2
"2009","32304",30,38
"2009","32305",34,41
"2009","32306",24,15
"2009","32307",36,44
"2009","32308",20,13
"2009","32309",2,0
"2009","32310",4,7
"2009","32311",12,14
"2009","32312",4,9
"2009","32313",13,15
"2009","32314",19,12
"2009","32315",14,9
"2009","32316",20,13
"2009","32317",1,0
"2009","32318",11,15
"2009","32319",25,43
"2009","32320",1,3
"2009","32321",4,2
"2009","32322",4,2
"2009","32323",7,10
"2009","32324",3,3
"2009","32325",6,7
"2009","32326",6,3
"2009","32327",42,33
"2009","32330",31,35
"2009","32331",5,5
"2009","32332",15,15
"2009","32333",3,8
"2009","32334",3,3
"2009","32335",7,2
"2009","32336",35,27
"2009","32337",29,26
"2009","32338",11,9
"2009","32501",24,6
"2009","32502",0,2
"2009","32503",NA,NA
"2009","32504",1,4
"2009","32505",6,2
"2009","32506",8,7
"2009","32508",7,10
"2009","32509",7,8
"2009","32511",11,6
"2009","32514",NA,NA
"2009","32515",2,1
"2009","32516",4,2
"2009","32517",4,0
"2009","32518",NA,NA
"2009","32519",1,0
"2009","32520",4,2
"2009","32521",0,1
"2009","32522",4,6
"2009","32523",2,5
"2009","32524",6,0
"2009","32525",4,6
"2009","32528",0,1
"2009","32529",2,2
"2009","32530",20,13
"2009","40101",2602,2289
"2009","40201",535,461
"2009","40301",756,679
"2009","40401",23,10
"2009","40402",12,13
"2009","40403",2,6
"2009","40404",155,177
"2009","40405",23,23
"2009","40406",27,21
"2009","40407",4,3
"2009","40408",10,9
"2009","40409",30,19
"2009","40410",10,10
"2009","40411",3,2
"2009","40412",1,9
"2009","40413",21,15
"2009","40414",50,23
"2009","40415",6,2
"2009","40416",4,0
"2009","40417",8,4
"2009","40418",41,31
"2009","40419",11,3
"2009","40420",3,7
"2009","40421",58,40
"2009","40422",9,14
"2009","40423",6,2
"2009","40424",5,10
"2009","40425",8,9
"2009","40426",22,12
"2009","40427",9,7
"2009","40428",31,24
"2009","40429",7,4
"2009","40430",6,3
"2009","40431",10,5
"2009","40432",8,1
"2009","40433",4,5
"2009","40434",2,0
"2009","40435",2,3
"2009","40436",11,14
"2009","40437",14,15
"2009","40438",39,54
"2009","40439",9,4
"2009","40440",0,2
"2009","40441",29,11
"2009","40442",1,3
"2009","40443",9,5
"2009","40444",7,3
"2009","40445",15,13
"2009","40446",1,0
"2009","40501",14,8
"2009","40502",25,11
"2009","40503",21,17
"2009","40504",11,11
"2009","40505",6,5
"2009","40506",10,2
"2009","40507",17,5
"2009","40508",4,4
"2009","40509",3,6
"2009","40510",3,5
"2009","40511",8,8
"2009","40512",2,2
"2009","40601",26,29
"2009","40602",1,8
"2009","40603",8,2
"2009","40604",6,8
"2009","40605",4,1
"2009","40606",NA,NA
"2009","40607",5,6
"2009","40608",3,4
"2009","40609",8,7
"2009","40610",2,5
"2009","40611",1,2
"2009","40612",11,6
"2009","40613",4,3
"2009","40614",7,24
"2009","40615",25,7
"2009","40616",6,11
"2009","40617",3,3
"2009","40618",8,4
"2009","40619",2,4
"2009","40620",2,4
"2009","40621",3,0
"2009","40622",7,1
"2009","40623",4,4
"2009","40624",25,23
"2009","40625",0,1
"2009","40626",24,6
"2009","40627",17,12
"2009","40701",68,45
"2009","40702",27,24
"2009","40703",136,119
"2009","40704",52,67
"2009","40705",127,92
"2009","40706",22,27
"2009","40707",23,10
"2009","40708",4,10
"2009","40709",11,11
"2009","40710",9,1
"2009","40711",56,53
"2009","40712",7,5
"2009","40713",19,8
"2009","40714",28,17
"2009","40715",4,4
"2009","40716",1,2
"2009","40717",33,17
"2009","40718",11,7
"2009","40719",17,22
"2009","40720",38,22
"2009","40801",6,6
"2009","40802",33,37
"2009","40804",0,1
"2009","40805",44,23
"2009","40806",31,15
"2009","40807",5,4
"2009","40808",29,16
"2009","40809",8,10
"2009","40810",NA,NA
"2009","40811",4,5
"2009","40812",9,9
"2009","40813",4,6
"2009","40814",3,0
"2009","40815",1,1
"2009","40816",2,2
"2009","40817",3,3
"2009","40818",16,14
"2009","40820",0,4
"2009","40821",4,0
"2009","40822",6,5
"2009","40823",1,2
"2009","40824",4,6
"2009","40825",NA,NA
"2009","40826",1,1
"2009","40827",13,16
"2009","40828",NA,NA
"2009","40829",8,5
"2009","40830",3,1
"2009","40831",24,8
"2009","40832",13,13
"2009","40833",7,10
"2009","40834",5,5
"2009","40835",18,16
"2009","40901",10,3
"2009","40902",19,22
"2009","40903",10,6
"2009","40904",9,6
"2009","40905",22,13
"2009","40906",10,21
"2009","40907",35,20
"2009","40908",22,25
"2009","40909",8,8
"2009","40910",7,13
"2009","40911",6,5
"2009","40912",26,20
"2009","40913",12,9
"2009","40914",5,2
"2009","40915",9,6
"2009","40916",9,7
"2009","40917",17,22
"2009","40918",9,11
"2009","40919",1,2
"2009","40920",5,4
"2009","40921",4,1
"2009","40922",13,2
"2009","40923",23,10
"2009","41001",5,4
"2009","41002",211,150
"2009","41003",64,52
"2009","41004",1,2
"2009","41005",90,78
"2009","41006",7,3
"2009","41007",49,37
"2009","41008",3,1
"2009","41009",33,18
"2009","41010",12,9
"2009","41011",19,8
"2009","41012",226,148
"2009","41013",6,16
"2009","41014",18,27
"2009","41015",2,4
"2009","41016",22,12
"2009","41017",57,51
"2009","41018",8,3
"2009","41019",14,9
"2009","41020",12,8
"2009","41021",328,273
"2009","41022",68,52
"2009","41101",3,4
"2009","41102",1,2
"2009","41103",7,8
"2009","41104",2,3
"2009","41105",15,10
"2009","41106",3,3
"2009","41107",4,3
"2009","41108",195,160
"2009","41109",12,9
"2009","41110",13,14
"2009","41111",49,42
"2009","41112",2,8
"2009","41113",17,7
"2009","41114",19,9
"2009","41115",1,1
"2009","41116",42,46
"2009","41117",4,4
"2009","41118",8,7
"2009","41119",0,3
"2009","41120",7,12
"2009","41121",23,8
"2009","41122",6,1
"2009","41123",0,3
"2009","41124",33,16
"2009","41125",17,5
"2009","41126",4,4
"2009","41201",5,2
"2009","41202",1,6
"2009","41203",11,9
"2009","41204",2,4
"2009","41205",8,3
"2009","41206",0,1
"2009","41207",16,21
"2009","41208",7,3
"2009","41209",6,5
"2009","41210",4,0
"2009","41211",7,4
"2009","41212",8,5
"2009","41213",3,9
"2009","41214",10,7
"2009","41215",14,24
"2009","41216",1,0
"2009","41217",5,2
"2009","41218",6,10
"2009","41219",34,15
"2009","41220",5,5
"2009","41221",3,0
"2009","41222",NA,NA
"2009","41223",10,2
"2009","41224",16,17
"2009","41225",114,116
"2009","41226",3,1
"2009","41227",1,1
"2009","41228",10,5
"2009","41229",2,1
"2009","41230",1,3
"2009","41231",24,15
"2009","41232",6,10
"2009","41233",8,10
"2009","41234",9,12
"2009","41235",3,2
"2009","41236",1,0
"2009","41304",4,1
"2009","41305",0,1
"2009","41306",1,4
"2009","41307",1,2
"2009","41309",9,4
"2009","41311",NA,NA
"2009","41312",1,1
"2009","41313",6,3
"2009","41314",3,1
"2009","41315",1,4
"2009","41316",2,3
"2009","41317",1,9
"2009","41318",8,6
"2009","41319",4,0
"2009","41320",NA,NA
"2009","41321",16,19
"2009","41322",1,5
"2009","41323",5,10
"2009","41324",16,11
"2009","41325",4,0
"2009","41326",1,1
"2009","41327",11,8
"2009","41328",6,11
"2009","41329",11,4
"2009","41331",NA,NA
"2009","41332",8,10
"2009","41333",0,1
"2009","41334",3,0
"2009","41336",1,1
"2009","41337",2,2
"2009","41338",6,1
"2009","41341",3,9
"2009","41342",8,7
"2009","41343",18,14
"2009","41344",13,15
"2009","41345",3,5
"2009","41346",2,3
"2009","41401",2,0
"2009","41402",20,16
"2009","41403",18,10
"2009","41404",2,9
"2009","41405",7,7
"2009","41406",8,3
"2009","41407",5,9
"2009","41408",4,2
"2009","41409",10,10
"2009","41410",37,27
"2009","41411",5,12
"2009","41412",0,1
"2009","41413",6,4
"2009","41414",11,10
"2009","41415",4,4
"2009","41416",4,4
"2009","41417",6,1
"2009","41418",33,17
"2009","41419",11,6
"2009","41420",5,9
"2009","41421",3,3
"2009","41422",88,72
"2009","41423",31,28
"2009","41424",13,3
"2009","41425",41,77
"2009","41426",17,11
"2009","41427",25,19
"2009","41428",3,4
"2009","41429",5,9
"2009","41430",3,7
"2009","41501",9,9
"2009","41502",4,8
"2009","41503",19,18
"2009","41504",5,19
"2009","41505",9,9
"2009","41506",37,42
"2009","41507",3,8
"2009","41508",4,1
"2009","41509",5,5
"2009","41510",1,2
"2009","41511",7,3
"2009","41512",3,2
"2009","41513",5,5
"2009","41514",12,10
"2009","41515",31,29
"2009","41516",56,47
"2009","41517",12,8
"2009","41518",20,14
"2009","41521",9,6
"2009","41522",20,34
"2009","41601",5,3
"2009","41602",17,8
"2009","41603",16,9
"2009","41604",3,5
"2009","41605",26,30
"2009","41606",12,16
"2009","41607",26,17
"2009","41608",6,0
"2009","41609",21,13
"2009","41610",1,5
"2009","41611",8,5
"2009","41612",6,3
"2009","41613",10,10
"2009","41614",11,9
"2009","41615",8,10
"2009","41616",3,0
"2009","41617",34,18
"2009","41618",24,15
"2009","41619",2,1
"2009","41620",2,3
"2009","41621",4,1
"2009","41622",0,6
"2009","41623",1,1
"2009","41624",35,28
"2009","41626",15,16
"2009","41627",7,2
"2009","41628",7,8
"2009","41701",30,34
"2009","41702",11,13
"2009","41703",75,66
"2009","41704",3,2
"2009","41705",2,2
"2009","41706",3,5
"2009","41707",4,2
"2009","41708",2,0
"2009","41709",13,9
"2009","41710",20,14
"2009","41711",9,3
"2009","41712",6,1
"2009","41713",38,40
"2009","41714",2,1
"2009","41715",39,50
"2009","41716",7,3
"2009","41717",1,0
"2009","41718",15,5
"2009","41719",7,8
"2009","41720",3,1
"2009","41721",4,2
"2009","41722",17,15
"2009","41723",7,4
"2009","41724",NA,NA
"2009","41725",0,2
"2009","41726",11,10
"2009","41727",3,1
"2009","41728",NA,NA
"2009","41729",1,0
"2009","41730",5,15
"2009","41731",20,12
"2009","41732",4,7
"2009","41733",NA,NA
"2009","41734",985,92
"2009","41735",43,26
"2009","41736",9,4
"2009","41737",24,26
"2009","41738",37,40
"2009","41739",21,20
"2009","41740",15,17
"2009","41741",13,16
"2009","41742",34,25
"2009","41743",61,154
"2009","41744",3,4
"2009","41745",16,23
"2009","41746",122,97
"2009","41747",23,13
"2009","41748",3,0
"2009","41749",6,11
"2009","41750",15,1
"2009","41751",19,5
"2009","41752",8,9
"2009","41801",5,0
"2009","41802",4,2
"2009","41803",9,9
"2009","41804",116,90
"2009","41805",8,4
"2009","41806",9,14
"2009","41807",0,1
"2009","41808",35,25
"2009","41809",9,5
"2009","41810",23,30
"2009","41811",42,38
"2009","41812",110,136
"2009","41813",2,0
"2009","41814",2,9
"2009","41815",1,0
"2009","41816",29,17
"2009","41817",8,10
"2009","41818",2,5
"2009","41819",7,2
"2009","41820",50,45
"2009","41821",15,15
"2009","41822",5,7
"2009","41823",78,33
"2009","41824",40,17
"2009","50101",3331,3495
"2009","50201",62,29
"2009","50202",27,25
"2009","50203",20,26
"2009","50204",38,36
"2009","50205",185,173
"2009","50206",3,6
"2009","50207",33,38
"2009","50208",29,29
"2009","50209",53,23
"2009","50210",7,9
"2009","50211",6,6
"2009","50212",4,4
"2009","50213",11,15
"2009","50301",53,44
"2009","50302",17,21
"2009","50303",30,41
"2009","50304",4,4
"2009","50305",26,38
"2009","50306",9,7
"2009","50307",6,6
"2009","50308",27,25
"2009","50309",30,25
"2009","50310",74,44
"2009","50311",12,11
"2009","50312",25,28
"2009","50313",3,4
"2009","50314",62,62
"2009","50315",37,39
"2009","50316",30,23
"2009","50317",43,46
"2009","50318",5,0
"2009","50319",41,27
"2009","50320",11,3
"2009","50321",17,20
"2009","50322",22,21
"2009","50323",14,28
"2009","50324",62,67
"2009","50325",8,12
"2009","50326",58,55
"2009","50327",28,29
"2009","50328",14,22
"2009","50329",10,22
"2009","50330",68,39
"2009","50331",3,2
"2009","50332",14,16
"2009","50335",43,42
"2009","50336",30,22
"2009","50337",26,23
"2009","50338",142,119
"2009","50339",66,77
"2009","50401",33,45
"2009","50402",70,78
"2009","50403",95,78
"2009","50404",80,78
"2009","50405",18,47
"2009","50406",22,20
"2009","50407",9,10
"2009","50408",22,20
"2009","50409",16,16
"2009","50410",23,19
"2009","50411",14,16
"2009","50412",11,19
"2009","50413",7,10
"2009","50414",12,22
"2009","50415",15,20
"2009","50416",26,12
"2009","50417",70,50
"2009","50418",178,152
"2009","50419",26,21
"2009","50420",20,15
"2009","50421",21,19
"2009","50422",6,17
"2009","50423",42,26
"2009","50424",32,25
"2009","50425",14,4
"2009","50501",0,1
"2009","50502",0,3
"2009","50503",38,30
"2009","50504",44,38
"2009","50505",9,2
"2009","50506",6,15
"2009","50507",13,1
"2009","50508",4,2
"2009","50509",27,23
"2009","50510",31,23
"2009","50511",5,8
"2009","50512",196,57
"2009","50513",4,1
"2009","50514",3,0
"2009","50515",3,3
"2009","50601",12,7
"2009","50602",38,52
"2009","50603",7,7
"2009","50604",4,13
"2009","50605",15,13
"2009","50606",43,27
"2009","50607",5,2
"2009","50608",5,2
"2009","50609",26,26
"2009","50610",27,10
"2009","50611",34,26
"2009","50612",15,28
"2009","50613",72,63
"2009","50614",9,11
"2009","50615",13,20
"2009","50616",42,47
"2009","50617",30,20
"2009","50618",62,46
"2009","50619",118,90
"2009","50620",12,4
"2009","50621",0,2
"2009","50622",20,15
"2009","50623",11,9
"2009","50624",9,7
"2009","50625",0,5
"2009","50626",7,11
"2009","50627",6,3
"2009","50628",172,164
"2009","60101",4886,4359
"2009","60305",10,8
"2009","60318",29,19
"2009","60323",10,7
"2009","60324",4,3
"2009","60326",3,2
"2009","60329",3,3
"2009","60341",4,1
"2009","60344",52,56
"2009","60345",22,11
"2009","60346",16,14
"2009","60347",19,18
"2009","60348",17,16
"2009","60349",43,27
"2009","60350",32,16
"2009","60351",22,10
"2009","60608",34,43
"2009","60611",28,19
"2009","60613",38,61
"2009","60617",31,37
"2009","60618",4,2
"2009","60619",22,8
"2009","60623",21,8
"2009","60624",47,25
"2009","60626",9,11
"2009","60628",8,11
"2009","60629",23,16
"2009","60632",5,21
"2009","60639",6,3
"2009","60641",4,3
"2009","60642",8,5
"2009","60645",34,44
"2009","60646",25,8
"2009","60647",1,1
"2009","60648",20,12
"2009","60651",4,4
"2009","60653",32,12
"2009","60654",12,15
"2009","60655",11,5
"2009","60656",7,4
"2009","60659",36,27
"2009","60660",24,20
"2009","60661",40,19
"2009","60662",14,18
"2009","60663",26,26
"2009","60664",82,50
"2009","60665",19,19
"2009","60666",11,12
"2009","60667",29,31
"2009","60668",6,9
"2009","60669",79,59
"2009","60670",56,22
"2009","61001",7,3
"2009","61002",23,15
"2009","61007",10,4
"2009","61008",2,4
"2009","61012",17,2
"2009","61013",7,6
"2009","61016",8,3
"2009","61017",6,10
"2009","61019",23,9
"2009","61020",6,5
"2009","61021",3,5
"2009","61024",28,11
"2009","61027",2,4
"2009","61030",3,3
"2009","61032",2,2
"2009","61033",5,8
"2009","61043",26,6
"2009","61045",21,25
"2009","61049",14,12
"2009","61050",13,13
"2009","61051",9,12
"2009","61052",8,13
"2009","61053",83,73
"2009","61054",12,16
"2009","61055",6,2
"2009","61057",22,3
"2009","61059",33,23
"2009","61060",17,14
"2009","61061",37,48
"2009","61101",7,15
"2009","61105",6,6
"2009","61106",6,3
"2009","61107",5,2
"2009","61108",323,349
"2009","61109",15,15
"2009","61110",9,4
"2009","61111",3,6
"2009","61112",3,0
"2009","61113",36,32
"2009","61114",18,13
"2009","61115",7,2
"2009","61116",4,5
"2009","61118",10,15
"2009","61119",4,0
"2009","61120",33,38
"2009","61203",6,10
"2009","61204",12,14
"2009","61205",9,2
"2009","61206",4,3
"2009","61207",80,49
"2009","61213",21,18
"2009","61215",18,7
"2009","61217",12,10
"2009","61222",1,7
"2009","61236",25,16
"2009","61243",12,9
"2009","61247",7,14
"2009","61251",5,3
"2009","61252",7,0
"2009","61253",40,49
"2009","61254",3,8
"2009","61255",84,36
"2009","61256",13,2
"2009","61257",13,17
"2009","61258",13,10
"2009","61259",36,52
"2009","61260",16,6
"2009","61261",4,4
"2009","61262",24,22
"2009","61263",37,41
"2009","61264",6,6
"2009","61265",159,136
"2009","61266",7,11
"2009","61267",39,38
"2009","61410",2,2
"2009","61413",1,4
"2009","61425",12,8
"2009","61428",1,1
"2009","61437",2,2
"2009","61438",46,24
"2009","61439",23,19
"2009","61440",10,10
"2009","61441",4,0
"2009","61442",27,12
"2009","61443",13,10
"2009","61444",27,18
"2009","61445",143,125
"2009","61446",9,9
"2009","61611",6,5
"2009","61612",13,18
"2009","61615",9,3
"2009","61618",5,5
"2009","61621",2,2
"2009","61624",8,14
"2009","61625",45,28
"2009","61626",17,23
"2009","61627",8,9
"2009","61628",6,7
"2009","61629",6,4
"2009","61630",6,5
"2009","61631",48,35
"2009","61632",14,8
"2009","61633",19,19
"2009","61701",4,0
"2009","61708",4,0
"2009","61710",6,3
"2009","61711",1,5
"2009","61716",11,5
"2009","61719",12,7
"2009","61727",8,9
"2009","61728",1,0
"2009","61729",11,8
"2009","61730",6,3
"2009","61731",1,3
"2009","61740",0,2
"2009","61741",9,8
"2009","61743",4,4
"2009","61744",NA,NA
"2009","61745",1,1
"2009","61746",3,7
"2009","61748",14,8
"2009","61750",4,2
"2009","61751",4,4
"2009","61756",16,6
"2009","61757",5,10
"2009","61758",15,5
"2009","61759",8,4
"2009","61760",59,44
"2009","61761",4,1
"2009","61762",3,2
"2009","61763",21,4
"2009","61764",2,3
"2009","61765",17,20
"2009","61766",46,34
"2009","62007",28,24
"2009","62008",9,3
"2009","62010",4,6
"2009","62014",8,5
"2009","62021",2,2
"2009","62026",8,3
"2009","62032",0,5
"2009","62034",0,1
"2009","62036",4,2
"2009","62038",54,57
"2009","62039",18,12
"2009","62040",75,54
"2009","62041",143,117
"2009","62042",12,7
"2009","62043",6,10
"2009","62044",6,21
"2009","62045",28,15
"2009","62046",5,11
"2009","62047",43,38
"2009","62048",14,11
"2009","62105",18,10
"2009","62115",8,8
"2009","62116",12,6
"2009","62125",14,4
"2009","62128",24,15
"2009","62131",13,31
"2009","62132",12,20
"2009","62135",40,11
"2009","62138",33,29
"2009","62139",125,121
"2009","62140",203,191
"2009","62141",29,24
"2009","62142",57,37
"2009","62143",79,63
"2009","62144",145,31
"2009","62145",49,23
"2009","62146",28,20
"2009","62147",20,29
"2009","62148",33,15
"2009","62202",7,6
"2009","62205",1,4
"2009","62206",6,5
"2009","62209",5,3
"2009","62211",5,4
"2009","62214",18,16
"2009","62216",8,6
"2009","62219",20,31
"2009","62220",12,27
"2009","62226",9,8
"2009","62232",4,3
"2009","62233",15,11
"2009","62235",32,22
"2009","62242",1,0
"2009","62244",10,12
"2009","62245",3,0
"2009","62247",19,20
"2009","62256",6,7
"2009","62262",3,2
"2009","62264",23,3
"2009","62265",2,2
"2009","62266",5,5
"2009","62268",9,9
"2009","62269",19,3
"2009","62270",0,6
"2009","62271",28,10
"2009","62272",19,9
"2009","62273",6,3
"2009","62274",20,6
"2009","62275",13,11
"2009","62276",5,3
"2009","62277",10,5
"2009","62278",10,9
"2009","62279",4,6
"2009","62280",69,55
"2009","62311",10,6
"2009","62314",5,3
"2009","62326",4,3
"2009","62330",2,1
"2009","62332",3,8
"2009","62335",2,5
"2009","62343",2,0
"2009","62368",1,0
"2009","62372",8,20
"2009","62375",43,25
"2009","62376",18,16
"2009","62377",2,5
"2009","62378",44,40
"2009","62379",89,81
"2009","62380",7,10
"2009","62381",7,19
"2009","62382",11,13
"2009","62383",24,19
"2009","62384",5,5
"2009","62385",3,1
"2009","62386",27,27
"2009","62387",12,8
"2009","62388",9,11
"2009","62389",21,10
"2009","62390",25,11
"2009","70101",2631,2143
"2009","70201",20,21
"2009","70202",29,16
"2009","70203",106,88
"2009","70204",0,3
"2009","70205",57,48
"2009","70206",2,1
"2009","70207",7,2
"2009","70208",76,81
"2009","70209",19,31
"2009","70210",0,3
"2009","70211",37,19
"2009","70212",6,18
"2009","70213",18,23
"2009","70214",28,5
"2009","70215",19,17
"2009","70216",15,5
"2009","70217",32,28
"2009","70218",16,12
"2009","70219",116,24
"2009","70220",826,762
"2009","70221",14,7
"2009","70222",13,10
"2009","70223",25,23
"2009","70224",11,15
"2009","70301",36,43
"2009","70302",31,21
"2009","70303",26,23
"2009","70304",65,46
"2009","70305",4,8
"2009","70306",8,14
"2009","70307",2,4
"2009","70308",5,4
"2009","70309",31,36
"2009","70310",44,31
"2009","70311",7,12
"2009","70312",91,71
"2009","70313",19,12
"2009","70314",1,1
"2009","70315",10,9
"2009","70317",1,2
"2009","70318",17,12
"2009","70319",25,31
"2009","70320",29,19
"2009","70322",0,8
"2009","70323",9,3
"2009","70325",6,6
"2009","70326",40,38
"2009","70328",21,6
"2009","70329",24,24
"2009","70331",22,12
"2009","70332",24,17
"2009","70333",8,1
"2009","70334",73,56
"2009","70335",5,11
"2009","70336",2,2
"2009","70337",11,12
"2009","70338",9,13
"2009","70339",0,6
"2009","70340",2,9
"2009","70342",7,6
"2009","70343",10,9
"2009","70344",21,15
"2009","70345",14,3
"2009","70346",64,59
"2009","70347",0,6
"2009","70348",24,22
"2009","70349",3,5
"2009","70350",11,17
"2009","70351",94,54
"2009","70352",9,1
"2009","70353",20,17
"2009","70354",167,130
"2009","70355",14,26
"2009","70356",11,17
"2009","70357",147,104
"2009","70358",44,27
"2009","70359",9,7
"2009","70360",9,18
"2009","70361",4,0
"2009","70362",1,4
"2009","70364",50,55
"2009","70365",15,20
"2009","70366",6,3
"2009","70367",64,60
"2009","70368",8,5
"2009","70369",118,121
"2009","70370",8,19
"2009","70401",20,7
"2009","70402",19,22
"2009","70403",143,61
"2009","70404",54,23
"2009","70405",13,3
"2009","70406",57,30
"2009","70407",6,9
"2009","70408",30,9
"2009","70409",105,95
"2009","70410",55,27
"2009","70411",158,129
"2009","70412",70,55
"2009","70413",41,13
"2009","70414",26,27
"2009","70415",14,7
"2009","70416",90,67
"2009","70417",26,34
"2009","70418",13,8
"2009","70419",33,7
"2009","70420",59,36
"2009","70501",15,26
"2009","70502",4,8
"2009","70503",50,36
"2009","70504",11,6
"2009","70505",9,15
"2009","70506",31,31
"2009","70508",77,51
"2009","70509",57,46
"2009","70510",23,20
"2009","70511",66,42
"2009","70512",27,38
"2009","70513",415,332
"2009","70514",28,10
"2009","70515",28,34
"2009","70516",8,2
"2009","70517",10,14
"2009","70518",43,15
"2009","70519",11,11
"2009","70520",32,31
"2009","70521",5,4
"2009","70522",27,32
"2009","70523",1,3
"2009","70524",28,14
"2009","70525",13,16
"2009","70526",43,30
"2009","70527",30,33
"2009","70528",14,16
"2009","70529",26,17
"2009","70530",59,137
"2009","70531",140,86
"2009","70601",2,1
"2009","70602",17,16
"2009","70603",104,109
"2009","70604",9,10
"2009","70605",31,28
"2009","70606",85,79
"2009","70607",5,15
"2009","70608",67,63
"2009","70609",11,5
"2009","70610",NA,NA
"2009","70611",15,14
"2009","70612",NA,NA
"2009","70613",12,17
"2009","70614",78,75
"2009","70615",25,26
"2009","70616",22,19
"2009","70617",22,18
"2009","70618",2,1
"2009","70619",25,11
"2009","70620",15,5
"2009","70621",84,107
"2009","70622",11,13
"2009","70623",8,5
"2009","70624",7,24
"2009","70625",1,5
"2009","70626",NA,NA
"2009","70627",3,2
"2009","70628",1,2
"2009","70629",3,10
"2009","70630",27,24
"2009","70701",3,3
"2009","70702",2,3
"2009","70703",1,2
"2009","70704",1,0
"2009","70705",7,8
"2009","70706",2,2
"2009","70707",9,14
"2009","70708",4,5
"2009","70709",1,3
"2009","70710",3,0
"2009","70711",2,4
"2009","70712",6,8
"2009","70713",4,4
"2009","70714",1,0
"2009","70715",9,7
"2009","70716",78,62
"2009","70717",13,25
"2009","70718",8,4
"2009","70719",9,12
"2009","70720",8,9
"2009","70721",NA,NA
"2009","70723",3,5
"2009","70724",2,5
"2009","70725",1,1
"2009","70726",1,1
"2009","70727",1,1
"2009","70728",12,17
"2009","70729",13,3
"2009","70731",1,0
"2009","70732",6,4
"2009","70733",0,2
"2009","70734",8,5
"2009","70735",4,2
"2009","70801",7,3
"2009","70802",9,3
"2009","70803",14,8
"2009","70804",9,7
"2009","70805",18,18
"2009","70806",16,12
"2009","70807",49,40
"2009","70808",13,7
"2009","70809",2,3
"2009","70810",1,0
"2009","70811",6,3
"2009","70812",0,4
"2009","70813",8,4
"2009","70814",4,5
"2009","70815",3,2
"2009","70816",2,8
"2009","70817",3,3
"2009","70818",18,17
"2009","70819",0,1
"2009","70820",15,19
"2009","70821",27,21
"2009","70822",1,0
"2009","70823",NA,NA
"2009","70824",6,7
"2009","70825",1,3
"2009","70826",11,19
"2009","70827",8,7
"2009","70828",60,74
"2009","70829",13,5
"2009","70830",3,0
"2009","70831",2,2
"2009","70832",21,17
"2009","70833",40,11
"2009","70834",2,0
"2009","70835",12,8
"2009","70836",10,9
"2009","70837",14,7
"2009","70901",25,30
"2009","70902",6,2
"2009","70903",1,0
"2009","70904",2,2
"2009","70905",23,9
"2009","70907",54,66
"2009","70908",34,25
"2009","70909",72,60
"2009","70910",7,19
"2009","70911",2,3
"2009","70912",4,8
"2009","70913",1,1
"2009","70914",7,2
"2009","70915",11,12
"2009","70916",14,9
"2009","70917",54,79
"2009","70918",42,52
"2009","70920",171,271
"2009","70921",2,4
"2009","70922",13,16
"2009","70923",13,9
"2009","70924",0,4
"2009","70925",14,20
"2009","70926",91,125
"2009","70927",14,13
"2009","70928",10,4
"2009","70929",6,9
"2009","70930",14,2
"2009","70931",19,10
"2009","70932",3,4
"2009","70933",15,11
"2009","70934",46,52
"2009","70935",14,15
"2009","70936",23,32
"2009","70937",12,9
"2009","70938",11,4
"2009","70939",22,24
"2009","70940",17,8
"2009","70941",1,3
"2009","80101",17,27
"2009","80102",3,1
"2009","80103",166,182
"2009","80104",32,39
"2009","80105",13,12
"2009","80106",32,33
"2009","80107",5,9
"2009","80108",13,15
"2009","80109",2,4
"2009","80110",19,30
"2009","80111",8,10
"2009","80112",10,10
"2009","80113",205,233
"2009","80114",4,2
"2009","80115",47,59
"2009","80116",61,57
"2009","80117",39,63
"2009","80118",4,4
"2009","80119",5,8
"2009","80120",24,32
"2009","80121",3,1
"2009","80122",42,42
"2009","80123",5,7
"2009","80124",2,1
"2009","80125",3,5
"2009","80126",30,38
"2009","80127",5,9
"2009","80128",24,13
"2009","80129",31,27
"2009","80201",25,9
"2009","80202",15,13
"2009","80203",7,10
"2009","80204",23,19
"2009","80205",8,8
"2009","80206",8,7
"2009","80207",405,417
"2009","80208",6,4
"2009","80209",13,20
"2009","80210",11,9
"2009","80211",13,18
"2009","80212",7,7
"2009","80213",35,31
"2009","80214",20,6
"2009","80215",112,144
"2009","80216",31,19
"2009","80217",64,52
"2009","80218",69,48
"2009","80219",22,10
"2009","80220",13,9
"2009","80221",9,2
"2009","80222",7,17
"2009","80223",14,13
"2009","80224",92,82
"2009","80225",16,9
"2009","80226",84,62
"2009","80227",14,17
"2009","80228",484,358
"2009","80229",5,5
"2009","80230",8,7
"2009","80231",11,6
"2009","80232",6,10
"2009","80233",2,3
"2009","80234",2,0
"2009","80235",28,31
"2009","80236",6,19
"2009","80237",13,1
"2009","80238",31,20
"2009","80239",10,5
"2009","80240",70,75
"2009","80301",655,552
"2009","80302",172,141
"2009","80303",205,176
"2009","80401",32,45
"2009","80402",7,1
"2009","80403",0,1
"2009","80404",495,452
"2009","80405",86,62
"2009","80406",12,1
"2009","80407",27,32
"2009","80408",105,102
"2009","80409",43,23
"2009","80410",31,21
"2009","80411",11,7
"2009","80412",24,28
"2009","80413",17,16
"2009","80414",98,106
"2009","80415",3,4
"2009","80416",16,30
"2009","80417",14,21
"2009","80418",29,24
"2009","80419",9,2
"2009","80420",26,23
"2009","80421",4,2
"2009","80422",NA,NA
"2009","80423",17,17
"2009","80424",31,42
"2009","90101",591,487
"2009","90201",3975,3470
"2009","90301",2371,1941
"2009","90401",1003,816
"2009","90501",1728,1561
"2009","90601",1007,913
"2009","90701",1099,879
"2009","90801",1751,1108
"2009","90901",1744,1675
"2009","91001",3733,2954
"2009","91101",1908,1585
"2009","91201",2253,1618
"2009","91301",757,622
"2009","91401",1408,1290
"2009","91501",2909,2407
"2009","91601",2935,2426
"2009","91701",1710,1628
"2009","91801",1386,1228
"2009","91901",1700,1435
"2009","92001",2387,2177
"2009","92101",1722,1449
"2009","92201",1784,1474
"2009","92301",969,748
"2010","10101",288,208
"2010","10201",20,14
"2010","10301",5,9
"2010","10302",5,9
"2010","10303",15,7
"2010","10304",19,22
"2010","10305",18,13
"2010","10306",2,3
"2010","10307",5,16
"2010","10308",4,2
"2010","10309",13,15
"2010","10310",7,6
"2010","10311",1,8
"2010","10312",16,18
"2010","10313",14,12
"2010","10314",14,3
"2010","10315",39,21
"2010","10316",14,18
"2010","10317",11,9
"2010","10318",9,9
"2010","10319",12,6
"2010","10320",1,0
"2010","10321",1,5
"2010","10322",4,2
"2010","10323",6,4
"2010","10401",4,4
"2010","10402",2,8
"2010","10403",19,32
"2010","10404",17,8
"2010","10405",97,43
"2010","10406",24,13
"2010","10407",14,4
"2010","10408",11,5
"2010","10409",15,9
"2010","10410",8,3
"2010","10411",8,5
"2010","10412",2,2
"2010","10413",12,7
"2010","10414",29,11
"2010","10415",63,37
"2010","10416",7,10
"2010","10417",23,18
"2010","10418",0,1
"2010","10419",8,5
"2010","10420",1,0
"2010","10421",1,4
"2010","10422",2,0
"2010","10423",2,0
"2010","10424",2,0
"2010","10425",1,0
"2010","10426",4,7
"2010","10427",5,2
"2010","10428",4,9
"2010","10501",10,1
"2010","10502",16,4
"2010","10503",10,6
"2010","10504",27,19
"2010","10505",10,8
"2010","10506",13,2
"2010","10507",9,5
"2010","10508",9,8
"2010","10509",23,14
"2010","10510",0,1
"2010","10511",2,1
"2010","10512",NA,NA
"2010","10601",15,19
"2010","10602",22,15
"2010","10603",5,5
"2010","10604",31,19
"2010","10605",9,11
"2010","10606",36,47
"2010","10607",48,47
"2010","10608",1,4
"2010","10609",17,10
"2010","10610",16,16
"2010","10611",15,5
"2010","10612",20,9
"2010","10613",32,14
"2010","10614",15,4
"2010","10615",10,16
"2010","10616",8,12
"2010","10617",19,7
"2010","10618",28,25
"2010","10619",4,5
"2010","10701",19,19
"2010","10702",6,4
"2010","10703",31,28
"2010","10704",25,10
"2010","10705",29,17
"2010","10706",17,4
"2010","10707",75,46
"2010","10708",1,4
"2010","10709",27,21
"2010","10710",4,3
"2010","10711",97,25
"2010","10712",11,12
"2010","10713",86,73
"2010","10714",28,15
"2010","10715",16,5
"2010","10716",3,7
"2010","10717",64,23
"2010","10718",13,11
"2010","10719",9,2
"2010","10720",15,3
"2010","10721",41,38
"2010","10722",25,12
"2010","10723",8,5
"2010","10724",18,7
"2010","10725",10,3
"2010","10726",4,2
"2010","10727",9,3
"2010","10801",5,6
"2010","10802",5,2
"2010","10803",5,0
"2010","10804",3,14
"2010","10805",27,18
"2010","10806",2,7
"2010","10807",7,3
"2010","10808",5,5
"2010","10809",8,4
"2010","10810",24,9
"2010","10811",14,10
"2010","10812",11,5
"2010","10813",9,6
"2010","10814",13,2
"2010","10815",7,2
"2010","10816",20,18
"2010","10817",5,3
"2010","10818",4,0
"2010","10819",2,1
"2010","10820",7,1
"2010","10821",1,4
"2010","10822",11,5
"2010","10823",5,5
"2010","10824",NA,NA
"2010","10825",19,18
"2010","10826",10,5
"2010","10827",3,2
"2010","10828",0,1
"2010","10901",15,8
"2010","10902",19,29
"2010","10903",4,4
"2010","10904",3,2
"2010","10905",31,10
"2010","10906",11,28
"2010","10907",6,4
"2010","10908",12,7
"2010","10909",13,4
"2010","10910",1,1
"2010","10911",9,3
"2010","10912",12,8
"2010","10913",1,1
"2010","10914",6,1
"2010","10915",0,1
"2010","10916",13,8
"2010","10917",69,47
"2010","10918",38,29
"2010","10919",20,18
"2010","10920",6,4
"2010","10921",8,6
"2010","10922",15,8
"2010","10923",26,9
"2010","10924",0,3
"2010","10925",21,11
"2010","10926",17,3
"2010","10927",5,1
"2010","10928",15,13
"2010","10929",1,0
"2010","10930",7,3
"2010","10931",0,3
"2010","10932",5,1
"2010","20101",1252,1033
"2010","20201",567,416
"2010","20302",11,5
"2010","20305",73,32
"2010","20306",45,21
"2010","20307",17,7
"2010","20316",6,10
"2010","20320",15,3
"2010","20321",2,5
"2010","20402",33,21
"2010","20403",17,7
"2010","20405",37,34
"2010","20409",13,8
"2010","20412",17,21
"2010","20414",20,13
"2010","20415",43,48
"2010","20416",5,4
"2010","20417",11,6
"2010","20418",15,14
"2010","20419",9,7
"2010","20421",41,21
"2010","20424",32,28
"2010","20425",18,22
"2010","20428",3,3
"2010","20432",31,21
"2010","20435",23,20
"2010","20441",3,1
"2010","20442",14,13
"2010","20501",14,16
"2010","20502",14,9
"2010","20503",9,3
"2010","20504",15,15
"2010","20505",15,13
"2010","20506",9,13
"2010","20508",3,4
"2010","20509",18,3
"2010","20511",10,8
"2010","20512",11,7
"2010","20513",4,1
"2010","20515",13,13
"2010","20518",6,5
"2010","20519",9,12
"2010","20520",12,2
"2010","20523",16,20
"2010","20527",99,59
"2010","20530",11,14
"2010","20531",12,3
"2010","20534",9,8
"2010","20601",48,26
"2010","20602",20,14
"2010","20603",3,6
"2010","20604",11,10
"2010","20605",3,7
"2010","20607",2,5
"2010","20608",7,5
"2010","20609",10,6
"2010","20610",6,1
"2010","20611",17,4
"2010","20613",1,3
"2010","20616",16,3
"2010","20618",7,4
"2010","20619",5,3
"2010","20620",33,20
"2010","20622",0,3
"2010","20624",10,0
"2010","20625",1,2
"2010","20627",30,29
"2010","20630",80,31
"2010","20631",1,2
"2010","20632",2,4
"2010","20633",3,4
"2010","20634",41,39
"2010","20635",93,79
"2010","20636",2,8
"2010","20637",6,7
"2010","20638",3,1
"2010","20639",5,7
"2010","20640",4,4
"2010","20642",4,3
"2010","20643",6,6
"2010","20644",10,8
"2010","20701",13,4
"2010","20702",48,33
"2010","20703",10,5
"2010","20705",22,21
"2010","20707",1,2
"2010","20708",10,4
"2010","20710",13,7
"2010","20711",52,58
"2010","20712",4,4
"2010","20713",5,3
"2010","20719",15,9
"2010","20720",30,16
"2010","20721",4,12
"2010","20722",22,17
"2010","20723",6,6
"2010","20724",25,21
"2010","20725",99,90
"2010","20726",6,11
"2010","20727",27,20
"2010","20801",18,10
"2010","20802",8,4
"2010","20803",18,35
"2010","20804",9,2
"2010","20805",15,9
"2010","20806",9,3
"2010","20807",11,3
"2010","20808",22,24
"2010","20810",6,2
"2010","20812",4,3
"2010","20813",111,53
"2010","20815",12,6
"2010","20817",59,34
"2010","20901",13,8
"2010","20905",10,5
"2010","20909",8,5
"2010","20911",3,2
"2010","20912",7,4
"2010","20913",31,37
"2010","20914",5,1
"2010","20918",8,5
"2010","20923",107,54
"2010","21001",5,4
"2010","21002",78,53
"2010","21003",9,10
"2010","21004",2,3
"2010","21005",9,13
"2010","21006",7,9
"2010","21007",8,3
"2010","21008",29,16
"2010","21009",26,24
"2010","21010",3,1
"2010","30101",326,236
"2010","30201",573,503
"2010","30301",60,32
"2010","30401",437,412
"2010","30501",6,4
"2010","30502",155,133
"2010","30503",19,19
"2010","30504",4,9
"2010","30506",10,13
"2010","30507",4,3
"2010","30508",17,12
"2010","30509",13,5
"2010","30510",3,1
"2010","30511",7,1
"2010","30512",1,1
"2010","30514",7,13
"2010","30515",18,5
"2010","30516",6,6
"2010","30517",29,13
"2010","30520",10,2
"2010","30521",5,6
"2010","30522",1,5
"2010","30524",21,13
"2010","30526",3,2
"2010","30527",22,24
"2010","30529",7,12
"2010","30530",15,13
"2010","30531",64,40
"2010","30532",13,6
"2010","30533",17,19
"2010","30534",13,8
"2010","30536",4,7
"2010","30538",6,8
"2010","30539",7,6
"2010","30541",4,2
"2010","30542",5,5
"2010","30543",7,4
"2010","30544",4,2
"2010","30601",20,20
"2010","30602",106,52
"2010","30603",108,74
"2010","30604",297,236
"2010","30605",73,65
"2010","30607",134,101
"2010","30608",17,14
"2010","30609",12,6
"2010","30612",24,16
"2010","30613",43,32
"2010","30614",13,8
"2010","30615",95,130
"2010","30616",11,7
"2010","30618",57,46
"2010","30620",42,25
"2010","30621",8,13
"2010","30623",39,34
"2010","30625",29,38
"2010","30626",36,28
"2010","30627",27,15
"2010","30629",18,2
"2010","30631",27,15
"2010","30633",10,6
"2010","30635",9,9
"2010","30636",38,36
"2010","30637",10,8
"2010","30639",555,314
"2010","30641",75,39
"2010","30645",16,9
"2010","30646",22,6
"2010","30701",0,1
"2010","30702",16,13
"2010","30703",18,4
"2010","30704",86,53
"2010","30706",19,20
"2010","30708",12,8
"2010","30709",16,21
"2010","30710",185,130
"2010","30711",13,6
"2010","30712",3,2
"2010","30713",9,3
"2010","30715",8,5
"2010","30716",51,17
"2010","30718",6,2
"2010","30719",29,5
"2010","30721",10,15
"2010","30722",13,9
"2010","30724",19,18
"2010","30726",13,10
"2010","30728",42,6
"2010","30729",27,15
"2010","30730",55,59
"2010","30731",27,17
"2010","30732",37,42
"2010","30733",3,5
"2010","30734",28,23
"2010","30735",29,19
"2010","30736",19,23
"2010","30737",10,10
"2010","30738",4,11
"2010","30739",14,18
"2010","30740",202,136
"2010","30741",6,25
"2010","30801",12,14
"2010","30802",27,14
"2010","30803",29,22
"2010","30804",38,22
"2010","30805",9,10
"2010","30808",81,54
"2010","30810",7,14
"2010","30811",9,6
"2010","30812",4,2
"2010","30813",5,6
"2010","30814",15,8
"2010","30817",78,65
"2010","30819",7,3
"2010","30821",53,45
"2010","30822",6,5
"2010","30824",4,1
"2010","30825",10,1
"2010","30826",0,2
"2010","30827",15,4
"2010","30828",5,7
"2010","30829",1,1
"2010","30830",56,67
"2010","30831",43,30
"2010","30834",56,57
"2010","30835",40,25
"2010","30836",9,6
"2010","30838",24,20
"2010","30841",16,5
"2010","30842",22,5
"2010","30844",37,14
"2010","30845",12,10
"2010","30846",7,8
"2010","30848",14,9
"2010","30849",47,58
"2010","30850",2,4
"2010","30852",5,4
"2010","30854",1,2
"2010","30856",47,39
"2010","30857",10,8
"2010","30858",6,12
"2010","30859",9,1
"2010","30860",8,6
"2010","30863",15,11
"2010","30865",38,18
"2010","30902",1,0
"2010","30903",11,9
"2010","30904",1,0
"2010","30906",3,1
"2010","30908",32,26
"2010","30909",3,3
"2010","30910",6,6
"2010","30912",4,3
"2010","30913",1,2
"2010","30915",3,1
"2010","30916",6,4
"2010","30917",2,0
"2010","30920",54,10
"2010","30921",0,1
"2010","30925",8,4
"2010","30929",1,5
"2010","30932",2,3
"2010","30935",17,10
"2010","30939",3,1
"2010","30940",NA,NA
"2010","30942",12,4
"2010","31001",6,2
"2010","31008",33,36
"2010","31009",4,1
"2010","31014",17,8
"2010","31015",17,33
"2010","31016",2,10
"2010","31018",9,15
"2010","31019",3,5
"2010","31021",6,10
"2010","31022",70,119
"2010","31025",4,3
"2010","31026",4,10
"2010","31028",0,2
"2010","31033",17,12
"2010","31035",14,9
"2010","31036",13,11
"2010","31037",9,18
"2010","31038",1,1
"2010","31041",2,4
"2010","31042",6,5
"2010","31043",13,3
"2010","31051",5,4
"2010","31052",9,7
"2010","31053",8,12
"2010","31101",8,4
"2010","31102",2,3
"2010","31103",5,5
"2010","31104",6,5
"2010","31105",15,12
"2010","31106",24,17
"2010","31107",4,7
"2010","31109",25,21
"2010","31110",10,2
"2010","31111",2,4
"2010","31113",NA,NA
"2010","31114",NA,NA
"2010","31117",2,0
"2010","31119",5,3
"2010","31120",2,5
"2010","31121",10,4
"2010","31123",2,2
"2010","31124",2,3
"2010","31129",4,4
"2010","31130",1,2
"2010","31201",27,17
"2010","31202",7,12
"2010","31203",19,9
"2010","31204",11,2
"2010","31205",10,12
"2010","31206",20,32
"2010","31207",14,14
"2010","31208",6,8
"2010","31213",240,177
"2010","31214",71,55
"2010","31215",17,6
"2010","31216",31,22
"2010","31224",1,1
"2010","31226",11,19
"2010","31227",22,10
"2010","31228",3,4
"2010","31229",3,4
"2010","31230",89,79
"2010","31234",3,1
"2010","31235",63,55
"2010","31301",3,0
"2010","31302",NA,NA
"2010","31303",3,2
"2010","31304",12,2
"2010","31308",9,19
"2010","31309",5,4
"2010","31310",21,14
"2010","31311",8,8
"2010","31315",22,17
"2010","31319",4,3
"2010","31321",2,5
"2010","31322",22,18
"2010","31323",8,6
"2010","31324",8,3
"2010","31326",4,1
"2010","31327",32,20
"2010","31330",4,3
"2010","31333",8,13
"2010","31336",3,2
"2010","31337",11,1
"2010","31338",14,14
"2010","31340",1,1
"2010","31343",9,9
"2010","31344",17,7
"2010","31346",6,4
"2010","31347",2,3
"2010","31350",1,0
"2010","31351",13,9
"2010","31355",8,7
"2010","31356",4,1
"2010","31401",18,14
"2010","31402",18,8
"2010","31403",60,23
"2010","31404",6,6
"2010","31405",5,4
"2010","31406",8,1
"2010","31407",32,31
"2010","31408",29,7
"2010","31409",20,19
"2010","31410",1,0
"2010","31411",13,25
"2010","31412",18,8
"2010","31413",18,17
"2010","31414",14,12
"2010","31502",2,1
"2010","31503",10,5
"2010","31504",7,9
"2010","31505",29,12
"2010","31506",0,2
"2010","31507",7,3
"2010","31508",5,6
"2010","31509",2,2
"2010","31511",7,7
"2010","31513",5,6
"2010","31514",15,6
"2010","31515",5,1
"2010","31516",3,1
"2010","31517",10,17
"2010","31519",11,6
"2010","31520",31,25
"2010","31521",12,8
"2010","31522",8,10
"2010","31523",4,2
"2010","31524",31,26
"2010","31525",8,2
"2010","31527",10,10
"2010","31528",1,0
"2010","31530",9,3
"2010","31531",8,0
"2010","31533",22,37
"2010","31534",6,2
"2010","31535",5,7
"2010","31537",2,14
"2010","31539",5,9
"2010","31540",15,8
"2010","31541",3,1
"2010","31542",7,11
"2010","31543",2,3
"2010","31546",2,4
"2010","31549",48,59
"2010","31550",1,2
"2010","31551",27,7
"2010","31552",5,4
"2010","31553",13,15
"2010","31601",NA,NA
"2010","31603",2,2
"2010","31604",5,3
"2010","31605",1,2
"2010","31606",11,8
"2010","31608",4,1
"2010","31609",7,10
"2010","31611",0,1
"2010","31612",22,20
"2010","31613",1,1
"2010","31614",10,18
"2010","31615",2,1
"2010","31616",2,7
"2010","31617",2,3
"2010","31620",2,1
"2010","31621",5,0
"2010","31622",0,2
"2010","31627",11,4
"2010","31628",5,5
"2010","31629",24,19
"2010","31630",1,7
"2010","31633",54,52
"2010","31634",5,3
"2010","31636",1,0
"2010","31642",0,4
"2010","31644",21,28
"2010","31645",9,8
"2010","31646",2,3
"2010","31649",6,4
"2010","31650",6,5
"2010","31651",8,8
"2010","31652",3,3
"2010","31653",10,3
"2010","31654",11,12
"2010","31655",41,43
"2010","31658",1,1
"2010","31701",6,3
"2010","31702",15,12
"2010","31703",52,47
"2010","31704",105,81
"2010","31706",7,6
"2010","31707",21,28
"2010","31709",36,32
"2010","31710",101,81
"2010","31711",0,1
"2010","31712",46,46
"2010","31713",17,21
"2010","31714",4,10
"2010","31715",31,19
"2010","31716",82,100
"2010","31717",249,167
"2010","31718",9,8
"2010","31719",113,88
"2010","31723",58,38
"2010","31725",56,46
"2010","31726",8,7
"2010","31801",2,1
"2010","31802",9,13
"2010","31803",5,0
"2010","31804",1,1
"2010","31805",NA,NA
"2010","31806",NA,NA
"2010","31807",3,5
"2010","31808",7,13
"2010","31809",1,2
"2010","31810",60,45
"2010","31811",29,24
"2010","31812",22,6
"2010","31813",9,13
"2010","31814",21,16
"2010","31815",4,12
"2010","31817",25,10
"2010","31818",84,90
"2010","31820",4,2
"2010","31821",5,11
"2010","31823",21,15
"2010","31825",10,4
"2010","31826",6,5
"2010","31827",0,5
"2010","31829",125,63
"2010","31830",4,1
"2010","31831",13,23
"2010","31832",17,7
"2010","31833",19,6
"2010","31834",5,0
"2010","31835",21,33
"2010","31836",24,15
"2010","31837",8,12
"2010","31838",11,12
"2010","31839",86,46
"2010","31840",2,0
"2010","31841",NA,NA
"2010","31842",4,2
"2010","31843",6,5
"2010","31844",3,8
"2010","31845",12,5
"2010","31846",11,9
"2010","31847",2,6
"2010","31848",2,5
"2010","31849",4,5
"2010","31901",13,8
"2010","31902",13,8
"2010","31903",37,29
"2010","31904",10,10
"2010","31905",68,54
"2010","31906",16,19
"2010","31907",7,5
"2010","31909",4,4
"2010","31910",4,3
"2010","31911",8,22
"2010","31912",39,19
"2010","31913",8,0
"2010","31915",40,9
"2010","31916",5,18
"2010","31917",2,1
"2010","31918",10,13
"2010","31919",11,11
"2010","31920",4,2
"2010","31921",20,15
"2010","31922",12,4
"2010","31923",2,1
"2010","31925",6,4
"2010","31926",35,39
"2010","31927",21,7
"2010","31928",9,0
"2010","31929",49,27
"2010","31930",21,20
"2010","31932",8,6
"2010","31934",6,8
"2010","31935",13,2
"2010","31938",4,1
"2010","31939",NA,NA
"2010","31940",5,3
"2010","31941",26,2
"2010","31943",32,31
"2010","31945",3,1
"2010","31946",7,16
"2010","31947",44,47
"2010","31948",17,20
"2010","31949",25,33
"2010","31950",15,14
"2010","31951",94,67
"2010","31952",67,56
"2010","31953",34,20
"2010","31954",14,9
"2010","32001",43,29
"2010","32002",41,10
"2010","32003",3,4
"2010","32004",3,4
"2010","32005",3,2
"2010","32006",6,2
"2010","32007",21,0
"2010","32008",21,13
"2010","32009",3,1
"2010","32010",2,2
"2010","32011",3,2
"2010","32012",1,1
"2010","32013",7,7
"2010","32014",2,4
"2010","32015",0,1
"2010","32016",18,15
"2010","32017",1,3
"2010","32018",1,2
"2010","32101",12,18
"2010","32104",6,10
"2010","32106",19,19
"2010","32107",25,24
"2010","32109",11,12
"2010","32110",15,4
"2010","32112",54,50
"2010","32114",13,7
"2010","32115",13,9
"2010","32116",13,8
"2010","32119",7,12
"2010","32120",9,11
"2010","32131",78,43
"2010","32132",31,12
"2010","32134",25,18
"2010","32135",113,94
"2010","32139",12,2
"2010","32140",6,7
"2010","32141",56,24
"2010","32142",76,52
"2010","32143",4,6
"2010","32144",298,213
"2010","32202",1,4
"2010","32203",1,4
"2010","32206",2,1
"2010","32207",13,7
"2010","32209",5,5
"2010","32210",6,5
"2010","32212",2,0
"2010","32214",NA,NA
"2010","32216",9,1
"2010","32217",4,6
"2010","32219",5,2
"2010","32220",12,5
"2010","32221",2,1
"2010","32222",1,1
"2010","32223",10,2
"2010","32301",21,27
"2010","32302",7,6
"2010","32304",39,34
"2010","32305",21,29
"2010","32306",31,13
"2010","32307",33,37
"2010","32308",15,18
"2010","32309",1,0
"2010","32310",3,0
"2010","32311",16,9
"2010","32312",8,3
"2010","32313",22,19
"2010","32314",19,26
"2010","32315",18,8
"2010","32316",25,13
"2010","32317",6,3
"2010","32318",11,15
"2010","32319",20,24
"2010","32320",9,4
"2010","32321",3,2
"2010","32322",0,2
"2010","32323",12,10
"2010","32324",4,2
"2010","32325",7,8
"2010","32326",6,3
"2010","32327",38,39
"2010","32330",48,32
"2010","32331",7,4
"2010","32332",12,19
"2010","32333",12,6
"2010","32334",12,6
"2010","32335",2,2
"2010","32336",78,39
"2010","32337",31,54
"2010","32338",15,11
"2010","32501",3,4
"2010","32502",0,2
"2010","32503",NA,NA
"2010","32504",0,2
"2010","32505",3,3
"2010","32506",4,3
"2010","32508",3,9
"2010","32509",2,2
"2010","32511",4,4
"2010","32514",NA,NA
"2010","32515",3,2
"2010","32516",0,1
"2010","32517",9,7
"2010","32518",0,1
"2010","32519",1,0
"2010","32520",3,3
"2010","32521",0,1
"2010","32522",8,4
"2010","32523",3,2
"2010","32524",4,7
"2010","32525",3,6
"2010","32528",5,0
"2010","32529",7,3
"2010","32530",25,12
"2010","40101",2529,2503
"2010","40201",523,484
"2010","40301",729,664
"2010","40401",26,37
"2010","40402",20,11
"2010","40403",NA,NA
"2010","40404",188,132
"2010","40405",26,28
"2010","40406",30,19
"2010","40407",2,4
"2010","40408",6,11
"2010","40409",13,13
"2010","40410",8,1
"2010","40411",9,6
"2010","40412",4,2
"2010","40413",57,22
"2010","40414",56,29
"2010","40415",8,5
"2010","40416",5,1
"2010","40417",5,4
"2010","40418",23,19
"2010","40419",13,5
"2010","40420",7,6
"2010","40421",87,62
"2010","40422",32,15
"2010","40423",5,4
"2010","40424",8,6
"2010","40425",8,5
"2010","40426",6,20
"2010","40427",11,7
"2010","40428",38,21
"2010","40429",11,7
"2010","40430",4,5
"2010","40431",40,4
"2010","40432",2,8
"2010","40433",6,3
"2010","40434",5,0
"2010","40435",0,4
"2010","40436",15,8
"2010","40437",22,12
"2010","40438",47,49
"2010","40439",1,4
"2010","40440",4,0
"2010","40441",23,16
"2010","40442",1,1
"2010","40443",8,6
"2010","40444",4,8
"2010","40445",21,12
"2010","40446",9,2
"2010","40501",16,11
"2010","40502",15,12
"2010","40503",32,15
"2010","40504",7,7
"2010","40505",4,3
"2010","40506",14,5
"2010","40507",5,1
"2010","40508",9,1
"2010","40509",3,1
"2010","40510",1,2
"2010","40511",5,11
"2010","40512",3,2
"2010","40601",21,23
"2010","40602",1,3
"2010","40603",2,2
"2010","40604",4,7
"2010","40605",3,0
"2010","40606",NA,NA
"2010","40607",7,7
"2010","40608",3,2
"2010","40609",8,11
"2010","40610",8,3
"2010","40611",0,1
"2010","40612",6,5
"2010","40613",3,2
"2010","40614",16,27
"2010","40615",9,7
"2010","40616",2,0
"2010","40617",2,1
"2010","40618",5,4
"2010","40619",2,1
"2010","40620",12,1
"2010","40621",4,1
"2010","40622",1,2
"2010","40623",6,0
"2010","40624",16,14
"2010","40625",6,0
"2010","40626",12,9
"2010","40627",10,17
"2010","40701",64,33
"2010","40702",30,17
"2010","40703",118,97
"2010","40704",50,34
"2010","40705",136,83
"2010","40706",34,26
"2010","40707",19,26
"2010","40708",7,12
"2010","40709",5,10
"2010","40710",4,1
"2010","40711",45,47
"2010","40712",9,6
"2010","40713",18,5
"2010","40714",24,27
"2010","40715",10,3
"2010","40716",3,12
"2010","40717",35,20
"2010","40718",7,9
"2010","40719",20,18
"2010","40720",28,26
"2010","40801",3,5
"2010","40802",26,28
"2010","40804",4,1
"2010","40805",59,46
"2010","40806",19,8
"2010","40807",5,5
"2010","40808",22,23
"2010","40809",18,17
"2010","40810",NA,NA
"2010","40811",9,7
"2010","40812",7,6
"2010","40813",12,5
"2010","40814",2,0
"2010","40815",1,1
"2010","40816",11,11
"2010","40817",3,0
"2010","40818",13,7
"2010","40820",1,1
"2010","40821",0,1
"2010","40822",5,6
"2010","40823",2,1
"2010","40824",5,3
"2010","40825",1,3
"2010","40826",1,0
"2010","40827",11,7
"2010","40828",1,1
"2010","40829",13,11
"2010","40830",2,1
"2010","40831",15,11
"2010","40832",10,7
"2010","40833",3,6
"2010","40834",5,5
"2010","40835",14,17
"2010","40901",2,9
"2010","40902",17,10
"2010","40903",17,6
"2010","40904",9,12
"2010","40905",30,15
"2010","40906",5,5
"2010","40907",39,21
"2010","40908",34,23
"2010","40909",13,7
"2010","40910",10,8
"2010","40911",2,2
"2010","40912",14,9
"2010","40913",8,4
"2010","40914",4,4
"2010","40915",9,4
"2010","40916",4,8
"2010","40917",20,7
"2010","40918",5,4
"2010","40919",5,1
"2010","40920",2,1
"2010","40921",5,5
"2010","40922",10,2
"2010","40923",34,21
"2010","41001",6,5
"2010","41002",178,170
"2010","41003",67,35
"2010","41004",4,3
"2010","41005",105,92
"2010","41006",10,6
"2010","41007",46,58
"2010","41008",8,2
"2010","41009",16,16
"2010","41010",6,9
"2010","41011",31,11
"2010","41012",213,184
"2010","41013",16,15
"2010","41014",40,24
"2010","41015",1,2
"2010","41016",34,26
"2010","41017",62,52
"2010","41018",4,1
"2010","41019",16,13
"2010","41020",10,14
"2010","41021",341,292
"2010","41022",63,54
"2010","41101",1,3
"2010","41102",7,1
"2010","41103",8,2
"2010","41104",1,0
"2010","41105",12,7
"2010","41106",6,6
"2010","41107",1,6
"2010","41108",232,143
"2010","41109",7,15
"2010","41110",21,11
"2010","41111",62,38
"2010","41112",4,2
"2010","41113",14,7
"2010","41114",24,5
"2010","41115",5,3
"2010","41116",47,30
"2010","41117",5,3
"2010","41118",8,4
"2010","41119",4,1
"2010","41120",13,8
"2010","41121",6,17
"2010","41122",0,3
"2010","41123",6,2
"2010","41124",28,37
"2010","41125",9,8
"2010","41126",6,2
"2010","41201",1,1
"2010","41202",13,9
"2010","41203",15,4
"2010","41204",18,13
"2010","41205",4,8
"2010","41206",0,1
"2010","41207",18,12
"2010","41208",2,2
"2010","41209",8,3
"2010","41210",1,10
"2010","41211",6,8
"2010","41212",12,7
"2010","41213",3,6
"2010","41214",10,3
"2010","41215",11,4
"2010","41216",NA,NA
"2010","41217",7,2
"2010","41218",10,10
"2010","41219",34,22
"2010","41220",4,8
"2010","41221",2,4
"2010","41222",NA,NA
"2010","41223",7,3
"2010","41224",16,7
"2010","41225",137,141
"2010","41226",2,3
"2010","41227",3,0
"2010","41228",23,14
"2010","41229",1,2
"2010","41230",8,3
"2010","41231",18,17
"2010","41232",2,4
"2010","41233",10,10
"2010","41234",6,7
"2010","41235",4,2
"2010","41236",5,0
"2010","41304",7,7
"2010","41305",2,1
"2010","41306",1,2
"2010","41307",1,1
"2010","41309",9,9
"2010","41311",NA,NA
"2010","41312",10,0
"2010","41313",5,2
"2010","41314",0,1
"2010","41315",3,8
"2010","41316",5,4
"2010","41317",5,6
"2010","41318",14,3
"2010","41319",4,5
"2010","41320",0,4
"2010","41321",11,15
"2010","41322",NA,NA
"2010","41323",1,0
"2010","41324",10,2
"2010","41325",5,1
"2010","41326",4,3
"2010","41327",6,0
"2010","41328",2,9
"2010","41329",5,4
"2010","41331",1,0
"2010","41332",3,5
"2010","41333",1,0
"2010","41334",4,1
"2010","41336",NA,NA
"2010","41337",1,1
"2010","41338",5,8
"2010","41341",14,5
"2010","41342",14,2
"2010","41343",17,9
"2010","41344",19,17
"2010","41345",3,3
"2010","41346",1,2
"2010","41401",2,2
"2010","41402",17,19
"2010","41403",17,21
"2010","41404",1,1
"2010","41405",6,10
"2010","41406",3,3
"2010","41407",11,4
"2010","41408",4,3
"2010","41409",21,10
"2010","41410",48,36
"2010","41411",4,2
"2010","41412",1,0
"2010","41413",5,3
"2010","41414",17,18
"2010","41415",7,3
"2010","41416",7,0
"2010","41417",2,2
"2010","41418",19,21
"2010","41419",10,11
"2010","41420",2,2
"2010","41421",1,3
"2010","41422",67,69
"2010","41423",33,30
"2010","41424",6,4
"2010","41425",32,60
"2010","41426",11,9
"2010","41427",22,7
"2010","41428",6,4
"2010","41429",36,8
"2010","41430",4,3
"2010","41501",8,6
"2010","41502",1,11
"2010","41503",16,15
"2010","41504",7,7
"2010","41505",13,11
"2010","41506",51,54
"2010","41507",3,3
"2010","41508",0,1
"2010","41509",1,4
"2010","41510",2,0
"2010","41511",1,3
"2010","41512",2,6
"2010","41513",5,3
"2010","41514",4,4
"2010","41515",27,29
"2010","41516",49,60
"2010","41517",9,6
"2010","41518",24,20
"2010","41521",14,12
"2010","41522",27,25
"2010","41601",6,5
"2010","41602",26,23
"2010","41603",19,24
"2010","41604",5,5
"2010","41605",23,20
"2010","41606",10,7
"2010","41607",29,21
"2010","41608",3,5
"2010","41609",18,11
"2010","41610",1,1
"2010","41611",6,4
"2010","41612",2,6
"2010","41613",7,8
"2010","41614",13,11
"2010","41615",23,6
"2010","41616",0,2
"2010","41617",17,15
"2010","41618",21,18
"2010","41619",1,4
"2010","41620",2,2
"2010","41621",5,2
"2010","41622",4,3
"2010","41623",0,2
"2010","41624",44,35
"2010","41626",9,21
"2010","41627",4,4
"2010","41628",9,10
"2010","41701",35,20
"2010","41702",8,8
"2010","41703",84,72
"2010","41704",3,7
"2010","41705",4,7
"2010","41706",6,0
"2010","41707",8,4
"2010","41708",4,2
"2010","41709",15,12
"2010","41710",11,21
"2010","41711",12,19
"2010","41712",3,5
"2010","41713",30,23
"2010","41714",3,0
"2010","41715",35,43
"2010","41716",2,8
"2010","41717",2,3
"2010","41718",22,12
"2010","41719",5,3
"2010","41720",2,3
"2010","41721",4,1
"2010","41722",31,15
"2010","41723",2,3
"2010","41724",NA,NA
"2010","41725",2,2
"2010","41726",7,12
"2010","41727",2,0
"2010","41728",2,0
"2010","41729",2,0
"2010","41730",7,4
"2010","41731",23,21
"2010","41732",4,3
"2010","41733",NA,NA
"2010","41734",952,86
"2010","41735",25,21
"2010","41736",2,9
"2010","41737",31,17
"2010","41738",50,41
"2010","41739",21,18
"2010","41740",11,6
"2010","41741",5,18
"2010","41742",32,22
"2010","41743",42,138
"2010","41744",3,4
"2010","41745",26,17
"2010","41746",86,87
"2010","41747",20,17
"2010","41748",1,2
"2010","41749",3,5
"2010","41750",16,5
"2010","41751",32,15
"2010","41752",6,21
"2010","41801",0,1
"2010","41802",4,3
"2010","41803",15,9
"2010","41804",108,108
"2010","41805",4,5
"2010","41806",6,6
"2010","41807",7,2
"2010","41808",35,32
"2010","41809",1,1
"2010","41810",18,9
"2010","41811",45,45
"2010","41812",131,88
"2010","41813",4,3
"2010","41814",5,4
"2010","41815",5,0
"2010","41816",25,13
"2010","41817",15,4
"2010","41818",1,2
"2010","41819",14,11
"2010","41820",75,43
"2010","41821",12,7
"2010","41822",9,2
"2010","41823",51,52
"2010","41824",32,10
"2010","50101",3346,3089
"2010","50201",60,31
"2010","50202",7,18
"2010","50203",27,20
"2010","50204",26,34
"2010","50205",189,178
"2010","50206",NA,NA
"2010","50207",58,29
"2010","50208",30,34
"2010","50209",104,48
"2010","50210",7,5
"2010","50211",12,6
"2010","50212",3,3
"2010","50213",22,19
"2010","50301",54,46
"2010","50302",19,22
"2010","50303",40,20
"2010","50304",7,6
"2010","50305",38,31
"2010","50306",5,4
"2010","50307",10,3
"2010","50308",19,19
"2010","50309",58,39
"2010","50310",52,60
"2010","50311",13,14
"2010","50312",38,23
"2010","50313",1,5
"2010","50314",110,70
"2010","50315",39,31
"2010","50316",33,20
"2010","50317",40,31
"2010","50318",3,1
"2010","50319",22,29
"2010","50320",15,15
"2010","50321",18,16
"2010","50322",18,11
"2010","50323",26,9
"2010","50324",66,47
"2010","50325",16,18
"2010","50326",87,46
"2010","50327",25,32
"2010","50328",9,3
"2010","50329",15,10
"2010","50330",93,39
"2010","50331",4,4
"2010","50332",17,20
"2010","50335",53,42
"2010","50336",41,18
"2010","50337",25,19
"2010","50338",139,112
"2010","50339",68,72
"2010","50401",46,28
"2010","50402",56,55
"2010","50403",110,106
"2010","50404",86,67
"2010","50405",11,27
"2010","50406",23,20
"2010","50407",35,19
"2010","50408",37,14
"2010","50409",21,12
"2010","50410",18,19
"2010","50411",13,15
"2010","50412",13,7
"2010","50413",6,11
"2010","50414",15,15
"2010","50415",15,17
"2010","50416",24,14
"2010","50417",74,57
"2010","50418",162,143
"2010","50419",24,18
"2010","50420",14,15
"2010","50421",14,13
"2010","50422",11,4
"2010","50423",47,22
"2010","50424",36,20
"2010","50425",2,8
"2010","50501",1,1
"2010","50502",2,1
"2010","50503",37,12
"2010","50504",47,35
"2010","50505",0,3
"2010","50506",12,7
"2010","50507",4,10
"2010","50508",0,4
"2010","50509",29,23
"2010","50510",22,16
"2010","50511",0,4
"2010","50512",200,192
"2010","50513",1,7
"2010","50514",1,0
"2010","50515",2,1
"2010","50601",12,12
"2010","50602",31,29
"2010","50603",7,2
"2010","50604",13,5
"2010","50605",15,10
"2010","50606",53,34
"2010","50607",2,8
"2010","50608",2,2
"2010","50609",30,19
"2010","50610",18,15
"2010","50611",27,26
"2010","50612",24,13
"2010","50613",54,50
"2010","50614",14,10
"2010","50615",19,12
"2010","50616",50,26
"2010","50617",23,16
"2010","50618",46,37
"2010","50619",120,102
"2010","50620",12,7
"2010","50621",8,3
"2010","50622",20,18
"2010","50623",24,11
"2010","50624",33,14
"2010","50625",7,3
"2010","50626",19,3
"2010","50627",6,3
"2010","50628",182,170
"2010","60101",5378,4310
"2010","60305",16,6
"2010","60318",26,28
"2010","60323",3,6
"2010","60324",4,3
"2010","60326",6,2
"2010","60329",9,3
"2010","60341",2,4
"2010","60344",64,59
"2010","60345",19,15
"2010","60346",14,19
"2010","60347",9,17
"2010","60348",18,16
"2010","60349",46,48
"2010","60350",30,19
"2010","60351",23,6
"2010","60608",48,36
"2010","60611",29,23
"2010","60613",54,48
"2010","60617",38,49
"2010","60618",0,8
"2010","60619",23,28
"2010","60623",11,13
"2010","60624",42,37
"2010","60626",20,9
"2010","60628",17,12
"2010","60629",22,16
"2010","60632",13,14
"2010","60639",3,1
"2010","60641",3,0
"2010","60642",5,12
"2010","60645",15,34
"2010","60646",33,29
"2010","60647",0,4
"2010","60648",13,20
"2010","60651",8,8
"2010","60653",20,14
"2010","60654",11,9
"2010","60655",2,6
"2010","60656",7,2
"2010","60659",50,34
"2010","60660",19,14
"2010","60661",39,33
"2010","60662",9,15
"2010","60663",22,23
"2010","60664",109,70
"2010","60665",14,20
"2010","60666",8,5
"2010","60667",37,25
"2010","60668",20,6
"2010","60669",80,75
"2010","60670",40,49
"2010","61001",1,3
"2010","61002",16,4
"2010","61007",2,5
"2010","61008",7,1
"2010","61012",6,1
"2010","61013",8,8
"2010","61016",8,5
"2010","61017",9,4
"2010","61019",27,14
"2010","61020",6,0
"2010","61021",9,8
"2010","61024",25,20
"2010","61027",5,2
"2010","61030",4,8
"2010","61032",4,7
"2010","61033",7,11
"2010","61043",19,12
"2010","61045",31,21
"2010","61049",18,8
"2010","61050",13,16
"2010","61051",16,9
"2010","61052",10,9
"2010","61053",101,64
"2010","61054",24,18
"2010","61055",7,1
"2010","61057",15,10
"2010","61059",28,21
"2010","61060",34,14
"2010","61061",42,37
"2010","61101",6,10
"2010","61105",17,4
"2010","61106",18,12
"2010","61107",5,6
"2010","61108",356,384
"2010","61109",7,5
"2010","61110",9,7
"2010","61111",2,13
"2010","61112",1,7
"2010","61113",34,33
"2010","61114",5,13
"2010","61115",9,5
"2010","61116",7,2
"2010","61118",16,3
"2010","61119",10,1
"2010","61120",22,26
"2010","61203",5,7
"2010","61204",15,22
"2010","61205",4,4
"2010","61206",3,0
"2010","61207",83,55
"2010","61213",20,11
"2010","61215",20,14
"2010","61217",8,5
"2010","61222",4,8
"2010","61236",41,18
"2010","61243",6,8
"2010","61247",8,7
"2010","61251",3,2
"2010","61252",5,3
"2010","61253",35,22
"2010","61254",7,2
"2010","61255",97,54
"2010","61256",7,6
"2010","61257",16,15
"2010","61258",13,9
"2010","61259",69,40
"2010","61260",7,2
"2010","61261",8,5
"2010","61262",32,11
"2010","61263",39,38
"2010","61264",6,7
"2010","61265",207,176
"2010","61266",9,11
"2010","61267",30,32
"2010","61410",1,5
"2010","61413",2,1
"2010","61425",8,6
"2010","61428",2,3
"2010","61437",2,3
"2010","61438",32,39
"2010","61439",19,10
"2010","61440",9,8
"2010","61441",1,0
"2010","61442",60,26
"2010","61443",17,3
"2010","61444",18,14
"2010","61445",129,115
"2010","61446",16,5
"2010","61611",6,6
"2010","61612",11,12
"2010","61615",3,8
"2010","61618",7,6
"2010","61621",0,2
"2010","61624",10,11
"2010","61625",40,27
"2010","61626",23,15
"2010","61627",12,11
"2010","61628",2,5
"2010","61629",1,4
"2010","61630",7,2
"2010","61631",48,41
"2010","61632",14,16
"2010","61633",17,8
"2010","61701",10,1
"2010","61708",0,1
"2010","61710",0,1
"2010","61711",3,3
"2010","61716",14,4
"2010","61719",25,11
"2010","61727",8,5
"2010","61728",1,0
"2010","61729",5,3
"2010","61730",1,0
"2010","61731",0,1
"2010","61740",0,5
"2010","61741",3,8
"2010","61743",NA,NA
"2010","61744",1,0
"2010","61745",4,0
"2010","61746",10,5
"2010","61748",23,10
"2010","61750",7,4
"2010","61751",6,3
"2010","61756",10,4
"2010","61757",18,5
"2010","61758",10,5
"2010","61759",12,8
"2010","61760",66,38
"2010","61761",3,1
"2010","61762",7,3
"2010","61763",13,6
"2010","61764",5,1
"2010","61765",19,16
"2010","61766",95,33
"2010","62007",43,33
"2010","62008",19,4
"2010","62010",1,4
"2010","62014",8,2
"2010","62021",2,3
"2010","62026",8,3
"2010","62032",4,1
"2010","62034",2,5
"2010","62036",7,9
"2010","62038",84,44
"2010","62039",6,15
"2010","62040",59,55
"2010","62041",162,116
"2010","62042",13,4
"2010","62043",13,18
"2010","62044",7,6
"2010","62045",10,12
"2010","62046",9,8
"2010","62047",52,22
"2010","62048",14,13
"2010","62105",20,17
"2010","62115",9,13
"2010","62116",21,9
"2010","62125",31,12
"2010","62128",9,13
"2010","62131",16,24
"2010","62132",3,1
"2010","62135",19,3
"2010","62138",17,23
"2010","62139",131,120
"2010","62140",280,179
"2010","62141",36,24
"2010","62142",61,66
"2010","62143",80,56
"2010","62144",99,48
"2010","62145",49,28
"2010","62146",20,11
"2010","62147",15,15
"2010","62148",36,26
"2010","62202",5,3
"2010","62205",6,5
"2010","62206",4,2
"2010","62209",8,4
"2010","62211",4,2
"2010","62214",11,17
"2010","62216",0,2
"2010","62219",39,24
"2010","62220",6,17
"2010","62226",23,9
"2010","62232",1,3
"2010","62233",7,10
"2010","62235",8,6
"2010","62242",8,2
"2010","62244",10,3
"2010","62245",4,0
"2010","62247",29,22
"2010","62256",15,13
"2010","62262",2,2
"2010","62264",13,12
"2010","62265",7,3
"2010","62266",9,4
"2010","62268",36,16
"2010","62269",19,14
"2010","62270",8,5
"2010","62271",28,19
"2010","62272",40,22
"2010","62273",19,7
"2010","62274",11,14
"2010","62275",26,16
"2010","62276",16,15
"2010","62277",19,10
"2010","62278",13,7
"2010","62279",5,0
"2010","62280",75,57
"2010","62311",11,5
"2010","62314",1,4
"2010","62326",5,3
"2010","62330",5,1
"2010","62332",5,6
"2010","62335",6,0
"2010","62343",4,3
"2010","62368",1,2
"2010","62372",10,4
"2010","62375",59,29
"2010","62376",22,24
"2010","62377",3,1
"2010","62378",53,38
"2010","62379",88,74
"2010","62380",12,16
"2010","62381",8,5
"2010","62382",20,11
"2010","62383",12,9
"2010","62384",5,5
"2010","62385",7,3
"2010","62386",17,17
"2010","62387",11,5
"2010","62388",3,2
"2010","62389",14,25
"2010","62390",51,20
"2010","70101",2598,2514
"2010","70201",17,16
"2010","70202",19,24
"2010","70203",74,84
"2010","70204",0,2
"2010","70205",57,60
"2010","70206",3,1
"2010","70207",3,3
"2010","70208",78,53
"2010","70209",38,26
"2010","70210",2,0
"2010","70211",39,16
"2010","70212",8,8
"2010","70213",15,24
"2010","70214",20,13
"2010","70215",9,12
"2010","70216",10,10
"2010","70217",17,27
"2010","70218",13,11
"2010","70219",127,112
"2010","70220",1023,803
"2010","70221",9,10
"2010","70222",19,8
"2010","70223",21,11
"2010","70224",11,12
"2010","70301",36,36
"2010","70302",41,24
"2010","70303",24,18
"2010","70304",72,70
"2010","70305",12,1
"2010","70306",11,9
"2010","70307",3,4
"2010","70308",4,3
"2010","70309",42,20
"2010","70310",65,47
"2010","70311",2,6
"2010","70312",93,50
"2010","70313",10,9
"2010","70314",3,7
"2010","70315",21,7
"2010","70317",2,1
"2010","70318",20,14
"2010","70319",28,19
"2010","70320",38,34
"2010","70322",6,6
"2010","70323",2,8
"2010","70325",11,4
"2010","70326",65,30
"2010","70328",24,12
"2010","70329",49,20
"2010","70331",28,25
"2010","70332",29,18
"2010","70333",6,7
"2010","70334",64,60
"2010","70335",9,5
"2010","70336",5,4
"2010","70337",14,8
"2010","70338",13,11
"2010","70339",5,1
"2010","70340",7,1
"2010","70342",3,4
"2010","70343",10,12
"2010","70344",34,17
"2010","70345",11,8
"2010","70346",63,58
"2010","70347",2,0
"2010","70348",19,23
"2010","70349",2,0
"2010","70350",18,14
"2010","70351",117,63
"2010","70352",4,3
"2010","70353",19,8
"2010","70354",183,141
"2010","70355",12,28
"2010","70356",10,11
"2010","70357",164,86
"2010","70358",32,25
"2010","70359",19,11
"2010","70360",15,18
"2010","70361",1,2
"2010","70362",3,3
"2010","70364",52,49
"2010","70365",16,24
"2010","70366",3,6
"2010","70367",42,67
"2010","70368",10,2
"2010","70369",105,95
"2010","70370",23,19
"2010","70401",26,16
"2010","70402",31,12
"2010","70403",127,50
"2010","70404",41,37
"2010","70405",11,3
"2010","70406",49,42
"2010","70407",20,5
"2010","70408",24,23
"2010","70409",125,74
"2010","70410",57,44
"2010","70411",223,114
"2010","70412",87,56
"2010","70413",31,31
"2010","70414",44,33
"2010","70415",8,11
"2010","70416",110,78
"2010","70417",48,27
"2010","70418",16,9
"2010","70419",36,12
"2010","70420",35,16
"2010","70501",45,20
"2010","70502",10,5
"2010","70503",47,39
"2010","70504",10,12
"2010","70505",20,11
"2010","70506",19,37
"2010","70508",52,47
"2010","70509",60,46
"2010","70510",29,28
"2010","70511",44,39
"2010","70512",22,22
"2010","70513",387,346
"2010","70514",31,26
"2010","70515",17,28
"2010","70516",14,7
"2010","70517",12,10
"2010","70518",31,28
"2010","70519",9,12
"2010","70520",26,18
"2010","70521",5,3
"2010","70522",22,37
"2010","70523",8,1
"2010","70524",23,18
"2010","70525",17,10
"2010","70526",44,48
"2010","70527",37,32
"2010","70528",9,10
"2010","70529",34,21
"2010","70530",50,27
"2010","70531",138,120
"2010","70601",1,1
"2010","70602",13,11
"2010","70603",103,86
"2010","70604",11,10
"2010","70605",37,24
"2010","70606",84,73
"2010","70607",6,2
"2010","70608",40,69
"2010","70609",11,17
"2010","70610",0,1
"2010","70611",22,16
"2010","70612",1,0
"2010","70613",8,4
"2010","70614",78,57
"2010","70615",25,23
"2010","70616",19,16
"2010","70617",36,19
"2010","70618",9,3
"2010","70619",23,7
"2010","70620",8,7
"2010","70621",69,81
"2010","70622",13,2
"2010","70623",14,4
"2010","70624",17,18
"2010","70625",1,0
"2010","70626",4,1
"2010","70627",3,5
"2010","70628",8,1
"2010","70629",7,5
"2010","70630",18,22
"2010","70701",2,1
"2010","70702",1,7
"2010","70703",0,2
"2010","70704",0,1
"2010","70705",2,2
"2010","70706",0,1
"2010","70707",9,10
"2010","70708",3,7
"2010","70709",1,0
"2010","70710",3,2
"2010","70711",2,5
"2010","70712",15,6
"2010","70713",4,0
"2010","70714",2,0
"2010","70715",1,8
"2010","70716",84,60
"2010","70717",10,7
"2010","70718",8,5
"2010","70719",8,6
"2010","70720",4,2
"2010","70721",2,0
"2010","70723",6,5
"2010","70724",4,5
"2010","70725",NA,NA
"2010","70726",NA,NA
"2010","70727",1,2
"2010","70728",12,11
"2010","70729",0,2
"2010","70731",0,1
"2010","70732",2,3
"2010","70733",1,0
"2010","70734",5,5
"2010","70735",3,0
"2010","70801",4,9
"2010","70802",13,7
"2010","70803",14,13
"2010","70804",10,10
"2010","70805",22,30
"2010","70806",9,7
"2010","70807",55,37
"2010","70808",7,12
"2010","70809",5,8
"2010","70810",2,0
"2010","70811",17,7
"2010","70812",NA,NA
"2010","70813",8,2
"2010","70814",8,1
"2010","70815",3,2
"2010","70816",8,3
"2010","70817",1,3
"2010","70818",32,21
"2010","70819",NA,NA
"2010","70820",26,19
"2010","70821",24,20
"2010","70822",3,1
"2010","70823",4,0
"2010","70824",11,13
"2010","70825",1,1
"2010","70826",20,12
"2010","70827",6,9
"2010","70828",84,65
"2010","70829",6,9
"2010","70830",2,0
"2010","70831",2,1
"2010","70832",13,17
"2010","70833",17,20
"2010","70834",5,2
"2010","70835",9,12
"2010","70836",14,7
"2010","70837",1,10
"2010","70901",53,31
"2010","70902",7,7
"2010","70903",0,1
"2010","70904",2,3
"2010","70905",12,19
"2010","70907",66,52
"2010","70908",37,40
"2010","70909",103,59
"2010","70910",14,4
"2010","70911",3,1
"2010","70912",14,7
"2010","70913",0,1
"2010","70914",6,1
"2010","70915",18,7
"2010","70916",13,10
"2010","70917",66,63
"2010","70918",48,30
"2010","70920",102,113
"2010","70921",6,2
"2010","70922",8,6
"2010","70923",11,7
"2010","70924",8,0
"2010","70925",17,9
"2010","70926",102,99
"2010","70927",41,11
"2010","70928",14,7
"2010","70929",15,3
"2010","70930",3,7
"2010","70931",21,28
"2010","70932",5,7
"2010","70933",13,5
"2010","70934",58,50
"2010","70935",13,12
"2010","70936",32,24
"2010","70937",20,19
"2010","70938",12,11
"2010","70939",25,18
"2010","70940",10,14
"2010","70941",6,3
"2010","80101",19,23
"2010","80102",1,3
"2010","80103",171,172
"2010","80104",39,55
"2010","80105",16,15
"2010","80106",30,17
"2010","80107",3,3
"2010","80108",10,8
"2010","80109",7,1
"2010","80110",20,13
"2010","80111",8,12
"2010","80112",3,12
"2010","80113",84,234
"2010","80114",6,8
"2010","80115",47,43
"2010","80116",47,56
"2010","80117",32,41
"2010","80118",9,7
"2010","80119",9,6
"2010","80120",26,18
"2010","80121",2,2
"2010","80122",50,42
"2010","80123",7,4
"2010","80124",4,1
"2010","80125",4,4
"2010","80126",14,18
"2010","80127",1,5
"2010","80128",26,27
"2010","80129",25,30
"2010","80201",29,13
"2010","80202",28,18
"2010","80203",9,5
"2010","80204",30,20
"2010","80205",3,3
"2010","80206",4,3
"2010","80207",439,443
"2010","80208",4,4
"2010","80209",8,8
"2010","80210",14,8
"2010","80211",14,12
"2010","80212",10,5
"2010","80213",34,30
"2010","80214",11,7
"2010","80215",138,103
"2010","80216",30,21
"2010","80217",76,57
"2010","80218",88,52
"2010","80219",24,17
"2010","80220",21,14
"2010","80221",6,5
"2010","80222",17,10
"2010","80223",8,12
"2010","80224",71,88
"2010","80225",16,8
"2010","80226",95,65
"2010","80227",21,15
"2010","80228",502,457
"2010","80229",6,2
"2010","80230",14,15
"2010","80231",10,4
"2010","80232",11,5
"2010","80233",14,4
"2010","80234",3,2
"2010","80235",34,33
"2010","80236",16,19
"2010","80237",2,3
"2010","80238",22,23
"2010","80239",19,7
"2010","80240",73,62
"2010","80301",610,631
"2010","80302",155,142
"2010","80303",207,181
"2010","80401",38,46
"2010","80402",2,13
"2010","80403",NA,NA
"2010","80404",515,510
"2010","80405",80,78
"2010","80406",3,1
"2010","80407",16,24
"2010","80408",80,102
"2010","80409",38,47
"2010","80410",34,28
"2010","80411",2,7
"2010","80412",21,18
"2010","80413",14,25
"2010","80414",86,86
"2010","80415",0,4
"2010","80416",15,32
"2010","80417",18,13
"2010","80418",22,30
"2010","80419",2,1
"2010","80420",21,18
"2010","80421",4,1
"2010","80422",0,2
"2010","80423",22,24
"2010","80424",34,22
"2010","90101",663,555
"2010","90201",3957,3561
"2010","90301",2591,2037
"2010","90401",1166,924
"2010","90501",1953,1604
"2010","90601",1119,1059
"2010","90701",1177,933
"2010","90801",1836,1076
"2010","90901",1709,1872
"2010","91001",4198,3240
"2010","91101",1907,1609
"2010","91201",2312,1656
"2010","91301",917,721
"2010","91401",1684,1336
"2010","91501",3327,2565
"2010","91601",2959,2472
"2010","91701",1826,1454
"2010","91801",1421,1364
"2010","91901",1695,1406
"2010","92001",2927,2239
"2010","92101",2004,1461
"2010","92201",1820,1507
"2010","92301",1018,843
"2011","10101",313,245
"2011","10201",7,16
"2011","10301",12,12
"2011","10302",9,6
"2011","10303",10,7
"2011","10304",22,22
"2011","10305",11,16
"2011","10306",2,2
"2011","10307",14,22
"2011","10308",0,4
"2011","10309",16,16
"2011","10310",14,3
"2011","10311",5,8
"2011","10312",10,12
"2011","10313",8,9
"2011","10314",10,10
"2011","10315",33,39
"2011","10316",13,12
"2011","10317",4,13
"2011","10318",6,8
"2011","10319",15,8
"2011","10320",1,1
"2011","10321",5,2
"2011","10322",3,8
"2011","10323",9,3
"2011","10401",1,2
"2011","10402",5,2
"2011","10403",16,13
"2011","10404",6,8
"2011","10405",97,56
"2011","10406",20,16
"2011","10407",10,9
"2011","10408",42,24
"2011","10409",10,6
"2011","10410",0,2
"2011","10411",9,6
"2011","10412",23,10
"2011","10413",2,4
"2011","10414",23,16
"2011","10415",112,23
"2011","10416",7,12
"2011","10417",56,14
"2011","10418",3,0
"2011","10419",10,5
"2011","10420",NA,NA
"2011","10421",4,0
"2011","10422",1,1
"2011","10423",3,1
"2011","10424",2,0
"2011","10425",0,4
"2011","10426",35,5
"2011","10427",2,2
"2011","10428",1,0
"2011","10501",13,10
"2011","10502",5,5
"2011","10503",15,19
"2011","10504",25,18
"2011","10505",6,6
"2011","10506",20,7
"2011","10507",10,5
"2011","10508",8,9
"2011","10509",21,14
"2011","10510",1,2
"2011","10511",5,2
"2011","10512",1,3
"2011","10601",21,13
"2011","10602",9,16
"2011","10603",8,11
"2011","10604",22,16
"2011","10605",11,9
"2011","10606",34,41
"2011","10607",39,27
"2011","10608",3,3
"2011","10609",21,11
"2011","10610",21,10
"2011","10611",19,9
"2011","10612",42,24
"2011","10613",47,18
"2011","10614",11,12
"2011","10615",12,12
"2011","10616",14,10
"2011","10617",17,12
"2011","10618",21,20
"2011","10619",11,5
"2011","10701",20,4
"2011","10702",3,4
"2011","10703",62,32
"2011","10704",15,3
"2011","10705",20,19
"2011","10706",12,4
"2011","10707",77,31
"2011","10708",1,3
"2011","10709",15,49
"2011","10710",8,14
"2011","10711",171,15
"2011","10712",9,14
"2011","10713",77,83
"2011","10714",38,22
"2011","10715",37,14
"2011","10716",11,9
"2011","10717",52,40
"2011","10718",14,11
"2011","10719",5,3
"2011","10720",10,15
"2011","10721",49,62
"2011","10722",25,22
"2011","10723",10,4
"2011","10724",25,11
"2011","10725",5,7
"2011","10726",7,1
"2011","10727",28,3
"2011","10801",13,5
"2011","10802",4,6
"2011","10803",3,5
"2011","10804",12,6
"2011","10805",65,16
"2011","10806",4,0
"2011","10807",12,11
"2011","10808",11,5
"2011","10809",18,18
"2011","10810",13,18
"2011","10811",20,19
"2011","10812",8,9
"2011","10813",4,5
"2011","10814",6,5
"2011","10815",7,3
"2011","10816",35,36
"2011","10817",4,2
"2011","10818",2,1
"2011","10819",5,3
"2011","10820",5,3
"2011","10821",8,4
"2011","10822",16,9
"2011","10823",3,10
"2011","10824",NA,NA
"2011","10825",34,14
"2011","10826",2,6
"2011","10827",2,1
"2011","10828",5,3
"2011","10901",15,5
"2011","10902",63,17
"2011","10903",4,2
"2011","10904",6,6
"2011","10905",48,26
"2011","10906",13,10
"2011","10907",16,8
"2011","10908",13,5
"2011","10909",7,6
"2011","10910",13,2
"2011","10911",7,5
"2011","10912",16,12
"2011","10913",3,0
"2011","10914",11,6
"2011","10915",2,0
"2011","10916",36,12
"2011","10917",60,46
"2011","10918",46,35
"2011","10919",72,22
"2011","10920",24,20
"2011","10921",10,7
"2011","10922",10,6
"2011","10923",47,18
"2011","10924",1,2
"2011","10925",7,3
"2011","10926",9,14
"2011","10927",2,3
"2011","10928",2,9
"2011","10929",4,1
"2011","10930",3,5
"2011","10931",NA,NA
"2011","10932",3,6
"2011","20101",1382,1108
"2011","20201",848,516
"2011","20302",11,10
"2011","20305",60,34
"2011","20306",74,3
"2011","20307",16,4
"2011","20316",9,1
"2011","20320",18,7
"2011","20321",4,3
"2011","20402",33,16
"2011","20403",15,7
"2011","20405",58,30
"2011","20409",13,10
"2011","20412",20,11
"2011","20414",9,15
"2011","20415",43,19
"2011","20416",9,6
"2011","20417",13,15
"2011","20418",15,14
"2011","20419",14,8
"2011","20421",32,20
"2011","20424",49,12
"2011","20425",18,21
"2011","20428",NA,NA
"2011","20432",50,19
"2011","20435",23,19
"2011","20441",4,3
"2011","20442",26,14
"2011","20501",14,11
"2011","20502",6,10
"2011","20503",1,1
"2011","20504",20,7
"2011","20505",28,23
"2011","20506",7,9
"2011","20508",5,4
"2011","20509",12,8
"2011","20511",4,2
"2011","20512",13,3
"2011","20513",4,3
"2011","20515",14,15
"2011","20518",9,4
"2011","20519",7,9
"2011","20520",0,1
"2011","20523",20,18
"2011","20527",103,85
"2011","20530",23,11
"2011","20531",10,8
"2011","20534",25,12
"2011","20601",35,140
"2011","20602",15,18
"2011","20603",6,3
"2011","20604",3,4
"2011","20605",9,6
"2011","20607",9,3
"2011","20608",8,11
"2011","20609",5,7
"2011","20610",6,9
"2011","20611",11,7
"2011","20613",1,4
"2011","20616",11,6
"2011","20618",8,6
"2011","20619",9,5
"2011","20620",29,6
"2011","20622",1,2
"2011","20624",8,3
"2011","20625",12,8
"2011","20627",33,16
"2011","20630",60,29
"2011","20631",5,3
"2011","20632",1,6
"2011","20633",18,2
"2011","20634",32,22
"2011","20635",96,66
"2011","20636",3,3
"2011","20637",4,11
"2011","20638",6,1
"2011","20639",6,4
"2011","20640",3,2
"2011","20642",15,6
"2011","20643",6,10
"2011","20644",9,10
"2011","20701",3,3
"2011","20702",49,25
"2011","20703",3,6
"2011","20705",45,19
"2011","20707",1,0
"2011","20708",5,5
"2011","20710",8,7
"2011","20711",62,52
"2011","20712",4,6
"2011","20713",8,1
"2011","20719",14,17
"2011","20720",18,32
"2011","20721",15,5
"2011","20722",25,14
"2011","20723",6,4
"2011","20724",29,34
"2011","20725",90,81
"2011","20726",14,8
"2011","20727",44,17
"2011","20801",35,15
"2011","20802",3,0
"2011","20803",33,22
"2011","20804",19,1
"2011","20805",7,8
"2011","20806",15,14
"2011","20807",13,5
"2011","20808",30,14
"2011","20810",14,5
"2011","20812",6,5
"2011","20813",164,27
"2011","20815",12,6
"2011","20817",45,37
"2011","20901",12,8
"2011","20905",19,16
"2011","20909",6,10
"2011","20911",9,1
"2011","20912",4,5
"2011","20913",31,32
"2011","20914",4,0
"2011","20918",6,3
"2011","20923",99,51
"2011","21001",3,7
"2011","21002",69,51
"2011","21003",11,6
"2011","21004",4,2
"2011","21005",15,10
"2011","21006",3,5
"2011","21007",18,13
"2011","21008",39,3
"2011","21009",28,25
"2011","21010",3,2
"2011","30101",314,285
"2011","30201",616,553
"2011","30301",93,36
"2011","30401",535,465
"2011","30501",9,5
"2011","30502",173,130
"2011","30503",32,20
"2011","30504",17,9
"2011","30506",9,9
"2011","30507",11,8
"2011","30508",37,9
"2011","30509",6,5
"2011","30510",5,0
"2011","30511",8,8
"2011","30512",3,1
"2011","30514",19,11
"2011","30515",16,8
"2011","30516",4,4
"2011","30517",11,8
"2011","30520",17,8
"2011","30521",6,10
"2011","30522",1,0
"2011","30524",39,1
"2011","30526",2,0
"2011","30527",25,7
"2011","30529",14,7
"2011","30530",20,10
"2011","30531",59,44
"2011","30532",5,15
"2011","30533",20,9
"2011","30534",9,9
"2011","30536",6,3
"2011","30538",20,9
"2011","30539",4,2
"2011","30541",5,3
"2011","30542",6,7
"2011","30543",2,10
"2011","30544",7,2
"2011","30601",30,23
"2011","30602",172,30
"2011","30603",122,129
"2011","30604",307,237
"2011","30605",83,93
"2011","30607",158,101
"2011","30608",13,13
"2011","30609",6,4
"2011","30612",35,20
"2011","30613",59,26
"2011","30614",9,10
"2011","30615",92,117
"2011","30616",4,8
"2011","30618",52,57
"2011","30620",43,35
"2011","30621",15,8
"2011","30623",33,42
"2011","30625",18,20
"2011","30626",29,40
"2011","30627",33,21
"2011","30629",22,9
"2011","30631",18,16
"2011","30633",5,8
"2011","30635",20,11
"2011","30636",33,37
"2011","30637",13,5
"2011","30639",1085,236
"2011","30641",63,50
"2011","30645",20,18
"2011","30646",27,10
"2011","30701",3,2
"2011","30702",18,13
"2011","30703",8,7
"2011","30704",88,75
"2011","30706",23,14
"2011","30708",7,11
"2011","30709",37,17
"2011","30710",169,110
"2011","30711",12,4
"2011","30712",6,2
"2011","30713",6,11
"2011","30715",5,1
"2011","30716",51,13
"2011","30718",15,3
"2011","30719",21,5
"2011","30721",11,16
"2011","30722",19,15
"2011","30724",14,18
"2011","30726",8,10
"2011","30728",32,11
"2011","30729",46,24
"2011","30730",70,51
"2011","30731",14,19
"2011","30732",65,37
"2011","30733",11,6
"2011","30734",22,13
"2011","30735",28,26
"2011","30736",26,21
"2011","30737",17,6
"2011","30738",7,1
"2011","30739",15,10
"2011","30740",245,148
"2011","30741",13,12
"2011","30801",24,16
"2011","30802",48,50
"2011","30803",19,24
"2011","30804",24,18
"2011","30805",10,6
"2011","30808",97,76
"2011","30810",10,19
"2011","30811",7,10
"2011","30812",10,6
"2011","30813",19,1
"2011","30814",15,19
"2011","30817",76,68
"2011","30819",4,6
"2011","30821",68,31
"2011","30822",5,5
"2011","30824",5,2
"2011","30825",6,5
"2011","30826",5,3
"2011","30827",25,17
"2011","30828",2,3
"2011","30829",7,1
"2011","30830",18,47
"2011","30831",37,53
"2011","30834",21,15
"2011","30835",54,46
"2011","30836",10,6
"2011","30838",23,27
"2011","30841",18,11
"2011","30842",15,18
"2011","30844",35,26
"2011","30845",7,4
"2011","30846",8,7
"2011","30848",13,11
"2011","30849",71,63
"2011","30850",7,4
"2011","30852",7,8
"2011","30854",0,4
"2011","30856",56,43
"2011","30857",2,4
"2011","30858",8,24
"2011","30859",6,2
"2011","30860",13,13
"2011","30863",11,15
"2011","30865",15,18
"2011","30902",6,0
"2011","30903",9,10
"2011","30904",2,0
"2011","30906",3,3
"2011","30908",28,21
"2011","30909",4,9
"2011","30910",11,15
"2011","30912",3,2
"2011","30913",0,2
"2011","30915",4,2
"2011","30916",7,7
"2011","30917",2,0
"2011","30920",55,6
"2011","30921",1,1
"2011","30925",9,6
"2011","30929",5,0
"2011","30932",6,1
"2011","30935",26,14
"2011","30939",4,3
"2011","30940",1,0
"2011","30942",3,7
"2011","31001",3,4
"2011","31008",25,18
"2011","31009",7,6
"2011","31014",12,10
"2011","31015",26,18
"2011","31016",3,7
"2011","31018",15,7
"2011","31019",5,6
"2011","31021",11,6
"2011","31022",62,115
"2011","31025",2,6
"2011","31026",9,3
"2011","31028",2,3
"2011","31033",13,12
"2011","31035",10,15
"2011","31036",22,10
"2011","31037",22,24
"2011","31038",7,5
"2011","31041",3,3
"2011","31042",8,11
"2011","31043",4,6
"2011","31051",13,10
"2011","31052",30,16
"2011","31053",17,8
"2011","31101",1,8
"2011","31102",1,0
"2011","31103",4,0
"2011","31104",7,2
"2011","31105",17,14
"2011","31106",15,9
"2011","31107",6,0
"2011","31109",41,31
"2011","31110",2,5
"2011","31111",2,2
"2011","31113",7,0
"2011","31114",2,2
"2011","31117",NA,NA
"2011","31119",4,3
"2011","31120",9,4
"2011","31121",13,10
"2011","31123",3,0
"2011","31124",3,3
"2011","31129",4,4
"2011","31130",2,0
"2011","31201",19,25
"2011","31202",6,2
"2011","31203",24,14
"2011","31204",10,4
"2011","31205",19,14
"2011","31206",47,24
"2011","31207",19,18
"2011","31208",9,6
"2011","31213",239,205
"2011","31214",66,43
"2011","31215",14,7
"2011","31216",24,19
"2011","31224",3,3
"2011","31226",12,17
"2011","31227",11,10
"2011","31228",5,2
"2011","31229",7,5
"2011","31230",118,67
"2011","31234",4,3
"2011","31235",87,49
"2011","31301",8,2
"2011","31302",2,3
"2011","31303",1,3
"2011","31304",6,3
"2011","31308",8,16
"2011","31309",25,8
"2011","31310",9,8
"2011","31311",6,4
"2011","31315",43,26
"2011","31319",3,2
"2011","31321",7,1
"2011","31322",44,21
"2011","31323",3,9
"2011","31324",8,3
"2011","31326",4,1
"2011","31327",29,9
"2011","31330",17,5
"2011","31333",15,7
"2011","31336",6,6
"2011","31337",17,9
"2011","31338",5,6
"2011","31340",1,2
"2011","31343",7,8
"2011","31344",15,9
"2011","31346",7,12
"2011","31347",6,1
"2011","31350",1,0
"2011","31351",10,7
"2011","31355",9,7
"2011","31356",2,3
"2011","31401",27,11
"2011","31402",20,26
"2011","31403",52,13
"2011","31404",11,9
"2011","31405",10,5
"2011","31406",17,4
"2011","31407",41,41
"2011","31408",32,19
"2011","31409",32,13
"2011","31410",8,6
"2011","31411",10,8
"2011","31412",17,15
"2011","31413",26,19
"2011","31414",8,8
"2011","31502",1,1
"2011","31503",11,9
"2011","31504",12,8
"2011","31505",42,50
"2011","31506",NA,NA
"2011","31507",6,9
"2011","31508",6,9
"2011","31509",2,1
"2011","31511",4,2
"2011","31513",4,0
"2011","31514",9,12
"2011","31515",4,3
"2011","31516",4,6
"2011","31517",10,6
"2011","31519",10,9
"2011","31520",22,25
"2011","31521",16,9
"2011","31522",10,11
"2011","31523",6,7
"2011","31524",27,31
"2011","31525",17,4
"2011","31527",16,10
"2011","31528",2,1
"2011","31530",1,1
"2011","31531",7,7
"2011","31533",22,25
"2011","31534",15,5
"2011","31535",1,2
"2011","31537",5,6
"2011","31539",6,4
"2011","31540",12,11
"2011","31541",7,6
"2011","31542",8,9
"2011","31543",6,0
"2011","31546",7,4
"2011","31549",57,54
"2011","31550",8,3
"2011","31551",33,4
"2011","31552",9,4
"2011","31553",18,12
"2011","31601",1,1
"2011","31603",5,5
"2011","31604",10,8
"2011","31605",4,9
"2011","31606",10,5
"2011","31608",2,1
"2011","31609",9,4
"2011","31611",1,4
"2011","31612",33,22
"2011","31613",3,2
"2011","31614",24,12
"2011","31615",5,5
"2011","31616",5,2
"2011","31617",3,4
"2011","31620",1,2
"2011","31621",1,5
"2011","31622",6,5
"2011","31627",3,1
"2011","31628",4,3
"2011","31629",16,18
"2011","31630",12,9
"2011","31633",44,52
"2011","31634",3,3
"2011","31636",2,0
"2011","31642",6,1
"2011","31644",24,24
"2011","31645",4,6
"2011","31646",6,2
"2011","31649",6,10
"2011","31650",2,2
"2011","31651",11,6
"2011","31652",1,6
"2011","31653",2,5
"2011","31654",13,5
"2011","31655",23,35
"2011","31658",1,2
"2011","31701",14,10
"2011","31702",38,17
"2011","31703",60,39
"2011","31704",99,89
"2011","31706",8,10
"2011","31707",43,14
"2011","31709",45,26
"2011","31710",78,92
"2011","31711",4,4
"2011","31712",69,42
"2011","31713",17,14
"2011","31714",5,3
"2011","31715",38,21
"2011","31716",93,75
"2011","31717",281,185
"2011","31718",21,6
"2011","31719",118,100
"2011","31723",81,49
"2011","31725",81,80
"2011","31726",11,13
"2011","31801",5,2
"2011","31802",8,1
"2011","31803",2,2
"2011","31804",6,1
"2011","31805",3,3
"2011","31806",NA,NA
"2011","31807",4,4
"2011","31808",8,7
"2011","31809",2,6
"2011","31810",49,33
"2011","31811",50,29
"2011","31812",36,3
"2011","31813",21,19
"2011","31814",33,10
"2011","31815",1,2
"2011","31817",38,8
"2011","31818",106,76
"2011","31820",3,7
"2011","31821",10,8
"2011","31823",14,12
"2011","31825",2,3
"2011","31826",8,5
"2011","31827",0,1
"2011","31829",172,71
"2011","31830",9,6
"2011","31831",10,12
"2011","31832",22,6
"2011","31833",7,4
"2011","31834",1,0
"2011","31835",27,30
"2011","31836",29,27
"2011","31837",9,4
"2011","31838",20,18
"2011","31839",87,67
"2011","31840",4,3
"2011","31841",1,2
"2011","31842",1,1
"2011","31843",8,2
"2011","31844",4,4
"2011","31845",8,5
"2011","31846",10,13
"2011","31847",0,1
"2011","31848",7,7
"2011","31849",8,5
"2011","31901",5,11
"2011","31902",33,14
"2011","31903",43,31
"2011","31904",9,11
"2011","31905",47,33
"2011","31906",20,8
"2011","31907",8,4
"2011","31909",4,4
"2011","31910",3,9
"2011","31911",0,3
"2011","31912",44,33
"2011","31913",3,6
"2011","31915",25,32
"2011","31916",1,3
"2011","31917",3,1
"2011","31918",11,4
"2011","31919",13,11
"2011","31920",1,2
"2011","31921",23,30
"2011","31922",5,7
"2011","31923",1,2
"2011","31925",8,7
"2011","31926",44,24
"2011","31927",34,10
"2011","31928",3,2
"2011","31929",31,26
"2011","31930",19,20
"2011","31932",7,11
"2011","31934",8,19
"2011","31935",9,3
"2011","31938",4,1
"2011","31939",2,0
"2011","31940",4,8
"2011","31941",13,3
"2011","31943",45,25
"2011","31945",0,2
"2011","31946",7,0
"2011","31947",49,63
"2011","31948",28,12
"2011","31949",35,28
"2011","31950",34,24
"2011","31951",134,95
"2011","31952",76,71
"2011","31953",28,30
"2011","31954",12,11
"2011","32001",38,30
"2011","32002",6,7
"2011","32003",10,4
"2011","32004",2,1
"2011","32005",NA,NA
"2011","32006",4,5
"2011","32007",26,0
"2011","32008",17,15
"2011","32009",3,4
"2011","32010",3,2
"2011","32011",1,5
"2011","32012",1,2
"2011","32013",13,14
"2011","32014",2,3
"2011","32015",1,1
"2011","32016",25,17
"2011","32017",8,5
"2011","32018",1,2
"2011","32101",24,10
"2011","32104",17,8
"2011","32106",52,34
"2011","32107",24,25
"2011","32109",10,5
"2011","32110",8,8
"2011","32112",61,23
"2011","32114",22,12
"2011","32115",15,10
"2011","32116",15,19
"2011","32119",12,10
"2011","32120",12,12
"2011","32131",91,73
"2011","32132",19,31
"2011","32134",15,19
"2011","32135",154,107
"2011","32139",4,3
"2011","32140",12,10
"2011","32141",52,38
"2011","32142",102,52
"2011","32143",8,6
"2011","32144",302,219
"2011","32202",1,2
"2011","32203",3,3
"2011","32206",0,4
"2011","32207",7,10
"2011","32209",6,2
"2011","32210",1,5
"2011","32212",1,0
"2011","32214",1,0
"2011","32216",8,6
"2011","32217",2,5
"2011","32219",0,3
"2011","32220",11,11
"2011","32221",1,1
"2011","32222",6,4
"2011","32223",2,2
"2011","32301",24,32
"2011","32302",14,8
"2011","32304",51,36
"2011","32305",36,24
"2011","32306",16,22
"2011","32307",51,35
"2011","32308",31,13
"2011","32309",4,2
"2011","32310",2,3
"2011","32311",8,4
"2011","32312",7,6
"2011","32313",9,18
"2011","32314",13,21
"2011","32315",22,12
"2011","32316",20,16
"2011","32317",2,3
"2011","32318",12,9
"2011","32319",34,38
"2011","32320",7,10
"2011","32321",6,5
"2011","32322",0,3
"2011","32323",17,6
"2011","32324",2,6
"2011","32325",19,1
"2011","32326",4,0
"2011","32327",28,26
"2011","32330",36,32
"2011","32331",6,3
"2011","32332",11,12
"2011","32333",2,4
"2011","32334",10,10
"2011","32335",4,3
"2011","32336",63,16
"2011","32337",52,55
"2011","32338",11,9
"2011","32501",3,6
"2011","32502",2,1
"2011","32503",1,0
"2011","32504",0,1
"2011","32505",6,1
"2011","32506",8,4
"2011","32508",2,9
"2011","32509",5,2
"2011","32511",3,9
"2011","32514",1,0
"2011","32515",0,3
"2011","32516",4,1
"2011","32517",4,3
"2011","32518",4,5
"2011","32519",NA,NA
"2011","32520",1,0
"2011","32521",2,0
"2011","32522",4,2
"2011","32523",0,2
"2011","32524",5,1
"2011","32525",6,4
"2011","32528",6,1
"2011","32529",6,3
"2011","32530",41,22
"2011","40101",3351,2144
"2011","40201",609,490
"2011","40301",847,621
"2011","40401",39,19
"2011","40402",18,13
"2011","40403",21,5
"2011","40404",240,150
"2011","40405",18,17
"2011","40406",29,19
"2011","40407",7,6
"2011","40408",18,12
"2011","40409",22,21
"2011","40410",16,7
"2011","40411",2,4
"2011","40412",8,9
"2011","40413",51,42
"2011","40414",78,31
"2011","40415",6,4
"2011","40416",4,5
"2011","40417",15,12
"2011","40418",37,39
"2011","40419",17,3
"2011","40420",5,7
"2011","40421",172,79
"2011","40422",23,18
"2011","40423",12,8
"2011","40424",7,4
"2011","40425",18,17
"2011","40426",30,7
"2011","40427",9,14
"2011","40428",42,26
"2011","40429",4,3
"2011","40430",1,7
"2011","40431",19,22
"2011","40432",10,6
"2011","40433",5,7
"2011","40434",5,3
"2011","40435",0,2
"2011","40436",22,16
"2011","40437",26,25
"2011","40438",46,39
"2011","40439",2,1
"2011","40440",0,1
"2011","40441",33,20
"2011","40442",NA,NA
"2011","40443",17,8
"2011","40444",18,7
"2011","40445",24,27
"2011","40446",6,5
"2011","40501",14,23
"2011","40502",24,16
"2011","40503",27,10
"2011","40504",6,16
"2011","40505",5,3
"2011","40506",12,9
"2011","40507",6,7
"2011","40508",11,7
"2011","40509",4,1
"2011","40510",4,5
"2011","40511",29,10
"2011","40512",2,3
"2011","40601",43,29
"2011","40602",3,3
"2011","40603",4,5
"2011","40604",12,1
"2011","40605",0,2
"2011","40606",0,1
"2011","40607",11,9
"2011","40608",1,1
"2011","40609",9,6
"2011","40610",2,1
"2011","40611",7,2
"2011","40612",9,4
"2011","40613",2,0
"2011","40614",9,5
"2011","40615",11,12
"2011","40616",9,10
"2011","40617",2,1
"2011","40618",2,5
"2011","40619",8,2
"2011","40620",8,3
"2011","40621",1,3
"2011","40622",6,5
"2011","40623",2,2
"2011","40624",6,8
"2011","40625",3,1
"2011","40626",15,15
"2011","40627",17,15
"2011","40701",96,65
"2011","40702",40,16
"2011","40703",138,86
"2011","40704",48,47
"2011","40705",160,120
"2011","40706",26,29
"2011","40707",19,22
"2011","40708",4,6
"2011","40709",7,2
"2011","40710",20,3
"2011","40711",56,48
"2011","40712",13,12
"2011","40713",23,12
"2011","40714",50,36
"2011","40715",15,11
"2011","40716",5,0
"2011","40717",50,18
"2011","40718",15,5
"2011","40719",25,17
"2011","40720",53,30
"2011","40801",5,4
"2011","40802",40,34
"2011","40804",2,2
"2011","40805",38,36
"2011","40806",17,11
"2011","40807",6,2
"2011","40808",24,28
"2011","40809",27,13
"2011","40810",NA,NA
"2011","40811",7,10
"2011","40812",9,3
"2011","40813",7,2
"2011","40814",9,3
"2011","40815",2,2
"2011","40816",10,5
"2011","40817",8,4
"2011","40818",20,11
"2011","40820",NA,NA
"2011","40821",3,0
"2011","40822",8,3
"2011","40823",7,1
"2011","40824",2,2
"2011","40825",5,2
"2011","40826",NA,NA
"2011","40827",17,7
"2011","40828",0,1
"2011","40829",9,1
"2011","40830",4,2
"2011","40831",17,19
"2011","40832",15,2
"2011","40833",1,3
"2011","40834",7,5
"2011","40835",9,23
"2011","40901",6,3
"2011","40902",25,20
"2011","40903",9,18
"2011","40904",7,6
"2011","40905",50,19
"2011","40906",3,23
"2011","40907",31,27
"2011","40908",32,40
"2011","40909",7,6
"2011","40910",11,9
"2011","40911",0,12
"2011","40912",17,12
"2011","40913",11,9
"2011","40914",2,4
"2011","40915",15,14
"2011","40916",2,6
"2011","40917",17,15
"2011","40918",13,8
"2011","40919",NA,NA
"2011","40920",3,2
"2011","40921",8,3
"2011","40922",10,5
"2011","40923",42,24
"2011","41001",23,15
"2011","41002",247,160
"2011","41003",68,45
"2011","41004",5,0
"2011","41005",132,72
"2011","41006",19,11
"2011","41007",58,49
"2011","41008",5,1
"2011","41009",21,20
"2011","41010",4,5
"2011","41011",17,14
"2011","41012",272,195
"2011","41013",28,34
"2011","41014",26,20
"2011","41015",3,0
"2011","41016",29,34
"2011","41017",71,72
"2011","41018",19,12
"2011","41019",12,12
"2011","41020",15,6
"2011","41021",395,321
"2011","41022",65,57
"2011","41101",1,0
"2011","41102",6,5
"2011","41103",5,12
"2011","41104",3,0
"2011","41105",36,17
"2011","41106",7,11
"2011","41107",6,0
"2011","41108",322,109
"2011","41109",25,11
"2011","41110",10,16
"2011","41111",89,62
"2011","41112",3,3
"2011","41113",25,9
"2011","41114",15,10
"2011","41115",5,4
"2011","41116",55,53
"2011","41117",4,5
"2011","41118",3,10
"2011","41119",9,4
"2011","41120",12,4
"2011","41121",7,3
"2011","41122",5,2
"2011","41123",8,11
"2011","41124",42,20
"2011","41125",20,15
"2011","41126",7,10
"2011","41201",2,2
"2011","41202",7,8
"2011","41203",8,15
"2011","41204",14,17
"2011","41205",4,12
"2011","41206",3,1
"2011","41207",23,16
"2011","41208",5,0
"2011","41209",5,7
"2011","41210",7,0
"2011","41211",4,3
"2011","41212",9,17
"2011","41213",11,1
"2011","41214",14,5
"2011","41215",5,6
"2011","41216",1,1
"2011","41217",8,1
"2011","41218",15,7
"2011","41219",29,23
"2011","41220",5,5
"2011","41221",1,4
"2011","41222",0,1
"2011","41223",2,6
"2011","41224",23,11
"2011","41225",140,168
"2011","41226",3,4
"2011","41227",2,2
"2011","41228",11,9
"2011","41229",5,3
"2011","41230",14,2
"2011","41231",18,22
"2011","41232",6,7
"2011","41233",13,12
"2011","41234",9,5
"2011","41235",16,11
"2011","41236",2,2
"2011","41304",4,3
"2011","41305",NA,NA
"2011","41306",4,0
"2011","41307",2,0
"2011","41309",4,10
"2011","41311",NA,NA
"2011","41312",3,3
"2011","41313",11,2
"2011","41314",2,6
"2011","41315",7,0
"2011","41316",4,3
"2011","41317",3,4
"2011","41318",6,2
"2011","41319",7,2
"2011","41320",0,2
"2011","41321",12,4
"2011","41322",5,0
"2011","41323",1,0
"2011","41324",13,6
"2011","41325",2,0
"2011","41326",4,2
"2011","41327",14,3
"2011","41328",4,4
"2011","41329",6,4
"2011","41331",2,2
"2011","41332",8,3
"2011","41333",NA,NA
"2011","41334",NA,NA
"2011","41336",1,1
"2011","41337",4,2
"2011","41338",5,2
"2011","41341",7,4
"2011","41342",17,8
"2011","41343",13,12
"2011","41344",20,12
"2011","41345",5,3
"2011","41346",3,2
"2011","41401",2,0
"2011","41402",19,26
"2011","41403",21,21
"2011","41404",13,1
"2011","41405",3,7
"2011","41406",4,4
"2011","41407",17,13
"2011","41408",7,1
"2011","41409",8,11
"2011","41410",44,43
"2011","41411",5,6
"2011","41412",2,0
"2011","41413",9,2
"2011","41414",19,10
"2011","41415",10,5
"2011","41416",17,8
"2011","41417",8,1
"2011","41418",28,27
"2011","41419",12,8
"2011","41420",3,4
"2011","41421",3,0
"2011","41422",68,72
"2011","41423",41,41
"2011","41424",1,6
"2011","41425",43,56
"2011","41426",9,10
"2011","41427",22,7
"2011","41428",4,3
"2011","41429",31,7
"2011","41430",11,2
"2011","41501",10,9
"2011","41502",4,4
"2011","41503",22,13
"2011","41504",25,8
"2011","41505",13,11
"2011","41506",55,41
"2011","41507",2,3
"2011","41508",2,0
"2011","41509",6,3
"2011","41510",3,1
"2011","41511",6,5
"2011","41512",5,2
"2011","41513",1,1
"2011","41514",5,2
"2011","41515",29,27
"2011","41516",79,69
"2011","41517",9,2
"2011","41518",24,13
"2011","41521",12,11
"2011","41522",22,19
"2011","41601",5,2
"2011","41602",21,12
"2011","41603",20,8
"2011","41604",4,0
"2011","41605",36,19
"2011","41606",18,8
"2011","41607",24,16
"2011","41608",4,13
"2011","41609",16,24
"2011","41610",2,0
"2011","41611",7,9
"2011","41612",1,2
"2011","41613",15,10
"2011","41614",19,9
"2011","41615",6,7
"2011","41616",NA,NA
"2011","41617",35,24
"2011","41618",35,13
"2011","41619",5,5
"2011","41620",5,11
"2011","41621",3,4
"2011","41622",1,1
"2011","41623",2,0
"2011","41624",49,36
"2011","41626",19,13
"2011","41627",2,3
"2011","41628",7,7
"2011","41701",56,20
"2011","41702",19,4
"2011","41703",79,48
"2011","41704",3,2
"2011","41705",6,4
"2011","41706",9,6
"2011","41707",2,1
"2011","41708",2,2
"2011","41709",17,8
"2011","41710",37,15
"2011","41711",5,5
"2011","41712",4,5
"2011","41713",52,35
"2011","41714",2,2
"2011","41715",49,24
"2011","41716",2,3
"2011","41717",4,1
"2011","41718",10,4
"2011","41719",9,11
"2011","41720",4,7
"2011","41721",4,3
"2011","41722",18,9
"2011","41723",3,4
"2011","41724",NA,NA
"2011","41725",NA,NA
"2011","41726",8,4
"2011","41727",2,3
"2011","41728",1,1
"2011","41729",NA,NA
"2011","41730",2,6
"2011","41731",28,31
"2011","41732",8,1
"2011","41733",NA,NA
"2011","41734",1285,81
"2011","41735",18,11
"2011","41736",5,2
"2011","41737",12,10
"2011","41738",80,66
"2011","41739",31,25
"2011","41740",8,6
"2011","41741",26,7
"2011","41742",26,17
"2011","41743",102,130
"2011","41744",4,3
"2011","41745",19,7
"2011","41746",90,123
"2011","41747",20,14
"2011","41748",6,2
"2011","41749",7,6
"2011","41750",27,7
"2011","41751",10,7
"2011","41752",3,9
"2011","41801",1,1
"2011","41802",6,1
"2011","41803",14,15
"2011","41804",119,123
"2011","41805",5,1
"2011","41806",12,11
"2011","41807",3,5
"2011","41808",33,25
"2011","41809",2,2
"2011","41810",9,29
"2011","41811",65,58
"2011","41812",127,140
"2011","41813",6,5
"2011","41814",3,3
"2011","41815",2,0
"2011","41816",14,30
"2011","41817",22,17
"2011","41818",15,8
"2011","41819",8,8
"2011","41820",69,56
"2011","41821",12,13
"2011","41822",9,13
"2011","41823",39,52
"2011","41824",38,13
"2011","50101",3539,3189
"2011","50201",45,13
"2011","50202",27,27
"2011","50203",38,23
"2011","50204",49,36
"2011","50205",213,143
"2011","50206",5,1
"2011","50207",39,40
"2011","50208",23,16
"2011","50209",54,89
"2011","50210",2,1
"2011","50211",14,12
"2011","50212",1,4
"2011","50213",32,20
"2011","50301",77,39
"2011","50302",23,18
"2011","50303",44,30
"2011","50304",6,5
"2011","50305",27,27
"2011","50306",13,15
"2011","50307",18,8
"2011","50308",12,15
"2011","50309",64,31
"2011","50310",83,41
"2011","50311",13,4
"2011","50312",63,26
"2011","50313",4,0
"2011","50314",132,100
"2011","50315",35,39
"2011","50316",33,27
"2011","50317",32,27
"2011","50318",7,3
"2011","50319",33,35
"2011","50320",11,10
"2011","50321",20,11
"2011","50322",34,20
"2011","50323",25,21
"2011","50324",73,45
"2011","50325",22,16
"2011","50326",93,86
"2011","50327",41,37
"2011","50328",12,13
"2011","50329",19,12
"2011","50330",129,50
"2011","50331",12,4
"2011","50332",24,14
"2011","50335",65,40
"2011","50336",28,14
"2011","50337",16,14
"2011","50338",139,104
"2011","50339",80,60
"2011","50401",36,26
"2011","50402",102,63
"2011","50403",128,83
"2011","50404",99,63
"2011","50405",8,15
"2011","50406",34,17
"2011","50407",27,18
"2011","50408",35,20
"2011","50409",18,15
"2011","50410",19,26
"2011","50411",27,6
"2011","50412",20,7
"2011","50413",7,13
"2011","50414",12,8
"2011","50415",17,8
"2011","50416",26,15
"2011","50417",51,48
"2011","50418",173,161
"2011","50419",27,21
"2011","50420",29,17
"2011","50421",21,21
"2011","50422",16,13
"2011","50423",35,29
"2011","50424",29,23
"2011","50425",2,5
"2011","50501",1,0
"2011","50502",0,1
"2011","50503",19,22
"2011","50504",63,43
"2011","50505",5,2
"2011","50506",10,14
"2011","50507",7,2
"2011","50508",6,2
"2011","50509",49,27
"2011","50510",39,22
"2011","50511",2,2
"2011","50512",204,200
"2011","50513",12,6
"2011","50514",1,1
"2011","50515",1,0
"2011","50601",16,16
"2011","50602",28,16
"2011","50603",1,6
"2011","50604",18,12
"2011","50605",14,10
"2011","50606",64,34
"2011","50607",7,8
"2011","50608",7,2
"2011","50609",34,27
"2011","50610",14,12
"2011","50611",32,21
"2011","50612",15,18
"2011","50613",50,39
"2011","50614",10,8
"2011","50615",8,4
"2011","50616",35,23
"2011","50617",26,2
"2011","50618",78,45
"2011","50619",139,96
"2011","50620",15,11
"2011","50621",4,6
"2011","50622",25,17
"2011","50623",11,20
"2011","50624",57,28
"2011","50625",1,4
"2011","50626",21,14
"2011","50627",7,5
"2011","50628",389,214
"2011","60101",5752,4621
"2011","60305",13,14
"2011","60318",18,15
"2011","60323",3,6
"2011","60324",5,5
"2011","60326",7,5
"2011","60329",4,3
"2011","60341",7,1
"2011","60344",54,62
"2011","60345",16,17
"2011","60346",17,14
"2011","60347",11,14
"2011","60348",31,33
"2011","60349",55,26
"2011","60350",28,24
"2011","60351",15,18
"2011","60608",59,54
"2011","60611",29,26
"2011","60613",79,48
"2011","60617",28,23
"2011","60618",6,5
"2011","60619",20,10
"2011","60623",7,12
"2011","60624",62,41
"2011","60626",9,23
"2011","60628",20,7
"2011","60629",25,23
"2011","60632",72,35
"2011","60639",5,2
"2011","60641",4,3
"2011","60642",5,6
"2011","60645",41,26
"2011","60646",22,24
"2011","60647",1,0
"2011","60648",35,25
"2011","60651",6,1
"2011","60653",18,16
"2011","60654",10,8
"2011","60655",15,8
"2011","60656",12,6
"2011","60659",57,33
"2011","60660",35,17
"2011","60661",35,24
"2011","60662",25,30
"2011","60663",40,26
"2011","60664",116,65
"2011","60665",31,10
"2011","60666",6,7
"2011","60667",29,33
"2011","60668",20,14
"2011","60669",113,59
"2011","60670",64,41
"2011","61001",4,3
"2011","61002",36,16
"2011","61007",1,3
"2011","61008",6,5
"2011","61012",14,9
"2011","61013",8,10
"2011","61016",2,5
"2011","61017",5,5
"2011","61019",22,29
"2011","61020",15,4
"2011","61021",16,6
"2011","61024",13,11
"2011","61027",4,3
"2011","61030",7,1
"2011","61032",4,2
"2011","61033",11,15
"2011","61043",16,13
"2011","61045",32,34
"2011","61049",13,12
"2011","61050",14,12
"2011","61051",18,11
"2011","61052",8,15
"2011","61053",101,86
"2011","61054",19,9
"2011","61055",5,3
"2011","61057",7,12
"2011","61059",36,21
"2011","61060",17,31
"2011","61061",76,66
"2011","61101",11,7
"2011","61105",6,6
"2011","61106",17,13
"2011","61107",4,7
"2011","61108",365,385
"2011","61109",7,5
"2011","61110",10,5
"2011","61111",2,7
"2011","61112",0,1
"2011","61113",25,29
"2011","61114",8,11
"2011","61115",7,3
"2011","61116",3,3
"2011","61118",5,5
"2011","61119",9,5
"2011","61120",60,47
"2011","61203",9,7
"2011","61204",13,14
"2011","61205",12,3
"2011","61206",1,1
"2011","61207",73,34
"2011","61213",23,10
"2011","61215",17,19
"2011","61217",19,7
"2011","61222",6,0
"2011","61236",33,20
"2011","61243",3,12
"2011","61247",12,7
"2011","61251",4,4
"2011","61252",7,1
"2011","61253",28,27
"2011","61254",8,4
"2011","61255",92,56
"2011","61256",11,7
"2011","61257",20,10
"2011","61258",14,13
"2011","61259",101,48
"2011","61260",24,10
"2011","61261",17,11
"2011","61262",57,35
"2011","61263",41,30
"2011","61264",10,4
"2011","61265",173,155
"2011","61266",10,7
"2011","61267",47,31
"2011","61410",5,7
"2011","61413",NA,NA
"2011","61425",5,6
"2011","61428",2,4
"2011","61437",10,1
"2011","61438",48,38
"2011","61439",29,13
"2011","61440",11,5
"2011","61441",9,5
"2011","61442",47,25
"2011","61443",11,7
"2011","61444",22,4
"2011","61445",145,114
"2011","61446",19,13
"2011","61611",11,3
"2011","61612",7,6
"2011","61615",18,6
"2011","61618",10,4
"2011","61621",3,0
"2011","61624",4,12
"2011","61625",42,29
"2011","61626",11,15
"2011","61627",23,13
"2011","61628",2,3
"2011","61629",5,2
"2011","61630",5,4
"2011","61631",61,51
"2011","61632",21,7
"2011","61633",24,17
"2011","61701",15,11
"2011","61708",10,3
"2011","61710",2,4
"2011","61711",1,7
"2011","61716",20,7
"2011","61719",20,10
"2011","61727",10,12
"2011","61728",NA,NA
"2011","61729",4,2
"2011","61730",18,7
"2011","61731",1,2
"2011","61740",3,2
"2011","61741",17,0
"2011","61743",NA,NA
"2011","61744",NA,NA
"2011","61745",2,1
"2011","61746",8,7
"2011","61748",26,3
"2011","61750",7,4
"2011","61751",20,12
"2011","61756",16,18
"2011","61757",17,17
"2011","61758",21,9
"2011","61759",14,6
"2011","61760",97,36
"2011","61761",4,2
"2011","61762",10,5
"2011","61763",8,19
"2011","61764",10,1
"2011","61765",30,15
"2011","61766",87,40
"2011","62007",39,23
"2011","62008",24,9
"2011","62010",1,2
"2011","62014",8,8
"2011","62021",3,2
"2011","62026",3,6
"2011","62032",2,1
"2011","62034",3,2
"2011","62036",8,3
"2011","62038",88,60
"2011","62039",15,13
"2011","62040",72,59
"2011","62041",176,96
"2011","62042",17,8
"2011","62043",16,14
"2011","62044",8,3
"2011","62045",35,18
"2011","62046",9,5
"2011","62047",42,37
"2011","62048",14,6
"2011","62105",16,13
"2011","62115",13,8
"2011","62116",24,15
"2011","62125",22,16
"2011","62128",20,7
"2011","62131",29,23
"2011","62132",1,1
"2011","62135",4,6
"2011","62138",12,13
"2011","62139",148,161
"2011","62140",288,225
"2011","62141",30,18
"2011","62142",85,50
"2011","62143",85,65
"2011","62144",190,43
"2011","62145",57,23
"2011","62146",22,7
"2011","62147",8,3
"2011","62148",19,29
"2011","62202",12,5
"2011","62205",3,3
"2011","62206",5,6
"2011","62209",3,5
"2011","62211",5,2
"2011","62214",6,24
"2011","62216",2,1
"2011","62219",59,35
"2011","62220",29,10
"2011","62226",20,20
"2011","62232",6,1
"2011","62233",19,19
"2011","62235",16,10
"2011","62242",8,1
"2011","62244",18,8
"2011","62245",NA,NA
"2011","62247",49,4
"2011","62256",13,3
"2011","62262",7,6
"2011","62264",13,23
"2011","62265",8,8
"2011","62266",9,4
"2011","62268",24,17
"2011","62269",14,13
"2011","62270",11,9
"2011","62271",25,30
"2011","62272",38,21
"2011","62273",12,9
"2011","62274",26,22
"2011","62275",26,15
"2011","62276",20,8
"2011","62277",9,8
"2011","62278",25,10
"2011","62279",0,1
"2011","62280",103,53
"2011","62311",5,14
"2011","62314",2,4
"2011","62326",1,3
"2011","62330",6,2
"2011","62332",3,1
"2011","62335",4,1
"2011","62343",5,5
"2011","62368",1,2
"2011","62372",3,2
"2011","62375",45,27
"2011","62376",19,21
"2011","62377",4,3
"2011","62378",52,62
"2011","62379",116,68
"2011","62380",11,10
"2011","62381",7,12
"2011","62382",26,13
"2011","62383",24,19
"2011","62384",17,4
"2011","62385",9,6
"2011","62386",15,10
"2011","62387",10,10
"2011","62388",4,2
"2011","62389",19,13
"2011","62390",61,8
"2011","70101",2968,2296
"2011","70201",13,17
"2011","70202",28,22
"2011","70203",90,86
"2011","70204",NA,NA
"2011","70205",42,41
"2011","70206",1,1
"2011","70207",5,4
"2011","70208",58,74
"2011","70209",28,35
"2011","70210",2,1
"2011","70211",26,12
"2011","70212",27,8
"2011","70213",25,9
"2011","70214",30,18
"2011","70215",15,8
"2011","70216",14,15
"2011","70217",19,19
"2011","70218",17,14
"2011","70219",102,111
"2011","70220",1150,946
"2011","70221",17,11
"2011","70222",10,9
"2011","70223",22,16
"2011","70224",16,11
"2011","70301",40,31
"2011","70302",28,23
"2011","70303",15,34
"2011","70304",63,54
"2011","70305",6,4
"2011","70306",22,17
"2011","70307",3,10
"2011","70308",6,1
"2011","70309",32,40
"2011","70310",44,33
"2011","70311",5,5
"2011","70312",125,39
"2011","70313",32,12
"2011","70314",3,0
"2011","70315",13,5
"2011","70317",6,2
"2011","70318",11,19
"2011","70319",31,27
"2011","70320",31,26
"2011","70322",17,7
"2011","70323",8,6
"2011","70325",8,5
"2011","70326",53,47
"2011","70328",20,5
"2011","70329",18,24
"2011","70331",34,20
"2011","70332",19,28
"2011","70333",10,8
"2011","70334",85,40
"2011","70335",3,4
"2011","70336",7,8
"2011","70337",15,12
"2011","70338",15,15
"2011","70339",4,4
"2011","70340",8,7
"2011","70342",10,6
"2011","70343",9,10
"2011","70344",40,18
"2011","70345",14,11
"2011","70346",71,59
"2011","70347",2,0
"2011","70348",33,23
"2011","70349",2,0
"2011","70350",17,11
"2011","70351",140,77
"2011","70352",6,0
"2011","70353",17,11
"2011","70354",147,127
"2011","70355",36,21
"2011","70356",26,11
"2011","70357",136,126
"2011","70358",31,36
"2011","70359",7,9
"2011","70360",19,9
"2011","70361",4,4
"2011","70362",2,1
"2011","70364",40,56
"2011","70365",20,17
"2011","70366",3,2
"2011","70367",69,48
"2011","70368",16,9
"2011","70369",114,122
"2011","70370",32,17
"2011","70401",19,14
"2011","70402",31,17
"2011","70403",208,39
"2011","70404",48,17
"2011","70405",8,2
"2011","70406",42,26
"2011","70407",14,8
"2011","70408",33,13
"2011","70409",106,46
"2011","70410",53,44
"2011","70411",157,136
"2011","70412",93,55
"2011","70413",29,25
"2011","70414",43,25
"2011","70415",14,5
"2011","70416",105,83
"2011","70417",40,18
"2011","70418",8,13
"2011","70419",30,22
"2011","70420",31,20
"2011","70501",18,19
"2011","70502",12,9
"2011","70503",36,21
"2011","70504",13,8
"2011","70505",14,17
"2011","70506",33,21
"2011","70508",70,63
"2011","70509",49,38
"2011","70510",26,31
"2011","70511",61,45
"2011","70512",37,26
"2011","70513",499,365
"2011","70514",27,14
"2011","70515",29,30
"2011","70516",7,3
"2011","70517",18,14
"2011","70518",32,40
"2011","70519",20,13
"2011","70520",22,13
"2011","70521",8,4
"2011","70522",34,22
"2011","70523",22,12
"2011","70524",21,5
"2011","70525",28,17
"2011","70526",49,32
"2011","70527",33,24
"2011","70528",16,6
"2011","70529",25,29
"2011","70530",38,28
"2011","70531",160,155
"2011","70601",0,1
"2011","70602",12,7
"2011","70603",70,89
"2011","70604",15,11
"2011","70605",6,29
"2011","70606",53,89
"2011","70607",10,4
"2011","70608",54,47
"2011","70609",14,8
"2011","70610",2,3
"2011","70611",36,17
"2011","70612",NA,NA
"2011","70613",10,9
"2011","70614",76,47
"2011","70615",33,26
"2011","70616",16,19
"2011","70617",41,33
"2011","70618",7,2
"2011","70619",20,16
"2011","70620",17,5
"2011","70621",73,52
"2011","70622",9,10
"2011","70623",8,7
"2011","70624",9,11
"2011","70625",0,3
"2011","70626",1,0
"2011","70627",8,1
"2011","70628",0,4
"2011","70629",2,1
"2011","70630",18,18
"2011","70701",4,3
"2011","70702",0,2
"2011","70703",5,2
"2011","70704",NA,NA
"2011","70705",8,4
"2011","70706",NA,NA
"2011","70707",6,5
"2011","70708",2,2
"2011","70709",6,1
"2011","70710",1,2
"2011","70711",8,5
"2011","70712",6,2
"2011","70713",2,5
"2011","70714",7,2
"2011","70715",5,7
"2011","70716",49,66
"2011","70717",12,13
"2011","70718",3,3
"2011","70719",5,11
"2011","70720",1,7
"2011","70721",0,1
"2011","70723",4,1
"2011","70724",7,5
"2011","70725",NA,NA
"2011","70726",0,2
"2011","70727",2,2
"2011","70728",16,7
"2011","70729",8,5
"2011","70731",2,1
"2011","70732",3,8
"2011","70733",NA,NA
"2011","70734",6,10
"2011","70735",7,1
"2011","70801",14,1
"2011","70802",7,5
"2011","70803",7,17
"2011","70804",17,1
"2011","70805",35,31
"2011","70806",11,11
"2011","70807",66,40
"2011","70808",11,5
"2011","70809",3,1
"2011","70810",2,1
"2011","70811",14,10
"2011","70812",NA,NA
"2011","70813",2,16
"2011","70814",12,5
"2011","70815",2,3
"2011","70816",4,6
"2011","70817",11,0
"2011","70818",32,29
"2011","70819",1,1
"2011","70820",21,18
"2011","70821",34,20
"2011","70822",5,1
"2011","70823",1,2
"2011","70824",7,5
"2011","70825",NA,NA
"2011","70826",13,3
"2011","70827",11,7
"2011","70828",79,57
"2011","70829",9,5
"2011","70830",4,3
"2011","70831",3,3
"2011","70832",19,25
"2011","70833",21,27
"2011","70834",5,0
"2011","70835",8,4
"2011","70836",10,9
"2011","70837",4,2
"2011","70901",43,50
"2011","70902",27,8
"2011","70903",1,0
"2011","70904",10,5
"2011","70905",15,9
"2011","70907",94,59
"2011","70908",47,30
"2011","70909",89,42
"2011","70910",8,8
"2011","70911",3,2
"2011","70912",19,11
"2011","70913",8,0
"2011","70914",6,1
"2011","70915",36,16
"2011","70916",23,18
"2011","70917",56,60
"2011","70918",28,43
"2011","70920",151,106
"2011","70921",10,6
"2011","70922",19,9
"2011","70923",21,15
"2011","70924",5,6
"2011","70925",15,9
"2011","70926",109,101
"2011","70927",29,43
"2011","70928",16,9
"2011","70929",4,6
"2011","70930",5,10
"2011","70931",18,7
"2011","70932",2,0
"2011","70933",17,6
"2011","70934",92,54
"2011","70935",25,8
"2011","70936",51,33
"2011","70937",14,11
"2011","70938",15,10
"2011","70939",15,19
"2011","70940",14,14
"2011","70941",11,3
"2011","80101",25,19
"2011","80102",1,2
"2011","80103",179,178
"2011","80104",23,43
"2011","80105",30,13
"2011","80106",29,20
"2011","80107",12,7
"2011","80108",23,6
"2011","80109",3,4
"2011","80110",27,14
"2011","80111",7,2
"2011","80112",11,2
"2011","80113",81,74
"2011","80114",14,10
"2011","80115",71,64
"2011","80116",50,52
"2011","80117",40,33
"2011","80118",9,10
"2011","80119",20,13
"2011","80120",28,10
"2011","80121",1,3
"2011","80122",73,42
"2011","80123",14,13
"2011","80124",2,2
"2011","80125",5,3
"2011","80126",20,16
"2011","80127",5,6
"2011","80128",21,26
"2011","80129",17,32
"2011","80201",17,24
"2011","80202",25,11
"2011","80203",14,6
"2011","80204",50,19
"2011","80205",4,8
"2011","80206",7,7
"2011","80207",484,352
"2011","80208",3,3
"2011","80209",11,4
"2011","80210",25,8
"2011","80211",15,14
"2011","80212",13,13
"2011","80213",50,39
"2011","80214",6,1
"2011","80215",125,110
"2011","80216",20,17
"2011","80217",74,69
"2011","80218",74,51
"2011","80219",19,13
"2011","80220",20,18
"2011","80221",6,5
"2011","80222",5,5
"2011","80223",11,3
"2011","80224",95,80
"2011","80225",12,10
"2011","80226",98,67
"2011","80227",26,18
"2011","80228",418,382
"2011","80229",3,3
"2011","80230",19,10
"2011","80231",13,3
"2011","80232",4,2
"2011","80233",9,8
"2011","80234",5,5
"2011","80235",35,33
"2011","80236",18,16
"2011","80237",2,7
"2011","80238",22,11
"2011","80239",11,9
"2011","80240",95,55
"2011","80301",702,606
"2011","80302",166,139
"2011","80303",235,188
"2011","80401",42,56
"2011","80402",6,4
"2011","80403",9,0
"2011","80404",584,523
"2011","80405",68,75
"2011","80406",12,5
"2011","80407",35,16
"2011","80408",143,84
"2011","80409",34,34
"2011","80410",48,22
"2011","80411",2,1
"2011","80412",33,21
"2011","80413",19,19
"2011","80414",116,122
"2011","80415",7,0
"2011","80416",32,34
"2011","80417",31,21
"2011","80418",38,33
"2011","80419",7,3
"2011","80420",16,28
"2011","80421",5,0
"2011","80422",6,2
"2011","80423",14,17
"2011","80424",17,34
"2011","90101",601,478
"2011","90201",4375,3566
"2011","90301",2768,2165
"2011","90401",1159,883
"2011","90501",1859,1574
"2011","90601",1111,929
"2011","90701",1184,975
"2011","90801",1977,989
"2011","90901",1884,1845
"2011","91001",4408,3345
"2011","91101",1916,1616
"2011","91201",2457,1782
"2011","91301",819,729
"2011","91401",1813,1468
"2011","91501",3363,2684
"2011","91601",3193,2571
"2011","91701",2080,1670
"2011","91801",1558,1221
"2011","91901",1901,1595
"2011","92001",2845,2354
"2011","92101",2136,1611
"2011","92201",2114,1522
"2011","92301",1324,870
"2012","10101",366,263
"2012","10201",15,9
"2012","10301",10,8
"2012","10302",9,9
"2012","10303",16,8
"2012","10304",12,15
"2012","10305",14,11
"2012","10306",4,4
"2012","10307",10,18
"2012","10308",11,3
"2012","10309",12,8
"2012","10310",3,4
"2012","10311",3,7
"2012","10312",19,11
"2012","10313",7,6
"2012","10314",9,5
"2012","10315",33,16
"2012","10316",31,12
"2012","10317",14,6
"2012","10318",10,9
"2012","10319",12,7
"2012","10320",6,0
"2012","10321",4,5
"2012","10322",3,3
"2012","10323",4,9
"2012","10401",1,3
"2012","10402",11,8
"2012","10403",16,15
"2012","10404",9,3
"2012","10405",71,65
"2012","10406",22,19
"2012","10407",7,10
"2012","10408",35,27
"2012","10409",6,5
"2012","10410",7,6
"2012","10411",9,4
"2012","10412",14,7
"2012","10413",11,7
"2012","10414",21,12
"2012","10415",74,28
"2012","10416",15,13
"2012","10417",64,21
"2012","10418",0,4
"2012","10419",20,7
"2012","10420",0,1
"2012","10421",1,1
"2012","10422",2,2
"2012","10423",NA,NA
"2012","10424",0,4
"2012","10425",2,0
"2012","10426",11,10
"2012","10427",0,4
"2012","10428",3,2
"2012","10501",13,16
"2012","10502",9,4
"2012","10503",17,19
"2012","10504",23,11
"2012","10505",12,10
"2012","10506",20,16
"2012","10507",5,10
"2012","10508",25,7
"2012","10509",15,26
"2012","10510",3,3
"2012","10511",2,3
"2012","10512",1,2
"2012","10601",16,16
"2012","10602",28,27
"2012","10603",13,10
"2012","10604",35,17
"2012","10605",7,12
"2012","10606",41,32
"2012","10607",33,29
"2012","10608",1,3
"2012","10609",19,12
"2012","10610",38,13
"2012","10611",20,14
"2012","10612",43,22
"2012","10613",28,19
"2012","10614",11,10
"2012","10615",9,11
"2012","10616",11,12
"2012","10617",14,15
"2012","10618",33,28
"2012","10619",4,3
"2012","10701",18,15
"2012","10702",9,3
"2012","10703",36,37
"2012","10704",11,4
"2012","10705",26,24
"2012","10706",31,13
"2012","10707",64,50
"2012","10708",7,0
"2012","10709",20,14
"2012","10710",11,7
"2012","10711",291,54
"2012","10712",34,7
"2012","10713",115,63
"2012","10714",31,12
"2012","10715",19,10
"2012","10716",1,3
"2012","10717",49,41
"2012","10718",15,23
"2012","10719",7,6
"2012","10720",12,11
"2012","10721",30,28
"2012","10722",21,29
"2012","10723",15,6
"2012","10724",30,5
"2012","10725",3,4
"2012","10726",6,0
"2012","10727",18,4
"2012","10801",20,12
"2012","10802",2,1
"2012","10803",9,8
"2012","10804",6,0
"2012","10805",42,23
"2012","10806",6,4
"2012","10807",6,8
"2012","10808",11,2
"2012","10809",18,6
"2012","10810",9,6
"2012","10811",28,7
"2012","10812",11,6
"2012","10813",4,9
"2012","10814",4,5
"2012","10815",4,2
"2012","10816",26,11
"2012","10817",2,6
"2012","10818",6,6
"2012","10819",0,1
"2012","10820",1,2
"2012","10821",6,3
"2012","10822",9,6
"2012","10823",3,7
"2012","10824",1,0
"2012","10825",30,12
"2012","10826",6,7
"2012","10827",2,6
"2012","10828",6,1
"2012","10901",22,14
"2012","10902",59,23
"2012","10903",19,2
"2012","10904",4,2
"2012","10905",65,27
"2012","10906",12,15
"2012","10907",7,8
"2012","10908",26,5
"2012","10909",8,6
"2012","10910",3,3
"2012","10911",5,5
"2012","10912",18,9
"2012","10913",10,6
"2012","10914",10,10
"2012","10915",7,1
"2012","10916",41,22
"2012","10917",86,39
"2012","10918",43,32
"2012","10919",68,18
"2012","10920",11,8
"2012","10921",9,11
"2012","10922",17,20
"2012","10923",29,26
"2012","10924",0,1
"2012","10925",17,12
"2012","10926",9,4
"2012","10927",6,2
"2012","10928",4,4
"2012","10929",2,1
"2012","10930",8,1
"2012","10931",2,0
"2012","10932",2,6
"2012","20101",1545,1275
"2012","20201",832,497
"2012","20302",10,3
"2012","20305",81,41
"2012","20306",82,14
"2012","20307",16,11
"2012","20316",5,6
"2012","20320",12,5
"2012","20321",5,4
"2012","20402",49,35
"2012","20403",14,18
"2012","20405",64,28
"2012","20409",15,15
"2012","20412",13,12
"2012","20414",10,14
"2012","20415",81,22
"2012","20416",13,13
"2012","20417",10,19
"2012","20418",10,14
"2012","20419",15,8
"2012","20421",44,15
"2012","20424",36,38
"2012","20425",14,10
"2012","20428",10,4
"2012","20432",46,31
"2012","20435",28,32
"2012","20441",1,1
"2012","20442",18,19
"2012","20501",21,24
"2012","20502",19,12
"2012","20503",6,0
"2012","20504",48,17
"2012","20505",16,16
"2012","20506",13,20
"2012","20508",2,7
"2012","20509",25,4
"2012","20511",12,10
"2012","20512",2,6
"2012","20513",2,2
"2012","20515",29,18
"2012","20518",3,6
"2012","20519",6,3
"2012","20520",1,1
"2012","20523",21,19
"2012","20527",127,54
"2012","20530",15,9
"2012","20531",17,4
"2012","20534",16,23
"2012","20601",48,20
"2012","20602",9,9
"2012","20603",2,6
"2012","20604",6,5
"2012","20605",6,9
"2012","20607",5,5
"2012","20608",9,15
"2012","20609",0,4
"2012","20610",11,1
"2012","20611",5,2
"2012","20613",3,5
"2012","20616",8,15
"2012","20618",10,4
"2012","20619",14,4
"2012","20620",28,18
"2012","20622",3,2
"2012","20624",6,6
"2012","20625",16,18
"2012","20627",13,13
"2012","20630",45,36
"2012","20631",5,5
"2012","20632",16,3
"2012","20633",8,6
"2012","20634",40,35
"2012","20635",109,98
"2012","20636",1,6
"2012","20637",8,3
"2012","20638",5,3
"2012","20639",13,3
"2012","20640",3,6
"2012","20642",5,10
"2012","20643",10,13
"2012","20644",28,27
"2012","20701",3,5
"2012","20702",77,38
"2012","20703",1,1
"2012","20705",24,23
"2012","20707",3,0
"2012","20708",2,1
"2012","20710",12,4
"2012","20711",74,50
"2012","20712",8,0
"2012","20713",5,0
"2012","20719",13,4
"2012","20720",33,37
"2012","20721",8,12
"2012","20722",25,12
"2012","20723",3,3
"2012","20724",34,22
"2012","20725",102,72
"2012","20726",2,14
"2012","20727",54,18
"2012","20801",69,8
"2012","20802",6,4
"2012","20803",33,16
"2012","20804",15,10
"2012","20805",9,4
"2012","20806",13,10
"2012","20807",16,10
"2012","20808",62,16
"2012","20810",8,5
"2012","20812",10,4
"2012","20813",172,50
"2012","20815",3,12
"2012","20817",60,46
"2012","20901",13,7
"2012","20905",15,13
"2012","20909",6,5
"2012","20911",4,10
"2012","20912",6,4
"2012","20913",45,26
"2012","20914",2,8
"2012","20918",13,5
"2012","20923",104,77
"2012","21001",6,4
"2012","21002",59,40
"2012","21003",29,25
"2012","21004",14,8
"2012","21005",10,6
"2012","21006",7,4
"2012","21007",14,10
"2012","21008",39,4
"2012","21009",43,22
"2012","21010",3,5
"2012","30101",336,366
"2012","30201",637,605
"2012","30301",87,29
"2012","30401",669,512
"2012","30501",5,4
"2012","30502",238,140
"2012","30503",31,46
"2012","30504",27,10
"2012","30506",24,14
"2012","30507",10,10
"2012","30508",41,15
"2012","30509",4,3
"2012","30510",5,4
"2012","30511",7,9
"2012","30512",3,0
"2012","30514",24,10
"2012","30515",21,18
"2012","30516",8,5
"2012","30517",19,12
"2012","30520",12,4
"2012","30521",2,2
"2012","30522",17,6
"2012","30524",74,15
"2012","30526",2,0
"2012","30527",34,14
"2012","30529",27,15
"2012","30530",9,13
"2012","30531",60,52
"2012","30532",15,8
"2012","30533",14,18
"2012","30534",16,4
"2012","30536",6,10
"2012","30538",14,4
"2012","30539",2,5
"2012","30541",2,3
"2012","30542",14,11
"2012","30543",6,7
"2012","30544",2,3
"2012","30601",27,14
"2012","30602",129,35
"2012","30603",141,125
"2012","30604",348,250
"2012","30605",87,61
"2012","30607",179,105
"2012","30608",24,16
"2012","30609",2,6
"2012","30612",16,14
"2012","30613",60,26
"2012","30614",14,2
"2012","30615",47,145
"2012","30616",7,4
"2012","30618",59,45
"2012","30620",38,39
"2012","30621",27,18
"2012","30623",47,20
"2012","30625",33,21
"2012","30626",29,20
"2012","30627",21,23
"2012","30629",17,9
"2012","30631",17,18
"2012","30633",6,6
"2012","30635",14,12
"2012","30636",32,23
"2012","30637",19,9
"2012","30639",2104,294
"2012","30641",63,74
"2012","30645",27,23
"2012","30646",20,20
"2012","30701",2,1
"2012","30702",24,10
"2012","30703",15,9
"2012","30704",124,73
"2012","30706",26,21
"2012","30708",12,6
"2012","30709",41,29
"2012","30710",236,93
"2012","30711",9,5
"2012","30712",7,12
"2012","30713",10,1
"2012","30715",14,4
"2012","30716",52,29
"2012","30718",20,12
"2012","30719",24,13
"2012","30721",14,21
"2012","30722",10,15
"2012","30724",11,10
"2012","30726",6,8
"2012","30728",36,17
"2012","30729",59,45
"2012","30730",66,40
"2012","30731",21,24
"2012","30732",71,47
"2012","30733",3,4
"2012","30734",25,11
"2012","30735",38,21
"2012","30736",33,28
"2012","30737",8,4
"2012","30738",13,7
"2012","30739",16,18
"2012","30740",257,159
"2012","30741",23,8
"2012","30801",30,23
"2012","30802",55,45
"2012","30803",23,21
"2012","30804",9,14
"2012","30805",14,6
"2012","30808",87,55
"2012","30810",15,18
"2012","30811",14,12
"2012","30812",6,11
"2012","30813",10,12
"2012","30814",25,7
"2012","30817",101,81
"2012","30819",1,0
"2012","30821",62,60
"2012","30822",7,4
"2012","30824",6,1
"2012","30825",8,9
"2012","30826",7,3
"2012","30827",14,14
"2012","30828",2,2
"2012","30829",5,4
"2012","30830",21,14
"2012","30831",44,34
"2012","30834",49,54
"2012","30835",72,43
"2012","30836",8,10
"2012","30838",22,25
"2012","30841",14,9
"2012","30842",19,28
"2012","30844",13,25
"2012","30845",4,6
"2012","30846",8,9
"2012","30848",11,9
"2012","30849",34,40
"2012","30850",7,8
"2012","30852",10,12
"2012","30854",11,4
"2012","30856",52,28
"2012","30857",5,3
"2012","30858",10,6
"2012","30859",4,4
"2012","30860",10,13
"2012","30863",9,10
"2012","30865",14,13
"2012","30902",2,0
"2012","30903",13,4
"2012","30904",2,1
"2012","30906",5,3
"2012","30908",32,22
"2012","30909",5,4
"2012","30910",6,1
"2012","30912",9,2
"2012","30913",1,1
"2012","30915",4,1
"2012","30916",13,6
"2012","30917",4,0
"2012","30920",15,9
"2012","30921",2,1
"2012","30925",12,10
"2012","30929",3,3
"2012","30932",6,8
"2012","30935",36,13
"2012","30939",2,3
"2012","30940",0,1
"2012","30942",7,7
"2012","31001",1,3
"2012","31008",25,24
"2012","31009",9,4
"2012","31014",20,8
"2012","31015",42,35
"2012","31016",5,6
"2012","31018",11,15
"2012","31019",14,4
"2012","31021",2,5
"2012","31022",92,116
"2012","31025",3,0
"2012","31026",9,3
"2012","31028",0,2
"2012","31033",12,14
"2012","31035",11,13
"2012","31036",12,9
"2012","31037",18,17
"2012","31038",3,5
"2012","31041",1,3
"2012","31042",2,6
"2012","31043",7,6
"2012","31051",11,10
"2012","31052",24,16
"2012","31053",2,9
"2012","31101",5,1
"2012","31102",2,0
"2012","31103",1,5
"2012","31104",1,3
"2012","31105",23,16
"2012","31106",20,14
"2012","31107",3,1
"2012","31109",54,32
"2012","31110",3,3
"2012","31111",NA,NA
"2012","31113",7,2
"2012","31114",1,1
"2012","31117",NA,NA
"2012","31119",8,4
"2012","31120",12,9
"2012","31121",11,5
"2012","31123",2,3
"2012","31124",0,1
"2012","31129",7,7
"2012","31130",7,4
"2012","31201",27,27
"2012","31202",15,4
"2012","31203",24,7
"2012","31204",12,4
"2012","31205",16,12
"2012","31206",37,38
"2012","31207",13,9
"2012","31208",9,13
"2012","31213",288,212
"2012","31214",72,41
"2012","31215",18,9
"2012","31216",32,23
"2012","31224",3,3
"2012","31226",8,7
"2012","31227",8,6
"2012","31228",1,1
"2012","31229",4,7
"2012","31230",133,107
"2012","31234",11,4
"2012","31235",109,89
"2012","31301",2,4
"2012","31302",NA,NA
"2012","31303",1,2
"2012","31304",9,5
"2012","31308",15,7
"2012","31309",16,9
"2012","31310",4,13
"2012","31311",7,9
"2012","31315",30,13
"2012","31319",4,2
"2012","31321",5,3
"2012","31322",46,20
"2012","31323",0,4
"2012","31324",1,4
"2012","31326",1,2
"2012","31327",23,27
"2012","31330",16,3
"2012","31333",9,13
"2012","31336",8,8
"2012","31337",14,8
"2012","31338",3,8
"2012","31340",3,3
"2012","31343",15,5
"2012","31344",18,8
"2012","31346",6,6
"2012","31347",3,3
"2012","31350",2,2
"2012","31351",11,2
"2012","31355",21,3
"2012","31356",4,5
"2012","31401",31,11
"2012","31402",15,21
"2012","31403",50,28
"2012","31404",11,9
"2012","31405",0,3
"2012","31406",20,9
"2012","31407",89,37
"2012","31408",47,11
"2012","31409",31,9
"2012","31410",7,1
"2012","31411",9,16
"2012","31412",6,18
"2012","31413",16,8
"2012","31414",5,5
"2012","31502",1,1
"2012","31503",19,5
"2012","31504",8,8
"2012","31505",41,51
"2012","31506",0,1
"2012","31507",10,8
"2012","31508",8,4
"2012","31509",6,6
"2012","31511",2,6
"2012","31513",7,7
"2012","31514",4,5
"2012","31515",3,0
"2012","31516",7,3
"2012","31517",13,10
"2012","31519",15,6
"2012","31520",22,14
"2012","31521",16,16
"2012","31522",12,6
"2012","31523",6,2
"2012","31524",56,27
"2012","31525",3,2
"2012","31527",26,13
"2012","31528",2,2
"2012","31530",6,10
"2012","31531",12,5
"2012","31533",29,21
"2012","31534",16,9
"2012","31535",2,4
"2012","31537",15,4
"2012","31539",42,15
"2012","31540",9,6
"2012","31541",8,6
"2012","31542",10,9
"2012","31543",0,4
"2012","31546",6,7
"2012","31549",76,34
"2012","31550",7,3
"2012","31551",27,7
"2012","31552",3,4
"2012","31553",13,16
"2012","31601",3,1
"2012","31603",10,3
"2012","31604",15,12
"2012","31605",4,6
"2012","31606",4,10
"2012","31608",1,4
"2012","31609",2,4
"2012","31611",1,0
"2012","31612",21,29
"2012","31613",3,3
"2012","31614",23,19
"2012","31615",14,9
"2012","31616",NA,NA
"2012","31617",3,1
"2012","31620",7,1
"2012","31621",4,4
"2012","31622",3,9
"2012","31627",1,3
"2012","31628",7,11
"2012","31629",26,19
"2012","31630",5,5
"2012","31633",68,45
"2012","31634",2,3
"2012","31636",0,5
"2012","31642",1,3
"2012","31644",22,16
"2012","31645",13,3
"2012","31646",1,1
"2012","31649",7,6
"2012","31650",14,10
"2012","31651",4,6
"2012","31652",NA,NA
"2012","31653",5,5
"2012","31654",6,6
"2012","31655",30,30
"2012","31658",1,3
"2012","31701",15,8
"2012","31702",29,26
"2012","31703",46,33
"2012","31704",129,96
"2012","31706",6,8
"2012","31707",28,15
"2012","31709",49,24
"2012","31710",105,63
"2012","31711",7,3
"2012","31712",69,51
"2012","31713",32,24
"2012","31714",13,4
"2012","31715",37,38
"2012","31716",115,109
"2012","31717",344,215
"2012","31718",14,12
"2012","31719",113,96
"2012","31723",65,37
"2012","31725",113,59
"2012","31726",6,14
"2012","31801",1,1
"2012","31802",5,6
"2012","31803",2,3
"2012","31804",7,6
"2012","31805",2,2
"2012","31806",NA,NA
"2012","31807",5,1
"2012","31808",9,10
"2012","31809",3,1
"2012","31810",65,45
"2012","31811",45,34
"2012","31812",24,13
"2012","31813",17,9
"2012","31814",33,19
"2012","31815",6,0
"2012","31817",12,7
"2012","31818",111,93
"2012","31820",5,2
"2012","31821",25,11
"2012","31823",17,23
"2012","31825",7,5
"2012","31826",12,8
"2012","31827",NA,NA
"2012","31829",168,73
"2012","31830",0,4
"2012","31831",20,11
"2012","31832",11,20
"2012","31833",12,12
"2012","31834",2,0
"2012","31835",8,33
"2012","31836",19,21
"2012","31837",11,6
"2012","31838",7,11
"2012","31839",85,69
"2012","31840",6,3
"2012","31841",5,0
"2012","31842",3,0
"2012","31843",6,3
"2012","31844",8,6
"2012","31845",12,15
"2012","31846",11,9
"2012","31847",4,5
"2012","31848",8,5
"2012","31849",2,2
"2012","31901",12,11
"2012","31902",24,13
"2012","31903",35,27
"2012","31904",11,8
"2012","31905",35,42
"2012","31906",24,12
"2012","31907",11,2
"2012","31909",6,8
"2012","31910",3,6
"2012","31911",5,1
"2012","31912",47,66
"2012","31913",6,4
"2012","31915",12,22
"2012","31916",2,2
"2012","31917",4,1
"2012","31918",11,4
"2012","31919",16,9
"2012","31920",1,3
"2012","31921",16,14
"2012","31922",11,3
"2012","31923",3,2
"2012","31925",3,7
"2012","31926",47,44
"2012","31927",35,8
"2012","31928",2,6
"2012","31929",43,30
"2012","31930",16,9
"2012","31932",21,13
"2012","31934",7,7
"2012","31935",14,8
"2012","31938",2,7
"2012","31939",1,0
"2012","31940",2,2
"2012","31941",19,2
"2012","31943",42,22
"2012","31945",2,2
"2012","31946",3,5
"2012","31947",81,58
"2012","31948",23,13
"2012","31949",57,18
"2012","31950",40,31
"2012","31951",121,122
"2012","31952",86,62
"2012","31953",36,28
"2012","31954",9,8
"2012","32001",47,54
"2012","32002",5,7
"2012","32003",7,9
"2012","32004",1,2
"2012","32005",12,4
"2012","32006",1,8
"2012","32007",54,3
"2012","32008",21,18
"2012","32009",3,0
"2012","32010",NA,NA
"2012","32011",4,2
"2012","32012",3,0
"2012","32013",8,13
"2012","32014",4,0
"2012","32015",5,1
"2012","32016",86,28
"2012","32017",15,10
"2012","32018",2,0
"2012","32101",24,15
"2012","32104",22,10
"2012","32106",27,28
"2012","32107",21,21
"2012","32109",7,14
"2012","32110",8,7
"2012","32112",36,39
"2012","32114",12,16
"2012","32115",13,13
"2012","32116",17,12
"2012","32119",11,13
"2012","32120",21,22
"2012","32131",67,107
"2012","32132",12,24
"2012","32134",19,9
"2012","32135",178,118
"2012","32139",11,4
"2012","32140",13,5
"2012","32141",67,50
"2012","32142",89,66
"2012","32143",4,11
"2012","32144",264,210
"2012","32202",5,1
"2012","32203",6,4
"2012","32206",2,1
"2012","32207",4,11
"2012","32209",8,5
"2012","32210",6,3
"2012","32212",2,2
"2012","32214",1,1
"2012","32216",15,16
"2012","32217",3,3
"2012","32219",5,2
"2012","32220",11,15
"2012","32221",2,4
"2012","32222",0,2
"2012","32223",0,2
"2012","32301",30,18
"2012","32302",8,16
"2012","32304",50,48
"2012","32305",32,41
"2012","32306",27,21
"2012","32307",35,30
"2012","32308",18,6
"2012","32309",4,4
"2012","32310",6,2
"2012","32311",11,9
"2012","32312",12,6
"2012","32313",15,11
"2012","32314",17,13
"2012","32315",14,12
"2012","32316",36,21
"2012","32317",1,3
"2012","32318",11,15
"2012","32319",28,25
"2012","32320",6,10
"2012","32321",17,6
"2012","32322",1,1
"2012","32323",17,17
"2012","32324",3,5
"2012","32325",28,5
"2012","32326",3,2
"2012","32327",38,24
"2012","32330",37,37
"2012","32331",3,6
"2012","32332",27,21
"2012","32333",0,2
"2012","32334",6,6
"2012","32335",1,5
"2012","32336",54,30
"2012","32337",50,33
"2012","32338",12,12
"2012","32501",6,4
"2012","32502",0,2
"2012","32503",1,0
"2012","32504",4,2
"2012","32505",6,4
"2012","32506",10,5
"2012","32508",6,2
"2012","32509",2,2
"2012","32511",7,2
"2012","32514",1,0
"2012","32515",10,0
"2012","32516",1,0
"2012","32517",1,6
"2012","32518",6,3
"2012","32519",NA,NA
"2012","32520",5,6
"2012","32521",6,2
"2012","32522",5,7
"2012","32523",5,2
"2012","32524",3,0
"2012","32525",4,2
"2012","32528",7,8
"2012","32529",10,5
"2012","32530",31,36
"2012","40101",3754,2326
"2012","40201",572,440
"2012","40301",1010,695
"2012","40401",46,32
"2012","40402",19,8
"2012","40403",16,10
"2012","40404",242,176
"2012","40405",22,11
"2012","40406",35,20
"2012","40407",10,6
"2012","40408",11,8
"2012","40409",35,16
"2012","40410",5,12
"2012","40411",1,3
"2012","40412",10,10
"2012","40413",30,32
"2012","40414",73,64
"2012","40415",3,3
"2012","40416",2,0
"2012","40417",1,9
"2012","40418",49,44
"2012","40419",17,1
"2012","40420",40,35
"2012","40421",129,106
"2012","40422",110,22
"2012","40423",4,1
"2012","40424",7,5
"2012","40425",10,2
"2012","40426",28,14
"2012","40427",10,15
"2012","40428",17,17
"2012","40429",9,4
"2012","40430",1,5
"2012","40431",14,22
"2012","40432",38,12
"2012","40433",6,6
"2012","40434",7,5
"2012","40435",2,1
"2012","40436",21,16
"2012","40437",28,27
"2012","40438",78,54
"2012","40439",3,2
"2012","40440",2,1
"2012","40441",43,16
"2012","40442",4,0
"2012","40443",24,7
"2012","40444",14,8
"2012","40445",18,13
"2012","40446",19,2
"2012","40501",41,16
"2012","40502",19,12
"2012","40503",30,19
"2012","40504",10,2
"2012","40505",4,4
"2012","40506",9,9
"2012","40507",1,7
"2012","40508",9,4
"2012","40509",10,3
"2012","40510",8,4
"2012","40511",31,19
"2012","40512",4,0
"2012","40601",51,33
"2012","40602",3,4
"2012","40603",14,3
"2012","40604",15,3
"2012","40605",3,1
"2012","40606",2,0
"2012","40607",15,11
"2012","40608",3,2
"2012","40609",15,11
"2012","40610",4,3
"2012","40611",0,1
"2012","40612",4,6
"2012","40613",2,1
"2012","40614",10,7
"2012","40615",6,8
"2012","40616",0,3
"2012","40617",3,0
"2012","40618",5,14
"2012","40619",4,2
"2012","40620",12,5
"2012","40621",0,1
"2012","40622",3,3
"2012","40623",3,8
"2012","40624",6,5
"2012","40625",4,0
"2012","40626",17,11
"2012","40627",33,18
"2012","40701",107,63
"2012","40702",25,28
"2012","40703",110,99
"2012","40704",46,34
"2012","40705",201,134
"2012","40706",22,30
"2012","40707",17,17
"2012","40708",23,3
"2012","40709",9,7
"2012","40710",8,6
"2012","40711",62,49
"2012","40712",12,6
"2012","40713",15,8
"2012","40714",46,31
"2012","40715",2,12
"2012","40716",3,1
"2012","40717",28,20
"2012","40718",12,5
"2012","40719",31,32
"2012","40720",38,31
"2012","40801",18,1
"2012","40802",23,24
"2012","40804",2,0
"2012","40805",47,37
"2012","40806",24,7
"2012","40807",12,7
"2012","40808",69,26
"2012","40809",33,17
"2012","40810",1,0
"2012","40811",6,6
"2012","40812",12,7
"2012","40813",2,7
"2012","40814",2,5
"2012","40815",NA,NA
"2012","40816",9,4
"2012","40817",5,1
"2012","40818",17,15
"2012","40820",2,0
"2012","40821",3,6
"2012","40822",16,7
"2012","40823",14,7
"2012","40824",6,1
"2012","40825",2,2
"2012","40826",2,0
"2012","40827",13,11
"2012","40828",1,1
"2012","40829",8,3
"2012","40830",3,1
"2012","40831",28,14
"2012","40832",27,10
"2012","40833",10,6
"2012","40834",2,5
"2012","40835",22,13
"2012","40901",9,9
"2012","40902",29,31
"2012","40903",18,5
"2012","40904",10,5
"2012","40905",28,19
"2012","40906",9,9
"2012","40907",38,31
"2012","40908",27,26
"2012","40909",21,8
"2012","40910",11,13
"2012","40911",4,3
"2012","40912",18,19
"2012","40913",19,5
"2012","40914",5,5
"2012","40915",11,5
"2012","40916",1,2
"2012","40917",22,13
"2012","40918",17,6
"2012","40919",4,2
"2012","40920",8,1
"2012","40921",6,1
"2012","40922",14,8
"2012","40923",23,26
"2012","41001",6,7
"2012","41002",282,192
"2012","41003",86,46
"2012","41004",4,7
"2012","41005",154,88
"2012","41006",9,8
"2012","41007",83,45
"2012","41008",8,3
"2012","41009",43,29
"2012","41010",6,7
"2012","41011",42,23
"2012","41012",284,187
"2012","41013",21,23
"2012","41014",38,30
"2012","41015",4,3
"2012","41016",22,27
"2012","41017",82,70
"2012","41018",15,10
"2012","41019",14,11
"2012","41020",20,20
"2012","41021",397,284
"2012","41022",69,70
"2012","41101",3,1
"2012","41102",11,6
"2012","41103",25,4
"2012","41104",NA,NA
"2012","41105",27,7
"2012","41106",12,2
"2012","41107",2,0
"2012","41108",391,88
"2012","41109",24,20
"2012","41110",9,9
"2012","41111",101,83
"2012","41112",8,1
"2012","41113",25,7
"2012","41114",31,11
"2012","41115",2,2
"2012","41116",83,48
"2012","41117",4,1
"2012","41118",11,7
"2012","41119",15,4
"2012","41120",9,9
"2012","41121",55,7
"2012","41122",1,1
"2012","41123",5,3
"2012","41124",33,31
"2012","41125",33,8
"2012","41126",10,6
"2012","41201",1,4
"2012","41202",11,5
"2012","41203",7,7
"2012","41204",18,13
"2012","41205",5,6
"2012","41206",1,1
"2012","41207",28,24
"2012","41208",2,2
"2012","41209",7,2
"2012","41210",10,3
"2012","41211",4,7
"2012","41212",15,9
"2012","41213",9,6
"2012","41214",6,7
"2012","41215",9,6
"2012","41216",10,2
"2012","41217",7,3
"2012","41218",17,7
"2012","41219",33,24
"2012","41220",15,9
"2012","41221",1,1
"2012","41222",0,2
"2012","41223",1,6
"2012","41224",40,17
"2012","41225",180,165
"2012","41226",4,5
"2012","41227",2,1
"2012","41228",23,18
"2012","41229",2,7
"2012","41230",10,1
"2012","41231",23,22
"2012","41232",8,4
"2012","41233",15,5
"2012","41234",11,8
"2012","41235",12,10
"2012","41236",1,0
"2012","41304",4,2
"2012","41305",2,1
"2012","41306",2,0
"2012","41307",NA,NA
"2012","41309",9,9
"2012","41311",0,1
"2012","41312",11,2
"2012","41313",1,3
"2012","41314",5,0
"2012","41315",14,5
"2012","41316",2,3
"2012","41317",3,1
"2012","41318",6,4
"2012","41319",1,2
"2012","41320",1,0
"2012","41321",11,8
"2012","41322",1,0
"2012","41323",3,1
"2012","41324",38,13
"2012","41325",0,3
"2012","41326",1,2
"2012","41327",4,7
"2012","41328",8,3
"2012","41329",4,3
"2012","41331",1,1
"2012","41332",6,10
"2012","41333",1,0
"2012","41334",2,1
"2012","41336",5,7
"2012","41337",3,6
"2012","41338",1,1
"2012","41341",11,12
"2012","41342",19,16
"2012","41343",12,6
"2012","41344",9,12
"2012","41345",12,5
"2012","41346",5,1
"2012","41401",5,2
"2012","41402",25,15
"2012","41403",13,8
"2012","41404",3,7
"2012","41405",6,5
"2012","41406",1,8
"2012","41407",6,7
"2012","41408",5,7
"2012","41409",26,14
"2012","41410",60,46
"2012","41411",14,13
"2012","41412",2,0
"2012","41413",11,7
"2012","41414",17,11
"2012","41415",4,5
"2012","41416",20,10
"2012","41417",8,8
"2012","41418",42,26
"2012","41419",12,15
"2012","41420",4,2
"2012","41421",4,3
"2012","41422",84,78
"2012","41423",43,38
"2012","41424",4,1
"2012","41425",35,87
"2012","41426",15,9
"2012","41427",25,12
"2012","41428",7,2
"2012","41429",20,15
"2012","41430",7,5
"2012","41501",5,5
"2012","41502",1,2
"2012","41503",32,14
"2012","41504",11,11
"2012","41505",24,8
"2012","41506",39,54
"2012","41507",4,0
"2012","41508",NA,NA
"2012","41509",3,2
"2012","41510",NA,NA
"2012","41511",7,6
"2012","41512",8,4
"2012","41513",5,1
"2012","41514",13,13
"2012","41515",6,1
"2012","41516",80,53
"2012","41517",13,5
"2012","41518",31,19
"2012","41521",10,12
"2012","41522",27,9
"2012","41601",7,3
"2012","41602",10,10
"2012","41603",24,13
"2012","41604",4,9
"2012","41605",38,16
"2012","41606",10,19
"2012","41607",32,25
"2012","41608",3,0
"2012","41609",9,11
"2012","41610",1,2
"2012","41611",15,9
"2012","41612",1,3
"2012","41613",9,9
"2012","41614",10,17
"2012","41615",14,15
"2012","41616",NA,NA
"2012","41617",22,13
"2012","41618",26,20
"2012","41619",4,2
"2012","41620",3,4
"2012","41621",9,2
"2012","41622",0,6
"2012","41623",1,1
"2012","41624",44,32
"2012","41626",31,4
"2012","41627",6,2
"2012","41628",3,6
"2012","41701",41,25
"2012","41702",4,6
"2012","41703",96,65
"2012","41704",5,4
"2012","41705",1,3
"2012","41706",5,1
"2012","41707",8,5
"2012","41708",3,2
"2012","41709",23,19
"2012","41710",38,26
"2012","41711",11,6
"2012","41712",13,11
"2012","41713",72,34
"2012","41714",2,2
"2012","41715",83,36
"2012","41716",6,2
"2012","41717",8,4
"2012","41718",18,15
"2012","41719",14,7
"2012","41720",2,2
"2012","41721",13,5
"2012","41722",40,7
"2012","41723",0,1
"2012","41724",0,1
"2012","41725",NA,NA
"2012","41726",19,11
"2012","41727",1,1
"2012","41728",0,1
"2012","41729",1,2
"2012","41730",13,3
"2012","41731",33,33
"2012","41732",3,6
"2012","41733",NA,NA
"2012","41734",1478,62
"2012","41735",36,9
"2012","41736",12,5
"2012","41737",26,15
"2012","41738",90,57
"2012","41739",38,18
"2012","41740",9,3
"2012","41741",16,19
"2012","41742",28,29
"2012","41743",117,106
"2012","41744",4,5
"2012","41745",30,7
"2012","41746",153,94
"2012","41747",30,24
"2012","41748",NA,NA
"2012","41749",11,5
"2012","41750",37,14
"2012","41751",31,14
"2012","41752",12,3
"2012","41801",1,2
"2012","41802",6,6
"2012","41803",4,5
"2012","41804",94,85
"2012","41805",8,7
"2012","41806",13,5
"2012","41807",5,7
"2012","41808",35,35
"2012","41809",4,4
"2012","41810",7,7
"2012","41811",79,55
"2012","41812",147,96
"2012","41813",11,8
"2012","41814",5,3
"2012","41815",2,1
"2012","41816",36,16
"2012","41817",28,9
"2012","41818",6,7
"2012","41819",15,9
"2012","41820",77,58
"2012","41821",18,12
"2012","41822",19,13
"2012","41823",38,43
"2012","41824",54,20
"2012","50101",3699,3068
"2012","50201",44,26
"2012","50202",25,22
"2012","50203",22,27
"2012","50204",65,33
"2012","50205",260,201
"2012","50206",0,5
"2012","50207",40,32
"2012","50208",20,31
"2012","50209",74,38
"2012","50210",10,4
"2012","50211",15,17
"2012","50212",3,6
"2012","50213",26,21
"2012","50301",95,43
"2012","50302",35,25
"2012","50303",36,43
"2012","50304",7,7
"2012","50305",43,15
"2012","50306",6,4
"2012","50307",8,16
"2012","50308",24,17
"2012","50309",94,42
"2012","50310",70,60
"2012","50311",23,15
"2012","50312",92,30
"2012","50313",2,5
"2012","50314",147,96
"2012","50315",59,33
"2012","50316",49,32
"2012","50317",48,31
"2012","50318",4,2
"2012","50319",38,35
"2012","50320",7,11
"2012","50321",18,14
"2012","50322",32,27
"2012","50323",24,10
"2012","50324",85,57
"2012","50325",11,11
"2012","50326",100,75
"2012","50327",38,19
"2012","50328",12,13
"2012","50329",32,24
"2012","50330",123,60
"2012","50331",8,11
"2012","50332",19,13
"2012","50335",71,49
"2012","50336",34,16
"2012","50337",38,34
"2012","50338",129,111
"2012","50339",117,82
"2012","50401",45,44
"2012","50402",135,77
"2012","50403",169,94
"2012","50404",99,78
"2012","50405",7,10
"2012","50406",21,22
"2012","50407",34,22
"2012","50408",27,27
"2012","50409",27,25
"2012","50410",13,16
"2012","50411",37,23
"2012","50412",13,9
"2012","50413",5,2
"2012","50414",9,7
"2012","50415",11,15
"2012","50416",22,9
"2012","50417",74,49
"2012","50418",237,178
"2012","50419",42,28
"2012","50420",48,21
"2012","50421",37,34
"2012","50422",9,4
"2012","50423",28,27
"2012","50424",37,21
"2012","50425",17,8
"2012","50501",0,1
"2012","50502",5,1
"2012","50503",23,22
"2012","50504",55,48
"2012","50505",2,6
"2012","50506",19,6
"2012","50507",3,1
"2012","50508",6,1
"2012","50509",47,35
"2012","50510",43,26
"2012","50511",1,0
"2012","50512",144,191
"2012","50513",13,9
"2012","50514",1,3
"2012","50515",3,0
"2012","50601",13,13
"2012","50602",36,30
"2012","50603",0,1
"2012","50604",12,2
"2012","50605",5,5
"2012","50606",81,47
"2012","50607",10,4
"2012","50608",12,10
"2012","50609",33,26
"2012","50610",19,16
"2012","50611",39,15
"2012","50612",33,16
"2012","50613",59,58
"2012","50614",12,12
"2012","50615",19,13
"2012","50616",46,32
"2012","50617",35,17
"2012","50618",80,44
"2012","50619",172,127
"2012","50620",15,10
"2012","50621",2,3
"2012","50622",29,26
"2012","50623",10,16
"2012","50624",43,33
"2012","50625",7,2
"2012","50626",26,1
"2012","50627",6,7
"2012","50628",276,217
"2012","60101",6795,4840
"2012","60305",7,9
"2012","60318",26,19
"2012","60323",2,3
"2012","60324",10,7
"2012","60326",6,5
"2012","60329",6,7
"2012","60341",4,0
"2012","60344",68,53
"2012","60345",22,28
"2012","60346",11,15
"2012","60347",12,13
"2012","60348",31,20
"2012","60349",26,47
"2012","60350",26,27
"2012","60351",23,16
"2012","60608",74,39
"2012","60611",26,23
"2012","60613",73,51
"2012","60617",46,32
"2012","60618",4,6
"2012","60619",10,11
"2012","60623",11,7
"2012","60624",87,48
"2012","60626",7,13
"2012","60628",16,16
"2012","60629",27,26
"2012","60632",42,28
"2012","60639",8,5
"2012","60641",1,3
"2012","60642",2,3
"2012","60645",60,15
"2012","60646",22,12
"2012","60647",1,0
"2012","60648",26,27
"2012","60651",7,6
"2012","60653",35,25
"2012","60654",23,9
"2012","60655",17,12
"2012","60656",19,9
"2012","60659",53,35
"2012","60660",44,15
"2012","60661",51,33
"2012","60662",9,19
"2012","60663",38,35
"2012","60664",141,77
"2012","60665",21,17
"2012","60666",14,3
"2012","60667",44,26
"2012","60668",14,9
"2012","60669",93,81
"2012","60670",68,49
"2012","61001",3,3
"2012","61002",65,13
"2012","61007",3,2
"2012","61008",3,6
"2012","61012",16,8
"2012","61013",14,7
"2012","61016",7,6
"2012","61017",4,10
"2012","61019",19,17
"2012","61020",8,4
"2012","61021",10,14
"2012","61024",16,11
"2012","61027",10,5
"2012","61030",6,2
"2012","61032",5,3
"2012","61033",9,5
"2012","61043",24,13
"2012","61045",28,33
"2012","61049",14,12
"2012","61050",17,12
"2012","61051",14,7
"2012","61052",18,9
"2012","61053",92,94
"2012","61054",18,14
"2012","61055",8,13
"2012","61057",9,16
"2012","61059",39,26
"2012","61060",18,20
"2012","61061",83,82
"2012","61101",23,8
"2012","61105",4,7
"2012","61106",12,9
"2012","61107",10,1
"2012","61108",363,409
"2012","61109",2,5
"2012","61110",9,8
"2012","61111",1,2
"2012","61112",NA,NA
"2012","61113",16,14
"2012","61114",4,9
"2012","61115",5,6
"2012","61116",4,4
"2012","61118",19,10
"2012","61119",7,0
"2012","61120",47,35
"2012","61203",9,11
"2012","61204",20,13
"2012","61205",8,5
"2012","61206",4,2
"2012","61207",56,42
"2012","61213",21,18
"2012","61215",10,8
"2012","61217",20,10
"2012","61222",8,2
"2012","61236",51,20
"2012","61243",10,11
"2012","61247",6,13
"2012","61251",1,4
"2012","61252",10,3
"2012","61253",29,12
"2012","61254",4,5
"2012","61255",84,100
"2012","61256",6,10
"2012","61257",16,11
"2012","61258",21,6
"2012","61259",65,68
"2012","61260",11,4
"2012","61261",17,15
"2012","61262",54,29
"2012","61263",57,36
"2012","61264",18,8
"2012","61265",158,143
"2012","61266",2,4
"2012","61267",42,44
"2012","61410",0,5
"2012","61413",2,3
"2012","61425",9,5
"2012","61428",4,1
"2012","61437",10,3
"2012","61438",55,31
"2012","61439",11,21
"2012","61440",5,4
"2012","61441",5,2
"2012","61442",49,44
"2012","61443",11,5
"2012","61444",14,12
"2012","61445",128,132
"2012","61446",14,10
"2012","61611",6,4
"2012","61612",11,10
"2012","61615",8,2
"2012","61618",8,14
"2012","61621",1,3
"2012","61624",4,10
"2012","61625",52,35
"2012","61626",26,26
"2012","61627",15,11
"2012","61628",1,1
"2012","61629",4,6
"2012","61630",11,10
"2012","61631",69,39
"2012","61632",19,22
"2012","61633",15,19
"2012","61701",5,3
"2012","61708",2,3
"2012","61710",10,2
"2012","61711",3,3
"2012","61716",12,15
"2012","61719",12,12
"2012","61727",17,7
"2012","61728",0,1
"2012","61729",1,3
"2012","61730",21,10
"2012","61731",0,1
"2012","61740",6,2
"2012","61741",21,5
"2012","61743",NA,NA
"2012","61744",1,2
"2012","61745",2,2
"2012","61746",12,5
"2012","61748",24,13
"2012","61750",7,6
"2012","61751",2,9
"2012","61756",12,9
"2012","61757",11,10
"2012","61758",23,26
"2012","61759",10,8
"2012","61760",92,51
"2012","61761",2,7
"2012","61762",10,4
"2012","61763",14,17
"2012","61764",9,6
"2012","61765",24,13
"2012","61766",109,63
"2012","62007",39,36
"2012","62008",24,22
"2012","62010",2,0
"2012","62014",8,9
"2012","62021",1,2
"2012","62026",8,4
"2012","62032",1,0
"2012","62034",3,0
"2012","62036",12,3
"2012","62038",87,59
"2012","62039",12,6
"2012","62040",87,85
"2012","62041",227,121
"2012","62042",18,27
"2012","62043",22,15
"2012","62044",13,5
"2012","62045",39,28
"2012","62046",15,10
"2012","62047",48,23
"2012","62048",19,23
"2012","62105",24,11
"2012","62115",13,14
"2012","62116",11,13
"2012","62125",16,17
"2012","62128",14,19
"2012","62131",20,24
"2012","62132",1,3
"2012","62135",9,2
"2012","62138",17,18
"2012","62139",158,102
"2012","62140",323,230
"2012","62141",27,21
"2012","62142",95,74
"2012","62143",95,93
"2012","62144",172,79
"2012","62145",51,40
"2012","62146",36,18
"2012","62147",19,22
"2012","62148",15,20
"2012","62202",11,11
"2012","62205",8,1
"2012","62206",15,3
"2012","62209",7,4
"2012","62211",6,3
"2012","62214",6,4
"2012","62216",9,8
"2012","62219",43,40
"2012","62220",29,41
"2012","62226",66,22
"2012","62232",9,3
"2012","62233",14,10
"2012","62235",36,11
"2012","62242",3,0
"2012","62244",9,6
"2012","62245",1,2
"2012","62247",40,35
"2012","62256",9,10
"2012","62262",2,0
"2012","62264",16,17
"2012","62265",9,3
"2012","62266",9,5
"2012","62268",7,9
"2012","62269",14,10
"2012","62270",11,11
"2012","62271",22,21
"2012","62272",28,16
"2012","62273",10,5
"2012","62274",33,24
"2012","62275",31,21
"2012","62276",9,11
"2012","62277",5,2
"2012","62278",26,16
"2012","62279",5,3
"2012","62280",79,73
"2012","62311",5,3
"2012","62314",0,7
"2012","62326",10,5
"2012","62330",3,5
"2012","62332",2,3
"2012","62335",4,2
"2012","62343",0,2
"2012","62368",0,2
"2012","62372",10,9
"2012","62375",52,32
"2012","62376",22,21
"2012","62377",5,0
"2012","62378",45,30
"2012","62379",99,73
"2012","62380",16,11
"2012","62381",12,5
"2012","62382",20,8
"2012","62383",21,18
"2012","62384",20,7
"2012","62385",3,13
"2012","62386",20,19
"2012","62387",5,5
"2012","62388",1,5
"2012","62389",11,17
"2012","62390",48,19
"2012","70101",4088,2467
"2012","70201",34,30
"2012","70202",39,36
"2012","70203",129,89
"2012","70204",5,2
"2012","70205",61,31
"2012","70206",0,2
"2012","70207",8,8
"2012","70208",99,73
"2012","70209",55,24
"2012","70210",2,2
"2012","70211",58,12
"2012","70212",25,9
"2012","70213",16,6
"2012","70214",33,15
"2012","70215",7,10
"2012","70216",16,7
"2012","70217",29,29
"2012","70218",18,8
"2012","70219",68,96
"2012","70220",492,1109
"2012","70221",23,11
"2012","70222",6,10
"2012","70223",31,19
"2012","70224",12,12
"2012","70301",42,43
"2012","70302",52,39
"2012","70303",35,11
"2012","70304",46,54
"2012","70305",20,17
"2012","70306",15,20
"2012","70307",0,1
"2012","70308",6,4
"2012","70309",20,29
"2012","70310",44,48
"2012","70311",6,6
"2012","70312",153,39
"2012","70313",24,11
"2012","70314",3,3
"2012","70315",18,9
"2012","70317",14,9
"2012","70318",7,11
"2012","70319",35,19
"2012","70320",20,14
"2012","70322",8,8
"2012","70323",5,5
"2012","70325",12,4
"2012","70326",77,48
"2012","70328",40,21
"2012","70329",14,10
"2012","70331",25,22
"2012","70332",30,7
"2012","70333",5,10
"2012","70334",81,70
"2012","70335",6,7
"2012","70336",6,5
"2012","70337",17,13
"2012","70338",11,11
"2012","70339",6,3
"2012","70340",9,8
"2012","70342",4,2
"2012","70343",18,15
"2012","70344",44,21
"2012","70345",8,8
"2012","70346",63,46
"2012","70347",1,1
"2012","70348",39,38
"2012","70349",1,7
"2012","70350",28,11
"2012","70351",140,96
"2012","70352",4,4
"2012","70353",14,12
"2012","70354",164,148
"2012","70355",41,21
"2012","70356",16,7
"2012","70357",134,145
"2012","70358",32,34
"2012","70359",3,13
"2012","70360",18,19
"2012","70361",5,6
"2012","70362",3,3
"2012","70364",63,47
"2012","70365",32,22
"2012","70366",7,5
"2012","70367",46,42
"2012","70368",15,6
"2012","70369",141,153
"2012","70370",26,21
"2012","70401",23,22
"2012","70402",26,13
"2012","70403",373,61
"2012","70404",54,35
"2012","70405",10,14
"2012","70406",53,31
"2012","70407",14,10
"2012","70408",20,26
"2012","70409",73,69
"2012","70410",75,40
"2012","70411",227,132
"2012","70412",110,53
"2012","70413",36,16
"2012","70414",30,26
"2012","70415",5,7
"2012","70416",123,97
"2012","70417",33,16
"2012","70418",21,11
"2012","70419",22,8
"2012","70420",37,24
"2012","70501",22,14
"2012","70502",8,6
"2012","70503",41,35
"2012","70504",3,3
"2012","70505",9,11
"2012","70506",36,8
"2012","70508",85,50
"2012","70509",76,49
"2012","70510",42,20
"2012","70511",70,67
"2012","70512",38,22
"2012","70513",540,451
"2012","70514",38,17
"2012","70515",28,28
"2012","70516",9,4
"2012","70517",20,12
"2012","70518",45,21
"2012","70519",11,16
"2012","70520",13,15
"2012","70521",14,4
"2012","70522",53,23
"2012","70523",15,16
"2012","70524",28,13
"2012","70525",39,19
"2012","70526",60,39
"2012","70527",38,40
"2012","70528",7,11
"2012","70529",33,19
"2012","70530",40,21
"2012","70531",180,149
"2012","70601",0,1
"2012","70602",7,9
"2012","70603",124,75
"2012","70604",36,14
"2012","70605",2,9
"2012","70606",38,44
"2012","70607",13,8
"2012","70608",33,47
"2012","70609",25,12
"2012","70610",0,2
"2012","70611",27,29
"2012","70612",3,1
"2012","70613",1,3
"2012","70614",54,74
"2012","70615",33,39
"2012","70616",17,18
"2012","70617",43,39
"2012","70618",2,9
"2012","70619",19,8
"2012","70620",13,13
"2012","70621",57,70
"2012","70622",6,5
"2012","70623",10,7
"2012","70624",23,10
"2012","70625",1,1
"2012","70626",3,3
"2012","70627",6,2
"2012","70628",1,0
"2012","70629",3,3
"2012","70630",26,16
"2012","70701",4,3
"2012","70702",1,1
"2012","70703",1,1
"2012","70704",1,1
"2012","70705",6,2
"2012","70706",NA,NA
"2012","70707",3,7
"2012","70708",2,3
"2012","70709",3,3
"2012","70710",1,2
"2012","70711",12,5
"2012","70712",7,1
"2012","70713",2,1
"2012","70714",2,4
"2012","70715",1,3
"2012","70716",78,66
"2012","70717",10,14
"2012","70718",5,2
"2012","70719",6,12
"2012","70720",1,1
"2012","70721",1,0
"2012","70723",6,3
"2012","70724",6,4
"2012","70725",0,1
"2012","70726",1,2
"2012","70727",1,3
"2012","70728",14,13
"2012","70729",5,7
"2012","70731",3,3
"2012","70732",7,1
"2012","70733",1,0
"2012","70734",9,7
"2012","70735",2,8
"2012","70801",9,13
"2012","70802",6,13
"2012","70803",12,8
"2012","70804",12,12
"2012","70805",41,34
"2012","70806",13,14
"2012","70807",62,49
"2012","70808",8,19
"2012","70809",5,2
"2012","70810",0,4
"2012","70811",20,10
"2012","70812",NA,NA
"2012","70813",3,7
"2012","70814",10,5
"2012","70815",3,2
"2012","70816",5,6
"2012","70817",0,2
"2012","70818",19,24
"2012","70819",2,0
"2012","70820",16,23
"2012","70821",28,25
"2012","70822",7,1
"2012","70823",5,0
"2012","70824",14,2
"2012","70825",0,3
"2012","70826",16,15
"2012","70827",7,8
"2012","70828",73,67
"2012","70829",10,9
"2012","70830",3,3
"2012","70831",6,9
"2012","70832",33,11
"2012","70833",32,21
"2012","70834",1,2
"2012","70835",13,11
"2012","70836",12,10
"2012","70837",5,11
"2012","70901",45,25
"2012","70902",14,8
"2012","70903",1,0
"2012","70904",9,6
"2012","70905",6,9
"2012","70907",153,93
"2012","70908",50,48
"2012","70909",118,65
"2012","70910",10,15
"2012","70911",4,0
"2012","70912",14,11
"2012","70913",1,10
"2012","70914",10,7
"2012","70915",26,28
"2012","70916",20,16
"2012","70917",94,51
"2012","70918",29,28
"2012","70920",154,126
"2012","70921",11,5
"2012","70922",13,11
"2012","70923",14,8
"2012","70924",6,5
"2012","70925",24,11
"2012","70926",137,144
"2012","70927",38,26
"2012","70928",9,18
"2012","70929",8,9
"2012","70930",7,1
"2012","70931",15,11
"2012","70932",3,2
"2012","70933",10,10
"2012","70934",87,69
"2012","70935",10,14
"2012","70936",39,32
"2012","70937",22,9
"2012","70938",8,8
"2012","70939",18,19
"2012","70940",23,10
"2012","70941",9,9
"2012","80101",20,25
"2012","80102",6,2
"2012","80103",204,166
"2012","80104",20,40
"2012","80105",25,12
"2012","80106",16,19
"2012","80107",15,12
"2012","80108",29,9
"2012","80109",6,3
"2012","80110",20,24
"2012","80111",6,8
"2012","80112",5,4
"2012","80113",47,99
"2012","80114",5,10
"2012","80115",45,69
"2012","80116",74,60
"2012","80117",49,42
"2012","80118",8,5
"2012","80119",19,14
"2012","80120",45,23
"2012","80121",1,3
"2012","80122",72,44
"2012","80123",4,4
"2012","80124",7,1
"2012","80125",3,3
"2012","80126",18,29
"2012","80127",4,5
"2012","80128",12,12
"2012","80129",22,9
"2012","80201",28,34
"2012","80202",26,24
"2012","80203",16,4
"2012","80204",34,26
"2012","80205",14,3
"2012","80206",8,8
"2012","80207",550,408
"2012","80208",3,3
"2012","80209",9,11
"2012","80210",16,9
"2012","80211",12,16
"2012","80212",14,6
"2012","80213",50,39
"2012","80214",14,8
"2012","80215",168,128
"2012","80216",32,17
"2012","80217",98,79
"2012","80218",90,65
"2012","80219",26,9
"2012","80220",15,16
"2012","80221",6,5
"2012","80222",8,4
"2012","80223",23,12
"2012","80224",91,86
"2012","80225",14,9
"2012","80226",153,105
"2012","80227",17,9
"2012","80228",409,445
"2012","80229",4,1
"2012","80230",7,7
"2012","80231",18,10
"2012","80232",12,1
"2012","80233",7,5
"2012","80234",2,4
"2012","80235",51,40
"2012","80236",12,23
"2012","80237",16,3
"2012","80238",35,19
"2012","80239",3,17
"2012","80240",76,63
"2012","80301",744,628
"2012","80302",228,176
"2012","80303",230,234
"2012","80401",55,49
"2012","80402",6,2
"2012","80403",NA,NA
"2012","80404",599,519
"2012","80405",84,72
"2012","80406",5,8
"2012","80407",18,21
"2012","80408",109,119
"2012","80409",51,38
"2012","80410",38,28
"2012","80411",6,7
"2012","80412",25,38
"2012","80413",37,28
"2012","80414",114,114
"2012","80415",10,4
"2012","80416",19,18
"2012","80417",15,34
"2012","80418",40,15
"2012","80419",2,2
"2012","80420",24,16
"2012","80421",2,3
"2012","80422",0,2
"2012","80423",12,13
"2012","80424",45,31
"2012","90101",710,443
"2012","90201",4328,3470
"2012","90301",2995,2021
"2012","90401",1452,920
"2012","90501",2258,1455
"2012","90601",1402,811
"2012","90701",1276,918
"2012","90801",2171,1003
"2012","90901",2311,1755
"2012","91001",6351,3697
"2012","91101",2166,1603
"2012","91201",2823,1806
"2012","91301",885,677
"2012","91401",1995,1331
"2012","91501",4134,2556
"2012","91601",3806,2371
"2012","91701",2277,1593
"2012","91801",1710,1151
"2012","91901",2066,1488
"2012","92001",3591,2236
"2012","92101",2428,1779
"2012","92201",2262,1630
"2012","92301",1264,826
"2013","10101",350,235
"2013","10201",20,4
"2013","10301",14,8
"2013","10302",10,6
"2013","10303",19,11
"2013","10304",14,13
"2013","10305",21,5
"2013","10306",2,1
"2013","10307",13,9
"2013","10308",6,2
"2013","10309",23,9
"2013","10310",2,3
"2013","10311",4,5
"2013","10312",14,16
"2013","10313",10,9
"2013","10314",6,6
"2013","10315",31,21
"2013","10316",11,11
"2013","10317",18,2
"2013","10318",11,2
"2013","10319",13,3
"2013","10320",1,5
"2013","10321",6,3
"2013","10322",5,4
"2013","10323",10,4
"2013","10401",7,7
"2013","10402",4,6
"2013","10403",6,13
"2013","10404",5,8
"2013","10405",88,47
"2013","10406",20,14
"2013","10407",13,6
"2013","10408",30,36
"2013","10409",2,5
"2013","10410",7,6
"2013","10411",6,3
"2013","10412",8,8
"2013","10413",4,5
"2013","10414",30,9
"2013","10415",82,33
"2013","10416",12,5
"2013","10417",53,29
"2013","10418",5,0
"2013","10419",5,8
"2013","10420",3,2
"2013","10421",9,3
"2013","10422",0,3
"2013","10423",NA,NA
"2013","10424",NA,NA
"2013","10425",2,0
"2013","10426",1,4
"2013","10427",6,0
"2013","10428",9,3
"2013","10501",19,19
"2013","10502",13,8
"2013","10503",8,11
"2013","10504",18,23
"2013","10505",14,17
"2013","10506",16,18
"2013","10507",7,6
"2013","10508",12,23
"2013","10509",8,15
"2013","10510",3,3
"2013","10511",3,0
"2013","10512",2,3
"2013","10601",22,19
"2013","10602",25,8
"2013","10603",16,9
"2013","10604",18,24
"2013","10605",30,10
"2013","10606",67,37
"2013","10607",46,25
"2013","10608",4,0
"2013","10609",12,11
"2013","10610",11,17
"2013","10611",18,7
"2013","10612",44,45
"2013","10613",21,10
"2013","10614",3,6
"2013","10615",6,4
"2013","10616",13,7
"2013","10617",16,10
"2013","10618",50,41
"2013","10619",4,3
"2013","10701",26,14
"2013","10702",6,2
"2013","10703",40,25
"2013","10704",17,12
"2013","10705",17,21
"2013","10706",22,10
"2013","10707",47,43
"2013","10708",10,3
"2013","10709",16,6
"2013","10710",10,8
"2013","10711",182,48
"2013","10712",21,8
"2013","10713",144,55
"2013","10714",46,18
"2013","10715",20,9
"2013","10716",8,3
"2013","10717",69,24
"2013","10718",9,13
"2013","10719",3,2
"2013","10720",22,12
"2013","10721",27,27
"2013","10722",14,13
"2013","10723",8,6
"2013","10724",13,20
"2013","10725",5,0
"2013","10726",11,3
"2013","10727",34,2
"2013","10801",19,3
"2013","10802",3,5
"2013","10803",7,4
"2013","10804",8,6
"2013","10805",40,17
"2013","10806",3,4
"2013","10807",14,16
"2013","10808",8,8
"2013","10809",21,13
"2013","10810",7,2
"2013","10811",16,14
"2013","10812",5,3
"2013","10813",3,4
"2013","10814",6,8
"2013","10815",11,5
"2013","10816",32,21
"2013","10817",3,3
"2013","10818",3,3
"2013","10819",4,0
"2013","10820",4,3
"2013","10821",3,11
"2013","10822",12,3
"2013","10823",2,0
"2013","10824",3,2
"2013","10825",35,8
"2013","10826",2,4
"2013","10827",3,1
"2013","10828",1,3
"2013","10901",18,5
"2013","10902",27,25
"2013","10903",8,10
"2013","10904",5,0
"2013","10905",45,53
"2013","10906",16,8
"2013","10907",13,12
"2013","10908",20,8
"2013","10909",3,8
"2013","10910",9,7
"2013","10911",3,4
"2013","10912",10,6
"2013","10913",4,9
"2013","10914",10,10
"2013","10915",4,4
"2013","10916",40,22
"2013","10917",90,54
"2013","10918",55,28
"2013","10919",67,26
"2013","10920",13,10
"2013","10921",32,5
"2013","10922",19,21
"2013","10923",12,37
"2013","10924",1,4
"2013","10925",17,14
"2013","10926",6,8
"2013","10927",2,3
"2013","10928",12,5
"2013","10929",2,2
"2013","10930",4,3
"2013","10931",0,1
"2013","10932",4,3
"2013","20101",2001,1252
"2013","20201",930,564
"2013","20302",12,6
"2013","20305",86,55
"2013","20306",106,43
"2013","20307",22,15
"2013","20316",13,11
"2013","20320",22,2
"2013","20321",9,7
"2013","20402",38,21
"2013","20403",13,15
"2013","20405",95,37
"2013","20409",19,9
"2013","20412",11,14
"2013","20414",16,7
"2013","20415",83,28
"2013","20416",4,7
"2013","20417",13,21
"2013","20418",21,17
"2013","20419",17,8
"2013","20421",26,30
"2013","20424",52,33
"2013","20425",20,6
"2013","20428",7,0
"2013","20432",57,22
"2013","20435",14,15
"2013","20441",0,1
"2013","20442",22,26
"2013","20501",19,20
"2013","20502",15,9
"2013","20503",7,5
"2013","20504",32,17
"2013","20505",20,29
"2013","20506",12,5
"2013","20508",1,3
"2013","20509",16,15
"2013","20511",11,12
"2013","20512",11,6
"2013","20513",12,4
"2013","20515",24,17
"2013","20518",5,7
"2013","20519",6,3
"2013","20520",8,6
"2013","20523",22,30
"2013","20527",154,87
"2013","20530",20,28
"2013","20531",9,7
"2013","20534",18,14
"2013","20601",47,26
"2013","20602",15,7
"2013","20603",9,6
"2013","20604",5,4
"2013","20605",11,11
"2013","20607",6,5
"2013","20608",11,8
"2013","20609",11,4
"2013","20610",12,5
"2013","20611",8,2
"2013","20613",2,5
"2013","20616",5,5
"2013","20618",1,3
"2013","20619",18,13
"2013","20620",38,23
"2013","20622",6,2
"2013","20624",6,4
"2013","20625",9,10
"2013","20627",19,18
"2013","20630",68,40
"2013","20631",3,6
"2013","20632",3,2
"2013","20633",12,7
"2013","20634",47,32
"2013","20635",118,76
"2013","20636",2,3
"2013","20637",6,11
"2013","20638",2,5
"2013","20639",10,3
"2013","20640",8,3
"2013","20642",5,8
"2013","20643",6,7
"2013","20644",14,8
"2013","20701",5,9
"2013","20702",121,48
"2013","20703",7,6
"2013","20705",25,11
"2013","20707",4,0
"2013","20708",2,3
"2013","20710",16,6
"2013","20711",64,64
"2013","20712",8,1
"2013","20713",15,3
"2013","20719",7,12
"2013","20720",33,26
"2013","20721",9,9
"2013","20722",42,21
"2013","20723",5,5
"2013","20724",49,18
"2013","20725",126,81
"2013","20726",12,12
"2013","20727",59,18
"2013","20801",126,43
"2013","20802",4,4
"2013","20803",45,25
"2013","20804",55,14
"2013","20805",6,5
"2013","20806",19,3
"2013","20807",5,8
"2013","20808",15,16
"2013","20810",5,4
"2013","20812",10,5
"2013","20813",136,26
"2013","20815",12,6
"2013","20817",73,46
"2013","20901",10,18
"2013","20905",25,9
"2013","20909",19,10
"2013","20911",1,2
"2013","20912",11,6
"2013","20913",122,43
"2013","20914",4,3
"2013","20918",11,6
"2013","20923",124,78
"2013","21001",11,1
"2013","21002",92,57
"2013","21003",26,20
"2013","21004",15,7
"2013","21005",10,12
"2013","21006",5,4
"2013","21007",8,19
"2013","21008",62,14
"2013","21009",49,24
"2013","21010",9,11
"2013","30101",327,356
"2013","30201",706,609
"2013","30301",108,42
"2013","30401",716,465
"2013","30501",6,8
"2013","30502",248,154
"2013","30503",17,17
"2013","30504",21,15
"2013","30506",8,12
"2013","30507",10,2
"2013","30508",53,24
"2013","30509",7,1
"2013","30510",5,7
"2013","30511",10,3
"2013","30512",1,2
"2013","30514",25,7
"2013","30515",16,6
"2013","30516",8,2
"2013","30517",46,18
"2013","30520",2,7
"2013","30521",2,4
"2013","30522",7,5
"2013","30524",80,11
"2013","30526",1,0
"2013","30527",17,19
"2013","30529",42,12
"2013","30530",14,10
"2013","30531",75,37
"2013","30532",26,11
"2013","30533",13,22
"2013","30534",6,7
"2013","30536",8,6
"2013","30538",17,17
"2013","30539",1,1
"2013","30541",5,11
"2013","30542",15,15
"2013","30543",4,3
"2013","30544",13,4
"2013","30601",23,23
"2013","30602",180,37
"2013","30603",142,126
"2013","30604",385,255
"2013","30605",99,46
"2013","30607",159,100
"2013","30608",20,18
"2013","30609",4,3
"2013","30612",23,10
"2013","30613",72,41
"2013","30614",6,7
"2013","30615",66,120
"2013","30616",9,5
"2013","30618",66,49
"2013","30620",47,37
"2013","30621",23,13
"2013","30623",41,31
"2013","30625",29,24
"2013","30626",47,39
"2013","30627",35,24
"2013","30629",19,18
"2013","30631",14,11
"2013","30633",3,2
"2013","30635",6,17
"2013","30636",29,14
"2013","30637",10,9
"2013","30639",1063,290
"2013","30641",69,63
"2013","30645",21,16
"2013","30646",13,2
"2013","30701",2,0
"2013","30702",30,9
"2013","30703",29,14
"2013","30704",115,51
"2013","30706",28,23
"2013","30708",8,7
"2013","30709",22,25
"2013","30710",204,139
"2013","30711",11,2
"2013","30712",4,2
"2013","30713",6,6
"2013","30715",9,7
"2013","30716",47,23
"2013","30718",8,7
"2013","30719",11,8
"2013","30721",18,14
"2013","30722",12,12
"2013","30724",6,7
"2013","30726",8,14
"2013","30728",55,12
"2013","30729",39,39
"2013","30730",73,54
"2013","30731",21,7
"2013","30732",76,48
"2013","30733",10,7
"2013","30734",27,16
"2013","30735",63,24
"2013","30736",34,16
"2013","30737",18,9
"2013","30738",4,8
"2013","30739",8,5
"2013","30740",341,178
"2013","30741",20,19
"2013","30801",16,22
"2013","30802",54,55
"2013","30803",34,20
"2013","30804",28,19
"2013","30805",11,9
"2013","30808",75,63
"2013","30810",7,12
"2013","30811",12,8
"2013","30812",7,3
"2013","30813",15,10
"2013","30814",16,11
"2013","30817",127,108
"2013","30819",8,4
"2013","30821",87,49
"2013","30822",3,4
"2013","30824",1,2
"2013","30825",7,5
"2013","30826",1,4
"2013","30827",31,12
"2013","30828",6,4
"2013","30829",1,2
"2013","30830",23,16
"2013","30831",12,20
"2013","30834",49,57
"2013","30835",87,64
"2013","30836",14,8
"2013","30838",19,18
"2013","30841",6,4
"2013","30842",23,15
"2013","30844",20,16
"2013","30845",1,8
"2013","30846",1,0
"2013","30848",17,14
"2013","30849",48,46
"2013","30850",10,8
"2013","30852",16,14
"2013","30854",5,1
"2013","30856",59,38
"2013","30857",9,4
"2013","30858",14,11
"2013","30859",3,2
"2013","30860",21,7
"2013","30863",32,18
"2013","30865",15,8
"2013","30902",17,2
"2013","30903",5,8
"2013","30904",1,1
"2013","30906",1,1
"2013","30908",24,33
"2013","30909",11,2
"2013","30910",11,2
"2013","30912",7,6
"2013","30913",1,1
"2013","30915",2,4
"2013","30916",23,10
"2013","30917",5,3
"2013","30920",17,10
"2013","30921",4,1
"2013","30925",9,4
"2013","30929",1,5
"2013","30932",10,8
"2013","30935",25,16
"2013","30939",4,2
"2013","30940",NA,NA
"2013","30942",11,5
"2013","31001",0,4
"2013","31008",17,23
"2013","31009",7,4
"2013","31014",15,12
"2013","31015",45,37
"2013","31016",6,1
"2013","31018",10,7
"2013","31019",8,3
"2013","31021",10,3
"2013","31022",72,121
"2013","31025",11,4
"2013","31026",7,10
"2013","31028",5,0
"2013","31033",8,7
"2013","31035",3,8
"2013","31036",10,10
"2013","31037",23,27
"2013","31038",5,5
"2013","31041",2,3
"2013","31042",5,6
"2013","31043",4,12
"2013","31051",5,12
"2013","31052",11,18
"2013","31053",9,8
"2013","31101",5,2
"2013","31102",1,0
"2013","31103",5,3
"2013","31104",4,4
"2013","31105",15,5
"2013","31106",21,19
"2013","31107",4,3
"2013","31109",34,35
"2013","31110",NA,NA
"2013","31111",NA,NA
"2013","31113",2,8
"2013","31114",1,2
"2013","31117",1,0
"2013","31119",5,5
"2013","31120",6,4
"2013","31121",7,14
"2013","31123",6,1
"2013","31124",6,3
"2013","31129",3,7
"2013","31130",5,1
"2013","31201",31,21
"2013","31202",6,8
"2013","31203",7,6
"2013","31204",3,4
"2013","31205",16,12
"2013","31206",37,23
"2013","31207",22,10
"2013","31208",18,10
"2013","31213",318,251
"2013","31214",66,57
"2013","31215",15,13
"2013","31216",32,19
"2013","31224",3,1
"2013","31226",5,10
"2013","31227",13,7
"2013","31228",2,1
"2013","31229",8,3
"2013","31230",185,93
"2013","31234",8,10
"2013","31235",107,63
"2013","31301",1,0
"2013","31302",1,2
"2013","31303",0,7
"2013","31304",3,1
"2013","31308",10,9
"2013","31309",12,7
"2013","31310",3,6
"2013","31311",9,5
"2013","31315",13,14
"2013","31319",6,5
"2013","31321",2,0
"2013","31322",46,17
"2013","31323",3,5
"2013","31324",9,9
"2013","31326",NA,NA
"2013","31327",25,19
"2013","31330",16,13
"2013","31333",10,8
"2013","31336",5,8
"2013","31337",19,10
"2013","31338",3,2
"2013","31340",7,4
"2013","31343",12,8
"2013","31344",24,6
"2013","31346",8,9
"2013","31347",7,5
"2013","31350",4,6
"2013","31351",14,6
"2013","31355",6,9
"2013","31356",1,2
"2013","31401",32,8
"2013","31402",20,14
"2013","31403",61,21
"2013","31404",8,3
"2013","31405",1,1
"2013","31406",4,17
"2013","31407",50,25
"2013","31408",51,12
"2013","31409",38,11
"2013","31410",7,9
"2013","31411",13,9
"2013","31412",17,14
"2013","31413",41,16
"2013","31414",5,5
"2013","31502",1,0
"2013","31503",5,13
"2013","31504",10,6
"2013","31505",40,23
"2013","31506",0,1
"2013","31507",7,7
"2013","31508",1,3
"2013","31509",7,3
"2013","31511",0,2
"2013","31513",8,1
"2013","31514",0,5
"2013","31515",2,0
"2013","31516",10,8
"2013","31517",11,4
"2013","31519",19,21
"2013","31520",27,23
"2013","31521",10,9
"2013","31522",21,9
"2013","31523",6,1
"2013","31524",44,34
"2013","31525",9,4
"2013","31527",23,21
"2013","31528",1,0
"2013","31530",14,8
"2013","31531",17,11
"2013","31533",20,24
"2013","31534",10,2
"2013","31535",1,0
"2013","31537",16,5
"2013","31539",22,12
"2013","31540",16,13
"2013","31541",6,4
"2013","31542",14,8
"2013","31543",1,0
"2013","31546",0,2
"2013","31549",70,40
"2013","31550",4,3
"2013","31551",35,7
"2013","31552",4,5
"2013","31553",13,11
"2013","31601",4,1
"2013","31603",4,5
"2013","31604",24,13
"2013","31605",8,3
"2013","31606",12,8
"2013","31608",0,2
"2013","31609",8,3
"2013","31611",1,3
"2013","31612",22,22
"2013","31613",6,1
"2013","31614",34,17
"2013","31615",19,8
"2013","31616",4,1
"2013","31617",4,1
"2013","31620",7,1
"2013","31621",1,1
"2013","31622",3,1
"2013","31627",3,6
"2013","31628",11,5
"2013","31629",35,27
"2013","31630",4,15
"2013","31633",66,60
"2013","31634",3,1
"2013","31636",1,0
"2013","31642",0,1
"2013","31644",21,25
"2013","31645",5,5
"2013","31646",2,1
"2013","31649",6,1
"2013","31650",13,8
"2013","31651",11,10
"2013","31652",4,0
"2013","31653",7,6
"2013","31654",14,16
"2013","31655",47,25
"2013","31658",3,1
"2013","31701",15,8
"2013","31702",39,41
"2013","31703",58,40
"2013","31704",130,71
"2013","31706",7,9
"2013","31707",11,26
"2013","31709",38,34
"2013","31710",105,79
"2013","31711",8,7
"2013","31712",49,46
"2013","31713",29,28
"2013","31714",7,11
"2013","31715",37,37
"2013","31716",118,84
"2013","31717",343,221
"2013","31718",11,8
"2013","31719",163,93
"2013","31723",64,45
"2013","31725",122,75
"2013","31726",14,13
"2013","31801",3,0
"2013","31802",16,14
"2013","31803",12,1
"2013","31804",7,4
"2013","31805",7,0
"2013","31806",3,1
"2013","31807",7,3
"2013","31808",18,8
"2013","31809",29,5
"2013","31810",49,49
"2013","31811",56,30
"2013","31812",25,7
"2013","31813",22,22
"2013","31814",63,14
"2013","31815",5,1
"2013","31817",26,4
"2013","31818",157,115
"2013","31820",3,5
"2013","31821",14,7
"2013","31823",9,15
"2013","31825",3,3
"2013","31826",19,15
"2013","31827",0,1
"2013","31829",161,38
"2013","31830",7,5
"2013","31831",12,14
"2013","31832",8,3
"2013","31833",11,14
"2013","31834",3,0
"2013","31835",13,39
"2013","31836",21,16
"2013","31837",6,11
"2013","31838",23,3
"2013","31839",116,87
"2013","31840",4,6
"2013","31841",4,4
"2013","31842",0,1
"2013","31843",9,4
"2013","31844",3,1
"2013","31845",6,10
"2013","31846",12,10
"2013","31847",6,2
"2013","31848",4,5
"2013","31849",4,6
"2013","31901",24,18
"2013","31902",37,13
"2013","31903",37,32
"2013","31904",4,10
"2013","31905",35,34
"2013","31906",38,7
"2013","31907",4,8
"2013","31909",6,3
"2013","31910",2,9
"2013","31911",12,5
"2013","31912",48,42
"2013","31913",8,8
"2013","31915",5,7
"2013","31916",2,4
"2013","31917",5,3
"2013","31918",16,7
"2013","31919",15,8
"2013","31920",4,0
"2013","31921",25,19
"2013","31922",22,13
"2013","31923",2,5
"2013","31925",5,4
"2013","31926",56,49
"2013","31927",43,18
"2013","31928",3,5
"2013","31929",30,27
"2013","31930",11,3
"2013","31932",18,9
"2013","31934",16,8
"2013","31935",6,8
"2013","31938",6,3
"2013","31939",1,2
"2013","31940",6,4
"2013","31941",30,6
"2013","31943",47,42
"2013","31945",5,3
"2013","31946",6,11
"2013","31947",64,69
"2013","31948",28,16
"2013","31949",51,35
"2013","31950",29,22
"2013","31951",137,97
"2013","31952",107,61
"2013","31953",24,22
"2013","31954",9,5
"2013","32001",39,20
"2013","32002",2,5
"2013","32003",14,11
"2013","32004",8,1
"2013","32005",3,2
"2013","32006",1,3
"2013","32007",59,4
"2013","32008",15,11
"2013","32009",1,3
"2013","32010",2,0
"2013","32011",4,2
"2013","32012",3,2
"2013","32013",26,16
"2013","32014",3,0
"2013","32015",0,1
"2013","32016",66,39
"2013","32017",16,9
"2013","32018",0,2
"2013","32101",36,23
"2013","32104",17,6
"2013","32106",29,27
"2013","32107",35,15
"2013","32109",6,2
"2013","32110",7,11
"2013","32112",46,37
"2013","32114",16,17
"2013","32115",13,10
"2013","32116",19,7
"2013","32119",13,2
"2013","32120",29,11
"2013","32131",73,65
"2013","32132",14,6
"2013","32134",24,16
"2013","32135",187,126
"2013","32139",7,5
"2013","32140",26,14
"2013","32141",69,42
"2013","32142",121,57
"2013","32143",11,4
"2013","32144",375,197
"2013","32202",3,9
"2013","32203",3,3
"2013","32206",1,5
"2013","32207",7,9
"2013","32209",12,3
"2013","32210",3,2
"2013","32212",1,0
"2013","32214",0,2
"2013","32216",10,11
"2013","32217",4,2
"2013","32219",5,0
"2013","32220",15,10
"2013","32221",0,2
"2013","32222",0,1
"2013","32223",1,1
"2013","32301",26,13
"2013","32302",1,6
"2013","32304",44,43
"2013","32305",50,25
"2013","32306",20,18
"2013","32307",22,26
"2013","32308",31,18
"2013","32309",2,1
"2013","32310",3,7
"2013","32311",5,3
"2013","32312",8,9
"2013","32313",14,6
"2013","32314",10,20
"2013","32315",18,21
"2013","32316",22,29
"2013","32317",4,2
"2013","32318",13,14
"2013","32319",42,21
"2013","32320",5,4
"2013","32321",6,6
"2013","32322",7,5
"2013","32323",20,28
"2013","32324",2,1
"2013","32325",21,8
"2013","32326",1,1
"2013","32327",33,20
"2013","32330",45,33
"2013","32331",2,4
"2013","32332",16,17
"2013","32333",2,1
"2013","32334",6,6
"2013","32335",NA,NA
"2013","32336",81,46
"2013","32337",53,31
"2013","32338",20,12
"2013","32501",4,5
"2013","32502",3,1
"2013","32503",1,0
"2013","32504",11,6
"2013","32505",8,7
"2013","32506",8,7
"2013","32508",6,5
"2013","32509",8,5
"2013","32511",9,4
"2013","32514",3,0
"2013","32515",3,0
"2013","32516",7,2
"2013","32517",9,6
"2013","32518",3,4
"2013","32519",0,1
"2013","32520",2,3
"2013","32521",0,1
"2013","32522",8,3
"2013","32523",0,1
"2013","32524",13,2
"2013","32525",5,9
"2013","32528",5,5
"2013","32529",6,4
"2013","32530",40,39
"2013","40101",4203,2283
"2013","40201",525,288
"2013","40301",1230,617
"2013","40401",50,31
"2013","40402",9,13
"2013","40403",15,6
"2013","40404",265,189
"2013","40405",15,12
"2013","40406",22,12
"2013","40407",14,8
"2013","40408",19,8
"2013","40409",43,13
"2013","40410",11,4
"2013","40411",3,2
"2013","40412",13,5
"2013","40413",64,16
"2013","40414",89,55
"2013","40415",2,1
"2013","40416",2,0
"2013","40417",7,13
"2013","40418",50,27
"2013","40419",12,17
"2013","40420",16,13
"2013","40421",147,83
"2013","40422",66,40
"2013","40423",11,6
"2013","40424",6,2
"2013","40425",31,7
"2013","40426",26,8
"2013","40427",11,12
"2013","40428",25,24
"2013","40429",2,2
"2013","40430",4,2
"2013","40431",16,8
"2013","40432",17,15
"2013","40433",4,4
"2013","40434",5,0
"2013","40435",1,2
"2013","40436",41,21
"2013","40437",32,20
"2013","40438",71,58
"2013","40439",13,4
"2013","40440",2,3
"2013","40441",21,18
"2013","40442",5,0
"2013","40443",24,8
"2013","40444",20,4
"2013","40445",17,12
"2013","40446",3,7
"2013","40501",28,15
"2013","40502",19,8
"2013","40503",48,17
"2013","40504",11,5
"2013","40505",4,4
"2013","40506",10,7
"2013","40507",7,2
"2013","40508",17,6
"2013","40509",5,5
"2013","40510",9,4
"2013","40511",16,11
"2013","40512",1,3
"2013","40601",46,39
"2013","40602",0,1
"2013","40603",11,7
"2013","40604",17,10
"2013","40605",2,0
"2013","40606",1,0
"2013","40607",14,6
"2013","40608",2,3
"2013","40609",9,11
"2013","40610",7,8
"2013","40611",0,2
"2013","40612",12,15
"2013","40613",3,0
"2013","40614",20,9
"2013","40615",7,8
"2013","40616",2,3
"2013","40617",7,6
"2013","40618",8,7
"2013","40619",4,5
"2013","40620",13,3
"2013","40621",2,4
"2013","40622",1,2
"2013","40623",4,6
"2013","40624",14,5
"2013","40625",1,3
"2013","40626",9,4
"2013","40627",19,13
"2013","40701",105,60
"2013","40702",55,36
"2013","40703",123,97
"2013","40704",37,28
"2013","40705",202,107
"2013","40706",14,16
"2013","40707",35,17
"2013","40708",12,10
"2013","40709",24,15
"2013","40710",9,7
"2013","40711",87,36
"2013","40712",18,9
"2013","40713",17,13
"2013","40714",76,32
"2013","40715",7,8
"2013","40716",2,0
"2013","40717",28,22
"2013","40718",21,17
"2013","40719",22,12
"2013","40720",44,23
"2013","40801",4,3
"2013","40802",77,17
"2013","40804",4,3
"2013","40805",70,26
"2013","40806",19,10
"2013","40807",4,3
"2013","40808",52,30
"2013","40809",38,19
"2013","40810",5,1
"2013","40811",9,5
"2013","40812",14,4
"2013","40813",13,5
"2013","40814",10,5
"2013","40815",NA,NA
"2013","40816",9,7
"2013","40817",4,7
"2013","40818",8,16
"2013","40820",0,2
"2013","40821",3,3
"2013","40822",13,10
"2013","40823",11,5
"2013","40824",1,8
"2013","40825",1,3
"2013","40826",5,1
"2013","40827",15,10
"2013","40828",1,1
"2013","40829",5,8
"2013","40830",3,2
"2013","40831",27,15
"2013","40832",25,15
"2013","40833",13,3
"2013","40834",1,0
"2013","40835",14,9
"2013","40901",4,5
"2013","40902",21,17
"2013","40903",14,15
"2013","40904",8,4
"2013","40905",26,15
"2013","40906",14,4
"2013","40907",44,11
"2013","40908",37,13
"2013","40909",15,9
"2013","40910",17,6
"2013","40911",3,7
"2013","40912",28,9
"2013","40913",16,6
"2013","40914",5,5
"2013","40915",17,9
"2013","40916",5,0
"2013","40917",31,15
"2013","40918",15,4
"2013","40919",2,2
"2013","40920",8,4
"2013","40921",15,4
"2013","40922",22,3
"2013","40923",32,10
"2013","41001",16,7
"2013","41002",262,147
"2013","41003",68,51
"2013","41004",15,0
"2013","41005",255,124
"2013","41006",7,8
"2013","41007",87,48
"2013","41008",16,1
"2013","41009",42,29
"2013","41010",6,9
"2013","41011",36,28
"2013","41012",302,179
"2013","41013",34,15
"2013","41014",58,31
"2013","41015",7,1
"2013","41016",21,13
"2013","41017",107,54
"2013","41018",31,17
"2013","41019",11,16
"2013","41020",34,10
"2013","41021",436,281
"2013","41022",89,46
"2013","41101",3,4
"2013","41102",9,7
"2013","41103",21,13
"2013","41104",1,3
"2013","41105",5,4
"2013","41106",5,6
"2013","41107",10,5
"2013","41108",323,100
"2013","41109",28,11
"2013","41110",17,4
"2013","41111",90,51
"2013","41112",1,1
"2013","41113",13,8
"2013","41114",19,10
"2013","41115",8,5
"2013","41116",82,59
"2013","41117",1,2
"2013","41118",5,10
"2013","41119",7,4
"2013","41120",19,13
"2013","41121",62,13
"2013","41122",2,1
"2013","41123",11,1
"2013","41124",54,23
"2013","41125",15,10
"2013","41126",12,9
"2013","41201",2,0
"2013","41202",12,13
"2013","41203",23,7
"2013","41204",15,11
"2013","41205",1,4
"2013","41206",2,1
"2013","41207",32,27
"2013","41208",3,6
"2013","41209",12,2
"2013","41210",2,6
"2013","41211",7,0
"2013","41212",8,6
"2013","41213",3,10
"2013","41214",6,7
"2013","41215",8,7
"2013","41216",2,0
"2013","41217",2,2
"2013","41218",16,19
"2013","41219",42,23
"2013","41220",25,3
"2013","41221",1,0
"2013","41222",1,5
"2013","41223",7,8
"2013","41224",53,27
"2013","41225",203,168
"2013","41226",6,2
"2013","41227",3,2
"2013","41228",36,15
"2013","41229",7,3
"2013","41230",6,6
"2013","41231",4,9
"2013","41232",9,10
"2013","41233",4,8
"2013","41234",12,10
"2013","41235",7,4
"2013","41236",2,3
"2013","41304",8,5
"2013","41305",2,2
"2013","41306",0,1
"2013","41307",0,1
"2013","41309",4,6
"2013","41311",NA,NA
"2013","41312",7,12
"2013","41313",4,4
"2013","41314",1,0
"2013","41315",10,5
"2013","41316",5,4
"2013","41317",3,3
"2013","41318",2,6
"2013","41319",4,0
"2013","41320",0,1
"2013","41321",26,16
"2013","41322",5,1
"2013","41323",3,1
"2013","41324",22,13
"2013","41325",4,5
"2013","41326",3,1
"2013","41327",9,3
"2013","41328",4,4
"2013","41329",5,10
"2013","41331",1,2
"2013","41332",16,0
"2013","41333",NA,NA
"2013","41334",2,2
"2013","41336",1,1
"2013","41337",4,2
"2013","41338",4,2
"2013","41341",14,12
"2013","41342",25,7
"2013","41343",13,7
"2013","41344",36,17
"2013","41345",2,4
"2013","41346",6,3
"2013","41401",1,2
"2013","41402",30,17
"2013","41403",27,15
"2013","41404",7,6
"2013","41405",4,2
"2013","41406",3,0
"2013","41407",33,10
"2013","41408",15,5
"2013","41409",17,9
"2013","41410",55,54
"2013","41411",17,12
"2013","41412",NA,NA
"2013","41413",6,5
"2013","41414",34,14
"2013","41415",9,4
"2013","41416",6,6
"2013","41417",3,2
"2013","41418",24,18
"2013","41419",9,10
"2013","41420",3,1
"2013","41421",1,0
"2013","41422",111,60
"2013","41423",43,24
"2013","41424",5,4
"2013","41425",29,104
"2013","41426",18,7
"2013","41427",20,9
"2013","41428",10,0
"2013","41429",7,23
"2013","41430",7,6
"2013","41501",3,2
"2013","41502",4,1
"2013","41503",42,11
"2013","41504",9,9
"2013","41505",9,9
"2013","41506",48,41
"2013","41507",4,4
"2013","41508",1,0
"2013","41509",11,1
"2013","41510",0,3
"2013","41511",10,10
"2013","41512",8,2
"2013","41513",1,0
"2013","41514",14,3
"2013","41515",2,1
"2013","41516",82,52
"2013","41517",15,11
"2013","41518",27,17
"2013","41521",13,9
"2013","41522",15,11
"2013","41601",11,1
"2013","41602",18,15
"2013","41603",38,24
"2013","41604",9,2
"2013","41605",26,17
"2013","41606",15,11
"2013","41607",41,21
"2013","41608",1,5
"2013","41609",22,28
"2013","41610",1,3
"2013","41611",12,5
"2013","41612",6,9
"2013","41613",16,13
"2013","41614",7,6
"2013","41615",3,12
"2013","41616",NA,NA
"2013","41617",47,19
"2013","41618",29,24
"2013","41619",2,4
"2013","41620",14,7
"2013","41621",5,3
"2013","41622",6,2
"2013","41623",1,5
"2013","41624",47,29
"2013","41626",23,22
"2013","41627",5,1
"2013","41628",5,9
"2013","41701",34,18
"2013","41702",18,11
"2013","41703",129,68
"2013","41704",3,1
"2013","41705",4,6
"2013","41706",18,3
"2013","41707",3,14
"2013","41708",NA,NA
"2013","41709",24,14
"2013","41710",62,19
"2013","41711",9,9
"2013","41712",5,2
"2013","41713",40,28
"2013","41714",7,3
"2013","41715",80,43
"2013","41716",10,6
"2013","41717",9,5
"2013","41718",10,8
"2013","41719",25,12
"2013","41720",4,3
"2013","41721",10,3
"2013","41722",33,25
"2013","41723",6,1
"2013","41724",5,0
"2013","41725",NA,NA
"2013","41726",13,3
"2013","41727",13,2
"2013","41728",1,0
"2013","41729",3,7
"2013","41730",15,7
"2013","41731",51,21
"2013","41732",14,2
"2013","41733",NA,NA
"2013","41734",1530,59
"2013","41735",25,13
"2013","41736",4,7
"2013","41737",54,26
"2013","41738",81,65
"2013","41739",30,18
"2013","41740",14,3
"2013","41741",28,6
"2013","41742",36,15
"2013","41743",141,129
"2013","41744",3,6
"2013","41745",26,17
"2013","41746",130,81
"2013","41747",20,29
"2013","41748",8,1
"2013","41749",10,5
"2013","41750",19,13
"2013","41751",30,5
"2013","41752",6,3
"2013","41801",3,0
"2013","41802",2,3
"2013","41803",8,4
"2013","41804",98,92
"2013","41805",7,4
"2013","41806",15,11
"2013","41807",1,1
"2013","41808",24,34
"2013","41809",17,5
"2013","41810",8,6
"2013","41811",89,52
"2013","41812",199,92
"2013","41813",9,7
"2013","41814",7,3
"2013","41815",2,1
"2013","41816",19,13
"2013","41817",17,15
"2013","41818",11,3
"2013","41819",10,1
"2013","41820",96,60
"2013","41821",15,12
"2013","41822",18,5
"2013","41823",49,29
"2013","41824",43,28
"2013","50101",4281,3255
"2013","50201",60,67
"2013","50202",23,18
"2013","50203",49,22
"2013","50204",51,54
"2013","50205",313,199
"2013","50206",2,3
"2013","50207",44,42
"2013","50208",34,30
"2013","50209",64,61
"2013","50210",12,8
"2013","50211",12,9
"2013","50212",2,0
"2013","50213",21,31
"2013","50301",66,65
"2013","50302",37,45
"2013","50303",82,36
"2013","50304",10,5
"2013","50305",37,35
"2013","50306",13,6
"2013","50307",10,5
"2013","50308",17,19
"2013","50309",125,88
"2013","50310",89,61
"2013","50311",28,15
"2013","50312",80,36
"2013","50313",5,2
"2013","50314",163,136
"2013","50315",52,50
"2013","50316",56,34
"2013","50317",56,37
"2013","50318",4,2
"2013","50319",37,32
"2013","50320",13,10
"2013","50321",31,14
"2013","50322",54,19
"2013","50323",29,13
"2013","50324",85,42
"2013","50325",26,20
"2013","50326",90,72
"2013","50327",34,38
"2013","50328",9,13
"2013","50329",13,13
"2013","50330",111,87
"2013","50331",12,5
"2013","50332",13,11
"2013","50335",95,50
"2013","50336",27,20
"2013","50337",36,23
"2013","50338",161,126
"2013","50339",116,87
"2013","50401",67,42
"2013","50402",140,70
"2013","50403",123,106
"2013","50404",105,60
"2013","50405",7,15
"2013","50406",21,31
"2013","50407",36,17
"2013","50408",49,20
"2013","50409",20,22
"2013","50410",26,9
"2013","50411",51,11
"2013","50412",46,15
"2013","50413",6,4
"2013","50414",3,11
"2013","50415",18,14
"2013","50416",24,22
"2013","50417",91,56
"2013","50418",197,160
"2013","50419",27,24
"2013","50420",59,42
"2013","50421",38,9
"2013","50422",18,8
"2013","50423",43,24
"2013","50424",41,34
"2013","50425",21,11
"2013","50501",NA,NA
"2013","50502",2,0
"2013","50503",60,22
"2013","50504",65,59
"2013","50505",2,2
"2013","50506",26,18
"2013","50507",NA,NA
"2013","50508",9,6
"2013","50509",27,29
"2013","50510",64,20
"2013","50511",0,1
"2013","50512",6,143
"2013","50513",4,5
"2013","50514",NA,NA
"2013","50515",1,0
"2013","50601",17,5
"2013","50602",46,19
"2013","50603",8,2
"2013","50604",11,5
"2013","50605",20,3
"2013","50606",90,35
"2013","50607",14,7
"2013","50608",5,4
"2013","50609",49,32
"2013","50610",14,20
"2013","50611",42,15
"2013","50612",21,12
"2013","50613",71,54
"2013","50614",22,10
"2013","50615",8,10
"2013","50616",54,34
"2013","50617",27,18
"2013","50618",67,48
"2013","50619",190,100
"2013","50620",13,20
"2013","50621",4,5
"2013","50622",23,12
"2013","50623",17,14
"2013","50624",23,31
"2013","50625",5,0
"2013","50626",16,12
"2013","50627",8,0
"2013","50628",277,172
"2013","60101",7570,4851
"2013","60305",12,6
"2013","60318",49,14
"2013","60323",8,3
"2013","60324",9,5
"2013","60326",6,3
"2013","60329",1,4
"2013","60341",2,3
"2013","60344",73,49
"2013","60345",34,16
"2013","60346",26,16
"2013","60347",14,9
"2013","60348",30,26
"2013","60349",27,15
"2013","60350",44,18
"2013","60351",7,17
"2013","60608",79,54
"2013","60611",32,26
"2013","60613",65,51
"2013","60617",30,29
"2013","60618",1,3
"2013","60619",33,11
"2013","60623",10,8
"2013","60624",82,51
"2013","60626",12,2
"2013","60628",23,8
"2013","60629",51,12
"2013","60632",22,36
"2013","60639",6,4
"2013","60641",6,8
"2013","60642",12,3
"2013","60645",35,38
"2013","60646",20,14
"2013","60647",NA,NA
"2013","60648",26,14
"2013","60651",3,2
"2013","60653",28,27
"2013","60654",7,9
"2013","60655",17,9
"2013","60656",14,8
"2013","60659",40,25
"2013","60660",43,19
"2013","60661",50,23
"2013","60662",24,10
"2013","60663",38,25
"2013","60664",127,81
"2013","60665",24,20
"2013","60666",9,9
"2013","60667",52,29
"2013","60668",15,11
"2013","60669",125,83
"2013","60670",78,45
"2013","61001",7,2
"2013","61002",54,20
"2013","61007",6,3
"2013","61008",8,5
"2013","61012",12,14
"2013","61013",10,8
"2013","61016",9,8
"2013","61017",7,7
"2013","61019",17,17
"2013","61020",17,3
"2013","61021",13,13
"2013","61024",9,9
"2013","61027",11,1
"2013","61030",6,4
"2013","61032",3,6
"2013","61033",12,2
"2013","61043",13,8
"2013","61045",38,13
"2013","61049",15,8
"2013","61050",21,18
"2013","61051",11,17
"2013","61052",10,9
"2013","61053",106,67
"2013","61054",14,12
"2013","61055",10,7
"2013","61057",24,6
"2013","61059",35,16
"2013","61060",21,16
"2013","61061",59,47
"2013","61101",15,12
"2013","61105",11,9
"2013","61106",14,12
"2013","61107",5,4
"2013","61108",358,326
"2013","61109",11,0
"2013","61110",9,5
"2013","61111",1,1
"2013","61112",4,1
"2013","61113",29,26
"2013","61114",18,7
"2013","61115",0,1
"2013","61116",4,2
"2013","61118",18,8
"2013","61119",3,4
"2013","61120",50,51
"2013","61203",10,3
"2013","61204",12,14
"2013","61205",5,3
"2013","61206",3,2
"2013","61207",74,57
"2013","61213",26,14
"2013","61215",14,8
"2013","61217",19,7
"2013","61222",12,0
"2013","61236",43,32
"2013","61243",13,7
"2013","61247",16,13
"2013","61251",NA,NA
"2013","61252",3,4
"2013","61253",43,34
"2013","61254",10,4
"2013","61255",70,44
"2013","61256",8,4
"2013","61257",23,14
"2013","61258",20,11
"2013","61259",108,57
"2013","61260",16,4
"2013","61261",13,11
"2013","61262",37,25
"2013","61263",61,38
"2013","61264",10,11
"2013","61265",177,119
"2013","61266",6,6
"2013","61267",44,38
"2013","61410",0,1
"2013","61413",2,1
"2013","61425",5,15
"2013","61428",1,8
"2013","61437",3,3
"2013","61438",56,47
"2013","61439",36,10
"2013","61440",10,8
"2013","61441",2,6
"2013","61442",59,29
"2013","61443",6,3
"2013","61444",17,16
"2013","61445",135,102
"2013","61446",11,7
"2013","61611",5,7
"2013","61612",19,9
"2013","61615",14,10
"2013","61618",6,1
"2013","61621",4,3
"2013","61624",15,10
"2013","61625",62,30
"2013","61626",20,23
"2013","61627",16,18
"2013","61628",7,2
"2013","61629",8,2
"2013","61630",6,2
"2013","61631",55,53
"2013","61632",17,10
"2013","61633",25,17
"2013","61701",7,8
"2013","61708",9,5
"2013","61710",2,0
"2013","61711",1,0
"2013","61716",24,3
"2013","61719",8,5
"2013","61727",12,7
"2013","61728",NA,NA
"2013","61729",8,5
"2013","61730",19,26
"2013","61731",3,5
"2013","61740",4,6
"2013","61741",20,5
"2013","61743",2,0
"2013","61744",0,1
"2013","61745",3,1
"2013","61746",15,12
"2013","61748",8,11
"2013","61750",7,4
"2013","61751",6,4
"2013","61756",19,6
"2013","61757",16,6
"2013","61758",32,20
"2013","61759",9,9
"2013","61760",62,52
"2013","61761",4,4
"2013","61762",9,3
"2013","61763",9,15
"2013","61764",4,6
"2013","61765",21,4
"2013","61766",94,49
"2013","62007",33,35
"2013","62008",10,10
"2013","62010",1,1
"2013","62014",7,7
"2013","62021",6,4
"2013","62026",3,2
"2013","62032",7,0
"2013","62034",1,3
"2013","62036",12,1
"2013","62038",117,69
"2013","62039",8,6
"2013","62040",95,69
"2013","62041",192,137
"2013","62042",11,17
"2013","62043",11,19
"2013","62044",20,12
"2013","62045",38,26
"2013","62046",17,12
"2013","62047",47,33
"2013","62048",17,11
"2013","62105",13,8
"2013","62115",17,8
"2013","62116",9,5
"2013","62125",31,15
"2013","62128",12,16
"2013","62131",28,13
"2013","62132",1,2
"2013","62135",8,11
"2013","62138",12,10
"2013","62139",228,112
"2013","62140",370,200
"2013","62141",37,19
"2013","62142",76,53
"2013","62143",84,89
"2013","62144",154,63
"2013","62145",55,40
"2013","62146",32,14
"2013","62147",14,20
"2013","62148",17,21
"2013","62202",11,4
"2013","62205",2,2
"2013","62206",12,8
"2013","62209",9,7
"2013","62211",6,6
"2013","62214",23,6
"2013","62216",0,10
"2013","62219",39,36
"2013","62220",27,21
"2013","62226",37,23
"2013","62232",10,6
"2013","62233",22,11
"2013","62235",29,15
"2013","62242",3,0
"2013","62244",9,11
"2013","62245",4,2
"2013","62247",28,32
"2013","62256",7,13
"2013","62262",0,3
"2013","62264",17,17
"2013","62265",11,6
"2013","62266",3,3
"2013","62268",10,14
"2013","62269",5,8
"2013","62270",18,19
"2013","62271",29,30
"2013","62272",35,12
"2013","62273",21,7
"2013","62274",28,17
"2013","62275",28,23
"2013","62276",5,6
"2013","62277",7,7
"2013","62278",10,19
"2013","62279",2,2
"2013","62280",96,72
"2013","62311",4,8
"2013","62314",5,1
"2013","62326",0,3
"2013","62330",5,4
"2013","62332",1,3
"2013","62335",5,2
"2013","62343",0,2
"2013","62368",5,1
"2013","62372",3,4
"2013","62375",45,31
"2013","62376",37,15
"2013","62377",7,2
"2013","62378",42,32
"2013","62379",110,73
"2013","62380",19,16
"2013","62381",9,6
"2013","62382",19,16
"2013","62383",25,16
"2013","62384",7,12
"2013","62385",9,4
"2013","62386",30,16
"2013","62387",17,5
"2013","62388",13,9
"2013","62389",19,16
"2013","62390",38,13
"2013","70101",4730,2708
"2013","70201",26,21
"2013","70202",38,30
"2013","70203",133,96
"2013","70204",3,3
"2013","70205",72,49
"2013","70206",3,0
"2013","70207",8,2
"2013","70208",111,73
"2013","70209",26,38
"2013","70210",7,1
"2013","70211",33,16
"2013","70212",6,11
"2013","70213",23,18
"2013","70214",42,26
"2013","70215",9,6
"2013","70216",14,7
"2013","70217",15,17
"2013","70218",12,20
"2013","70219",66,61
"2013","70220",274,447
"2013","70221",12,18
"2013","70222",11,17
"2013","70223",44,26
"2013","70224",17,23
"2013","70301",58,29
"2013","70302",31,25
"2013","70303",43,20
"2013","70304",58,44
"2013","70305",14,7
"2013","70306",18,15
"2013","70307",14,4
"2013","70308",9,2
"2013","70309",30,24
"2013","70310",49,40
"2013","70311",8,4
"2013","70312",85,53
"2013","70313",17,12
"2013","70314",3,5
"2013","70315",14,14
"2013","70317",4,7
"2013","70318",12,8
"2013","70319",44,35
"2013","70320",41,14
"2013","70322",23,12
"2013","70323",4,4
"2013","70325",11,8
"2013","70326",72,44
"2013","70328",35,24
"2013","70329",34,22
"2013","70331",23,20
"2013","70332",27,19
"2013","70333",9,2
"2013","70334",106,54
"2013","70335",5,16
"2013","70336",4,5
"2013","70337",10,7
"2013","70338",12,8
"2013","70339",8,2
"2013","70340",10,11
"2013","70342",8,4
"2013","70343",20,12
"2013","70344",63,29
"2013","70345",10,3
"2013","70346",87,50
"2013","70347",7,1
"2013","70348",16,31
"2013","70349",0,5
"2013","70350",17,13
"2013","70351",156,90
"2013","70352",7,6
"2013","70353",22,11
"2013","70354",187,141
"2013","70355",36,23
"2013","70356",17,6
"2013","70357",164,111
"2013","70358",35,30
"2013","70359",3,2
"2013","70360",23,9
"2013","70361",4,2
"2013","70362",2,1
"2013","70364",72,52
"2013","70365",27,34
"2013","70366",4,3
"2013","70367",54,38
"2013","70368",32,11
"2013","70369",146,114
"2013","70370",28,18
"2013","70401",19,19
"2013","70402",31,15
"2013","70403",191,51
"2013","70404",61,23
"2013","70405",4,7
"2013","70406",68,44
"2013","70407",17,3
"2013","70408",29,13
"2013","70409",121,59
"2013","70410",90,46
"2013","70411",248,124
"2013","70412",143,55
"2013","70413",50,20
"2013","70414",46,15
"2013","70415",2,5
"2013","70416",147,82
"2013","70417",46,24
"2013","70418",7,9
"2013","70419",27,15
"2013","70420",45,23
"2013","70501",36,17
"2013","70502",7,10
"2013","70503",38,20
"2013","70504",7,2
"2013","70505",34,9
"2013","70506",51,30
"2013","70508",83,50
"2013","70509",87,38
"2013","70510",35,25
"2013","70511",89,34
"2013","70512",50,23
"2013","70513",570,429
"2013","70514",31,19
"2013","70515",51,26
"2013","70516",5,2
"2013","70517",20,23
"2013","70518",38,31
"2013","70519",11,5
"2013","70520",23,20
"2013","70521",9,9
"2013","70522",54,31
"2013","70523",6,6
"2013","70524",19,18
"2013","70525",24,18
"2013","70526",47,28
"2013","70527",44,28
"2013","70528",20,7
"2013","70529",37,16
"2013","70530",70,36
"2013","70531",223,125
"2013","70601",3,6
"2013","70602",4,7
"2013","70603",110,105
"2013","70604",35,21
"2013","70605",7,5
"2013","70606",15,36
"2013","70607",15,5
"2013","70608",36,35
"2013","70609",15,6
"2013","70610",3,1
"2013","70611",8,19
"2013","70612",8,5
"2013","70613",3,5
"2013","70614",85,42
"2013","70615",35,25
"2013","70616",23,18
"2013","70617",27,24
"2013","70618",3,2
"2013","70619",28,24
"2013","70620",16,16
"2013","70621",56,82
"2013","70622",5,7
"2013","70623",14,5
"2013","70624",16,15
"2013","70625",1,4
"2013","70626",0,3
"2013","70627",8,4
"2013","70628",2,3
"2013","70629",2,3
"2013","70630",25,24
"2013","70701",2,2
"2013","70702",3,7
"2013","70703",7,1
"2013","70704",1,1
"2013","70705",6,2
"2013","70706",3,1
"2013","70707",12,6
"2013","70708",3,5
"2013","70709",0,1
"2013","70710",1,1
"2013","70711",9,1
"2013","70712",4,5
"2013","70713",5,6
"2013","70714",1,2
"2013","70715",12,1
"2013","70716",95,54
"2013","70717",21,11
"2013","70718",2,0
"2013","70719",7,9
"2013","70720",10,5
"2013","70721",2,0
"2013","70723",2,7
"2013","70724",2,4
"2013","70725",NA,NA
"2013","70726",3,0
"2013","70727",NA,NA
"2013","70728",9,8
"2013","70729",2,4
"2013","70731",3,1
"2013","70732",3,4
"2013","70733",0,1
"2013","70734",1,2
"2013","70735",8,2
"2013","70801",14,14
"2013","70802",15,8
"2013","70803",12,8
"2013","70804",20,10
"2013","70805",29,44
"2013","70806",11,11
"2013","70807",59,27
"2013","70808",1,2
"2013","70809",5,8
"2013","70810",1,0
"2013","70811",8,11
"2013","70812",0,1
"2013","70813",4,5
"2013","70814",15,8
"2013","70815",3,3
"2013","70816",8,6
"2013","70817",2,2
"2013","70818",29,24
"2013","70819",NA,NA
"2013","70820",37,16
"2013","70821",27,22
"2013","70822",3,7
"2013","70823",NA,NA
"2013","70824",6,9
"2013","70825",6,8
"2013","70826",26,9
"2013","70827",12,3
"2013","70828",116,64
"2013","70829",8,6
"2013","70830",4,2
"2013","70831",8,1
"2013","70832",22,18
"2013","70833",31,21
"2013","70834",2,1
"2013","70835",15,5
"2013","70836",12,12
"2013","70837",4,8
"2013","70901",42,42
"2013","70902",15,12
"2013","70903",0,1
"2013","70904",6,5
"2013","70905",27,7
"2013","70907",143,64
"2013","70908",23,34
"2013","70909",104,74
"2013","70910",27,8
"2013","70911",0,3
"2013","70912",14,5
"2013","70913",NA,NA
"2013","70914",2,2
"2013","70915",30,15
"2013","70916",20,10
"2013","70917",74,58
"2013","70918",28,27
"2013","70920",189,129
"2013","70921",13,5
"2013","70922",14,6
"2013","70923",11,14
"2013","70924",5,1
"2013","70925",29,13
"2013","70926",170,130
"2013","70927",47,26
"2013","70928",18,8
"2013","70929",6,5
"2013","70930",12,6
"2013","70931",24,19
"2013","70932",2,3
"2013","70933",11,13
"2013","70934",80,64
"2013","70935",14,7
"2013","70936",70,36
"2013","70937",16,12
"2013","70938",18,6
"2013","70939",14,10
"2013","70940",15,12
"2013","70941",12,7
"2013","80101",18,12
"2013","80102",3,1
"2013","80103",225,159
"2013","80104",26,17
"2013","80105",28,12
"2013","80106",28,13
"2013","80107",14,9
"2013","80108",34,20
"2013","80109",2,5
"2013","80110",34,23
"2013","80111",13,3
"2013","80112",9,9
"2013","80113",52,47
"2013","80114",12,11
"2013","80115",54,39
"2013","80116",78,48
"2013","80117",67,53
"2013","80118",29,9
"2013","80119",15,11
"2013","80120",37,36
"2013","80121",4,4
"2013","80122",76,53
"2013","80123",5,5
"2013","80124",2,4
"2013","80125",5,5
"2013","80126",18,13
"2013","80127",2,4
"2013","80128",26,23
"2013","80129",27,21
"2013","80201",20,13
"2013","80202",27,10
"2013","80203",15,7
"2013","80204",57,15
"2013","80205",14,3
"2013","80206",15,1
"2013","80207",651,368
"2013","80208",3,4
"2013","80209",4,2
"2013","80210",6,13
"2013","80211",24,18
"2013","80212",8,10
"2013","80213",38,30
"2013","80214",26,15
"2013","80215",224,138
"2013","80216",30,19
"2013","80217",103,66
"2013","80218",107,66
"2013","80219",24,18
"2013","80220",36,17
"2013","80221",12,4
"2013","80222",37,10
"2013","80223",17,13
"2013","80224",121,115
"2013","80225",8,6
"2013","80226",143,74
"2013","80227",19,10
"2013","80228",368,348
"2013","80229",4,0
"2013","80230",4,8
"2013","80231",29,13
"2013","80232",11,7
"2013","80233",19,4
"2013","80234",5,11
"2013","80235",39,20
"2013","80236",24,5
"2013","80237",4,2
"2013","80238",39,14
"2013","80239",4,8
"2013","80240",114,55
"2013","80301",962,674
"2013","80302",207,182
"2013","80303",283,168
"2013","80401",77,53
"2013","80402",2,1
"2013","80403",0,1
"2013","80404",763,542
"2013","80405",87,64
"2013","80406",8,3
"2013","80407",18,19
"2013","80408",156,110
"2013","80409",63,40
"2013","80410",46,45
"2013","80411",9,3
"2013","80412",36,26
"2013","80413",39,29
"2013","80414",140,125
"2013","80415",4,2
"2013","80416",23,16
"2013","80417",26,18
"2013","80418",28,14
"2013","80419",6,9
"2013","80420",23,17
"2013","80421",9,3
"2013","80422",4,4
"2013","80423",22,16
"2013","80424",38,35
"2013","90101",655,514
"2013","90201",4467,2805
"2013","90301",3309,2070
"2013","90401",1605,1030
"2013","90501",2493,1632
"2013","90601",1505,943
"2013","90701",1394,973
"2013","90801",2359,1122
"2013","90901",2516,1959
"2013","91001",7327,4419
"2013","91101",2575,1597
"2013","91201",2909,1701
"2013","91301",1067,655
"2013","91401",2296,1393
"2013","91501",4256,2732
"2013","91601",4121,2510
"2013","91701",2431,1565
"2013","91801",1774,1221
"2013","91901",2285,1732
"2013","92001",3680,2555
"2013","92101",2645,1718
"2013","92201",2620,1663
"2013","92301",1425,863
"2014","10101",429,181
"2014","10201",9,9
"2014","10301",9,7
"2014","10302",11,4
"2014","10303",10,17
"2014","10304",30,13
"2014","10305",18,10
"2014","10306",6,2
"2014","10307",14,7
"2014","10308",6,6
"2014","10309",27,17
"2014","10310",3,2
"2014","10311",8,4
"2014","10312",17,20
"2014","10313",9,5
"2014","10314",9,2
"2014","10315",60,30
"2014","10316",23,8
"2014","10317",22,18
"2014","10318",16,6
"2014","10319",17,11
"2014","10320",0,4
"2014","10321",13,8
"2014","10322",4,3
"2014","10323",3,1
"2014","10401",2,0
"2014","10402",7,5
"2014","10403",11,12
"2014","10404",12,5
"2014","10405",75,65
"2014","10406",27,22
"2014","10407",5,6
"2014","10408",38,27
"2014","10409",10,9
"2014","10410",2,1
"2014","10411",9,4
"2014","10412",7,6
"2014","10413",6,1
"2014","10414",25,6
"2014","10415",135,32
"2014","10416",19,8
"2014","10417",94,18
"2014","10418",2,4
"2014","10419",3,3
"2014","10420",0,3
"2014","10421",4,6
"2014","10422",2,0
"2014","10423",NA,NA
"2014","10424",0,2
"2014","10425",2,0
"2014","10426",8,3
"2014","10427",3,4
"2014","10428",3,3
"2014","10501",7,15
"2014","10502",8,8
"2014","10503",22,8
"2014","10504",29,31
"2014","10505",6,5
"2014","10506",7,8
"2014","10507",5,0
"2014","10508",7,11
"2014","10509",9,9
"2014","10510",4,0
"2014","10511",2,1
"2014","10512",NA,NA
"2014","10601",27,19
"2014","10602",18,6
"2014","10603",8,19
"2014","10604",10,12
"2014","10605",15,12
"2014","10606",53,32
"2014","10607",50,17
"2014","10608",3,1
"2014","10609",19,8
"2014","10610",14,5
"2014","10611",14,16
"2014","10612",26,27
"2014","10613",24,7
"2014","10614",6,4
"2014","10615",13,11
"2014","10616",14,11
"2014","10617",9,15
"2014","10618",35,20
"2014","10619",11,1
"2014","10701",11,15
"2014","10702",3,5
"2014","10703",38,29
"2014","10704",14,11
"2014","10705",35,22
"2014","10706",28,4
"2014","10707",50,21
"2014","10708",3,5
"2014","10709",7,18
"2014","10710",21,10
"2014","10711",198,47
"2014","10712",22,11
"2014","10713",114,81
"2014","10714",31,25
"2014","10715",38,7
"2014","10716",22,3
"2014","10717",54,42
"2014","10718",14,13
"2014","10719",4,9
"2014","10720",16,5
"2014","10721",21,4
"2014","10722",20,13
"2014","10723",13,10
"2014","10724",28,13
"2014","10725",7,6
"2014","10726",18,5
"2014","10727",25,10
"2014","10801",18,5
"2014","10802",15,2
"2014","10803",14,8
"2014","10804",14,6
"2014","10805",57,14
"2014","10806",10,2
"2014","10807",18,3
"2014","10808",10,4
"2014","10809",14,4
"2014","10810",14,5
"2014","10811",21,7
"2014","10812",6,3
"2014","10813",10,4
"2014","10814",2,4
"2014","10815",18,2
"2014","10816",40,11
"2014","10817",8,1
"2014","10818",2,1
"2014","10819",4,2
"2014","10820",8,0
"2014","10821",11,5
"2014","10822",10,9
"2014","10823",3,1
"2014","10824",4,2
"2014","10825",28,11
"2014","10826",2,3
"2014","10827",6,3
"2014","10828",1,1
"2014","10901",21,12
"2014","10902",110,14
"2014","10903",13,5
"2014","10904",5,3
"2014","10905",48,45
"2014","10906",16,15
"2014","10907",17,10
"2014","10908",32,6
"2014","10909",4,1
"2014","10910",7,6
"2014","10911",9,9
"2014","10912",26,7
"2014","10913",2,4
"2014","10914",10,10
"2014","10915",3,2
"2014","10916",69,23
"2014","10917",97,82
"2014","10918",32,31
"2014","10919",96,33
"2014","10920",15,14
"2014","10921",14,3
"2014","10922",26,10
"2014","10923",17,13
"2014","10924",2,0
"2014","10925",18,3
"2014","10926",2,4
"2014","10927",3,3
"2014","10928",52,2
"2014","10929",1,0
"2014","10930",0,3
"2014","10931",1,0
"2014","10932",1,4
"2014","20101",2288,1286
"2014","20201",1089,604
"2014","20302",6,9
"2014","20305",77,79
"2014","20306",86,19
"2014","20307",28,7
"2014","20316",15,7
"2014","20320",14,8
"2014","20321",12,3
"2014","20402",34,32
"2014","20403",12,18
"2014","20405",121,50
"2014","20409",31,15
"2014","20412",25,13
"2014","20414",19,8
"2014","20415",47,28
"2014","20416",11,7
"2014","20417",12,10
"2014","20418",28,14
"2014","20419",26,8
"2014","20421",56,21
"2014","20424",39,29
"2014","20425",24,12
"2014","20428",13,2
"2014","20432",46,20
"2014","20435",25,17
"2014","20441",0,3
"2014","20442",24,11
"2014","20501",41,17
"2014","20502",21,11
"2014","20503",2,7
"2014","20504",37,10
"2014","20505",26,19
"2014","20506",9,5
"2014","20508",5,0
"2014","20509",24,9
"2014","20511",8,7
"2014","20512",19,19
"2014","20513",9,6
"2014","20515",22,17
"2014","20518",6,3
"2014","20519",9,2
"2014","20520",1,1
"2014","20523",26,14
"2014","20527",211,67
"2014","20530",48,16
"2014","20531",19,7
"2014","20534",24,15
"2014","20601",47,19
"2014","20602",12,10
"2014","20603",6,1
"2014","20604",10,3
"2014","20605",7,6
"2014","20607",2,3
"2014","20608",9,8
"2014","20609",16,5
"2014","20610",9,6
"2014","20611",8,1
"2014","20613",3,4
"2014","20616",17,14
"2014","20618",23,2
"2014","20619",18,13
"2014","20620",31,19
"2014","20622",2,4
"2014","20624",0,4
"2014","20625",26,21
"2014","20627",21,15
"2014","20630",88,22
"2014","20631",7,4
"2014","20632",12,6
"2014","20633",4,13
"2014","20634",55,17
"2014","20635",135,71
"2014","20636",5,4
"2014","20637",10,1
"2014","20638",4,1
"2014","20639",9,6
"2014","20640",8,5
"2014","20642",15,6
"2014","20643",13,10
"2014","20644",18,23
"2014","20701",14,4
"2014","20702",111,51
"2014","20703",12,3
"2014","20705",33,9
"2014","20707",0,1
"2014","20708",0,2
"2014","20710",9,5
"2014","20711",89,47
"2014","20712",10,13
"2014","20713",70,56
"2014","20719",13,3
"2014","20720",48,50
"2014","20721",9,6
"2014","20722",53,16
"2014","20723",8,4
"2014","20724",69,32
"2014","20725",141,72
"2014","20726",13,6
"2014","20727",77,23
"2014","20801",159,21
"2014","20802",1,1
"2014","20803",71,31
"2014","20804",119,23
"2014","20805",18,11
"2014","20806",15,6
"2014","20807",7,5
"2014","20808",28,20
"2014","20810",7,2
"2014","20812",7,8
"2014","20813",219,34
"2014","20815",12,7
"2014","20817",58,36
"2014","20901",23,9
"2014","20905",39,20
"2014","20909",11,8
"2014","20911",2,1
"2014","20912",2,5
"2014","20913",110,21
"2014","20914",5,1
"2014","20918",25,7
"2014","20923",143,86
"2014","21001",9,1
"2014","21002",89,46
"2014","21003",23,8
"2014","21004",21,7
"2014","21005",11,5
"2014","21006",8,1
"2014","21007",15,11
"2014","21008",47,3
"2014","21009",42,19
"2014","21010",19,8
"2014","30101",444,383
"2014","30201",964,612
"2014","30301",149,39
"2014","30401",946,546
"2014","30501",12,6
"2014","30502",353,149
"2014","30503",28,19
"2014","30504",27,11
"2014","30506",14,8
"2014","30507",15,9
"2014","30508",27,23
"2014","30509",7,3
"2014","30510",7,4
"2014","30511",7,6
"2014","30512",2,1
"2014","30514",47,14
"2014","30515",4,8
"2014","30516",17,8
"2014","30517",29,9
"2014","30520",6,4
"2014","30521",1,6
"2014","30522",15,3
"2014","30524",78,3
"2014","30526",NA,NA
"2014","30527",46,15
"2014","30529",18,11
"2014","30530",8,12
"2014","30531",85,51
"2014","30532",20,22
"2014","30533",30,15
"2014","30534",13,3
"2014","30536",24,1
"2014","30538",14,4
"2014","30539",4,4
"2014","30541",4,0
"2014","30542",9,12
"2014","30543",8,8
"2014","30544",18,3
"2014","30601",48,33
"2014","30602",160,44
"2014","30603",260,122
"2014","30604",378,221
"2014","30605",89,67
"2014","30607",214,97
"2014","30608",21,5
"2014","30609",5,2
"2014","30612",23,7
"2014","30613",92,47
"2014","30614",7,10
"2014","30615",70,123
"2014","30616",3,4
"2014","30618",62,37
"2014","30620",41,22
"2014","30621",19,13
"2014","30623",52,38
"2014","30625",22,13
"2014","30626",68,28
"2014","30627",27,19
"2014","30629",24,9
"2014","30631",23,13
"2014","30633",14,10
"2014","30635",19,12
"2014","30636",17,23
"2014","30637",21,12
"2014","30639",2179,302
"2014","30641",64,41
"2014","30645",29,23
"2014","30646",17,9
"2014","30701",1,0
"2014","30702",24,12
"2014","30703",26,13
"2014","30704",96,58
"2014","30706",31,24
"2014","30708",16,3
"2014","30709",28,11
"2014","30710",246,110
"2014","30711",15,5
"2014","30712",6,2
"2014","30713",14,5
"2014","30715",5,7
"2014","30716",81,27
"2014","30718",12,4
"2014","30719",25,8
"2014","30721",6,15
"2014","30722",16,5
"2014","30724",6,10
"2014","30726",14,10
"2014","30728",41,20
"2014","30729",48,21
"2014","30730",86,38
"2014","30731",37,23
"2014","30732",90,48
"2014","30733",20,6
"2014","30734",27,18
"2014","30735",45,43
"2014","30736",54,22
"2014","30737",16,3
"2014","30738",8,5
"2014","30739",18,10
"2014","30740",300,209
"2014","30741",9,15
"2014","30801",26,13
"2014","30802",65,52
"2014","30803",30,19
"2014","30804",30,20
"2014","30805",11,13
"2014","30808",93,71
"2014","30810",8,3
"2014","30811",9,10
"2014","30812",8,3
"2014","30813",31,11
"2014","30814",31,15
"2014","30817",112,85
"2014","30819",7,5
"2014","30821",81,43
"2014","30822",5,2
"2014","30824",14,3
"2014","30825",1,6
"2014","30826",8,0
"2014","30827",19,20
"2014","30828",2,7
"2014","30829",9,4
"2014","30830",33,15
"2014","30831",28,17
"2014","30834",136,123
"2014","30835",72,31
"2014","30836",8,6
"2014","30838",26,21
"2014","30841",9,9
"2014","30842",26,13
"2014","30844",36,16
"2014","30845",7,2
"2014","30846",1,2
"2014","30848",11,4
"2014","30849",46,43
"2014","30850",10,5
"2014","30852",9,4
"2014","30854",NA,NA
"2014","30856",100,30
"2014","30857",9,2
"2014","30858",20,6
"2014","30859",2,6
"2014","30860",9,8
"2014","30863",59,14
"2014","30865",22,11
"2014","30902",9,1
"2014","30903",14,4
"2014","30904",0,1
"2014","30906",4,5
"2014","30908",76,11
"2014","30909",5,7
"2014","30910",10,2
"2014","30912",15,18
"2014","30913",5,1
"2014","30915",3,1
"2014","30916",100,17
"2014","30917",0,4
"2014","30920",6,2
"2014","30921",4,1
"2014","30925",7,5
"2014","30929",5,4
"2014","30932",9,9
"2014","30935",71,8
"2014","30939",2,2
"2014","30940",NA,NA
"2014","30942",8,3
"2014","31001",0,1
"2014","31008",19,30
"2014","31009",7,3
"2014","31014",8,11
"2014","31015",28,35
"2014","31016",1,2
"2014","31018",5,10
"2014","31019",7,1
"2014","31021",5,3
"2014","31022",110,143
"2014","31025",3,1
"2014","31026",8,2
"2014","31028",1,5
"2014","31033",4,15
"2014","31035",9,5
"2014","31036",9,11
"2014","31037",27,12
"2014","31038",3,5
"2014","31041",5,2
"2014","31042",7,5
"2014","31043",4,6
"2014","31051",17,14
"2014","31052",7,16
"2014","31053",11,6
"2014","31101",4,7
"2014","31102",1,1
"2014","31103",7,4
"2014","31104",5,4
"2014","31105",24,11
"2014","31106",25,12
"2014","31107",17,2
"2014","31109",28,29
"2014","31110",3,2
"2014","31111",NA,NA
"2014","31113",5,2
"2014","31114",3,1
"2014","31117",2,0
"2014","31119",3,10
"2014","31120",2,6
"2014","31121",29,12
"2014","31123",4,0
"2014","31124",4,5
"2014","31129",9,4
"2014","31130",2,5
"2014","31201",25,22
"2014","31202",4,1
"2014","31203",19,16
"2014","31204",11,1
"2014","31205",20,19
"2014","31206",59,17
"2014","31207",28,21
"2014","31208",23,6
"2014","31213",328,261
"2014","31214",68,55
"2014","31215",9,13
"2014","31216",28,29
"2014","31224",3,2
"2014","31226",14,11
"2014","31227",9,6
"2014","31228",3,1
"2014","31229",9,6
"2014","31230",189,90
"2014","31234",3,2
"2014","31235",133,80
"2014","31301",2,1
"2014","31302",1,1
"2014","31303",6,0
"2014","31304",3,2
"2014","31308",5,4
"2014","31309",23,8
"2014","31310",13,5
"2014","31311",7,3
"2014","31315",24,10
"2014","31319",4,4
"2014","31321",1,1
"2014","31322",62,24
"2014","31323",5,4
"2014","31324",1,3
"2014","31326",3,0
"2014","31327",38,15
"2014","31330",29,7
"2014","31333",14,7
"2014","31336",12,8
"2014","31337",25,10
"2014","31338",13,2
"2014","31340",5,2
"2014","31343",14,4
"2014","31344",41,13
"2014","31346",21,5
"2014","31347",5,8
"2014","31350",2,1
"2014","31351",7,9
"2014","31355",9,1
"2014","31356",4,1
"2014","31401",51,3
"2014","31402",28,11
"2014","31403",155,31
"2014","31404",13,2
"2014","31405",5,2
"2014","31406",12,2
"2014","31407",168,24
"2014","31408",53,7
"2014","31409",17,4
"2014","31410",2,4
"2014","31411",23,9
"2014","31412",22,16
"2014","31413",67,26
"2014","31414",10,3
"2014","31502",2,0
"2014","31503",28,17
"2014","31504",9,7
"2014","31505",32,26
"2014","31506",1,1
"2014","31507",16,6
"2014","31508",17,2
"2014","31509",7,4
"2014","31511",3,3
"2014","31513",6,1
"2014","31514",28,5
"2014","31515",2,6
"2014","31516",4,8
"2014","31517",12,8
"2014","31519",9,7
"2014","31520",21,28
"2014","31521",19,5
"2014","31522",20,11
"2014","31523",4,0
"2014","31524",98,28
"2014","31525",9,6
"2014","31527",16,17
"2014","31528",8,3
"2014","31530",9,3
"2014","31531",35,6
"2014","31533",43,19
"2014","31534",36,3
"2014","31535",4,1
"2014","31537",9,6
"2014","31539",9,12
"2014","31540",15,6
"2014","31541",3,0
"2014","31542",8,5
"2014","31543",6,0
"2014","31546",2,4
"2014","31549",90,18
"2014","31550",9,1
"2014","31551",41,2
"2014","31552",6,1
"2014","31553",23,10
"2014","31601",4,0
"2014","31603",4,2
"2014","31604",33,9
"2014","31605",14,8
"2014","31606",5,10
"2014","31608",3,3
"2014","31609",2,6
"2014","31611",1,0
"2014","31612",27,11
"2014","31613",2,2
"2014","31614",15,14
"2014","31615",16,8
"2014","31616",2,3
"2014","31617",8,7
"2014","31620",5,1
"2014","31621",3,4
"2014","31622",2,2
"2014","31627",5,1
"2014","31628",8,6
"2014","31629",32,21
"2014","31630",9,6
"2014","31633",54,44
"2014","31634",3,4
"2014","31636",8,0
"2014","31642",7,1
"2014","31644",29,18
"2014","31645",4,5
"2014","31646",8,3
"2014","31649",8,5
"2014","31650",6,7
"2014","31651",15,9
"2014","31652",0,2
"2014","31653",3,7
"2014","31654",8,10
"2014","31655",42,25
"2014","31658",4,1
"2014","31701",14,6
"2014","31702",41,19
"2014","31703",69,35
"2014","31704",148,96
"2014","31706",15,10
"2014","31707",18,17
"2014","31709",33,18
"2014","31710",162,71
"2014","31711",4,3
"2014","31712",53,48
"2014","31713",31,16
"2014","31714",3,3
"2014","31715",39,31
"2014","31716",150,79
"2014","31717",446,224
"2014","31718",25,13
"2014","31719",150,128
"2014","31723",95,59
"2014","31725",94,76
"2014","31726",34,11
"2014","31801",3,0
"2014","31802",6,8
"2014","31803",13,4
"2014","31804",16,10
"2014","31805",7,4
"2014","31806",3,0
"2014","31807",5,4
"2014","31808",14,5
"2014","31809",11,6
"2014","31810",83,38
"2014","31811",62,13
"2014","31812",96,6
"2014","31813",31,16
"2014","31814",99,18
"2014","31815",2,0
"2014","31817",32,2
"2014","31818",176,84
"2014","31820",8,1
"2014","31821",39,16
"2014","31823",23,7
"2014","31825",3,3
"2014","31826",20,6
"2014","31827",NA,NA
"2014","31829",140,55
"2014","31830",6,5
"2014","31831",7,11
"2014","31832",7,5
"2014","31833",16,2
"2014","31834",3,0
"2014","31835",10,21
"2014","31836",20,21
"2014","31837",21,5
"2014","31838",13,7
"2014","31839",128,68
"2014","31840",1,0
"2014","31841",2,1
"2014","31842",NA,NA
"2014","31843",2,2
"2014","31844",2,3
"2014","31845",7,4
"2014","31846",17,9
"2014","31847",6,7
"2014","31848",6,3
"2014","31849",7,3
"2014","31901",26,25
"2014","31902",43,19
"2014","31903",51,26
"2014","31904",4,1
"2014","31905",65,28
"2014","31906",58,4
"2014","31907",10,3
"2014","31909",2,4
"2014","31910",8,8
"2014","31911",16,1
"2014","31912",87,40
"2014","31913",9,0
"2014","31915",13,1
"2014","31916",9,1
"2014","31917",6,1
"2014","31918",4,14
"2014","31919",12,8
"2014","31920",NA,NA
"2014","31921",32,27
"2014","31922",23,9
"2014","31923",2,2
"2014","31925",7,4
"2014","31926",58,40
"2014","31927",47,14
"2014","31928",13,4
"2014","31929",37,31
"2014","31930",7,9
"2014","31932",26,4
"2014","31934",17,15
"2014","31935",17,10
"2014","31938",5,1
"2014","31939",NA,NA
"2014","31940",12,1
"2014","31941",23,12
"2014","31943",43,21
"2014","31945",10,3
"2014","31946",5,6
"2014","31947",75,60
"2014","31948",28,19
"2014","31949",48,33
"2014","31950",45,27
"2014","31951",131,98
"2014","31952",108,51
"2014","31953",31,22
"2014","31954",7,2
"2014","32001",40,41
"2014","32002",15,0
"2014","32003",34,8
"2014","32004",3,2
"2014","32005",5,4
"2014","32006",9,2
"2014","32007",54,3
"2014","32008",32,13
"2014","32009",1,1
"2014","32010",0,1
"2014","32011",3,2
"2014","32012",3,0
"2014","32013",26,11
"2014","32014",5,2
"2014","32015",4,2
"2014","32016",63,21
"2014","32017",13,7
"2014","32018",2,3
"2014","32101",40,32
"2014","32104",15,10
"2014","32106",15,10
"2014","32107",28,22
"2014","32109",10,7
"2014","32110",12,7
"2014","32112",46,41
"2014","32114",32,15
"2014","32115",13,15
"2014","32116",12,7
"2014","32119",8,7
"2014","32120",31,19
"2014","32131",72,41
"2014","32132",15,12
"2014","32134",21,9
"2014","32135",198,127
"2014","32139",14,8
"2014","32140",14,18
"2014","32141",61,47
"2014","32142",97,46
"2014","32143",8,7
"2014","32144",491,270
"2014","32202",4,1
"2014","32203",9,11
"2014","32206",5,0
"2014","32207",8,7
"2014","32209",4,6
"2014","32210",17,3
"2014","32212",NA,NA
"2014","32214",NA,NA
"2014","32216",11,4
"2014","32217",4,1
"2014","32219",6,0
"2014","32220",12,8
"2014","32221",NA,NA
"2014","32222",1,0
"2014","32223",0,1
"2014","32301",25,15
"2014","32302",4,1
"2014","32304",75,37
"2014","32305",38,30
"2014","32306",13,13
"2014","32307",35,37
"2014","32308",48,13
"2014","32309",2,2
"2014","32310",5,3
"2014","32311",15,1
"2014","32312",7,1
"2014","32313",9,6
"2014","32314",7,10
"2014","32315",15,16
"2014","32316",30,15
"2014","32317",4,2
"2014","32318",28,18
"2014","32319",47,24
"2014","32320",6,6
"2014","32321",10,13
"2014","32322",4,4
"2014","32323",19,12
"2014","32324",5,6
"2014","32325",44,6
"2014","32326",4,1
"2014","32327",50,23
"2014","32330",56,51
"2014","32331",10,0
"2014","32332",23,5
"2014","32333",7,2
"2014","32334",7,2
"2014","32335",2,1
"2014","32336",98,20
"2014","32337",64,37
"2014","32338",15,11
"2014","32501",26,5
"2014","32502",9,2
"2014","32503",NA,NA
"2014","32504",0,10
"2014","32505",20,1
"2014","32506",3,4
"2014","32508",2,8
"2014","32509",8,8
"2014","32511",4,5
"2014","32514",2,1
"2014","32515",3,4
"2014","32516",2,3
"2014","32517",6,5
"2014","32518",3,4
"2014","32519",2,0
"2014","32520",9,2
"2014","32521",2,0
"2014","32522",5,3
"2014","32523",1,1
"2014","32524",6,3
"2014","32525",3,2
"2014","32528",2,0
"2014","32529",3,4
"2014","32530",51,35
"2014","40101",5058,2359
"2014","40201",526,286
"2014","40301",1417,679
"2014","40401",73,23
"2014","40402",31,10
"2014","40403",13,8
"2014","40404",397,191
"2014","40405",16,23
"2014","40406",32,15
"2014","40407",10,10
"2014","40408",31,11
"2014","40409",29,23
"2014","40410",15,4
"2014","40411",5,3
"2014","40412",5,7
"2014","40413",67,14
"2014","40414",62,49
"2014","40415",11,5
"2014","40416",7,1
"2014","40417",8,3
"2014","40418",54,27
"2014","40419",10,11
"2014","40420",13,5
"2014","40421",197,95
"2014","40422",122,30
"2014","40423",7,8
"2014","40424",6,1
"2014","40425",11,8
"2014","40426",44,13
"2014","40427",10,7
"2014","40428",56,12
"2014","40429",3,3
"2014","40430",15,8
"2014","40431",23,5
"2014","40432",24,7
"2014","40433",6,2
"2014","40434",3,3
"2014","40435",1,0
"2014","40436",18,18
"2014","40437",36,24
"2014","40438",82,66
"2014","40439",4,7
"2014","40440",4,1
"2014","40441",59,27
"2014","40442",7,2
"2014","40443",15,11
"2014","40444",6,6
"2014","40445",22,4
"2014","40446",9,9
"2014","40501",28,16
"2014","40502",10,6
"2014","40503",50,25
"2014","40504",8,11
"2014","40505",1,3
"2014","40506",9,4
"2014","40507",7,2
"2014","40508",9,5
"2014","40509",11,8
"2014","40510",10,3
"2014","40511",28,5
"2014","40512",0,1
"2014","40601",60,22
"2014","40602",2,2
"2014","40603",30,2
"2014","40604",13,5
"2014","40605",4,4
"2014","40606",NA,NA
"2014","40607",10,1
"2014","40608",1,5
"2014","40609",8,8
"2014","40610",0,2
"2014","40611",1,1
"2014","40612",9,8
"2014","40613",6,0
"2014","40614",24,12
"2014","40615",16,7
"2014","40616",6,5
"2014","40617",0,5
"2014","40618",3,3
"2014","40619",4,4
"2014","40620",10,2
"2014","40621",4,3
"2014","40622",5,2
"2014","40623",5,4
"2014","40624",10,4
"2014","40625",1,2
"2014","40626",18,6
"2014","40627",18,6
"2014","40701",108,80
"2014","40702",54,31
"2014","40703",161,86
"2014","40704",53,21
"2014","40705",251,120
"2014","40706",21,16
"2014","40707",26,13
"2014","40708",13,11
"2014","40709",29,17
"2014","40710",5,6
"2014","40711",77,40
"2014","40712",24,11
"2014","40713",37,26
"2014","40714",69,41
"2014","40715",11,3
"2014","40716",4,1
"2014","40717",21,26
"2014","40718",12,14
"2014","40719",25,9
"2014","40720",52,32
"2014","40801",6,4
"2014","40802",68,33
"2014","40804",4,0
"2014","40805",142,37
"2014","40806",23,7
"2014","40807",6,4
"2014","40808",66,25
"2014","40809",33,13
"2014","40810",4,0
"2014","40811",8,2
"2014","40812",11,16
"2014","40813",6,2
"2014","40814",2,6
"2014","40815",6,1
"2014","40816",5,7
"2014","40817",11,2
"2014","40818",13,8
"2014","40820",0,1
"2014","40821",5,3
"2014","40822",3,13
"2014","40823",9,2
"2014","40824",7,1
"2014","40825",3,2
"2014","40826",2,0
"2014","40827",9,4
"2014","40828",2,0
"2014","40829",6,6
"2014","40830",2,2
"2014","40831",28,12
"2014","40832",22,26
"2014","40833",15,2
"2014","40834",0,2
"2014","40835",26,14
"2014","40901",3,2
"2014","40902",43,26
"2014","40903",11,3
"2014","40904",8,1
"2014","40905",29,16
"2014","40906",19,11
"2014","40907",82,28
"2014","40908",41,15
"2014","40909",8,5
"2014","40910",15,7
"2014","40911",4,1
"2014","40912",19,22
"2014","40913",17,13
"2014","40914",4,1
"2014","40915",10,9
"2014","40916",2,2
"2014","40917",55,14
"2014","40918",22,12
"2014","40919",2,3
"2014","40920",11,4
"2014","40921",9,4
"2014","40922",24,10
"2014","40923",14,10
"2014","41001",21,10
"2014","41002",383,167
"2014","41003",85,22
"2014","41004",3,3
"2014","41005",245,93
"2014","41006",5,0
"2014","41007",97,52
"2014","41008",13,6
"2014","41009",55,44
"2014","41010",16,7
"2014","41011",35,21
"2014","41012",417,208
"2014","41013",31,25
"2014","41014",62,30
"2014","41015",5,5
"2014","41016",12,14
"2014","41017",112,70
"2014","41018",19,16
"2014","41019",13,11
"2014","41020",28,16
"2014","41021",543,285
"2014","41022",66,61
"2014","41101",2,1
"2014","41102",9,2
"2014","41103",44,12
"2014","41104",1,2
"2014","41105",17,7
"2014","41106",1,6
"2014","41107",6,4
"2014","41108",378,110
"2014","41109",24,19
"2014","41110",20,10
"2014","41111",107,59
"2014","41112",18,3
"2014","41113",34,3
"2014","41114",29,17
"2014","41115",1,1
"2014","41116",95,63
"2014","41117",7,1
"2014","41118",10,6
"2014","41119",8,5
"2014","41120",16,9
"2014","41121",42,3
"2014","41122",4,0
"2014","41123",9,4
"2014","41124",47,35
"2014","41125",28,5
"2014","41126",10,1
"2014","41201",6,2
"2014","41202",29,9
"2014","41203",32,13
"2014","41204",21,4
"2014","41205",NA,NA
"2014","41206",2,1
"2014","41207",40,25
"2014","41208",2,2
"2014","41209",8,6
"2014","41210",12,2
"2014","41211",5,2
"2014","41212",6,1
"2014","41213",16,3
"2014","41214",18,5
"2014","41215",13,12
"2014","41216",2,0
"2014","41217",8,2
"2014","41218",14,9
"2014","41219",68,24
"2014","41220",17,14
"2014","41221",1,3
"2014","41222",2,0
"2014","41223",6,2
"2014","41224",35,36
"2014","41225",191,181
"2014","41226",5,6
"2014","41227",1,0
"2014","41228",47,13
"2014","41229",3,5
"2014","41230",7,2
"2014","41231",6,6
"2014","41232",3,5
"2014","41233",17,5
"2014","41234",29,8
"2014","41235",6,3
"2014","41236",NA,NA
"2014","41304",9,3
"2014","41305",0,2
"2014","41306",2,2
"2014","41307",NA,NA
"2014","41309",39,7
"2014","41311",1,0
"2014","41312",5,7
"2014","41313",7,1
"2014","41314",0,1
"2014","41315",33,6
"2014","41316",4,5
"2014","41317",5,9
"2014","41318",7,1
"2014","41319",2,3
"2014","41320",3,1
"2014","41321",25,0
"2014","41322",3,1
"2014","41323",5,1
"2014","41324",11,7
"2014","41325",0,2
"2014","41326",1,0
"2014","41327",7,2
"2014","41328",2,6
"2014","41329",7,7
"2014","41331",1,2
"2014","41332",13,7
"2014","41333",2,0
"2014","41334",2,2
"2014","41336",3,1
"2014","41337",1,4
"2014","41338",6,1
"2014","41341",19,6
"2014","41342",10,15
"2014","41343",7,7
"2014","41344",28,18
"2014","41345",7,0
"2014","41346",2,2
"2014","41401",0,1
"2014","41402",22,22
"2014","41403",27,16
"2014","41404",7,3
"2014","41405",2,2
"2014","41406",6,0
"2014","41407",20,2
"2014","41408",4,1
"2014","41409",19,16
"2014","41410",38,35
"2014","41411",11,24
"2014","41412",NA,NA
"2014","41413",6,3
"2014","41414",34,14
"2014","41415",13,6
"2014","41416",5,4
"2014","41417",3,7
"2014","41418",37,16
"2014","41419",9,10
"2014","41420",8,4
"2014","41421",1,0
"2014","41422",101,48
"2014","41423",60,41
"2014","41424",3,2
"2014","41425",31,82
"2014","41426",22,8
"2014","41427",12,6
"2014","41428",4,4
"2014","41429",30,10
"2014","41430",26,9
"2014","41501",5,3
"2014","41502",5,6
"2014","41503",41,25
"2014","41504",16,1
"2014","41505",4,3
"2014","41506",51,47
"2014","41507",27,3
"2014","41508",0,2
"2014","41509",6,2
"2014","41510",10,0
"2014","41511",13,8
"2014","41512",11,1
"2014","41513",11,3
"2014","41514",3,13
"2014","41515",6,1
"2014","41516",103,64
"2014","41517",24,10
"2014","41518",13,19
"2014","41521",4,9
"2014","41522",47,11
"2014","41601",6,2
"2014","41602",18,15
"2014","41603",30,29
"2014","41604",4,2
"2014","41605",46,22
"2014","41606",17,22
"2014","41607",36,20
"2014","41608",1,4
"2014","41609",13,18
"2014","41610",1,1
"2014","41611",13,6
"2014","41612",3,4
"2014","41613",12,9
"2014","41614",6,7
"2014","41615",38,12
"2014","41616",NA,NA
"2014","41617",35,27
"2014","41618",40,22
"2014","41619",3,5
"2014","41620",20,5
"2014","41621",10,1
"2014","41622",2,2
"2014","41623",NA,NA
"2014","41624",104,26
"2014","41626",25,10
"2014","41627",31,8
"2014","41628",6,9
"2014","41701",69,17
"2014","41702",29,9
"2014","41703",120,61
"2014","41704",8,2
"2014","41705",13,2
"2014","41706",10,3
"2014","41707",9,5
"2014","41708",1,1
"2014","41709",37,14
"2014","41710",79,15
"2014","41711",12,7
"2014","41712",7,10
"2014","41713",51,25
"2014","41714",6,7
"2014","41715",81,40
"2014","41716",17,7
"2014","41717",13,6
"2014","41718",6,11
"2014","41719",20,13
"2014","41720",3,3
"2014","41721",2,5
"2014","41722",42,16
"2014","41723",8,1
"2014","41724",1,0
"2014","41725",2,1
"2014","41726",28,20
"2014","41727",27,6
"2014","41728",NA,NA
"2014","41729",3,1
"2014","41730",15,18
"2014","41731",60,24
"2014","41732",4,2
"2014","41733",NA,NA
"2014","41734",2911,68
"2014","41735",11,10
"2014","41736",11,1
"2014","41737",66,32
"2014","41738",120,58
"2014","41739",30,18
"2014","41740",23,3
"2014","41741",21,4
"2014","41742",59,26
"2014","41743",71,69
"2014","41744",3,2
"2014","41745",27,17
"2014","41746",168,91
"2014","41747",42,27
"2014","41748",1,3
"2014","41749",9,7
"2014","41750",32,5
"2014","41751",30,23
"2014","41752",2,3
"2014","41801",1,2
"2014","41802",3,6
"2014","41803",7,0
"2014","41804",97,89
"2014","41805",7,1
"2014","41806",12,6
"2014","41807",2,1
"2014","41808",57,28
"2014","41809",3,6
"2014","41810",6,6
"2014","41811",79,45
"2014","41812",188,98
"2014","41813",4,4
"2014","41814",10,6
"2014","41815",0,3
"2014","41816",39,15
"2014","41817",41,14
"2014","41818",5,4
"2014","41819",12,7
"2014","41820",92,46
"2014","41821",15,10
"2014","41822",12,6
"2014","41823",73,54
"2014","41824",35,21
"2014","50101",4881,3348
"2014","50201",118,27
"2014","50202",17,11
"2014","50203",57,27
"2014","50204",62,26
"2014","50205",303,179
"2014","50206",5,1
"2014","50207",42,20
"2014","50208",26,23
"2014","50209",77,42
"2014","50210",5,3
"2014","50211",10,9
"2014","50212",0,1
"2014","50213",21,24
"2014","50301",95,46
"2014","50302",47,29
"2014","50303",61,46
"2014","50304",7,10
"2014","50305",60,36
"2014","50306",33,9
"2014","50307",11,8
"2014","50308",26,29
"2014","50309",75,54
"2014","50310",66,47
"2014","50311",14,15
"2014","50312",82,24
"2014","50313",1,3
"2014","50314",142,101
"2014","50315",49,51
"2014","50316",48,25
"2014","50317",63,27
"2014","50318",5,5
"2014","50319",53,35
"2014","50320",13,10
"2014","50321",29,19
"2014","50322",40,31
"2014","50323",27,14
"2014","50324",93,47
"2014","50325",22,25
"2014","50326",95,89
"2014","50327",30,28
"2014","50328",9,5
"2014","50329",10,12
"2014","50330",98,94
"2014","50331",9,6
"2014","50332",22,15
"2014","50335",86,35
"2014","50336",29,21
"2014","50337",35,32
"2014","50338",180,113
"2014","50339",145,72
"2014","50401",43,33
"2014","50402",150,79
"2014","50403",152,88
"2014","50404",74,61
"2014","50405",20,9
"2014","50406",12,10
"2014","50407",26,20
"2014","50408",57,33
"2014","50409",8,12
"2014","50410",6,12
"2014","50411",52,26
"2014","50412",29,7
"2014","50413",5,1
"2014","50414",9,2
"2014","50415",20,11
"2014","50416",26,19
"2014","50417",62,45
"2014","50418",179,108
"2014","50419",26,23
"2014","50420",30,28
"2014","50421",24,15
"2014","50422",15,12
"2014","50423",61,27
"2014","50424",31,19
"2014","50425",21,11
"2014","50501",0,1
"2014","50502",4,2
"2014","50503",113,154
"2014","50504",29,47
"2014","50505",0,1
"2014","50506",26,20
"2014","50507",0,4
"2014","50508",3,0
"2014","50509",43,26
"2014","50510",64,23
"2014","50511",3,2
"2014","50512",29,12
"2014","50513",9,7
"2014","50514",2,1
"2014","50515",1,2
"2014","50601",17,12
"2014","50602",76,27
"2014","50603",13,1
"2014","50604",14,3
"2014","50605",9,8
"2014","50606",103,47
"2014","50607",5,6
"2014","50608",10,6
"2014","50609",59,29
"2014","50610",24,14
"2014","50611",31,27
"2014","50612",42,15
"2014","50613",79,33
"2014","50614",14,16
"2014","50615",18,17
"2014","50616",34,40
"2014","50617",20,24
"2014","50618",86,52
"2014","50619",207,90
"2014","50620",16,8
"2014","50621",9,1
"2014","50622",17,8
"2014","50623",59,28
"2014","50624",28,22
"2014","50625",6,3
"2014","50626",12,20
"2014","50627",5,12
"2014","50628",262,134
"2014","60101",8087,5253
"2014","60305",10,11
"2014","60318",21,18
"2014","60323",4,6
"2014","60324",4,5
"2014","60326",8,4
"2014","60329",7,10
"2014","60341",8,4
"2014","60344",76,43
"2014","60345",48,11
"2014","60346",28,12
"2014","60347",11,19
"2014","60348",12,11
"2014","60349",22,8
"2014","60350",37,27
"2014","60351",27,18
"2014","60608",84,39
"2014","60611",38,20
"2014","60613",78,35
"2014","60617",46,22
"2014","60618",5,2
"2014","60619",25,22
"2014","60623",20,9
"2014","60624",116,46
"2014","60626",7,14
"2014","60628",18,14
"2014","60629",38,15
"2014","60632",44,16
"2014","60639",9,4
"2014","60641",1,2
"2014","60642",5,5
"2014","60645",34,16
"2014","60646",16,10
"2014","60647",0,1
"2014","60648",44,15
"2014","60651",12,9
"2014","60653",30,13
"2014","60654",5,11
"2014","60655",28,6
"2014","60656",20,7
"2014","60659",78,21
"2014","60660",50,16
"2014","60661",59,36
"2014","60662",22,19
"2014","60663",49,35
"2014","60664",154,76
"2014","60665",42,23
"2014","60666",9,4
"2014","60667",22,25
"2014","60668",9,8
"2014","60669",160,87
"2014","60670",61,21
"2014","61001",5,2
"2014","61002",44,22
"2014","61007",11,5
"2014","61008",9,5
"2014","61012",34,8
"2014","61013",12,8
"2014","61016",5,3
"2014","61017",9,0
"2014","61019",21,19
"2014","61020",7,4
"2014","61021",26,8
"2014","61024",8,4
"2014","61027",5,8
"2014","61030",2,1
"2014","61032",3,4
"2014","61033",6,5
"2014","61043",19,12
"2014","61045",42,21
"2014","61049",45,12
"2014","61050",18,12
"2014","61051",30,19
"2014","61052",21,19
"2014","61053",168,63
"2014","61054",19,16
"2014","61055",7,5
"2014","61057",59,6
"2014","61059",71,25
"2014","61060",32,22
"2014","61061",123,43
"2014","61101",15,12
"2014","61105",7,8
"2014","61106",4,14
"2014","61107",4,3
"2014","61108",519,359
"2014","61109",13,1
"2014","61110",18,6
"2014","61111",7,2
"2014","61112",5,1
"2014","61113",30,13
"2014","61114",13,12
"2014","61115",6,2
"2014","61116",4,4
"2014","61118",56,23
"2014","61119",12,4
"2014","61120",70,38
"2014","61203",25,8
"2014","61204",17,11
"2014","61205",11,8
"2014","61206",1,4
"2014","61207",67,38
"2014","61213",34,21
"2014","61215",2,11
"2014","61217",38,12
"2014","61222",8,6
"2014","61236",31,22
"2014","61243",10,14
"2014","61247",39,12
"2014","61251",3,0
"2014","61252",2,2
"2014","61253",50,16
"2014","61254",14,6
"2014","61255",92,60
"2014","61256",8,5
"2014","61257",25,22
"2014","61258",26,29
"2014","61259",102,44
"2014","61260",15,1
"2014","61261",24,17
"2014","61262",21,31
"2014","61263",63,43
"2014","61264",15,10
"2014","61265",125,81
"2014","61266",6,4
"2014","61267",62,33
"2014","61410",2,1
"2014","61413",1,3
"2014","61425",32,3
"2014","61428",12,0
"2014","61437",4,2
"2014","61438",46,29
"2014","61439",23,26
"2014","61440",7,6
"2014","61441",8,7
"2014","61442",40,43
"2014","61443",3,1
"2014","61444",9,15
"2014","61445",38,62
"2014","61446",12,9
"2014","61611",10,7
"2014","61612",7,6
"2014","61615",12,6
"2014","61618",31,8
"2014","61621",NA,NA
"2014","61624",11,10
"2014","61625",77,26
"2014","61626",40,9
"2014","61627",8,9
"2014","61628",4,3
"2014","61629",3,5
"2014","61630",11,3
"2014","61631",127,48
"2014","61632",30,13
"2014","61633",31,16
"2014","61701",12,6
"2014","61708",3,1
"2014","61710",9,0
"2014","61711",1,2
"2014","61716",15,4
"2014","61719",37,13
"2014","61727",22,12
"2014","61728",0,2
"2014","61729",14,6
"2014","61730",14,5
"2014","61731",0,1
"2014","61740",6,3
"2014","61741",19,2
"2014","61743",8,3
"2014","61744",1,0
"2014","61745",3,2
"2014","61746",13,5
"2014","61748",34,18
"2014","61750",7,4
"2014","61751",4,5
"2014","61756",9,11
"2014","61757",5,4
"2014","61758",18,31
"2014","61759",8,6
"2014","61760",120,38
"2014","61761",4,4
"2014","61762",11,10
"2014","61763",17,10
"2014","61764",6,2
"2014","61765",32,21
"2014","61766",177,83
"2014","62007",43,24
"2014","62008",6,9
"2014","62010",9,1
"2014","62014",8,5
"2014","62021",1,1
"2014","62026",4,0
"2014","62032",43,0
"2014","62034",9,2
"2014","62036",20,9
"2014","62038",123,59
"2014","62039",5,12
"2014","62040",147,67
"2014","62041",296,97
"2014","62042",14,7
"2014","62043",10,7
"2014","62044",32,22
"2014","62045",44,17
"2014","62046",18,6
"2014","62047",61,33
"2014","62048",17,5
"2014","62105",13,10
"2014","62115",12,10
"2014","62116",19,16
"2014","62125",13,7
"2014","62128",33,16
"2014","62131",416,12
"2014","62132",5,2
"2014","62135",6,2
"2014","62138",27,21
"2014","62139",218,132
"2014","62140",375,178
"2014","62141",39,26
"2014","62142",89,48
"2014","62143",100,58
"2014","62144",97,56
"2014","62145",61,37
"2014","62146",45,12
"2014","62147",12,4
"2014","62148",14,9
"2014","62202",11,18
"2014","62205",3,2
"2014","62206",5,5
"2014","62209",11,11
"2014","62211",12,3
"2014","62214",26,6
"2014","62216",3,1
"2014","62219",57,30
"2014","62220",45,13
"2014","62226",74,28
"2014","62232",7,3
"2014","62233",24,8
"2014","62235",31,23
"2014","62242",4,3
"2014","62244",16,10
"2014","62245",6,6
"2014","62247",91,16
"2014","62256",15,4
"2014","62262",33,2
"2014","62264",40,12
"2014","62265",4,5
"2014","62266",5,6
"2014","62268",16,12
"2014","62269",18,11
"2014","62270",22,17
"2014","62271",31,18
"2014","62272",60,22
"2014","62273",16,13
"2014","62274",32,19
"2014","62275",20,19
"2014","62276",10,5
"2014","62277",18,6
"2014","62278",21,11
"2014","62279",7,2
"2014","62280",79,61
"2014","62311",20,4
"2014","62314",2,2
"2014","62326",4,5
"2014","62330",3,0
"2014","62332",12,10
"2014","62335",5,7
"2014","62343",5,0
"2014","62368",5,6
"2014","62372",3,1
"2014","62375",48,30
"2014","62376",52,12
"2014","62377",10,2
"2014","62378",42,27
"2014","62379",130,64
"2014","62380",14,9
"2014","62381",15,18
"2014","62382",40,16
"2014","62383",45,14
"2014","62384",9,11
"2014","62385",9,5
"2014","62386",19,16
"2014","62387",23,6
"2014","62388",6,3
"2014","62389",15,12
"2014","62390",35,17
"2014","70101",4986,2892
"2014","70201",20,15
"2014","70202",54,27
"2014","70203",107,74
"2014","70204",0,4
"2014","70205",71,53
"2014","70206",1,1
"2014","70207",8,4
"2014","70208",101,70
"2014","70209",42,18
"2014","70210",7,5
"2014","70211",46,10
"2014","70212",16,8
"2014","70213",11,17
"2014","70214",29,20
"2014","70215",12,11
"2014","70216",17,9
"2014","70217",17,15
"2014","70218",36,16
"2014","70219",19,53
"2014","70220",303,292
"2014","70221",13,8
"2014","70222",12,10
"2014","70223",30,24
"2014","70224",13,4
"2014","70301",52,43
"2014","70302",48,35
"2014","70303",57,26
"2014","70304",41,48
"2014","70305",35,14
"2014","70306",21,17
"2014","70307",5,7
"2014","70308",6,1
"2014","70309",36,29
"2014","70310",46,46
"2014","70311",8,6
"2014","70312",117,47
"2014","70313",26,9
"2014","70314",2,3
"2014","70315",14,19
"2014","70317",2,0
"2014","70318",17,12
"2014","70319",35,29
"2014","70320",43,22
"2014","70322",15,11
"2014","70323",7,3
"2014","70325",9,12
"2014","70326",66,41
"2014","70328",61,37
"2014","70329",35,35
"2014","70331",20,9
"2014","70332",28,15
"2014","70333",6,7
"2014","70334",94,56
"2014","70335",21,4
"2014","70336",3,3
"2014","70337",11,9
"2014","70338",13,4
"2014","70339",10,5
"2014","70340",10,2
"2014","70342",15,4
"2014","70343",24,14
"2014","70344",45,31
"2014","70345",14,4
"2014","70346",79,56
"2014","70347",5,1
"2014","70348",23,23
"2014","70349",3,0
"2014","70350",72,27
"2014","70351",184,81
"2014","70352",5,2
"2014","70353",10,14
"2014","70354",253,146
"2014","70355",36,20
"2014","70356",16,13
"2014","70357",168,125
"2014","70358",47,23
"2014","70359",11,4
"2014","70360",15,23
"2014","70361",5,4
"2014","70362",3,2
"2014","70364",71,45
"2014","70365",41,20
"2014","70366",3,5
"2014","70367",86,57
"2014","70368",22,10
"2014","70369",142,110
"2014","70370",45,25
"2014","70401",24,18
"2014","70402",57,19
"2014","70403",461,55
"2014","70404",55,39
"2014","70405",8,5
"2014","70406",50,40
"2014","70407",5,7
"2014","70408",19,15
"2014","70409",106,71
"2014","70410",86,33
"2014","70411",235,131
"2014","70412",134,53
"2014","70413",33,33
"2014","70414",44,23
"2014","70415",5,5
"2014","70416",160,81
"2014","70417",41,32
"2014","70418",13,8
"2014","70419",31,42
"2014","70420",35,33
"2014","70501",44,25
"2014","70502",8,9
"2014","70503",51,27
"2014","70504",8,7
"2014","70505",27,13
"2014","70506",30,13
"2014","70508",76,69
"2014","70509",57,50
"2014","70510",31,28
"2014","70511",80,53
"2014","70512",44,38
"2014","70513",557,465
"2014","70514",32,16
"2014","70515",50,22
"2014","70516",7,2
"2014","70517",25,8
"2014","70518",41,22
"2014","70519",8,7
"2014","70520",28,21
"2014","70521",11,12
"2014","70522",54,33
"2014","70523",2,5
"2014","70524",21,23
"2014","70525",28,28
"2014","70526",61,48
"2014","70527",92,18
"2014","70528",16,9
"2014","70529",37,14
"2014","70530",41,46
"2014","70531",208,142
"2014","70601",NA,NA
"2014","70602",4,3
"2014","70603",84,117
"2014","70604",19,17
"2014","70605",7,4
"2014","70606",18,18
"2014","70607",14,14
"2014","70608",34,49
"2014","70609",19,8
"2014","70610",NA,NA
"2014","70611",9,7
"2014","70612",2,2
"2014","70613",2,3
"2014","70614",84,55
"2014","70615",42,28
"2014","70616",30,30
"2014","70617",28,16
"2014","70618",4,7
"2014","70619",16,12
"2014","70620",21,10
"2014","70621",65,43
"2014","70622",6,5
"2014","70623",10,7
"2014","70624",20,9
"2014","70625",3,2
"2014","70626",2,1
"2014","70627",8,4
"2014","70628",10,9
"2014","70629",4,3
"2014","70630",5,10
"2014","70701",1,2
"2014","70702",6,3
"2014","70703",5,1
"2014","70704",9,1
"2014","70705",5,6
"2014","70706",NA,NA
"2014","70707",17,11
"2014","70708",8,5
"2014","70709",0,1
"2014","70710",1,2
"2014","70711",8,2
"2014","70712",7,1
"2014","70713",2,2
"2014","70714",4,2
"2014","70715",7,3
"2014","70716",73,55
"2014","70717",18,14
"2014","70718",3,1
"2014","70719",12,4
"2014","70720",14,2
"2014","70721",0,1
"2014","70723",1,2
"2014","70724",3,7
"2014","70725",2,1
"2014","70726",4,3
"2014","70727",0,2
"2014","70728",21,16
"2014","70729",19,18
"2014","70731",1,0
"2014","70732",6,2
"2014","70733",1,2
"2014","70734",4,8
"2014","70735",3,2
"2014","70801",12,6
"2014","70802",11,6
"2014","70803",9,10
"2014","70804",19,12
"2014","70805",30,30
"2014","70806",22,14
"2014","70807",65,34
"2014","70808",11,7
"2014","70809",5,2
"2014","70810",2,2
"2014","70811",15,11
"2014","70812",NA,NA
"2014","70813",4,4
"2014","70814",14,15
"2014","70815",NA,NA
"2014","70816",10,9
"2014","70817",6,3
"2014","70818",23,29
"2014","70819",1,0
"2014","70820",22,17
"2014","70821",39,23
"2014","70822",8,2
"2014","70823",1,3
"2014","70824",14,6
"2014","70825",0,2
"2014","70826",21,12
"2014","70827",8,3
"2014","70828",106,87
"2014","70829",8,8
"2014","70830",6,0
"2014","70831",10,2
"2014","70832",27,12
"2014","70833",39,20
"2014","70834",1,1
"2014","70835",13,10
"2014","70836",12,9
"2014","70837",11,6
"2014","70901",59,41
"2014","70902",16,6
"2014","70903",4,1
"2014","70904",6,6
"2014","70905",13,6
"2014","70907",143,78
"2014","70908",36,16
"2014","70909",108,76
"2014","70910",9,13
"2014","70911",0,1
"2014","70912",21,10
"2014","70913",7,3
"2014","70914",7,1
"2014","70915",25,15
"2014","70916",17,17
"2014","70917",105,66
"2014","70918",25,20
"2014","70920",145,121
"2014","70921",5,13
"2014","70922",16,18
"2014","70923",15,13
"2014","70924",2,0
"2014","70925",26,16
"2014","70926",172,130
"2014","70927",63,49
"2014","70928",20,18
"2014","70929",6,4
"2014","70930",9,3
"2014","70931",25,12
"2014","70932",1,0
"2014","70933",29,12
"2014","70934",91,58
"2014","70935",14,12
"2014","70936",61,35
"2014","70937",20,10
"2014","70938",18,14
"2014","70939",21,24
"2014","70940",9,10
"2014","70941",5,5
"2014","80101",39,10
"2014","80102",10,0
"2014","80103",250,151
"2014","80104",25,18
"2014","80105",38,20
"2014","80106",42,20
"2014","80107",12,11
"2014","80108",29,17
"2014","80109",7,3
"2014","80110",23,20
"2014","80111",9,4
"2014","80112",13,7
"2014","80113",76,44
"2014","80114",11,1
"2014","80115",52,41
"2014","80116",84,51
"2014","80117",49,33
"2014","80118",16,4
"2014","80119",17,7
"2014","80120",29,34
"2014","80121",4,1
"2014","80122",99,33
"2014","80123",11,2
"2014","80124",11,3
"2014","80125",3,1
"2014","80126",34,23
"2014","80127",6,7
"2014","80128",15,9
"2014","80129",39,13
"2014","80201",23,20
"2014","80202",13,12
"2014","80203",5,10
"2014","80204",43,27
"2014","80205",15,8
"2014","80206",11,3
"2014","80207",664,437
"2014","80208",10,5
"2014","80209",12,10
"2014","80210",18,5
"2014","80211",32,9
"2014","80212",24,9
"2014","80213",50,31
"2014","80214",9,14
"2014","80215",178,146
"2014","80216",46,15
"2014","80217",135,64
"2014","80218",102,71
"2014","80219",26,15
"2014","80220",42,18
"2014","80221",24,12
"2014","80222",37,10
"2014","80223",37,17
"2014","80224",126,82
"2014","80225",5,9
"2014","80226",120,91
"2014","80227",11,6
"2014","80228",348,312
"2014","80229",4,1
"2014","80230",19,10
"2014","80231",18,13
"2014","80232",13,0
"2014","80233",19,12
"2014","80234",2,4
"2014","80235",43,27
"2014","80236",26,15
"2014","80237",8,1
"2014","80238",47,17
"2014","80239",3,1
"2014","80240",126,70
"2014","80301",984,776
"2014","80302",225,185
"2014","80303",317,263
"2014","80401",81,53
"2014","80402",9,3
"2014","80403",3,2
"2014","80404",793,553
"2014","80405",107,70
"2014","80406",0,8
"2014","80407",32,30
"2014","80408",158,129
"2014","80409",43,33
"2014","80410",51,45
"2014","80411",1,6
"2014","80412",27,32
"2014","80413",49,31
"2014","80414",143,125
"2014","80415",6,1
"2014","80416",27,17
"2014","80417",33,10
"2014","80418",35,17
"2014","80419",4,5
"2014","80420",44,20
"2014","80421",6,0
"2014","80422",6,5
"2014","80423",25,19
"2014","80424",52,35
"2014","90101",796,532
"2014","90201",4799,3233
"2014","90301",3686,2119
"2014","90401",1637,1063
"2014","90501",2761,1664
"2014","90601",1462,1019
"2014","90701",1499,1017
"2014","90801",2640,1368
"2014","90901",2542,1614
"2014","91001",7363,4796
"2014","91101",2760,1669
"2014","91201",3298,1808
"2014","91301",1202,716
"2014","91401",2443,1505
"2014","91501",4877,2994
"2014","91601",4513,2589
"2014","91701",2627,1617
"2014","91801",2102,1254
"2014","91901",2157,1462
"2014","92001",3853,2326
"2014","92101",2783,1683
"2014","92201",3067,1782
"2014","92301",1507,875
"2015","10101",982,173
"2015","10201",14,8
"2015","10301",16,2
"2015","10302",12,8
"2015","10303",10,10
"2015","10304",24,10
"2015","10305",102,11
"2015","10306",1,0
"2015","10307",26,6
"2015","10308",4,6
"2015","10309",20,8
"2015","10310",10,2
"2015","10311",9,3
"2015","10312",32,11
"2015","10313",7,3
"2015","10314",19,5
"2015","10315",28,35
"2015","10316",25,13
"2015","10317",18,4
"2015","10318",18,10
"2015","10319",16,6
"2015","10320",1,1
"2015","10321",7,2
"2015","10322",11,3
"2015","10323",6,0
"2015","10401",1,1
"2015","10402",3,4
"2015","10403",12,5
"2015","10404",14,8
"2015","10405",54,56
"2015","10406",16,23
"2015","10407",19,7
"2015","10408",24,22
"2015","10409",1,7
"2015","10410",3,2
"2015","10411",7,2
"2015","10412",3,10
"2015","10413",4,0
"2015","10414",31,18
"2015","10415",84,20
"2015","10416",31,2
"2015","10417",69,17
"2015","10418",6,0
"2015","10419",12,0
"2015","10420",0,2
"2015","10421",2,3
"2015","10422",1,2
"2015","10423",NA,NA
"2015","10424",NA,NA
"2015","10425",1,0
"2015","10426",6,4
"2015","10427",1,1
"2015","10428",2,8
"2015","10501",17,3
"2015","10502",5,8
"2015","10503",8,5
"2015","10504",37,11
"2015","10505",18,3
"2015","10506",11,3
"2015","10507",7,0
"2015","10508",15,4
"2015","10509",8,7
"2015","10510",2,3
"2015","10511",18,3
"2015","10512",0,4
"2015","10601",25,19
"2015","10602",29,12
"2015","10603",9,5
"2015","10604",10,5
"2015","10605",14,18
"2015","10606",62,34
"2015","10607",49,24
"2015","10608",3,9
"2015","10609",12,10
"2015","10610",15,12
"2015","10611",24,1
"2015","10612",38,31
"2015","10613",24,8
"2015","10614",7,2
"2015","10615",9,7
"2015","10616",3,4
"2015","10617",8,6
"2015","10618",35,25
"2015","10619",5,4
"2015","10701",30,15
"2015","10702",4,5
"2015","10703",43,19
"2015","10704",14,13
"2015","10705",21,11
"2015","10706",4,8
"2015","10707",110,15
"2015","10708",6,2
"2015","10709",14,9
"2015","10710",15,3
"2015","10711",133,40
"2015","10712",25,12
"2015","10713",178,60
"2015","10714",95,21
"2015","10715",38,18
"2015","10716",12,16
"2015","10717",78,18
"2015","10718",30,4
"2015","10719",8,3
"2015","10720",12,12
"2015","10721",8,9
"2015","10722",27,9
"2015","10723",1,0
"2015","10724",41,3
"2015","10725",5,4
"2015","10726",75,1
"2015","10727",25,4
"2015","10801",22,15
"2015","10802",9,4
"2015","10803",7,5
"2015","10804",17,3
"2015","10805",37,17
"2015","10806",2,0
"2015","10807",13,9
"2015","10808",4,6
"2015","10809",14,8
"2015","10810",10,11
"2015","10811",11,12
"2015","10812",3,2
"2015","10813",9,5
"2015","10814",6,1
"2015","10815",6,8
"2015","10816",71,17
"2015","10817",4,3
"2015","10818",7,1
"2015","10819",2,3
"2015","10820",10,3
"2015","10821",7,5
"2015","10822",13,4
"2015","10823",6,3
"2015","10824",9,7
"2015","10825",39,7
"2015","10826",4,2
"2015","10827",8,0
"2015","10828",9,2
"2015","10901",17,12
"2015","10902",63,15
"2015","10903",10,3
"2015","10904",2,6
"2015","10905",37,16
"2015","10906",7,10
"2015","10907",12,12
"2015","10908",35,11
"2015","10909",9,5
"2015","10910",21,7
"2015","10911",1,3
"2015","10912",25,6
"2015","10913",4,1
"2015","10914",13,3
"2015","10915",3,1
"2015","10916",51,19
"2015","10917",93,43
"2015","10918",141,27
"2015","10919",59,37
"2015","10920",8,7
"2015","10921",8,4
"2015","10922",19,6
"2015","10923",22,7
"2015","10924",4,0
"2015","10925",13,9
"2015","10926",5,2
"2015","10927",6,9
"2015","10928",41,13
"2015","10929",NA,NA
"2015","10930",3,0
"2015","10931",NA,NA
"2015","10932",18,2
"2015","20101",2364,1471
"2015","20201",1248,669
"2015","20302",9,3
"2015","20305",93,47
"2015","20306",91,12
"2015","20307",38,24
"2015","20316",5,1
"2015","20320",42,6
"2015","20321",6,3
"2015","20402",40,30
"2015","20403",25,11
"2015","20405",103,58
"2015","20409",25,27
"2015","20412",38,13
"2015","20414",24,2
"2015","20415",1544,37
"2015","20416",8,2
"2015","20417",26,12
"2015","20418",28,14
"2015","20419",30,12
"2015","20421",59,26
"2015","20424",51,30
"2015","20425",20,19
"2015","20428",4,1
"2015","20432",43,25
"2015","20435",21,20
"2015","20441",1,1
"2015","20442",14,8
"2015","20501",681,18
"2015","20502",23,9
"2015","20503",2,8
"2015","20504",7,7
"2015","20505",52,13
"2015","20506",8,9
"2015","20508",3,2
"2015","20509",29,7
"2015","20511",31,5
"2015","20512",55,10
"2015","20513",19,8
"2015","20515",23,20
"2015","20518",0,5
"2015","20519",2,5
"2015","20520",7,3
"2015","20523",46,15
"2015","20527",164,92
"2015","20530",66,20
"2015","20531",29,5
"2015","20534",14,15
"2015","20601",70,25
"2015","20602",13,3
"2015","20603",9,1
"2015","20604",4,2
"2015","20605",12,3
"2015","20607",10,3
"2015","20608",13,5
"2015","20609",10,4
"2015","20610",6,1
"2015","20611",4,10
"2015","20613",2,0
"2015","20616",21,10
"2015","20618",29,8
"2015","20619",6,8
"2015","20620",50,15
"2015","20622",36,3
"2015","20624",0,2
"2015","20625",29,25
"2015","20627",33,22
"2015","20630",86,20
"2015","20631",17,2
"2015","20632",5,5
"2015","20633",10,2
"2015","20634",57,31
"2015","20635",133,82
"2015","20636",5,3
"2015","20637",12,3
"2015","20638",5,2
"2015","20639",6,3
"2015","20640",3,6
"2015","20642",11,9
"2015","20643",15,12
"2015","20644",16,12
"2015","20701",6,4
"2015","20702",110,62
"2015","20703",9,1
"2015","20705",66,16
"2015","20707",1,2
"2015","20708",11,2
"2015","20710",3,9
"2015","20711",166,56
"2015","20712",6,4
"2015","20713",52,48
"2015","20719",8,6
"2015","20720",27,36
"2015","20721",10,11
"2015","20722",99,24
"2015","20723",12,6
"2015","20724",53,48
"2015","20725",157,63
"2015","20726",30,14
"2015","20727",92,29
"2015","20801",122,39
"2015","20802",44,5
"2015","20803",62,29
"2015","20804",87,21
"2015","20805",20,4
"2015","20806",19,1
"2015","20807",3,1
"2015","20808",18,12
"2015","20810",2,6
"2015","20812",10,3
"2015","20813",192,33
"2015","20815",27,9
"2015","20817",83,44
"2015","20901",73,12
"2015","20905",40,7
"2015","20909",18,12
"2015","20911",5,1
"2015","20912",57,7
"2015","20913",115,23
"2015","20914",5,3
"2015","20918",17,7
"2015","20923",176,115
"2015","21001",10,0
"2015","21002",77,37
"2015","21003",14,12
"2015","21004",11,8
"2015","21005",15,9
"2015","21006",429,3
"2015","21007",19,10
"2015","21008",41,20
"2015","21009",57,19
"2015","21010",87,8
"2015","30101",558,387
"2015","30201",1176,661
"2015","30301",180,75
"2015","30401",1059,587
"2015","30501",9,4
"2015","30502",400,165
"2015","30503",51,15
"2015","30504",37,9
"2015","30506",18,8
"2015","30507",8,7
"2015","30508",28,23
"2015","30509",23,0
"2015","30510",2,5
"2015","30511",17,3
"2015","30512",0,1
"2015","30514",45,15
"2015","30515",44,7
"2015","30516",16,8
"2015","30517",49,14
"2015","30520",11,3
"2015","30521",29,4
"2015","30522",53,5
"2015","30524",101,22
"2015","30526",13,0
"2015","30527",63,7
"2015","30529",33,8
"2015","30530",21,5
"2015","30531",107,42
"2015","30532",13,8
"2015","30533",28,11
"2015","30534",11,3
"2015","30536",12,7
"2015","30538",38,10
"2015","30539",3,0
"2015","30541",17,4
"2015","30542",29,8
"2015","30543",12,15
"2015","30544",9,1
"2015","30601",66,25
"2015","30602",158,61
"2015","30603",223,93
"2015","30604",566,231
"2015","30605",110,61
"2015","30607",251,77
"2015","30608",28,17
"2015","30609",6,4
"2015","30612",27,15
"2015","30613",91,37
"2015","30614",19,7
"2015","30615",69,133
"2015","30616",15,9
"2015","30618",80,45
"2015","30620",57,28
"2015","30621",29,9
"2015","30623",74,28
"2015","30625",38,22
"2015","30626",87,53
"2015","30627",26,10
"2015","30629",20,12
"2015","30631",13,22
"2015","30633",26,6
"2015","30635",14,13
"2015","30636",21,14
"2015","30637",8,9
"2015","30639",3417,383
"2015","30641",66,49
"2015","30645",35,16
"2015","30646",17,13
"2015","30701",2,2
"2015","30702",67,9
"2015","30703",93,7
"2015","30704",197,76
"2015","30706",40,20
"2015","30708",11,16
"2015","30709",29,13
"2015","30710",369,126
"2015","30711",17,6
"2015","30712",4,0
"2015","30713",38,8
"2015","30715",8,1
"2015","30716",90,43
"2015","30718",32,6
"2015","30719",21,12
"2015","30721",21,3
"2015","30722",11,11
"2015","30724",14,9
"2015","30726",20,14
"2015","30728",61,14
"2015","30729",59,33
"2015","30730",58,35
"2015","30731",51,11
"2015","30732",153,63
"2015","30733",17,9
"2015","30734",40,14
"2015","30735",41,24
"2015","30736",59,22
"2015","30737",19,11
"2015","30738",12,10
"2015","30739",25,11
"2015","30740",794,180
"2015","30741",22,8
"2015","30801",10,12
"2015","30802",4,16
"2015","30803",24,37
"2015","30804",25,22
"2015","30805",19,10
"2015","30808",133,101
"2015","30810",8,6
"2015","30811",10,7
"2015","30812",7,7
"2015","30813",18,14
"2015","30814",14,13
"2015","30817",117,65
"2015","30819",4,4
"2015","30821",107,48
"2015","30822",1,0
"2015","30824",7,8
"2015","30825",4,2
"2015","30826",7,7
"2015","30827",63,20
"2015","30828",3,2
"2015","30829",3,3
"2015","30830",59,34
"2015","30831",28,12
"2015","30834",19,36
"2015","30835",89,44
"2015","30836",12,10
"2015","30838",24,38
"2015","30841",13,7
"2015","30842",15,15
"2015","30844",18,15
"2015","30845",2,5
"2015","30846",0,2
"2015","30848",10,11
"2015","30849",33,30
"2015","30850",6,6
"2015","30852",23,9
"2015","30854",9,2
"2015","30856",87,55
"2015","30857",3,6
"2015","30858",31,10
"2015","30859",13,2
"2015","30860",19,12
"2015","30863",64,63
"2015","30865",20,31
"2015","30902",3,1
"2015","30903",16,9
"2015","30904",0,1
"2015","30906",17,3
"2015","30908",194,40
"2015","30909",12,4
"2015","30910",43,2
"2015","30912",3,3
"2015","30913",7,1
"2015","30915",2,7
"2015","30916",138,24
"2015","30917",1,0
"2015","30920",9,14
"2015","30921",26,6
"2015","30925",37,4
"2015","30929",5,1
"2015","30932",13,4
"2015","30935",108,42
"2015","30939",4,2
"2015","30940",10,0
"2015","30942",11,5
"2015","31001",3,1
"2015","31008",27,20
"2015","31009",6,1
"2015","31014",7,12
"2015","31015",10,18
"2015","31016",0,4
"2015","31018",9,5
"2015","31019",1,6
"2015","31021",28,3
"2015","31022",139,167
"2015","31025",2,3
"2015","31026",13,5
"2015","31028",17,2
"2015","31033",4,3
"2015","31035",14,3
"2015","31036",11,4
"2015","31037",46,19
"2015","31038",24,1
"2015","31041",4,2
"2015","31042",9,4
"2015","31043",5,6
"2015","31051",11,6
"2015","31052",9,11
"2015","31053",20,2
"2015","31101",3,1
"2015","31102",2,2
"2015","31103",6,7
"2015","31104",16,9
"2015","31105",43,25
"2015","31106",27,33
"2015","31107",29,4
"2015","31109",196,31
"2015","31110",1,3
"2015","31111",12,2
"2015","31113",12,5
"2015","31114",5,2
"2015","31117",1,2
"2015","31119",8,3
"2015","31120",17,1
"2015","31121",9,17
"2015","31123",0,5
"2015","31124",10,4
"2015","31129",5,3
"2015","31130",16,3
"2015","31201",50,31
"2015","31202",7,5
"2015","31203",46,14
"2015","31204",3,3
"2015","31205",22,10
"2015","31206",26,33
"2015","31207",31,10
"2015","31208",23,11
"2015","31213",563,245
"2015","31214",89,58
"2015","31215",19,8
"2015","31216",44,42
"2015","31224",9,1
"2015","31226",19,15
"2015","31227",18,4
"2015","31228",7,4
"2015","31229",11,3
"2015","31230",218,135
"2015","31234",6,2
"2015","31235",133,61
"2015","31301",3,7
"2015","31302",4,2
"2015","31303",NA,NA
"2015","31304",7,4
"2015","31308",6,2
"2015","31309",31,16
"2015","31310",28,6
"2015","31311",19,17
"2015","31315",35,11
"2015","31319",12,6
"2015","31321",7,1
"2015","31322",108,36
"2015","31323",4,1
"2015","31324",2,4
"2015","31326",2,1
"2015","31327",37,23
"2015","31330",32,6
"2015","31333",13,11
"2015","31336",13,3
"2015","31337",22,11
"2015","31338",1,4
"2015","31340",9,3
"2015","31343",30,11
"2015","31344",25,10
"2015","31346",31,3
"2015","31347",2,5
"2015","31350",2,1
"2015","31351",27,8
"2015","31355",9,2
"2015","31356",4,1
"2015","31401",49,10
"2015","31402",16,13
"2015","31403",146,53
"2015","31404",36,5
"2015","31405",7,0
"2015","31406",7,12
"2015","31407",164,47
"2015","31408",56,17
"2015","31409",19,8
"2015","31410",8,2
"2015","31411",30,13
"2015","31412",27,19
"2015","31413",74,15
"2015","31414",22,7
"2015","31502",1,0
"2015","31503",76,8
"2015","31504",21,5
"2015","31505",41,21
"2015","31506",NA,NA
"2015","31507",15,11
"2015","31508",11,9
"2015","31509",9,4
"2015","31511",9,2
"2015","31513",9,2
"2015","31514",8,4
"2015","31515",NA,NA
"2015","31516",3,2
"2015","31517",7,12
"2015","31519",15,2
"2015","31520",27,11
"2015","31521",27,12
"2015","31522",32,9
"2015","31523",10,1
"2015","31524",101,39
"2015","31525",18,5
"2015","31527",19,5
"2015","31528",8,3
"2015","31530",21,8
"2015","31531",17,13
"2015","31533",71,26
"2015","31534",53,6
"2015","31535",1,0
"2015","31537",10,20
"2015","31539",13,8
"2015","31540",8,3
"2015","31541",2,7
"2015","31542",10,4
"2015","31543",3,1
"2015","31546",1,2
"2015","31549",100,44
"2015","31550",7,4
"2015","31551",47,18
"2015","31552",4,3
"2015","31553",19,6
"2015","31601",9,4
"2015","31603",6,3
"2015","31604",14,16
"2015","31605",12,3
"2015","31606",62,7
"2015","31608",3,1
"2015","31609",10,6
"2015","31611",9,2
"2015","31612",18,30
"2015","31613",5,3
"2015","31614",19,5
"2015","31615",12,7
"2015","31616",3,0
"2015","31617",9,3
"2015","31620",3,4
"2015","31621",3,0
"2015","31622",5,5
"2015","31627",15,6
"2015","31628",15,4
"2015","31629",43,32
"2015","31630",6,3
"2015","31633",102,31
"2015","31634",8,4
"2015","31636",1,1
"2015","31642",2,0
"2015","31644",89,18
"2015","31645",9,4
"2015","31646",11,6
"2015","31649",5,6
"2015","31650",13,11
"2015","31651",22,9
"2015","31652",16,3
"2015","31653",5,5
"2015","31654",39,8
"2015","31655",141,60
"2015","31658",3,0
"2015","31701",40,39
"2015","31702",47,39
"2015","31703",111,52
"2015","31704",151,72
"2015","31706",31,9
"2015","31707",28,23
"2015","31709",44,16
"2015","31710",140,70
"2015","31711",11,2
"2015","31712",57,26
"2015","31713",33,7
"2015","31714",8,5
"2015","31715",50,23
"2015","31716",130,67
"2015","31717",746,239
"2015","31718",20,17
"2015","31719",216,108
"2015","31723",72,40
"2015","31725",141,65
"2015","31726",28,14
"2015","31801",0,2
"2015","31802",22,9
"2015","31803",36,8
"2015","31804",7,10
"2015","31805",9,6
"2015","31806",NA,NA
"2015","31807",9,3
"2015","31808",8,8
"2015","31809",4,5
"2015","31810",89,45
"2015","31811",74,20
"2015","31812",72,7
"2015","31813",85,16
"2015","31814",94,20
"2015","31815",20,4
"2015","31817",31,22
"2015","31818",270,120
"2015","31820",7,3
"2015","31821",46,17
"2015","31823",16,14
"2015","31825",3,10
"2015","31826",46,10
"2015","31827",NA,NA
"2015","31829",232,62
"2015","31830",3,3
"2015","31831",8,3
"2015","31832",34,18
"2015","31833",12,7
"2015","31834",NA,NA
"2015","31835",14,30
"2015","31836",25,17
"2015","31837",20,2
"2015","31838",18,10
"2015","31839",138,61
"2015","31840",20,4
"2015","31841",5,2
"2015","31842",1,0
"2015","31843",37,5
"2015","31844",5,0
"2015","31845",6,5
"2015","31846",24,12
"2015","31847",11,2
"2015","31848",30,8
"2015","31849",3,2
"2015","31901",43,15
"2015","31902",30,31
"2015","31903",100,32
"2015","31904",7,2
"2015","31905",81,28
"2015","31906",64,16
"2015","31907",2,5
"2015","31909",20,4
"2015","31910",3,6
"2015","31911",12,2
"2015","31912",133,28
"2015","31913",6,9
"2015","31915",14,8
"2015","31916",17,5
"2015","31917",10,1
"2015","31918",42,4
"2015","31919",22,4
"2015","31920",0,1
"2015","31921",62,14
"2015","31922",13,6
"2015","31923",7,3
"2015","31925",10,7
"2015","31926",113,40
"2015","31927",59,11
"2015","31928",5,5
"2015","31929",46,22
"2015","31930",25,9
"2015","31932",17,4
"2015","31934",21,14
"2015","31935",64,16
"2015","31938",7,2
"2015","31939",7,1
"2015","31940",7,7
"2015","31941",44,6
"2015","31943",65,36
"2015","31945",2,0
"2015","31946",9,7
"2015","31947",109,63
"2015","31948",38,20
"2015","31949",88,28
"2015","31950",39,32
"2015","31951",136,77
"2015","31952",127,63
"2015","31953",32,24
"2015","31954",17,6
"2015","32001",69,52
"2015","32002",12,6
"2015","32003",40,21
"2015","32004",3,1
"2015","32005",12,6
"2015","32006",4,1
"2015","32007",53,8
"2015","32008",31,12
"2015","32009",9,1
"2015","32010",0,2
"2015","32011",5,1
"2015","32012",1,2
"2015","32013",25,10
"2015","32014",3,4
"2015","32015",6,3
"2015","32016",79,24
"2015","32017",31,8
"2015","32018",7,4
"2015","32101",34,44
"2015","32104",20,12
"2015","32106",12,16
"2015","32107",39,24
"2015","32109",9,7
"2015","32110",16,4
"2015","32112",73,43
"2015","32114",38,20
"2015","32115",9,11
"2015","32116",8,6
"2015","32119",14,8
"2015","32120",71,16
"2015","32131",114,41
"2015","32132",11,4
"2015","32134",20,13
"2015","32135",265,141
"2015","32139",16,9
"2015","32140",33,16
"2015","32141",62,46
"2015","32142",133,55
"2015","32143",14,8
"2015","32144",1185,372
"2015","32202",3,1
"2015","32203",2,4
"2015","32206",0,2
"2015","32207",68,6
"2015","32209",19,8
"2015","32210",13,8
"2015","32212",1,2
"2015","32214",2,0
"2015","32216",38,18
"2015","32217",2,5
"2015","32219",26,9
"2015","32220",97,11
"2015","32221",NA,NA
"2015","32222",NA,NA
"2015","32223",4,2
"2015","32301",37,5
"2015","32302",0,3
"2015","32304",81,37
"2015","32305",36,33
"2015","32306",22,12
"2015","32307",46,21
"2015","32308",87,15
"2015","32309",5,2
"2015","32310",8,1
"2015","32311",48,4
"2015","32312",3,5
"2015","32313",7,9
"2015","32314",22,13
"2015","32315",12,12
"2015","32316",31,16
"2015","32317",4,1
"2015","32318",20,12
"2015","32319",32,34
"2015","32320",4,6
"2015","32321",5,5
"2015","32322",3,0
"2015","32323",38,12
"2015","32324",3,0
"2015","32325",52,6
"2015","32326",4,0
"2015","32327",67,49
"2015","32330",51,36
"2015","32331",11,5
"2015","32332",30,29
"2015","32333",10,6
"2015","32334",5,5
"2015","32335",5,0
"2015","32336",96,27
"2015","32337",41,31
"2015","32338",13,6
"2015","32501",47,3
"2015","32502",6,2
"2015","32503",NA,NA
"2015","32504",2,1
"2015","32505",21,3
"2015","32506",13,2
"2015","32508",13,3
"2015","32509",3,4
"2015","32511",8,12
"2015","32514",1,0
"2015","32515",1,1
"2015","32516",14,4
"2015","32517",10,7
"2015","32518",7,4
"2015","32519",0,2
"2015","32520",2,3
"2015","32521",3,2
"2015","32522",5,6
"2015","32523",5,0
"2015","32524",15,6
"2015","32525",16,1
"2015","32528",6,13
"2015","32529",8,5
"2015","32530",89,48
"2015","40101",6583,3171
"2015","40201",545,269
"2015","40301",1401,774
"2015","40401",73,28
"2015","40402",32,14
"2015","40403",5,8
"2015","40404",357,186
"2015","40405",91,12
"2015","40406",30,25
"2015","40407",9,10
"2015","40408",20,8
"2015","40409",25,15
"2015","40410",16,8
"2015","40411",2,2
"2015","40412",11,4
"2015","40413",95,35
"2015","40414",58,45
"2015","40415",13,8
"2015","40416",8,5
"2015","40417",12,7
"2015","40418",61,37
"2015","40419",25,13
"2015","40420",15,5
"2015","40421",153,101
"2015","40422",118,64
"2015","40423",13,2
"2015","40424",4,5
"2015","40425",12,6
"2015","40426",55,27
"2015","40427",11,4
"2015","40428",57,18
"2015","40429",6,4
"2015","40430",8,13
"2015","40431",16,8
"2015","40432",27,7
"2015","40433",6,4
"2015","40434",9,2
"2015","40435",3,2
"2015","40436",20,19
"2015","40437",39,17
"2015","40438",77,71
"2015","40439",2,0
"2015","40440",1,0
"2015","40441",53,29
"2015","40442",4,2
"2015","40443",23,11
"2015","40444",17,9
"2015","40445",12,9
"2015","40446",10,12
"2015","40501",59,26
"2015","40502",11,5
"2015","40503",36,18
"2015","40504",9,3
"2015","40505",4,1
"2015","40506",7,13
"2015","40507",21,4
"2015","40508",47,6
"2015","40509",13,9
"2015","40510",12,9
"2015","40511",38,9
"2015","40512",1,2
"2015","40601",77,45
"2015","40602",4,2
"2015","40603",24,8
"2015","40604",6,7
"2015","40605",1,0
"2015","40606",3,0
"2015","40607",21,9
"2015","40608",10,0
"2015","40609",14,3
"2015","40610",10,5
"2015","40611",5,1
"2015","40612",12,8
"2015","40613",5,3
"2015","40614",38,10
"2015","40615",31,17
"2015","40616",9,1
"2015","40617",5,1
"2015","40618",15,10
"2015","40619",8,2
"2015","40620",13,4
"2015","40621",2,3
"2015","40622",8,4
"2015","40623",4,4
"2015","40624",36,11
"2015","40625",1,0
"2015","40626",12,2
"2015","40627",33,11
"2015","40701",120,53
"2015","40702",68,33
"2015","40703",218,75
"2015","40704",91,44
"2015","40705",355,135
"2015","40706",39,14
"2015","40707",38,18
"2015","40708",14,3
"2015","40709",22,14
"2015","40710",6,2
"2015","40711",130,51
"2015","40712",33,12
"2015","40713",190,19
"2015","40714",69,44
"2015","40715",14,7
"2015","40716",14,1
"2015","40717",46,36
"2015","40718",21,4
"2015","40719",53,19
"2015","40720",64,32
"2015","40801",8,8
"2015","40802",89,41
"2015","40804",NA,NA
"2015","40805",152,111
"2015","40806",28,9
"2015","40807",9,6
"2015","40808",88,38
"2015","40809",27,14
"2015","40810",4,2
"2015","40811",15,4
"2015","40812",18,6
"2015","40813",10,5
"2015","40814",2,3
"2015","40815",7,1
"2015","40816",9,5
"2015","40817",10,1
"2015","40818",14,5
"2015","40820",NA,NA
"2015","40821",7,7
"2015","40822",12,4
"2015","40823",6,2
"2015","40824",7,2
"2015","40825",7,5
"2015","40826",4,1
"2015","40827",24,4
"2015","40828",NA,NA
"2015","40829",11,1
"2015","40830",4,1
"2015","40831",62,10
"2015","40832",28,13
"2015","40833",19,7
"2015","40834",1,2
"2015","40835",46,8
"2015","40901",11,2
"2015","40902",46,21
"2015","40903",38,6
"2015","40904",10,6
"2015","40905",57,28
"2015","40906",20,6
"2015","40907",98,22
"2015","40908",52,36
"2015","40909",19,3
"2015","40910",19,12
"2015","40911",3,2
"2015","40912",38,12
"2015","40913",44,14
"2015","40914",18,5
"2015","40915",12,6
"2015","40916",10,4
"2015","40917",96,22
"2015","40918",40,31
"2015","40919",3,5
"2015","40920",13,8
"2015","40921",8,3
"2015","40922",26,7
"2015","40923",29,16
"2015","41001",16,4
"2015","41002",329,193
"2015","41003",77,53
"2015","41004",5,2
"2015","41005",270,132
"2015","41006",2,3
"2015","41007",280,36
"2015","41008",13,4
"2015","41009",68,62
"2015","41010",23,10
"2015","41011",52,24
"2015","41012",370,209
"2015","41013",39,27
"2015","41014",77,22
"2015","41015",23,5
"2015","41016",22,7
"2015","41017",145,75
"2015","41018",9,14
"2015","41019",12,10
"2015","41020",26,18
"2015","41021",507,273
"2015","41022",141,44
"2015","41101",1,1
"2015","41102",5,3
"2015","41103",19,11
"2015","41104",12,1
"2015","41105",43,14
"2015","41106",11,3
"2015","41107",3,3
"2015","41108",1627,140
"2015","41109",29,11
"2015","41110",44,5
"2015","41111",54,81
"2015","41112",33,20
"2015","41113",24,13
"2015","41114",70,18
"2015","41115",8,3
"2015","41116",120,50
"2015","41117",1,4
"2015","41118",3,8
"2015","41119",10,0
"2015","41120",42,9
"2015","41121",37,9
"2015","41122",0,4
"2015","41123",25,4
"2015","41124",84,31
"2015","41125",5,7
"2015","41126",15,4
"2015","41201",3,4
"2015","41202",15,7
"2015","41203",30,12
"2015","41204",33,9
"2015","41205",3,3
"2015","41206",0,1
"2015","41207",65,29
"2015","41208",6,3
"2015","41209",19,0
"2015","41210",3,3
"2015","41211",3,1
"2015","41212",16,6
"2015","41213",12,5
"2015","41214",23,10
"2015","41215",6,3
"2015","41216",1,2
"2015","41217",2,2
"2015","41218",24,8
"2015","41219",79,43
"2015","41220",18,16
"2015","41221",7,0
"2015","41222",0,1
"2015","41223",3,6
"2015","41224",42,16
"2015","41225",308,201
"2015","41226",2,4
"2015","41227",2,1
"2015","41228",54,15
"2015","41229",12,7
"2015","41230",24,9
"2015","41231",4,5
"2015","41232",4,4
"2015","41233",5,4
"2015","41234",10,4
"2015","41235",4,4
"2015","41236",2,2
"2015","41304",5,2
"2015","41305",5,3
"2015","41306",1,0
"2015","41307",0,2
"2015","41309",18,8
"2015","41311",1,0
"2015","41312",27,4
"2015","41313",4,1
"2015","41314",2,1
"2015","41315",54,2
"2015","41316",2,4
"2015","41317",10,6
"2015","41318",4,6
"2015","41319",3,1
"2015","41320",NA,NA
"2015","41321",20,7
"2015","41322",NA,NA
"2015","41323",6,3
"2015","41324",10,7
"2015","41325",7,1
"2015","41326",0,1
"2015","41327",7,7
"2015","41328",34,7
"2015","41329",26,2
"2015","41331",1,4
"2015","41332",5,7
"2015","41333",5,1
"2015","41334",2,3
"2015","41336",4,0
"2015","41337",3,3
"2015","41338",4,5
"2015","41341",26,14
"2015","41342",14,17
"2015","41343",14,5
"2015","41344",44,36
"2015","41345",12,3
"2015","41346",1,2
"2015","41401",5,0
"2015","41402",29,11
"2015","41403",23,21
"2015","41404",3,7
"2015","41405",16,1
"2015","41406",22,2
"2015","41407",24,7
"2015","41408",3,4
"2015","41409",17,13
"2015","41410",56,48
"2015","41411",10,7
"2015","41412",1,1
"2015","41413",17,8
"2015","41414",33,14
"2015","41415",3,4
"2015","41416",10,5
"2015","41417",4,4
"2015","41418",47,25
"2015","41419",15,6
"2015","41420",9,5
"2015","41421",9,2
"2015","41422",119,88
"2015","41423",49,29
"2015","41424",23,10
"2015","41425",35,92
"2015","41426",16,3
"2015","41427",19,21
"2015","41428",15,7
"2015","41429",36,27
"2015","41430",14,8
"2015","41501",5,3
"2015","41502",8,3
"2015","41503",94,29
"2015","41504",23,9
"2015","41505",14,3
"2015","41506",62,51
"2015","41507",32,27
"2015","41508",1,2
"2015","41509",13,1
"2015","41510",2,0
"2015","41511",7,5
"2015","41512",5,3
"2015","41513",12,1
"2015","41514",10,10
"2015","41515",28,7
"2015","41516",113,59
"2015","41517",42,15
"2015","41518",22,16
"2015","41521",16,9
"2015","41522",79,21
"2015","41601",7,5
"2015","41602",29,12
"2015","41603",39,18
"2015","41604",7,1
"2015","41605",60,38
"2015","41606",115,17
"2015","41607",56,20
"2015","41608",3,3
"2015","41609",23,13
"2015","41610",2,2
"2015","41611",19,5
"2015","41612",1,2
"2015","41613",26,9
"2015","41614",27,12
"2015","41615",11,13
"2015","41616",NA,NA
"2015","41617",43,19
"2015","41618",31,32
"2015","41619",19,1
"2015","41620",22,7
"2015","41621",8,3
"2015","41622",7,8
"2015","41623",6,1
"2015","41624",147,30
"2015","41626",18,28
"2015","41627",6,5
"2015","41628",8,3
"2015","41701",64,27
"2015","41702",27,6
"2015","41703",172,53
"2015","41704",6,2
"2015","41705",8,4
"2015","41706",15,8
"2015","41707",10,1
"2015","41708",6,1
"2015","41709",59,21
"2015","41710",63,23
"2015","41711",9,10
"2015","41712",35,3
"2015","41713",45,21
"2015","41714",8,2
"2015","41715",280,56
"2015","41716",7,8
"2015","41717",19,6
"2015","41718",8,6
"2015","41719",30,9
"2015","41720",7,1
"2015","41721",7,0
"2015","41722",58,23
"2015","41723",20,0
"2015","41724",3,1
"2015","41725",NA,NA
"2015","41726",15,3
"2015","41727",30,9
"2015","41728",3,0
"2015","41729",6,0
"2015","41730",8,8
"2015","41731",42,28
"2015","41732",11,13
"2015","41733",1,0
"2015","41734",4459,136
"2015","41735",21,16
"2015","41736",9,3
"2015","41737",20,16
"2015","41738",134,58
"2015","41739",58,19
"2015","41740",122,12
"2015","41741",14,17
"2015","41742",77,32
"2015","41743",147,95
"2015","41744",22,1
"2015","41745",22,12
"2015","41746",213,97
"2015","41747",78,21
"2015","41748",0,2
"2015","41749",12,10
"2015","41750",36,9
"2015","41751",42,9
"2015","41752",14,11
"2015","41801",1,1
"2015","41802",8,4
"2015","41803",15,9
"2015","41804",69,29
"2015","41805",13,3
"2015","41806",12,10
"2015","41807",2,5
"2015","41808",57,37
"2015","41809",6,9
"2015","41810",8,1
"2015","41811",89,58
"2015","41812",193,83
"2015","41813",6,2
"2015","41814",9,7
"2015","41815",1,1
"2015","41816",32,6
"2015","41817",41,47
"2015","41818",11,2
"2015","41819",11,8
"2015","41820",118,50
"2015","41821",24,9
"2015","41822",13,9
"2015","41823",75,29
"2015","41824",43,23
"2015","50101",6682,3236
"2015","50201",107,37
"2015","50202",19,17
"2015","50203",59,34
"2015","50204",60,39
"2015","50205",321,199
"2015","50206",3,3
"2015","50207",168,43
"2015","50208",57,28
"2015","50209",139,129
"2015","50210",9,1
"2015","50211",3,6
"2015","50212",2,4
"2015","50213",19,18
"2015","50301",83,59
"2015","50302",43,29
"2015","50303",63,42
"2015","50304",66,9
"2015","50305",41,35
"2015","50306",14,6
"2015","50307",14,10
"2015","50308",40,24
"2015","50309",68,60
"2015","50310",71,54
"2015","50311",17,16
"2015","50312",91,44
"2015","50313",4,4
"2015","50314",148,109
"2015","50315",70,38
"2015","50316",43,30
"2015","50317",50,32
"2015","50318",6,3
"2015","50319",79,40
"2015","50320",18,27
"2015","50321",29,14
"2015","50322",40,28
"2015","50323",24,32
"2015","50324",111,73
"2015","50325",25,20
"2015","50326",146,75
"2015","50327",58,36
"2015","50328",14,11
"2015","50329",18,15
"2015","50330",137,86
"2015","50331",14,6
"2015","50332",30,14
"2015","50335",110,53
"2015","50336",28,13
"2015","50337",113,37
"2015","50338",789,140
"2015","50339",127,58
"2015","50401",81,23
"2015","50402",130,41
"2015","50403",187,101
"2015","50404",130,71
"2015","50405",18,11
"2015","50406",20,20
"2015","50407",32,13
"2015","50408",41,17
"2015","50409",2,13
"2015","50410",18,12
"2015","50411",35,39
"2015","50412",14,6
"2015","50413",14,6
"2015","50414",5,4
"2015","50415",30,12
"2015","50416",25,12
"2015","50417",111,53
"2015","50418",230,148
"2015","50419",29,17
"2015","50420",26,21
"2015","50421",38,33
"2015","50422",13,11
"2015","50423",55,38
"2015","50424",33,31
"2015","50425",21,19
"2015","50501",0,3
"2015","50502",4,5
"2015","50503",31,22
"2015","50504",21,26
"2015","50505",1,0
"2015","50506",31,19
"2015","50507",1,2
"2015","50508",6,4
"2015","50509",89,26
"2015","50510",84,22
"2015","50511",0,2
"2015","50512",23,17
"2015","50513",10,0
"2015","50514",1,2
"2015","50515",5,6
"2015","50601",18,8
"2015","50602",111,36
"2015","50603",6,2
"2015","50604",19,16
"2015","50605",9,8
"2015","50606",126,51
"2015","50607",20,7
"2015","50608",30,6
"2015","50609",78,40
"2015","50610",114,17
"2015","50611",34,14
"2015","50612",42,24
"2015","50613",84,62
"2015","50614",22,16
"2015","50615",23,11
"2015","50616",49,33
"2015","50617",29,18
"2015","50618",74,50
"2015","50619",347,114
"2015","50620",22,9
"2015","50621",8,1
"2015","50622",27,18
"2015","50623",59,22
"2015","50624",21,10
"2015","50625",12,6
"2015","50626",27,13
"2015","50627",6,5
"2015","50628",309,175
"2015","60101",9063,5224
"2015","60305",7,9
"2015","60318",32,23
"2015","60323",6,0
"2015","60324",15,8
"2015","60326",5,2
"2015","60329",23,2
"2015","60341",66,21
"2015","60344",141,51
"2015","60345",83,15
"2015","60346",47,17
"2015","60347",15,7
"2015","60348",64,21
"2015","60349",11,10
"2015","60350",24,19
"2015","60351",29,9
"2015","60608",100,68
"2015","60611",45,33
"2015","60613",105,37
"2015","60617",83,40
"2015","60618",12,2
"2015","60619",57,14
"2015","60623",16,9
"2015","60624",107,52
"2015","60626",23,3
"2015","60628",29,10
"2015","60629",28,29
"2015","60632",41,17
"2015","60639",8,7
"2015","60641",2,5
"2015","60642",18,3
"2015","60645",52,18
"2015","60646",20,16
"2015","60647",3,0
"2015","60648",45,15
"2015","60651",15,11
"2015","60653",23,14
"2015","60654",26,6
"2015","60655",10,6
"2015","60656",10,7
"2015","60659",60,32
"2015","60660",50,42
"2015","60661",58,42
"2015","60662",37,8
"2015","60663",52,31
"2015","60664",147,87
"2015","60665",69,21
"2015","60666",9,6
"2015","60667",41,15
"2015","60668",17,6
"2015","60669",161,77
"2015","60670",77,49
"2015","61001",4,2
"2015","61002",41,19
"2015","61007",4,8
"2015","61008",32,3
"2015","61012",19,13
"2015","61013",31,5
"2015","61016",2,5
"2015","61017",34,4
"2015","61019",24,17
"2015","61020",9,3
"2015","61021",46,20
"2015","61024",85,3
"2015","61027",7,6
"2015","61030",9,0
"2015","61032",8,3
"2015","61033",4,2
"2015","61043",15,13
"2015","61045",59,29
"2015","61049",93,15
"2015","61050",15,10
"2015","61051",34,11
"2015","61052",20,6
"2015","61053",222,70
"2015","61054",18,13
"2015","61055",7,2
"2015","61057",14,10
"2015","61059",202,30
"2015","61060",29,14
"2015","61061",174,56
"2015","61101",58,12
"2015","61105",13,7
"2015","61106",15,2
"2015","61107",0,3
"2015","61108",1252,503
"2015","61109",10,2
"2015","61110",14,4
"2015","61111",3,1
"2015","61112",1,2
"2015","61113",57,12
"2015","61114",15,4
"2015","61115",5,3
"2015","61116",4,4
"2015","61118",75,23
"2015","61119",4,2
"2015","61120",89,35
"2015","61203",18,2
"2015","61204",17,19
"2015","61205",3,5
"2015","61206",1,0
"2015","61207",65,43
"2015","61213",38,28
"2015","61215",7,4
"2015","61217",63,15
"2015","61222",7,5
"2015","61236",60,22
"2015","61243",38,3
"2015","61247",26,7
"2015","61251",1,0
"2015","61252",2,1
"2015","61253",57,37
"2015","61254",30,7
"2015","61255",96,58
"2015","61256",10,3
"2015","61257",24,19
"2015","61258",11,19
"2015","61259",153,45
"2015","61260",14,3
"2015","61261",6,9
"2015","61262",25,17
"2015","61263",80,38
"2015","61264",14,7
"2015","61265",167,80
"2015","61266",2,4
"2015","61267",56,28
"2015","61410",2,1
"2015","61413",0,1
"2015","61425",53,13
"2015","61428",24,0
"2015","61437",2,3
"2015","61438",50,26
"2015","61439",96,14
"2015","61440",8,7
"2015","61441",3,2
"2015","61442",17,19
"2015","61443",24,6
"2015","61444",27,8
"2015","61445",22,27
"2015","61446",7,2
"2015","61611",2,7
"2015","61612",38,16
"2015","61615",16,12
"2015","61618",70,15
"2015","61621",12,5
"2015","61624",13,9
"2015","61625",143,34
"2015","61626",76,16
"2015","61627",41,12
"2015","61628",5,3
"2015","61629",9,0
"2015","61630",10,9
"2015","61631",143,52
"2015","61632",28,15
"2015","61633",42,21
"2015","61701",27,8
"2015","61708",2,0
"2015","61710",4,3
"2015","61711",2,1
"2015","61716",37,11
"2015","61719",36,12
"2015","61727",9,6
"2015","61728",1,0
"2015","61729",8,5
"2015","61730",11,1
"2015","61731",3,4
"2015","61740",1,2
"2015","61741",9,2
"2015","61743",2,4
"2015","61744",29,4
"2015","61745",1,5
"2015","61746",17,10
"2015","61748",18,9
"2015","61750",27,0
"2015","61751",23,9
"2015","61756",52,11
"2015","61757",41,15
"2015","61758",11,9
"2015","61759",2,6
"2015","61760",133,69
"2015","61761",4,2
"2015","61762",7,5
"2015","61763",76,25
"2015","61764",5,7
"2015","61765",37,18
"2015","61766",181,88
"2015","62007",44,32
"2015","62008",6,15
"2015","62010",17,2
"2015","62014",7,6
"2015","62021",0,1
"2015","62026",2,5
"2015","62032",26,8
"2015","62034",6,5
"2015","62036",4,18
"2015","62038",221,70
"2015","62039",7,1
"2015","62040",213,90
"2015","62041",282,134
"2015","62042",12,11
"2015","62043",18,15
"2015","62044",64,22
"2015","62045",48,10
"2015","62046",17,5
"2015","62047",65,32
"2015","62048",17,11
"2015","62105",4,5
"2015","62115",11,6
"2015","62116",10,2
"2015","62125",16,9
"2015","62128",22,5
"2015","62131",545,39
"2015","62132",3,0
"2015","62135",6,2
"2015","62138",46,9
"2015","62139",215,125
"2015","62140",348,239
"2015","62141",35,21
"2015","62142",72,36
"2015","62143",122,58
"2015","62144",158,50
"2015","62145",81,30
"2015","62146",53,27
"2015","62147",19,16
"2015","62148",23,13
"2015","62202",52,12
"2015","62205",4,6
"2015","62206",5,4
"2015","62209",4,6
"2015","62211",39,19
"2015","62214",92,16
"2015","62216",12,13
"2015","62219",55,37
"2015","62220",54,19
"2015","62226",74,33
"2015","62232",6,10
"2015","62233",32,13
"2015","62235",24,22
"2015","62242",3,6
"2015","62244",14,9
"2015","62245",0,2
"2015","62247",41,13
"2015","62256",17,4
"2015","62262",18,6
"2015","62264",58,9
"2015","62265",9,6
"2015","62266",5,4
"2015","62268",13,14
"2015","62269",96,12
"2015","62270",1,7
"2015","62271",20,18
"2015","62272",63,18
"2015","62273",11,7
"2015","62274",25,13
"2015","62275",12,14
"2015","62276",11,6
"2015","62277",38,3
"2015","62278",25,18
"2015","62279",9,7
"2015","62280",89,70
"2015","62311",8,10
"2015","62314",4,6
"2015","62326",14,0
"2015","62330",4,5
"2015","62332",4,3
"2015","62335",6,1
"2015","62343",3,2
"2015","62368",13,1
"2015","62372",2,3
"2015","62375",89,29
"2015","62376",73,22
"2015","62377",6,3
"2015","62378",592,30
"2015","62379",225,78
"2015","62380",16,10
"2015","62381",16,11
"2015","62382",42,17
"2015","62383",81,24
"2015","62384",3,6
"2015","62385",10,3
"2015","62386",51,10
"2015","62387",9,12
"2015","62388",30,3
"2015","62389",13,9
"2015","62390",67,17
"2015","70101",6567,3152
"2015","70201",21,12
"2015","70202",36,39
"2015","70203",221,83
"2015","70204",2,2
"2015","70205",54,54
"2015","70206",3,0
"2015","70207",2,3
"2015","70208",83,66
"2015","70209",39,38
"2015","70210",5,2
"2015","70211",55,18
"2015","70212",11,10
"2015","70213",35,9
"2015","70214",56,31
"2015","70215",5,8
"2015","70216",25,11
"2015","70217",24,14
"2015","70218",58,15
"2015","70219",15,30
"2015","70220",216,242
"2015","70221",28,7
"2015","70222",23,8
"2015","70223",71,21
"2015","70224",21,7
"2015","70301",74,34
"2015","70302",48,41
"2015","70303",50,24
"2015","70304",67,42
"2015","70305",33,20
"2015","70306",28,17
"2015","70307",3,3
"2015","70308",4,4
"2015","70309",15,14
"2015","70310",54,44
"2015","70311",6,2
"2015","70312",205,47
"2015","70313",34,21
"2015","70314",4,3
"2015","70315",21,11
"2015","70317",6,2
"2015","70318",13,6
"2015","70319",47,26
"2015","70320",30,18
"2015","70322",12,18
"2015","70323",8,4
"2015","70325",11,11
"2015","70326",79,66
"2015","70328",63,34
"2015","70329",127,25
"2015","70331",23,20
"2015","70332",29,14
"2015","70333",3,6
"2015","70334",84,52
"2015","70335",13,9
"2015","70336",2,3
"2015","70337",35,29
"2015","70338",10,14
"2015","70339",8,9
"2015","70340",11,14
"2015","70342",14,15
"2015","70343",19,19
"2015","70344",79,27
"2015","70345",20,17
"2015","70346",89,62
"2015","70347",3,0
"2015","70348",60,21
"2015","70349",1,1
"2015","70350",36,26
"2015","70351",147,99
"2015","70352",10,6
"2015","70353",32,17
"2015","70354",258,180
"2015","70355",41,32
"2015","70356",12,16
"2015","70357",207,167
"2015","70358",48,39
"2015","70359",3,1
"2015","70360",19,11
"2015","70361",5,2
"2015","70362",8,1
"2015","70364",88,50
"2015","70365",45,23
"2015","70366",3,6
"2015","70367",86,31
"2015","70368",19,5
"2015","70369",162,112
"2015","70370",45,22
"2015","70401",25,19
"2015","70402",33,40
"2015","70403",664,118
"2015","70404",33,35
"2015","70405",8,6
"2015","70406",87,44
"2015","70407",13,7
"2015","70408",46,35
"2015","70409",113,59
"2015","70410",72,48
"2015","70411",278,144
"2015","70412",143,43
"2015","70413",43,26
"2015","70414",26,28
"2015","70415",7,4
"2015","70416",166,84
"2015","70417",36,19
"2015","70418",37,8
"2015","70419",34,16
"2015","70420",48,23
"2015","70501",20,23
"2015","70502",11,9
"2015","70503",55,28
"2015","70504",8,3
"2015","70505",42,33
"2015","70506",27,28
"2015","70508",95,65
"2015","70509",77,48
"2015","70510",56,36
"2015","70511",100,73
"2015","70512",53,24
"2015","70513",632,439
"2015","70514",39,19
"2015","70515",57,33
"2015","70516",6,5
"2015","70517",18,19
"2015","70518",28,35
"2015","70519",23,12
"2015","70520",24,23
"2015","70521",9,6
"2015","70522",76,35
"2015","70523",5,3
"2015","70524",25,22
"2015","70525",47,18
"2015","70526",52,32
"2015","70527",34,46
"2015","70528",19,4
"2015","70529",60,20
"2015","70530",60,40
"2015","70531",265,144
"2015","70601",0,1
"2015","70602",1,2
"2015","70603",101,79
"2015","70604",34,9
"2015","70605",10,7
"2015","70606",23,18
"2015","70607",16,4
"2015","70608",61,39
"2015","70609",8,6
"2015","70610",NA,NA
"2015","70611",7,6
"2015","70612",4,6
"2015","70613",5,5
"2015","70614",87,69
"2015","70615",26,26
"2015","70616",17,20
"2015","70617",45,19
"2015","70618",7,4
"2015","70619",29,12
"2015","70620",19,8
"2015","70621",34,63
"2015","70622",17,22
"2015","70623",20,9
"2015","70624",28,11
"2015","70625",3,0
"2015","70626",4,1
"2015","70627",11,3
"2015","70628",2,6
"2015","70629",14,8
"2015","70630",52,19
"2015","70701",1,1
"2015","70702",1,0
"2015","70703",9,2
"2015","70704",9,7
"2015","70705",5,8
"2015","70706",2,1
"2015","70707",38,15
"2015","70708",2,3
"2015","70709",2,1
"2015","70710",5,12
"2015","70711",7,4
"2015","70712",7,7
"2015","70713",4,0
"2015","70714",4,2
"2015","70715",0,2
"2015","70716",219,60
"2015","70717",8,3
"2015","70718",1,3
"2015","70719",14,6
"2015","70720",4,8
"2015","70721",5,1
"2015","70723",16,2
"2015","70724",3,4
"2015","70725",11,2
"2015","70726",1,1
"2015","70727",2,1
"2015","70728",32,8
"2015","70729",2,2
"2015","70731",1,1
"2015","70732",5,2
"2015","70733",4,0
"2015","70734",7,4
"2015","70735",4,4
"2015","70801",12,8
"2015","70802",26,3
"2015","70803",8,5
"2015","70804",7,6
"2015","70805",66,39
"2015","70806",8,4
"2015","70807",89,37
"2015","70808",27,8
"2015","70809",1,1
"2015","70810",0,2
"2015","70811",33,8
"2015","70812",6,0
"2015","70813",3,1
"2015","70814",13,8
"2015","70815",NA,NA
"2015","70816",15,4
"2015","70817",6,4
"2015","70818",33,29
"2015","70819",0,3
"2015","70820",36,24
"2015","70821",45,22
"2015","70822",4,6
"2015","70823",3,2
"2015","70824",11,13
"2015","70825",1,0
"2015","70826",33,16
"2015","70827",10,6
"2015","70828",110,63
"2015","70829",8,1
"2015","70830",4,8
"2015","70831",4,4
"2015","70832",28,14
"2015","70833",22,28
"2015","70834",3,3
"2015","70835",22,3
"2015","70836",11,13
"2015","70837",7,0
"2015","70901",94,32
"2015","70902",25,10
"2015","70903",1,2
"2015","70904",8,2
"2015","70905",12,9
"2015","70907",133,63
"2015","70908",31,26
"2015","70909",80,63
"2015","70910",12,15
"2015","70911",1,3
"2015","70912",36,12
"2015","70913",2,4
"2015","70914",9,1
"2015","70915",19,12
"2015","70916",20,23
"2015","70917",141,73
"2015","70918",24,21
"2015","70920",145,136
"2015","70921",5,6
"2015","70922",23,11
"2015","70923",18,10
"2015","70924",1,4
"2015","70925",31,12
"2015","70926",176,117
"2015","70927",42,55
"2015","70928",25,15
"2015","70929",5,5
"2015","70930",8,2
"2015","70931",8,14
"2015","70932",4,1
"2015","70933",25,24
"2015","70934",57,43
"2015","70935",23,18
"2015","70936",172,45
"2015","70937",21,13
"2015","70938",74,18
"2015","70939",26,10
"2015","70940",13,13
"2015","70941",3,5
"2015","80101",34,17
"2015","80102",19,6
"2015","80103",277,170
"2015","80104",27,18
"2015","80105",33,29
"2015","80106",41,10
"2015","80107",15,9
"2015","80108",42,25
"2015","80109",3,2
"2015","80110",38,21
"2015","80111",13,17
"2015","80112",13,9
"2015","80113",59,48
"2015","80114",15,11
"2015","80115",58,43
"2015","80116",123,57
"2015","80117",59,43
"2015","80118",24,13
"2015","80119",18,15
"2015","80120",81,20
"2015","80121",24,8
"2015","80122",162,48
"2015","80123",8,3
"2015","80124",27,8
"2015","80125",1,1
"2015","80126",83,12
"2015","80127",5,7
"2015","80128",50,21
"2015","80129",32,28
"2015","80201",50,30
"2015","80202",26,14
"2015","80203",21,11
"2015","80204",58,29
"2015","80205",6,3
"2015","80206",12,8
"2015","80207",759,455
"2015","80208",6,8
"2015","80209",8,4
"2015","80210",32,8
"2015","80211",35,22
"2015","80212",9,3
"2015","80213",41,36
"2015","80214",15,19
"2015","80215",288,144
"2015","80216",63,21
"2015","80217",121,87
"2015","80218",95,73
"2015","80219",19,24
"2015","80220",52,22
"2015","80221",26,11
"2015","80222",10,14
"2015","80223",25,21
"2015","80224",146,119
"2015","80225",36,6
"2015","80226",114,105
"2015","80227",17,7
"2015","80228",377,307
"2015","80229",14,3
"2015","80230",29,7
"2015","80231",19,11
"2015","80232",14,10
"2015","80233",23,5
"2015","80234",8,4
"2015","80235",56,34
"2015","80236",43,21
"2015","80237",2,8
"2015","80238",63,22
"2015","80239",6,5
"2015","80240",141,89
"2015","80301",1353,742
"2015","80302",215,217
"2015","80303",396,297
"2015","80401",53,48
"2015","80402",9,3
"2015","80403",6,1
"2015","80404",995,598
"2015","80405",102,64
"2015","80406",12,10
"2015","80407",27,21
"2015","80408",527,111
"2015","80409",79,33
"2015","80410",55,42
"2015","80411",1,4
"2015","80412",55,39
"2015","80413",34,28
"2015","80414",152,131
"2015","80415",12,9
"2015","80416",32,19
"2015","80417",29,25
"2015","80418",48,24
"2015","80419",19,12
"2015","80420",67,24
"2015","80421",4,8
"2015","80422",2,0
"2015","80423",25,24
"2015","80424",64,47
"2015","90101",771,507
"2015","90201",5425,3128
"2015","90301",5031,2333
"2015","90401",1811,941
"2015","90501",2718,1647
"2015","90601",1734,1028
"2015","90701",1764,1065
"2015","90801",2935,1399
"2015","90901",6199,1568
"2015","91001",7988,4160
"2015","91101",3034,1709
"2015","91201",3639,1876
"2015","91301",2221,724
"2015","91401",3054,1339
"2015","91501",5213,2958
"2015","91601",4605,2579
"2015","91701",2683,1670
"2015","91801",2210,1215
"2015","91901",2768,1449
"2015","92001",3767,2342
"2015","92101",3335,1650
"2015","92201",3491,1957
"2015","92301",1667,877
"2016","10101",375,289
"2016","10201",10,9
"2016","10301",12,15
"2016","10302",9,3
"2016","10303",19,6
"2016","10304",21,22
"2016","10305",122,43
"2016","10306",1,2
"2016","10307",13,15
"2016","10308",3,3
"2016","10309",25,17
"2016","10310",6,2
"2016","10311",5,4
"2016","10312",30,15
"2016","10313",10,5
"2016","10314",10,13
"2016","10315",20,29
"2016","10316",18,29
"2016","10317",11,4
"2016","10318",12,11
"2016","10319",6,6
"2016","10320",0,1
"2016","10321",3,14
"2016","10322",7,5
"2016","10323",6,4
"2016","10401",1,0
"2016","10402",3,2
"2016","10403",5,9
"2016","10404",3,5
"2016","10405",44,70
"2016","10406",13,9
"2016","10407",9,10
"2016","10408",9,9
"2016","10409",1,4
"2016","10410",2,1
"2016","10411",6,10
"2016","10412",2,4
"2016","10413",2,6
"2016","10414",34,17
"2016","10415",15,17
"2016","10416",2,10
"2016","10417",18,38
"2016","10418",1,1
"2016","10419",14,18
"2016","10420",0,1
"2016","10421",1,0
"2016","10422",NA,NA
"2016","10423",0,2
"2016","10424",NA,NA
"2016","10425",2,1
"2016","10426",8,2
"2016","10427",5,3
"2016","10428",7,1
"2016","10501",5,4
"2016","10502",9,24
"2016","10503",17,9
"2016","10504",39,13
"2016","10505",3,8
"2016","10506",19,13
"2016","10507",6,9
"2016","10508",13,20
"2016","10509",10,6
"2016","10510",2,5
"2016","10511",7,4
"2016","10512",5,0
"2016","10601",8,22
"2016","10602",11,14
"2016","10603",7,0
"2016","10604",6,10
"2016","10605",8,12
"2016","10606",35,28
"2016","10607",24,38
"2016","10608",0,2
"2016","10609",11,6
"2016","10610",16,13
"2016","10611",15,20
"2016","10612",15,38
"2016","10613",16,13
"2016","10614",6,2
"2016","10615",11,12
"2016","10616",2,4
"2016","10617",3,4
"2016","10618",25,40
"2016","10619",5,6
"2016","10701",9,14
"2016","10702",6,1
"2016","10703",196,42
"2016","10704",17,8
"2016","10705",39,15
"2016","10706",27,5
"2016","10707",34,26
"2016","10708",7,4
"2016","10709",10,5
"2016","10710",21,10
"2016","10711",121,48
"2016","10712",11,15
"2016","10713",120,82
"2016","10714",42,32
"2016","10715",23,14
"2016","10716",5,10
"2016","10717",57,30
"2016","10718",22,10
"2016","10719",5,3
"2016","10720",18,17
"2016","10721",12,8
"2016","10722",16,21
"2016","10723",8,6
"2016","10724",55,18
"2016","10725",9,2
"2016","10726",377,13
"2016","10727",28,4
"2016","10801",26,16
"2016","10802",8,3
"2016","10803",5,3
"2016","10804",11,2
"2016","10805",15,18
"2016","10806",5,3
"2016","10807",9,6
"2016","10808",14,5
"2016","10809",18,2
"2016","10810",6,10
"2016","10811",9,5
"2016","10812",5,5
"2016","10813",7,2
"2016","10814",2,5
"2016","10815",10,8
"2016","10816",30,37
"2016","10817",4,1
"2016","10818",0,1
"2016","10819",2,2
"2016","10820",9,6
"2016","10821",6,4
"2016","10822",14,22
"2016","10823",12,2
"2016","10824",2,5
"2016","10825",20,14
"2016","10826",4,3
"2016","10827",NA,NA
"2016","10828",2,1
"2016","10901",20,16
"2016","10902",17,31
"2016","10903",5,4
"2016","10904",1,8
"2016","10905",14,22
"2016","10906",5,2
"2016","10907",5,11
"2016","10908",21,4
"2016","10909",4,7
"2016","10910",6,4
"2016","10911",7,0
"2016","10912",24,8
"2016","10913",5,3
"2016","10914",4,5
"2016","10915",2,3
"2016","10916",20,23
"2016","10917",103,54
"2016","10918",66,49
"2016","10919",53,26
"2016","10920",3,5
"2016","10921",6,4
"2016","10922",18,15
"2016","10923",20,2
"2016","10924",1,0
"2016","10925",15,13
"2016","10926",8,2
"2016","10927",5,6
"2016","10928",20,23
"2016","10929",1,0
"2016","10930",20,2
"2016","10931",0,2
"2016","10932",10,7
"2016","20101",4023,1580
"2016","20201",1090,623
"2016","20302",10,2
"2016","20305",67,44
"2016","20306",23,12
"2016","20307",31,15
"2016","20316",16,6
"2016","20320",14,5
"2016","20321",5,5
"2016","20402",46,33
"2016","20403",15,18
"2016","20405",117,43
"2016","20409",14,12
"2016","20412",21,10
"2016","20414",18,9
"2016","20415",41,37
"2016","20416",11,4
"2016","20417",24,10
"2016","20418",31,9
"2016","20419",22,7
"2016","20421",21,27
"2016","20424",50,33
"2016","20425",19,16
"2016","20428",2,5
"2016","20432",47,22
"2016","20435",19,16
"2016","20441",4,0
"2016","20442",14,13
"2016","20501",733,32
"2016","20502",21,8
"2016","20503",4,0
"2016","20504",10,10
"2016","20505",25,17
"2016","20506",7,7
"2016","20508",7,4
"2016","20509",2,6
"2016","20511",11,2
"2016","20512",22,8
"2016","20513",7,9
"2016","20515",25,11
"2016","20518",13,4
"2016","20519",9,1
"2016","20520",2,5
"2016","20523",29,18
"2016","20527",130,80
"2016","20530",15,15
"2016","20531",13,17
"2016","20534",22,9
"2016","20601",54,20
"2016","20602",4,4
"2016","20603",9,5
"2016","20604",12,2
"2016","20605",3,6
"2016","20607",8,8
"2016","20608",12,3
"2016","20609",8,6
"2016","20610",5,4
"2016","20611",27,11
"2016","20613",4,0
"2016","20616",5,7
"2016","20618",15,7
"2016","20619",8,10
"2016","20620",35,22
"2016","20622",10,2
"2016","20624",2,3
"2016","20625",17,16
"2016","20627",28,30
"2016","20630",55,28
"2016","20631",8,5
"2016","20632",7,4
"2016","20633",13,1
"2016","20634",55,26
"2016","20635",132,91
"2016","20636",5,6
"2016","20637",11,9
"2016","20638",12,5
"2016","20639",5,4
"2016","20640",6,3
"2016","20642",6,7
"2016","20643",17,7
"2016","20644",9,18
"2016","20701",5,7
"2016","20702",85,54
"2016","20703",2,1
"2016","20705",28,18
"2016","20707",4,0
"2016","20708",7,2
"2016","20710",6,14
"2016","20711",267,82
"2016","20712",1,6
"2016","20713",53,40
"2016","20719",20,11
"2016","20720",22,31
"2016","20721",13,8
"2016","20722",48,31
"2016","20723",8,1
"2016","20724",49,30
"2016","20725",154,77
"2016","20726",15,17
"2016","20727",26,34
"2016","20801",92,34
"2016","20802",5,12
"2016","20803",41,28
"2016","20804",33,16
"2016","20805",18,9
"2016","20806",6,4
"2016","20807",13,2
"2016","20808",40,13
"2016","20810",11,2
"2016","20812",6,5
"2016","20813",94,66
"2016","20815",10,13
"2016","20817",88,25
"2016","20901",10,21
"2016","20905",30,14
"2016","20909",18,8
"2016","20911",3,5
"2016","20912",3,7
"2016","20913",66,24
"2016","20914",5,0
"2016","20918",8,6
"2016","20923",136,107
"2016","21001",4,10
"2016","21002",68,50
"2016","21003",14,22
"2016","21004",11,1
"2016","21005",5,7
"2016","21006",497,15
"2016","21007",12,8
"2016","21008",25,13
"2016","21009",40,31
"2016","21010",13,13
"2016","30101",510,492
"2016","30201",920,706
"2016","30301",102,47
"2016","30401",918,602
"2016","30501",18,9
"2016","30502",305,202
"2016","30503",15,16
"2016","30504",25,9
"2016","30506",11,9
"2016","30507",9,9
"2016","30508",40,23
"2016","30509",14,3
"2016","30510",6,3
"2016","30511",6,3
"2016","30512",5,1
"2016","30514",29,19
"2016","30515",7,13
"2016","30516",9,5
"2016","30517",21,15
"2016","30520",5,7
"2016","30521",8,10
"2016","30522",6,7
"2016","30524",12,21
"2016","30526",2,4
"2016","30527",22,19
"2016","30529",18,6
"2016","30530",6,12
"2016","30531",89,60
"2016","30532",15,13
"2016","30533",21,19
"2016","30534",14,9
"2016","30536",16,13
"2016","30538",10,8
"2016","30539",0,1
"2016","30541",5,4
"2016","30542",26,20
"2016","30543",9,2
"2016","30544",14,3
"2016","30601",109,47
"2016","30602",67,58
"2016","30603",186,128
"2016","30604",443,300
"2016","30605",95,62
"2016","30607",157,104
"2016","30608",18,32
"2016","30609",3,3
"2016","30612",9,26
"2016","30613",43,42
"2016","30614",10,13
"2016","30615",51,104
"2016","30616",3,9
"2016","30618",69,45
"2016","30620",25,36
"2016","30621",25,29
"2016","30623",51,42
"2016","30625",44,35
"2016","30626",78,54
"2016","30627",27,14
"2016","30629",17,15
"2016","30631",8,10
"2016","30633",11,10
"2016","30635",17,14
"2016","30636",19,20
"2016","30637",6,9
"2016","30639",1680,247
"2016","30641",64,77
"2016","30645",17,7
"2016","30646",18,13
"2016","30701",7,5
"2016","30702",82,25
"2016","30703",83,25
"2016","30704",139,123
"2016","30706",39,29
"2016","30708",8,8
"2016","30709",21,20
"2016","30710",280,157
"2016","30711",16,8
"2016","30712",7,2
"2016","30713",17,6
"2016","30715",2,2
"2016","30716",50,28
"2016","30718",11,1
"2016","30719",21,11
"2016","30721",10,10
"2016","30722",7,9
"2016","30724",15,8
"2016","30726",19,7
"2016","30728",31,31
"2016","30729",54,34
"2016","30730",87,41
"2016","30731",40,34
"2016","30732",111,55
"2016","30733",16,4
"2016","30734",33,12
"2016","30735",24,26
"2016","30736",25,23
"2016","30737",11,15
"2016","30738",12,20
"2016","30739",21,21
"2016","30740",376,267
"2016","30741",17,7
"2016","30801",2,9
"2016","30802",0,1
"2016","30803",36,27
"2016","30804",16,28
"2016","30805",5,9
"2016","30808",101,91
"2016","30810",8,6
"2016","30811",15,5
"2016","30812",6,2
"2016","30813",18,13
"2016","30814",24,19
"2016","30817",99,74
"2016","30819",1,5
"2016","30821",101,70
"2016","30822",NA,NA
"2016","30824",3,8
"2016","30825",7,2
"2016","30826",5,4
"2016","30827",37,27
"2016","30828",6,4
"2016","30829",3,2
"2016","30830",34,25
"2016","30831",34,35
"2016","30834",10,10
"2016","30835",70,55
"2016","30836",8,7
"2016","30838",10,32
"2016","30841",9,7
"2016","30842",14,16
"2016","30844",11,9
"2016","30845",10,5
"2016","30846",NA,NA
"2016","30848",6,8
"2016","30849",41,32
"2016","30850",7,5
"2016","30852",12,6
"2016","30854",4,4
"2016","30856",79,77
"2016","30857",5,5
"2016","30858",8,8
"2016","30859",2,1
"2016","30860",22,11
"2016","30863",43,40
"2016","30865",7,11
"2016","30902",4,3
"2016","30903",10,7
"2016","30904",NA,NA
"2016","30906",0,2
"2016","30908",87,23
"2016","30909",7,4
"2016","30910",3,10
"2016","30912",7,6
"2016","30913",7,1
"2016","30915",0,1
"2016","30916",43,36
"2016","30917",NA,NA
"2016","30920",5,8
"2016","30921",16,1
"2016","30925",50,16
"2016","30929",2,3
"2016","30932",12,7
"2016","30935",49,20
"2016","30939",5,2
"2016","30940",7,0
"2016","30942",4,11
"2016","31001",1,1
"2016","31008",26,37
"2016","31009",7,6
"2016","31014",5,6
"2016","31015",14,13
"2016","31016",5,2
"2016","31018",19,12
"2016","31019",5,3
"2016","31021",2,4
"2016","31022",90,174
"2016","31025",2,6
"2016","31026",5,6
"2016","31028",11,3
"2016","31033",10,3
"2016","31035",3,7
"2016","31036",3,6
"2016","31037",42,34
"2016","31038",5,11
"2016","31041",3,3
"2016","31042",7,6
"2016","31043",6,3
"2016","31051",9,14
"2016","31052",5,8
"2016","31053",16,13
"2016","31101",10,4
"2016","31102",1,0
"2016","31103",1,1
"2016","31104",8,7
"2016","31105",21,12
"2016","31106",40,19
"2016","31107",11,12
"2016","31109",72,40
"2016","31110",0,10
"2016","31111",3,0
"2016","31113",6,9
"2016","31114",2,2
"2016","31117",0,1
"2016","31119",2,1
"2016","31120",3,5
"2016","31121",9,17
"2016","31123",1,3
"2016","31124",3,2
"2016","31129",4,5
"2016","31130",9,5
"2016","31201",44,41
"2016","31202",7,9
"2016","31203",24,20
"2016","31204",8,3
"2016","31205",28,14
"2016","31206",31,22
"2016","31207",23,20
"2016","31208",20,14
"2016","31213",487,273
"2016","31214",112,65
"2016","31215",8,4
"2016","31216",32,33
"2016","31224",6,6
"2016","31226",18,16
"2016","31227",8,6
"2016","31228",6,6
"2016","31229",10,8
"2016","31230",203,118
"2016","31234",4,3
"2016","31235",89,92
"2016","31301",3,0
"2016","31302",NA,NA
"2016","31303",13,0
"2016","31304",11,1
"2016","31308",8,3
"2016","31309",13,20
"2016","31310",19,6
"2016","31311",13,13
"2016","31315",5,6
"2016","31319",1,5
"2016","31321",0,1
"2016","31322",69,32
"2016","31323",4,3
"2016","31324",3,2
"2016","31326",2,0
"2016","31327",42,28
"2016","31330",6,6
"2016","31333",12,4
"2016","31336",7,9
"2016","31337",26,7
"2016","31338",10,8
"2016","31340",8,4
"2016","31343",27,7
"2016","31344",16,14
"2016","31346",20,9
"2016","31347",8,2
"2016","31350",7,0
"2016","31351",9,4
"2016","31355",6,8
"2016","31356",3,4
"2016","31401",20,5
"2016","31402",16,10
"2016","31403",33,32
"2016","31404",24,4
"2016","31405",5,2
"2016","31406",8,2
"2016","31407",62,58
"2016","31408",24,9
"2016","31409",10,4
"2016","31410",5,3
"2016","31411",11,4
"2016","31412",28,23
"2016","31413",46,23
"2016","31414",15,19
"2016","31502",7,0
"2016","31503",15,12
"2016","31504",13,4
"2016","31505",43,16
"2016","31506",2,4
"2016","31507",13,6
"2016","31508",1,7
"2016","31509",12,5
"2016","31511",3,4
"2016","31513",10,2
"2016","31514",17,8
"2016","31515",NA,NA
"2016","31516",3,2
"2016","31517",8,7
"2016","31519",9,7
"2016","31520",29,17
"2016","31521",5,1
"2016","31522",13,17
"2016","31523",12,3
"2016","31524",103,43
"2016","31525",9,4
"2016","31527",18,14
"2016","31528",2,3
"2016","31530",16,15
"2016","31531",20,10
"2016","31533",36,25
"2016","31534",12,12
"2016","31535",1,1
"2016","31537",20,7
"2016","31539",10,13
"2016","31540",7,9
"2016","31541",4,2
"2016","31542",3,4
"2016","31543",4,1
"2016","31546",3,1
"2016","31549",92,69
"2016","31550",3,0
"2016","31551",10,14
"2016","31552",19,6
"2016","31553",29,8
"2016","31601",15,3
"2016","31603",3,4
"2016","31604",21,13
"2016","31605",3,1
"2016","31606",20,16
"2016","31608",11,2
"2016","31609",0,2
"2016","31611",8,7
"2016","31612",27,26
"2016","31613",5,4
"2016","31614",19,6
"2016","31615",7,9
"2016","31616",14,0
"2016","31617",1,4
"2016","31620",19,3
"2016","31621",6,3
"2016","31622",7,5
"2016","31627",6,6
"2016","31628",6,6
"2016","31629",46,25
"2016","31630",6,8
"2016","31633",112,51
"2016","31634",6,2
"2016","31636",1,2
"2016","31642",3,1
"2016","31644",55,43
"2016","31645",9,4
"2016","31646",6,2
"2016","31649",23,3
"2016","31650",11,11
"2016","31651",16,9
"2016","31652",4,4
"2016","31653",4,5
"2016","31654",20,25
"2016","31655",60,54
"2016","31658",1,0
"2016","31701",4,9
"2016","31702",32,33
"2016","31703",62,44
"2016","31704",125,85
"2016","31706",11,4
"2016","31707",19,12
"2016","31709",39,20
"2016","31710",127,109
"2016","31711",8,6
"2016","31712",49,19
"2016","31713",14,24
"2016","31714",7,5
"2016","31715",40,29
"2016","31716",119,81
"2016","31717",600,228
"2016","31718",12,8
"2016","31719",152,104
"2016","31723",78,46
"2016","31725",89,92
"2016","31726",25,18
"2016","31801",0,1
"2016","31802",14,4
"2016","31803",5,5
"2016","31804",6,8
"2016","31805",4,5
"2016","31806",2,2
"2016","31807",5,3
"2016","31808",13,5
"2016","31809",7,1
"2016","31810",91,39
"2016","31811",15,26
"2016","31812",15,20
"2016","31813",16,39
"2016","31814",24,17
"2016","31815",3,7
"2016","31817",11,8
"2016","31818",211,133
"2016","31820",7,9
"2016","31821",32,16
"2016","31823",22,9
"2016","31825",2,2
"2016","31826",34,17
"2016","31827",5,0
"2016","31829",179,48
"2016","31830",3,8
"2016","31831",9,9
"2016","31832",13,9
"2016","31833",13,7
"2016","31834",4,0
"2016","31835",19,31
"2016","31836",17,19
"2016","31837",9,6
"2016","31838",7,12
"2016","31839",110,88
"2016","31840",0,3
"2016","31841",5,1
"2016","31842",1,1
"2016","31843",8,7
"2016","31844",3,0
"2016","31845",10,4
"2016","31846",21,24
"2016","31847",6,6
"2016","31848",4,8
"2016","31849",2,3
"2016","31901",32,15
"2016","31902",12,15
"2016","31903",57,32
"2016","31904",20,6
"2016","31905",48,53
"2016","31906",10,8
"2016","31907",9,0
"2016","31909",8,7
"2016","31910",14,2
"2016","31911",10,18
"2016","31912",77,46
"2016","31913",4,2
"2016","31915",20,5
"2016","31916",7,10
"2016","31917",4,4
"2016","31918",23,14
"2016","31919",25,11
"2016","31920",1,2
"2016","31921",37,46
"2016","31922",23,7
"2016","31923",7,4
"2016","31925",7,2
"2016","31926",97,51
"2016","31927",19,14
"2016","31928",5,3
"2016","31929",33,26
"2016","31930",8,1
"2016","31932",23,6
"2016","31934",28,10
"2016","31935",25,20
"2016","31938",0,7
"2016","31939",2,0
"2016","31940",12,7
"2016","31941",6,15
"2016","31943",57,33
"2016","31945",9,1
"2016","31946",14,1
"2016","31947",95,48
"2016","31948",38,24
"2016","31949",53,47
"2016","31950",37,21
"2016","31951",103,60
"2016","31952",88,75
"2016","31953",27,27
"2016","31954",9,5
"2016","32001",71,30
"2016","32002",4,6
"2016","32003",28,19
"2016","32004",1,1
"2016","32005",15,1
"2016","32006",24,4
"2016","32007",9,8
"2016","32008",21,9
"2016","32009",2,1
"2016","32010",4,1
"2016","32011",0,3
"2016","32012",0,3
"2016","32013",22,10
"2016","32014",3,4
"2016","32015",4,2
"2016","32016",114,22
"2016","32017",16,7
"2016","32018",6,2
"2016","32101",34,15
"2016","32104",21,12
"2016","32106",16,7
"2016","32107",23,16
"2016","32109",1,4
"2016","32110",6,2
"2016","32112",30,35
"2016","32114",19,24
"2016","32115",12,16
"2016","32116",17,4
"2016","32119",18,7
"2016","32120",26,35
"2016","32131",86,72
"2016","32132",14,7
"2016","32134",24,16
"2016","32135",232,175
"2016","32139",5,0
"2016","32140",13,13
"2016","32141",40,38
"2016","32142",83,79
"2016","32143",6,13
"2016","32144",825,361
"2016","32202",0,2
"2016","32203",14,3
"2016","32206",1,4
"2016","32207",28,35
"2016","32209",11,2
"2016","32210",6,3
"2016","32212",2,1
"2016","32214",1,0
"2016","32216",6,7
"2016","32217",2,0
"2016","32219",5,11
"2016","32220",48,34
"2016","32221",0,1
"2016","32222",1,0
"2016","32223",0,5
"2016","32301",39,13
"2016","32302",2,3
"2016","32304",51,54
"2016","32305",54,32
"2016","32306",11,16
"2016","32307",43,28
"2016","32308",42,29
"2016","32309",5,4
"2016","32310",3,6
"2016","32311",7,9
"2016","32312",2,2
"2016","32313",17,10
"2016","32314",12,5
"2016","32315",11,11
"2016","32316",29,11
"2016","32317",1,3
"2016","32318",8,12
"2016","32319",50,20
"2016","32320",6,4
"2016","32321",5,6
"2016","32322",2,4
"2016","32323",17,14
"2016","32324",5,4
"2016","32325",11,13
"2016","32326",0,3
"2016","32327",57,45
"2016","32330",56,43
"2016","32331",13,10
"2016","32332",41,31
"2016","32333",1,1
"2016","32334",1,2
"2016","32335",NA,NA
"2016","32336",38,31
"2016","32337",62,47
"2016","32338",11,5
"2016","32501",9,12
"2016","32502",2,0
"2016","32503",NA,NA
"2016","32504",11,8
"2016","32505",14,5
"2016","32506",0,12
"2016","32508",11,18
"2016","32509",4,4
"2016","32511",11,7
"2016","32514",1,1
"2016","32515",1,4
"2016","32516",8,12
"2016","32517",13,6
"2016","32518",2,5
"2016","32519",NA,NA
"2016","32520",4,1
"2016","32521",2,1
"2016","32522",2,3
"2016","32523",4,0
"2016","32524",21,6
"2016","32525",3,11
"2016","32528",3,1
"2016","32529",2,6
"2016","32530",71,40
"2016","40101",5640,3066
"2016","40201",489,273
"2016","40301",1242,758
"2016","40401",54,28
"2016","40402",20,11
"2016","40403",5,1
"2016","40404",358,224
"2016","40405",24,17
"2016","40406",38,22
"2016","40407",9,8
"2016","40408",24,9
"2016","40409",21,20
"2016","40410",9,9
"2016","40411",2,1
"2016","40412",11,6
"2016","40413",98,46
"2016","40414",93,42
"2016","40415",5,5
"2016","40416",13,5
"2016","40417",13,5
"2016","40418",63,25
"2016","40419",21,8
"2016","40420",13,11
"2016","40421",163,88
"2016","40422",77,43
"2016","40423",11,3
"2016","40424",30,3
"2016","40425",13,10
"2016","40426",54,15
"2016","40427",9,5
"2016","40428",29,32
"2016","40429",2,4
"2016","40430",10,4
"2016","40431",36,9
"2016","40432",18,4
"2016","40433",14,9
"2016","40434",1,2
"2016","40435",1,0
"2016","40436",14,12
"2016","40437",35,29
"2016","40438",79,63
"2016","40439",2,3
"2016","40440",0,2
"2016","40441",47,16
"2016","40442",7,1
"2016","40443",15,9
"2016","40444",6,4
"2016","40445",18,13
"2016","40446",8,2
"2016","40501",51,29
"2016","40502",24,11
"2016","40503",38,22
"2016","40504",5,4
"2016","40505",7,3
"2016","40506",10,5
"2016","40507",4,6
"2016","40508",14,11
"2016","40509",11,16
"2016","40510",11,4
"2016","40511",8,9
"2016","40512",1,3
"2016","40601",60,44
"2016","40602",2,1
"2016","40603",13,4
"2016","40604",16,7
"2016","40605",9,1
"2016","40606",NA,NA
"2016","40607",5,5
"2016","40608",5,12
"2016","40609",5,7
"2016","40610",3,3
"2016","40611",3,3
"2016","40612",19,7
"2016","40613",NA,NA
"2016","40614",9,13
"2016","40615",16,13
"2016","40616",0,4
"2016","40617",1,0
"2016","40618",14,14
"2016","40619",3,9
"2016","40620",4,1
"2016","40621",3,2
"2016","40622",3,8
"2016","40623",4,1
"2016","40624",14,12
"2016","40625",1,1
"2016","40626",0,6
"2016","40627",14,24
"2016","40701",81,76
"2016","40702",64,40
"2016","40703",159,130
"2016","40704",58,30
"2016","40705",191,126
"2016","40706",35,19
"2016","40707",20,11
"2016","40708",10,4
"2016","40709",24,11
"2016","40710",8,6
"2016","40711",105,58
"2016","40712",21,8
"2016","40713",339,46
"2016","40714",48,24
"2016","40715",8,4
"2016","40716",6,0
"2016","40717",22,24
"2016","40718",12,8
"2016","40719",33,17
"2016","40720",55,35
"2016","40801",7,6
"2016","40802",76,43
"2016","40804",2,3
"2016","40805",98,62
"2016","40806",12,12
"2016","40807",2,2
"2016","40808",60,32
"2016","40809",25,20
"2016","40810",3,1
"2016","40811",16,2
"2016","40812",10,7
"2016","40813",7,5
"2016","40814",12,2
"2016","40815",3,2
"2016","40816",7,2
"2016","40817",2,5
"2016","40818",17,9
"2016","40820",NA,NA
"2016","40821",3,3
"2016","40822",12,6
"2016","40823",4,3
"2016","40824",3,3
"2016","40825",1,2
"2016","40826",NA,NA
"2016","40827",18,5
"2016","40828",2,0
"2016","40829",6,6
"2016","40830",3,1
"2016","40831",34,22
"2016","40832",16,11
"2016","40833",15,8
"2016","40834",1,1
"2016","40835",36,9
"2016","40901",14,2
"2016","40902",50,28
"2016","40903",16,9
"2016","40904",6,5
"2016","40905",53,53
"2016","40906",13,10
"2016","40907",80,34
"2016","40908",36,23
"2016","40909",17,11
"2016","40910",15,6
"2016","40911",0,2
"2016","40912",25,13
"2016","40913",26,8
"2016","40914",8,7
"2016","40915",5,5
"2016","40916",4,5
"2016","40917",23,15
"2016","40918",21,12
"2016","40919",0,1
"2016","40920",8,8
"2016","40921",7,3
"2016","40922",23,6
"2016","40923",18,18
"2016","41001",14,12
"2016","41002",340,188
"2016","41003",80,33
"2016","41004",2,1
"2016","41005",247,123
"2016","41006",8,4
"2016","41007",198,86
"2016","41008",18,8
"2016","41009",59,40
"2016","41010",18,8
"2016","41011",33,24
"2016","41012",294,199
"2016","41013",51,29
"2016","41014",76,26
"2016","41015",10,10
"2016","41016",7,14
"2016","41017",115,74
"2016","41018",3,5
"2016","41019",15,9
"2016","41020",31,34
"2016","41021",485,299
"2016","41022",73,54
"2016","41101",3,1
"2016","41102",3,2
"2016","41103",9,13
"2016","41104",1,1
"2016","41105",14,20
"2016","41106",18,4
"2016","41107",1,6
"2016","41108",925,46
"2016","41109",16,9
"2016","41110",15,17
"2016","41111",40,35
"2016","41112",13,16
"2016","41113",18,17
"2016","41114",29,16
"2016","41115",5,9
"2016","41116",76,51
"2016","41117",7,3
"2016","41118",33,11
"2016","41119",9,6
"2016","41120",21,15
"2016","41121",19,11
"2016","41122",1,0
"2016","41123",11,5
"2016","41124",69,42
"2016","41125",5,1
"2016","41126",26,2
"2016","41201",5,0
"2016","41202",14,13
"2016","41203",24,8
"2016","41204",21,13
"2016","41205",5,1
"2016","41206",7,2
"2016","41207",47,28
"2016","41208",4,8
"2016","41209",9,6
"2016","41210",12,3
"2016","41211",4,5
"2016","41212",4,9
"2016","41213",6,6
"2016","41214",11,4
"2016","41215",6,5
"2016","41216",3,1
"2016","41217",4,4
"2016","41218",16,14
"2016","41219",70,45
"2016","41220",19,2
"2016","41221",2,4
"2016","41222",2,1
"2016","41223",4,3
"2016","41224",26,9
"2016","41225",228,208
"2016","41226",10,1
"2016","41227",3,4
"2016","41228",31,23
"2016","41229",7,4
"2016","41230",6,5
"2016","41231",22,3
"2016","41232",4,2
"2016","41233",11,2
"2016","41234",10,10
"2016","41235",4,1
"2016","41236",9,0
"2016","41304",10,3
"2016","41305",NA,NA
"2016","41306",NA,NA
"2016","41307",1,1
"2016","41309",15,1
"2016","41311",6,4
"2016","41312",6,12
"2016","41313",3,2
"2016","41314",5,1
"2016","41315",3,4
"2016","41316",4,6
"2016","41317",9,5
"2016","41318",2,7
"2016","41319",3,0
"2016","41320",1,0
"2016","41321",3,12
"2016","41322",1,0
"2016","41323",12,4
"2016","41324",10,2
"2016","41325",2,1
"2016","41326",1,2
"2016","41327",12,13
"2016","41328",16,13
"2016","41329",13,20
"2016","41331",3,1
"2016","41332",19,16
"2016","41333",2,0
"2016","41334",7,6
"2016","41336",NA,NA
"2016","41337",0,3
"2016","41338",6,0
"2016","41341",2,12
"2016","41342",10,13
"2016","41343",26,11
"2016","41344",30,11
"2016","41345",8,5
"2016","41346",2,2
"2016","41401",4,0
"2016","41402",48,8
"2016","41403",23,11
"2016","41404",6,4
"2016","41405",1,6
"2016","41406",7,7
"2016","41407",9,13
"2016","41408",7,12
"2016","41409",27,21
"2016","41410",39,46
"2016","41411",21,12
"2016","41412",1,2
"2016","41413",14,18
"2016","41414",26,36
"2016","41415",5,5
"2016","41416",12,2
"2016","41417",6,0
"2016","41418",41,23
"2016","41419",10,6
"2016","41420",9,8
"2016","41421",2,1
"2016","41422",128,76
"2016","41423",44,34
"2016","41424",5,1
"2016","41425",19,109
"2016","41426",5,17
"2016","41427",6,18
"2016","41428",6,2
"2016","41429",30,25
"2016","41430",6,13
"2016","41501",3,1
"2016","41502",8,1
"2016","41503",44,35
"2016","41504",18,12
"2016","41505",2,3
"2016","41506",39,43
"2016","41507",6,3
"2016","41508",3,0
"2016","41509",16,9
"2016","41510",3,0
"2016","41511",12,5
"2016","41512",5,3
"2016","41513",13,8
"2016","41514",8,10
"2016","41515",5,7
"2016","41516",81,56
"2016","41517",11,14
"2016","41518",25,21
"2016","41521",16,4
"2016","41522",34,11
"2016","41601",12,10
"2016","41602",15,14
"2016","41603",30,15
"2016","41604",5,3
"2016","41605",34,34
"2016","41606",34,31
"2016","41607",49,18
"2016","41608",2,1
"2016","41609",23,15
"2016","41610",0,3
"2016","41611",17,9
"2016","41612",5,2
"2016","41613",11,8
"2016","41614",9,14
"2016","41615",8,13
"2016","41616",3,0
"2016","41617",55,34
"2016","41618",21,13
"2016","41619",18,2
"2016","41620",4,7
"2016","41621",2,0
"2016","41622",6,2
"2016","41623",3,4
"2016","41624",203,50
"2016","41626",16,14
"2016","41627",7,3
"2016","41628",0,4
"2016","41701",26,18
"2016","41702",16,20
"2016","41703",164,115
"2016","41704",8,0
"2016","41705",8,5
"2016","41706",14,8
"2016","41707",5,3
"2016","41708",4,1
"2016","41709",261,33
"2016","41710",63,53
"2016","41711",7,2
"2016","41712",11,8
"2016","41713",42,31
"2016","41714",1,8
"2016","41715",212,68
"2016","41716",13,7
"2016","41717",8,6
"2016","41718",14,8
"2016","41719",13,5
"2016","41720",9,1
"2016","41721",8,3
"2016","41722",40,22
"2016","41723",5,6
"2016","41724",NA,NA
"2016","41725",2,3
"2016","41726",26,6
"2016","41727",14,6
"2016","41728",3,0
"2016","41729",1,1
"2016","41730",10,5
"2016","41731",92,39
"2016","41732",7,7
"2016","41733",3,0
"2016","41734",2557,88
"2016","41735",21,10
"2016","41736",12,4
"2016","41737",39,14
"2016","41738",86,67
"2016","41739",27,20
"2016","41740",15,5
"2016","41741",25,4
"2016","41742",39,39
"2016","41743",52,79
"2016","41744",3,1
"2016","41745",19,10
"2016","41746",149,98
"2016","41747",40,38
"2016","41748",4,2
"2016","41749",9,7
"2016","41750",15,5
"2016","41751",15,7
"2016","41752",9,8
"2016","41801",0,1
"2016","41802",4,5
"2016","41803",11,10
"2016","41804",29,22
"2016","41805",12,5
"2016","41806",16,13
"2016","41807",4,1
"2016","41808",38,31
"2016","41809",14,5
"2016","41810",24,6
"2016","41811",91,58
"2016","41812",187,119
"2016","41813",4,6
"2016","41814",5,5
"2016","41815",1,0
"2016","41816",19,16
"2016","41817",13,21
"2016","41818",3,6
"2016","41819",6,5
"2016","41820",69,56
"2016","41821",12,5
"2016","41822",12,7
"2016","41823",54,45
"2016","41824",32,28
"2016","50101",6229,3419
"2016","50201",64,39
"2016","50202",26,16
"2016","50203",48,26
"2016","50204",40,38
"2016","50205",272,204
"2016","50206",3,2
"2016","50207",66,32
"2016","50208",38,34
"2016","50209",141,147
"2016","50210",9,2
"2016","50211",2,6
"2016","50212",2,1
"2016","50213",27,12
"2016","50301",100,52
"2016","50302",32,27
"2016","50303",61,44
"2016","50304",9,11
"2016","50305",45,33
"2016","50306",6,19
"2016","50307",30,7
"2016","50308",25,23
"2016","50309",66,60
"2016","50310",53,35
"2016","50311",26,29
"2016","50312",59,31
"2016","50313",1,3
"2016","50314",124,94
"2016","50315",60,55
"2016","50316",58,22
"2016","50317",51,34
"2016","50318",3,3
"2016","50319",53,35
"2016","50320",24,17
"2016","50321",30,21
"2016","50322",39,28
"2016","50323",41,17
"2016","50324",60,62
"2016","50325",23,14
"2016","50326",123,107
"2016","50327",65,36
"2016","50328",10,11
"2016","50329",16,15
"2016","50330",110,100
"2016","50331",6,8
"2016","50332",22,12
"2016","50335",87,42
"2016","50336",39,12
"2016","50337",83,54
"2016","50338",399,193
"2016","50339",134,74
"2016","50401",56,31
"2016","50402",95,47
"2016","50403",113,68
"2016","50404",118,81
"2016","50405",15,9
"2016","50406",15,14
"2016","50407",24,13
"2016","50408",53,18
"2016","50409",1,2
"2016","50410",24,12
"2016","50411",39,30
"2016","50412",30,8
"2016","50413",1,2
"2016","50414",13,5
"2016","50415",13,12
"2016","50416",22,13
"2016","50417",57,57
"2016","50418",170,126
"2016","50419",20,12
"2016","50420",35,14
"2016","50421",32,17
"2016","50422",6,9
"2016","50423",63,29
"2016","50424",30,13
"2016","50425",24,12
"2016","50501",1,0
"2016","50502",1,3
"2016","50503",15,9
"2016","50504",21,18
"2016","50505",2,0
"2016","50506",6,6
"2016","50507",2,1
"2016","50508",14,2
"2016","50509",30,22
"2016","50510",38,56
"2016","50511",6,5
"2016","50512",16,15
"2016","50513",5,6
"2016","50514",0,1
"2016","50515",10,3
"2016","50601",36,13
"2016","50602",51,27
"2016","50603",4,2
"2016","50604",7,7
"2016","50605",11,3
"2016","50606",112,62
"2016","50607",12,8
"2016","50608",13,15
"2016","50609",75,42
"2016","50610",43,25
"2016","50611",42,16
"2016","50612",42,24
"2016","50613",87,54
"2016","50614",24,15
"2016","50615",16,9
"2016","50616",47,34
"2016","50617",32,18
"2016","50618",86,50
"2016","50619",220,114
"2016","50620",22,10
"2016","50621",13,2
"2016","50622",28,7
"2016","50623",33,23
"2016","50624",22,32
"2016","50625",12,7
"2016","50626",25,15
"2016","50627",9,4
"2016","50628",254,155
"2016","60101",8055,5779
"2016","60305",16,4
"2016","60318",20,26
"2016","60323",7,11
"2016","60324",10,12
"2016","60326",2,2
"2016","60329",0,1
"2016","60341",19,9
"2016","60344",133,67
"2016","60345",49,27
"2016","60346",27,9
"2016","60347",23,11
"2016","60348",33,21
"2016","60349",14,19
"2016","60350",31,29
"2016","60351",37,17
"2016","60608",100,49
"2016","60611",65,38
"2016","60613",65,63
"2016","60617",46,39
"2016","60618",9,4
"2016","60619",24,26
"2016","60623",17,12
"2016","60624",125,61
"2016","60626",7,6
"2016","60628",17,13
"2016","60629",83,35
"2016","60632",35,22
"2016","60639",3,0
"2016","60641",2,0
"2016","60642",18,12
"2016","60645",35,32
"2016","60646",7,9
"2016","60647",3,1
"2016","60648",21,20
"2016","60651",9,5
"2016","60653",24,13
"2016","60654",6,3
"2016","60655",14,17
"2016","60656",17,3
"2016","60659",37,25
"2016","60660",22,25
"2016","60661",65,37
"2016","60662",57,22
"2016","60663",63,33
"2016","60664",101,64
"2016","60665",45,26
"2016","60666",20,4
"2016","60667",48,29
"2016","60668",12,6
"2016","60669",163,104
"2016","60670",60,42
"2016","61001",10,2
"2016","61002",23,4
"2016","61007",7,2
"2016","61008",20,3
"2016","61012",27,13
"2016","61013",12,9
"2016","61016",9,3
"2016","61017",9,10
"2016","61019",13,14
"2016","61020",18,12
"2016","61021",24,11
"2016","61024",22,13
"2016","61027",4,4
"2016","61030",4,5
"2016","61032",4,5
"2016","61033",9,4
"2016","61043",14,7
"2016","61045",44,29
"2016","61049",32,8
"2016","61050",24,7
"2016","61051",18,21
"2016","61052",23,20
"2016","61053",199,67
"2016","61054",15,6
"2016","61055",11,5
"2016","61057",17,12
"2016","61059",48,52
"2016","61060",23,13
"2016","61061",94,37
"2016","61101",22,18
"2016","61105",8,8
"2016","61106",15,14
"2016","61107",1,3
"2016","61108",1425,527
"2016","61109",20,5
"2016","61110",12,4
"2016","61111",8,2
"2016","61112",1,3
"2016","61113",14,12
"2016","61114",9,14
"2016","61115",4,1
"2016","61116",3,2
"2016","61118",40,86
"2016","61119",8,15
"2016","61120",83,44
"2016","61203",41,33
"2016","61204",17,14
"2016","61205",7,4
"2016","61206",3,6
"2016","61207",77,47
"2016","61213",39,14
"2016","61215",9,5
"2016","61217",45,25
"2016","61222",5,6
"2016","61236",59,21
"2016","61243",12,15
"2016","61247",40,24
"2016","61251",5,1
"2016","61252",5,3
"2016","61253",39,40
"2016","61254",22,12
"2016","61255",91,56
"2016","61256",4,4
"2016","61257",31,22
"2016","61258",5,12
"2016","61259",121,43
"2016","61260",12,12
"2016","61261",12,4
"2016","61262",26,10
"2016","61263",77,37
"2016","61264",37,8
"2016","61265",124,75
"2016","61266",7,4
"2016","61267",30,14
"2016","61410",1,1
"2016","61413",2,0
"2016","61425",34,7
"2016","61428",2,2
"2016","61437",2,0
"2016","61438",35,38
"2016","61439",27,26
"2016","61440",17,5
"2016","61441",1,1
"2016","61442",17,14
"2016","61443",9,9
"2016","61444",14,10
"2016","61445",11,18
"2016","61446",24,3
"2016","61611",5,1
"2016","61612",13,11
"2016","61615",24,13
"2016","61618",23,15
"2016","61621",1,2
"2016","61624",13,11
"2016","61625",63,56
"2016","61626",30,27
"2016","61627",9,8
"2016","61628",1,4
"2016","61629",4,4
"2016","61630",5,1
"2016","61631",52,67
"2016","61632",34,22
"2016","61633",47,13
"2016","61701",8,6
"2016","61708",3,0
"2016","61710",6,4
"2016","61711",2,0
"2016","61716",26,9
"2016","61719",26,10
"2016","61727",16,5
"2016","61728",NA,NA
"2016","61729",9,2
"2016","61730",1,6
"2016","61731",4,1
"2016","61740",9,3
"2016","61741",7,0
"2016","61743",4,0
"2016","61744",10,1
"2016","61745",3,1
"2016","61746",12,5
"2016","61748",28,8
"2016","61750",13,6
"2016","61751",7,3
"2016","61756",13,10
"2016","61757",13,17
"2016","61758",12,12
"2016","61759",7,6
"2016","61760",129,73
"2016","61761",3,0
"2016","61762",22,5
"2016","61763",32,18
"2016","61764",13,2
"2016","61765",36,17
"2016","61766",151,93
"2016","62007",57,49
"2016","62008",6,9
"2016","62010",7,3
"2016","62014",4,4
"2016","62021",0,1
"2016","62026",2,4
"2016","62032",13,9
"2016","62034",6,9
"2016","62036",8,8
"2016","62038",146,122
"2016","62039",12,16
"2016","62040",132,93
"2016","62041",226,120
"2016","62042",7,5
"2016","62043",14,8
"2016","62044",10,17
"2016","62045",14,9
"2016","62046",23,16
"2016","62047",33,22
"2016","62048",16,12
"2016","62105",3,2
"2016","62115",17,8
"2016","62116",7,8
"2016","62125",24,3
"2016","62128",25,12
"2016","62131",389,98
"2016","62132",13,1
"2016","62135",7,2
"2016","62138",15,8
"2016","62139",192,136
"2016","62140",364,202
"2016","62141",37,24
"2016","62142",67,42
"2016","62143",79,74
"2016","62144",72,50
"2016","62145",58,27
"2016","62146",20,10
"2016","62147",15,11
"2016","62148",13,10
"2016","62202",15,17
"2016","62205",8,10
"2016","62206",6,11
"2016","62209",7,7
"2016","62211",16,22
"2016","62214",7,9
"2016","62216",3,4
"2016","62219",53,36
"2016","62220",24,37
"2016","62226",28,8
"2016","62232",3,1
"2016","62233",10,13
"2016","62235",28,21
"2016","62242",3,2
"2016","62244",23,5
"2016","62245",3,1
"2016","62247",21,37
"2016","62256",15,2
"2016","62262",5,4
"2016","62264",18,33
"2016","62265",2,3
"2016","62266",13,15
"2016","62268",15,4
"2016","62269",21,3
"2016","62270",7,4
"2016","62271",10,5
"2016","62272",19,17
"2016","62273",10,20
"2016","62274",18,19
"2016","62275",8,21
"2016","62276",11,10
"2016","62277",11,15
"2016","62278",5,6
"2016","62279",4,1
"2016","62280",89,50
"2016","62311",3,4
"2016","62314",4,0
"2016","62326",6,8
"2016","62330",7,1
"2016","62332",3,7
"2016","62335",1,5
"2016","62343",5,10
"2016","62368",6,10
"2016","62372",4,2
"2016","62375",84,27
"2016","62376",64,28
"2016","62377",5,1
"2016","62378",58,46
"2016","62379",151,83
"2016","62380",22,13
"2016","62381",10,9
"2016","62382",42,12
"2016","62383",49,28
"2016","62384",9,4
"2016","62385",5,1
"2016","62386",46,39
"2016","62387",4,6
"2016","62388",7,9
"2016","62389",4,8
"2016","62390",30,15
"2016","70101",5647,3819
"2016","70201",24,18
"2016","70202",32,35
"2016","70203",156,123
"2016","70204",0,1
"2016","70205",62,49
"2016","70206",1,5
"2016","70207",8,2
"2016","70208",90,49
"2016","70209",40,28
"2016","70210",3,3
"2016","70211",25,7
"2016","70212",30,12
"2016","70213",44,8
"2016","70214",40,26
"2016","70215",20,15
"2016","70216",14,9
"2016","70217",18,9
"2016","70218",39,22
"2016","70219",22,14
"2016","70220",197,223
"2016","70221",5,2
"2016","70222",22,15
"2016","70223",28,25
"2016","70224",22,19
"2016","70301",43,24
"2016","70302",40,38
"2016","70303",36,40
"2016","70304",58,47
"2016","70305",38,19
"2016","70306",21,20
"2016","70307",6,1
"2016","70308",5,6
"2016","70309",22,12
"2016","70310",67,45
"2016","70311",13,5
"2016","70312",67,63
"2016","70313",22,49
"2016","70314",10,4
"2016","70315",9,13
"2016","70317",10,4
"2016","70318",12,3
"2016","70319",43,32
"2016","70320",43,23
"2016","70322",9,10
"2016","70323",8,6
"2016","70325",10,3
"2016","70326",64,35
"2016","70328",36,45
"2016","70329",56,37
"2016","70331",27,13
"2016","70332",33,25
"2016","70333",5,3
"2016","70334",68,51
"2016","70335",8,18
"2016","70336",6,6
"2016","70337",18,18
"2016","70338",7,12
"2016","70339",7,7
"2016","70340",23,4
"2016","70342",6,6
"2016","70343",33,19
"2016","70344",48,32
"2016","70345",13,8
"2016","70346",86,95
"2016","70347",1,2
"2016","70348",24,12
"2016","70349",NA,NA
"2016","70350",41,21
"2016","70351",154,71
"2016","70352",8,12
"2016","70353",21,21
"2016","70354",314,207
"2016","70355",63,26
"2016","70356",10,6
"2016","70357",212,146
"2016","70358",64,31
"2016","70359",12,3
"2016","70360",15,10
"2016","70361",3,5
"2016","70362",2,1
"2016","70364",86,68
"2016","70365",26,38
"2016","70366",4,1
"2016","70367",65,50
"2016","70368",6,6
"2016","70369",167,121
"2016","70370",33,14
"2016","70401",26,7
"2016","70402",31,20
"2016","70403",301,52
"2016","70404",61,23
"2016","70405",16,11
"2016","70406",63,47
"2016","70407",12,9
"2016","70408",32,22
"2016","70409",113,67
"2016","70410",91,54
"2016","70411",258,150
"2016","70412",91,53
"2016","70413",51,21
"2016","70414",27,19
"2016","70415",8,7
"2016","70416",190,114
"2016","70417",34,15
"2016","70418",10,8
"2016","70419",33,9
"2016","70420",55,31
"2016","70501",29,27
"2016","70502",3,10
"2016","70503",75,35
"2016","70504",6,4
"2016","70505",26,7
"2016","70506",48,29
"2016","70508",83,38
"2016","70509",53,32
"2016","70510",30,32
"2016","70511",101,73
"2016","70512",35,44
"2016","70513",597,399
"2016","70514",59,34
"2016","70515",48,24
"2016","70516",11,3
"2016","70517",22,16
"2016","70518",30,33
"2016","70519",11,8
"2016","70520",22,20
"2016","70521",20,5
"2016","70522",79,31
"2016","70523",9,2
"2016","70524",35,14
"2016","70525",20,15
"2016","70526",86,42
"2016","70527",69,31
"2016","70528",12,15
"2016","70529",43,25
"2016","70530",52,21
"2016","70531",237,121
"2016","70601",3,0
"2016","70602",8,0
"2016","70603",84,102
"2016","70604",18,9
"2016","70605",8,1
"2016","70606",18,29
"2016","70607",18,14
"2016","70608",41,43
"2016","70609",10,9
"2016","70610",4,1
"2016","70611",12,4
"2016","70612",3,1
"2016","70613",1,3
"2016","70614",89,64
"2016","70615",24,18
"2016","70616",20,18
"2016","70617",28,24
"2016","70618",9,5
"2016","70619",18,14
"2016","70620",13,9
"2016","70621",54,51
"2016","70622",7,10
"2016","70623",29,1
"2016","70624",10,12
"2016","70625",2,2
"2016","70626",5,3
"2016","70627",9,8
"2016","70628",1,3
"2016","70629",14,5
"2016","70630",25,36
"2016","70701",1,3
"2016","70702",11,1
"2016","70703",6,3
"2016","70704",4,3
"2016","70705",12,9
"2016","70706",1,0
"2016","70707",21,4
"2016","70708",2,12
"2016","70709",1,1
"2016","70710",0,2
"2016","70711",6,6
"2016","70712",11,9
"2016","70713",3,2
"2016","70714",4,2
"2016","70715",5,3
"2016","70716",99,94
"2016","70717",11,17
"2016","70718",1,0
"2016","70719",16,6
"2016","70720",9,6
"2016","70721",5,1
"2016","70723",9,6
"2016","70724",6,2
"2016","70725",1,2
"2016","70726",4,2
"2016","70727",1,0
"2016","70728",14,7
"2016","70729",NA,NA
"2016","70731",5,0
"2016","70732",7,3
"2016","70733",2,2
"2016","70734",3,2
"2016","70735",8,4
"2016","70801",6,12
"2016","70802",10,2
"2016","70803",18,7
"2016","70804",16,3
"2016","70805",34,25
"2016","70806",18,5
"2016","70807",72,38
"2016","70808",10,2
"2016","70809",5,1
"2016","70810",6,1
"2016","70811",19,24
"2016","70812",NA,NA
"2016","70813",13,3
"2016","70814",12,15
"2016","70815",NA,NA
"2016","70816",22,3
"2016","70817",7,3
"2016","70818",24,19
"2016","70819",2,0
"2016","70820",26,10
"2016","70821",43,23
"2016","70822",3,4
"2016","70823",1,0
"2016","70824",12,17
"2016","70825",1,0
"2016","70826",35,11
"2016","70827",14,7
"2016","70828",135,94
"2016","70829",8,4
"2016","70830",7,2
"2016","70831",4,3
"2016","70832",27,25
"2016","70833",47,38
"2016","70834",5,3
"2016","70835",27,15
"2016","70836",16,7
"2016","70837",4,5
"2016","70901",53,27
"2016","70902",23,18
"2016","70903",1,0
"2016","70904",4,6
"2016","70905",19,11
"2016","70907",125,66
"2016","70908",43,38
"2016","70909",135,72
"2016","70910",12,14
"2016","70911",2,2
"2016","70912",10,22
"2016","70913",6,3
"2016","70914",7,1
"2016","70915",15,18
"2016","70916",4,7
"2016","70917",124,95
"2016","70918",25,23
"2016","70920",114,85
"2016","70921",5,3
"2016","70922",24,10
"2016","70923",24,12
"2016","70924",2,2
"2016","70925",15,19
"2016","70926",179,148
"2016","70927",59,48
"2016","70928",21,15
"2016","70929",11,3
"2016","70930",18,13
"2016","70931",13,7
"2016","70932",7,2
"2016","70933",33,27
"2016","70934",65,50
"2016","70935",33,13
"2016","70936",98,56
"2016","70937",41,29
"2016","70938",9,12
"2016","70939",5,17
"2016","70940",25,9
"2016","70941",5,2
"2016","80101",33,18
"2016","80102",1,3
"2016","80103",268,161
"2016","80104",33,10
"2016","80105",38,28
"2016","80106",35,31
"2016","80107",13,2
"2016","80108",31,24
"2016","80109",6,2
"2016","80110",38,19
"2016","80111",8,6
"2016","80112",21,6
"2016","80113",43,31
"2016","80114",6,6
"2016","80115",75,39
"2016","80116",138,66
"2016","80117",76,40
"2016","80118",12,7
"2016","80119",8,7
"2016","80120",57,27
"2016","80121",16,5
"2016","80122",88,49
"2016","80123",5,3
"2016","80124",21,5
"2016","80125",1,1
"2016","80126",47,16
"2016","80127",3,3
"2016","80128",28,23
"2016","80129",47,18
"2016","80201",18,20
"2016","80202",28,14
"2016","80203",35,20
"2016","80204",28,31
"2016","80205",7,6
"2016","80206",15,10
"2016","80207",700,418
"2016","80208",5,6
"2016","80209",4,2
"2016","80210",24,12
"2016","80211",37,14
"2016","80212",8,12
"2016","80213",44,32
"2016","80214",17,12
"2016","80215",207,122
"2016","80216",31,19
"2016","80217",95,98
"2016","80218",87,60
"2016","80219",19,11
"2016","80220",24,26
"2016","80221",10,7
"2016","80222",31,16
"2016","80223",19,15
"2016","80224",137,84
"2016","80225",16,15
"2016","80226",115,81
"2016","80227",21,16
"2016","80228",350,303
"2016","80229",10,9
"2016","80230",15,8
"2016","80231",20,5
"2016","80232",3,2
"2016","80233",14,6
"2016","80234",5,3
"2016","80235",50,29
"2016","80236",34,15
"2016","80237",9,6
"2016","80238",45,16
"2016","80239",3,8
"2016","80240",128,81
"2016","80301",1100,759
"2016","80302",246,172
"2016","80303",438,235
"2016","80401",73,59
"2016","80402",1,3
"2016","80403",2,0
"2016","80404",808,622
"2016","80405",113,66
"2016","80406",10,10
"2016","80407",33,30
"2016","80408",432,163
"2016","80409",33,32
"2016","80410",40,48
"2016","80411",1,4
"2016","80412",55,41
"2016","80413",45,24
"2016","80414",138,106
"2016","80415",NA,NA
"2016","80416",25,16
"2016","80417",15,17
"2016","80418",46,21
"2016","80419",6,9
"2016","80420",43,38
"2016","80421",9,3
"2016","80422",2,1
"2016","80423",23,24
"2016","80424",33,35
"2016","90101",718,568
"2016","90201",5362,3432
"2016","90301",3940,2692
"2016","90401",1607,1207
"2016","90501",2581,1767
"2016","90601",1466,996
"2016","90701",1601,1138
"2016","90801",2709,1578
"2016","90901",2742,2538
"2016","91001",7064,4464
"2016","91101",2739,1823
"2016","91201",3282,1925
"2016","91301",1251,890
"2016","91401",2275,1552
"2016","91501",4598,3231
"2016","91601",3952,2696
"2016","91701",2477,1616
"2016","91801",1841,1487
"2016","91901",2205,1553
"2016","92001",3636,2296
"2016","92101",3027,2057
"2016","92201",3336,2432
"2016","92301",1732,1064
"2017","10101",302,246
"2017","10201",10,9
"2017","10301",11,8
"2017","10302",5,5
"2017","10303",8,10
"2017","10304",27,12
"2017","10305",85,44
"2017","10306",5,2
"2017","10307",26,4
"2017","10308",4,13
"2017","10309",24,34
"2017","10310",7,5
"2017","10311",10,7
"2017","10312",19,17
"2017","10313",14,8
"2017","10314",10,6
"2017","10315",26,18
"2017","10316",9,12
"2017","10317",12,10
"2017","10318",15,15
"2017","10319",12,12
"2017","10320",2,0
"2017","10321",11,2
"2017","10322",7,8
"2017","10323",3,6
"2017","10401",4,1
"2017","10402",5,2
"2017","10403",15,10
"2017","10404",10,1
"2017","10405",28,39
"2017","10406",11,9
"2017","10407",3,3
"2017","10408",9,6
"2017","10409",2,5
"2017","10410",7,7
"2017","10411",4,10
"2017","10412",2,2
"2017","10413",11,6
"2017","10414",33,16
"2017","10415",15,11
"2017","10416",7,8
"2017","10417",10,18
"2017","10418",3,0
"2017","10419",4,3
"2017","10420",2,0
"2017","10421",7,1
"2017","10422",1,3
"2017","10423",NA,NA
"2017","10424",NA,NA
"2017","10425",NA,NA
"2017","10426",8,3
"2017","10427",2,2
"2017","10428",2,5
"2017","10501",1,5
"2017","10502",4,2
"2017","10503",13,4
"2017","10504",22,23
"2017","10505",7,5
"2017","10506",9,8
"2017","10507",1,6
"2017","10508",5,7
"2017","10509",6,6
"2017","10510",6,3
"2017","10511",1,4
"2017","10512",4,2
"2017","10601",12,7
"2017","10602",18,10
"2017","10603",4,6
"2017","10604",10,12
"2017","10605",13,10
"2017","10606",56,25
"2017","10607",36,21
"2017","10608",5,7
"2017","10609",8,11
"2017","10610",10,14
"2017","10611",12,10
"2017","10612",13,9
"2017","10613",4,18
"2017","10614",6,6
"2017","10615",8,12
"2017","10616",1,3
"2017","10617",9,6
"2017","10618",32,33
"2017","10619",0,2
"2017","10701",11,5
"2017","10702",6,10
"2017","10703",19,19
"2017","10704",12,6
"2017","10705",25,16
"2017","10706",18,5
"2017","10707",21,24
"2017","10708",4,9
"2017","10709",9,9
"2017","10710",23,17
"2017","10711",133,59
"2017","10712",9,16
"2017","10713",121,93
"2017","10714",43,22
"2017","10715",25,11
"2017","10716",2,6
"2017","10717",49,60
"2017","10718",25,11
"2017","10719",16,8
"2017","10720",6,10
"2017","10721",10,10
"2017","10722",14,18
"2017","10723",5,4
"2017","10724",35,24
"2017","10725",0,5
"2017","10726",7,2
"2017","10727",28,3
"2017","10801",24,15
"2017","10802",7,6
"2017","10803",8,9
"2017","10804",16,10
"2017","10805",4,16
"2017","10806",0,4
"2017","10807",9,10
"2017","10808",10,1
"2017","10809",12,10
"2017","10810",3,4
"2017","10811",5,12
"2017","10812",10,3
"2017","10813",9,7
"2017","10814",7,6
"2017","10815",15,3
"2017","10816",28,18
"2017","10817",2,1
"2017","10818",1,0
"2017","10819",9,2
"2017","10820",8,5
"2017","10821",5,7
"2017","10822",3,8
"2017","10823",3,7
"2017","10824",4,1
"2017","10825",4,14
"2017","10826",4,7
"2017","10827",6,1
"2017","10828",0,1
"2017","10901",24,10
"2017","10902",11,15
"2017","10903",16,3
"2017","10904",1,1
"2017","10905",30,16
"2017","10906",5,3
"2017","10907",21,9
"2017","10908",16,7
"2017","10909",8,8
"2017","10910",7,11
"2017","10911",7,5
"2017","10912",9,15
"2017","10913",3,2
"2017","10914",3,3
"2017","10915",8,3
"2017","10916",25,13
"2017","10917",75,61
"2017","10918",87,41
"2017","10919",47,36
"2017","10920",5,4
"2017","10921",6,8
"2017","10922",13,13
"2017","10923",13,1
"2017","10924",2,1
"2017","10925",8,1
"2017","10926",8,1
"2017","10927",2,0
"2017","10928",6,16
"2017","10929",0,1
"2017","10930",3,1
"2017","10931",1,0
"2017","10932",8,2
"2017","20101",1810,1423
"2017","20201",1145,784
"2017","20302",4,7
"2017","20305",87,37
"2017","20306",9,22
"2017","20307",11,12
"2017","20316",13,9
"2017","20320",9,18
"2017","20321",2,7
"2017","20402",42,37
"2017","20403",27,11
"2017","20405",72,43
"2017","20409",19,19
"2017","20412",24,14
"2017","20414",7,12
"2017","20415",42,24
"2017","20416",7,10
"2017","20417",18,20
"2017","20418",31,19
"2017","20419",19,9
"2017","20421",12,13
"2017","20424",61,44
"2017","20425",9,21
"2017","20428",5,1
"2017","20432",34,15
"2017","20435",22,25
"2017","20441",2,1
"2017","20442",18,10
"2017","20501",147,119
"2017","20502",29,17
"2017","20503",0,4
"2017","20504",7,6
"2017","20505",19,20
"2017","20506",8,11
"2017","20508",6,2
"2017","20509",7,29
"2017","20511",24,4
"2017","20512",12,17
"2017","20513",5,3
"2017","20515",21,13
"2017","20518",11,4
"2017","20519",1,3
"2017","20520",8,4
"2017","20523",29,35
"2017","20527",129,80
"2017","20530",13,12
"2017","20531",11,14
"2017","20534",15,23
"2017","20601",72,37
"2017","20602",20,9
"2017","20603",8,4
"2017","20604",9,5
"2017","20605",12,9
"2017","20607",9,5
"2017","20608",1,5
"2017","20609",9,2
"2017","20610",7,4
"2017","20611",8,36
"2017","20613",1,2
"2017","20616",11,7
"2017","20618",22,13
"2017","20619",2,2
"2017","20620",51,11
"2017","20622",6,6
"2017","20624",3,4
"2017","20625",13,24
"2017","20627",25,25
"2017","20630",50,30
"2017","20631",15,1
"2017","20632",14,6
"2017","20633",3,6
"2017","20634",50,32
"2017","20635",139,82
"2017","20636",8,2
"2017","20637",11,4
"2017","20638",8,6
"2017","20639",8,4
"2017","20640",7,3
"2017","20642",9,1
"2017","20643",10,12
"2017","20644",17,16
"2017","20701",4,1
"2017","20702",80,56
"2017","20703",5,1
"2017","20705",17,18
"2017","20707",9,0
"2017","20708",7,2
"2017","20710",13,8
"2017","20711",150,58
"2017","20712",5,5
"2017","20713",61,58
"2017","20719",6,8
"2017","20720",30,18
"2017","20721",4,8
"2017","20722",34,18
"2017","20723",2,5
"2017","20724",37,29
"2017","20725",143,93
"2017","20726",25,11
"2017","20727",26,22
"2017","20801",62,30
"2017","20802",5,0
"2017","20803",36,21
"2017","20804",15,10
"2017","20805",23,4
"2017","20806",3,5
"2017","20807",9,4
"2017","20808",28,20
"2017","20810",7,0
"2017","20812",9,1
"2017","20813",66,68
"2017","20815",18,7
"2017","20817",93,33
"2017","20901",12,15
"2017","20905",15,20
"2017","20909",33,11
"2017","20911",7,1
"2017","20912",2,4
"2017","20913",40,67
"2017","20914",2,2
"2017","20918",3,12
"2017","20923",135,118
"2017","21001",6,4
"2017","21002",76,43
"2017","21003",12,4
"2017","21004",5,21
"2017","21005",7,10
"2017","21006",298,27
"2017","21007",24,9
"2017","21008",10,19
"2017","21009",37,38
"2017","21010",8,20
"2017","30101",503,458
"2017","30201",813,662
"2017","30301",82,56
"2017","30401",805,661
"2017","30501",5,16
"2017","30502",274,174
"2017","30503",14,14
"2017","30504",27,10
"2017","30506",22,8
"2017","30507",12,1
"2017","30508",31,23
"2017","30509",3,9
"2017","30510",2,8
"2017","30511",4,5
"2017","30512",8,3
"2017","30514",27,30
"2017","30515",3,18
"2017","30516",15,8
"2017","30517",57,13
"2017","30520",9,3
"2017","30521",6,5
"2017","30522",10,18
"2017","30524",15,14
"2017","30526",8,14
"2017","30527",26,15
"2017","30529",19,9
"2017","30530",16,7
"2017","30531",78,48
"2017","30532",16,7
"2017","30533",27,13
"2017","30534",18,11
"2017","30536",15,14
"2017","30538",9,2
"2017","30539",2,6
"2017","30541",9,3
"2017","30542",47,47
"2017","30543",10,8
"2017","30544",9,6
"2017","30601",68,68
"2017","30602",53,49
"2017","30603",147,117
"2017","30604",406,299
"2017","30605",95,58
"2017","30607",135,110
"2017","30608",36,27
"2017","30609",6,4
"2017","30612",17,14
"2017","30613",30,46
"2017","30614",13,13
"2017","30615",28,108
"2017","30616",3,4
"2017","30618",71,45
"2017","30620",32,16
"2017","30621",9,16
"2017","30623",63,48
"2017","30625",22,14
"2017","30626",97,53
"2017","30627",35,25
"2017","30629",6,7
"2017","30631",8,7
"2017","30633",12,7
"2017","30635",18,5
"2017","30636",24,15
"2017","30637",12,4
"2017","30639",968,313
"2017","30641",50,72
"2017","30645",13,12
"2017","30646",13,6
"2017","30701",8,2
"2017","30702",44,20
"2017","30703",35,11
"2017","30704",128,97
"2017","30706",46,33
"2017","30708",9,8
"2017","30709",15,18
"2017","30710",241,133
"2017","30711",18,7
"2017","30712",8,5
"2017","30713",20,10
"2017","30715",7,2
"2017","30716",45,51
"2017","30718",10,13
"2017","30719",25,14
"2017","30721",16,10
"2017","30722",6,6
"2017","30724",5,19
"2017","30726",13,17
"2017","30728",50,10
"2017","30729",35,19
"2017","30730",97,61
"2017","30731",51,31
"2017","30732",77,51
"2017","30733",12,7
"2017","30734",17,16
"2017","30735",40,34
"2017","30736",29,25
"2017","30737",17,12
"2017","30738",7,9
"2017","30739",20,8
"2017","30740",353,249
"2017","30741",10,12
"2017","30801",10,8
"2017","30802",2,1
"2017","30803",35,29
"2017","30804",27,32
"2017","30805",5,10
"2017","30808",100,95
"2017","30810",8,9
"2017","30811",7,9
"2017","30812",6,5
"2017","30813",15,19
"2017","30814",27,17
"2017","30817",94,93
"2017","30819",5,4
"2017","30821",165,93
"2017","30822",NA,NA
"2017","30824",9,7
"2017","30825",1,7
"2017","30826",2,2
"2017","30827",26,37
"2017","30828",0,11
"2017","30829",5,3
"2017","30830",43,30
"2017","30831",15,21
"2017","30834",10,10
"2017","30835",89,30
"2017","30836",9,7
"2017","30838",15,21
"2017","30841",7,7
"2017","30842",36,5
"2017","30844",10,13
"2017","30845",13,7
"2017","30846",0,2
"2017","30848",7,11
"2017","30849",51,54
"2017","30850",15,13
"2017","30852",15,10
"2017","30854",1,6
"2017","30856",74,46
"2017","30857",15,9
"2017","30858",8,14
"2017","30859",3,0
"2017","30860",16,8
"2017","30863",59,32
"2017","30865",8,8
"2017","30902",2,5
"2017","30903",8,7
"2017","30904",4,0
"2017","30906",5,5
"2017","30908",59,44
"2017","30909",10,15
"2017","30910",7,17
"2017","30912",1,3
"2017","30913",4,1
"2017","30915",3,1
"2017","30916",26,14
"2017","30917",3,1
"2017","30920",5,3
"2017","30921",6,6
"2017","30925",20,21
"2017","30929",1,1
"2017","30932",21,8
"2017","30935",33,14
"2017","30939",4,0
"2017","30940",0,4
"2017","30942",10,7
"2017","31001",1,1
"2017","31008",10,29
"2017","31009",12,14
"2017","31014",6,8
"2017","31015",10,16
"2017","31016",7,7
"2017","31018",1,4
"2017","31019",5,5
"2017","31021",1,1
"2017","31022",58,173
"2017","31025",1,5
"2017","31026",8,2
"2017","31028",5,3
"2017","31033",4,6
"2017","31035",5,2
"2017","31036",5,5
"2017","31037",19,30
"2017","31038",5,4
"2017","31041",1,2
"2017","31042",2,1
"2017","31043",5,2
"2017","31051",8,6
"2017","31052",5,4
"2017","31053",5,9
"2017","31101",2,2
"2017","31102",9,2
"2017","31103",0,2
"2017","31104",7,3
"2017","31105",27,13
"2017","31106",19,14
"2017","31107",1,7
"2017","31109",54,48
"2017","31110",NA,NA
"2017","31111",6,2
"2017","31113",6,7
"2017","31114",0,1
"2017","31117",3,0
"2017","31119",3,1
"2017","31120",3,10
"2017","31121",23,11
"2017","31123",NA,NA
"2017","31124",4,2
"2017","31129",4,7
"2017","31130",8,3
"2017","31201",45,13
"2017","31202",10,4
"2017","31203",23,10
"2017","31204",7,3
"2017","31205",9,14
"2017","31206",19,23
"2017","31207",29,25
"2017","31208",19,22
"2017","31213",371,272
"2017","31214",77,38
"2017","31215",5,3
"2017","31216",18,32
"2017","31224",3,2
"2017","31226",18,16
"2017","31227",8,9
"2017","31228",6,2
"2017","31229",9,10
"2017","31230",162,125
"2017","31234",8,3
"2017","31235",122,91
"2017","31301",5,3
"2017","31302",1,0
"2017","31303",0,8
"2017","31304",5,4
"2017","31308",21,7
"2017","31309",21,10
"2017","31310",15,7
"2017","31311",17,5
"2017","31315",13,9
"2017","31319",4,1
"2017","31321",NA,NA
"2017","31322",50,35
"2017","31323",4,1
"2017","31324",3,9
"2017","31326",1,2
"2017","31327",22,23
"2017","31330",5,5
"2017","31333",9,7
"2017","31336",4,9
"2017","31337",17,7
"2017","31338",3,11
"2017","31340",0,1
"2017","31343",30,9
"2017","31344",12,10
"2017","31346",9,18
"2017","31347",1,5
"2017","31350",8,3
"2017","31351",3,5
"2017","31355",9,9
"2017","31356",2,2
"2017","31401",9,10
"2017","31402",18,9
"2017","31403",37,35
"2017","31404",13,10
"2017","31405",6,3
"2017","31406",7,6
"2017","31407",30,40
"2017","31408",22,21
"2017","31409",10,4
"2017","31410",4,2
"2017","31411",6,13
"2017","31412",28,20
"2017","31413",42,26
"2017","31414",11,5
"2017","31502",NA,NA
"2017","31503",15,9
"2017","31504",5,5
"2017","31505",60,33
"2017","31506",NA,NA
"2017","31507",5,1
"2017","31508",8,2
"2017","31509",12,2
"2017","31511",4,2
"2017","31513",18,4
"2017","31514",7,12
"2017","31515",1,1
"2017","31516",13,5
"2017","31517",20,12
"2017","31519",4,3
"2017","31520",11,13
"2017","31521",8,8
"2017","31522",18,5
"2017","31523",3,0
"2017","31524",91,47
"2017","31525",7,1
"2017","31527",12,8
"2017","31528",2,3
"2017","31530",11,13
"2017","31531",27,5
"2017","31533",38,22
"2017","31534",8,11
"2017","31535",1,0
"2017","31537",13,17
"2017","31539",11,7
"2017","31540",1,7
"2017","31541",11,6
"2017","31542",5,3
"2017","31543",4,0
"2017","31546",NA,NA
"2017","31549",104,48
"2017","31550",7,4
"2017","31551",9,4
"2017","31552",8,2
"2017","31553",15,19
"2017","31601",4,5
"2017","31603",2,11
"2017","31604",12,10
"2017","31605",9,5
"2017","31606",7,9
"2017","31608",1,3
"2017","31609",6,2
"2017","31611",18,5
"2017","31612",21,20
"2017","31613",2,6
"2017","31614",11,13
"2017","31615",7,8
"2017","31616",2,3
"2017","31617",3,0
"2017","31620",1,1
"2017","31621",4,1
"2017","31622",6,9
"2017","31627",3,7
"2017","31628",10,4
"2017","31629",31,27
"2017","31630",11,13
"2017","31633",69,67
"2017","31634",1,4
"2017","31636",2,2
"2017","31642",4,11
"2017","31644",56,42
"2017","31645",9,2
"2017","31646",11,2
"2017","31649",6,2
"2017","31650",7,12
"2017","31651",13,17
"2017","31652",2,3
"2017","31653",8,5
"2017","31654",6,10
"2017","31655",36,52
"2017","31658",2,1
"2017","31701",5,6
"2017","31702",37,18
"2017","31703",54,38
"2017","31704",141,118
"2017","31706",14,8
"2017","31707",16,22
"2017","31709",40,23
"2017","31710",139,117
"2017","31711",3,4
"2017","31712",37,37
"2017","31713",27,22
"2017","31714",7,7
"2017","31715",38,21
"2017","31716",125,81
"2017","31717",406,232
"2017","31718",18,11
"2017","31719",141,103
"2017","31723",85,57
"2017","31725",98,61
"2017","31726",25,20
"2017","31801",2,0
"2017","31802",14,5
"2017","31803",4,12
"2017","31804",4,1
"2017","31805",15,14
"2017","31806",2,1
"2017","31807",7,7
"2017","31808",10,9
"2017","31809",1,2
"2017","31810",70,67
"2017","31811",32,25
"2017","31812",15,12
"2017","31813",8,18
"2017","31814",16,24
"2017","31815",11,3
"2017","31817",18,9
"2017","31818",149,140
"2017","31820",2,6
"2017","31821",24,24
"2017","31823",17,14
"2017","31825",8,1
"2017","31826",18,21
"2017","31827",2,2
"2017","31829",140,27
"2017","31830",0,4
"2017","31831",5,9
"2017","31832",10,16
"2017","31833",8,4
"2017","31834",NA,NA
"2017","31835",15,36
"2017","31836",8,8
"2017","31837",4,7
"2017","31838",16,18
"2017","31839",88,54
"2017","31840",3,6
"2017","31841",1,2
"2017","31842",NA,NA
"2017","31843",5,6
"2017","31844",1,3
"2017","31845",6,6
"2017","31846",16,11
"2017","31847",5,2
"2017","31848",1,2
"2017","31849",5,4
"2017","31901",17,14
"2017","31902",12,19
"2017","31903",33,15
"2017","31904",8,7
"2017","31905",50,36
"2017","31906",9,5
"2017","31907",2,8
"2017","31909",12,4
"2017","31910",5,2
"2017","31911",17,17
"2017","31912",45,35
"2017","31913",9,2
"2017","31915",7,8
"2017","31916",8,6
"2017","31917",6,7
"2017","31918",15,11
"2017","31919",15,6
"2017","31920",0,1
"2017","31921",37,22
"2017","31922",20,10
"2017","31923",9,1
"2017","31925",6,5
"2017","31926",77,57
"2017","31927",14,9
"2017","31928",6,6
"2017","31929",49,22
"2017","31930",17,8
"2017","31932",13,16
"2017","31934",18,13
"2017","31935",23,10
"2017","31938",2,1
"2017","31939",1,1
"2017","31940",5,2
"2017","31941",9,8
"2017","31943",75,52
"2017","31945",4,2
"2017","31946",3,3
"2017","31947",80,55
"2017","31948",37,23
"2017","31949",48,44
"2017","31950",25,28
"2017","31951",82,85
"2017","31952",126,58
"2017","31953",36,24
"2017","31954",7,3
"2017","32001",62,47
"2017","32002",10,2
"2017","32003",22,15
"2017","32004",3,0
"2017","32005",16,11
"2017","32006",4,10
"2017","32007",5,1
"2017","32008",30,15
"2017","32009",3,5
"2017","32010",0,1
"2017","32011",5,1
"2017","32012",8,1
"2017","32013",21,6
"2017","32014",4,3
"2017","32015",2,2
"2017","32016",118,64
"2017","32017",31,17
"2017","32018",15,2
"2017","32101",35,22
"2017","32104",21,10
"2017","32106",13,3
"2017","32107",17,19
"2017","32109",NA,NA
"2017","32110",6,10
"2017","32112",26,21
"2017","32114",10,19
"2017","32115",9,13
"2017","32116",16,17
"2017","32119",12,7
"2017","32120",43,27
"2017","32131",81,75
"2017","32132",9,5
"2017","32134",14,15
"2017","32135",217,128
"2017","32139",4,5
"2017","32140",22,12
"2017","32141",35,44
"2017","32142",97,74
"2017","32143",4,8
"2017","32144",390,284
"2017","32202",2,1
"2017","32203",2,8
"2017","32206",1,1
"2017","32207",6,12
"2017","32209",7,6
"2017","32210",9,9
"2017","32212",NA,NA
"2017","32214",0,1
"2017","32216",19,12
"2017","32217",3,4
"2017","32219",20,9
"2017","32220",7,19
"2017","32221",0,1
"2017","32222",3,2
"2017","32223",NA,NA
"2017","32301",23,19
"2017","32302",3,2
"2017","32304",44,33
"2017","32305",49,27
"2017","32306",15,15
"2017","32307",36,47
"2017","32308",10,28
"2017","32309",NA,NA
"2017","32310",6,3
"2017","32311",6,7
"2017","32312",3,2
"2017","32313",4,10
"2017","32314",2,13
"2017","32315",5,11
"2017","32316",23,20
"2017","32317",1,5
"2017","32318",13,12
"2017","32319",22,16
"2017","32320",9,5
"2017","32321",7,5
"2017","32322",2,3
"2017","32323",14,21
"2017","32324",5,2
"2017","32325",11,5
"2017","32326",4,2
"2017","32327",42,35
"2017","32330",53,24
"2017","32331",11,7
"2017","32332",17,24
"2017","32333",9,4
"2017","32334",3,6
"2017","32335",4,0
"2017","32336",24,28
"2017","32337",41,46
"2017","32338",6,11
"2017","32501",3,6
"2017","32502",3,6
"2017","32503",NA,NA
"2017","32504",5,4
"2017","32505",2,11
"2017","32506",1,3
"2017","32508",5,4
"2017","32509",3,1
"2017","32511",4,3
"2017","32514",2,0
"2017","32515",7,1
"2017","32516",2,4
"2017","32517",3,3
"2017","32518",2,6
"2017","32519",1,0
"2017","32520",4,0
"2017","32521",3,2
"2017","32522",3,4
"2017","32523",2,0
"2017","32524",12,12
"2017","32525",0,4
"2017","32528",3,2
"2017","32529",3,7
"2017","32530",49,45
"2017","40101",4842,3288
"2017","40201",518,327
"2017","40301",1334,743
"2017","40401",58,32
"2017","40402",40,10
"2017","40403",6,2
"2017","40404",330,200
"2017","40405",37,13
"2017","40406",37,28
"2017","40407",7,3
"2017","40408",14,10
"2017","40409",15,12
"2017","40410",12,8
"2017","40411",0,2
"2017","40412",14,7
"2017","40413",114,53
"2017","40414",53,45
"2017","40415",12,6
"2017","40416",4,4
"2017","40417",8,12
"2017","40418",47,24
"2017","40419",14,13
"2017","40420",3,6
"2017","40421",226,71
"2017","40422",83,55
"2017","40423",6,8
"2017","40424",26,18
"2017","40425",14,9
"2017","40426",59,18
"2017","40427",15,9
"2017","40428",40,33
"2017","40429",5,0
"2017","40430",10,7
"2017","40431",34,22
"2017","40432",32,15
"2017","40433",18,2
"2017","40434",7,4
"2017","40435",5,3
"2017","40436",39,13
"2017","40437",37,32
"2017","40438",82,66
"2017","40439",11,5
"2017","40440",2,6
"2017","40441",44,18
"2017","40442",8,4
"2017","40443",17,11
"2017","40444",8,7
"2017","40445",15,15
"2017","40446",10,3
"2017","40501",61,35
"2017","40502",23,19
"2017","40503",35,21
"2017","40504",8,14
"2017","40505",11,2
"2017","40506",5,11
"2017","40507",9,5
"2017","40508",4,3
"2017","40509",14,14
"2017","40510",9,6
"2017","40511",13,13
"2017","40512",1,2
"2017","40601",59,45
"2017","40602",1,2
"2017","40603",5,7
"2017","40604",9,6
"2017","40605",1,3
"2017","40606",NA,NA
"2017","40607",5,6
"2017","40608",1,8
"2017","40609",6,6
"2017","40610",2,7
"2017","40611",3,1
"2017","40612",8,9
"2017","40613",2,0
"2017","40614",12,3
"2017","40615",21,9
"2017","40616",6,5
"2017","40617",3,0
"2017","40618",18,6
"2017","40619",7,1
"2017","40620",5,6
"2017","40621",4,6
"2017","40622",7,2
"2017","40623",2,2
"2017","40624",11,16
"2017","40625",4,0
"2017","40626",4,2
"2017","40627",11,19
"2017","40701",68,56
"2017","40702",47,59
"2017","40703",161,89
"2017","40704",69,32
"2017","40705",199,158
"2017","40706",50,28
"2017","40707",22,21
"2017","40708",9,14
"2017","40709",25,12
"2017","40710",3,3
"2017","40711",83,48
"2017","40712",12,7
"2017","40713",72,127
"2017","40714",50,33
"2017","40715",8,2
"2017","40716",13,8
"2017","40717",31,11
"2017","40718",7,12
"2017","40719",17,20
"2017","40720",63,42
"2017","40801",7,2
"2017","40802",66,40
"2017","40804",2,1
"2017","40805",95,85
"2017","40806",17,17
"2017","40807",10,4
"2017","40808",64,32
"2017","40809",22,18
"2017","40810",4,7
"2017","40811",16,7
"2017","40812",13,7
"2017","40813",11,3
"2017","40814",1,3
"2017","40815",0,4
"2017","40816",2,2
"2017","40817",4,0
"2017","40818",13,8
"2017","40820",2,1
"2017","40821",3,4
"2017","40822",7,10
"2017","40823",12,3
"2017","40824",3,3
"2017","40825",5,7
"2017","40826",1,0
"2017","40827",9,16
"2017","40828",2,1
"2017","40829",11,12
"2017","40830",1,0
"2017","40831",20,18
"2017","40832",14,10
"2017","40833",12,16
"2017","40834",0,1
"2017","40835",25,13
"2017","40901",11,2
"2017","40902",44,20
"2017","40903",8,15
"2017","40904",12,4
"2017","40905",62,45
"2017","40906",17,3
"2017","40907",81,43
"2017","40908",31,21
"2017","40909",9,19
"2017","40910",19,17
"2017","40911",2,1
"2017","40912",35,21
"2017","40913",14,11
"2017","40914",11,3
"2017","40915",4,3
"2017","40916",11,0
"2017","40917",14,15
"2017","40918",25,12
"2017","40919",2,0
"2017","40920",7,0
"2017","40921",7,11
"2017","40922",16,16
"2017","40923",22,16
"2017","41001",18,13
"2017","41002",343,199
"2017","41003",81,50
"2017","41004",3,4
"2017","41005",216,115
"2017","41006",8,6
"2017","41007",114,40
"2017","41008",21,14
"2017","41009",63,46
"2017","41010",14,9
"2017","41011",39,31
"2017","41012",291,199
"2017","41013",41,26
"2017","41014",59,28
"2017","41015",7,7
"2017","41016",7,6
"2017","41017",113,92
"2017","41018",11,4
"2017","41019",13,10
"2017","41020",22,24
"2017","41021",486,257
"2017","41022",58,48
"2017","41101",1,3
"2017","41102",14,2
"2017","41103",6,7
"2017","41104",1,2
"2017","41105",20,13
"2017","41106",14,6
"2017","41107",2,0
"2017","41108",734,52
"2017","41109",19,16
"2017","41110",16,19
"2017","41111",60,36
"2017","41112",5,13
"2017","41113",27,8
"2017","41114",31,26
"2017","41115",5,7
"2017","41116",106,43
"2017","41117",3,0
"2017","41118",7,8
"2017","41119",4,1
"2017","41120",25,13
"2017","41121",21,10
"2017","41122",6,2
"2017","41123",18,5
"2017","41124",73,47
"2017","41125",5,17
"2017","41126",16,14
"2017","41201",5,5
"2017","41202",21,9
"2017","41203",47,12
"2017","41204",24,10
"2017","41205",2,0
"2017","41206",2,1
"2017","41207",61,40
"2017","41208",2,6
"2017","41209",7,10
"2017","41210",8,3
"2017","41211",2,2
"2017","41212",19,4
"2017","41213",12,8
"2017","41214",8,13
"2017","41215",6,7
"2017","41216",1,1
"2017","41217",4,3
"2017","41218",21,19
"2017","41219",92,42
"2017","41220",15,5
"2017","41221",7,3
"2017","41222",2,0
"2017","41223",6,2
"2017","41224",16,15
"2017","41225",239,177
"2017","41226",11,1
"2017","41227",NA,NA
"2017","41228",29,16
"2017","41229",3,2
"2017","41230",6,5
"2017","41231",7,8
"2017","41232",7,1
"2017","41233",15,7
"2017","41234",13,14
"2017","41235",4,4
"2017","41236",1,5
"2017","41304",5,16
"2017","41305",0,1
"2017","41306",1,1
"2017","41307",7,2
"2017","41309",19,10
"2017","41311",1,2
"2017","41312",4,5
"2017","41313",7,4
"2017","41314",3,4
"2017","41315",1,8
"2017","41316",0,4
"2017","41317",12,8
"2017","41318",2,1
"2017","41319",2,4
"2017","41320",2,0
"2017","41321",8,4
"2017","41322",0,5
"2017","41323",14,6
"2017","41324",5,3
"2017","41325",5,2
"2017","41326",2,2
"2017","41327",8,5
"2017","41328",6,9
"2017","41329",8,3
"2017","41331",0,2
"2017","41332",5,14
"2017","41333",NA,NA
"2017","41334",NA,NA
"2017","41336",NA,NA
"2017","41337",5,2
"2017","41338",4,0
"2017","41341",5,5
"2017","41342",9,8
"2017","41343",18,13
"2017","41344",44,23
"2017","41345",8,4
"2017","41346",4,1
"2017","41401",0,2
"2017","41402",18,22
"2017","41403",19,21
"2017","41404",9,8
"2017","41405",7,3
"2017","41406",2,1
"2017","41407",8,7
"2017","41408",11,1
"2017","41409",8,18
"2017","41410",81,46
"2017","41411",7,6
"2017","41412",1,0
"2017","41413",8,9
"2017","41414",20,14
"2017","41415",4,0
"2017","41416",13,2
"2017","41417",5,2
"2017","41418",53,27
"2017","41419",11,14
"2017","41420",4,11
"2017","41421",6,3
"2017","41422",136,79
"2017","41423",52,33
"2017","41424",11,10
"2017","41425",33,80
"2017","41426",28,10
"2017","41427",10,4
"2017","41428",6,11
"2017","41429",20,21
"2017","41430",22,11
"2017","41501",10,4
"2017","41502",4,3
"2017","41503",43,37
"2017","41504",18,6
"2017","41505",8,2
"2017","41506",28,56
"2017","41507",8,6
"2017","41508",NA,NA
"2017","41509",11,9
"2017","41510",3,1
"2017","41511",9,4
"2017","41512",5,3
"2017","41513",5,6
"2017","41514",7,6
"2017","41515",4,5
"2017","41516",109,53
"2017","41517",12,10
"2017","41518",21,39
"2017","41521",16,12
"2017","41522",32,20
"2017","41601",10,23
"2017","41602",12,20
"2017","41603",28,22
"2017","41604",4,8
"2017","41605",31,34
"2017","41606",25,22
"2017","41607",35,21
"2017","41608",5,6
"2017","41609",18,17
"2017","41610",NA,NA
"2017","41611",15,10
"2017","41612",2,1
"2017","41613",15,9
"2017","41614",3,6
"2017","41615",9,8
"2017","41616",0,1
"2017","41617",19,27
"2017","41618",21,17
"2017","41619",8,4
"2017","41620",7,11
"2017","41621",10,8
"2017","41622",7,4
"2017","41623",2,2
"2017","41624",145,48
"2017","41626",12,26
"2017","41627",6,8
"2017","41628",4,3
"2017","41701",44,32
"2017","41702",19,36
"2017","41703",166,64
"2017","41704",8,1
"2017","41705",10,8
"2017","41706",21,8
"2017","41707",7,10
"2017","41708",8,4
"2017","41709",24,13
"2017","41710",59,24
"2017","41711",10,4
"2017","41712",2,6
"2017","41713",36,26
"2017","41714",1,1
"2017","41715",166,132
"2017","41716",8,5
"2017","41717",5,1
"2017","41718",15,19
"2017","41719",10,2
"2017","41720",7,3
"2017","41721",9,3
"2017","41722",39,23
"2017","41723",1,1
"2017","41724",1,0
"2017","41725",NA,NA
"2017","41726",12,12
"2017","41727",10,10
"2017","41728",1,2
"2017","41729",12,0
"2017","41730",7,3
"2017","41731",45,41
"2017","41732",9,4
"2017","41733",NA,NA
"2017","41734",793,63
"2017","41735",27,8
"2017","41736",1,5
"2017","41737",23,18
"2017","41738",63,73
"2017","41739",29,33
"2017","41740",7,7
"2017","41741",6,6
"2017","41742",43,49
"2017","41743",56,61
"2017","41744",8,1
"2017","41745",32,15
"2017","41746",156,129
"2017","41747",55,35
"2017","41748",3,1
"2017","41749",11,1
"2017","41750",19,10
"2017","41751",12,18
"2017","41752",2,8
"2017","41801",1,1
"2017","41802",2,0
"2017","41803",21,11
"2017","41804",24,30
"2017","41805",14,6
"2017","41806",9,7
"2017","41807",1,0
"2017","41808",63,14
"2017","41809",4,4
"2017","41810",10,7
"2017","41811",102,63
"2017","41812",209,123
"2017","41813",5,4
"2017","41814",17,7
"2017","41815",6,4
"2017","41816",10,11
"2017","41817",25,19
"2017","41818",9,4
"2017","41819",11,9
"2017","41820",83,50
"2017","41821",8,16
"2017","41822",12,9
"2017","41823",59,51
"2017","41824",18,21
"2017","50101",4920,3675
"2017","50201",45,28
"2017","50202",15,15
"2017","50203",26,34
"2017","50204",64,34
"2017","50205",291,237
"2017","50206",0,1
"2017","50207",45,21
"2017","50208",38,42
"2017","50209",155,158
"2017","50210",7,6
"2017","50211",13,2
"2017","50212",13,3
"2017","50213",29,20
"2017","50301",87,44
"2017","50302",28,18
"2017","50303",551,133
"2017","50304",10,10
"2017","50305",49,37
"2017","50306",12,10
"2017","50307",12,16
"2017","50308",40,24
"2017","50309",83,55
"2017","50310",82,42
"2017","50311",35,18
"2017","50312",69,18
"2017","50313",2,5
"2017","50314",149,85
"2017","50315",49,46
"2017","50316",50,38
"2017","50317",50,47
"2017","50318",2,2
"2017","50319",48,50
"2017","50320",27,5
"2017","50321",42,17
"2017","50322",47,28
"2017","50323",36,18
"2017","50324",48,62
"2017","50325",10,21
"2017","50326",144,93
"2017","50327",42,22
"2017","50328",6,5
"2017","50329",25,13
"2017","50330",92,94
"2017","50331",5,12
"2017","50332",22,19
"2017","50335",95,54
"2017","50336",23,15
"2017","50337",115,56
"2017","50338",209,148
"2017","50339",117,150
"2017","50401",87,40
"2017","50402",114,63
"2017","50403",89,70
"2017","50404",101,80
"2017","50405",16,10
"2017","50406",47,9
"2017","50407",27,17
"2017","50408",40,25
"2017","50409",2,3
"2017","50410",19,11
"2017","50411",46,22
"2017","50412",21,16
"2017","50413",1,0
"2017","50414",4,3
"2017","50415",18,14
"2017","50416",31,15
"2017","50417",44,52
"2017","50418",176,114
"2017","50419",20,15
"2017","50420",37,21
"2017","50421",33,34
"2017","50422",6,5
"2017","50423",62,43
"2017","50424",35,23
"2017","50425",23,8
"2017","50501",2,0
"2017","50502",4,2
"2017","50503",20,11
"2017","50504",29,13
"2017","50505",NA,NA
"2017","50506",9,10
"2017","50507",0,5
"2017","50508",5,8
"2017","50509",35,14
"2017","50510",70,38
"2017","50511",2,0
"2017","50512",14,20
"2017","50513",5,3
"2017","50514",NA,NA
"2017","50515",4,11
"2017","50601",25,18
"2017","50602",53,41
"2017","50603",3,11
"2017","50604",8,9
"2017","50605",9,6
"2017","50606",90,48
"2017","50607",20,10
"2017","50608",23,8
"2017","50609",71,44
"2017","50610",18,32
"2017","50611",57,26
"2017","50612",28,32
"2017","50613",66,85
"2017","50614",25,11
"2017","50615",13,12
"2017","50616",53,30
"2017","50617",23,19
"2017","50618",70,63
"2017","50619",196,126
"2017","50620",21,14
"2017","50621",5,7
"2017","50622",28,17
"2017","50623",32,20
"2017","50624",19,11
"2017","50625",9,3
"2017","50626",19,27
"2017","50627",12,6
"2017","50628",241,154
"2017","60101",8207,5881
"2017","60305",7,2
"2017","60318",39,12
"2017","60323",4,7
"2017","60324",9,4
"2017","60326",14,3
"2017","60329",3,0
"2017","60341",6,0
"2017","60344",93,65
"2017","60345",23,17
"2017","60346",25,13
"2017","60347",13,15
"2017","60348",28,14
"2017","60349",17,13
"2017","60350",37,23
"2017","60351",26,10
"2017","60608",85,30
"2017","60611",26,18
"2017","60613",62,57
"2017","60617",38,41
"2017","60618",4,0
"2017","60619",18,15
"2017","60623",13,7
"2017","60624",91,52
"2017","60626",6,16
"2017","60628",21,12
"2017","60629",53,21
"2017","60632",31,20
"2017","60639",3,5
"2017","60641",3,3
"2017","60642",10,8
"2017","60645",18,15
"2017","60646",7,19
"2017","60647",1,1
"2017","60648",20,11
"2017","60651",13,6
"2017","60653",19,14
"2017","60654",16,5
"2017","60655",21,13
"2017","60656",22,9
"2017","60659",39,21
"2017","60660",22,17
"2017","60661",32,34
"2017","60662",42,27
"2017","60663",31,29
"2017","60664",69,79
"2017","60665",41,20
"2017","60666",3,4
"2017","60667",29,26
"2017","60668",9,17
"2017","60669",174,104
"2017","60670",80,49
"2017","61001",12,6
"2017","61002",5,4
"2017","61007",8,3
"2017","61008",12,14
"2017","61012",13,11
"2017","61013",12,13
"2017","61016",8,4
"2017","61017",6,2
"2017","61019",3,6
"2017","61020",14,4
"2017","61021",7,10
"2017","61024",11,10
"2017","61027",2,2
"2017","61030",8,3
"2017","61032",2,3
"2017","61033",9,4
"2017","61043",10,9
"2017","61045",40,30
"2017","61049",31,24
"2017","61050",17,15
"2017","61051",5,16
"2017","61052",23,13
"2017","61053",146,78
"2017","61054",15,12
"2017","61055",5,7
"2017","61057",20,10
"2017","61059",53,40
"2017","61060",21,15
"2017","61061",83,37
"2017","61101",9,12
"2017","61105",10,6
"2017","61106",7,2
"2017","61107",3,1
"2017","61108",614,452
"2017","61109",2,9
"2017","61110",10,7
"2017","61111",4,1
"2017","61112",7,2
"2017","61113",24,14
"2017","61114",7,7
"2017","61115",0,1
"2017","61116",6,4
"2017","61118",81,194
"2017","61119",3,3
"2017","61120",58,35
"2017","61203",22,29
"2017","61204",20,13
"2017","61205",8,5
"2017","61206",4,3
"2017","61207",66,30
"2017","61213",54,26
"2017","61215",15,5
"2017","61217",35,18
"2017","61222",3,0
"2017","61236",43,32
"2017","61243",2,2
"2017","61247",49,11
"2017","61251",3,10
"2017","61252",7,4
"2017","61253",20,13
"2017","61254",12,5
"2017","61255",65,50
"2017","61256",14,4
"2017","61257",28,17
"2017","61258",5,2
"2017","61259",125,54
"2017","61260",19,8
"2017","61261",19,7
"2017","61262",26,11
"2017","61263",75,24
"2017","61264",27,19
"2017","61265",95,57
"2017","61266",12,5
"2017","61267",44,30
"2017","61410",3,0
"2017","61413",NA,NA
"2017","61425",14,20
"2017","61428",NA,NA
"2017","61437",3,4
"2017","61438",21,20
"2017","61439",14,28
"2017","61440",7,6
"2017","61441",3,5
"2017","61442",16,14
"2017","61443",5,11
"2017","61444",8,8
"2017","61445",14,3
"2017","61446",10,4
"2017","61611",8,6
"2017","61612",23,8
"2017","61615",16,12
"2017","61618",8,16
"2017","61621",8,4
"2017","61624",13,12
"2017","61625",69,30
"2017","61626",33,16
"2017","61627",12,3
"2017","61628",5,4
"2017","61629",12,7
"2017","61630",7,4
"2017","61631",45,62
"2017","61632",23,16
"2017","61633",27,13
"2017","61701",11,6
"2017","61708",4,5
"2017","61710",6,4
"2017","61711",1,0
"2017","61716",8,11
"2017","61719",22,5
"2017","61727",11,7
"2017","61728",1,0
"2017","61729",10,8
"2017","61730",4,5
"2017","61731",1,0
"2017","61740",4,0
"2017","61741",1,8
"2017","61743",5,1
"2017","61744",1,2
"2017","61745",4,3
"2017","61746",20,13
"2017","61748",18,8
"2017","61750",3,2
"2017","61751",9,2
"2017","61756",11,19
"2017","61757",3,11
"2017","61758",4,6
"2017","61759",3,1
"2017","61760",100,78
"2017","61761",3,2
"2017","61762",8,5
"2017","61763",10,19
"2017","61764",10,8
"2017","61765",37,32
"2017","61766",159,72
"2017","62007",49,22
"2017","62008",5,9
"2017","62010",7,1
"2017","62014",4,5
"2017","62021",1,4
"2017","62026",1,5
"2017","62032",6,5
"2017","62034",2,2
"2017","62036",14,13
"2017","62038",141,135
"2017","62039",6,2
"2017","62040",92,73
"2017","62041",174,101
"2017","62042",13,7
"2017","62043",12,14
"2017","62044",10,7
"2017","62045",8,18
"2017","62046",11,4
"2017","62047",47,33
"2017","62048",9,7
"2017","62105",3,4
"2017","62115",16,10
"2017","62116",10,8
"2017","62125",9,21
"2017","62128",31,15
"2017","62131",248,69
"2017","62132",2,2
"2017","62135",14,4
"2017","62138",11,12
"2017","62139",150,85
"2017","62140",309,219
"2017","62141",40,22
"2017","62142",42,33
"2017","62143",88,72
"2017","62144",27,36
"2017","62145",36,21
"2017","62146",28,19
"2017","62147",11,10
"2017","62148",18,10
"2017","62202",13,19
"2017","62205",0,5
"2017","62206",8,18
"2017","62209",8,3
"2017","62211",6,19
"2017","62214",2,8
"2017","62216",4,6
"2017","62219",59,20
"2017","62220",5,10
"2017","62226",23,17
"2017","62232",1,2
"2017","62233",19,17
"2017","62235",6,4
"2017","62242",5,0
"2017","62244",5,19
"2017","62245",2,1
"2017","62247",4,7
"2017","62256",11,10
"2017","62262",7,1
"2017","62264",17,19
"2017","62265",3,4
"2017","62266",4,6
"2017","62268",8,8
"2017","62269",7,6
"2017","62270",7,4
"2017","62271",10,12
"2017","62272",15,17
"2017","62273",9,3
"2017","62274",48,10
"2017","62275",19,9
"2017","62276",9,7
"2017","62277",4,4
"2017","62278",7,9
"2017","62279",1,7
"2017","62280",102,77
"2017","62311",3,2
"2017","62314",5,4
"2017","62326",2,3
"2017","62330",2,1
"2017","62332",8,2
"2017","62335",5,2
"2017","62343",13,5
"2017","62368",3,2
"2017","62372",2,3
"2017","62375",60,43
"2017","62376",34,29
"2017","62377",13,5
"2017","62378",34,57
"2017","62379",131,78
"2017","62380",18,14
"2017","62381",13,12
"2017","62382",31,25
"2017","62383",31,22
"2017","62384",7,9
"2017","62385",7,5
"2017","62386",20,20
"2017","62387",1,7
"2017","62388",13,11
"2017","62389",12,8
"2017","62390",15,18
"2017","70101",5210,3743
"2017","70201",37,21
"2017","70202",35,28
"2017","70203",153,95
"2017","70204",0,1
"2017","70205",47,65
"2017","70206",1,1
"2017","70207",8,3
"2017","70208",76,75
"2017","70209",44,23
"2017","70210",8,3
"2017","70211",26,24
"2017","70212",28,19
"2017","70213",18,14
"2017","70214",43,8
"2017","70215",21,7
"2017","70216",13,7
"2017","70217",19,15
"2017","70218",27,13
"2017","70219",27,17
"2017","70220",236,196
"2017","70221",16,9
"2017","70222",23,15
"2017","70223",29,23
"2017","70224",16,16
"2017","70301",42,31
"2017","70302",29,27
"2017","70303",32,22
"2017","70304",44,42
"2017","70305",42,21
"2017","70306",21,22
"2017","70307",8,3
"2017","70308",9,5
"2017","70309",22,15
"2017","70310",68,53
"2017","70311",12,3
"2017","70312",42,26
"2017","70313",31,17
"2017","70314",4,9
"2017","70315",14,6
"2017","70317",7,3
"2017","70318",13,6
"2017","70319",34,30
"2017","70320",33,23
"2017","70322",15,9
"2017","70323",5,2
"2017","70325",6,7
"2017","70326",69,42
"2017","70328",13,24
"2017","70329",41,22
"2017","70331",46,24
"2017","70332",34,29
"2017","70333",2,5
"2017","70334",103,41
"2017","70335",7,16
"2017","70336",5,6
"2017","70337",20,13
"2017","70338",9,13
"2017","70339",17,7
"2017","70340",8,12
"2017","70342",14,12
"2017","70343",15,14
"2017","70344",42,25
"2017","70345",7,12
"2017","70346",114,69
"2017","70347",0,2
"2017","70348",41,25
"2017","70349",3,2
"2017","70350",44,22
"2017","70351",121,82
"2017","70352",1,2
"2017","70353",36,32
"2017","70354",233,199
"2017","70355",50,23
"2017","70356",16,7
"2017","70357",177,155
"2017","70358",59,49
"2017","70359",9,4
"2017","70360",8,9
"2017","70361",3,0
"2017","70362",2,1
"2017","70364",79,78
"2017","70365",34,15
"2017","70366",6,3
"2017","70367",60,39
"2017","70368",14,8
"2017","70369",130,124
"2017","70370",36,29
"2017","70401",28,24
"2017","70402",36,16
"2017","70403",161,113
"2017","70404",38,44
"2017","70405",8,3
"2017","70406",71,43
"2017","70407",13,14
"2017","70408",35,37
"2017","70409",111,58
"2017","70410",67,37
"2017","70411",218,160
"2017","70412",100,54
"2017","70413",47,20
"2017","70414",32,21
"2017","70415",15,4
"2017","70416",179,120
"2017","70417",52,24
"2017","70418",16,18
"2017","70419",45,9
"2017","70420",67,42
"2017","70501",32,31
"2017","70502",8,8
"2017","70503",57,39
"2017","70504",10,3
"2017","70505",21,19
"2017","70506",55,22
"2017","70508",84,55
"2017","70509",71,42
"2017","70510",34,48
"2017","70511",115,69
"2017","70512",57,25
"2017","70513",648,462
"2017","70514",78,39
"2017","70515",58,45
"2017","70516",12,9
"2017","70517",24,15
"2017","70518",45,29
"2017","70519",7,6
"2017","70520",33,19
"2017","70521",10,9
"2017","70522",55,63
"2017","70523",2,3
"2017","70524",35,18
"2017","70525",21,19
"2017","70526",40,28
"2017","70527",66,28
"2017","70528",12,8
"2017","70529",37,41
"2017","70530",43,41
"2017","70531",272,179
"2017","70601",NA,NA
"2017","70602",2,0
"2017","70603",87,86
"2017","70604",17,11
"2017","70605",20,4
"2017","70606",15,24
"2017","70607",6,8
"2017","70608",39,39
"2017","70609",16,15
"2017","70610",1,2
"2017","70611",2,3
"2017","70612",3,1
"2017","70613",11,0
"2017","70614",102,83
"2017","70615",40,28
"2017","70616",23,17
"2017","70617",31,10
"2017","70618",4,5
"2017","70619",27,34
"2017","70620",19,10
"2017","70621",43,33
"2017","70622",7,9
"2017","70623",11,5
"2017","70624",27,7
"2017","70625",0,1
"2017","70626",0,1
"2017","70627",2,3
"2017","70628",3,1
"2017","70629",1,2
"2017","70630",37,14
"2017","70701",1,7
"2017","70702",3,1
"2017","70703",3,4
"2017","70704",2,1
"2017","70705",3,9
"2017","70706",2,2
"2017","70707",23,10
"2017","70708",5,2
"2017","70709",11,5
"2017","70710",4,5
"2017","70711",1,0
"2017","70712",12,12
"2017","70713",4,2
"2017","70714",2,4
"2017","70715",3,6
"2017","70716",87,62
"2017","70717",10,8
"2017","70718",6,6
"2017","70719",12,14
"2017","70720",4,2
"2017","70721",1,1
"2017","70723",1,1
"2017","70724",4,5
"2017","70725",NA,NA
"2017","70726",1,0
"2017","70727",0,2
"2017","70728",18,11
"2017","70729",4,5
"2017","70731",1,0
"2017","70732",3,3
"2017","70733",0,1
"2017","70734",4,6
"2017","70735",10,5
"2017","70801",5,7
"2017","70802",17,4
"2017","70803",14,6
"2017","70804",13,12
"2017","70805",28,30
"2017","70806",18,8
"2017","70807",70,55
"2017","70808",7,6
"2017","70809",2,1
"2017","70810",7,2
"2017","70811",20,16
"2017","70812",1,0
"2017","70813",8,8
"2017","70814",11,3
"2017","70815",3,2
"2017","70816",6,11
"2017","70817",7,8
"2017","70818",34,17
"2017","70819",NA,NA
"2017","70820",33,16
"2017","70821",35,19
"2017","70822",13,7
"2017","70823",2,1
"2017","70824",9,10
"2017","70825",4,1
"2017","70826",41,18
"2017","70827",6,6
"2017","70828",126,81
"2017","70829",5,3
"2017","70830",6,5
"2017","70831",2,3
"2017","70832",45,14
"2017","70833",26,20
"2017","70834",2,0
"2017","70835",18,12
"2017","70836",10,14
"2017","70837",15,5
"2017","70901",36,34
"2017","70902",23,12
"2017","70903",2,0
"2017","70904",4,6
"2017","70905",14,12
"2017","70907",124,66
"2017","70908",49,24
"2017","70909",98,60
"2017","70910",12,8
"2017","70911",2,3
"2017","70912",13,13
"2017","70913",3,3
"2017","70914",12,6
"2017","70915",15,6
"2017","70916",11,13
"2017","70917",94,82
"2017","70918",26,15
"2017","70920",88,79
"2017","70921",11,3
"2017","70922",34,26
"2017","70923",23,14
"2017","70924",3,3
"2017","70925",30,16
"2017","70926",167,119
"2017","70927",61,40
"2017","70928",21,13
"2017","70929",9,4
"2017","70930",13,16
"2017","70931",18,13
"2017","70932",2,1
"2017","70933",16,12
"2017","70934",71,56
"2017","70935",46,19
"2017","70936",51,30
"2017","70937",20,19
"2017","70938",10,11
"2017","70939",10,5
"2017","70940",24,18
"2017","70941",2,4
"2017","80101",16,22
"2017","80102",3,0
"2017","80103",223,218
"2017","80104",31,23
"2017","80105",33,24
"2017","80106",43,26
"2017","80107",8,13
"2017","80108",22,13
"2017","80109",4,3
"2017","80110",28,26
"2017","80111",15,8
"2017","80112",16,2
"2017","80113",77,31
"2017","80114",11,12
"2017","80115",73,76
"2017","80116",95,94
"2017","80117",51,29
"2017","80118",14,8
"2017","80119",7,10
"2017","80120",32,37
"2017","80121",16,9
"2017","80122",82,46
"2017","80123",0,5
"2017","80124",1,4
"2017","80125",3,2
"2017","80126",24,21
"2017","80127",4,5
"2017","80128",30,21
"2017","80129",28,26
"2017","80201",22,27
"2017","80202",27,19
"2017","80203",10,9
"2017","80204",46,22
"2017","80205",10,5
"2017","80206",18,8
"2017","80207",617,449
"2017","80208",9,4
"2017","80209",10,11
"2017","80210",15,13
"2017","80211",26,26
"2017","80212",15,5
"2017","80213",39,21
"2017","80214",31,9
"2017","80215",217,152
"2017","80216",25,12
"2017","80217",122,75
"2017","80218",81,59
"2017","80219",14,17
"2017","80220",22,16
"2017","80221",16,8
"2017","80222",22,17
"2017","80223",16,11
"2017","80224",145,86
"2017","80225",9,6
"2017","80226",105,68
"2017","80227",26,15
"2017","80228",408,325
"2017","80229",6,7
"2017","80230",16,5
"2017","80231",19,5
"2017","80232",11,4
"2017","80233",18,11
"2017","80234",12,3
"2017","80235",40,50
"2017","80236",13,19
"2017","80237",13,3
"2017","80238",29,23
"2017","80239",10,1
"2017","80240",107,87
"2017","80301",1075,866
"2017","80302",304,227
"2017","80303",384,311
"2017","80401",90,70
"2017","80402",2,2
"2017","80403",3,3
"2017","80404",800,639
"2017","80405",110,84
"2017","80406",4,10
"2017","80407",29,19
"2017","80408",225,132
"2017","80409",48,47
"2017","80410",34,31
"2017","80411",6,2
"2017","80412",56,34
"2017","80413",45,31
"2017","80414",120,115
"2017","80415",5,1
"2017","80416",33,12
"2017","80417",30,26
"2017","80418",21,31
"2017","80419",3,3
"2017","80420",34,32
"2017","80421",6,3
"2017","80422",0,1
"2017","80423",17,18
"2017","80424",36,46
"2017","90101",677,559
"2017","90201",4746,3521
"2017","90301",3251,2471
"2017","90401",1689,1190
"2017","90501",2392,1775
"2017","90601",1348,1073
"2017","90701",1500,1124
"2017","90801",2619,1916
"2017","90901",2976,1811
"2017","91001",6492,4393
"2017","91101",2457,1842
"2017","91201",3127,2056
"2017","91301",1138,871
"2017","91401",2254,1605
"2017","91501",4023,3027
"2017","91601",3668,2663
"2017","91701",2107,1659
"2017","91801",1891,1266
"2017","91901",2172,1784
"2017","92001",3656,2605
"2017","92101",2931,2001
"2017","92201",3230,2413
"2017","92301",1550,1073
"2018","10101",322,282
"2018","10201",6,4
"2018","10301",10,7
"2018","10302",12,6
"2018","10303",10,6
"2018","10304",27,16
"2018","10305",11,18
"2018","10306",8,4
"2018","10307",14,15
"2018","10308",6,7
"2018","10309",16,14
"2018","10310",4,2
"2018","10311",4,10
"2018","10312",17,16
"2018","10313",21,6
"2018","10314",7,7
"2018","10315",36,22
"2018","10316",19,9
"2018","10317",19,12
"2018","10318",11,9
"2018","10319",21,14
"2018","10320",1,0
"2018","10321",6,0
"2018","10322",9,1
"2018","10323",5,1
"2018","10401",2,2
"2018","10402",5,5
"2018","10403",8,6
"2018","10404",3,2
"2018","10405",47,26
"2018","10406",5,5
"2018","10407",0,1
"2018","10408",6,7
"2018","10409",3,2
"2018","10410",3,2
"2018","10411",4,9
"2018","10412",3,3
"2018","10413",12,2
"2018","10414",18,16
"2018","10415",11,22
"2018","10416",1,5
"2018","10417",18,21
"2018","10418",7,3
"2018","10419",5,2
"2018","10420",NA,NA
"2018","10421",9,0
"2018","10422",NA,NA
"2018","10423",NA,NA
"2018","10424",2,0
"2018","10425",1,0
"2018","10426",3,3
"2018","10427",3,1
"2018","10428",6,3
"2018","10501",10,10
"2018","10502",6,13
"2018","10503",22,17
"2018","10504",16,13
"2018","10505",6,3
"2018","10506",3,5
"2018","10507",8,2
"2018","10508",15,8
"2018","10509",3,7
"2018","10510",5,1
"2018","10511",2,1
"2018","10512",NA,NA
"2018","10601",14,10
"2018","10602",26,6
"2018","10603",6,7
"2018","10604",2,3
"2018","10605",8,5
"2018","10606",56,47
"2018","10607",28,28
"2018","10608",4,11
"2018","10609",17,12
"2018","10610",17,13
"2018","10611",13,18
"2018","10612",8,17
"2018","10613",10,11
"2018","10614",4,6
"2018","10615",18,7
"2018","10616",4,3
"2018","10617",4,2
"2018","10618",30,31
"2018","10619",0,2
"2018","10701",3,8
"2018","10702",2,4
"2018","10703",34,16
"2018","10704",4,6
"2018","10705",31,11
"2018","10706",15,9
"2018","10707",25,28
"2018","10708",21,11
"2018","10709",8,8
"2018","10710",24,7
"2018","10711",126,63
"2018","10712",17,13
"2018","10713",133,91
"2018","10714",37,36
"2018","10715",22,17
"2018","10716",2,5
"2018","10717",57,34
"2018","10718",21,12
"2018","10719",3,2
"2018","10720",13,8
"2018","10721",11,11
"2018","10722",19,12
"2018","10723",10,7
"2018","10724",16,13
"2018","10725",2,2
"2018","10726",9,5
"2018","10727",26,13
"2018","10801",20,15
"2018","10802",3,0
"2018","10803",8,5
"2018","10804",12,15
"2018","10805",10,11
"2018","10806",1,0
"2018","10807",3,3
"2018","10808",5,16
"2018","10809",11,14
"2018","10810",11,7
"2018","10811",10,4
"2018","10812",8,10
"2018","10813",6,8
"2018","10814",4,4
"2018","10815",4,8
"2018","10816",35,29
"2018","10817",0,1
"2018","10818",5,4
"2018","10819",6,1
"2018","10820",6,9
"2018","10821",7,7
"2018","10822",8,9
"2018","10823",10,2
"2018","10824",2,7
"2018","10825",5,12
"2018","10826",3,5
"2018","10827",1,2
"2018","10828",1,1
"2018","10901",21,11
"2018","10902",16,24
"2018","10903",4,7
"2018","10904",3,1
"2018","10905",22,12
"2018","10906",8,5
"2018","10907",17,3
"2018","10908",3,4
"2018","10909",9,6
"2018","10910",14,26
"2018","10911",4,4
"2018","10912",15,14
"2018","10913",5,2
"2018","10914",6,2
"2018","10915",3,4
"2018","10916",17,25
"2018","10917",78,62
"2018","10918",53,32
"2018","10919",22,31
"2018","10920",4,2
"2018","10921",9,9
"2018","10922",13,12
"2018","10923",20,9
"2018","10924",1,5
"2018","10925",4,2
"2018","10926",3,5
"2018","10927",1,0
"2018","10928",13,21
"2018","10929",1,0
"2018","10930",1,1
"2018","10931",1,0
"2018","10932",4,3
"2018","20101",1852,1558
"2018","20201",1135,691
"2018","20302",5,2
"2018","20305",92,38
"2018","20306",21,65
"2018","20307",45,15
"2018","20316",15,10
"2018","20320",17,8
"2018","20321",5,2
"2018","20402",49,34
"2018","20403",26,13
"2018","20405",72,39
"2018","20409",20,11
"2018","20412",17,14
"2018","20414",20,12
"2018","20415",71,33
"2018","20416",3,1
"2018","20417",12,10
"2018","20418",22,17
"2018","20419",15,14
"2018","20421",18,31
"2018","20424",60,29
"2018","20425",16,10
"2018","20428",5,0
"2018","20432",22,21
"2018","20435",20,17
"2018","20441",2,0
"2018","20442",9,10
"2018","20501",29,115
"2018","20502",11,14
"2018","20503",3,0
"2018","20504",15,5
"2018","20505",16,13
"2018","20506",7,3
"2018","20508",3,4
"2018","20509",3,8
"2018","20511",16,10
"2018","20512",9,10
"2018","20513",5,13
"2018","20515",19,25
"2018","20518",5,8
"2018","20519",5,3
"2018","20520",11,5
"2018","20523",29,26
"2018","20527",141,95
"2018","20530",6,16
"2018","20531",13,16
"2018","20534",9,12
"2018","20601",59,21
"2018","20602",7,0
"2018","20603",4,11
"2018","20604",12,8
"2018","20605",12,7
"2018","20607",13,3
"2018","20608",8,8
"2018","20609",5,4
"2018","20610",13,11
"2018","20611",8,22
"2018","20613",3,2
"2018","20616",7,5
"2018","20618",12,12
"2018","20619",11,2
"2018","20620",31,33
"2018","20622",5,7
"2018","20624",15,4
"2018","20625",4,8
"2018","20627",28,24
"2018","20630",41,34
"2018","20631",3,2
"2018","20632",17,5
"2018","20633",22,12
"2018","20634",55,25
"2018","20635",135,103
"2018","20636",5,1
"2018","20637",11,7
"2018","20638",19,1
"2018","20639",7,1
"2018","20640",2,2
"2018","20642",5,3
"2018","20643",19,16
"2018","20644",21,13
"2018","20701",1,1
"2018","20702",52,57
"2018","20703",3,7
"2018","20705",23,20
"2018","20707",8,9
"2018","20708",5,2
"2018","20710",8,5
"2018","20711",65,58
"2018","20712",7,5
"2018","20713",62,54
"2018","20719",14,5
"2018","20720",30,28
"2018","20721",15,5
"2018","20722",29,16
"2018","20723",7,6
"2018","20724",25,22
"2018","20725",120,76
"2018","20726",19,21
"2018","20727",29,38
"2018","20801",56,20
"2018","20802",3,7
"2018","20803",44,18
"2018","20804",22,13
"2018","20805",16,3
"2018","20806",3,1
"2018","20807",9,10
"2018","20808",17,16
"2018","20810",5,2
"2018","20812",10,3
"2018","20813",73,57
"2018","20815",8,16
"2018","20817",46,52
"2018","20901",21,20
"2018","20905",12,16
"2018","20909",22,7
"2018","20911",2,0
"2018","20912",6,19
"2018","20913",39,42
"2018","20914",3,2
"2018","20918",9,10
"2018","20923",131,92
"2018","21001",3,5
"2018","21002",84,43
"2018","21003",7,7
"2018","21004",10,5
"2018","21005",10,7
"2018","21006",229,32
"2018","21007",26,11
"2018","21008",11,9
"2018","21009",19,27
"2018","21010",19,13
"2018","30101",539,460
"2018","30201",778,744
"2018","30301",49,49
"2018","30401",814,635
"2018","30501",1,3
"2018","30502",309,164
"2018","30503",8,5
"2018","30504",23,26
"2018","30506",21,11
"2018","30507",6,3
"2018","30508",27,12
"2018","30509",9,10
"2018","30510",1,0
"2018","30511",6,7
"2018","30512",2,0
"2018","30514",17,18
"2018","30515",7,7
"2018","30516",10,4
"2018","30517",52,33
"2018","30520",12,6
"2018","30521",6,2
"2018","30522",16,4
"2018","30524",30,24
"2018","30526",7,9
"2018","30527",21,18
"2018","30529",19,11
"2018","30530",13,9
"2018","30531",81,61
"2018","30532",13,16
"2018","30533",20,18
"2018","30534",17,13
"2018","30536",3,4
"2018","30538",4,7
"2018","30539",5,2
"2018","30541",4,3
"2018","30542",21,23
"2018","30543",4,9
"2018","30544",13,3
"2018","30601",49,67
"2018","30602",83,42
"2018","30603",124,98
"2018","30604",341,283
"2018","30605",93,73
"2018","30607",98,79
"2018","30608",23,18
"2018","30609",4,1
"2018","30612",22,9
"2018","30613",31,24
"2018","30614",2,10
"2018","30615",51,119
"2018","30616",8,4
"2018","30618",46,59
"2018","30620",29,26
"2018","30621",19,16
"2018","30623",43,46
"2018","30625",25,22
"2018","30626",78,63
"2018","30627",26,16
"2018","30629",12,15
"2018","30631",19,5
"2018","30633",4,1
"2018","30635",10,10
"2018","30636",22,26
"2018","30637",13,6
"2018","30639",873,348
"2018","30641",75,51
"2018","30645",13,13
"2018","30646",14,11
"2018","30701",3,3
"2018","30702",33,19
"2018","30703",42,12
"2018","30704",113,76
"2018","30706",38,34
"2018","30708",8,8
"2018","30709",22,7
"2018","30710",299,141
"2018","30711",11,10
"2018","30712",6,3
"2018","30713",13,8
"2018","30715",2,3
"2018","30716",74,34
"2018","30718",13,8
"2018","30719",34,13
"2018","30721",16,7
"2018","30722",5,6
"2018","30724",8,4
"2018","30726",11,7
"2018","30728",69,23
"2018","30729",38,36
"2018","30730",72,64
"2018","30731",31,25
"2018","30732",49,74
"2018","30733",20,5
"2018","30734",20,14
"2018","30735",38,38
"2018","30736",27,28
"2018","30737",12,10
"2018","30738",3,5
"2018","30739",23,14
"2018","30740",361,403
"2018","30741",9,14
"2018","30801",1,3
"2018","30802",38,33
"2018","30803",20,16
"2018","30804",33,23
"2018","30805",4,5
"2018","30808",97,82
"2018","30810",4,8
"2018","30811",3,13
"2018","30812",4,3
"2018","30813",12,6
"2018","30814",23,10
"2018","30817",88,101
"2018","30819",3,4
"2018","30821",140,117
"2018","30822",1,0
"2018","30824",1,1
"2018","30825",31,14
"2018","30826",4,2
"2018","30827",28,17
"2018","30828",0,5
"2018","30829",6,5
"2018","30830",35,26
"2018","30831",39,21
"2018","30834",29,34
"2018","30835",45,43
"2018","30836",11,7
"2018","30838",16,12
"2018","30841",10,7
"2018","30842",18,13
"2018","30844",25,16
"2018","30845",14,9
"2018","30846",NA,NA
"2018","30848",10,7
"2018","30849",17,22
"2018","30850",7,3
"2018","30852",7,16
"2018","30854",3,3
"2018","30856",55,45
"2018","30857",5,11
"2018","30858",2,2
"2018","30859",1,2
"2018","30860",14,5
"2018","30863",53,46
"2018","30865",11,8
"2018","30902",2,1
"2018","30903",2,6
"2018","30904",3,1
"2018","30906",1,4
"2018","30908",47,42
"2018","30909",7,8
"2018","30910",5,5
"2018","30912",3,3
"2018","30913",9,3
"2018","30915",2,0
"2018","30916",22,23
"2018","30917",2,2
"2018","30920",2,5
"2018","30921",3,6
"2018","30925",8,12
"2018","30929",2,5
"2018","30932",16,10
"2018","30935",16,19
"2018","30939",0,2
"2018","30940",0,2
"2018","30942",8,1
"2018","31001",2,2
"2018","31008",20,16
"2018","31009",10,7
"2018","31014",6,9
"2018","31015",6,9
"2018","31016",11,5
"2018","31018",8,9
"2018","31019",2,7
"2018","31021",5,4
"2018","31022",103,134
"2018","31025",1,1
"2018","31026",2,7
"2018","31028",6,2
"2018","31033",0,3
"2018","31035",1,1
"2018","31036",8,2
"2018","31037",34,24
"2018","31038",6,7
"2018","31041",2,2
"2018","31042",4,3
"2018","31043",6,4
"2018","31051",11,5
"2018","31052",5,5
"2018","31053",6,12
"2018","31101",2,1
"2018","31102",NA,NA
"2018","31103",3,6
"2018","31104",3,11
"2018","31105",13,18
"2018","31106",21,13
"2018","31107",1,4
"2018","31109",31,47
"2018","31110",7,3
"2018","31111",1,2
"2018","31113",0,1
"2018","31114",3,0
"2018","31117",2,0
"2018","31119",2,5
"2018","31120",2,1
"2018","31121",6,13
"2018","31123",2,6
"2018","31124",2,1
"2018","31129",6,3
"2018","31130",3,11
"2018","31201",37,26
"2018","31202",5,11
"2018","31203",29,18
"2018","31204",3,8
"2018","31205",7,6
"2018","31206",37,31
"2018","31207",19,14
"2018","31208",11,12
"2018","31213",303,217
"2018","31214",83,56
"2018","31215",12,5
"2018","31216",29,21
"2018","31224",3,2
"2018","31226",21,14
"2018","31227",5,5
"2018","31228",5,1
"2018","31229",4,7
"2018","31230",186,141
"2018","31234",9,2
"2018","31235",168,120
"2018","31301",5,2
"2018","31302",3,3
"2018","31303",2,0
"2018","31304",6,3
"2018","31308",4,7
"2018","31309",17,16
"2018","31310",10,5
"2018","31311",23,8
"2018","31315",5,12
"2018","31319",3,3
"2018","31321",7,0
"2018","31322",48,37
"2018","31323",6,7
"2018","31324",5,2
"2018","31326",2,5
"2018","31327",34,20
"2018","31330",2,4
"2018","31333",12,11
"2018","31336",6,4
"2018","31337",10,8
"2018","31338",1,13
"2018","31340",2,2
"2018","31343",21,16
"2018","31344",10,8
"2018","31346",7,11
"2018","31347",4,0
"2018","31350",3,1
"2018","31351",0,1
"2018","31355",7,7
"2018","31356",3,0
"2018","31401",5,7
"2018","31402",6,11
"2018","31403",56,16
"2018","31404",20,18
"2018","31405",5,3
"2018","31406",17,3
"2018","31407",19,38
"2018","31408",12,7
"2018","31409",15,4
"2018","31410",2,2
"2018","31411",8,11
"2018","31412",26,19
"2018","31413",40,28
"2018","31414",11,3
"2018","31502",3,0
"2018","31503",16,19
"2018","31504",3,9
"2018","31505",37,21
"2018","31506",2,0
"2018","31507",8,1
"2018","31508",1,3
"2018","31509",10,1
"2018","31511",6,9
"2018","31513",7,5
"2018","31514",4,10
"2018","31515",1,1
"2018","31516",10,3
"2018","31517",22,5
"2018","31519",10,3
"2018","31520",14,12
"2018","31521",7,6
"2018","31522",21,11
"2018","31523",8,7
"2018","31524",68,34
"2018","31525",8,4
"2018","31527",9,4
"2018","31528",5,7
"2018","31530",3,9
"2018","31531",28,17
"2018","31533",42,11
"2018","31534",14,5
"2018","31535",1,3
"2018","31537",9,7
"2018","31539",26,9
"2018","31540",5,4
"2018","31541",0,2
"2018","31542",3,4
"2018","31543",1,2
"2018","31546",6,5
"2018","31549",89,37
"2018","31550",2,4
"2018","31551",19,14
"2018","31552",5,3
"2018","31553",12,13
"2018","31601",8,8
"2018","31603",6,3
"2018","31604",17,11
"2018","31605",13,3
"2018","31606",5,2
"2018","31608",4,0
"2018","31609",3,0
"2018","31611",3,6
"2018","31612",15,18
"2018","31613",1,1
"2018","31614",13,11
"2018","31615",7,6
"2018","31616",3,8
"2018","31617",0,2
"2018","31620",8,8
"2018","31621",12,4
"2018","31622",1,8
"2018","31627",4,4
"2018","31628",9,8
"2018","31629",31,20
"2018","31630",4,8
"2018","31633",55,74
"2018","31634",2,4
"2018","31636",2,2
"2018","31642",5,5
"2018","31644",31,54
"2018","31645",12,5
"2018","31646",3,9
"2018","31649",8,7
"2018","31650",11,4
"2018","31651",9,9
"2018","31652",1,4
"2018","31653",3,4
"2018","31654",11,6
"2018","31655",39,45
"2018","31658",5,2
"2018","31701",16,7
"2018","31702",31,22
"2018","31703",54,42
"2018","31704",127,95
"2018","31706",21,17
"2018","31707",21,13
"2018","31709",46,20
"2018","31710",117,113
"2018","31711",12,9
"2018","31712",42,36
"2018","31713",23,28
"2018","31714",6,5
"2018","31715",41,34
"2018","31716",95,111
"2018","31717",297,222
"2018","31718",18,6
"2018","31719",124,131
"2018","31723",84,65
"2018","31725",71,80
"2018","31726",25,16
"2018","31801",2,2
"2018","31802",12,9
"2018","31803",5,10
"2018","31804",2,2
"2018","31805",10,7
"2018","31806",1,0
"2018","31807",2,2
"2018","31808",14,10
"2018","31809",NA,NA
"2018","31810",80,57
"2018","31811",15,29
"2018","31812",16,14
"2018","31813",14,15
"2018","31814",14,10
"2018","31815",7,0
"2018","31817",13,4
"2018","31818",134,187
"2018","31820",3,1
"2018","31821",27,12
"2018","31823",12,10
"2018","31825",3,2
"2018","31826",8,13
"2018","31827",NA,NA
"2018","31829",133,20
"2018","31830",0,1
"2018","31831",11,1
"2018","31832",7,7
"2018","31833",7,9
"2018","31834",1,2
"2018","31835",16,33
"2018","31836",19,13
"2018","31837",3,4
"2018","31838",17,7
"2018","31839",81,74
"2018","31840",2,14
"2018","31841",2,2
"2018","31842",0,1
"2018","31843",2,5
"2018","31844",6,1
"2018","31845",8,7
"2018","31846",18,16
"2018","31847",12,2
"2018","31848",2,4
"2018","31849",4,8
"2018","31901",13,17
"2018","31902",11,7
"2018","31903",28,34
"2018","31904",12,6
"2018","31905",49,32
"2018","31906",17,21
"2018","31907",6,7
"2018","31909",8,12
"2018","31910",4,1
"2018","31911",4,6
"2018","31912",39,43
"2018","31913",4,5
"2018","31915",11,7
"2018","31916",8,9
"2018","31917",12,3
"2018","31918",8,13
"2018","31919",6,2
"2018","31920",2,3
"2018","31921",15,14
"2018","31922",14,10
"2018","31923",4,1
"2018","31925",4,1
"2018","31926",55,37
"2018","31927",8,4
"2018","31928",3,2
"2018","31929",22,24
"2018","31930",14,10
"2018","31932",11,8
"2018","31934",21,14
"2018","31935",13,10
"2018","31938",0,8
"2018","31939",3,1
"2018","31940",10,9
"2018","31941",8,6
"2018","31943",71,52
"2018","31945",8,4
"2018","31946",1,0
"2018","31947",54,48
"2018","31948",23,15
"2018","31949",65,67
"2018","31950",23,24
"2018","31951",85,56
"2018","31952",93,80
"2018","31953",27,24
"2018","31954",14,6
"2018","32001",59,69
"2018","32002",8,4
"2018","32003",9,9
"2018","32004",NA,NA
"2018","32005",4,9
"2018","32006",16,4
"2018","32007",21,1
"2018","32008",30,14
"2018","32009",6,1
"2018","32010",4,1
"2018","32011",3,3
"2018","32012",1,3
"2018","32013",33,10
"2018","32014",19,2
"2018","32015",3,0
"2018","32016",90,49
"2018","32017",30,9
"2018","32018",4,8
"2018","32101",33,35
"2018","32104",41,15
"2018","32106",13,12
"2018","32107",28,15
"2018","32109",1,1
"2018","32110",5,5
"2018","32112",18,29
"2018","32114",16,6
"2018","32115",10,7
"2018","32116",18,11
"2018","32119",14,3
"2018","32120",35,39
"2018","32131",69,70
"2018","32132",16,3
"2018","32134",23,9
"2018","32135",201,150
"2018","32139",15,2
"2018","32140",15,8
"2018","32141",48,26
"2018","32142",75,79
"2018","32143",5,5
"2018","32144",402,249
"2018","32202",0,6
"2018","32203",2,5
"2018","32206",0,1
"2018","32207",15,14
"2018","32209",1,4
"2018","32210",6,9
"2018","32212",3,0
"2018","32214",3,0
"2018","32216",11,9
"2018","32217",1,2
"2018","32219",4,0
"2018","32220",35,37
"2018","32221",NA,NA
"2018","32222",0,1
"2018","32223",0,2
"2018","32301",11,12
"2018","32302",2,6
"2018","32304",42,61
"2018","32305",36,35
"2018","32306",18,13
"2018","32307",29,30
"2018","32308",23,21
"2018","32309",1,2
"2018","32310",5,1
"2018","32311",5,9
"2018","32312",2,3
"2018","32313",8,5
"2018","32314",15,8
"2018","32315",2,0
"2018","32316",20,18
"2018","32317",3,2
"2018","32318",13,16
"2018","32319",22,34
"2018","32320",10,4
"2018","32321",6,9
"2018","32322",2,2
"2018","32323",15,7
"2018","32324",0,9
"2018","32325",21,8
"2018","32326",2,4
"2018","32327",44,22
"2018","32330",41,50
"2018","32331",11,6
"2018","32332",35,21
"2018","32333",2,15
"2018","32334",4,3
"2018","32335",1,5
"2018","32336",7,11
"2018","32337",33,50
"2018","32338",4,13
"2018","32501",12,2
"2018","32502",0,3
"2018","32503",NA,NA
"2018","32504",3,2
"2018","32505",4,7
"2018","32506",2,5
"2018","32508",4,2
"2018","32509",5,5
"2018","32511",3,12
"2018","32514",NA,NA
"2018","32515",6,5
"2018","32516",2,1
"2018","32517",5,1
"2018","32518",1,2
"2018","32519",NA,NA
"2018","32520",2,2
"2018","32521",4,2
"2018","32522",2,2
"2018","32523",1,1
"2018","32524",4,9
"2018","32525",2,10
"2018","32528",1,9
"2018","32529",5,7
"2018","32530",27,16
"2018","40101",4914,3263
"2018","40201",522,355
"2018","40301",1400,758
"2018","40401",81,39
"2018","40402",24,21
"2018","40403",11,8
"2018","40404",420,241
"2018","40405",42,21
"2018","40406",35,13
"2018","40407",11,6
"2018","40408",29,14
"2018","40409",15,22
"2018","40410",15,13
"2018","40411",4,3
"2018","40412",15,7
"2018","40413",127,43
"2018","40414",63,49
"2018","40415",9,2
"2018","40416",4,4
"2018","40417",9,6
"2018","40418",60,34
"2018","40419",25,12
"2018","40420",4,13
"2018","40421",210,58
"2018","40422",80,47
"2018","40423",12,9
"2018","40424",14,10
"2018","40425",17,7
"2018","40426",53,26
"2018","40427",10,5
"2018","40428",30,30
"2018","40429",9,13
"2018","40430",13,8
"2018","40431",24,7
"2018","40432",19,9
"2018","40433",9,15
"2018","40434",6,2
"2018","40435",1,1
"2018","40436",32,27
"2018","40437",41,23
"2018","40438",69,68
"2018","40439",10,8
"2018","40440",1,0
"2018","40441",55,18
"2018","40442",2,4
"2018","40443",17,14
"2018","40444",4,5
"2018","40445",19,11
"2018","40446",6,1
"2018","40501",59,35
"2018","40502",13,11
"2018","40503",39,27
"2018","40504",18,13
"2018","40505",4,6
"2018","40506",12,10
"2018","40507",12,14
"2018","40508",14,6
"2018","40509",17,13
"2018","40510",13,7
"2018","40511",8,5
"2018","40512",5,3
"2018","40601",31,31
"2018","40602",5,4
"2018","40603",8,21
"2018","40604",17,6
"2018","40605",3,0
"2018","40606",1,1
"2018","40607",8,4
"2018","40608",0,2
"2018","40609",8,4
"2018","40610",3,5
"2018","40611",1,1
"2018","40612",5,14
"2018","40613",NA,NA
"2018","40614",32,14
"2018","40615",14,8
"2018","40616",3,5
"2018","40617",1,0
"2018","40618",4,7
"2018","40619",2,1
"2018","40620",12,11
"2018","40621",10,8
"2018","40622",10,5
"2018","40623",0,1
"2018","40624",4,6
"2018","40625",6,2
"2018","40626",7,1
"2018","40627",5,13
"2018","40701",92,60
"2018","40702",60,34
"2018","40703",168,102
"2018","40704",69,33
"2018","40705",219,120
"2018","40706",36,20
"2018","40707",16,8
"2018","40708",11,4
"2018","40709",23,13
"2018","40710",15,4
"2018","40711",118,46
"2018","40712",33,15
"2018","40713",43,60
"2018","40714",60,35
"2018","40715",19,6
"2018","40716",8,5
"2018","40717",41,29
"2018","40718",11,7
"2018","40719",33,13
"2018","40720",49,27
"2018","40801",7,7
"2018","40802",61,34
"2018","40804",0,3
"2018","40805",71,108
"2018","40806",37,8
"2018","40807",8,3
"2018","40808",55,42
"2018","40809",26,12
"2018","40810",1,4
"2018","40811",12,10
"2018","40812",7,9
"2018","40813",8,2
"2018","40814",4,5
"2018","40815",2,0
"2018","40816",5,1
"2018","40817",5,4
"2018","40818",7,10
"2018","40820",0,1
"2018","40821",4,3
"2018","40822",15,8
"2018","40823",10,9
"2018","40824",5,1
"2018","40825",1,2
"2018","40826",2,0
"2018","40827",13,4
"2018","40828",1,4
"2018","40829",7,6
"2018","40830",0,1
"2018","40831",21,19
"2018","40832",9,16
"2018","40833",15,9
"2018","40834",1,5
"2018","40835",32,17
"2018","40901",9,7
"2018","40902",30,22
"2018","40903",10,3
"2018","40904",8,9
"2018","40905",50,58
"2018","40906",15,11
"2018","40907",81,43
"2018","40908",42,31
"2018","40909",14,18
"2018","40910",8,15
"2018","40911",3,2
"2018","40912",29,31
"2018","40913",16,18
"2018","40914",5,4
"2018","40915",10,7
"2018","40916",4,0
"2018","40917",15,10
"2018","40918",12,7
"2018","40919",3,1
"2018","40920",4,5
"2018","40921",15,9
"2018","40922",12,18
"2018","40923",32,13
"2018","41001",21,10
"2018","41002",367,232
"2018","41003",68,44
"2018","41004",3,10
"2018","41005",240,124
"2018","41006",5,5
"2018","41007",90,68
"2018","41008",14,9
"2018","41009",42,25
"2018","41010",9,7
"2018","41011",40,11
"2018","41012",306,226
"2018","41013",44,27
"2018","41014",51,38
"2018","41015",4,5
"2018","41016",9,3
"2018","41017",93,84
"2018","41018",11,6
"2018","41019",23,12
"2018","41020",17,17
"2018","41021",521,323
"2018","41022",77,61
"2018","41101",4,4
"2018","41102",11,5
"2018","41103",8,7
"2018","41104",1,11
"2018","41105",19,10
"2018","41106",18,6
"2018","41107",6,1
"2018","41108",273,98
"2018","41109",19,22
"2018","41110",31,23
"2018","41111",46,41
"2018","41112",13,3
"2018","41113",36,8
"2018","41114",28,26
"2018","41115",0,2
"2018","41116",130,40
"2018","41117",4,4
"2018","41118",18,23
"2018","41119",1,1
"2018","41120",17,19
"2018","41121",8,7
"2018","41122",6,2
"2018","41123",17,6
"2018","41124",52,62
"2018","41125",6,10
"2018","41126",22,14
"2018","41201",4,0
"2018","41202",16,5
"2018","41203",47,18
"2018","41204",28,23
"2018","41205",4,1
"2018","41206",0,1
"2018","41207",45,41
"2018","41208",14,4
"2018","41209",6,10
"2018","41210",9,3
"2018","41211",NA,NA
"2018","41212",21,8
"2018","41213",5,2
"2018","41214",15,4
"2018","41215",8,12
"2018","41216",NA,NA
"2018","41217",4,7
"2018","41218",34,11
"2018","41219",76,50
"2018","41220",24,11
"2018","41221",8,6
"2018","41222",NA,NA
"2018","41223",5,11
"2018","41224",25,19
"2018","41225",225,175
"2018","41226",8,7
"2018","41227",3,1
"2018","41228",32,18
"2018","41229",1,2
"2018","41230",11,16
"2018","41231",14,1
"2018","41232",7,0
"2018","41233",12,7
"2018","41234",12,7
"2018","41235",9,1
"2018","41236",1,2
"2018","41304",5,5
"2018","41305",NA,NA
"2018","41306",1,1
"2018","41307",3,0
"2018","41309",13,7
"2018","41311",NA,NA
"2018","41312",8,9
"2018","41313",11,4
"2018","41314",5,2
"2018","41315",11,2
"2018","41316",2,1
"2018","41317",1,5
"2018","41318",3,1
"2018","41319",2,2
"2018","41320",NA,NA
"2018","41321",12,10
"2018","41322",1,0
"2018","41323",3,1
"2018","41324",5,24
"2018","41325",3,3
"2018","41326",2,3
"2018","41327",7,11
"2018","41328",9,7
"2018","41329",9,5
"2018","41331",0,2
"2018","41332",12,4
"2018","41333",NA,NA
"2018","41334",2,2
"2018","41336",1,0
"2018","41337",1,1
"2018","41338",7,7
"2018","41341",13,8
"2018","41342",16,6
"2018","41343",14,7
"2018","41344",36,14
"2018","41345",5,2
"2018","41346",1,2
"2018","41401",4,7
"2018","41402",26,8
"2018","41403",29,13
"2018","41404",6,12
"2018","41405",14,9
"2018","41406",10,0
"2018","41407",8,8
"2018","41408",1,6
"2018","41409",13,7
"2018","41410",59,43
"2018","41411",14,5
"2018","41412",NA,NA
"2018","41413",14,14
"2018","41414",12,17
"2018","41415",5,6
"2018","41416",22,7
"2018","41417",5,5
"2018","41418",51,26
"2018","41419",22,4
"2018","41420",13,11
"2018","41421",6,4
"2018","41422",116,71
"2018","41423",42,37
"2018","41424",1,3
"2018","41425",31,74
"2018","41426",11,16
"2018","41427",15,6
"2018","41428",5,4
"2018","41429",26,21
"2018","41430",10,13
"2018","41501",8,3
"2018","41502",2,3
"2018","41503",69,27
"2018","41504",20,11
"2018","41505",12,5
"2018","41506",55,47
"2018","41507",7,6
"2018","41508",2,0
"2018","41509",5,4
"2018","41510",2,4
"2018","41511",10,4
"2018","41512",7,2
"2018","41513",4,2
"2018","41514",9,3
"2018","41515",7,4
"2018","41516",88,62
"2018","41517",17,14
"2018","41518",25,41
"2018","41521",8,12
"2018","41522",33,26
"2018","41601",12,12
"2018","41602",27,12
"2018","41603",11,11
"2018","41604",6,7
"2018","41605",43,35
"2018","41606",25,26
"2018","41607",45,30
"2018","41608",2,3
"2018","41609",8,4
"2018","41610",1,1
"2018","41611",2,17
"2018","41612",5,3
"2018","41613",13,7
"2018","41614",16,9
"2018","41615",8,10
"2018","41616",1,3
"2018","41617",32,18
"2018","41618",22,32
"2018","41619",6,10
"2018","41620",6,2
"2018","41621",3,2
"2018","41622",3,8
"2018","41623",3,1
"2018","41624",43,30
"2018","41626",20,10
"2018","41627",7,9
"2018","41628",3,5
"2018","41701",38,20
"2018","41702",25,20
"2018","41703",174,81
"2018","41704",4,5
"2018","41705",2,8
"2018","41706",12,17
"2018","41707",8,6
"2018","41708",8,4
"2018","41709",25,19
"2018","41710",76,26
"2018","41711",15,5
"2018","41712",6,4
"2018","41713",54,28
"2018","41714",1,2
"2018","41715",92,107
"2018","41716",9,3
"2018","41717",4,2
"2018","41718",22,10
"2018","41719",25,8
"2018","41720",12,4
"2018","41721",13,0
"2018","41722",23,19
"2018","41723",3,7
"2018","41724",NA,NA
"2018","41725",NA,NA
"2018","41726",19,15
"2018","41727",19,3
"2018","41728",1,0
"2018","41729",5,5
"2018","41730",6,4
"2018","41731",36,36
"2018","41732",9,11
"2018","41733",0,1
"2018","41734",518,64
"2018","41735",22,8
"2018","41736",8,4
"2018","41737",37,15
"2018","41738",88,49
"2018","41739",33,29
"2018","41740",5,11
"2018","41741",4,10
"2018","41742",41,31
"2018","41743",48,55
"2018","41744",14,12
"2018","41745",23,17
"2018","41746",168,94
"2018","41747",39,27
"2018","41748",2,3
"2018","41749",17,2
"2018","41750",32,11
"2018","41751",14,6
"2018","41752",5,8
"2018","41801",2,0
"2018","41802",0,8
"2018","41803",20,10
"2018","41804",25,15
"2018","41805",7,1
"2018","41806",16,11
"2018","41807",3,1
"2018","41808",53,31
"2018","41809",7,4
"2018","41810",18,13
"2018","41811",110,51
"2018","41812",229,147
"2018","41813",4,10
"2018","41814",17,6
"2018","41815",9,5
"2018","41816",20,12
"2018","41817",25,14
"2018","41818",4,8
"2018","41819",8,7
"2018","41820",87,59
"2018","41821",5,4
"2018","41822",13,6
"2018","41823",51,18
"2018","41824",28,24
"2018","50101",4795,3736
"2018","50201",78,38
"2018","50202",27,10
"2018","50203",20,27
"2018","50204",67,30
"2018","50205",246,198
"2018","50206",1,2
"2018","50207",45,22
"2018","50208",71,24
"2018","50209",170,141
"2018","50210",22,6
"2018","50211",10,2
"2018","50212",2,6
"2018","50213",23,20
"2018","50301",89,57
"2018","50302",33,15
"2018","50303",324,105
"2018","50304",19,13
"2018","50305",34,29
"2018","50306",11,5
"2018","50307",15,10
"2018","50308",44,27
"2018","50309",81,55
"2018","50310",63,59
"2018","50311",32,11
"2018","50312",75,33
"2018","50313",3,1
"2018","50314",157,88
"2018","50315",42,53
"2018","50316",31,43
"2018","50317",61,33
"2018","50318",7,0
"2018","50319",56,36
"2018","50320",13,11
"2018","50321",42,31
"2018","50322",44,18
"2018","50323",40,27
"2018","50324",70,45
"2018","50325",18,18
"2018","50326",107,116
"2018","50327",43,24
"2018","50328",13,10
"2018","50329",28,24
"2018","50330",116,61
"2018","50331",10,2
"2018","50332",17,20
"2018","50335",109,47
"2018","50336",32,24
"2018","50337",86,49
"2018","50338",176,124
"2018","50339",116,100
"2018","50401",82,62
"2018","50402",118,80
"2018","50403",87,85
"2018","50404",130,81
"2018","50405",9,7
"2018","50406",33,33
"2018","50407",29,18
"2018","50408",41,24
"2018","50409",1,1
"2018","50410",20,25
"2018","50411",38,23
"2018","50412",25,17
"2018","50413",2,1
"2018","50414",8,9
"2018","50415",22,10
"2018","50416",25,15
"2018","50417",102,52
"2018","50418",177,126
"2018","50419",17,21
"2018","50420",37,29
"2018","50421",31,24
"2018","50422",11,8
"2018","50423",77,43
"2018","50424",41,16
"2018","50425",22,13
"2018","50501",NA,NA
"2018","50502",2,1
"2018","50503",17,10
"2018","50504",15,17
"2018","50505",1,1
"2018","50506",17,8
"2018","50507",2,3
"2018","50508",12,3
"2018","50509",29,20
"2018","50510",74,52
"2018","50511",1,0
"2018","50512",12,18
"2018","50513",3,9
"2018","50514",1,0
"2018","50515",9,2
"2018","50601",14,11
"2018","50602",40,40
"2018","50603",11,7
"2018","50604",16,11
"2018","50605",15,10
"2018","50606",106,55
"2018","50607",15,12
"2018","50608",16,16
"2018","50609",94,36
"2018","50610",19,17
"2018","50611",46,18
"2018","50612",35,27
"2018","50613",67,50
"2018","50614",27,6
"2018","50615",18,9
"2018","50616",32,31
"2018","50617",15,33
"2018","50618",67,61
"2018","50619",193,130
"2018","50620",14,12
"2018","50621",12,8
"2018","50622",23,19
"2018","50623",22,40
"2018","50624",29,16
"2018","50625",10,4
"2018","50626",31,17
"2018","50627",6,5
"2018","50628",227,160
"2018","60101",8321,6248
"2018","60305",5,5
"2018","60318",26,12
"2018","60323",8,1
"2018","60324",6,2
"2018","60326",13,6
"2018","60329",NA,NA
"2018","60341",4,4
"2018","60344",104,57
"2018","60345",13,22
"2018","60346",17,14
"2018","60347",16,14
"2018","60348",20,28
"2018","60349",18,11
"2018","60350",37,26
"2018","60351",15,13
"2018","60608",124,59
"2018","60611",24,21
"2018","60613",57,46
"2018","60617",50,26
"2018","60618",12,4
"2018","60619",29,17
"2018","60623",10,5
"2018","60624",70,53
"2018","60626",7,12
"2018","60628",27,8
"2018","60629",31,31
"2018","60632",33,27
"2018","60639",4,4
"2018","60641",6,2
"2018","60642",9,4
"2018","60645",21,12
"2018","60646",11,12
"2018","60647",NA,NA
"2018","60648",29,15
"2018","60651",17,3
"2018","60653",11,16
"2018","60654",6,12
"2018","60655",23,13
"2018","60656",17,17
"2018","60659",42,27
"2018","60660",22,41
"2018","60661",42,43
"2018","60662",20,15
"2018","60663",29,29
"2018","60664",97,83
"2018","60665",26,18
"2018","60666",2,9
"2018","60667",42,27
"2018","60668",15,5
"2018","60669",138,89
"2018","60670",85,47
"2018","61001",5,9
"2018","61002",8,8
"2018","61007",6,5
"2018","61008",10,12
"2018","61012",19,5
"2018","61013",7,9
"2018","61016",2,4
"2018","61017",2,3
"2018","61019",2,3
"2018","61020",8,5
"2018","61021",10,24
"2018","61024",8,19
"2018","61027",5,4
"2018","61030",4,5
"2018","61032",3,3
"2018","61033",8,7
"2018","61043",16,6
"2018","61045",50,26
"2018","61049",23,15
"2018","61050",15,13
"2018","61051",8,10
"2018","61052",16,12
"2018","61053",142,88
"2018","61054",10,8
"2018","61055",2,1
"2018","61057",7,15
"2018","61059",79,53
"2018","61060",29,15
"2018","61061",79,40
"2018","61101",20,19
"2018","61105",7,4
"2018","61106",5,4
"2018","61107",7,2
"2018","61108",591,512
"2018","61109",1,3
"2018","61110",12,9
"2018","61111",5,1
"2018","61112",6,7
"2018","61113",12,9
"2018","61114",4,8
"2018","61115",4,2
"2018","61116",7,2
"2018","61118",70,277
"2018","61119",4,7
"2018","61120",66,59
"2018","61203",10,15
"2018","61204",23,11
"2018","61205",7,3
"2018","61206",5,4
"2018","61207",83,40
"2018","61213",44,18
"2018","61215",9,6
"2018","61217",40,21
"2018","61222",4,3
"2018","61236",25,34
"2018","61243",5,13
"2018","61247",32,18
"2018","61251",1,1
"2018","61252",15,3
"2018","61253",37,14
"2018","61254",11,20
"2018","61255",60,45
"2018","61256",6,7
"2018","61257",28,25
"2018","61258",34,6
"2018","61259",94,70
"2018","61260",11,6
"2018","61261",21,3
"2018","61262",14,14
"2018","61263",58,35
"2018","61264",26,10
"2018","61265",89,58
"2018","61266",4,1
"2018","61267",33,26
"2018","61410",2,1
"2018","61413",3,0
"2018","61425",7,3
"2018","61428",1,0
"2018","61437",1,2
"2018","61438",30,28
"2018","61439",19,17
"2018","61440",8,11
"2018","61441",2,1
"2018","61442",19,9
"2018","61443",9,12
"2018","61444",11,6
"2018","61445",14,8
"2018","61446",6,5
"2018","61611",7,3
"2018","61612",24,22
"2018","61615",4,9
"2018","61618",22,10
"2018","61621",2,0
"2018","61624",13,6
"2018","61625",63,49
"2018","61626",30,32
"2018","61627",14,3
"2018","61628",2,4
"2018","61629",4,2
"2018","61630",4,1
"2018","61631",54,43
"2018","61632",18,10
"2018","61633",15,20
"2018","61701",15,3
"2018","61708",1,0
"2018","61710",5,3
"2018","61711",4,3
"2018","61716",9,10
"2018","61719",12,12
"2018","61727",23,4
"2018","61728",NA,NA
"2018","61729",6,10
"2018","61730",6,13
"2018","61731",4,0
"2018","61740",1,5
"2018","61741",8,8
"2018","61743",1,1
"2018","61744",1,0
"2018","61745",4,0
"2018","61746",19,8
"2018","61748",23,12
"2018","61750",12,3
"2018","61751",7,3
"2018","61756",8,20
"2018","61757",20,6
"2018","61758",7,3
"2018","61759",7,0
"2018","61760",156,106
"2018","61761",4,4
"2018","61762",14,10
"2018","61763",26,11
"2018","61764",9,2
"2018","61765",23,14
"2018","61766",130,62
"2018","62007",62,35
"2018","62008",6,7
"2018","62010",1,6
"2018","62014",4,3
"2018","62021",4,0
"2018","62026",0,4
"2018","62032",4,8
"2018","62034",2,1
"2018","62036",15,18
"2018","62038",87,96
"2018","62039",4,4
"2018","62040",77,75
"2018","62041",173,98
"2018","62042",5,7
"2018","62043",20,10
"2018","62044",9,3
"2018","62045",4,1
"2018","62046",6,13
"2018","62047",26,29
"2018","62048",18,11
"2018","62105",14,5
"2018","62115",14,20
"2018","62116",11,10
"2018","62125",14,8
"2018","62128",22,12
"2018","62131",85,106
"2018","62132",1,5
"2018","62135",20,12
"2018","62138",5,6
"2018","62139",169,132
"2018","62140",374,205
"2018","62141",46,18
"2018","62142",42,46
"2018","62143",66,90
"2018","62144",23,38
"2018","62145",52,23
"2018","62146",28,19
"2018","62147",6,1
"2018","62148",10,13
"2018","62202",12,8
"2018","62205",3,3
"2018","62206",13,6
"2018","62209",2,5
"2018","62211",11,6
"2018","62214",5,5
"2018","62216",2,2
"2018","62219",40,29
"2018","62220",6,19
"2018","62226",11,22
"2018","62232",0,2
"2018","62233",21,11
"2018","62235",7,3
"2018","62242",3,5
"2018","62244",11,14
"2018","62245",1,2
"2018","62247",2,5
"2018","62256",9,10
"2018","62262",8,3
"2018","62264",15,13
"2018","62265",6,4
"2018","62266",12,16
"2018","62268",7,7
"2018","62269",12,9
"2018","62270",3,2
"2018","62271",21,5
"2018","62272",6,10
"2018","62273",10,6
"2018","62274",30,9
"2018","62275",10,15
"2018","62276",10,7
"2018","62277",1,4
"2018","62278",14,3
"2018","62279",6,5
"2018","62280",104,45
"2018","62311",3,1
"2018","62314",7,2
"2018","62326",8,1
"2018","62330",1,1
"2018","62332",9,5
"2018","62335",5,2
"2018","62343",3,2
"2018","62368",5,4
"2018","62372",4,7
"2018","62375",77,44
"2018","62376",43,23
"2018","62377",8,4
"2018","62378",43,41
"2018","62379",133,104
"2018","62380",12,12
"2018","62381",12,7
"2018","62382",27,15
"2018","62383",35,24
"2018","62384",10,7
"2018","62385",8,7
"2018","62386",19,23
"2018","62387",4,6
"2018","62388",8,3
"2018","62389",12,6
"2018","62390",25,11
"2018","70101",4989,4094
"2018","70201",52,29
"2018","70202",50,37
"2018","70203",142,99
"2018","70204",3,1
"2018","70205",50,39
"2018","70206",1,3
"2018","70207",13,3
"2018","70208",91,62
"2018","70209",44,35
"2018","70210",6,6
"2018","70211",17,9
"2018","70212",25,17
"2018","70213",11,18
"2018","70214",25,22
"2018","70215",18,7
"2018","70216",13,13
"2018","70217",31,12
"2018","70218",43,17
"2018","70219",25,24
"2018","70220",217,202
"2018","70221",13,12
"2018","70222",24,21
"2018","70223",41,22
"2018","70224",27,20
"2018","70301",69,25
"2018","70302",38,37
"2018","70303",52,34
"2018","70304",64,48
"2018","70305",35,21
"2018","70306",20,20
"2018","70307",5,12
"2018","70308",4,0
"2018","70309",31,10
"2018","70310",43,49
"2018","70311",5,7
"2018","70312",38,43
"2018","70313",13,20
"2018","70314",3,2
"2018","70315",4,6
"2018","70317",14,11
"2018","70318",14,7
"2018","70319",41,34
"2018","70320",43,20
"2018","70322",6,9
"2018","70323",6,2
"2018","70325",5,6
"2018","70326",70,53
"2018","70328",36,14
"2018","70329",56,42
"2018","70331",21,22
"2018","70332",29,25
"2018","70333",2,1
"2018","70334",80,46
"2018","70335",18,19
"2018","70336",5,2
"2018","70337",23,11
"2018","70338",10,7
"2018","70339",2,13
"2018","70340",4,3
"2018","70342",13,7
"2018","70343",25,18
"2018","70344",40,35
"2018","70345",14,7
"2018","70346",83,87
"2018","70347",3,2
"2018","70348",14,22
"2018","70349",2,1
"2018","70350",27,12
"2018","70351",144,98
"2018","70352",8,2
"2018","70353",18,17
"2018","70354",192,209
"2018","70355",36,27
"2018","70356",20,13
"2018","70357",187,154
"2018","70358",85,48
"2018","70359",9,5
"2018","70360",14,7
"2018","70361",2,1
"2018","70362",7,2
"2018","70364",95,93
"2018","70365",38,41
"2018","70366",4,1
"2018","70367",70,54
"2018","70368",7,7
"2018","70369",68,76
"2018","70370",24,21
"2018","70401",36,13
"2018","70402",37,27
"2018","70403",74,130
"2018","70404",47,35
"2018","70405",5,11
"2018","70406",59,56
"2018","70407",16,13
"2018","70408",46,33
"2018","70409",125,90
"2018","70410",75,45
"2018","70411",268,167
"2018","70412",88,62
"2018","70413",29,29
"2018","70414",43,32
"2018","70415",9,8
"2018","70416",212,118
"2018","70417",27,12
"2018","70418",29,10
"2018","70419",36,25
"2018","70420",44,28
"2018","70501",26,16
"2018","70502",7,6
"2018","70503",58,42
"2018","70504",11,4
"2018","70505",25,19
"2018","70506",31,25
"2018","70508",79,47
"2018","70509",70,40
"2018","70510",56,33
"2018","70511",91,59
"2018","70512",61,37
"2018","70513",664,479
"2018","70514",56,27
"2018","70515",37,33
"2018","70516",16,7
"2018","70517",35,18
"2018","70518",43,27
"2018","70519",13,6
"2018","70520",30,21
"2018","70521",13,12
"2018","70522",55,63
"2018","70523",9,2
"2018","70524",44,23
"2018","70525",20,14
"2018","70526",64,40
"2018","70527",51,28
"2018","70528",16,9
"2018","70529",55,38
"2018","70530",70,36
"2018","70531",262,142
"2018","70601",0,1
"2018","70602",1,6
"2018","70603",85,67
"2018","70604",13,7
"2018","70605",5,7
"2018","70606",29,15
"2018","70607",12,9
"2018","70608",46,29
"2018","70609",14,14
"2018","70610",1,1
"2018","70611",7,9
"2018","70612",5,3
"2018","70613",1,3
"2018","70614",111,80
"2018","70615",29,35
"2018","70616",29,21
"2018","70617",25,13
"2018","70618",8,3
"2018","70619",29,4
"2018","70620",9,6
"2018","70621",37,41
"2018","70622",6,2
"2018","70623",15,22
"2018","70624",15,21
"2018","70625",0,1
"2018","70626",5,1
"2018","70627",7,10
"2018","70628",4,1
"2018","70629",14,2
"2018","70630",21,16
"2018","70701",2,2
"2018","70702",1,5
"2018","70703",6,4
"2018","70704",8,2
"2018","70705",2,4
"2018","70706",1,3
"2018","70707",8,5
"2018","70708",6,4
"2018","70709",9,3
"2018","70710",2,1
"2018","70711",6,3
"2018","70712",9,7
"2018","70713",4,13
"2018","70714",2,2
"2018","70715",2,3
"2018","70716",150,73
"2018","70717",6,7
"2018","70718",4,2
"2018","70719",11,1
"2018","70720",1,5
"2018","70721",3,7
"2018","70723",0,2
"2018","70724",2,3
"2018","70725",NA,NA
"2018","70726",1,1
"2018","70727",1,0
"2018","70728",13,14
"2018","70729",6,2
"2018","70731",2,0
"2018","70732",4,14
"2018","70733",0,4
"2018","70734",5,4
"2018","70735",1,2
"2018","70801",14,14
"2018","70802",14,6
"2018","70803",10,16
"2018","70804",18,10
"2018","70805",39,13
"2018","70806",27,14
"2018","70807",66,48
"2018","70808",7,6
"2018","70809",0,3
"2018","70810",NA,NA
"2018","70811",32,18
"2018","70812",NA,NA
"2018","70813",6,5
"2018","70814",8,6
"2018","70815",3,3
"2018","70816",12,9
"2018","70817",6,1
"2018","70818",32,35
"2018","70819",NA,NA
"2018","70820",17,17
"2018","70821",49,28
"2018","70822",5,2
"2018","70823",2,0
"2018","70824",12,5
"2018","70825",1,2
"2018","70826",25,12
"2018","70827",13,5
"2018","70828",125,95
"2018","70829",17,8
"2018","70830",8,2
"2018","70831",6,1
"2018","70832",34,17
"2018","70833",43,31
"2018","70834",3,2
"2018","70835",17,8
"2018","70836",36,7
"2018","70837",7,2
"2018","70901",76,34
"2018","70902",23,10
"2018","70903",3,1
"2018","70904",13,6
"2018","70905",17,5
"2018","70907",150,85
"2018","70908",45,26
"2018","70909",115,75
"2018","70910",10,8
"2018","70911",5,1
"2018","70912",17,10
"2018","70913",2,2
"2018","70914",7,7
"2018","70915",14,16
"2018","70916",7,3
"2018","70917",126,72
"2018","70918",23,20
"2018","70920",81,54
"2018","70921",7,6
"2018","70922",40,21
"2018","70923",18,14
"2018","70924",3,3
"2018","70925",16,10
"2018","70926",132,134
"2018","70927",78,51
"2018","70928",16,12
"2018","70929",6,6
"2018","70930",11,3
"2018","70931",17,7
"2018","70932",5,2
"2018","70933",26,20
"2018","70934",87,54
"2018","70935",29,22
"2018","70936",36,43
"2018","70937",77,15
"2018","70938",9,8
"2018","70939",10,17
"2018","70940",15,10
"2018","70941",6,3
"2018","80101",29,20
"2018","80102",1,4
"2018","80103",242,214
"2018","80104",26,21
"2018","80105",39,20
"2018","80106",33,23
"2018","80107",9,8
"2018","80108",27,25
"2018","80109",6,4
"2018","80110",38,28
"2018","80111",17,6
"2018","80112",11,8
"2018","80113",52,48
"2018","80114",5,2
"2018","80115",52,41
"2018","80116",58,57
"2018","80117",49,54
"2018","80118",10,3
"2018","80119",12,4
"2018","80120",35,28
"2018","80121",9,16
"2018","80122",73,61
"2018","80123",6,3
"2018","80124",2,3
"2018","80125",2,4
"2018","80126",23,16
"2018","80127",3,5
"2018","80128",37,21
"2018","80129",24,22
"2018","80201",18,21
"2018","80202",30,19
"2018","80203",29,12
"2018","80204",47,19
"2018","80205",6,11
"2018","80206",15,5
"2018","80207",666,517
"2018","80208",6,4
"2018","80209",4,6
"2018","80210",14,18
"2018","80211",21,20
"2018","80212",7,10
"2018","80213",39,29
"2018","80214",17,17
"2018","80215",249,164
"2018","80216",32,24
"2018","80217",124,79
"2018","80218",103,90
"2018","80219",23,12
"2018","80220",18,16
"2018","80221",13,7
"2018","80222",18,14
"2018","80223",13,9
"2018","80224",139,109
"2018","80225",25,7
"2018","80226",129,88
"2018","80227",35,12
"2018","80228",434,278
"2018","80229",15,9
"2018","80230",23,16
"2018","80231",11,6
"2018","80232",15,1
"2018","80233",12,7
"2018","80234",7,10
"2018","80235",37,44
"2018","80236",21,11
"2018","80237",6,8
"2018","80238",25,24
"2018","80239",3,3
"2018","80240",92,92
"2018","80301",979,828
"2018","80302",220,198
"2018","80303",403,379
"2018","80401",76,60
"2018","80402",0,2
"2018","80403",NA,NA
"2018","80404",808,695
"2018","80405",108,88
"2018","80406",11,0
"2018","80407",25,24
"2018","80408",193,158
"2018","80409",65,41
"2018","80410",34,64
"2018","80411",6,3
"2018","80412",46,32
"2018","80413",42,26
"2018","80414",144,145
"2018","80415",4,5
"2018","80416",20,28
"2018","80417",33,17
"2018","80418",39,45
"2018","80419",9,7
"2018","80420",40,32
"2018","80421",4,7
"2018","80422",1,0
"2018","80423",21,25
"2018","80424",38,26
"2018","90101",658,580
"2018","90201",4319,3740
"2018","90301",3274,2603
"2018","90401",1568,1233
"2018","90501",2135,1758
"2018","90601",1393,1037
"2018","90701",1307,1119
"2018","90801",2632,1710
"2018","90901",2335,1685
"2018","91001",5974,4410
"2018","91101",2174,1670
"2018","91201",2662,2215
"2018","91301",908,823
"2018","91401",2072,1687
"2018","91501",3571,2997
"2018","91601",3254,2584
"2018","91701",2044,1635
"2018","91801",1617,1392
"2018","91901",2032,1598
"2018","92001",3270,2711
"2018","92101",2653,2075
"2018","92201",3302,2493
"2018","92301",1370,1177
"2019","10101",370,325
"2019","10201",22,1
"2019","10301",10,12
"2019","10302",16,7
"2019","10303",15,9
"2019","10304",27,13
"2019","10305",6,11
"2019","10306",4,4
"2019","10307",12,16
"2019","10308",0,1
"2019","10309",25,28
"2019","10310",3,8
"2019","10311",8,2
"2019","10312",16,8
"2019","10313",5,6
"2019","10314",9,9
"2019","10315",32,20
"2019","10316",18,12
"2019","10317",12,5
"2019","10318",13,9
"2019","10319",23,8
"2019","10320",2,2
"2019","10321",12,5
"2019","10322",3,3
"2019","10323",10,4
"2019","10401",6,1
"2019","10402",3,2
"2019","10403",24,6
"2019","10404",6,1
"2019","10405",42,17
"2019","10406",2,13
"2019","10407",8,0
"2019","10408",14,4
"2019","10409",4,2
"2019","10410",2,1
"2019","10411",8,4
"2019","10412",4,4
"2019","10413",9,1
"2019","10414",35,15
"2019","10415",15,14
"2019","10416",2,5
"2019","10417",8,22
"2019","10418",2,3
"2019","10419",1,2
"2019","10420",NA,NA
"2019","10421",6,6
"2019","10422",1,0
"2019","10423",NA,NA
"2019","10424",5,0
"2019","10425",NA,NA
"2019","10426",2,1
"2019","10427",3,6
"2019","10428",3,5
"2019","10501",6,9
"2019","10502",5,5
"2019","10503",23,15
"2019","10504",19,21
"2019","10505",7,4
"2019","10506",15,10
"2019","10507",2,6
"2019","10508",8,3
"2019","10509",10,3
"2019","10510",2,3
"2019","10511",2,1
"2019","10512",0,2
"2019","10601",14,5
"2019","10602",16,7
"2019","10603",6,4
"2019","10604",6,5
"2019","10605",14,7
"2019","10606",41,40
"2019","10607",34,20
"2019","10608",4,0
"2019","10609",14,12
"2019","10610",8,11
"2019","10611",11,7
"2019","10612",9,4
"2019","10613",15,9
"2019","10614",7,1
"2019","10615",11,5
"2019","10616",3,0
"2019","10617",9,10
"2019","10618",23,26
"2019","10619",1,3
"2019","10701",12,6
"2019","10702",3,5
"2019","10703",26,17
"2019","10704",11,5
"2019","10705",40,16
"2019","10706",23,17
"2019","10707",30,22
"2019","10708",17,5
"2019","10709",12,13
"2019","10710",15,14
"2019","10711",118,63
"2019","10712",10,16
"2019","10713",115,65
"2019","10714",20,37
"2019","10715",11,9
"2019","10716",11,3
"2019","10717",51,53
"2019","10718",14,10
"2019","10719",8,4
"2019","10720",9,11
"2019","10721",10,6
"2019","10722",22,13
"2019","10723",10,9
"2019","10724",25,9
"2019","10725",6,6
"2019","10726",11,2
"2019","10727",21,9
"2019","10801",26,10
"2019","10802",14,0
"2019","10803",7,8
"2019","10804",10,9
"2019","10805",13,11
"2019","10806",1,0
"2019","10807",8,7
"2019","10808",3,5
"2019","10809",7,6
"2019","10810",2,13
"2019","10811",11,8
"2019","10812",4,3
"2019","10813",5,8
"2019","10814",7,2
"2019","10815",16,3
"2019","10816",23,28
"2019","10817",6,3
"2019","10818",2,2
"2019","10819",3,6
"2019","10820",8,8
"2019","10821",4,3
"2019","10822",14,2
"2019","10823",9,1
"2019","10824",1,2
"2019","10825",4,16
"2019","10826",3,3
"2019","10827",0,4
"2019","10828",2,2
"2019","10901",22,12
"2019","10902",17,14
"2019","10903",7,10
"2019","10904",5,0
"2019","10905",26,10
"2019","10906",9,2
"2019","10907",21,15
"2019","10908",7,13
"2019","10909",2,0
"2019","10910",6,1
"2019","10911",11,3
"2019","10912",4,15
"2019","10913",9,3
"2019","10914",4,4
"2019","10915",5,5
"2019","10916",29,14
"2019","10917",65,69
"2019","10918",47,45
"2019","10919",23,24
"2019","10920",3,3
"2019","10921",7,4
"2019","10922",6,11
"2019","10923",13,3
"2019","10924",0,2
"2019","10925",6,7
"2019","10926",1,4
"2019","10927",4,0
"2019","10928",2,12
"2019","10929",1,0
"2019","10930",2,5
"2019","10931",0,1
"2019","10932",3,7
"2019","20101",1900,1432
"2019","20201",1146,707
"2019","20302",1,9
"2019","20305",81,45
"2019","20306",19,15
"2019","20307",43,23
"2019","20316",21,8
"2019","20320",14,7
"2019","20321",2,6
"2019","20402",53,39
"2019","20403",20,15
"2019","20405",97,66
"2019","20409",6,3
"2019","20412",18,6
"2019","20414",19,7
"2019","20415",46,27
"2019","20416",3,4
"2019","20417",27,15
"2019","20418",42,18
"2019","20419",10,8
"2019","20421",20,15
"2019","20424",44,42
"2019","20425",23,19
"2019","20428",3,3
"2019","20432",23,18
"2019","20435",16,4
"2019","20441",3,1
"2019","20442",5,7
"2019","20501",34,20
"2019","20502",23,9
"2019","20503",3,2
"2019","20504",10,4
"2019","20505",23,17
"2019","20506",12,3
"2019","20508",4,6
"2019","20509",9,2
"2019","20511",14,15
"2019","20512",7,18
"2019","20513",5,5
"2019","20515",13,16
"2019","20518",5,5
"2019","20519",4,3
"2019","20520",4,2
"2019","20523",37,23
"2019","20527",135,92
"2019","20530",5,4
"2019","20531",9,9
"2019","20534",10,12
"2019","20601",37,35
"2019","20602",9,8
"2019","20603",7,5
"2019","20604",6,3
"2019","20605",5,4
"2019","20607",16,8
"2019","20608",6,2
"2019","20609",9,8
"2019","20610",8,5
"2019","20611",7,3
"2019","20613",12,6
"2019","20616",14,5
"2019","20618",22,10
"2019","20619",3,2
"2019","20620",38,18
"2019","20622",4,0
"2019","20624",0,1
"2019","20625",1,8
"2019","20627",24,17
"2019","20630",26,15
"2019","20631",2,4
"2019","20632",14,11
"2019","20633",9,6
"2019","20634",51,44
"2019","20635",145,90
"2019","20636",5,12
"2019","20637",7,12
"2019","20638",22,16
"2019","20639",3,2
"2019","20640",9,2
"2019","20642",6,6
"2019","20643",9,9
"2019","20644",17,14
"2019","20701",4,2
"2019","20702",70,49
"2019","20703",10,7
"2019","20705",20,6
"2019","20707",7,3
"2019","20708",9,3
"2019","20710",15,7
"2019","20711",72,60
"2019","20712",4,1
"2019","20713",56,63
"2019","20719",29,6
"2019","20720",27,24
"2019","20721",7,3
"2019","20722",46,37
"2019","20723",13,2
"2019","20724",38,32
"2019","20725",107,71
"2019","20726",20,16
"2019","20727",31,29
"2019","20801",66,27
"2019","20802",4,6
"2019","20803",38,16
"2019","20804",21,6
"2019","20805",28,5
"2019","20806",5,4
"2019","20807",12,7
"2019","20808",25,18
"2019","20810",8,2
"2019","20812",6,7
"2019","20813",89,56
"2019","20815",14,5
"2019","20817",65,37
"2019","20901",10,9
"2019","20905",15,11
"2019","20909",23,10
"2019","20911",2,2
"2019","20912",7,2
"2019","20913",65,20
"2019","20914",3,1
"2019","20918",10,8
"2019","20923",141,91
"2019","21001",5,2
"2019","21002",89,40
"2019","21003",14,5
"2019","21004",3,2
"2019","21005",9,11
"2019","21006",199,40
"2019","21007",28,12
"2019","21008",26,9
"2019","21009",35,22
"2019","21010",7,2
"2019","30101",577,453
"2019","30201",755,687
"2019","30301",68,48
"2019","30401",835,575
"2019","30501",3,6
"2019","30502",330,197
"2019","30503",18,11
"2019","30504",22,26
"2019","30506",27,20
"2019","30507",6,11
"2019","30508",37,19
"2019","30509",6,1
"2019","30510",4,0
"2019","30511",4,5
"2019","30512",1,0
"2019","30514",30,13
"2019","30515",14,13
"2019","30516",2,4
"2019","30517",51,37
"2019","30520",14,11
"2019","30521",8,2
"2019","30522",13,4
"2019","30524",7,11
"2019","30526",NA,NA
"2019","30527",18,25
"2019","30529",18,18
"2019","30530",15,6
"2019","30531",109,81
"2019","30532",20,10
"2019","30533",23,14
"2019","30534",15,9
"2019","30536",4,8
"2019","30538",10,6
"2019","30539",3,4
"2019","30541",9,10
"2019","30542",41,23
"2019","30543",11,5
"2019","30544",10,14
"2019","30601",51,33
"2019","30602",124,68
"2019","30603",138,93
"2019","30604",310,287
"2019","30605",88,69
"2019","30607",126,99
"2019","30608",25,16
"2019","30609",2,3
"2019","30612",8,16
"2019","30613",39,24
"2019","30614",10,1
"2019","30615",50,167
"2019","30616",6,12
"2019","30618",74,50
"2019","30620",44,22
"2019","30621",19,13
"2019","30623",41,43
"2019","30625",31,16
"2019","30626",69,54
"2019","30627",17,15
"2019","30629",23,12
"2019","30631",17,5
"2019","30633",3,2
"2019","30635",20,13
"2019","30636",24,20
"2019","30637",4,8
"2019","30639",899,369
"2019","30641",60,64
"2019","30645",15,18
"2019","30646",11,15
"2019","30701",5,1
"2019","30702",34,24
"2019","30703",41,17
"2019","30704",107,113
"2019","30706",38,21
"2019","30708",13,8
"2019","30709",16,23
"2019","30710",239,144
"2019","30711",11,4
"2019","30712",2,4
"2019","30713",16,9
"2019","30715",7,4
"2019","30716",58,67
"2019","30718",3,5
"2019","30719",25,9
"2019","30721",9,13
"2019","30722",7,4
"2019","30724",12,5
"2019","30726",23,5
"2019","30728",61,17
"2019","30729",37,32
"2019","30730",64,64
"2019","30731",49,16
"2019","30732",54,73
"2019","30733",16,9
"2019","30734",32,19
"2019","30735",52,28
"2019","30736",20,32
"2019","30737",5,15
"2019","30738",6,10
"2019","30739",26,15
"2019","30740",430,274
"2019","30741",12,9
"2019","30801",1,9
"2019","30802",29,25
"2019","30803",31,23
"2019","30804",26,26
"2019","30805",8,10
"2019","30808",124,71
"2019","30810",2,3
"2019","30811",10,7
"2019","30812",3,7
"2019","30813",18,10
"2019","30814",22,13
"2019","30817",94,88
"2019","30819",2,2
"2019","30821",117,89
"2019","30822",0,1
"2019","30824",5,6
"2019","30825",31,29
"2019","30826",1,3
"2019","30827",19,13
"2019","30828",6,2
"2019","30829",3,4
"2019","30830",39,43
"2019","30831",56,38
"2019","30834",80,77
"2019","30835",61,45
"2019","30836",3,4
"2019","30838",17,19
"2019","30841",5,10
"2019","30842",11,13
"2019","30844",22,23
"2019","30845",8,11
"2019","30846",NA,NA
"2019","30848",5,12
"2019","30849",15,12
"2019","30850",11,7
"2019","30852",6,7
"2019","30854",3,2
"2019","30856",90,61
"2019","30857",6,2
"2019","30858",11,15
"2019","30859",2,1
"2019","30860",6,15
"2019","30863",40,45
"2019","30865",10,7
"2019","30902",2,4
"2019","30903",5,3
"2019","30904",2,3
"2019","30906",1,1
"2019","30908",53,33
"2019","30909",3,3
"2019","30910",4,6
"2019","30912",0,2
"2019","30913",6,4
"2019","30915",4,1
"2019","30916",10,18
"2019","30917",NA,NA
"2019","30920",5,2
"2019","30921",3,0
"2019","30925",7,18
"2019","30929",5,5
"2019","30932",6,5
"2019","30935",18,15
"2019","30939",1,2
"2019","30940",0,1
"2019","30942",7,7
"2019","31001",1,2
"2019","31008",14,28
"2019","31009",6,4
"2019","31014",3,0
"2019","31015",11,5
"2019","31016",8,5
"2019","31018",16,7
"2019","31019",4,1
"2019","31021",2,4
"2019","31022",74,141
"2019","31025",1,2
"2019","31026",6,6
"2019","31028",3,5
"2019","31033",1,1
"2019","31035",5,2
"2019","31036",4,1
"2019","31037",41,38
"2019","31038",4,5
"2019","31041",3,3
"2019","31042",3,4
"2019","31043",3,0
"2019","31051",6,9
"2019","31052",2,8
"2019","31053",4,5
"2019","31101",1,4
"2019","31102",1,0
"2019","31103",3,1
"2019","31104",4,5
"2019","31105",15,11
"2019","31106",13,28
"2019","31107",4,2
"2019","31109",43,26
"2019","31110",0,2
"2019","31111",0,1
"2019","31113",7,1
"2019","31114",2,1
"2019","31117",1,1
"2019","31119",1,4
"2019","31120",4,6
"2019","31121",2,4
"2019","31123",1,1
"2019","31124",4,1
"2019","31129",1,4
"2019","31130",2,8
"2019","31201",24,32
"2019","31202",7,7
"2019","31203",17,15
"2019","31204",5,5
"2019","31205",8,10
"2019","31206",22,37
"2019","31207",10,8
"2019","31208",12,11
"2019","31213",250,203
"2019","31214",45,54
"2019","31215",4,4
"2019","31216",28,29
"2019","31224",4,5
"2019","31226",18,14
"2019","31227",10,7
"2019","31228",2,2
"2019","31229",4,5
"2019","31230",153,145
"2019","31234",5,3
"2019","31235",147,104
"2019","31301",1,1
"2019","31302",0,2
"2019","31303",4,0
"2019","31304",7,6
"2019","31308",13,7
"2019","31309",20,13
"2019","31310",6,9
"2019","31311",12,9
"2019","31315",15,17
"2019","31319",4,0
"2019","31321",2,2
"2019","31322",43,36
"2019","31323",6,1
"2019","31324",5,2
"2019","31326",2,2
"2019","31327",25,21
"2019","31330",7,3
"2019","31333",19,10
"2019","31336",12,9
"2019","31337",5,10
"2019","31338",5,1
"2019","31340",4,3
"2019","31343",36,23
"2019","31344",9,9
"2019","31346",3,2
"2019","31347",14,6
"2019","31350",0,1
"2019","31351",6,3
"2019","31355",3,7
"2019","31356",4,1
"2019","31401",5,4
"2019","31402",2,11
"2019","31403",35,25
"2019","31404",12,13
"2019","31405",8,3
"2019","31406",12,8
"2019","31407",30,23
"2019","31408",12,18
"2019","31409",12,15
"2019","31410",7,2
"2019","31411",19,11
"2019","31412",15,22
"2019","31413",33,29
"2019","31414",10,2
"2019","31502",2,3
"2019","31503",7,9
"2019","31504",4,3
"2019","31505",51,39
"2019","31506",3,0
"2019","31507",10,10
"2019","31508",8,1
"2019","31509",6,9
"2019","31511",2,3
"2019","31513",5,7
"2019","31514",7,5
"2019","31515",2,1
"2019","31516",7,3
"2019","31517",12,7
"2019","31519",8,5
"2019","31520",12,5
"2019","31521",8,10
"2019","31522",11,5
"2019","31523",12,6
"2019","31524",71,27
"2019","31525",7,2
"2019","31527",17,14
"2019","31528",7,1
"2019","31530",14,2
"2019","31531",40,14
"2019","31533",37,27
"2019","31534",9,9
"2019","31535",2,0
"2019","31537",8,5
"2019","31539",28,12
"2019","31540",3,6
"2019","31541",1,0
"2019","31542",0,3
"2019","31543",3,1
"2019","31546",15,2
"2019","31549",79,29
"2019","31550",3,0
"2019","31551",24,11
"2019","31552",9,4
"2019","31553",11,10
"2019","31601",17,11
"2019","31603",3,3
"2019","31604",25,15
"2019","31605",7,14
"2019","31606",14,1
"2019","31608",6,0
"2019","31609",5,5
"2019","31611",6,0
"2019","31612",13,19
"2019","31613",2,3
"2019","31614",5,6
"2019","31615",6,2
"2019","31616",0,1
"2019","31617",1,1
"2019","31620",8,0
"2019","31621",11,6
"2019","31622",2,2
"2019","31627",5,2
"2019","31628",12,4
"2019","31629",28,23
"2019","31630",5,12
"2019","31633",48,49
"2019","31634",3,3
"2019","31636",0,4
"2019","31642",4,4
"2019","31644",49,28
"2019","31645",4,5
"2019","31646",8,3
"2019","31649",8,8
"2019","31650",2,8
"2019","31651",14,9
"2019","31652",4,5
"2019","31653",3,4
"2019","31654",7,17
"2019","31655",45,49
"2019","31658",4,0
"2019","31701",7,10
"2019","31702",28,19
"2019","31703",58,50
"2019","31704",116,116
"2019","31706",10,9
"2019","31707",25,13
"2019","31709",29,25
"2019","31710",134,115
"2019","31711",6,7
"2019","31712",31,35
"2019","31713",37,24
"2019","31714",8,4
"2019","31715",43,30
"2019","31716",87,66
"2019","31717",251,223
"2019","31718",12,8
"2019","31719",109,102
"2019","31723",81,54
"2019","31725",106,61
"2019","31726",24,31
"2019","31801",0,1
"2019","31802",2,7
"2019","31803",4,6
"2019","31804",7,5
"2019","31805",4,8
"2019","31806",NA,NA
"2019","31807",2,5
"2019","31808",24,15
"2019","31809",2,0
"2019","31810",59,44
"2019","31811",32,15
"2019","31812",8,12
"2019","31813",12,9
"2019","31814",5,8
"2019","31815",3,5
"2019","31817",8,1
"2019","31818",151,151
"2019","31820",2,2
"2019","31821",31,17
"2019","31823",14,22
"2019","31825",7,6
"2019","31826",20,12
"2019","31827",1,0
"2019","31829",116,17
"2019","31830",0,1
"2019","31831",10,8
"2019","31832",2,2
"2019","31833",14,9
"2019","31834",1,0
"2019","31835",13,30
"2019","31836",6,17
"2019","31837",8,1
"2019","31838",15,15
"2019","31839",118,73
"2019","31840",2,2
"2019","31841",5,2
"2019","31842",NA,NA
"2019","31843",2,1
"2019","31844",2,6
"2019","31845",5,9
"2019","31846",7,25
"2019","31847",7,5
"2019","31848",11,3
"2019","31849",4,2
"2019","31901",16,17
"2019","31902",32,11
"2019","31903",28,29
"2019","31904",7,11
"2019","31905",44,44
"2019","31906",10,5
"2019","31907",12,11
"2019","31909",14,9
"2019","31910",4,6
"2019","31911",11,9
"2019","31912",48,49
"2019","31913",11,10
"2019","31915",8,7
"2019","31916",13,8
"2019","31917",5,5
"2019","31918",7,8
"2019","31919",8,12
"2019","31920",5,2
"2019","31921",20,16
"2019","31922",23,7
"2019","31923",6,1
"2019","31925",6,3
"2019","31926",48,44
"2019","31927",4,5
"2019","31928",2,2
"2019","31929",20,18
"2019","31930",11,11
"2019","31932",22,10
"2019","31934",16,8
"2019","31935",17,8
"2019","31938",2,2
"2019","31939",3,5
"2019","31940",10,6
"2019","31941",3,12
"2019","31943",52,51
"2019","31945",7,2
"2019","31946",3,2
"2019","31947",60,75
"2019","31948",36,11
"2019","31949",48,33
"2019","31950",28,22
"2019","31951",57,53
"2019","31952",111,78
"2019","31953",24,21
"2019","31954",6,7
"2019","32001",53,50
"2019","32002",7,2
"2019","32003",22,8
"2019","32004",1,2
"2019","32005",12,11
"2019","32006",5,8
"2019","32007",0,1
"2019","32008",30,8
"2019","32009",3,3
"2019","32010",1,0
"2019","32011",5,1
"2019","32012",4,9
"2019","32013",16,25
"2019","32014",4,4
"2019","32015",2,2
"2019","32016",104,56
"2019","32017",26,6
"2019","32018",6,6
"2019","32101",33,26
"2019","32104",10,19
"2019","32106",12,6
"2019","32107",16,23
"2019","32109",2,0
"2019","32110",5,12
"2019","32112",28,29
"2019","32114",29,24
"2019","32115",12,14
"2019","32116",18,11
"2019","32119",15,12
"2019","32120",41,36
"2019","32131",59,56
"2019","32132",21,5
"2019","32134",9,19
"2019","32135",174,155
"2019","32139",2,8
"2019","32140",11,10
"2019","32141",45,38
"2019","32142",72,76
"2019","32143",4,3
"2019","32144",430,246
"2019","32202",5,3
"2019","32203",3,3
"2019","32206",1,1
"2019","32207",16,13
"2019","32209",8,0
"2019","32210",2,3
"2019","32212",1,0
"2019","32214",NA,NA
"2019","32216",12,11
"2019","32217",0,2
"2019","32219",6,1
"2019","32220",17,15
"2019","32221",2,0
"2019","32222",1,2
"2019","32223",2,0
"2019","32301",22,19
"2019","32302",3,1
"2019","32304",68,59
"2019","32305",43,29
"2019","32306",26,11
"2019","32307",32,31
"2019","32308",24,13
"2019","32309",0,2
"2019","32310",3,2
"2019","32311",10,8
"2019","32312",2,5
"2019","32313",19,4
"2019","32314",4,9
"2019","32315",5,3
"2019","32316",16,12
"2019","32317",0,1
"2019","32318",16,9
"2019","32319",28,19
"2019","32320",12,4
"2019","32321",2,3
"2019","32322",0,4
"2019","32323",16,11
"2019","32324",6,6
"2019","32325",7,5
"2019","32326",3,2
"2019","32327",24,34
"2019","32330",47,19
"2019","32331",3,11
"2019","32332",16,24
"2019","32333",8,1
"2019","32334",2,5
"2019","32335",0,3
"2019","32336",10,19
"2019","32337",30,45
"2019","32338",7,11
"2019","32501",8,4
"2019","32502",4,1
"2019","32503",1,2
"2019","32504",2,2
"2019","32505",7,6
"2019","32506",2,1
"2019","32508",5,14
"2019","32509",8,5
"2019","32511",8,4
"2019","32514",NA,NA
"2019","32515",1,0
"2019","32516",3,3
"2019","32517",5,1
"2019","32518",4,1
"2019","32519",4,1
"2019","32520",4,2
"2019","32521",2,0
"2019","32522",2,2
"2019","32523",0,1
"2019","32524",8,4
"2019","32525",3,0
"2019","32528",0,1
"2019","32529",10,1
"2019","32530",23,11
"2019","40101",4780,3363
"2019","40201",553,338
"2019","40301",1483,819
"2019","40401",61,48
"2019","40402",31,20
"2019","40403",9,4
"2019","40404",415,260
"2019","40405",51,35
"2019","40406",19,22
"2019","40407",10,8
"2019","40408",16,7
"2019","40409",19,10
"2019","40410",11,7
"2019","40411",6,1
"2019","40412",9,6
"2019","40413",121,52
"2019","40414",87,47
"2019","40415",32,12
"2019","40416",24,11
"2019","40417",10,5
"2019","40418",49,23
"2019","40419",17,13
"2019","40420",5,1
"2019","40421",233,114
"2019","40422",110,49
"2019","40423",5,3
"2019","40424",33,13
"2019","40425",15,12
"2019","40426",68,30
"2019","40427",16,7
"2019","40428",27,28
"2019","40429",3,7
"2019","40430",9,5
"2019","40431",43,18
"2019","40432",30,10
"2019","40433",13,9
"2019","40434",2,4
"2019","40435",8,1
"2019","40436",18,37
"2019","40437",28,15
"2019","40438",64,56
"2019","40439",7,2
"2019","40440",NA,NA
"2019","40441",45,27
"2019","40442",1,2
"2019","40443",19,20
"2019","40444",5,10
"2019","40445",10,11
"2019","40446",13,10
"2019","40501",35,45
"2019","40502",26,15
"2019","40503",73,25
"2019","40504",32,16
"2019","40505",9,6
"2019","40506",14,19
"2019","40507",17,4
"2019","40508",11,8
"2019","40509",17,8
"2019","40510",13,8
"2019","40511",15,12
"2019","40512",1,3
"2019","40601",56,33
"2019","40602",3,3
"2019","40603",19,5
"2019","40604",21,13
"2019","40605",2,3
"2019","40606",NA,NA
"2019","40607",13,5
"2019","40608",6,1
"2019","40609",8,6
"2019","40610",11,3
"2019","40611",2,0
"2019","40612",10,5
"2019","40613",1,0
"2019","40614",38,17
"2019","40615",5,11
"2019","40616",5,5
"2019","40617",0,1
"2019","40618",3,7
"2019","40619",2,2
"2019","40620",11,5
"2019","40621",4,4
"2019","40622",3,1
"2019","40623",2,1
"2019","40624",6,8
"2019","40625",1,1
"2019","40626",1,1
"2019","40627",10,12
"2019","40701",104,58
"2019","40702",53,35
"2019","40703",126,109
"2019","40704",56,51
"2019","40705",246,154
"2019","40706",49,27
"2019","40707",21,7
"2019","40708",14,13
"2019","40709",19,8
"2019","40710",6,3
"2019","40711",97,66
"2019","40712",40,16
"2019","40713",25,13
"2019","40714",52,40
"2019","40715",10,6
"2019","40716",12,3
"2019","40717",41,9
"2019","40718",16,8
"2019","40719",27,23
"2019","40720",49,42
"2019","40801",3,1
"2019","40802",78,42
"2019","40804",1,6
"2019","40805",70,38
"2019","40806",26,26
"2019","40807",2,4
"2019","40808",53,54
"2019","40809",14,19
"2019","40810",4,1
"2019","40811",12,14
"2019","40812",13,7
"2019","40813",9,14
"2019","40814",9,1
"2019","40815",4,1
"2019","40816",2,4
"2019","40817",3,3
"2019","40818",6,4
"2019","40820",1,0
"2019","40821",1,0
"2019","40822",21,8
"2019","40823",8,5
"2019","40824",4,8
"2019","40825",2,4
"2019","40826",4,2
"2019","40827",14,27
"2019","40828",3,2
"2019","40829",4,5
"2019","40830",9,5
"2019","40831",42,28
"2019","40832",15,14
"2019","40833",8,8
"2019","40834",2,1
"2019","40835",26,11
"2019","40901",5,1
"2019","40902",21,16
"2019","40903",13,5
"2019","40904",9,4
"2019","40905",55,25
"2019","40906",8,3
"2019","40907",82,36
"2019","40908",28,20
"2019","40909",6,9
"2019","40910",13,5
"2019","40911",3,1
"2019","40912",44,39
"2019","40913",25,12
"2019","40914",10,6
"2019","40915",7,6
"2019","40916",0,2
"2019","40917",17,11
"2019","40918",21,11
"2019","40919",0,1
"2019","40920",7,7
"2019","40921",7,5
"2019","40922",12,14
"2019","40923",20,12
"2019","41001",27,15
"2019","41002",337,191
"2019","41003",76,60
"2019","41004",3,2
"2019","41005",256,184
"2019","41006",8,2
"2019","41007",72,59
"2019","41008",17,12
"2019","41009",53,25
"2019","41010",11,7
"2019","41011",40,16
"2019","41012",375,229
"2019","41013",26,32
"2019","41014",63,25
"2019","41015",10,8
"2019","41016",10,16
"2019","41017",114,87
"2019","41018",6,7
"2019","41019",18,13
"2019","41020",20,17
"2019","41021",495,322
"2019","41022",56,66
"2019","41101",3,2
"2019","41102",26,11
"2019","41103",8,3
"2019","41104",0,1
"2019","41105",25,7
"2019","41106",14,3
"2019","41107",4,1
"2019","41108",187,61
"2019","41109",30,27
"2019","41110",35,24
"2019","41111",83,62
"2019","41112",8,6
"2019","41113",24,35
"2019","41114",25,22
"2019","41115",6,2
"2019","41116",117,63
"2019","41117",8,7
"2019","41118",21,24
"2019","41119",3,1
"2019","41120",36,22
"2019","41121",2,14
"2019","41122",0,2
"2019","41123",12,9
"2019","41124",73,27
"2019","41125",9,10
"2019","41126",26,7
"2019","41201",3,2
"2019","41202",19,13
"2019","41203",66,18
"2019","41204",35,17
"2019","41205",7,1
"2019","41206",3,3
"2019","41207",46,22
"2019","41208",13,5
"2019","41209",4,3
"2019","41210",4,3
"2019","41211",3,1
"2019","41212",16,15
"2019","41213",12,6
"2019","41214",21,8
"2019","41215",6,5
"2019","41216",1,1
"2019","41217",5,8
"2019","41218",12,12
"2019","41219",70,52
"2019","41220",16,11
"2019","41221",4,7
"2019","41222",2,0
"2019","41223",5,1
"2019","41224",28,9
"2019","41225",272,209
"2019","41226",4,3
"2019","41227",3,0
"2019","41228",32,17
"2019","41229",7,4
"2019","41230",16,9
"2019","41231",15,4
"2019","41232",15,1
"2019","41233",12,8
"2019","41234",13,18
"2019","41235",7,3
"2019","41236",5,1
"2019","41304",7,5
"2019","41305",0,1
"2019","41306",0,1
"2019","41307",1,1
"2019","41309",20,10
"2019","41311",1,5
"2019","41312",5,7
"2019","41313",15,21
"2019","41314",2,3
"2019","41315",8,5
"2019","41316",2,1
"2019","41317",5,2
"2019","41318",12,14
"2019","41319",3,3
"2019","41320",NA,NA
"2019","41321",5,5
"2019","41322",NA,NA
"2019","41323",4,8
"2019","41324",13,2
"2019","41325",3,4
"2019","41326",3,3
"2019","41327",11,3
"2019","41328",3,2
"2019","41329",10,4
"2019","41331",3,6
"2019","41332",18,15
"2019","41333",0,8
"2019","41334",1,7
"2019","41336",2,1
"2019","41337",2,3
"2019","41338",7,4
"2019","41341",6,11
"2019","41342",21,8
"2019","41343",20,12
"2019","41344",29,21
"2019","41345",4,4
"2019","41346",10,2
"2019","41401",0,1
"2019","41402",19,12
"2019","41403",26,11
"2019","41404",6,7
"2019","41405",7,7
"2019","41406",6,8
"2019","41407",10,6
"2019","41408",6,3
"2019","41409",26,8
"2019","41410",58,55
"2019","41411",11,5
"2019","41412",0,4
"2019","41413",15,21
"2019","41414",14,11
"2019","41415",5,7
"2019","41416",19,10
"2019","41417",8,3
"2019","41418",59,46
"2019","41419",13,14
"2019","41420",4,2
"2019","41421",6,2
"2019","41422",161,103
"2019","41423",54,35
"2019","41424",1,1
"2019","41425",39,83
"2019","41426",8,5
"2019","41427",6,5
"2019","41428",1,9
"2019","41429",26,12
"2019","41430",10,15
"2019","41501",7,6
"2019","41502",2,2
"2019","41503",46,32
"2019","41504",12,17
"2019","41505",3,2
"2019","41506",48,58
"2019","41507",6,3
"2019","41508",6,0
"2019","41509",11,3
"2019","41510",7,2
"2019","41511",13,6
"2019","41512",3,2
"2019","41513",7,6
"2019","41514",6,4
"2019","41515",3,2
"2019","41516",81,61
"2019","41517",17,6
"2019","41518",23,21
"2019","41521",8,10
"2019","41522",29,18
"2019","41601",8,5
"2019","41602",12,17
"2019","41603",25,14
"2019","41604",11,3
"2019","41605",44,36
"2019","41606",46,28
"2019","41607",44,31
"2019","41608",3,1
"2019","41609",13,16
"2019","41610",2,1
"2019","41611",17,10
"2019","41612",8,6
"2019","41613",38,20
"2019","41614",15,1
"2019","41615",5,3
"2019","41616",2,0
"2019","41617",24,42
"2019","41618",26,37
"2019","41619",5,13
"2019","41620",4,6
"2019","41621",5,2
"2019","41622",0,1
"2019","41623",0,1
"2019","41624",35,31
"2019","41626",16,15
"2019","41627",6,5
"2019","41628",3,7
"2019","41701",53,19
"2019","41702",24,12
"2019","41703",200,65
"2019","41704",9,2
"2019","41705",5,5
"2019","41706",17,9
"2019","41707",14,5
"2019","41708",3,0
"2019","41709",28,17
"2019","41710",80,37
"2019","41711",31,11
"2019","41712",10,6
"2019","41713",60,23
"2019","41714",3,0
"2019","41715",115,78
"2019","41716",12,4
"2019","41717",7,1
"2019","41718",27,22
"2019","41719",16,13
"2019","41720",10,3
"2019","41721",3,5
"2019","41722",58,38
"2019","41723",1,5
"2019","41724",2,0
"2019","41725",4,1
"2019","41726",29,12
"2019","41727",13,7
"2019","41728",3,0
"2019","41729",16,4
"2019","41730",8,7
"2019","41731",43,44
"2019","41732",11,5
"2019","41733",1,1
"2019","41734",592,102
"2019","41735",18,11
"2019","41736",16,1
"2019","41737",34,17
"2019","41738",87,53
"2019","41739",45,29
"2019","41740",14,6
"2019","41741",7,6
"2019","41742",57,34
"2019","41743",71,40
"2019","41744",34,14
"2019","41745",29,16
"2019","41746",136,98
"2019","41747",34,12
"2019","41748",2,0
"2019","41749",16,15
"2019","41750",17,12
"2019","41751",16,19
"2019","41752",3,4
"2019","41801",0,1
"2019","41802",4,0
"2019","41803",17,12
"2019","41804",27,18
"2019","41805",13,9
"2019","41806",11,12
"2019","41807",3,7
"2019","41808",66,38
"2019","41809",7,8
"2019","41810",22,12
"2019","41811",140,67
"2019","41812",197,143
"2019","41813",1,1
"2019","41814",13,11
"2019","41815",2,4
"2019","41816",19,23
"2019","41817",41,11
"2019","41818",5,0
"2019","41819",21,10
"2019","41820",73,63
"2019","41821",18,6
"2019","41822",13,10
"2019","41823",70,35
"2019","41824",20,26
"2019","50101",4923,3661
"2019","50201",63,34
"2019","50202",34,14
"2019","50203",16,14
"2019","50204",62,40
"2019","50205",325,191
"2019","50206",7,3
"2019","50207",57,37
"2019","50208",45,51
"2019","50209",208,173
"2019","50210",8,18
"2019","50211",19,8
"2019","50212",5,5
"2019","50213",22,10
"2019","50301",94,64
"2019","50302",28,33
"2019","50303",423,103
"2019","50304",17,10
"2019","50305",46,33
"2019","50306",17,2
"2019","50307",8,8
"2019","50308",49,41
"2019","50309",76,62
"2019","50310",77,45
"2019","50311",20,13
"2019","50312",72,56
"2019","50313",4,2
"2019","50314",149,92
"2019","50315",59,42
"2019","50316",47,38
"2019","50317",54,46
"2019","50318",1,0
"2019","50319",70,45
"2019","50320",17,3
"2019","50321",36,31
"2019","50322",55,33
"2019","50323",52,27
"2019","50324",67,60
"2019","50325",24,16
"2019","50326",117,87
"2019","50327",51,30
"2019","50328",13,8
"2019","50329",24,19
"2019","50330",137,77
"2019","50331",8,15
"2019","50332",16,9
"2019","50335",95,56
"2019","50336",48,32
"2019","50337",68,28
"2019","50338",186,135
"2019","50339",116,110
"2019","50401",109,54
"2019","50402",109,79
"2019","50403",92,68
"2019","50404",141,86
"2019","50405",18,3
"2019","50406",51,15
"2019","50407",39,21
"2019","50408",46,19
"2019","50409",0,1
"2019","50410",9,13
"2019","50411",38,21
"2019","50412",46,35
"2019","50413",9,2
"2019","50414",8,6
"2019","50415",31,18
"2019","50416",36,14
"2019","50417",108,53
"2019","50418",206,102
"2019","50419",31,16
"2019","50420",41,34
"2019","50421",41,6
"2019","50422",9,5
"2019","50423",120,62
"2019","50424",38,27
"2019","50425",31,16
"2019","50501",1,0
"2019","50502",1,4
"2019","50503",14,18
"2019","50504",29,21
"2019","50505",3,2
"2019","50506",18,11
"2019","50507",1,2
"2019","50508",12,4
"2019","50509",34,14
"2019","50510",77,61
"2019","50511",2,1
"2019","50512",28,16
"2019","50513",4,9
"2019","50514",1,1
"2019","50515",3,4
"2019","50601",25,17
"2019","50602",55,52
"2019","50603",5,9
"2019","50604",7,8
"2019","50605",18,11
"2019","50606",92,80
"2019","50607",5,7
"2019","50608",30,16
"2019","50609",79,58
"2019","50610",24,13
"2019","50611",51,38
"2019","50612",49,31
"2019","50613",82,54
"2019","50614",18,16
"2019","50615",21,14
"2019","50616",53,42
"2019","50617",38,14
"2019","50618",74,45
"2019","50619",178,157
"2019","50620",24,7
"2019","50621",11,5
"2019","50622",11,16
"2019","50623",18,10
"2019","50624",33,9
"2019","50625",17,4
"2019","50626",20,14
"2019","50627",8,4
"2019","50628",262,213
"2019","60101",8526,5946
"2019","60305",4,7
"2019","60318",21,13
"2019","60323",10,1
"2019","60324",9,9
"2019","60326",14,4
"2019","60329",0,2
"2019","60341",5,3
"2019","60344",106,43
"2019","60345",39,25
"2019","60346",24,25
"2019","60347",11,8
"2019","60348",45,29
"2019","60349",21,14
"2019","60350",41,19
"2019","60351",15,13
"2019","60608",111,73
"2019","60611",32,13
"2019","60613",72,59
"2019","60617",31,44
"2019","60618",8,4
"2019","60619",18,14
"2019","60623",8,14
"2019","60624",105,54
"2019","60626",8,18
"2019","60628",19,17
"2019","60629",29,28
"2019","60632",30,14
"2019","60639",3,3
"2019","60641",4,4
"2019","60642",3,10
"2019","60645",15,12
"2019","60646",14,18
"2019","60647",NA,NA
"2019","60648",32,15
"2019","60651",27,7
"2019","60653",28,16
"2019","60654",10,4
"2019","60655",16,17
"2019","60656",12,16
"2019","60659",35,9
"2019","60660",19,19
"2019","60661",76,27
"2019","60662",22,12
"2019","60663",43,32
"2019","60664",49,73
"2019","60665",23,33
"2019","60666",12,5
"2019","60667",33,29
"2019","60668",16,12
"2019","60669",152,119
"2019","60670",66,64
"2019","61001",7,2
"2019","61002",7,10
"2019","61007",5,2
"2019","61008",11,5
"2019","61012",24,11
"2019","61013",11,4
"2019","61016",14,4
"2019","61017",6,2
"2019","61019",9,2
"2019","61020",11,16
"2019","61021",26,23
"2019","61024",16,15
"2019","61027",7,2
"2019","61030",5,7
"2019","61032",3,2
"2019","61033",7,8
"2019","61043",9,9
"2019","61045",63,31
"2019","61049",31,13
"2019","61050",31,12
"2019","61051",12,2
"2019","61052",24,14
"2019","61053",137,84
"2019","61054",21,10
"2019","61055",6,4
"2019","61057",7,4
"2019","61059",55,42
"2019","61060",20,11
"2019","61061",88,64
"2019","61101",22,9
"2019","61105",3,9
"2019","61106",8,2
"2019","61107",5,5
"2019","61108",606,530
"2019","61109",7,7
"2019","61110",8,10
"2019","61111",3,4
"2019","61112",0,2
"2019","61113",31,14
"2019","61114",8,4
"2019","61115",4,6
"2019","61116",2,6
"2019","61118",99,296
"2019","61119",6,4
"2019","61120",54,48
"2019","61203",9,10
"2019","61204",20,11
"2019","61205",13,4
"2019","61206",6,2
"2019","61207",59,54
"2019","61213",38,18
"2019","61215",20,7
"2019","61217",42,21
"2019","61222",1,8
"2019","61236",41,20
"2019","61243",19,16
"2019","61247",33,16
"2019","61251",0,1
"2019","61252",6,6
"2019","61253",31,26
"2019","61254",4,8
"2019","61255",68,47
"2019","61256",2,5
"2019","61257",31,34
"2019","61258",9,16
"2019","61259",133,82
"2019","61260",15,8
"2019","61261",8,14
"2019","61262",31,9
"2019","61263",67,37
"2019","61264",24,17
"2019","61265",86,47
"2019","61266",3,6
"2019","61267",36,16
"2019","61410",2,4
"2019","61413",1,1
"2019","61425",10,6
"2019","61428",NA,NA
"2019","61437",0,1
"2019","61438",31,27
"2019","61439",14,14
"2019","61440",7,5
"2019","61441",8,2
"2019","61442",20,16
"2019","61443",12,5
"2019","61444",8,8
"2019","61445",15,7
"2019","61446",4,8
"2019","61611",7,8
"2019","61612",10,28
"2019","61615",6,8
"2019","61618",12,8
"2019","61621",1,0
"2019","61624",11,14
"2019","61625",82,50
"2019","61626",34,22
"2019","61627",4,3
"2019","61628",7,3
"2019","61629",10,2
"2019","61630",2,2
"2019","61631",59,41
"2019","61632",21,23
"2019","61633",17,14
"2019","61701",17,13
"2019","61708",4,2
"2019","61710",2,0
"2019","61711",2,2
"2019","61716",7,11
"2019","61719",22,6
"2019","61727",16,10
"2019","61728",NA,NA
"2019","61729",4,7
"2019","61730",2,4
"2019","61731",1,5
"2019","61740",7,5
"2019","61741",1,6
"2019","61743",3,1
"2019","61744",1,1
"2019","61745",NA,NA
"2019","61746",17,9
"2019","61748",19,20
"2019","61750",12,9
"2019","61751",4,8
"2019","61756",2,5
"2019","61757",11,15
"2019","61758",8,8
"2019","61759",2,5
"2019","61760",133,85
"2019","61761",2,1
"2019","61762",10,14
"2019","61763",17,17
"2019","61764",2,9
"2019","61765",33,14
"2019","61766",144,93
"2019","62007",30,34
"2019","62008",5,11
"2019","62010",1,3
"2019","62014",8,5
"2019","62021",5,4
"2019","62026",3,3
"2019","62032",1,6
"2019","62034",3,7
"2019","62036",9,14
"2019","62038",92,71
"2019","62039",11,3
"2019","62040",92,72
"2019","62041",202,106
"2019","62042",14,8
"2019","62043",19,20
"2019","62044",14,3
"2019","62045",4,6
"2019","62046",3,5
"2019","62047",18,17
"2019","62048",8,11
"2019","62105",10,2
"2019","62115",21,18
"2019","62116",16,2
"2019","62125",28,12
"2019","62128",23,11
"2019","62131",11,16
"2019","62132",4,1
"2019","62135",23,5
"2019","62138",12,15
"2019","62139",226,135
"2019","62140",450,249
"2019","62141",40,28
"2019","62142",48,30
"2019","62143",77,42
"2019","62144",24,16
"2019","62145",56,30
"2019","62146",27,15
"2019","62147",13,6
"2019","62148",6,10
"2019","62202",11,10
"2019","62205",6,2
"2019","62206",8,6
"2019","62209",4,5
"2019","62211",7,8
"2019","62214",8,10
"2019","62216",6,4
"2019","62219",52,32
"2019","62220",4,11
"2019","62226",12,12
"2019","62232",2,3
"2019","62233",10,6
"2019","62235",8,4
"2019","62242",4,2
"2019","62244",5,6
"2019","62245",7,2
"2019","62247",4,13
"2019","62256",20,7
"2019","62262",2,9
"2019","62264",26,12
"2019","62265",2,5
"2019","62266",16,9
"2019","62268",12,11
"2019","62269",11,6
"2019","62270",3,3
"2019","62271",14,6
"2019","62272",11,20
"2019","62273",8,9
"2019","62274",16,12
"2019","62275",18,6
"2019","62276",4,11
"2019","62277",5,2
"2019","62278",5,5
"2019","62279",10,5
"2019","62280",60,71
"2019","62311",8,7
"2019","62314",2,3
"2019","62326",4,8
"2019","62330",0,1
"2019","62332",5,12
"2019","62335",6,7
"2019","62343",8,2
"2019","62368",6,2
"2019","62372",2,1
"2019","62375",65,51
"2019","62376",46,33
"2019","62377",4,1
"2019","62378",49,20
"2019","62379",134,124
"2019","62380",13,19
"2019","62381",16,2
"2019","62382",34,22
"2019","62383",28,15
"2019","62384",9,2
"2019","62385",6,6
"2019","62386",14,11
"2019","62387",2,1
"2019","62388",8,6
"2019","62389",10,6
"2019","62390",17,14
"2019","70101",4652,3488
"2019","70201",26,25
"2019","70202",36,31
"2019","70203",176,130
"2019","70204",3,1
"2019","70205",28,46
"2019","70206",0,2
"2019","70207",2,2
"2019","70208",98,55
"2019","70209",39,35
"2019","70210",1,3
"2019","70211",20,7
"2019","70212",20,22
"2019","70213",21,6
"2019","70214",38,28
"2019","70215",15,7
"2019","70216",15,18
"2019","70217",15,15
"2019","70218",33,14
"2019","70219",27,18
"2019","70220",164,195
"2019","70221",15,16
"2019","70222",20,16
"2019","70223",26,15
"2019","70224",5,14
"2019","70301",48,41
"2019","70302",33,37
"2019","70303",43,49
"2019","70304",36,40
"2019","70305",21,24
"2019","70306",18,18
"2019","70307",3,1
"2019","70308",3,4
"2019","70309",35,31
"2019","70310",67,40
"2019","70311",11,5
"2019","70312",44,30
"2019","70313",22,29
"2019","70314",10,2
"2019","70315",10,6
"2019","70317",7,12
"2019","70318",20,5
"2019","70319",38,19
"2019","70320",17,19
"2019","70322",16,10
"2019","70323",3,5
"2019","70325",8,5
"2019","70326",39,53
"2019","70328",27,30
"2019","70329",59,49
"2019","70331",39,29
"2019","70332",10,19
"2019","70333",5,6
"2019","70334",75,49
"2019","70335",5,4
"2019","70336",2,6
"2019","70337",7,14
"2019","70338",5,9
"2019","70339",9,9
"2019","70340",12,5
"2019","70342",10,9
"2019","70343",18,16
"2019","70344",61,37
"2019","70345",17,6
"2019","70346",92,77
"2019","70347",NA,NA
"2019","70348",23,20
"2019","70349",4,1
"2019","70350",39,24
"2019","70351",159,86
"2019","70352",9,7
"2019","70353",21,12
"2019","70354",230,138
"2019","70355",35,50
"2019","70356",17,8
"2019","70357",202,183
"2019","70358",85,50
"2019","70359",2,2
"2019","70360",21,4
"2019","70361",2,3
"2019","70362",2,4
"2019","70364",83,59
"2019","70365",35,36
"2019","70366",2,5
"2019","70367",67,52
"2019","70368",17,14
"2019","70369",91,72
"2019","70370",41,25
"2019","70401",30,19
"2019","70402",35,26
"2019","70403",92,106
"2019","70404",64,42
"2019","70405",20,3
"2019","70406",51,34
"2019","70407",14,6
"2019","70408",29,36
"2019","70409",106,77
"2019","70410",77,53
"2019","70411",265,158
"2019","70412",88,43
"2019","70413",45,29
"2019","70414",45,20
"2019","70415",13,6
"2019","70416",209,117
"2019","70417",33,14
"2019","70418",20,10
"2019","70419",39,32
"2019","70420",49,22
"2019","70501",25,21
"2019","70502",9,9
"2019","70503",55,49
"2019","70504",5,2
"2019","70505",27,36
"2019","70506",43,47
"2019","70508",73,53
"2019","70509",73,52
"2019","70510",48,37
"2019","70511",73,59
"2019","70512",40,23
"2019","70513",605,481
"2019","70514",52,49
"2019","70515",54,46
"2019","70516",13,9
"2019","70517",18,15
"2019","70518",50,31
"2019","70519",7,6
"2019","70520",36,26
"2019","70521",16,5
"2019","70522",66,38
"2019","70523",6,3
"2019","70524",32,18
"2019","70525",22,5
"2019","70526",51,56
"2019","70527",61,36
"2019","70528",11,15
"2019","70529",72,41
"2019","70530",70,30
"2019","70531",249,193
"2019","70601",1,3
"2019","70602",1,0
"2019","70603",95,87
"2019","70604",23,17
"2019","70605",8,8
"2019","70606",7,15
"2019","70607",4,11
"2019","70608",44,54
"2019","70609",24,9
"2019","70610",2,0
"2019","70611",12,10
"2019","70612",0,1
"2019","70613",5,0
"2019","70614",92,71
"2019","70615",25,26
"2019","70616",23,20
"2019","70617",35,23
"2019","70618",9,2
"2019","70619",23,6
"2019","70620",23,11
"2019","70621",75,41
"2019","70622",8,4
"2019","70623",16,10
"2019","70624",16,17
"2019","70625",1,2
"2019","70626",2,5
"2019","70627",7,9
"2019","70628",4,0
"2019","70629",4,10
"2019","70630",35,19
"2019","70701",1,0
"2019","70702",2,1
"2019","70703",6,2
"2019","70704",5,3
"2019","70705",4,1
"2019","70706",6,3
"2019","70707",12,9
"2019","70708",5,3
"2019","70709",4,2
"2019","70710",2,1
"2019","70711",9,3
"2019","70712",9,16
"2019","70713",11,4
"2019","70714",0,2
"2019","70715",4,4
"2019","70716",97,79
"2019","70717",12,20
"2019","70718",2,2
"2019","70719",7,13
"2019","70720",8,4
"2019","70721",NA,NA
"2019","70723",7,7
"2019","70724",0,3
"2019","70725",NA,NA
"2019","70726",6,3
"2019","70727",0,1
"2019","70728",18,10
"2019","70729",7,2
"2019","70731",2,2
"2019","70732",2,5
"2019","70733",0,1
"2019","70734",8,4
"2019","70735",4,1
"2019","70801",11,6
"2019","70802",19,5
"2019","70803",8,1
"2019","70804",18,15
"2019","70805",44,36
"2019","70806",14,11
"2019","70807",83,51
"2019","70808",14,6
"2019","70809",7,3
"2019","70810",0,2
"2019","70811",28,23
"2019","70812",NA,NA
"2019","70813",10,11
"2019","70814",6,7
"2019","70815",2,1
"2019","70816",15,7
"2019","70817",7,5
"2019","70818",41,26
"2019","70819",NA,NA
"2019","70820",31,21
"2019","70821",53,39
"2019","70822",3,0
"2019","70823",NA,NA
"2019","70824",11,11
"2019","70825",2,0
"2019","70826",41,15
"2019","70827",8,10
"2019","70828",164,106
"2019","70829",17,7
"2019","70830",5,2
"2019","70831",5,1
"2019","70832",28,34
"2019","70833",38,14
"2019","70834",6,2
"2019","70835",10,11
"2019","70836",18,22
"2019","70837",8,3
"2019","70901",64,43
"2019","70902",19,13
"2019","70903",5,3
"2019","70904",7,4
"2019","70905",13,12
"2019","70907",134,113
"2019","70908",41,35
"2019","70909",91,73
"2019","70910",10,4
"2019","70911",7,4
"2019","70912",20,10
"2019","70913",4,3
"2019","70914",2,6
"2019","70915",9,16
"2019","70916",15,13
"2019","70917",87,64
"2019","70918",20,17
"2019","70920",116,58
"2019","70921",3,5
"2019","70922",37,26
"2019","70923",27,19
"2019","70924",3,2
"2019","70925",21,8
"2019","70926",206,146
"2019","70927",41,51
"2019","70928",16,14
"2019","70929",3,4
"2019","70930",5,12
"2019","70931",19,16
"2019","70932",3,3
"2019","70933",29,39
"2019","70934",77,63
"2019","70935",21,17
"2019","70936",59,38
"2019","70937",29,83
"2019","70938",13,5
"2019","70939",13,7
"2019","70940",29,4
"2019","70941",5,5
"2019","80101",31,24
"2019","80102",1,1
"2019","80103",299,184
"2019","80104",23,24
"2019","80105",38,23
"2019","80106",43,30
"2019","80107",11,7
"2019","80108",24,11
"2019","80109",11,3
"2019","80110",38,19
"2019","80111",23,7
"2019","80112",9,8
"2019","80113",68,38
"2019","80114",9,7
"2019","80115",67,62
"2019","80116",70,76
"2019","80117",49,38
"2019","80118",18,3
"2019","80119",8,3
"2019","80120",39,33
"2019","80121",5,8
"2019","80122",81,63
"2019","80123",6,10
"2019","80124",1,2
"2019","80125",4,0
"2019","80126",17,22
"2019","80127",8,4
"2019","80128",44,30
"2019","80129",31,26
"2019","80201",19,24
"2019","80202",21,36
"2019","80203",27,13
"2019","80204",45,35
"2019","80205",7,9
"2019","80206",16,16
"2019","80207",671,505
"2019","80208",7,4
"2019","80209",13,8
"2019","80210",19,5
"2019","80211",40,26
"2019","80212",9,5
"2019","80213",47,58
"2019","80214",24,24
"2019","80215",223,147
"2019","80216",36,17
"2019","80217",119,92
"2019","80218",102,55
"2019","80219",22,17
"2019","80220",24,19
"2019","80221",1,5
"2019","80222",30,20
"2019","80223",11,10
"2019","80224",114,98
"2019","80225",14,6
"2019","80226",166,94
"2019","80227",36,32
"2019","80228",384,377
"2019","80229",4,10
"2019","80230",17,13
"2019","80231",11,13
"2019","80232",14,7
"2019","80233",28,9
"2019","80234",4,1
"2019","80235",39,40
"2019","80236",24,14
"2019","80237",8,4
"2019","80238",49,42
"2019","80239",5,2
"2019","80240",101,83
"2019","80301",1095,892
"2019","80302",291,211
"2019","80303",411,321
"2019","80401",60,67
"2019","80402",3,1
"2019","80403",5,1
"2019","80404",762,640
"2019","80405",104,84
"2019","80406",29,24
"2019","80407",36,15
"2019","80408",201,153
"2019","80409",50,39
"2019","80410",37,37
"2019","80411",7,4
"2019","80412",30,47
"2019","80413",39,28
"2019","80414",168,123
"2019","80415",0,5
"2019","80416",42,38
"2019","80417",26,27
"2019","80418",19,22
"2019","80419",7,2
"2019","80420",26,25
"2019","80421",12,1
"2019","80422",0,1
"2019","80423",23,26
"2019","80424",43,23
"2019","90101",663,539
"2019","90201",4566,3510
"2019","90301",3396,2639
"2019","90401",1546,1181
"2019","90501",2186,1694
"2019","90601",1426,1044
"2019","90701",1343,1142
"2019","90801",2472,1619
"2019","90901",2338,1641
"2019","91001",6366,4620
"2019","91101",2251,1724
"2019","91201",2802,2118
"2019","91301",1009,707
"2019","91401",2089,1529
"2019","91501",3591,2976
"2019","91601",3369,2542
"2019","91701",2051,1531
"2019","91801",1715,1328
"2019","91901",2060,1626
"2019","92001",3446,2410
"2019","92101",2780,2181
"2019","92201",3478,2450
"2019","92301",1427,1093
"2020","10101",311,254
"2020","10201",9,6
"2020","10301",18,12
"2020","10302",11,10
"2020","10303",9,4
"2020","10304",27,8
"2020","10305",15,3
"2020","10306",3,3
"2020","10307",13,3
"2020","10308",4,9
"2020","10309",26,7
"2020","10310",3,0
"2020","10311",3,4
"2020","10312",13,13
"2020","10313",8,2
"2020","10314",11,11
"2020","10315",21,15
"2020","10316",15,10
"2020","10317",9,6
"2020","10318",14,13
"2020","10319",21,8
"2020","10320",1,2
"2020","10321",4,1
"2020","10322",4,4
"2020","10323",4,4
"2020","10401",3,0
"2020","10402",3,1
"2020","10403",8,12
"2020","10404",9,1
"2020","10405",35,39
"2020","10406",8,4
"2020","10407",6,2
"2020","10408",11,1
"2020","10409",3,1
"2020","10410",4,3
"2020","10411",5,1
"2020","10412",1,2
"2020","10413",5,4
"2020","10414",25,21
"2020","10415",18,3
"2020","10416",11,2
"2020","10417",9,7
"2020","10418",1,2
"2020","10419",9,5
"2020","10420",NA,NA
"2020","10421",0,3
"2020","10422",2,1
"2020","10423",NA,NA
"2020","10424",2,0
"2020","10425",0,1
"2020","10426",3,3
"2020","10427",1,0
"2020","10428",2,1
"2020","10501",6,5
"2020","10502",13,5
"2020","10503",22,10
"2020","10504",19,31
"2020","10505",12,3
"2020","10506",9,6
"2020","10507",20,5
"2020","10508",10,8
"2020","10509",4,5
"2020","10510",2,2
"2020","10511",8,2
"2020","10512",0,2
"2020","10601",19,8
"2020","10602",15,5
"2020","10603",5,6
"2020","10604",16,5
"2020","10605",17,5
"2020","10606",42,40
"2020","10607",51,37
"2020","10608",5,3
"2020","10609",19,14
"2020","10610",14,8
"2020","10611",9,4
"2020","10612",12,7
"2020","10613",12,6
"2020","10614",6,9
"2020","10615",10,14
"2020","10616",4,4
"2020","10617",12,5
"2020","10618",14,27
"2020","10619",NA,NA
"2020","10701",12,7
"2020","10702",7,1
"2020","10703",13,14
"2020","10704",6,5
"2020","10705",33,18
"2020","10706",19,11
"2020","10707",14,15
"2020","10708",10,3
"2020","10709",17,1
"2020","10710",9,13
"2020","10711",147,50
"2020","10712",10,3
"2020","10713",141,67
"2020","10714",32,26
"2020","10715",21,11
"2020","10716",7,10
"2020","10717",49,24
"2020","10718",12,5
"2020","10719",8,0
"2020","10720",13,13
"2020","10721",7,11
"2020","10722",27,6
"2020","10723",3,2
"2020","10724",17,14
"2020","10725",9,5
"2020","10726",10,4
"2020","10727",21,5
"2020","10801",14,9
"2020","10802",6,4
"2020","10803",9,9
"2020","10804",10,9
"2020","10805",10,6
"2020","10806",3,2
"2020","10807",2,4
"2020","10808",8,1
"2020","10809",17,5
"2020","10810",6,5
"2020","10811",32,2
"2020","10812",7,6
"2020","10813",7,5
"2020","10814",2,6
"2020","10815",11,9
"2020","10816",28,15
"2020","10817",4,2
"2020","10818",6,4
"2020","10819",4,2
"2020","10820",5,2
"2020","10821",13,9
"2020","10822",6,9
"2020","10823",5,1
"2020","10824",5,2
"2020","10825",3,1
"2020","10826",3,3
"2020","10827",1,0
"2020","10828",8,1
"2020","10901",12,13
"2020","10902",18,13
"2020","10903",8,1
"2020","10904",1,1
"2020","10905",8,6
"2020","10906",6,1
"2020","10907",4,12
"2020","10908",6,5
"2020","10909",2,8
"2020","10910",16,4
"2020","10911",1,9
"2020","10912",10,2
"2020","10913",5,6
"2020","10914",6,2
"2020","10915",3,4
"2020","10916",13,17
"2020","10917",60,57
"2020","10918",44,44
"2020","10919",37,19
"2020","10920",10,6
"2020","10921",2,1
"2020","10922",8,4
"2020","10923",16,9
"2020","10924",6,0
"2020","10925",11,9
"2020","10926",9,2
"2020","10927",6,4
"2020","10928",5,5
"2020","10929",5,1
"2020","10930",2,3
"2020","10931",NA,NA
"2020","10932",2,2
"2020","20101",1610,1194
"2020","20201",1081,737
"2020","20302",4,1
"2020","20305",111,43
"2020","20306",13,6
"2020","20307",16,17
"2020","20316",6,3
"2020","20320",18,8
"2020","20321",10,6
"2020","20402",66,46
"2020","20403",28,15
"2020","20405",86,35
"2020","20409",15,8
"2020","20412",21,15
"2020","20414",15,7
"2020","20415",46,14
"2020","20416",15,4
"2020","20417",24,8
"2020","20418",22,17
"2020","20419",19,12
"2020","20421",29,16
"2020","20424",41,36
"2020","20425",6,3
"2020","20428",4,3
"2020","20432",42,17
"2020","20435",24,12
"2020","20441",4,0
"2020","20442",18,5
"2020","20501",43,43
"2020","20502",16,10
"2020","20503",8,3
"2020","20504",3,3
"2020","20505",22,9
"2020","20506",8,4
"2020","20508",1,4
"2020","20509",9,2
"2020","20511",18,11
"2020","20512",7,3
"2020","20513",8,4
"2020","20515",38,14
"2020","20518",9,5
"2020","20519",2,5
"2020","20520",1,1
"2020","20523",23,9
"2020","20527",120,79
"2020","20530",7,5
"2020","20531",18,18
"2020","20534",13,9
"2020","20601",72,41
"2020","20602",9,5
"2020","20603",7,4
"2020","20604",14,3
"2020","20605",7,10
"2020","20607",14,11
"2020","20608",7,2
"2020","20609",6,2
"2020","20610",6,9
"2020","20611",14,9
"2020","20613",3,2
"2020","20616",5,4
"2020","20618",13,4
"2020","20619",15,7
"2020","20620",46,31
"2020","20622",7,6
"2020","20624",2,0
"2020","20625",3,2
"2020","20627",25,6
"2020","20630",47,17
"2020","20631",19,6
"2020","20632",14,7
"2020","20633",6,6
"2020","20634",76,25
"2020","20635",140,84
"2020","20636",3,1
"2020","20637",11,6
"2020","20638",44,18
"2020","20639",14,5
"2020","20640",3,7
"2020","20642",14,2
"2020","20643",12,4
"2020","20644",14,1
"2020","20701",7,3
"2020","20702",57,32
"2020","20703",3,7
"2020","20705",23,4
"2020","20707",3,1
"2020","20708",10,2
"2020","20710",12,10
"2020","20711",75,45
"2020","20712",8,6
"2020","20713",60,80
"2020","20719",17,14
"2020","20720",28,18
"2020","20721",8,7
"2020","20722",37,20
"2020","20723",2,11
"2020","20724",32,17
"2020","20725",147,88
"2020","20726",17,8
"2020","20727",23,16
"2020","20801",62,25
"2020","20802",9,2
"2020","20803",19,14
"2020","20804",13,7
"2020","20805",21,6
"2020","20806",11,4
"2020","20807",3,2
"2020","20808",21,12
"2020","20810",7,7
"2020","20812",4,5
"2020","20813",61,44
"2020","20815",12,11
"2020","20817",65,39
"2020","20901",19,5
"2020","20905",23,11
"2020","20909",27,5
"2020","20911",4,0
"2020","20912",4,2
"2020","20913",67,21
"2020","20914",3,7
"2020","20918",19,6
"2020","20923",136,85
"2020","21001",11,12
"2020","21002",89,45
"2020","21003",11,7
"2020","21004",9,4
"2020","21005",16,7
"2020","21006",278,58
"2020","21007",49,26
"2020","21008",28,11
"2020","21009",46,18
"2020","21010",9,7
"2020","30101",534,450
"2020","30201",761,558
"2020","30301",31,35
"2020","30401",708,506
"2020","30501",6,2
"2020","30502",266,167
"2020","30503",12,19
"2020","30504",23,9
"2020","30506",36,22
"2020","30507",3,6
"2020","30508",20,15
"2020","30509",5,2
"2020","30510",0,2
"2020","30511",11,2
"2020","30512",1,3
"2020","30514",37,21
"2020","30515",18,5
"2020","30516",3,5
"2020","30517",41,31
"2020","30520",4,5
"2020","30521",7,6
"2020","30522",5,18
"2020","30524",3,0
"2020","30526",NA,NA
"2020","30527",22,4
"2020","30529",26,10
"2020","30530",19,10
"2020","30531",91,71
"2020","30532",14,9
"2020","30533",23,27
"2020","30534",9,5
"2020","30536",3,3
"2020","30538",16,17
"2020","30539",2,3
"2020","30541",3,2
"2020","30542",19,26
"2020","30543",4,4
"2020","30544",6,5
"2020","30601",54,30
"2020","30602",51,53
"2020","30603",156,109
"2020","30604",293,211
"2020","30605",91,59
"2020","30607",82,70
"2020","30608",18,18
"2020","30609",2,0
"2020","30612",15,15
"2020","30613",27,32
"2020","30614",8,3
"2020","30615",30,176
"2020","30616",13,9
"2020","30618",70,48
"2020","30620",29,36
"2020","30621",13,18
"2020","30623",36,38
"2020","30625",27,13
"2020","30626",62,48
"2020","30627",17,18
"2020","30629",17,8
"2020","30631",14,16
"2020","30633",5,3
"2020","30635",9,13
"2020","30636",14,18
"2020","30637",14,16
"2020","30639",985,274
"2020","30641",45,52
"2020","30645",19,9
"2020","30646",17,8
"2020","30701",5,1
"2020","30702",36,14
"2020","30703",38,16
"2020","30704",104,79
"2020","30706",25,13
"2020","30708",10,6
"2020","30709",30,16
"2020","30710",267,137
"2020","30711",14,10
"2020","30712",2,3
"2020","30713",24,7
"2020","30715",6,5
"2020","30716",45,34
"2020","30718",6,0
"2020","30719",9,4
"2020","30721",18,12
"2020","30722",6,3
"2020","30724",3,1
"2020","30726",15,12
"2020","30728",54,22
"2020","30729",34,42
"2020","30730",80,63
"2020","30731",34,46
"2020","30732",57,48
"2020","30733",14,8
"2020","30734",14,16
"2020","30735",33,26
"2020","30736",21,14
"2020","30737",10,10
"2020","30738",3,21
"2020","30739",25,13
"2020","30740",1747,311
"2020","30741",11,17
"2020","30801",2,0
"2020","30802",27,28
"2020","30803",17,26
"2020","30804",23,26
"2020","30805",3,6
"2020","30808",106,111
"2020","30810",2,2
"2020","30811",7,12
"2020","30812",10,1
"2020","30813",22,8
"2020","30814",26,12
"2020","30817",104,96
"2020","30819",1,1
"2020","30821",94,95
"2020","30822",NA,NA
"2020","30824",5,7
"2020","30825",13,15
"2020","30826",11,3
"2020","30827",18,17
"2020","30828",3,2
"2020","30829",0,5
"2020","30830",49,26
"2020","30831",40,68
"2020","30834",87,96
"2020","30835",45,38
"2020","30836",3,2
"2020","30838",17,26
"2020","30841",11,11
"2020","30842",17,8
"2020","30844",18,17
"2020","30845",3,8
"2020","30846",1,0
"2020","30848",8,3
"2020","30849",13,6
"2020","30850",7,3
"2020","30852",6,11
"2020","30854",5,2
"2020","30856",99,66
"2020","30857",5,10
"2020","30858",5,6
"2020","30859",7,4
"2020","30860",6,9
"2020","30863",22,45
"2020","30865",13,12
"2020","30902",1,1
"2020","30903",4,5
"2020","30904",0,1
"2020","30906",2,5
"2020","30908",34,28
"2020","30909",8,4
"2020","30910",3,7
"2020","30912",2,1
"2020","30913",6,4
"2020","30915",1,3
"2020","30916",16,15
"2020","30917",1,0
"2020","30920",3,0
"2020","30921",5,3
"2020","30925",8,6
"2020","30929",1,2
"2020","30932",2,4
"2020","30935",22,9
"2020","30939",7,0
"2020","30940",1,0
"2020","30942",5,3
"2020","31001",3,1
"2020","31008",15,13
"2020","31009",16,6
"2020","31014",8,7
"2020","31015",2,7
"2020","31016",3,1
"2020","31018",6,10
"2020","31019",4,4
"2020","31021",3,1
"2020","31022",67,151
"2020","31025",5,0
"2020","31026",5,5
"2020","31028",4,4
"2020","31033",4,1
"2020","31035",3,2
"2020","31036",5,6
"2020","31037",33,29
"2020","31038",6,3
"2020","31041",1,1
"2020","31042",3,3
"2020","31043",4,7
"2020","31051",6,4
"2020","31052",3,2
"2020","31053",6,7
"2020","31101",4,5
"2020","31102",2,0
"2020","31103",8,1
"2020","31104",10,6
"2020","31105",10,23
"2020","31106",28,14
"2020","31107",1,0
"2020","31109",37,33
"2020","31110",2,3
"2020","31111",2,2
"2020","31113",3,7
"2020","31114",1,1
"2020","31117",1,2
"2020","31119",0,2
"2020","31120",0,3
"2020","31121",3,10
"2020","31123",0,1
"2020","31124",6,0
"2020","31129",1,6
"2020","31130",4,0
"2020","31201",24,17
"2020","31202",5,2
"2020","31203",17,14
"2020","31204",2,2
"2020","31205",7,9
"2020","31206",32,19
"2020","31207",15,15
"2020","31208",8,4
"2020","31213",264,170
"2020","31214",63,44
"2020","31215",2,3
"2020","31216",33,23
"2020","31224",3,7
"2020","31226",13,12
"2020","31227",9,2
"2020","31228",1,1
"2020","31229",4,1
"2020","31230",126,88
"2020","31234",4,4
"2020","31235",165,93
"2020","31301",6,3
"2020","31302",1,1
"2020","31303",3,2
"2020","31304",10,6
"2020","31308",13,12
"2020","31309",21,7
"2020","31310",6,3
"2020","31311",10,8
"2020","31315",2,7
"2020","31319",3,1
"2020","31321",1,2
"2020","31322",44,39
"2020","31323",5,3
"2020","31324",3,2
"2020","31326",5,0
"2020","31327",29,14
"2020","31330",6,2
"2020","31333",17,6
"2020","31336",8,3
"2020","31337",12,7
"2020","31338",6,1
"2020","31340",1,4
"2020","31343",17,24
"2020","31344",11,5
"2020","31346",14,6
"2020","31347",8,6
"2020","31350",0,3
"2020","31351",9,4
"2020","31355",7,1
"2020","31356",2,2
"2020","31401",3,4
"2020","31402",4,5
"2020","31403",36,16
"2020","31404",7,15
"2020","31405",9,6
"2020","31406",7,11
"2020","31407",25,18
"2020","31408",7,2
"2020","31409",4,7
"2020","31410",4,2
"2020","31411",6,19
"2020","31412",24,15
"2020","31413",49,19
"2020","31414",8,7
"2020","31502",1,1
"2020","31503",9,7
"2020","31504",2,2
"2020","31505",36,25
"2020","31506",NA,NA
"2020","31507",6,7
"2020","31508",3,2
"2020","31509",12,6
"2020","31511",11,5
"2020","31513",10,6
"2020","31514",5,1
"2020","31515",NA,NA
"2020","31516",3,6
"2020","31517",10,5
"2020","31519",5,8
"2020","31520",34,10
"2020","31521",15,4
"2020","31522",30,11
"2020","31523",9,1
"2020","31524",37,25
"2020","31525",6,2
"2020","31527",10,13
"2020","31528",3,0
"2020","31530",6,11
"2020","31531",16,14
"2020","31533",36,15
"2020","31534",7,1
"2020","31535",0,2
"2020","31537",6,4
"2020","31539",21,16
"2020","31540",1,1
"2020","31541",4,0
"2020","31542",4,2
"2020","31543",1,1
"2020","31546",8,2
"2020","31549",81,38
"2020","31550",9,9
"2020","31551",10,11
"2020","31552",2,2
"2020","31553",7,8
"2020","31601",5,12
"2020","31603",3,2
"2020","31604",21,22
"2020","31605",12,9
"2020","31606",5,7
"2020","31608",0,3
"2020","31609",4,6
"2020","31611",2,4
"2020","31612",14,8
"2020","31613",2,3
"2020","31614",12,4
"2020","31615",1,0
"2020","31616",NA,NA
"2020","31617",3,1
"2020","31620",16,9
"2020","31621",10,8
"2020","31622",1,6
"2020","31627",9,0
"2020","31628",5,8
"2020","31629",39,25
"2020","31630",6,8
"2020","31633",50,41
"2020","31634",7,2
"2020","31636",0,3
"2020","31642",13,4
"2020","31644",19,37
"2020","31645",12,7
"2020","31646",6,4
"2020","31649",9,3
"2020","31650",3,7
"2020","31651",16,7
"2020","31652",4,0
"2020","31653",5,8
"2020","31654",5,10
"2020","31655",47,31
"2020","31658",1,0
"2020","31701",10,22
"2020","31702",23,17
"2020","31703",58,41
"2020","31704",103,85
"2020","31706",8,6
"2020","31707",6,15
"2020","31709",28,21
"2020","31710",83,79
"2020","31711",4,4
"2020","31712",44,27
"2020","31713",26,17
"2020","31714",1,4
"2020","31715",28,24
"2020","31716",113,75
"2020","31717",244,200
"2020","31718",12,12
"2020","31719",114,75
"2020","31723",96,56
"2020","31725",80,76
"2020","31726",22,13
"2020","31801",0,1
"2020","31802",6,5
"2020","31803",6,6
"2020","31804",0,4
"2020","31805",1,2
"2020","31806",NA,NA
"2020","31807",7,2
"2020","31808",16,27
"2020","31809",2,0
"2020","31810",57,47
"2020","31811",10,11
"2020","31812",14,6
"2020","31813",8,8
"2020","31814",7,8
"2020","31815",3,3
"2020","31817",15,1
"2020","31818",146,123
"2020","31820",5,0
"2020","31821",6,10
"2020","31823",14,12
"2020","31825",9,4
"2020","31826",14,7
"2020","31827",2,3
"2020","31829",153,20
"2020","31830",2,1
"2020","31831",7,6
"2020","31832",12,4
"2020","31833",16,7
"2020","31834",0,2
"2020","31835",20,29
"2020","31836",32,21
"2020","31837",7,3
"2020","31838",24,14
"2020","31839",77,64
"2020","31840",4,1
"2020","31841",1,1
"2020","31842",NA,NA
"2020","31843",4,2
"2020","31844",NA,NA
"2020","31845",3,2
"2020","31846",21,16
"2020","31847",5,3
"2020","31848",2,3
"2020","31849",5,2
"2020","31901",24,12
"2020","31902",18,9
"2020","31903",34,24
"2020","31904",8,3
"2020","31905",39,20
"2020","31906",14,1
"2020","31907",15,8
"2020","31909",8,5
"2020","31910",1,4
"2020","31911",14,3
"2020","31912",36,39
"2020","31913",2,9
"2020","31915",5,6
"2020","31916",11,8
"2020","31917",6,8
"2020","31918",11,5
"2020","31919",8,4
"2020","31920",NA,NA
"2020","31921",22,16
"2020","31922",17,7
"2020","31923",2,5
"2020","31925",6,10
"2020","31926",56,42
"2020","31927",7,5
"2020","31928",2,1
"2020","31929",25,13
"2020","31930",15,5
"2020","31932",10,21
"2020","31934",12,12
"2020","31935",9,5
"2020","31938",1,1
"2020","31939",NA,NA
"2020","31940",18,4
"2020","31941",3,4
"2020","31943",64,47
"2020","31945",5,2
"2020","31946",4,7
"2020","31947",80,47
"2020","31948",14,16
"2020","31949",48,51
"2020","31950",13,26
"2020","31951",50,39
"2020","31952",100,65
"2020","31953",24,29
"2020","31954",8,5
"2020","32001",36,49
"2020","32002",5,5
"2020","32003",15,7
"2020","32004",3,0
"2020","32005",10,9
"2020","32006",9,4
"2020","32007",5,1
"2020","32008",22,8
"2020","32009",0,1
"2020","32010",0,2
"2020","32011",7,1
"2020","32012",3,2
"2020","32013",13,15
"2020","32014",5,1
"2020","32015",4,3
"2020","32016",66,38
"2020","32017",9,11
"2020","32018",2,2
"2020","32101",36,33
"2020","32104",22,27
"2020","32106",19,14
"2020","32107",14,10
"2020","32109",0,2
"2020","32110",14,5
"2020","32112",31,27
"2020","32114",20,9
"2020","32115",7,8
"2020","32116",10,5
"2020","32119",14,10
"2020","32120",69,22
"2020","32131",70,66
"2020","32132",20,6
"2020","32134",14,8
"2020","32135",198,142
"2020","32139",5,4
"2020","32140",12,8
"2020","32141",47,40
"2020","32142",101,63
"2020","32143",4,3
"2020","32144",402,276
"2020","32202",NA,NA
"2020","32203",4,4
"2020","32206",0,4
"2020","32207",25,15
"2020","32209",1,3
"2020","32210",0,6
"2020","32212",2,1
"2020","32214",NA,NA
"2020","32216",11,3
"2020","32217",3,4
"2020","32219",4,3
"2020","32220",22,18
"2020","32221",2,0
"2020","32222",2,5
"2020","32223",1,2
"2020","32301",20,22
"2020","32302",2,3
"2020","32304",36,41
"2020","32305",47,27
"2020","32306",19,12
"2020","32307",30,24
"2020","32308",17,22
"2020","32309",0,2
"2020","32310",3,5
"2020","32311",8,7
"2020","32312",4,0
"2020","32313",10,10
"2020","32314",15,11
"2020","32315",10,4
"2020","32316",14,17
"2020","32317",0,3
"2020","32318",22,15
"2020","32319",29,18
"2020","32320",13,8
"2020","32321",2,1
"2020","32322",6,1
"2020","32323",31,13
"2020","32324",0,3
"2020","32325",4,3
"2020","32326",2,1
"2020","32327",34,16
"2020","32330",37,32
"2020","32331",12,7
"2020","32332",16,7
"2020","32333",6,2
"2020","32334",6,6
"2020","32335",2,1
"2020","32336",17,10
"2020","32337",23,24
"2020","32338",8,1
"2020","32501",9,12
"2020","32502",1,1
"2020","32503",2,1
"2020","32504",7,1
"2020","32505",3,5
"2020","32506",1,0
"2020","32508",7,6
"2020","32509",0,4
"2020","32511",1,7
"2020","32514",NA,NA
"2020","32515",0,3
"2020","32516",1,0
"2020","32517",3,1
"2020","32518",2,0
"2020","32519",1,0
"2020","32520",2,0
"2020","32521",4,2
"2020","32522",4,2
"2020","32523",4,0
"2020","32524",3,10
"2020","32525",5,5
"2020","32528",1,2
"2020","32529",2,5
"2020","32530",39,27
"2020","40101",4268,2852
"2020","40201",481,285
"2020","40301",1269,720
"2020","40401",72,34
"2020","40402",40,17
"2020","40403",9,0
"2020","40404",384,244
"2020","40405",41,33
"2020","40406",22,12
"2020","40407",19,6
"2020","40408",9,7
"2020","40409",13,20
"2020","40410",17,10
"2020","40411",4,4
"2020","40412",7,5
"2020","40413",120,69
"2020","40414",92,36
"2020","40415",7,6
"2020","40416",19,12
"2020","40417",2,3
"2020","40418",55,17
"2020","40419",25,10
"2020","40420",13,2
"2020","40421",183,141
"2020","40422",58,49
"2020","40423",9,7
"2020","40424",25,22
"2020","40425",14,6
"2020","40426",56,43
"2020","40427",11,20
"2020","40428",26,16
"2020","40429",2,1
"2020","40430",9,4
"2020","40431",36,27
"2020","40432",22,11
"2020","40433",2,4
"2020","40434",6,2
"2020","40435",2,0
"2020","40436",13,9
"2020","40437",38,22
"2020","40438",60,65
"2020","40439",25,3
"2020","40440",2,3
"2020","40441",62,44
"2020","40442",6,3
"2020","40443",25,7
"2020","40444",6,3
"2020","40445",13,7
"2020","40446",10,0
"2020","40501",44,40
"2020","40502",24,13
"2020","40503",59,38
"2020","40504",23,12
"2020","40505",4,3
"2020","40506",18,16
"2020","40507",9,9
"2020","40508",18,6
"2020","40509",16,14
"2020","40510",11,14
"2020","40511",20,13
"2020","40512",1,6
"2020","40601",39,40
"2020","40602",6,3
"2020","40603",5,7
"2020","40604",10,10
"2020","40605",6,1
"2020","40606",NA,NA
"2020","40607",7,10
"2020","40608",1,1
"2020","40609",8,2
"2020","40610",7,0
"2020","40611",5,1
"2020","40612",9,8
"2020","40613",NA,NA
"2020","40614",23,20
"2020","40615",5,11
"2020","40616",2,2
"2020","40617",1,9
"2020","40618",11,9
"2020","40619",6,3
"2020","40620",7,4
"2020","40621",2,7
"2020","40622",0,1
"2020","40623",3,0
"2020","40624",8,6
"2020","40625",0,4
"2020","40626",3,4
"2020","40627",5,8
"2020","40701",91,48
"2020","40702",33,29
"2020","40703",148,105
"2020","40704",33,35
"2020","40705",222,111
"2020","40706",27,26
"2020","40707",26,14
"2020","40708",10,8
"2020","40709",10,15
"2020","40710",5,3
"2020","40711",84,49
"2020","40712",24,18
"2020","40713",29,27
"2020","40714",37,25
"2020","40715",15,6
"2020","40716",4,3
"2020","40717",40,14
"2020","40718",13,10
"2020","40719",20,13
"2020","40720",79,47
"2020","40801",10,5
"2020","40802",56,33
"2020","40804",2,1
"2020","40805",58,36
"2020","40806",25,9
"2020","40807",13,13
"2020","40808",45,27
"2020","40809",15,7
"2020","40810",3,4
"2020","40811",20,8
"2020","40812",11,14
"2020","40813",9,9
"2020","40814",4,4
"2020","40815",2,3
"2020","40816",4,3
"2020","40817",4,2
"2020","40818",18,5
"2020","40820",1,0
"2020","40821",4,6
"2020","40822",16,5
"2020","40823",8,9
"2020","40824",4,5
"2020","40825",6,2
"2020","40826",2,0
"2020","40827",17,17
"2020","40828",3,1
"2020","40829",19,7
"2020","40830",2,2
"2020","40831",38,20
"2020","40832",11,5
"2020","40833",4,5
"2020","40834",2,2
"2020","40835",25,14
"2020","40901",3,3
"2020","40902",15,15
"2020","40903",11,14
"2020","40904",4,6
"2020","40905",71,18
"2020","40906",8,7
"2020","40907",90,34
"2020","40908",24,14
"2020","40909",13,6
"2020","40910",10,13
"2020","40911",3,1
"2020","40912",36,24
"2020","40913",21,13
"2020","40914",3,4
"2020","40915",2,6
"2020","40916",2,3
"2020","40917",7,7
"2020","40918",15,8
"2020","40919",3,0
"2020","40920",12,6
"2020","40921",4,8
"2020","40922",14,5
"2020","40923",18,19
"2020","41001",27,6
"2020","41002",328,192
"2020","41003",60,61
"2020","41004",2,0
"2020","41005",219,135
"2020","41006",13,9
"2020","41007",61,53
"2020","41008",16,11
"2020","41009",37,18
"2020","41010",5,12
"2020","41011",31,20
"2020","41012",302,200
"2020","41013",19,22
"2020","41014",67,37
"2020","41015",9,7
"2020","41016",7,3
"2020","41017",79,90
"2020","41018",7,7
"2020","41019",19,5
"2020","41020",27,8
"2020","41021",475,296
"2020","41022",40,34
"2020","41101",2,0
"2020","41102",23,18
"2020","41103",6,1
"2020","41104",1,1
"2020","41105",15,13
"2020","41106",8,2
"2020","41107",3,4
"2020","41108",119,73
"2020","41109",15,31
"2020","41110",21,18
"2020","41111",66,40
"2020","41112",10,2
"2020","41113",9,11
"2020","41114",28,31
"2020","41115",10,3
"2020","41116",101,95
"2020","41117",12,3
"2020","41118",23,11
"2020","41119",3,3
"2020","41120",17,11
"2020","41121",6,5
"2020","41122",2,1
"2020","41123",8,4
"2020","41124",64,29
"2020","41125",1,3
"2020","41126",10,8
"2020","41201",6,5
"2020","41202",23,16
"2020","41203",29,17
"2020","41204",15,21
"2020","41205",3,6
"2020","41206",2,4
"2020","41207",55,26
"2020","41208",15,9
"2020","41209",10,5
"2020","41210",6,2
"2020","41211",2,3
"2020","41212",22,12
"2020","41213",6,5
"2020","41214",14,7
"2020","41215",7,4
"2020","41216",0,5
"2020","41217",6,2
"2020","41218",18,10
"2020","41219",76,30
"2020","41220",25,9
"2020","41221",4,5
"2020","41222",4,2
"2020","41223",2,0
"2020","41224",13,7
"2020","41225",217,156
"2020","41226",5,1
"2020","41227",4,0
"2020","41228",29,13
"2020","41229",1,3
"2020","41230",9,5
"2020","41231",9,9
"2020","41232",4,9
"2020","41233",12,10
"2020","41234",13,12
"2020","41235",4,3
"2020","41236",4,4
"2020","41304",8,9
"2020","41305",NA,NA
"2020","41306",1,2
"2020","41307",NA,NA
"2020","41309",21,13
"2020","41311",NA,NA
"2020","41312",4,2
"2020","41313",18,13
"2020","41314",3,1
"2020","41315",18,6
"2020","41316",5,1
"2020","41317",5,2
"2020","41318",5,3
"2020","41319",2,3
"2020","41320",8,0
"2020","41321",8,8
"2020","41322",1,0
"2020","41323",3,13
"2020","41324",9,6
"2020","41325",8,6
"2020","41326",4,1
"2020","41327",6,3
"2020","41328",4,4
"2020","41329",2,1
"2020","41331",2,2
"2020","41332",14,9
"2020","41333",2,1
"2020","41334",1,8
"2020","41336",4,0
"2020","41337",6,1
"2020","41338",6,1
"2020","41341",12,2
"2020","41342",24,14
"2020","41343",15,7
"2020","41344",26,28
"2020","41345",3,4
"2020","41346",8,2
"2020","41401",0,2
"2020","41402",31,15
"2020","41403",22,8
"2020","41404",8,12
"2020","41405",7,7
"2020","41406",3,0
"2020","41407",13,11
"2020","41408",1,5
"2020","41409",15,9
"2020","41410",62,30
"2020","41411",12,12
"2020","41412",1,3
"2020","41413",11,19
"2020","41414",8,5
"2020","41415",4,2
"2020","41416",14,6
"2020","41417",6,6
"2020","41418",62,44
"2020","41419",17,15
"2020","41420",4,6
"2020","41421",18,11
"2020","41422",139,66
"2020","41423",58,23
"2020","41424",1,0
"2020","41425",28,73
"2020","41426",18,9
"2020","41427",15,15
"2020","41428",7,7
"2020","41429",14,10
"2020","41430",14,10
"2020","41501",8,4
"2020","41502",3,1
"2020","41503",27,26
"2020","41504",27,11
"2020","41505",4,3
"2020","41506",46,35
"2020","41507",5,4
"2020","41508",4,1
"2020","41509",4,4
"2020","41510",1,0
"2020","41511",10,5
"2020","41512",3,4
"2020","41513",7,2
"2020","41514",7,2
"2020","41515",8,4
"2020","41516",89,43
"2020","41517",14,16
"2020","41518",4,18
"2020","41521",12,9
"2020","41522",10,18
"2020","41601",11,7
"2020","41602",18,10
"2020","41603",11,8
"2020","41604",3,7
"2020","41605",19,21
"2020","41606",12,55
"2020","41607",43,21
"2020","41608",0,2
"2020","41609",22,11
"2020","41610",2,3
"2020","41611",9,6
"2020","41612",3,3
"2020","41613",24,24
"2020","41614",10,8
"2020","41615",11,4
"2020","41616",1,0
"2020","41617",20,19
"2020","41618",24,15
"2020","41619",4,4
"2020","41620",2,0
"2020","41621",8,2
"2020","41622",2,0
"2020","41623",0,3
"2020","41624",34,12
"2020","41626",18,24
"2020","41627",1,5
"2020","41628",6,2
"2020","41701",45,37
"2020","41702",16,20
"2020","41703",182,92
"2020","41704",15,10
"2020","41705",3,2
"2020","41706",5,4
"2020","41707",12,8
"2020","41708",0,2
"2020","41709",17,16
"2020","41710",63,56
"2020","41711",36,10
"2020","41712",13,3
"2020","41713",40,36
"2020","41714",1,4
"2020","41715",125,60
"2020","41716",5,4
"2020","41717",16,5
"2020","41718",9,11
"2020","41719",11,9
"2020","41720",6,11
"2020","41721",10,6
"2020","41722",23,26
"2020","41723",10,3
"2020","41724",0,1
"2020","41725",1,0
"2020","41726",15,5
"2020","41727",17,4
"2020","41728",0,1
"2020","41729",0,6
"2020","41730",6,4
"2020","41731",74,23
"2020","41732",13,8
"2020","41733",0,1
"2020","41734",849,99
"2020","41735",22,11
"2020","41736",11,4
"2020","41737",20,16
"2020","41738",87,57
"2020","41739",36,34
"2020","41740",9,2
"2020","41741",9,3
"2020","41742",33,24
"2020","41743",91,41
"2020","41744",18,40
"2020","41745",16,20
"2020","41746",106,88
"2020","41747",31,25
"2020","41748",4,0
"2020","41749",5,10
"2020","41750",20,13
"2020","41751",9,9
"2020","41752",5,2
"2020","41801",0,1
"2020","41802",2,0
"2020","41803",17,12
"2020","41804",16,24
"2020","41805",20,3
"2020","41806",10,5
"2020","41807",6,1
"2020","41808",44,19
"2020","41809",2,6
"2020","41810",20,12
"2020","41811",98,89
"2020","41812",199,117
"2020","41813",9,0
"2020","41814",11,8
"2020","41815",9,2
"2020","41816",24,14
"2020","41817",31,20
"2020","41818",5,4
"2020","41819",18,7
"2020","41820",78,57
"2020","41821",17,10
"2020","41822",18,4
"2020","41823",65,44
"2020","41824",26,3
"2020","50101",4278,2931
"2020","50201",50,34
"2020","50202",26,6
"2020","50203",12,5
"2020","50204",46,31
"2020","50205",250,180
"2020","50206",11,3
"2020","50207",53,35
"2020","50208",51,22
"2020","50209",153,172
"2020","50210",6,3
"2020","50211",15,1
"2020","50212",6,7
"2020","50213",18,16
"2020","50301",64,44
"2020","50302",23,18
"2020","50303",1363,83
"2020","50304",12,5
"2020","50305",47,20
"2020","50306",10,3
"2020","50307",10,12
"2020","50308",36,28
"2020","50309",67,51
"2020","50310",64,54
"2020","50311",26,13
"2020","50312",66,20
"2020","50313",6,0
"2020","50314",137,98
"2020","50315",63,40
"2020","50316",34,44
"2020","50317",38,25
"2020","50318",0,1
"2020","50319",58,78
"2020","50320",14,9
"2020","50321",34,27
"2020","50322",67,38
"2020","50323",36,21
"2020","50324",51,35
"2020","50325",14,13
"2020","50326",119,84
"2020","50327",41,29
"2020","50328",14,5
"2020","50329",22,18
"2020","50330",95,109
"2020","50331",9,1
"2020","50332",28,4
"2020","50335",60,32
"2020","50336",22,18
"2020","50337",49,37
"2020","50338",153,108
"2020","50339",147,93
"2020","50401",50,62
"2020","50402",78,91
"2020","50403",125,67
"2020","50404",128,85
"2020","50405",13,7
"2020","50406",35,19
"2020","50407",26,12
"2020","50408",42,24
"2020","50409",3,0
"2020","50410",12,10
"2020","50411",26,26
"2020","50412",22,24
"2020","50413",3,4
"2020","50414",9,3
"2020","50415",19,14
"2020","50416",19,13
"2020","50417",68,68
"2020","50418",219,147
"2020","50419",28,18
"2020","50420",26,17
"2020","50421",30,15
"2020","50422",17,10
"2020","50423",88,63
"2020","50424",29,32
"2020","50425",23,13
"2020","50501",1,2
"2020","50502",6,2
"2020","50503",17,4
"2020","50504",12,20
"2020","50505",1,1
"2020","50506",13,13
"2020","50507",2,0
"2020","50508",8,1
"2020","50509",32,15
"2020","50510",60,39
"2020","50511",4,3
"2020","50512",7,9
"2020","50513",9,2
"2020","50514",1,1
"2020","50515",0,2
"2020","50601",26,13
"2020","50602",57,34
"2020","50603",10,6
"2020","50604",7,3
"2020","50605",12,8
"2020","50606",103,52
"2020","50607",22,5
"2020","50608",6,11
"2020","50609",76,58
"2020","50610",17,15
"2020","50611",36,23
"2020","50612",21,22
"2020","50613",83,30
"2020","50614",14,10
"2020","50615",11,10
"2020","50616",40,30
"2020","50617",28,15
"2020","50618",87,64
"2020","50619",211,160
"2020","50620",11,8
"2020","50621",1,12
"2020","50622",10,9
"2020","50623",27,13
"2020","50624",20,24
"2020","50625",9,8
"2020","50626",37,15
"2020","50627",7,4
"2020","50628",316,111
"2020","60101",7108,5379
"2020","60305",19,2
"2020","60318",27,17
"2020","60323",5,4
"2020","60324",8,6
"2020","60326",9,7
"2020","60329",3,2
"2020","60341",10,3
"2020","60344",74,55
"2020","60345",26,11
"2020","60346",14,17
"2020","60347",12,6
"2020","60348",22,25
"2020","60349",27,12
"2020","60350",33,25
"2020","60351",19,18
"2020","60608",114,51
"2020","60611",43,15
"2020","60613",43,41
"2020","60617",43,45
"2020","60618",10,8
"2020","60619",29,8
"2020","60623",11,2
"2020","60624",103,46
"2020","60626",7,18
"2020","60628",20,12
"2020","60629",36,26
"2020","60632",15,11
"2020","60639",2,1
"2020","60641",4,1
"2020","60642",10,5
"2020","60645",13,18
"2020","60646",16,11
"2020","60647",1,1
"2020","60648",27,12
"2020","60651",17,7
"2020","60653",21,6
"2020","60654",18,4
"2020","60655",15,10
"2020","60656",15,8
"2020","60659",27,17
"2020","60660",21,16
"2020","60661",54,46
"2020","60662",28,18
"2020","60663",21,12
"2020","60664",66,49
"2020","60665",28,20
"2020","60666",9,3
"2020","60667",35,17
"2020","60668",13,22
"2020","60669",163,89
"2020","60670",82,51
"2020","61001",13,5
"2020","61002",5,3
"2020","61007",NA,NA
"2020","61008",9,3
"2020","61012",18,12
"2020","61013",8,7
"2020","61016",7,8
"2020","61017",10,6
"2020","61019",11,5
"2020","61020",12,5
"2020","61021",10,10
"2020","61024",9,9
"2020","61027",5,4
"2020","61030",9,4
"2020","61032",4,0
"2020","61033",9,4
"2020","61043",18,15
"2020","61045",62,39
"2020","61049",20,6
"2020","61050",41,15
"2020","61051",14,7
"2020","61052",9,4
"2020","61053",153,91
"2020","61054",20,12
"2020","61055",4,0
"2020","61057",14,7
"2020","61059",69,52
"2020","61060",28,13
"2020","61061",49,36
"2020","61101",17,7
"2020","61105",1,4
"2020","61106",9,5
"2020","61107",1,2
"2020","61108",523,491
"2020","61109",2,5
"2020","61110",5,5
"2020","61111",1,1
"2020","61112",NA,NA
"2020","61113",18,23
"2020","61114",10,5
"2020","61115",6,11
"2020","61116",14,5
"2020","61118",77,217
"2020","61119",4,1
"2020","61120",62,29
"2020","61203",12,8
"2020","61204",27,17
"2020","61205",8,3
"2020","61206",0,2
"2020","61207",68,32
"2020","61213",53,30
"2020","61215",14,9
"2020","61217",41,23
"2020","61222",11,0
"2020","61236",32,32
"2020","61243",18,1
"2020","61247",24,25
"2020","61251",NA,NA
"2020","61252",7,4
"2020","61253",37,18
"2020","61254",15,2
"2020","61255",93,30
"2020","61256",6,4
"2020","61257",30,17
"2020","61258",12,10
"2020","61259",86,60
"2020","61260",18,5
"2020","61261",13,6
"2020","61262",35,15
"2020","61263",47,34
"2020","61264",16,15
"2020","61265",70,43
"2020","61266",2,3
"2020","61267",27,11
"2020","61410",6,1
"2020","61413",NA,NA
"2020","61425",10,6
"2020","61428",3,3
"2020","61437",9,3
"2020","61438",38,18
"2020","61439",31,7
"2020","61440",6,7
"2020","61441",1,2
"2020","61442",20,5
"2020","61443",9,9
"2020","61444",5,5
"2020","61445",20,13
"2020","61446",7,7
"2020","61611",5,3
"2020","61612",7,8
"2020","61615",15,8
"2020","61618",9,6
"2020","61621",NA,NA
"2020","61624",10,14
"2020","61625",67,60
"2020","61626",39,23
"2020","61627",3,1
"2020","61628",5,10
"2020","61629",8,11
"2020","61630",3,6
"2020","61631",82,23
"2020","61632",15,12
"2020","61633",27,17
"2020","61701",8,13
"2020","61708",5,0
"2020","61710",2,4
"2020","61711",3,1
"2020","61716",4,7
"2020","61719",14,5
"2020","61727",11,13
"2020","61728",NA,NA
"2020","61729",4,1
"2020","61730",7,3
"2020","61731",4,1
"2020","61740",3,5
"2020","61741",2,3
"2020","61743",4,1
"2020","61744",1,0
"2020","61745",4,0
"2020","61746",28,19
"2020","61748",20,16
"2020","61750",6,11
"2020","61751",2,2
"2020","61756",5,7
"2020","61757",18,9
"2020","61758",3,4
"2020","61759",7,0
"2020","61760",102,35
"2020","61761",2,5
"2020","61762",8,2
"2020","61763",18,12
"2020","61764",6,3
"2020","61765",28,21
"2020","61766",152,114
"2020","62007",44,29
"2020","62008",2,5
"2020","62010",6,2
"2020","62014",2,2
"2020","62021",3,4
"2020","62026",4,2
"2020","62032",2,1
"2020","62034",3,2
"2020","62036",12,6
"2020","62038",133,62
"2020","62039",13,5
"2020","62040",80,64
"2020","62041",198,98
"2020","62042",11,14
"2020","62043",8,11
"2020","62044",11,6
"2020","62045",6,6
"2020","62046",7,2
"2020","62047",22,19
"2020","62048",12,16
"2020","62105",10,17
"2020","62115",13,19
"2020","62116",23,9
"2020","62125",17,17
"2020","62128",22,20
"2020","62131",26,11
"2020","62132",0,1
"2020","62135",5,8
"2020","62138",15,5
"2020","62139",168,147
"2020","62140",347,206
"2020","62141",32,28
"2020","62142",65,27
"2020","62143",73,51
"2020","62144",23,14
"2020","62145",54,38
"2020","62146",28,12
"2020","62147",15,12
"2020","62148",12,3
"2020","62202",9,8
"2020","62205",6,3
"2020","62206",7,2
"2020","62209",4,3
"2020","62211",22,9
"2020","62214",5,9
"2020","62216",5,8
"2020","62219",44,39
"2020","62220",6,2
"2020","62226",8,12
"2020","62232",0,2
"2020","62233",11,2
"2020","62235",8,4
"2020","62242",3,2
"2020","62244",11,9
"2020","62245",2,4
"2020","62247",4,10
"2020","62256",11,6
"2020","62262",16,2
"2020","62264",12,7
"2020","62265",5,2
"2020","62266",15,3
"2020","62268",6,7
"2020","62269",6,6
"2020","62270",7,3
"2020","62271",13,11
"2020","62272",26,17
"2020","62273",5,2
"2020","62274",35,23
"2020","62275",11,8
"2020","62276",5,8
"2020","62277",2,3
"2020","62278",9,7
"2020","62279",2,4
"2020","62280",86,42
"2020","62311",5,2
"2020","62314",6,1
"2020","62326",7,4
"2020","62330",1,0
"2020","62332",1,29
"2020","62335",5,2
"2020","62343",18,12
"2020","62368",1,5
"2020","62372",6,1
"2020","62375",32,40
"2020","62376",35,14
"2020","62377",2,2
"2020","62378",31,36
"2020","62379",108,99
"2020","62380",14,4
"2020","62381",14,3
"2020","62382",12,17
"2020","62383",29,20
"2020","62384",12,3
"2020","62385",10,3
"2020","62386",29,14
"2020","62387",9,2
"2020","62388",8,9
"2020","62389",13,6
"2020","62390",23,10
"2020","70101",4188,3359
"2020","70201",30,28
"2020","70202",40,32
"2020","70203",132,111
"2020","70204",1,4
"2020","70205",18,23
"2020","70206",0,1
"2020","70207",3,0
"2020","70208",70,45
"2020","70209",57,21
"2020","70210",5,3
"2020","70211",9,4
"2020","70212",22,14
"2020","70213",14,18
"2020","70214",19,21
"2020","70215",10,8
"2020","70216",23,13
"2020","70217",44,27
"2020","70218",22,16
"2020","70219",25,21
"2020","70220",81,123
"2020","70221",28,8
"2020","70222",10,5
"2020","70223",42,24
"2020","70224",16,20
"2020","70301",55,29
"2020","70302",46,45
"2020","70303",41,31
"2020","70304",55,33
"2020","70305",13,20
"2020","70306",14,12
"2020","70307",3,10
"2020","70308",11,6
"2020","70309",16,22
"2020","70310",59,57
"2020","70311",12,6
"2020","70312",53,28
"2020","70313",12,19
"2020","70314",2,3
"2020","70315",13,5
"2020","70317",4,4
"2020","70318",8,8
"2020","70319",46,27
"2020","70320",22,27
"2020","70322",5,6
"2020","70323",5,4
"2020","70325",13,14
"2020","70326",70,59
"2020","70328",36,12
"2020","70329",72,30
"2020","70331",35,19
"2020","70332",10,15
"2020","70333",10,5
"2020","70334",69,44
"2020","70335",8,16
"2020","70336",6,2
"2020","70337",11,12
"2020","70338",9,10
"2020","70339",8,3
"2020","70340",6,5
"2020","70342",7,11
"2020","70343",21,18
"2020","70344",29,39
"2020","70345",19,9
"2020","70346",107,70
"2020","70347",5,3
"2020","70348",26,12
"2020","70349",2,2
"2020","70350",18,26
"2020","70351",153,84
"2020","70352",12,8
"2020","70353",27,23
"2020","70354",226,149
"2020","70355",46,45
"2020","70356",8,13
"2020","70357",178,152
"2020","70358",93,99
"2020","70359",12,6
"2020","70360",8,10
"2020","70361",NA,NA
"2020","70362",3,1
"2020","70364",83,45
"2020","70365",34,31
"2020","70366",11,3
"2020","70367",81,45
"2020","70368",8,9
"2020","70369",97,58
"2020","70370",36,24
"2020","70401",38,20
"2020","70402",40,14
"2020","70403",126,113
"2020","70404",84,48
"2020","70405",9,8
"2020","70406",65,44
"2020","70407",9,4
"2020","70408",70,20
"2020","70409",137,73
"2020","70410",87,43
"2020","70411",276,154
"2020","70412",96,56
"2020","70413",44,13
"2020","70414",59,36
"2020","70415",10,6
"2020","70416",189,94
"2020","70417",40,23
"2020","70418",12,6
"2020","70419",43,18
"2020","70420",45,49
"2020","70501",41,19
"2020","70502",14,10
"2020","70503",40,42
"2020","70504",9,6
"2020","70505",33,25
"2020","70506",43,34
"2020","70508",99,42
"2020","70509",84,49
"2020","70510",41,38
"2020","70511",73,49
"2020","70512",33,19
"2020","70513",535,421
"2020","70514",42,31
"2020","70515",56,50
"2020","70516",9,5
"2020","70517",24,18
"2020","70518",31,23
"2020","70519",15,10
"2020","70520",22,32
"2020","70521",30,18
"2020","70522",49,30
"2020","70523",8,4
"2020","70524",50,24
"2020","70525",35,9
"2020","70526",69,46
"2020","70527",60,26
"2020","70528",15,9
"2020","70529",68,13
"2020","70530",65,47
"2020","70531",207,172
"2020","70601",0,2
"2020","70602",7,1
"2020","70603",32,84
"2020","70604",23,13
"2020","70605",10,6
"2020","70606",11,6
"2020","70607",10,4
"2020","70608",26,34
"2020","70609",14,21
"2020","70610",0,1
"2020","70611",4,6
"2020","70612",1,2
"2020","70613",7,3
"2020","70614",116,62
"2020","70615",13,14
"2020","70616",33,16
"2020","70617",26,23
"2020","70618",8,4
"2020","70619",20,17
"2020","70620",22,12
"2020","70621",66,42
"2020","70622",2,11
"2020","70623",7,18
"2020","70624",28,13
"2020","70625",NA,NA
"2020","70626",2,4
"2020","70627",4,11
"2020","70628",3,2
"2020","70629",3,3
"2020","70630",36,21
"2020","70701",4,1
"2020","70702",1,1
"2020","70703",5,1
"2020","70704",4,2
"2020","70705",5,4
"2020","70706",1,0
"2020","70707",11,11
"2020","70708",1,3
"2020","70709",6,5
"2020","70710",6,1
"2020","70711",2,2
"2020","70712",7,3
"2020","70713",7,2
"2020","70714",3,1
"2020","70715",15,2
"2020","70716",110,60
"2020","70717",10,10
"2020","70718",5,1
"2020","70719",13,3
"2020","70720",16,3
"2020","70721",1,3
"2020","70723",8,3
"2020","70724",21,8
"2020","70725",NA,NA
"2020","70726",6,3
"2020","70727",1,0
"2020","70728",20,15
"2020","70729",3,1
"2020","70731",2,1
"2020","70732",10,1
"2020","70733",0,1
"2020","70734",10,7
"2020","70735",9,5
"2020","70801",13,3
"2020","70802",18,5
"2020","70803",30,11
"2020","70804",15,11
"2020","70805",27,15
"2020","70806",11,10
"2020","70807",64,48
"2020","70808",12,10
"2020","70809",5,4
"2020","70810",1,0
"2020","70811",18,15
"2020","70812",NA,NA
"2020","70813",7,2
"2020","70814",5,8
"2020","70815",NA,NA
"2020","70816",20,8
"2020","70817",7,4
"2020","70818",16,21
"2020","70819",3,1
"2020","70820",39,17
"2020","70821",33,42
"2020","70822",7,1
"2020","70823",0,2
"2020","70824",16,9
"2020","70825",4,0
"2020","70826",46,14
"2020","70827",6,5
"2020","70828",135,94
"2020","70829",19,9
"2020","70830",10,4
"2020","70831",1,4
"2020","70832",35,15
"2020","70833",35,27
"2020","70834",2,4
"2020","70835",21,6
"2020","70836",12,10
"2020","70837",4,2
"2020","70901",53,43
"2020","70902",32,30
"2020","70903",1,1
"2020","70904",1,3
"2020","70905",9,11
"2020","70907",123,74
"2020","70908",30,28
"2020","70909",83,75
"2020","70910",11,14
"2020","70911",2,1
"2020","70912",20,11
"2020","70913",2,1
"2020","70914",8,9
"2020","70915",22,10
"2020","70916",17,13
"2020","70917",70,80
"2020","70918",23,14
"2020","70920",91,76
"2020","70921",11,6
"2020","70922",23,23
"2020","70923",21,18
"2020","70924",1,1
"2020","70925",15,10
"2020","70926",159,121
"2020","70927",39,38
"2020","70928",12,18
"2020","70929",13,6
"2020","70930",6,5
"2020","70931",18,12
"2020","70932",3,3
"2020","70933",16,17
"2020","70934",64,76
"2020","70935",28,23
"2020","70936",45,37
"2020","70937",25,9
"2020","70938",6,4
"2020","70939",10,10
"2020","70940",15,14
"2020","70941",10,4
"2020","80101",28,10
"2020","80102",0,1
"2020","80103",238,151
"2020","80104",39,39
"2020","80105",60,19
"2020","80106",28,27
"2020","80107",11,3
"2020","80108",46,10
"2020","80109",9,3
"2020","80110",29,28
"2020","80111",13,6
"2020","80112",16,6
"2020","80113",57,60
"2020","80114",1,5
"2020","80115",43,41
"2020","80116",67,56
"2020","80117",56,25
"2020","80118",8,13
"2020","80119",3,3
"2020","80120",27,30
"2020","80121",8,6
"2020","80122",58,49
"2020","80123",3,0
"2020","80124",6,0
"2020","80125",3,4
"2020","80126",25,14
"2020","80127",3,1
"2020","80128",23,12
"2020","80129",25,9
"2020","80201",23,11
"2020","80202",23,13
"2020","80203",14,16
"2020","80204",37,24
"2020","80205",11,2
"2020","80206",15,18
"2020","80207",587,502
"2020","80208",8,5
"2020","80209",14,8
"2020","80210",15,13
"2020","80211",23,17
"2020","80212",6,7
"2020","80213",61,65
"2020","80214",15,20
"2020","80215",233,138
"2020","80216",29,22
"2020","80217",110,72
"2020","80218",141,63
"2020","80219",17,17
"2020","80220",16,33
"2020","80221",8,6
"2020","80222",15,17
"2020","80223",7,2
"2020","80224",107,96
"2020","80225",14,12
"2020","80226",193,89
"2020","80227",26,22
"2020","80228",323,359
"2020","80229",7,8
"2020","80230",11,13
"2020","80231",10,8
"2020","80232",10,4
"2020","80233",10,16
"2020","80234",2,6
"2020","80235",31,24
"2020","80236",21,19
"2020","80237",3,3
"2020","80238",38,26
"2020","80239",8,3
"2020","80240",127,100
"2020","80301",840,705
"2020","80302",298,259
"2020","80303",366,333
"2020","80401",55,51
"2020","80402",2,2
"2020","80403",2,0
"2020","80404",778,567
"2020","80405",106,96
"2020","80406",10,11
"2020","80407",33,32
"2020","80408",146,136
"2020","80409",73,34
"2020","80410",55,33
"2020","80411",5,1
"2020","80412",40,41
"2020","80413",36,35
"2020","80414",122,96
"2020","80415",4,4
"2020","80416",63,23
"2020","80417",29,19
"2020","80418",19,19
"2020","80419",3,2
"2020","80420",33,43
"2020","80421",7,5
"2020","80422",NA,NA
"2020","80423",40,23
"2020","80424",41,28
"2020","90101",616,522
"2020","90201",3884,2884
"2020","90301",3204,2149
"2020","90401",1493,1084
"2020","90501",1936,1356
"2020","90601",1252,997
"2020","90701",1170,925
"2020","90801",1887,1389
"2020","90901",1813,1422
"2020","91001",5430,3921
"2020","91101",1872,1419
"2020","91201",2525,1777
"2020","91301",904,700
"2020","91401",1598,1368
"2020","91501",3068,2267
"2020","91601",2787,2057
"2020","91701",1659,1335
"2020","91801",1410,1122
"2020","91901",1864,1520
"2020","92001",2762,2157
"2020","92101",2353,1792
"2020","92201",2889,2301
"2020","92301",1265,905
"2021","10101",372,242
"2021","10201",4,8
"2021","10301",9,4
"2021","10302",7,7
"2021","10303",12,8
"2021","10304",17,14
"2021","10305",175,30
"2021","10306",6,7
"2021","10307",6,21
"2021","10308",8,1
"2021","10309",23,9
"2021","10310",0,3
"2021","10311",4,3
"2021","10312",23,14
"2021","10313",7,5
"2021","10314",7,6
"2021","10315",46,18
"2021","10316",23,6
"2021","10317",7,4
"2021","10318",10,9
"2021","10319",24,4
"2021","10320",1,0
"2021","10321",5,1
"2021","10322",6,3
"2021","10323",12,11
"2021","10401",2,2
"2021","10402",17,2
"2021","10403",10,8
"2021","10404",2,5
"2021","10405",32,36
"2021","10406",7,10
"2021","10407",3,2
"2021","10408",8,8
"2021","10409",2,2
"2021","10410",6,1
"2021","10411",2,3
"2021","10412",3,3
"2021","10413",5,5
"2021","10414",31,20
"2021","10415",18,5
"2021","10416",7,4
"2021","10417",19,6
"2021","10418",5,3
"2021","10419",NA,NA
"2021","10420",1,0
"2021","10421",1,6
"2021","10422",NA,NA
"2021","10423",3,0
"2021","10424",NA,NA
"2021","10425",1,1
"2021","10426",3,1
"2021","10427",2,0
"2021","10428",NA,NA
"2021","10501",31,2
"2021","10502",8,3
"2021","10503",11,22
"2021","10504",20,6
"2021","10505",8,9
"2021","10506",8,4
"2021","10507",5,7
"2021","10508",13,7
"2021","10509",14,5
"2021","10510",4,1
"2021","10511",5,3
"2021","10512",NA,NA
"2021","10601",14,7
"2021","10602",28,8
"2021","10603",1,1
"2021","10604",11,6
"2021","10605",21,21
"2021","10606",65,55
"2021","10607",66,31
"2021","10608",2,4
"2021","10609",26,13
"2021","10610",17,22
"2021","10611",10,9
"2021","10612",30,12
"2021","10613",14,10
"2021","10614",2,3
"2021","10615",14,19
"2021","10616",11,5
"2021","10617",6,3
"2021","10618",20,12
"2021","10619",1,5
"2021","10701",4,5
"2021","10702",5,1
"2021","10703",22,16
"2021","10704",9,0
"2021","10705",25,24
"2021","10706",36,9
"2021","10707",18,24
"2021","10708",6,9
"2021","10709",1,4
"2021","10710",10,12
"2021","10711",141,74
"2021","10712",5,4
"2021","10713",98,95
"2021","10714",25,31
"2021","10715",25,14
"2021","10716",3,5
"2021","10717",75,29
"2021","10718",14,7
"2021","10719",9,9
"2021","10720",12,11
"2021","10721",5,4
"2021","10722",8,8
"2021","10723",7,9
"2021","10724",15,17
"2021","10725",9,4
"2021","10726",5,2
"2021","10727",20,18
"2021","10801",34,16
"2021","10802",14,10
"2021","10803",0,4
"2021","10804",7,4
"2021","10805",17,14
"2021","10806",1,1
"2021","10807",5,3
"2021","10808",10,7
"2021","10809",15,11
"2021","10810",3,5
"2021","10811",7,10
"2021","10812",12,10
"2021","10813",3,6
"2021","10814",3,3
"2021","10815",14,6
"2021","10816",13,23
"2021","10817",6,4
"2021","10818",3,5
"2021","10819",1,0
"2021","10820",9,3
"2021","10821",9,2
"2021","10822",2,0
"2021","10823",12,9
"2021","10824",4,1
"2021","10825",10,6
"2021","10826",2,3
"2021","10827",3,2
"2021","10828",11,4
"2021","10901",30,11
"2021","10902",23,19
"2021","10903",4,5
"2021","10904",4,0
"2021","10905",17,13
"2021","10906",6,6
"2021","10907",13,12
"2021","10908",15,8
"2021","10909",3,4
"2021","10910",15,13
"2021","10911",3,1
"2021","10912",11,8
"2021","10913",4,3
"2021","10914",7,14
"2021","10915",10,3
"2021","10916",24,14
"2021","10917",80,61
"2021","10918",73,45
"2021","10919",19,20
"2021","10920",10,5
"2021","10921",5,5
"2021","10922",7,2
"2021","10923",19,27
"2021","10924",1,1
"2021","10925",7,4
"2021","10926",1,8
"2021","10927",2,1
"2021","10928",12,6
"2021","10929",2,0
"2021","10930",2,1
"2021","10931",NA,NA
"2021","10932",9,3
"2021","20101",1927,1134
"2021","20201",1612,722
"2021","20302",7,4
"2021","20305",94,49
"2021","20306",36,6
"2021","20307",33,16
"2021","20316",16,4
"2021","20320",20,19
"2021","20321",9,5
"2021","20402",77,42
"2021","20403",12,16
"2021","20405",93,57
"2021","20409",11,12
"2021","20412",20,8
"2021","20414",17,13
"2021","20415",65,44
"2021","20416",5,8
"2021","20417",34,14
"2021","20418",21,15
"2021","20419",21,9
"2021","20421",17,15
"2021","20424",52,22
"2021","20425",6,7
"2021","20428",10,0
"2021","20432",17,17
"2021","20435",30,22
"2021","20441",2,0
"2021","20442",21,11
"2021","20501",42,41
"2021","20502",16,4
"2021","20503",0,2
"2021","20504",14,4
"2021","20505",18,13
"2021","20506",4,2
"2021","20508",2,2
"2021","20509",9,6
"2021","20511",25,8
"2021","20512",13,4
"2021","20513",6,2
"2021","20515",34,14
"2021","20518",7,5
"2021","20519",16,3
"2021","20520",4,3
"2021","20523",17,15
"2021","20527",161,105
"2021","20530",3,2
"2021","20531",22,18
"2021","20534",26,3
"2021","20601",42,27
"2021","20602",9,3
"2021","20603",10,8
"2021","20604",20,8
"2021","20605",12,8
"2021","20607",14,10
"2021","20608",13,4
"2021","20609",17,2
"2021","20610",5,2
"2021","20611",15,6
"2021","20613",5,3
"2021","20616",7,4
"2021","20618",21,5
"2021","20619",6,4
"2021","20620",48,35
"2021","20622",2,4
"2021","20624",6,5
"2021","20625",1,2
"2021","20627",23,19
"2021","20630",34,28
"2021","20631",10,16
"2021","20632",16,5
"2021","20633",22,6
"2021","20634",65,33
"2021","20635",146,85
"2021","20636",7,6
"2021","20637",7,4
"2021","20638",32,39
"2021","20639",7,3
"2021","20640",13,2
"2021","20642",10,9
"2021","20643",20,12
"2021","20644",12,6
"2021","20701",8,3
"2021","20702",55,41
"2021","20703",6,3
"2021","20705",26,19
"2021","20707",6,1
"2021","20708",11,5
"2021","20710",10,7
"2021","20711",210,51
"2021","20712",5,7
"2021","20713",91,68
"2021","20719",20,4
"2021","20720",35,12
"2021","20721",12,7
"2021","20722",50,34
"2021","20723",1,1
"2021","20724",76,30
"2021","20725",130,74
"2021","20726",62,13
"2021","20727",26,12
"2021","20801",51,29
"2021","20802",3,1
"2021","20803",25,18
"2021","20804",12,10
"2021","20805",15,3
"2021","20806",2,11
"2021","20807",10,4
"2021","20808",11,19
"2021","20810",4,3
"2021","20812",14,5
"2021","20813",91,36
"2021","20815",12,9
"2021","20817",80,51
"2021","20901",17,21
"2021","20905",27,15
"2021","20909",20,8
"2021","20911",3,2
"2021","20912",4,3
"2021","20913",103,38
"2021","20914",7,0
"2021","20918",9,7
"2021","20923",128,89
"2021","21001",18,1
"2021","21002",95,60
"2021","21003",6,10
"2021","21004",9,4
"2021","21005",6,8
"2021","21006",799,37
"2021","21007",42,14
"2021","21008",28,13
"2021","21009",41,25
"2021","21010",18,6
"2021","30101",591,437
"2021","30201",777,587
"2021","30301",71,41
"2021","30401",834,529
"2021","30501",3,4
"2021","30502",315,215
"2021","30503",17,3
"2021","30504",18,6
"2021","30506",19,13
"2021","30507",5,4
"2021","30508",42,19
"2021","30509",4,10
"2021","30510",0,2
"2021","30511",1,4
"2021","30512",2,2
"2021","30514",33,21
"2021","30515",15,6
"2021","30516",7,6
"2021","30517",40,49
"2021","30520",6,6
"2021","30521",0,5
"2021","30522",8,12
"2021","30524",9,7
"2021","30526",NA,NA
"2021","30527",24,17
"2021","30529",25,29
"2021","30530",20,22
"2021","30531",74,59
"2021","30532",21,14
"2021","30533",32,18
"2021","30534",9,7
"2021","30536",5,5
"2021","30538",19,6
"2021","30539",2,1
"2021","30541",2,7
"2021","30542",13,5
"2021","30543",7,5
"2021","30544",15,6
"2021","30601",32,36
"2021","30602",110,44
"2021","30603",179,106
"2021","30604",379,260
"2021","30605",92,74
"2021","30607",122,71
"2021","30608",15,12
"2021","30609",5,3
"2021","30612",15,13
"2021","30613",53,30
"2021","30614",5,8
"2021","30615",39,152
"2021","30616",3,5
"2021","30618",68,44
"2021","30620",38,34
"2021","30621",12,14
"2021","30623",50,41
"2021","30625",19,22
"2021","30626",70,58
"2021","30627",15,19
"2021","30629",18,18
"2021","30631",4,6
"2021","30633",3,6
"2021","30635",16,15
"2021","30636",13,18
"2021","30637",16,10
"2021","30639",1177,228
"2021","30641",52,54
"2021","30645",14,15
"2021","30646",16,9
"2021","30701",9,4
"2021","30702",26,23
"2021","30703",37,15
"2021","30704",113,90
"2021","30706",26,30
"2021","30708",5,12
"2021","30709",23,18
"2021","30710",167,194
"2021","30711",9,16
"2021","30712",1,5
"2021","30713",22,15
"2021","30715",5,4
"2021","30716",43,39
"2021","30718",7,3
"2021","30719",14,9
"2021","30721",19,22
"2021","30722",18,10
"2021","30724",12,4
"2021","30726",15,18
"2021","30728",41,23
"2021","30729",43,40
"2021","30730",65,60
"2021","30731",88,45
"2021","30732",50,37
"2021","30733",4,11
"2021","30734",15,17
"2021","30735",41,32
"2021","30736",20,19
"2021","30737",13,11
"2021","30738",3,2
"2021","30739",40,28
"2021","30740",3091,326
"2021","30741",7,15
"2021","30801",3,5
"2021","30802",58,51
"2021","30803",20,20
"2021","30804",15,20
"2021","30805",3,5
"2021","30808",102,95
"2021","30810",16,4
"2021","30811",16,12
"2021","30812",32,12
"2021","30813",14,13
"2021","30814",18,22
"2021","30817",121,98
"2021","30819",1,2
"2021","30821",109,76
"2021","30822",3,1
"2021","30824",8,8
"2021","30825",38,35
"2021","30826",1,0
"2021","30827",19,16
"2021","30828",1,3
"2021","30829",4,4
"2021","30830",43,43
"2021","30831",24,14
"2021","30834",74,57
"2021","30835",52,33
"2021","30836",8,7
"2021","30838",17,22
"2021","30841",11,4
"2021","30842",11,9
"2021","30844",28,22
"2021","30845",4,6
"2021","30846",NA,NA
"2021","30848",3,9
"2021","30849",5,8
"2021","30850",2,4
"2021","30852",5,9
"2021","30854",4,2
"2021","30856",68,89
"2021","30857",6,11
"2021","30858",10,7
"2021","30859",2,2
"2021","30860",11,13
"2021","30863",50,40
"2021","30865",8,9
"2021","30902",13,4
"2021","30903",14,3
"2021","30904",NA,NA
"2021","30906",7,1
"2021","30908",63,48
"2021","30909",5,4
"2021","30910",1,4
"2021","30912",8,3
"2021","30913",12,5
"2021","30915",2,3
"2021","30916",21,9
"2021","30917",0,2
"2021","30920",5,1
"2021","30921",3,7
"2021","30925",23,7
"2021","30929",2,0
"2021","30932",0,5
"2021","30935",40,21
"2021","30939",3,1
"2021","30940",1,0
"2021","30942",2,7
"2021","31001",1,0
"2021","31008",13,26
"2021","31009",1,18
"2021","31014",7,8
"2021","31015",3,2
"2021","31016",2,4
"2021","31018",4,7
"2021","31019",7,2
"2021","31021",0,3
"2021","31022",84,136
"2021","31025",1,1
"2021","31026",6,3
"2021","31028",5,1
"2021","31033",7,2
"2021","31035",4,2
"2021","31036",8,4
"2021","31037",31,24
"2021","31038",3,3
"2021","31041",1,1
"2021","31042",2,6
"2021","31043",4,3
"2021","31051",3,5
"2021","31052",13,15
"2021","31053",6,9
"2021","31101",1,2
"2021","31102",1,0
"2021","31103",3,6
"2021","31104",3,5
"2021","31105",9,16
"2021","31106",15,10
"2021","31107",4,4
"2021","31109",83,33
"2021","31110",1,2
"2021","31111",2,3
"2021","31113",1,2
"2021","31114",0,1
"2021","31117",2,3
"2021","31119",1,1
"2021","31120",6,0
"2021","31121",8,4
"2021","31123",1,2
"2021","31124",5,6
"2021","31129",3,2
"2021","31130",2,1
"2021","31201",35,28
"2021","31202",6,4
"2021","31203",15,9
"2021","31204",5,5
"2021","31205",3,6
"2021","31206",28,18
"2021","31207",15,9
"2021","31208",7,6
"2021","31213",296,184
"2021","31214",62,71
"2021","31215",5,1
"2021","31216",21,29
"2021","31224",0,5
"2021","31226",29,10
"2021","31227",9,2
"2021","31228",4,3
"2021","31229",4,1
"2021","31230",135,104
"2021","31234",5,6
"2021","31235",111,131
"2021","31301",2,3
"2021","31302",NA,NA
"2021","31303",3,6
"2021","31304",6,3
"2021","31308",11,8
"2021","31309",27,12
"2021","31310",8,3
"2021","31311",15,6
"2021","31315",10,3
"2021","31319",2,4
"2021","31321",2,2
"2021","31322",39,20
"2021","31323",5,1
"2021","31324",3,1
"2021","31326",4,6
"2021","31327",23,18
"2021","31330",8,3
"2021","31333",8,5
"2021","31336",9,6
"2021","31337",12,15
"2021","31338",9,1
"2021","31340",1,6
"2021","31343",15,14
"2021","31344",6,10
"2021","31346",16,9
"2021","31347",14,7
"2021","31350",1,1
"2021","31351",8,8
"2021","31355",3,4
"2021","31356",4,4
"2021","31401",6,4
"2021","31402",7,1
"2021","31403",22,22
"2021","31404",12,7
"2021","31405",5,5
"2021","31406",2,4
"2021","31407",39,16
"2021","31408",30,5
"2021","31409",13,7
"2021","31410",7,1
"2021","31411",22,13
"2021","31412",26,16
"2021","31413",53,44
"2021","31414",6,7
"2021","31502",2,6
"2021","31503",8,6
"2021","31504",4,2
"2021","31505",30,31
"2021","31506",NA,NA
"2021","31507",8,5
"2021","31508",17,1
"2021","31509",8,3
"2021","31511",8,3
"2021","31513",9,8
"2021","31514",25,4
"2021","31515",0,2
"2021","31516",11,11
"2021","31517",6,4
"2021","31519",7,5
"2021","31520",19,20
"2021","31521",15,14
"2021","31522",15,4
"2021","31523",8,8
"2021","31524",78,25
"2021","31525",7,2
"2021","31527",13,5
"2021","31528",3,1
"2021","31530",11,10
"2021","31531",20,16
"2021","31533",21,15
"2021","31534",4,7
"2021","31535",1,1
"2021","31537",11,8
"2021","31539",27,19
"2021","31540",3,2
"2021","31541",0,4
"2021","31542",4,4
"2021","31543",0,4
"2021","31546",8,1
"2021","31549",77,42
"2021","31550",0,3
"2021","31551",16,7
"2021","31552",3,3
"2021","31553",9,7
"2021","31601",9,16
"2021","31603",4,5
"2021","31604",24,13
"2021","31605",2,13
"2021","31606",12,4
"2021","31608",2,1
"2021","31609",2,4
"2021","31611",5,4
"2021","31612",14,16
"2021","31613",2,0
"2021","31614",11,12
"2021","31615",8,6
"2021","31616",2,0
"2021","31617",6,5
"2021","31620",6,8
"2021","31621",8,3
"2021","31622",7,2
"2021","31627",7,7
"2021","31628",8,4
"2021","31629",46,22
"2021","31630",12,5
"2021","31633",51,29
"2021","31634",9,1
"2021","31636",2,0
"2021","31642",4,4
"2021","31644",75,39
"2021","31645",10,7
"2021","31646",14,6
"2021","31649",0,6
"2021","31650",5,4
"2021","31651",14,10
"2021","31652",0,1
"2021","31653",4,2
"2021","31654",7,5
"2021","31655",37,42
"2021","31658",5,7
"2021","31701",16,5
"2021","31702",24,21
"2021","31703",55,28
"2021","31704",103,73
"2021","31706",9,2
"2021","31707",11,5
"2021","31709",40,15
"2021","31710",79,79
"2021","31711",5,8
"2021","31712",25,27
"2021","31713",28,25
"2021","31714",5,9
"2021","31715",33,39
"2021","31716",81,79
"2021","31717",271,181
"2021","31718",21,20
"2021","31719",102,81
"2021","31723",95,64
"2021","31725",128,80
"2021","31726",22,23
"2021","31801",1,4
"2021","31802",13,4
"2021","31803",10,3
"2021","31804",7,2
"2021","31805",3,1
"2021","31806",NA,NA
"2021","31807",5,3
"2021","31808",4,0
"2021","31809",1,3
"2021","31810",73,47
"2021","31811",14,4
"2021","31812",3,6
"2021","31813",18,14
"2021","31814",14,11
"2021","31815",1,2
"2021","31817",8,9
"2021","31818",125,136
"2021","31820",1,2
"2021","31821",36,14
"2021","31823",4,5
"2021","31825",1,2
"2021","31826",12,17
"2021","31827",1,2
"2021","31829",255,23
"2021","31830",4,3
"2021","31831",3,9
"2021","31832",12,1
"2021","31833",12,4
"2021","31834",0,1
"2021","31835",20,29
"2021","31836",19,15
"2021","31837",4,7
"2021","31838",14,28
"2021","31839",122,81
"2021","31840",14,4
"2021","31841",2,0
"2021","31842",2,0
"2021","31843",2,2
"2021","31844",5,0
"2021","31845",6,5
"2021","31846",23,12
"2021","31847",5,3
"2021","31848",3,7
"2021","31849",7,4
"2021","31901",16,12
"2021","31902",29,6
"2021","31903",34,41
"2021","31904",8,7
"2021","31905",53,51
"2021","31906",20,2
"2021","31907",9,7
"2021","31909",12,8
"2021","31910",12,2
"2021","31911",1,4
"2021","31912",47,37
"2021","31913",7,4
"2021","31915",8,4
"2021","31916",14,12
"2021","31917",5,0
"2021","31918",34,10
"2021","31919",11,9
"2021","31920",1,1
"2021","31921",20,7
"2021","31922",10,8
"2021","31923",2,6
"2021","31925",4,7
"2021","31926",72,46
"2021","31927",12,4
"2021","31928",7,2
"2021","31929",38,17
"2021","31930",15,6
"2021","31932",21,7
"2021","31934",21,19
"2021","31935",16,10
"2021","31938",3,3
"2021","31939",NA,NA
"2021","31940",10,12
"2021","31941",1,1
"2021","31943",63,67
"2021","31945",3,3
"2021","31946",5,6
"2021","31947",63,37
"2021","31948",63,32
"2021","31949",37,48
"2021","31950",19,15
"2021","31951",67,68
"2021","31952",100,87
"2021","31953",26,17
"2021","31954",12,13
"2021","32001",21,33
"2021","32002",11,5
"2021","32003",24,19
"2021","32004",5,3
"2021","32005",13,10
"2021","32006",6,8
"2021","32007",1,3
"2021","32008",31,14
"2021","32009",5,3
"2021","32010",2,0
"2021","32011",3,7
"2021","32012",1,2
"2021","32013",9,8
"2021","32014",8,5
"2021","32015",7,0
"2021","32016",62,57
"2021","32017",15,10
"2021","32018",12,4
"2021","32101",36,32
"2021","32104",12,15
"2021","32106",7,8
"2021","32107",14,7
"2021","32109",0,1
"2021","32110",13,10
"2021","32112",39,15
"2021","32114",16,8
"2021","32115",9,10
"2021","32116",3,4
"2021","32119",13,13
"2021","32120",60,46
"2021","32131",72,58
"2021","32132",29,8
"2021","32134",18,10
"2021","32135",211,181
"2021","32139",13,12
"2021","32140",15,13
"2021","32141",51,29
"2021","32142",92,66
"2021","32143",5,3
"2021","32144",450,283
"2021","32202",5,1
"2021","32203",10,8
"2021","32206",2,1
"2021","32207",27,19
"2021","32209",4,1
"2021","32210",1,1
"2021","32212",1,1
"2021","32214",NA,NA
"2021","32216",6,13
"2021","32217",2,4
"2021","32219",2,3
"2021","32220",16,18
"2021","32221",1,1
"2021","32222",0,1
"2021","32223",2,1
"2021","32301",21,18
"2021","32302",2,1
"2021","32304",38,55
"2021","32305",39,22
"2021","32306",9,13
"2021","32307",37,25
"2021","32308",8,11
"2021","32309",NA,NA
"2021","32310",1,3
"2021","32311",14,5
"2021","32312",2,3
"2021","32313",17,7
"2021","32314",11,16
"2021","32315",20,10
"2021","32316",23,7
"2021","32317",2,0
"2021","32318",11,10
"2021","32319",27,22
"2021","32320",11,6
"2021","32321",4,3
"2021","32322",1,0
"2021","32323",25,20
"2021","32324",1,0
"2021","32325",9,2
"2021","32326",0,2
"2021","32327",53,26
"2021","32330",47,35
"2021","32331",5,6
"2021","32332",43,24
"2021","32333",6,3
"2021","32334",0,1
"2021","32335",1,2
"2021","32336",4,18
"2021","32337",30,32
"2021","32338",12,7
"2021","32501",0,3
"2021","32502",2,3
"2021","32503",0,1
"2021","32504",3,1
"2021","32505",7,2
"2021","32506",NA,NA
"2021","32508",7,9
"2021","32509",5,1
"2021","32511",5,7
"2021","32514",1,0
"2021","32515",0,1
"2021","32516",7,4
"2021","32517",14,1
"2021","32518",6,0
"2021","32519",NA,NA
"2021","32520",4,1
"2021","32521",1,0
"2021","32522",1,1
"2021","32523",0,1
"2021","32524",9,3
"2021","32525",5,4
"2021","32528",2,0
"2021","32529",4,3
"2021","32530",31,30
"2021","40101",5029,3083
"2021","40201",672,328
"2021","40301",1641,839
"2021","40401",69,36
"2021","40402",42,31
"2021","40403",13,3
"2021","40404",403,257
"2021","40405",37,41
"2021","40406",55,14
"2021","40407",21,6
"2021","40408",16,8
"2021","40409",11,3
"2021","40410",13,15
"2021","40411",7,2
"2021","40412",14,3
"2021","40413",166,93
"2021","40414",81,52
"2021","40415",5,4
"2021","40416",16,9
"2021","40417",1,7
"2021","40418",64,53
"2021","40419",26,20
"2021","40420",13,2
"2021","40421",230,143
"2021","40422",79,38
"2021","40423",4,3
"2021","40424",18,14
"2021","40425",23,5
"2021","40426",52,37
"2021","40427",12,16
"2021","40428",31,11
"2021","40429",6,6
"2021","40430",9,2
"2021","40431",68,25
"2021","40432",32,8
"2021","40433",10,3
"2021","40434",3,1
"2021","40435",12,1
"2021","40436",34,26
"2021","40437",39,28
"2021","40438",80,66
"2021","40439",18,14
"2021","40440",8,2
"2021","40441",83,39
"2021","40442",16,4
"2021","40443",15,7
"2021","40444",6,1
"2021","40445",8,4
"2021","40446",6,5
"2021","40501",31,32
"2021","40502",24,23
"2021","40503",61,39
"2021","40504",18,9
"2021","40505",6,7
"2021","40506",12,1
"2021","40507",6,5
"2021","40508",12,12
"2021","40509",21,18
"2021","40510",9,8
"2021","40511",15,16
"2021","40512",1,1
"2021","40601",51,26
"2021","40602",4,5
"2021","40603",4,9
"2021","40604",13,17
"2021","40605",1,4
"2021","40606",1,1
"2021","40607",7,4
"2021","40608",1,3
"2021","40609",9,4
"2021","40610",1,4
"2021","40611",1,0
"2021","40612",8,3
"2021","40613",NA,NA
"2021","40614",28,16
"2021","40615",28,3
"2021","40616",1,3
"2021","40617",1,0
"2021","40618",7,7
"2021","40619",1,1
"2021","40620",4,3
"2021","40621",1,2
"2021","40622",3,3
"2021","40623",4,2
"2021","40624",5,7
"2021","40625",0,1
"2021","40626",7,4
"2021","40627",10,9
"2021","40701",113,91
"2021","40702",31,26
"2021","40703",106,122
"2021","40704",44,24
"2021","40705",208,111
"2021","40706",39,20
"2021","40707",14,12
"2021","40708",10,7
"2021","40709",8,21
"2021","40710",12,15
"2021","40711",110,66
"2021","40712",10,8
"2021","40713",147,16
"2021","40714",67,41
"2021","40715",13,10
"2021","40716",5,7
"2021","40717",22,26
"2021","40718",16,14
"2021","40719",30,22
"2021","40720",47,56
"2021","40801",5,8
"2021","40802",47,25
"2021","40804",1,1
"2021","40805",92,51
"2021","40806",18,10
"2021","40807",10,7
"2021","40808",51,28
"2021","40809",28,12
"2021","40810",3,0
"2021","40811",10,9
"2021","40812",19,7
"2021","40813",6,9
"2021","40814",4,5
"2021","40815",3,1
"2021","40816",3,1
"2021","40817",4,6
"2021","40818",14,12
"2021","40820",NA,NA
"2021","40821",1,2
"2021","40822",12,8
"2021","40823",12,11
"2021","40824",2,4
"2021","40825",3,2
"2021","40826",0,4
"2021","40827",9,13
"2021","40828",2,1
"2021","40829",18,5
"2021","40830",3,1
"2021","40831",39,21
"2021","40832",9,7
"2021","40833",18,2
"2021","40834",3,0
"2021","40835",23,7
"2021","40901",10,4
"2021","40902",33,24
"2021","40903",13,12
"2021","40904",9,3
"2021","40905",78,37
"2021","40906",10,6
"2021","40907",103,31
"2021","40908",28,28
"2021","40909",28,8
"2021","40910",7,8
"2021","40911",4,5
"2021","40912",52,21
"2021","40913",23,3
"2021","40914",8,5
"2021","40915",6,7
"2021","40916",2,3
"2021","40917",22,10
"2021","40918",11,5
"2021","40919",3,3
"2021","40920",16,8
"2021","40921",4,4
"2021","40922",29,10
"2021","40923",26,14
"2021","41001",56,20
"2021","41002",300,176
"2021","41003",80,46
"2021","41004",3,5
"2021","41005",287,134
"2021","41006",2,4
"2021","41007",98,49
"2021","41008",17,7
"2021","41009",38,27
"2021","41010",12,5
"2021","41011",24,19
"2021","41012",346,219
"2021","41013",31,19
"2021","41014",49,34
"2021","41015",5,5
"2021","41016",2,6
"2021","41017",123,82
"2021","41018",3,6
"2021","41019",20,13
"2021","41020",19,25
"2021","41021",519,283
"2021","41022",43,38
"2021","41101",4,3
"2021","41102",16,11
"2021","41103",9,6
"2021","41104",1,1
"2021","41105",14,11
"2021","41106",16,13
"2021","41107",7,2
"2021","41108",314,79
"2021","41109",14,10
"2021","41110",20,14
"2021","41111",90,42
"2021","41112",13,3
"2021","41113",12,6
"2021","41114",34,23
"2021","41115",5,1
"2021","41116",105,48
"2021","41117",1,4
"2021","41118",6,21
"2021","41119",4,3
"2021","41120",23,17
"2021","41121",67,9
"2021","41122",5,1
"2021","41123",20,10
"2021","41124",82,27
"2021","41125",23,4
"2021","41126",22,13
"2021","41201",6,5
"2021","41202",20,21
"2021","41203",32,20
"2021","41204",16,10
"2021","41205",4,4
"2021","41206",2,1
"2021","41207",46,26
"2021","41208",25,17
"2021","41209",11,4
"2021","41210",1,2
"2021","41211",3,1
"2021","41212",11,23
"2021","41213",7,5
"2021","41214",16,29
"2021","41215",18,8
"2021","41216",3,0
"2021","41217",10,2
"2021","41218",13,13
"2021","41219",56,34
"2021","41220",22,15
"2021","41221",8,2
"2021","41222",0,2
"2021","41223",2,1
"2021","41224",31,19
"2021","41225",265,206
"2021","41226",5,8
"2021","41227",0,3
"2021","41228",20,19
"2021","41229",9,3
"2021","41230",5,6
"2021","41231",7,6
"2021","41232",9,8
"2021","41233",25,13
"2021","41234",29,13
"2021","41235",2,1
"2021","41236",5,5
"2021","41304",38,15
"2021","41305",3,0
"2021","41306",0,1
"2021","41307",NA,NA
"2021","41309",32,9
"2021","41311",16,0
"2021","41312",8,3
"2021","41313",12,11
"2021","41314",2,1
"2021","41315",40,22
"2021","41316",7,2
"2021","41317",8,7
"2021","41318",6,2
"2021","41319",1,0
"2021","41320",1,2
"2021","41321",11,12
"2021","41322",4,0
"2021","41323",3,3
"2021","41324",9,4
"2021","41325",7,3
"2021","41326",14,0
"2021","41327",10,2
"2021","41328",6,5
"2021","41329",13,9
"2021","41331",2,1
"2021","41332",10,16
"2021","41333",1,1
"2021","41334",0,2
"2021","41336",2,0
"2021","41337",7,1
"2021","41338",1,8
"2021","41341",5,5
"2021","41342",30,13
"2021","41343",27,12
"2021","41344",32,18
"2021","41345",6,0
"2021","41346",7,1
"2021","41401",8,3
"2021","41402",25,16
"2021","41403",25,16
"2021","41404",7,7
"2021","41405",2,4
"2021","41406",6,10
"2021","41407",16,6
"2021","41408",5,3
"2021","41409",23,19
"2021","41410",53,49
"2021","41411",12,11
"2021","41412",0,1
"2021","41413",11,3
"2021","41414",23,11
"2021","41415",4,1
"2021","41416",10,12
"2021","41417",9,8
"2021","41418",49,36
"2021","41419",21,12
"2021","41420",1,6
"2021","41421",5,6
"2021","41422",126,91
"2021","41423",37,32
"2021","41424",2,2
"2021","41425",17,82
"2021","41426",30,20
"2021","41427",16,6
"2021","41428",11,4
"2021","41429",14,20
"2021","41430",16,15
"2021","41501",1,2
"2021","41502",4,3
"2021","41503",64,41
"2021","41504",19,10
"2021","41505",6,2
"2021","41506",58,46
"2021","41507",5,3
"2021","41508",1,0
"2021","41509",8,3
"2021","41510",3,0
"2021","41511",26,8
"2021","41512",11,3
"2021","41513",2,7
"2021","41514",8,3
"2021","41515",11,8
"2021","41516",76,80
"2021","41517",25,10
"2021","41518",11,6
"2021","41521",5,7
"2021","41522",50,9
"2021","41601",4,10
"2021","41602",21,6
"2021","41603",25,10
"2021","41604",9,9
"2021","41605",47,34
"2021","41606",42,13
"2021","41607",49,14
"2021","41608",3,1
"2021","41609",9,13
"2021","41610",3,0
"2021","41611",14,4
"2021","41612",5,2
"2021","41613",18,11
"2021","41614",14,5
"2021","41615",11,8
"2021","41616",NA,NA
"2021","41617",41,32
"2021","41618",32,38
"2021","41619",2,2
"2021","41620",11,1
"2021","41621",8,1
"2021","41622",2,2
"2021","41623",5,5
"2021","41624",189,35
"2021","41626",22,17
"2021","41627",11,3
"2021","41628",9,2
"2021","41701",58,38
"2021","41702",27,18
"2021","41703",225,115
"2021","41704",3,6
"2021","41705",9,12
"2021","41706",11,8
"2021","41707",9,4
"2021","41708",2,0
"2021","41709",234,14
"2021","41710",84,48
"2021","41711",32,7
"2021","41712",9,7
"2021","41713",71,28
"2021","41714",5,5
"2021","41715",160,60
"2021","41716",4,5
"2021","41717",5,32
"2021","41718",20,12
"2021","41719",11,10
"2021","41720",32,12
"2021","41721",5,3
"2021","41722",55,42
"2021","41723",4,9
"2021","41724",2,5
"2021","41725",NA,NA
"2021","41726",12,14
"2021","41727",11,9
"2021","41728",7,1
"2021","41729",3,0
"2021","41730",3,3
"2021","41731",109,29
"2021","41732",20,11
"2021","41733",0,1
"2021","41734",636,82
"2021","41735",22,28
"2021","41736",10,10
"2021","41737",36,19
"2021","41738",96,58
"2021","41739",44,34
"2021","41740",7,9
"2021","41741",7,11
"2021","41742",39,19
"2021","41743",90,47
"2021","41744",9,5
"2021","41745",31,11
"2021","41746",168,78
"2021","41747",64,24
"2021","41748",NA,NA
"2021","41749",16,7
"2021","41750",28,17
"2021","41751",15,8
"2021","41752",2,4
"2021","41801",2,1
"2021","41802",1,9
"2021","41803",23,10
"2021","41804",18,13
"2021","41805",11,2
"2021","41806",13,8
"2021","41807",2,3
"2021","41808",44,16
"2021","41809",3,3
"2021","41810",19,19
"2021","41811",100,82
"2021","41812",215,128
"2021","41813",6,4
"2021","41814",5,2
"2021","41815",6,10
"2021","41816",35,14
"2021","41817",57,22
"2021","41818",6,1
"2021","41819",8,3
"2021","41820",93,70
"2021","41821",20,18
"2021","41822",13,7
"2021","41823",83,41
"2021","41824",28,12
"2021","50101",4715,3454
"2021","50201",65,36
"2021","50202",27,19
"2021","50203",17,12
"2021","50204",50,28
"2021","50205",277,178
"2021","50206",2,0
"2021","50207",54,42
"2021","50208",35,32
"2021","50209",152,106
"2021","50210",2,3
"2021","50211",2,2
"2021","50212",2,4
"2021","50213",28,9
"2021","50301",71,76
"2021","50302",30,13
"2021","50303",4449,69
"2021","50304",11,6
"2021","50305",33,21
"2021","50306",22,13
"2021","50307",25,9
"2021","50308",70,35
"2021","50309",65,39
"2021","50310",56,67
"2021","50311",16,25
"2021","50312",72,21
"2021","50313",1,2
"2021","50314",124,91
"2021","50315",46,35
"2021","50316",38,23
"2021","50317",32,43
"2021","50318",1,2
"2021","50319",29,38
"2021","50320",20,5
"2021","50321",40,23
"2021","50322",41,54
"2021","50323",41,23
"2021","50324",88,54
"2021","50325",19,17
"2021","50326",84,68
"2021","50327",74,36
"2021","50328",12,7
"2021","50329",26,10
"2021","50330",124,57
"2021","50331",9,0
"2021","50332",21,19
"2021","50335",103,79
"2021","50336",37,28
"2021","50337",45,44
"2021","50338",156,134
"2021","50339",132,76
"2021","50401",117,63
"2021","50402",76,72
"2021","50403",65,68
"2021","50404",112,104
"2021","50405",21,7
"2021","50406",54,24
"2021","50407",30,25
"2021","50408",76,48
"2021","50409",2,2
"2021","50410",22,11
"2021","50411",39,17
"2021","50412",20,19
"2021","50413",1,4
"2021","50414",3,2
"2021","50415",18,22
"2021","50416",25,11
"2021","50417",97,52
"2021","50418",173,102
"2021","50419",25,5
"2021","50420",22,22
"2021","50421",51,25
"2021","50422",14,9
"2021","50423",88,72
"2021","50424",42,19
"2021","50425",19,14
"2021","50501",1,0
"2021","50502",5,1
"2021","50503",22,6
"2021","50504",17,19
"2021","50505",1,1
"2021","50506",15,15
"2021","50507",4,0
"2021","50508",5,5
"2021","50509",51,34
"2021","50510",57,33
"2021","50511",5,5
"2021","50512",22,4
"2021","50513",5,5
"2021","50514",1,2
"2021","50515",6,5
"2021","50601",31,14
"2021","50602",85,43
"2021","50603",4,1
"2021","50604",14,7
"2021","50605",4,9
"2021","50606",97,75
"2021","50607",11,10
"2021","50608",31,17
"2021","50609",71,59
"2021","50610",28,16
"2021","50611",57,11
"2021","50612",57,29
"2021","50613",123,50
"2021","50614",32,7
"2021","50615",21,12
"2021","50616",39,27
"2021","50617",35,27
"2021","50618",119,62
"2021","50619",222,124
"2021","50620",14,15
"2021","50621",14,11
"2021","50622",27,8
"2021","50623",19,11
"2021","50624",27,17
"2021","50625",12,8
"2021","50626",13,24
"2021","50627",5,4
"2021","50628",238,194
"2021","60101",8840,5698
"2021","60305",17,6
"2021","60318",17,16
"2021","60323",7,6
"2021","60324",13,2
"2021","60326",9,7
"2021","60329",6,1
"2021","60341",6,6
"2021","60344",82,49
"2021","60345",42,19
"2021","60346",19,8
"2021","60347",8,3
"2021","60348",19,14
"2021","60349",16,18
"2021","60350",27,21
"2021","60351",14,20
"2021","60608",148,82
"2021","60611",42,26
"2021","60613",102,44
"2021","60617",50,27
"2021","60618",4,5
"2021","60619",19,10
"2021","60623",10,13
"2021","60624",96,89
"2021","60626",15,4
"2021","60628",19,14
"2021","60629",57,24
"2021","60632",40,23
"2021","60639",3,1
"2021","60641",8,3
"2021","60642",3,2
"2021","60645",22,14
"2021","60646",19,14
"2021","60647",0,1
"2021","60648",18,26
"2021","60651",27,8
"2021","60653",41,23
"2021","60654",18,10
"2021","60655",42,7
"2021","60656",23,7
"2021","60659",39,26
"2021","60660",61,19
"2021","60661",59,56
"2021","60662",36,19
"2021","60663",50,27
"2021","60664",62,57
"2021","60665",31,19
"2021","60666",12,1
"2021","60667",38,36
"2021","60668",8,5
"2021","60669",185,108
"2021","60670",84,44
"2021","61001",12,4
"2021","61002",3,2
"2021","61007",3,3
"2021","61008",22,9
"2021","61012",29,6
"2021","61013",15,7
"2021","61016",4,1
"2021","61017",9,4
"2021","61019",6,8
"2021","61020",13,2
"2021","61021",22,9
"2021","61024",8,4
"2021","61027",9,1
"2021","61030",5,3
"2021","61032",5,2
"2021","61033",9,4
"2021","61043",20,7
"2021","61045",90,35
"2021","61049",33,19
"2021","61050",35,35
"2021","61051",14,11
"2021","61052",8,9
"2021","61053",241,98
"2021","61054",15,17
"2021","61055",7,4
"2021","61057",10,5
"2021","61059",70,42
"2021","61060",25,16
"2021","61061",50,54
"2021","61101",15,16
"2021","61105",13,3
"2021","61106",6,5
"2021","61107",1,2
"2021","61108",850,453
"2021","61109",9,6
"2021","61110",10,4
"2021","61111",2,5
"2021","61112",NA,NA
"2021","61113",42,11
"2021","61114",2,3
"2021","61115",7,3
"2021","61116",7,6
"2021","61118",57,206
"2021","61119",2,2
"2021","61120",62,38
"2021","61203",14,5
"2021","61204",22,19
"2021","61205",10,4
"2021","61206",2,2
"2021","61207",86,50
"2021","61213",44,39
"2021","61215",8,9
"2021","61217",23,15
"2021","61222",9,3
"2021","61236",40,22
"2021","61243",14,5
"2021","61247",42,17
"2021","61251",1,1
"2021","61252",2,2
"2021","61253",29,33
"2021","61254",10,15
"2021","61255",85,54
"2021","61256",8,5
"2021","61257",14,17
"2021","61258",22,17
"2021","61259",151,47
"2021","61260",15,13
"2021","61261",8,11
"2021","61262",32,33
"2021","61263",43,34
"2021","61264",36,8
"2021","61265",97,64
"2021","61266",2,1
"2021","61267",35,23
"2021","61410",1,1
"2021","61413",0,1
"2021","61425",5,1
"2021","61428",8,5
"2021","61437",4,0
"2021","61438",36,29
"2021","61439",20,12
"2021","61440",5,2
"2021","61441",0,2
"2021","61442",11,13
"2021","61443",13,8
"2021","61444",19,14
"2021","61445",16,15
"2021","61446",17,2
"2021","61611",7,11
"2021","61612",12,4
"2021","61615",14,8
"2021","61618",7,10
"2021","61621",3,0
"2021","61624",5,2
"2021","61625",78,90
"2021","61626",32,24
"2021","61627",7,3
"2021","61628",6,5
"2021","61629",8,1
"2021","61630",2,3
"2021","61631",74,38
"2021","61632",37,11
"2021","61633",15,16
"2021","61701",8,5
"2021","61708",3,2
"2021","61710",1,5
"2021","61711",2,2
"2021","61716",18,2
"2021","61719",17,17
"2021","61727",17,14
"2021","61728",NA,NA
"2021","61729",7,8
"2021","61730",16,1
"2021","61731",1,1
"2021","61740",1,5
"2021","61741",5,2
"2021","61743",0,1
"2021","61744",NA,NA
"2021","61745",0,3
"2021","61746",19,9
"2021","61748",19,25
"2021","61750",12,12
"2021","61751",15,3
"2021","61756",26,5
"2021","61757",9,11
"2021","61758",4,4
"2021","61759",8,3
"2021","61760",109,59
"2021","61761",5,4
"2021","61762",9,3
"2021","61763",32,20
"2021","61764",23,4
"2021","61765",48,19
"2021","61766",163,95
"2021","62007",50,38
"2021","62008",3,8
"2021","62010",1,3
"2021","62014",6,5
"2021","62021",2,3
"2021","62026",4,2
"2021","62032",0,3
"2021","62034",2,1
"2021","62036",4,6
"2021","62038",105,71
"2021","62039",5,2
"2021","62040",81,67
"2021","62041",204,150
"2021","62042",10,5
"2021","62043",5,7
"2021","62044",12,3
"2021","62045",21,7
"2021","62046",10,7
"2021","62047",33,20
"2021","62048",19,10
"2021","62105",14,4
"2021","62115",16,20
"2021","62116",10,11
"2021","62125",21,11
"2021","62128",35,10
"2021","62131",388,20
"2021","62132",1,2
"2021","62135",12,9
"2021","62138",3,8
"2021","62139",200,147
"2021","62140",330,212
"2021","62141",65,30
"2021","62142",63,45
"2021","62143",100,56
"2021","62144",37,20
"2021","62145",48,35
"2021","62146",42,27
"2021","62147",8,12
"2021","62148",8,12
"2021","62202",6,5
"2021","62205",1,4
"2021","62206",10,3
"2021","62209",3,3
"2021","62211",7,14
"2021","62214",25,7
"2021","62216",17,4
"2021","62219",45,47
"2021","62220",33,6
"2021","62226",14,11
"2021","62232",1,2
"2021","62233",11,10
"2021","62235",8,1
"2021","62242",3,1
"2021","62244",6,14
"2021","62245",4,3
"2021","62247",3,2
"2021","62256",11,1
"2021","62262",13,4
"2021","62264",15,16
"2021","62265",1,1
"2021","62266",10,7
"2021","62268",8,5
"2021","62269",11,3
"2021","62270",1,6
"2021","62271",15,17
"2021","62272",29,17
"2021","62273",3,6
"2021","62274",30,32
"2021","62275",22,6
"2021","62276",4,4
"2021","62277",3,5
"2021","62278",9,5
"2021","62279",3,3
"2021","62280",71,54
"2021","62311",4,0
"2021","62314",2,1
"2021","62326",6,4
"2021","62330",4,5
"2021","62332",0,3
"2021","62335",3,2
"2021","62343",6,5
"2021","62368",4,2
"2021","62372",4,2
"2021","62375",45,29
"2021","62376",43,32
"2021","62377",1,2
"2021","62378",41,28
"2021","62379",108,86
"2021","62380",20,10
"2021","62381",7,10
"2021","62382",20,16
"2021","62383",16,22
"2021","62384",9,13
"2021","62385",5,2
"2021","62386",31,15
"2021","62387",7,3
"2021","62388",10,4
"2021","62389",4,7
"2021","62390",26,15
"2021","70101",4528,3601
"2021","70201",28,22
"2021","70202",37,43
"2021","70203",131,110
"2021","70204",2,0
"2021","70205",10,17
"2021","70206",NA,NA
"2021","70207",5,2
"2021","70208",80,56
"2021","70209",46,28
"2021","70210",6,3
"2021","70211",13,10
"2021","70212",12,9
"2021","70213",20,14
"2021","70214",37,20
"2021","70215",6,13
"2021","70216",15,11
"2021","70217",46,16
"2021","70218",43,31
"2021","70219",14,20
"2021","70220",123,60
"2021","70221",21,23
"2021","70222",19,13
"2021","70223",36,33
"2021","70224",20,12
"2021","70301",41,34
"2021","70302",41,32
"2021","70303",64,66
"2021","70304",49,65
"2021","70305",10,5
"2021","70306",26,17
"2021","70307",5,3
"2021","70308",12,2
"2021","70309",19,6
"2021","70310",50,36
"2021","70311",7,8
"2021","70312",47,31
"2021","70313",11,10
"2021","70314",6,6
"2021","70315",13,6
"2021","70317",8,5
"2021","70318",7,3
"2021","70319",30,32
"2021","70320",11,43
"2021","70322",9,12
"2021","70323",4,1
"2021","70325",15,12
"2021","70326",115,61
"2021","70328",37,20
"2021","70329",72,48
"2021","70331",37,20
"2021","70332",9,17
"2021","70333",7,5
"2021","70334",71,45
"2021","70335",13,6
"2021","70336",7,6
"2021","70337",11,7
"2021","70338",6,7
"2021","70339",11,8
"2021","70340",27,11
"2021","70342",10,10
"2021","70343",10,10
"2021","70344",58,21
"2021","70345",11,11
"2021","70346",121,57
"2021","70347",1,0
"2021","70348",21,14
"2021","70349",2,1
"2021","70350",21,11
"2021","70351",132,89
"2021","70352",4,0
"2021","70353",27,9
"2021","70354",225,172
"2021","70355",49,40
"2021","70356",17,8
"2021","70357",205,154
"2021","70358",99,86
"2021","70359",5,18
"2021","70360",15,5
"2021","70361",1,3
"2021","70362",0,2
"2021","70364",66,62
"2021","70365",69,38
"2021","70366",3,9
"2021","70367",62,46
"2021","70368",7,1
"2021","70369",77,79
"2021","70370",38,32
"2021","70401",40,37
"2021","70402",37,27
"2021","70403",184,95
"2021","70404",83,52
"2021","70405",16,12
"2021","70406",54,38
"2021","70407",27,11
"2021","70408",59,64
"2021","70409",181,73
"2021","70410",91,42
"2021","70411",242,139
"2021","70412",84,62
"2021","70413",38,27
"2021","70414",65,28
"2021","70415",13,2
"2021","70416",224,100
"2021","70417",39,26
"2021","70418",26,13
"2021","70419",37,16
"2021","70420",58,25
"2021","70501",18,17
"2021","70502",7,4
"2021","70503",44,39
"2021","70504",2,6
"2021","70505",34,20
"2021","70506",32,17
"2021","70508",93,69
"2021","70509",111,72
"2021","70510",45,30
"2021","70511",97,41
"2021","70512",43,32
"2021","70513",585,411
"2021","70514",65,42
"2021","70515",62,26
"2021","70516",13,8
"2021","70517",24,22
"2021","70518",35,30
"2021","70519",11,12
"2021","70520",38,23
"2021","70521",16,15
"2021","70522",65,46
"2021","70523",13,3
"2021","70524",43,31
"2021","70525",19,17
"2021","70526",62,36
"2021","70527",72,33
"2021","70528",5,10
"2021","70529",74,35
"2021","70530",49,36
"2021","70531",247,191
"2021","70601",1,0
"2021","70602",4,2
"2021","70603",70,32
"2021","70604",26,10
"2021","70605",24,2
"2021","70606",9,5
"2021","70607",3,3
"2021","70608",38,23
"2021","70609",25,9
"2021","70610",2,0
"2021","70611",7,3
"2021","70612",0,4
"2021","70613",3,5
"2021","70614",85,45
"2021","70615",47,15
"2021","70616",19,24
"2021","70617",17,20
"2021","70618",6,5
"2021","70619",21,20
"2021","70620",12,12
"2021","70621",60,57
"2021","70622",12,3
"2021","70623",13,4
"2021","70624",18,16
"2021","70625",NA,NA
"2021","70626",3,4
"2021","70627",5,3
"2021","70628",2,3
"2021","70629",1,4
"2021","70630",31,16
"2021","70701",5,0
"2021","70702",1,3
"2021","70703",8,2
"2021","70704",1,2
"2021","70705",5,3
"2021","70706",1,0
"2021","70707",17,15
"2021","70708",6,2
"2021","70709",0,1
"2021","70710",2,1
"2021","70711",11,3
"2021","70712",6,5
"2021","70713",5,7
"2021","70714",2,1
"2021","70715",4,1
"2021","70716",94,59
"2021","70717",7,8
"2021","70718",10,4
"2021","70719",10,5
"2021","70720",9,2
"2021","70721",1,1
"2021","70723",6,1
"2021","70724",4,6
"2021","70725",1,0
"2021","70726",4,1
"2021","70727",NA,NA
"2021","70728",25,10
"2021","70729",5,3
"2021","70731",4,0
"2021","70732",6,3
"2021","70733",4,4
"2021","70734",6,2
"2021","70735",3,2
"2021","70801",5,7
"2021","70802",7,15
"2021","70803",13,7
"2021","70804",13,3
"2021","70805",26,16
"2021","70806",25,1
"2021","70807",77,58
"2021","70808",17,4
"2021","70809",4,0
"2021","70810",0,1
"2021","70811",25,15
"2021","70812",NA,NA
"2021","70813",2,5
"2021","70814",16,7
"2021","70815",1,1
"2021","70816",16,17
"2021","70817",7,2
"2021","70818",16,27
"2021","70819",2,2
"2021","70820",40,23
"2021","70821",34,28
"2021","70822",8,3
"2021","70823",3,0
"2021","70824",18,2
"2021","70825",3,3
"2021","70826",35,23
"2021","70827",13,1
"2021","70828",137,79
"2021","70829",9,9
"2021","70830",13,2
"2021","70831",1,0
"2021","70832",37,22
"2021","70833",41,20
"2021","70834",6,5
"2021","70835",15,8
"2021","70836",7,6
"2021","70837",3,0
"2021","70901",78,27
"2021","70902",24,22
"2021","70903",4,0
"2021","70904",6,1
"2021","70905",20,11
"2021","70907",114,59
"2021","70908",42,16
"2021","70909",102,45
"2021","70910",24,11
"2021","70911",3,8
"2021","70912",19,10
"2021","70913",6,2
"2021","70914",11,5
"2021","70915",26,8
"2021","70916",13,6
"2021","70917",88,57
"2021","70918",24,19
"2021","70920",112,76
"2021","70921",14,6
"2021","70922",36,18
"2021","70923",20,14
"2021","70924",3,0
"2021","70925",15,6
"2021","70926",167,127
"2021","70927",33,35
"2021","70928",9,17
"2021","70929",12,5
"2021","70930",3,3
"2021","70931",19,14
"2021","70932",2,1
"2021","70933",12,5
"2021","70934",50,39
"2021","70935",20,27
"2021","70936",43,32
"2021","70937",21,18
"2021","70938",4,8
"2021","70939",26,4
"2021","70940",16,7
"2021","70941",6,3
"2021","80101",39,23
"2021","80102",NA,NA
"2021","80103",252,202
"2021","80104",51,25
"2021","80105",33,17
"2021","80106",43,35
"2021","80107",8,2
"2021","80108",40,13
"2021","80109",10,6
"2021","80110",54,19
"2021","80111",13,5
"2021","80112",11,11
"2021","80113",68,37
"2021","80114",11,4
"2021","80115",56,39
"2021","80116",74,52
"2021","80117",48,43
"2021","80118",6,1
"2021","80119",4,3
"2021","80120",30,13
"2021","80121",4,3
"2021","80122",95,41
"2021","80123",6,5
"2021","80124",5,1
"2021","80125",12,2
"2021","80126",28,25
"2021","80127",3,1
"2021","80128",14,25
"2021","80129",26,14
"2021","80201",32,14
"2021","80202",37,21
"2021","80203",32,10
"2021","80204",33,35
"2021","80205",3,5
"2021","80206",26,8
"2021","80207",566,543
"2021","80208",7,9
"2021","80209",8,9
"2021","80210",15,8
"2021","80211",23,19
"2021","80212",7,2
"2021","80213",48,36
"2021","80214",20,11
"2021","80215",224,144
"2021","80216",25,35
"2021","80217",94,84
"2021","80218",79,83
"2021","80219",18,9
"2021","80220",25,26
"2021","80221",8,7
"2021","80222",7,8
"2021","80223",9,8
"2021","80224",112,92
"2021","80225",14,10
"2021","80226",151,88
"2021","80227",17,32
"2021","80228",500,285
"2021","80229",8,0
"2021","80230",23,17
"2021","80231",22,21
"2021","80232",8,7
"2021","80233",7,11
"2021","80234",1,2
"2021","80235",37,23
"2021","80236",24,7
"2021","80237",8,2
"2021","80238",41,18
"2021","80239",10,2
"2021","80240",121,121
"2021","80301",921,804
"2021","80302",265,230
"2021","80303",349,368
"2021","80401",67,62
"2021","80402",2,2
"2021","80403",4,2
"2021","80404",759,586
"2021","80405",122,113
"2021","80406",8,6
"2021","80407",39,37
"2021","80408",122,154
"2021","80409",43,37
"2021","80410",42,47
"2021","80411",9,7
"2021","80412",48,29
"2021","80413",23,36
"2021","80414",102,111
"2021","80415",1,0
"2021","80416",33,40
"2021","80417",14,16
"2021","80418",45,28
"2021","80419",5,7
"2021","80420",28,25
"2021","80421",5,5
"2021","80422",1,0
"2021","80423",27,24
"2021","80424",35,22
"2021","90101",667,520
"2021","90201",4160,3132
"2021","90301",3294,2416
"2021","90401",1405,1027
"2021","90501",1905,1442
"2021","90601",1297,903
"2021","90701",1144,904
"2021","90801",1963,1303
"2021","90901",2358,1431
"2021","91001",5645,4429
"2021","91101",1951,1535
"2021","91201",2517,1854
"2021","91301",872,758
"2021","91401",1498,1449
"2021","91501",2929,2386
"2021","91601",2872,2203
"2021","91701",1533,1346
"2021","91801",1374,1153
"2021","91901",2009,1518
"2021","92001",2900,2235
"2021","92101",2505,1985
"2021","92201",3023,2328
"2021","92301",1362,942
"2022","10101",694,279
"2022","10201",37,23
"2022","10301",27,16
"2022","10302",17,17
"2022","10303",12,9
"2022","10304",39,19
"2022","10305",281,34
"2022","10306",8,2
"2022","10307",50,12
"2022","10308",28,3
"2022","10309",53,24
"2022","10310",4,9
"2022","10311",10,7
"2022","10312",57,30
"2022","10313",35,13
"2022","10314",32,12
"2022","10315",46,40
"2022","10316",41,24
"2022","10317",16,12
"2022","10318",24,8
"2022","10319",32,9
"2022","10320",6,5
"2022","10321",4,0
"2022","10322",10,3
"2022","10323",13,5
"2022","10401",1,2
"2022","10402",138,18
"2022","10403",12,9
"2022","10404",9,4
"2022","10405",53,31
"2022","10406",4,14
"2022","10407",9,6
"2022","10408",14,5
"2022","10409",12,5
"2022","10410",1,1
"2022","10411",15,7
"2022","10412",18,11
"2022","10413",10,8
"2022","10414",66,25
"2022","10415",98,10
"2022","10416",12,8
"2022","10417",27,12
"2022","10418",11,2
"2022","10419",80,15
"2022","10420",NA,NA
"2022","10421",5,2
"2022","10422",1,1
"2022","10423",NA,NA
"2022","10424",NA,NA
"2022","10425",6,5
"2022","10426",1,1
"2022","10427",9,2
"2022","10428",2,0
"2022","10501",31,4
"2022","10502",8,1
"2022","10503",24,21
"2022","10504",22,19
"2022","10505",9,2
"2022","10506",52,17
"2022","10507",6,10
"2022","10508",14,8
"2022","10509",20,12
"2022","10510",4,5
"2022","10511",2,3
"2022","10512",3,1
"2022","10601",21,9
"2022","10602",20,13
"2022","10603",16,5
"2022","10604",20,10
"2022","10605",14,19
"2022","10606",107,57
"2022","10607",67,46
"2022","10608",11,7
"2022","10609",25,18
"2022","10610",37,15
"2022","10611",52,11
"2022","10612",51,19
"2022","10613",12,11
"2022","10614",17,8
"2022","10615",25,11
"2022","10616",16,5
"2022","10617",12,6
"2022","10618",36,19
"2022","10619",1,0
"2022","10701",42,5
"2022","10702",44,24
"2022","10703",53,18
"2022","10704",14,7
"2022","10705",54,16
"2022","10706",26,6
"2022","10707",50,16
"2022","10708",14,4
"2022","10709",23,18
"2022","10710",17,11
"2022","10711",182,64
"2022","10712",44,20
"2022","10713",308,95
"2022","10714",44,34
"2022","10715",22,10
"2022","10716",8,7
"2022","10717",97,54
"2022","10718",88,24
"2022","10719",21,16
"2022","10720",36,14
"2022","10721",16,14
"2022","10722",87,29
"2022","10723",21,17
"2022","10724",34,26
"2022","10725",21,7
"2022","10726",4,6
"2022","10727",30,15
"2022","10801",26,16
"2022","10802",17,2
"2022","10803",34,7
"2022","10804",14,17
"2022","10805",29,26
"2022","10806",7,2
"2022","10807",31,17
"2022","10808",9,6
"2022","10809",24,9
"2022","10810",15,14
"2022","10811",10,16
"2022","10812",11,15
"2022","10813",9,9
"2022","10814",13,7
"2022","10815",36,8
"2022","10816",28,18
"2022","10817",0,2
"2022","10818",3,2
"2022","10819",2,3
"2022","10820",17,8
"2022","10821",9,2
"2022","10822",9,8
"2022","10823",20,8
"2022","10824",7,2
"2022","10825",9,15
"2022","10826",2,2
"2022","10827",15,5
"2022","10828",5,2
"2022","10901",59,37
"2022","10902",62,16
"2022","10903",4,1
"2022","10904",1,2
"2022","10905",41,16
"2022","10906",17,4
"2022","10907",33,2
"2022","10908",2,8
"2022","10909",8,1
"2022","10910",7,5
"2022","10911",2,4
"2022","10912",27,9
"2022","10913",3,4
"2022","10914",11,3
"2022","10915",8,8
"2022","10916",44,29
"2022","10917",254,69
"2022","10918",154,64
"2022","10919",62,39
"2022","10920",28,10
"2022","10921",27,8
"2022","10922",9,11
"2022","10923",24,19
"2022","10924",8,6
"2022","10925",21,7
"2022","10926",12,0
"2022","10927",16,4
"2022","10928",59,21
"2022","10929",1,0
"2022","10930",4,4
"2022","10931",1,1
"2022","10932",4,3
"2022","20101",4076,1541
"2022","20201",2397,868
"2022","20302",9,11
"2022","20305",146,56
"2022","20306",22,12
"2022","20307",97,34
"2022","20316",16,9
"2022","20320",22,13
"2022","20321",20,8
"2022","20402",123,53
"2022","20403",39,17
"2022","20405",128,73
"2022","20409",17,20
"2022","20412",84,26
"2022","20414",41,16
"2022","20415",92,53
"2022","20416",8,12
"2022","20417",37,19
"2022","20418",40,30
"2022","20419",42,28
"2022","20421",40,27
"2022","20424",109,50
"2022","20425",18,5
"2022","20428",11,4
"2022","20432",48,25
"2022","20435",78,34
"2022","20441",1,8
"2022","20442",31,23
"2022","20501",101,32
"2022","20502",38,18
"2022","20503",5,3
"2022","20504",11,7
"2022","20505",53,21
"2022","20506",14,1
"2022","20508",5,5
"2022","20509",7,8
"2022","20511",9,16
"2022","20512",17,8
"2022","20513",13,9
"2022","20515",39,33
"2022","20518",16,10
"2022","20519",10,5
"2022","20520",7,2
"2022","20523",56,25
"2022","20527",215,163
"2022","20530",22,13
"2022","20531",28,12
"2022","20534",29,27
"2022","20601",111,43
"2022","20602",8,2
"2022","20603",8,7
"2022","20604",13,18
"2022","20605",14,13
"2022","20607",11,12
"2022","20608",7,9
"2022","20609",11,11
"2022","20610",10,11
"2022","20611",24,4
"2022","20613",7,6
"2022","20616",3,5
"2022","20618",16,7
"2022","20619",12,17
"2022","20620",74,39
"2022","20622",11,3
"2022","20624",10,3
"2022","20625",13,11
"2022","20627",31,36
"2022","20630",90,22
"2022","20631",11,11
"2022","20632",21,12
"2022","20633",14,13
"2022","20634",95,37
"2022","20635",231,139
"2022","20636",6,5
"2022","20637",20,4
"2022","20638",14,12
"2022","20639",11,4
"2022","20640",18,11
"2022","20642",35,12
"2022","20643",34,20
"2022","20644",23,5
"2022","20701",8,7
"2022","20702",93,52
"2022","20703",13,4
"2022","20705",34,13
"2022","20707",10,7
"2022","20708",18,21
"2022","20710",13,4
"2022","20711",420,78
"2022","20712",6,5
"2022","20713",107,77
"2022","20719",37,15
"2022","20720",36,16
"2022","20721",9,4
"2022","20722",40,20
"2022","20723",8,5
"2022","20724",104,37
"2022","20725",227,130
"2022","20726",23,15
"2022","20727",33,25
"2022","20801",56,36
"2022","20802",7,4
"2022","20803",34,26
"2022","20804",36,15
"2022","20805",21,21
"2022","20806",10,14
"2022","20807",8,7
"2022","20808",31,17
"2022","20810",3,1
"2022","20812",7,3
"2022","20813",89,42
"2022","20815",37,12
"2022","20817",88,44
"2022","20901",35,15
"2022","20905",33,21
"2022","20909",19,9
"2022","20911",5,1
"2022","20912",28,19
"2022","20913",90,40
"2022","20914",7,6
"2022","20918",16,14
"2022","20923",214,106
"2022","21001",8,14
"2022","21002",165,119
"2022","21003",26,7
"2022","21004",22,8
"2022","21005",26,8
"2022","21006",2103,13
"2022","21007",25,32
"2022","21008",61,17
"2022","21009",142,42
"2022","21010",24,3
"2022","30101",855,546
"2022","30201",1943,726
"2022","30301",193,67
"2022","30401",1373,710
"2022","30501",12,13
"2022","30502",474,277
"2022","30503",69,18
"2022","30504",41,10
"2022","30506",27,14
"2022","30507",11,4
"2022","30508",41,32
"2022","30509",13,6
"2022","30510",1,1
"2022","30511",10,6
"2022","30512",3,4
"2022","30514",136,78
"2022","30515",28,11
"2022","30516",14,11
"2022","30517",75,41
"2022","30520",27,5
"2022","30521",5,9
"2022","30522",23,6
"2022","30524",50,11
"2022","30526",5,4
"2022","30527",27,24
"2022","30529",52,19
"2022","30530",10,16
"2022","30531",128,71
"2022","30532",39,10
"2022","30533",37,21
"2022","30534",18,10
"2022","30536",13,1
"2022","30538",18,14
"2022","30539",15,5
"2022","30541",21,16
"2022","30542",32,16
"2022","30543",23,7
"2022","30544",13,11
"2022","30601",57,31
"2022","30602",242,87
"2022","30603",240,153
"2022","30604",792,353
"2022","30605",163,94
"2022","30607",293,131
"2022","30608",39,14
"2022","30609",11,2
"2022","30612",42,19
"2022","30613",113,34
"2022","30614",17,10
"2022","30615",68,145
"2022","30616",4,6
"2022","30618",88,66
"2022","30620",112,48
"2022","30621",20,11
"2022","30623",93,70
"2022","30625",41,19
"2022","30626",126,68
"2022","30627",50,15
"2022","30629",67,28
"2022","30631",17,6
"2022","30633",18,16
"2022","30635",33,15
"2022","30636",27,19
"2022","30637",29,18
"2022","30639",1474,222
"2022","30641",71,36
"2022","30645",53,21
"2022","30646",29,13
"2022","30701",20,11
"2022","30702",44,27
"2022","30703",42,16
"2022","30704",136,101
"2022","30706",45,25
"2022","30708",11,3
"2022","30709",23,22
"2022","30710",264,140
"2022","30711",21,7
"2022","30712",18,13
"2022","30713",30,25
"2022","30715",3,3
"2022","30716",108,52
"2022","30718",18,10
"2022","30719",31,21
"2022","30721",30,12
"2022","30722",20,15
"2022","30724",94,42
"2022","30726",43,23
"2022","30728",115,44
"2022","30729",52,46
"2022","30730",123,71
"2022","30731",118,41
"2022","30732",129,85
"2022","30733",23,10
"2022","30734",57,28
"2022","30735",73,42
"2022","30736",75,42
"2022","30737",15,11
"2022","30738",20,8
"2022","30739",57,21
"2022","30740",1861,319
"2022","30741",13,9
"2022","30801",29,1
"2022","30802",36,37
"2022","30803",43,29
"2022","30804",32,14
"2022","30805",24,5
"2022","30808",125,94
"2022","30810",55,15
"2022","30811",38,29
"2022","30812",40,34
"2022","30813",29,26
"2022","30814",58,25
"2022","30817",194,118
"2022","30819",4,1
"2022","30821",237,105
"2022","30822",NA,NA
"2022","30824",23,18
"2022","30825",23,19
"2022","30826",11,15
"2022","30827",74,39
"2022","30828",23,3
"2022","30829",3,2
"2022","30830",44,43
"2022","30831",52,43
"2022","30834",29,42
"2022","30835",144,53
"2022","30836",8,8
"2022","30838",24,25
"2022","30841",16,5
"2022","30842",18,13
"2022","30844",42,16
"2022","30845",15,11
"2022","30846",4,0
"2022","30848",12,11
"2022","30849",120,23
"2022","30850",23,15
"2022","30852",12,13
"2022","30854",2,2
"2022","30856",184,86
"2022","30857",19,3
"2022","30858",15,10
"2022","30859",6,6
"2022","30860",41,25
"2022","30863",108,55
"2022","30865",29,16
"2022","30902",12,11
"2022","30903",8,10
"2022","30904",12,1
"2022","30906",13,1
"2022","30908",137,63
"2022","30909",7,4
"2022","30910",28,11
"2022","30912",25,12
"2022","30913",5,9
"2022","30915",16,9
"2022","30916",43,21
"2022","30917",2,0
"2022","30920",16,5
"2022","30921",12,4
"2022","30925",30,10
"2022","30929",1,2
"2022","30932",15,2
"2022","30935",58,16
"2022","30939",11,5
"2022","30940",19,4
"2022","30942",15,4
"2022","31001",2,4
"2022","31008",46,20
"2022","31009",14,14
"2022","31014",12,13
"2022","31015",22,10
"2022","31016",17,5
"2022","31018",9,5
"2022","31019",7,10
"2022","31021",7,4
"2022","31022",178,133
"2022","31025",1,1
"2022","31026",17,10
"2022","31028",9,7
"2022","31033",45,15
"2022","31035",7,8
"2022","31036",32,20
"2022","31037",53,35
"2022","31038",8,6
"2022","31041",4,1
"2022","31042",12,9
"2022","31043",8,1
"2022","31051",51,14
"2022","31052",10,2
"2022","31053",15,11
"2022","31101",12,5
"2022","31102",0,2
"2022","31103",6,9
"2022","31104",23,4
"2022","31105",76,20
"2022","31106",41,19
"2022","31107",25,3
"2022","31109",173,63
"2022","31110",6,2
"2022","31111",8,1
"2022","31113",8,3
"2022","31114",2,0
"2022","31117",1,3
"2022","31119",7,3
"2022","31120",14,7
"2022","31121",53,14
"2022","31123",2,5
"2022","31124",12,5
"2022","31129",18,5
"2022","31130",4,3
"2022","31201",128,50
"2022","31202",33,6
"2022","31203",33,24
"2022","31204",36,20
"2022","31205",30,28
"2022","31206",75,46
"2022","31207",42,19
"2022","31208",20,12
"2022","31213",682,218
"2022","31214",116,87
"2022","31215",10,6
"2022","31216",104,42
"2022","31224",1,7
"2022","31226",58,17
"2022","31227",20,17
"2022","31228",3,3
"2022","31229",14,10
"2022","31230",271,120
"2022","31234",15,3
"2022","31235",308,157
"2022","31301",0,2
"2022","31302",7,4
"2022","31303",12,14
"2022","31304",18,5
"2022","31308",54,24
"2022","31309",62,22
"2022","31310",13,6
"2022","31311",27,12
"2022","31315",13,8
"2022","31319",37,9
"2022","31321",29,16
"2022","31322",134,48
"2022","31323",4,6
"2022","31324",7,5
"2022","31326",14,2
"2022","31327",50,20
"2022","31330",6,8
"2022","31333",31,9
"2022","31336",12,6
"2022","31337",10,22
"2022","31338",58,8
"2022","31340",4,0
"2022","31343",70,26
"2022","31344",54,6
"2022","31346",22,9
"2022","31347",4,11
"2022","31350",3,5
"2022","31351",34,7
"2022","31355",28,7
"2022","31356",1,9
"2022","31401",4,2
"2022","31402",5,7
"2022","31403",123,26
"2022","31404",43,23
"2022","31405",18,13
"2022","31406",8,9
"2022","31407",58,32
"2022","31408",11,18
"2022","31409",17,17
"2022","31410",4,3
"2022","31411",19,14
"2022","31412",27,35
"2022","31413",63,33
"2022","31414",16,5
"2022","31502",7,3
"2022","31503",16,11
"2022","31504",4,1
"2022","31505",64,35
"2022","31506",1,0
"2022","31507",28,11
"2022","31508",12,8
"2022","31509",12,6
"2022","31511",17,11
"2022","31513",14,12
"2022","31514",35,19
"2022","31515",0,2
"2022","31516",13,14
"2022","31517",14,20
"2022","31519",50,15
"2022","31520",39,18
"2022","31521",41,23
"2022","31522",21,8
"2022","31523",11,9
"2022","31524",149,66
"2022","31525",16,6
"2022","31527",21,4
"2022","31528",4,3
"2022","31530",24,12
"2022","31531",74,22
"2022","31533",103,30
"2022","31534",37,12
"2022","31535",1,1
"2022","31537",9,7
"2022","31539",32,23
"2022","31540",15,10
"2022","31541",1,0
"2022","31542",14,10
"2022","31543",3,5
"2022","31546",7,5
"2022","31549",148,56
"2022","31550",41,26
"2022","31551",18,4
"2022","31552",14,7
"2022","31553",22,9
"2022","31601",8,4
"2022","31603",6,3
"2022","31604",9,22
"2022","31605",18,20
"2022","31606",121,27
"2022","31608",11,0
"2022","31609",17,9
"2022","31611",6,9
"2022","31612",23,25
"2022","31613",15,14
"2022","31614",53,3
"2022","31615",10,5
"2022","31616",1,4
"2022","31617",32,4
"2022","31620",28,17
"2022","31621",24,13
"2022","31622",7,2
"2022","31627",36,6
"2022","31628",44,15
"2022","31629",115,34
"2022","31630",38,18
"2022","31633",326,75
"2022","31634",34,7
"2022","31636",2,0
"2022","31642",20,15
"2022","31644",267,84
"2022","31645",18,16
"2022","31646",40,11
"2022","31649",34,10
"2022","31650",34,14
"2022","31651",29,7
"2022","31652",NA,NA
"2022","31653",11,9
"2022","31654",22,6
"2022","31655",110,39
"2022","31658",0,3
"2022","31701",21,6
"2022","31702",58,39
"2022","31703",163,58
"2022","31704",251,120
"2022","31706",22,22
"2022","31707",55,16
"2022","31709",58,42
"2022","31710",202,93
"2022","31711",18,7
"2022","31712",137,57
"2022","31713",56,32
"2022","31714",18,5
"2022","31715",100,36
"2022","31716",257,129
"2022","31717",564,258
"2022","31718",67,25
"2022","31719",301,113
"2022","31723",170,89
"2022","31725",158,98
"2022","31726",54,33
"2022","31801",1,0
"2022","31802",51,10
"2022","31803",19,11
"2022","31804",2,0
"2022","31805",5,6
"2022","31806",4,0
"2022","31807",11,14
"2022","31808",19,9
"2022","31809",1,1
"2022","31810",103,56
"2022","31811",68,29
"2022","31812",43,1
"2022","31813",62,19
"2022","31814",31,14
"2022","31815",31,7
"2022","31817",25,15
"2022","31818",235,134
"2022","31820",2,2
"2022","31821",78,29
"2022","31823",16,16
"2022","31825",NA,NA
"2022","31826",114,11
"2022","31827",7,1
"2022","31829",268,23
"2022","31830",1,5
"2022","31831",21,19
"2022","31832",47,11
"2022","31833",49,13
"2022","31834",4,2
"2022","31835",29,43
"2022","31836",25,18
"2022","31837",6,2
"2022","31838",176,25
"2022","31839",170,84
"2022","31840",16,3
"2022","31841",1,3
"2022","31842",2,0
"2022","31843",6,9
"2022","31844",2,10
"2022","31845",8,12
"2022","31846",34,24
"2022","31847",28,9
"2022","31848",14,9
"2022","31849",11,3
"2022","31901",40,32
"2022","31902",68,21
"2022","31903",64,24
"2022","31904",8,4
"2022","31905",90,59
"2022","31906",15,12
"2022","31907",38,30
"2022","31909",25,6
"2022","31910",21,10
"2022","31911",13,9
"2022","31912",140,72
"2022","31913",25,17
"2022","31915",12,7
"2022","31916",42,16
"2022","31917",11,4
"2022","31918",29,21
"2022","31919",13,8
"2022","31920",7,0
"2022","31921",83,17
"2022","31922",11,10
"2022","31923",1,3
"2022","31925",6,5
"2022","31926",430,90
"2022","31927",23,22
"2022","31928",16,12
"2022","31929",55,28
"2022","31930",13,8
"2022","31932",39,36
"2022","31934",28,21
"2022","31935",14,17
"2022","31938",9,2
"2022","31939",NA,NA
"2022","31940",13,7
"2022","31941",20,6
"2022","31943",93,54
"2022","31945",3,1
"2022","31946",4,6
"2022","31947",56,70
"2022","31948",55,35
"2022","31949",75,59
"2022","31950",76,27
"2022","31951",175,67
"2022","31952",250,102
"2022","31953",75,41
"2022","31954",17,5
"2022","32001",126,61
"2022","32002",14,9
"2022","32003",53,26
"2022","32004",9,0
"2022","32005",7,7
"2022","32006",1,4
"2022","32007",7,8
"2022","32008",56,28
"2022","32009",9,3
"2022","32010",11,6
"2022","32011",16,12
"2022","32012",3,2
"2022","32013",136,40
"2022","32014",7,7
"2022","32015",3,3
"2022","32016",199,59
"2022","32017",20,14
"2022","32018",8,6
"2022","32101",61,46
"2022","32104",47,8
"2022","32106",16,13
"2022","32107",42,16
"2022","32109",20,8
"2022","32110",11,9
"2022","32112",61,44
"2022","32114",42,29
"2022","32115",42,32
"2022","32116",27,5
"2022","32119",50,12
"2022","32120",70,48
"2022","32131",116,90
"2022","32132",54,19
"2022","32134",59,24
"2022","32135",488,214
"2022","32139",35,7
"2022","32140",13,15
"2022","32141",36,25
"2022","32142",205,64
"2022","32143",34,20
"2022","32144",968,384
"2022","32202",7,8
"2022","32203",7,2
"2022","32206",0,1
"2022","32207",45,9
"2022","32209",45,19
"2022","32210",9,1
"2022","32212",2,0
"2022","32214",4,1
"2022","32216",82,59
"2022","32217",14,6
"2022","32219",22,16
"2022","32220",73,16
"2022","32221",4,0
"2022","32222",8,3
"2022","32223",19,9
"2022","32301",74,34
"2022","32302",6,6
"2022","32304",51,42
"2022","32305",48,45
"2022","32306",46,21
"2022","32307",71,31
"2022","32308",75,26
"2022","32309",16,3
"2022","32310",13,4
"2022","32311",49,20
"2022","32312",4,7
"2022","32313",20,12
"2022","32314",3,7
"2022","32315",35,17
"2022","32316",48,18
"2022","32317",16,1
"2022","32318",46,18
"2022","32319",66,28
"2022","32320",24,8
"2022","32321",2,4
"2022","32322",5,2
"2022","32323",68,38
"2022","32324",1,0
"2022","32325",44,21
"2022","32326",7,1
"2022","32327",103,49
"2022","32330",67,45
"2022","32331",19,13
"2022","32332",49,33
"2022","32333",7,2
"2022","32334",9,4
"2022","32335",3,1
"2022","32336",20,11
"2022","32337",87,34
"2022","32338",23,14
"2022","32501",5,2
"2022","32502",15,4
"2022","32503",1,1
"2022","32504",8,0
"2022","32505",10,5
"2022","32506",12,7
"2022","32508",148,12
"2022","32509",8,8
"2022","32511",6,1
"2022","32514",3,6
"2022","32515",0,1
"2022","32516",8,10
"2022","32517",11,17
"2022","32518",12,0
"2022","32519",NA,NA
"2022","32520",9,0
"2022","32521",3,5
"2022","32522",5,7
"2022","32523",4,1
"2022","32524",29,8
"2022","32525",15,4
"2022","32528",6,5
"2022","32529",6,8
"2022","32530",123,58
"2022","40101",7476,4066
"2022","40201",882,491
"2022","40301",2228,987
"2022","40401",119,60
"2022","40402",61,27
"2022","40403",16,16
"2022","40404",463,357
"2022","40405",66,45
"2022","40406",85,28
"2022","40407",19,14
"2022","40408",18,11
"2022","40409",30,11
"2022","40410",14,10
"2022","40411",12,10
"2022","40412",28,12
"2022","40413",280,175
"2022","40414",102,50
"2022","40415",19,11
"2022","40416",28,21
"2022","40417",15,7
"2022","40418",65,38
"2022","40419",36,23
"2022","40420",17,9
"2022","40421",357,192
"2022","40422",140,75
"2022","40423",20,5
"2022","40424",27,17
"2022","40425",26,14
"2022","40426",67,64
"2022","40427",41,16
"2022","40428",55,44
"2022","40429",7,8
"2022","40430",13,7
"2022","40431",108,68
"2022","40432",72,39
"2022","40433",12,2
"2022","40434",5,4
"2022","40435",1,6
"2022","40436",68,43
"2022","40437",57,27
"2022","40438",93,76
"2022","40439",13,4
"2022","40440",0,3
"2022","40441",64,39
"2022","40442",11,4
"2022","40443",24,13
"2022","40444",5,1
"2022","40445",21,19
"2022","40446",26,8
"2022","40501",90,36
"2022","40502",53,22
"2022","40503",132,56
"2022","40504",61,58
"2022","40505",15,10
"2022","40506",32,8
"2022","40507",56,35
"2022","40508",38,19
"2022","40509",53,44
"2022","40510",33,5
"2022","40511",143,71
"2022","40512",3,3
"2022","40601",156,54
"2022","40602",3,6
"2022","40603",32,5
"2022","40604",51,11
"2022","40605",34,9
"2022","40606",NA,NA
"2022","40607",18,17
"2022","40608",45,8
"2022","40609",31,26
"2022","40610",2,6
"2022","40611",18,11
"2022","40612",18,9
"2022","40613",1,0
"2022","40614",33,33
"2022","40615",44,11
"2022","40616",6,5
"2022","40617",12,7
"2022","40618",73,21
"2022","40619",5,4
"2022","40620",14,2
"2022","40621",26,13
"2022","40622",8,3
"2022","40623",10,7
"2022","40624",44,24
"2022","40625",2,0
"2022","40626",5,4
"2022","40627",23,14
"2022","40701",235,80
"2022","40702",103,51
"2022","40703",317,131
"2022","40704",98,48
"2022","40705",351,179
"2022","40706",80,39
"2022","40707",39,18
"2022","40708",32,9
"2022","40709",18,13
"2022","40710",26,13
"2022","40711",182,74
"2022","40712",29,20
"2022","40713",368,56
"2022","40714",89,40
"2022","40715",27,10
"2022","40716",13,11
"2022","40717",71,30
"2022","40718",30,11
"2022","40719",47,33
"2022","40720",108,41
"2022","40801",17,6
"2022","40802",156,48
"2022","40804",8,1
"2022","40805",81,48
"2022","40806",33,28
"2022","40807",14,14
"2022","40808",123,49
"2022","40809",44,13
"2022","40810",0,1
"2022","40811",22,8
"2022","40812",40,8
"2022","40813",6,7
"2022","40814",4,6
"2022","40815",5,2
"2022","40816",11,6
"2022","40817",14,6
"2022","40818",40,14
"2022","40820",3,1
"2022","40821",9,0
"2022","40822",9,21
"2022","40823",8,15
"2022","40824",3,2
"2022","40825",9,2
"2022","40826",NA,NA
"2022","40827",17,17
"2022","40828",2,2
"2022","40829",27,6
"2022","40830",2,1
"2022","40831",79,32
"2022","40832",39,18
"2022","40833",29,9
"2022","40834",3,6
"2022","40835",40,12
"2022","40901",18,7
"2022","40902",76,23
"2022","40903",33,29
"2022","40904",17,7
"2022","40905",110,33
"2022","40906",27,8
"2022","40907",224,64
"2022","40908",141,42
"2022","40909",70,14
"2022","40910",29,6
"2022","40911",7,3
"2022","40912",61,17
"2022","40913",53,17
"2022","40914",5,6
"2022","40915",9,7
"2022","40916",3,1
"2022","40917",43,11
"2022","40918",16,21
"2022","40919",5,3
"2022","40920",40,20
"2022","40921",11,1
"2022","40922",32,18
"2022","40923",37,13
"2022","41001",35,29
"2022","41002",466,283
"2022","41003",108,63
"2022","41004",4,1
"2022","41005",370,216
"2022","41006",5,5
"2022","41007",164,57
"2022","41008",23,16
"2022","41009",116,78
"2022","41010",22,5
"2022","41011",48,13
"2022","41012",462,225
"2022","41013",129,44
"2022","41014",159,58
"2022","41015",13,7
"2022","41016",37,14
"2022","41017",141,94
"2022","41018",23,5
"2022","41019",36,13
"2022","41020",95,43
"2022","41021",668,406
"2022","41022",121,53
"2022","41101",5,4
"2022","41102",35,13
"2022","41103",34,11
"2022","41104",28,5
"2022","41105",29,23
"2022","41106",59,22
"2022","41107",11,6
"2022","41108",266,134
"2022","41109",55,24
"2022","41110",39,19
"2022","41111",118,47
"2022","41112",15,5
"2022","41113",21,17
"2022","41114",79,41
"2022","41115",10,7
"2022","41116",173,104
"2022","41117",12,12
"2022","41118",27,13
"2022","41119",2,0
"2022","41120",36,23
"2022","41121",25,19
"2022","41122",1,4
"2022","41123",11,8
"2022","41124",118,74
"2022","41125",19,16
"2022","41126",24,18
"2022","41201",12,7
"2022","41202",44,26
"2022","41203",73,32
"2022","41204",37,11
"2022","41205",3,3
"2022","41206",2,1
"2022","41207",93,51
"2022","41208",39,17
"2022","41209",30,5
"2022","41210",10,6
"2022","41211",6,2
"2022","41212",9,14
"2022","41213",16,14
"2022","41214",31,14
"2022","41215",26,6
"2022","41216",3,1
"2022","41217",18,16
"2022","41218",29,19
"2022","41219",120,54
"2022","41220",32,24
"2022","41221",21,0
"2022","41222",9,4
"2022","41223",12,2
"2022","41224",41,25
"2022","41225",362,229
"2022","41226",11,2
"2022","41227",8,10
"2022","41228",60,24
"2022","41229",5,3
"2022","41230",7,10
"2022","41231",21,12
"2022","41232",29,9
"2022","41233",18,17
"2022","41234",29,8
"2022","41235",12,1
"2022","41236",1,4
"2022","41304",13,27
"2022","41305",2,5
"2022","41306",7,1
"2022","41307",0,1
"2022","41309",38,13
"2022","41311",6,0
"2022","41312",12,6
"2022","41313",25,13
"2022","41314",7,3
"2022","41315",19,8
"2022","41316",17,13
"2022","41317",10,3
"2022","41318",22,17
"2022","41319",2,1
"2022","41320",3,1
"2022","41321",18,18
"2022","41322",11,0
"2022","41323",17,9
"2022","41324",61,2
"2022","41325",8,1
"2022","41326",14,7
"2022","41327",10,5
"2022","41328",24,9
"2022","41329",17,5
"2022","41331",3,1
"2022","41332",51,17
"2022","41333",4,0
"2022","41334",2,4
"2022","41336",8,3
"2022","41337",4,8
"2022","41338",14,3
"2022","41341",23,12
"2022","41342",49,30
"2022","41343",84,23
"2022","41344",58,31
"2022","41345",34,3
"2022","41346",7,9
"2022","41401",5,1
"2022","41402",44,17
"2022","41403",30,24
"2022","41404",8,2
"2022","41405",4,2
"2022","41406",8,6
"2022","41407",43,17
"2022","41408",17,12
"2022","41409",22,11
"2022","41410",112,42
"2022","41411",29,8
"2022","41412",3,0
"2022","41413",16,16
"2022","41414",22,13
"2022","41415",10,7
"2022","41416",28,17
"2022","41417",34,11
"2022","41418",61,31
"2022","41419",29,12
"2022","41420",9,0
"2022","41421",6,5
"2022","41422",179,90
"2022","41423",68,28
"2022","41424",18,2
"2022","41425",43,67
"2022","41426",37,20
"2022","41427",27,10
"2022","41428",11,20
"2022","41429",31,8
"2022","41430",29,20
"2022","41501",31,4
"2022","41502",18,9
"2022","41503",88,59
"2022","41504",48,35
"2022","41505",31,0
"2022","41506",117,42
"2022","41507",41,15
"2022","41508",1,2
"2022","41509",26,7
"2022","41510",6,1
"2022","41511",43,19
"2022","41512",11,1
"2022","41513",21,9
"2022","41514",95,52
"2022","41515",14,12
"2022","41516",159,73
"2022","41517",25,30
"2022","41518",20,13
"2022","41521",31,6
"2022","41522",70,16
"2022","41601",18,7
"2022","41602",18,21
"2022","41603",75,36
"2022","41604",20,9
"2022","41605",71,32
"2022","41606",83,25
"2022","41607",61,29
"2022","41608",17,11
"2022","41609",50,33
"2022","41610",0,2
"2022","41611",15,10
"2022","41612",5,4
"2022","41613",57,25
"2022","41614",21,19
"2022","41615",47,17
"2022","41616",0,1
"2022","41617",65,49
"2022","41618",55,37
"2022","41619",8,7
"2022","41620",12,4
"2022","41621",10,5
"2022","41622",30,1
"2022","41623",3,0
"2022","41624",344,87
"2022","41626",58,28
"2022","41627",25,20
"2022","41628",25,14
"2022","41701",76,55
"2022","41702",37,25
"2022","41703",237,111
"2022","41704",50,25
"2022","41705",9,2
"2022","41706",15,16
"2022","41707",12,9
"2022","41708",3,2
"2022","41709",645,74
"2022","41710",113,73
"2022","41711",64,13
"2022","41712",28,19
"2022","41713",77,48
"2022","41714",3,3
"2022","41715",594,72
"2022","41716",28,17
"2022","41717",14,4
"2022","41718",27,17
"2022","41719",30,12
"2022","41720",12,16
"2022","41721",15,11
"2022","41722",76,35
"2022","41723",16,2
"2022","41724",1,1
"2022","41725",9,6
"2022","41726",14,12
"2022","41727",32,12
"2022","41728",5,1
"2022","41729",1,2
"2022","41730",15,4
"2022","41731",73,48
"2022","41732",20,12
"2022","41733",1,0
"2022","41734",1042,110
"2022","41735",52,11
"2022","41736",9,10
"2022","41737",36,23
"2022","41738",146,76
"2022","41739",71,21
"2022","41740",29,15
"2022","41741",15,9
"2022","41742",105,26
"2022","41743",89,69
"2022","41744",16,3
"2022","41745",50,22
"2022","41746",316,123
"2022","41747",76,43
"2022","41748",6,1
"2022","41749",30,9
"2022","41750",36,13
"2022","41751",17,7
"2022","41752",9,3
"2022","41801",5,5
"2022","41802",8,2
"2022","41803",20,15
"2022","41804",24,13
"2022","41805",44,18
"2022","41806",29,14
"2022","41807",12,3
"2022","41808",65,18
"2022","41809",1,10
"2022","41810",17,12
"2022","41811",149,62
"2022","41812",282,119
"2022","41813",7,2
"2022","41814",17,4
"2022","41815",11,9
"2022","41816",45,16
"2022","41817",75,33
"2022","41818",15,6
"2022","41819",30,17
"2022","41820",112,55
"2022","41821",23,19
"2022","41822",27,16
"2022","41823",127,59
"2022","41824",27,21
"2022","50101",6167,4001
"2022","50201",110,36
"2022","50202",25,14
"2022","50203",24,15
"2022","50204",84,37
"2022","50205",401,200
"2022","50206",5,9
"2022","50207",112,58
"2022","50208",37,37
"2022","50209",459,154
"2022","50210",39,16
"2022","50211",17,12
"2022","50212",14,1
"2022","50213",45,22
"2022","50301",122,119
"2022","50302",41,31
"2022","50303",2979,107
"2022","50304",12,4
"2022","50305",54,24
"2022","50306",57,30
"2022","50307",6,7
"2022","50308",86,42
"2022","50309",86,51
"2022","50310",115,51
"2022","50311",29,23
"2022","50312",85,22
"2022","50313",12,6
"2022","50314",159,107
"2022","50315",76,62
"2022","50316",62,47
"2022","50317",66,48
"2022","50318",0,3
"2022","50319",63,25
"2022","50320",18,16
"2022","50321",76,45
"2022","50322",72,49
"2022","50323",74,53
"2022","50324",112,57
"2022","50325",16,13
"2022","50326",183,84
"2022","50327",89,49
"2022","50328",25,8
"2022","50329",22,26
"2022","50330",190,147
"2022","50331",7,1
"2022","50332",28,19
"2022","50335",129,72
"2022","50336",77,37
"2022","50337",108,49
"2022","50338",740,185
"2022","50339",179,124
"2022","50401",168,81
"2022","50402",183,74
"2022","50403",294,89
"2022","50404",169,86
"2022","50405",28,10
"2022","50406",56,29
"2022","50407",47,25
"2022","50408",76,53
"2022","50409",14,7
"2022","50410",30,24
"2022","50411",66,46
"2022","50412",62,17
"2022","50413",3,1
"2022","50414",13,8
"2022","50415",31,19
"2022","50416",23,16
"2022","50417",136,73
"2022","50418",277,145
"2022","50419",40,9
"2022","50420",17,36
"2022","50421",83,41
"2022","50422",7,7
"2022","50423",118,63
"2022","50424",46,30
"2022","50425",54,21
"2022","50501",1,1
"2022","50502",8,5
"2022","50503",49,18
"2022","50504",51,33
"2022","50505",0,1
"2022","50506",32,15
"2022","50507",1,2
"2022","50508",63,7
"2022","50509",92,38
"2022","50510",182,66
"2022","50511",5,4
"2022","50512",25,29
"2022","50513",7,5
"2022","50514",3,2
"2022","50515",10,3
"2022","50601",38,16
"2022","50602",138,59
"2022","50603",6,18
"2022","50604",15,11
"2022","50605",20,8
"2022","50606",169,79
"2022","50607",22,21
"2022","50608",26,18
"2022","50609",156,79
"2022","50610",43,14
"2022","50611",91,37
"2022","50612",81,57
"2022","50613",144,52
"2022","50614",77,25
"2022","50615",23,14
"2022","50616",81,91
"2022","50617",55,21
"2022","50618",149,90
"2022","50619",339,196
"2022","50620",35,11
"2022","50621",15,11
"2022","50622",29,12
"2022","50623",31,20
"2022","50624",25,21
"2022","50625",27,10
"2022","50626",58,28
"2022","50627",9,11
"2022","50628",404,200
"2022","60101",13972,6602
"2022","60305",23,21
"2022","60318",31,25
"2022","60323",10,6
"2022","60324",15,5
"2022","60326",14,4
"2022","60329",1,0
"2022","60341",4,0
"2022","60344",178,67
"2022","60345",45,22
"2022","60346",21,15
"2022","60347",11,10
"2022","60348",37,18
"2022","60349",20,15
"2022","60350",103,59
"2022","60351",33,11
"2022","60608",152,78
"2022","60611",36,39
"2022","60613",161,60
"2022","60617",72,40
"2022","60618",12,3
"2022","60619",31,22
"2022","60623",14,11
"2022","60624",118,56
"2022","60626",51,26
"2022","60628",44,17
"2022","60629",83,33
"2022","60632",17,27
"2022","60639",5,1
"2022","60641",5,2
"2022","60642",26,9
"2022","60645",22,26
"2022","60646",27,16
"2022","60647",0,1
"2022","60648",22,19
"2022","60651",22,23
"2022","60653",45,40
"2022","60654",26,17
"2022","60655",28,15
"2022","60656",24,8
"2022","60659",53,20
"2022","60660",27,21
"2022","60661",78,50
"2022","60662",43,23
"2022","60663",150,41
"2022","60664",176,70
"2022","60665",28,15
"2022","60666",20,13
"2022","60667",58,26
"2022","60668",23,14
"2022","60669",277,139
"2022","60670",162,67
"2022","61001",13,3
"2022","61002",37,5
"2022","61007",16,4
"2022","61008",7,5
"2022","61012",30,19
"2022","61013",14,16
"2022","61016",14,11
"2022","61017",5,9
"2022","61019",9,9
"2022","61020",11,13
"2022","61021",41,12
"2022","61024",5,12
"2022","61027",10,6
"2022","61030",7,2
"2022","61032",4,4
"2022","61033",37,5
"2022","61043",24,15
"2022","61045",94,50
"2022","61049",30,21
"2022","61050",30,24
"2022","61051",18,2
"2022","61052",7,13
"2022","61053",251,106
"2022","61054",22,4
"2022","61055",10,11
"2022","61057",16,10
"2022","61059",160,55
"2022","61060",20,12
"2022","61061",97,42
"2022","61101",31,15
"2022","61105",25,8
"2022","61106",77,42
"2022","61107",10,2
"2022","61108",2054,513
"2022","61109",37,2
"2022","61110",42,18
"2022","61111",16,15
"2022","61112",5,0
"2022","61113",119,47
"2022","61114",16,5
"2022","61115",6,23
"2022","61116",4,10
"2022","61118",155,215
"2022","61119",13,5
"2022","61120",114,41
"2022","61203",18,11
"2022","61204",51,12
"2022","61205",9,11
"2022","61206",7,6
"2022","61207",132,71
"2022","61213",48,33
"2022","61215",30,15
"2022","61217",60,31
"2022","61222",21,7
"2022","61236",83,46
"2022","61243",12,11
"2022","61247",56,19
"2022","61251",0,2
"2022","61252",6,4
"2022","61253",76,32
"2022","61254",14,8
"2022","61255",113,81
"2022","61256",15,2
"2022","61257",35,21
"2022","61258",35,11
"2022","61259",191,81
"2022","61260",20,9
"2022","61261",38,23
"2022","61262",35,22
"2022","61263",73,34
"2022","61264",69,22
"2022","61265",166,65
"2022","61266",6,3
"2022","61267",58,39
"2022","61410",3,4
"2022","61413",NA,NA
"2022","61425",5,5
"2022","61428",3,2
"2022","61437",5,5
"2022","61438",63,20
"2022","61439",72,14
"2022","61440",40,25
"2022","61441",1,0
"2022","61442",10,3
"2022","61443",116,20
"2022","61444",27,8
"2022","61445",20,10
"2022","61446",24,12
"2022","61611",18,13
"2022","61612",22,12
"2022","61615",20,9
"2022","61618",111,14
"2022","61621",28,3
"2022","61624",15,16
"2022","61625",100,54
"2022","61626",47,18
"2022","61627",17,13
"2022","61628",3,7
"2022","61629",37,5
"2022","61630",2,1
"2022","61631",135,73
"2022","61632",37,16
"2022","61633",56,30
"2022","61701",37,24
"2022","61708",3,1
"2022","61710",6,1
"2022","61711",7,1
"2022","61716",23,18
"2022","61719",43,15
"2022","61727",23,20
"2022","61728",NA,NA
"2022","61729",11,3
"2022","61730",39,5
"2022","61731",9,0
"2022","61740",11,6
"2022","61741",29,7
"2022","61743",1,2
"2022","61744",3,0
"2022","61745",2,2
"2022","61746",27,11
"2022","61748",25,25
"2022","61750",12,5
"2022","61751",19,4
"2022","61756",57,20
"2022","61757",20,12
"2022","61758",14,5
"2022","61759",8,9
"2022","61760",169,76
"2022","61761",7,1
"2022","61762",5,7
"2022","61763",39,13
"2022","61764",43,11
"2022","61765",83,31
"2022","61766",244,116
"2022","62007",99,38
"2022","62008",17,8
"2022","62010",6,2
"2022","62014",10,5
"2022","62021",13,4
"2022","62026",NA,NA
"2022","62032",11,4
"2022","62034",7,4
"2022","62036",45,12
"2022","62038",186,79
"2022","62039",5,5
"2022","62040",157,74
"2022","62041",407,136
"2022","62042",25,9
"2022","62043",8,8
"2022","62044",91,11
"2022","62045",2,6
"2022","62046",3,13
"2022","62047",47,19
"2022","62048",19,10
"2022","62105",29,5
"2022","62115",27,16
"2022","62116",20,15
"2022","62125",20,14
"2022","62128",47,32
"2022","62131",1437,106
"2022","62132",11,3
"2022","62135",12,3
"2022","62138",39,11
"2022","62139",383,191
"2022","62140",588,286
"2022","62141",82,55
"2022","62142",231,46
"2022","62143",86,65
"2022","62144",75,20
"2022","62145",95,36
"2022","62146",29,29
"2022","62147",16,11
"2022","62148",11,10
"2022","62202",13,7
"2022","62205",5,5
"2022","62206",19,12
"2022","62209",4,4
"2022","62211",31,9
"2022","62214",2,20
"2022","62216",31,14
"2022","62219",55,37
"2022","62220",28,14
"2022","62226",21,5
"2022","62232",6,1
"2022","62233",36,19
"2022","62235",8,7
"2022","62242",6,11
"2022","62244",15,3
"2022","62245",11,6
"2022","62247",9,3
"2022","62256",35,21
"2022","62262",11,12
"2022","62264",40,27
"2022","62265",4,2
"2022","62266",21,12
"2022","62268",6,5
"2022","62269",31,12
"2022","62270",6,5
"2022","62271",38,23
"2022","62272",38,16
"2022","62273",19,7
"2022","62274",63,25
"2022","62275",17,10
"2022","62276",10,7
"2022","62277",16,6
"2022","62278",63,18
"2022","62279",8,5
"2022","62280",134,74
"2022","62311",6,6
"2022","62314",13,3
"2022","62326",9,6
"2022","62330",4,2
"2022","62332",4,1
"2022","62335",15,4
"2022","62343",10,4
"2022","62368",41,10
"2022","62372",11,6
"2022","62375",292,104
"2022","62376",65,34
"2022","62377",8,7
"2022","62378",154,58
"2022","62379",245,113
"2022","62380",51,26
"2022","62381",7,11
"2022","62382",36,23
"2022","62383",66,34
"2022","62384",9,7
"2022","62385",9,3
"2022","62386",69,28
"2022","62387",5,2
"2022","62388",3,3
"2022","62389",15,6
"2022","62390",28,10
"2022","70101",6042,4016
"2022","70201",59,37
"2022","70202",41,38
"2022","70203",290,156
"2022","70204",6,2
"2022","70205",18,9
"2022","70206",1,3
"2022","70207",3,0
"2022","70208",161,70
"2022","70209",64,53
"2022","70210",21,15
"2022","70211",14,7
"2022","70212",29,20
"2022","70213",35,7
"2022","70214",85,36
"2022","70215",43,10
"2022","70216",13,12
"2022","70217",67,42
"2022","70218",34,35
"2022","70219",31,29
"2022","70220",192,115
"2022","70221",29,24
"2022","70222",65,21
"2022","70223",44,30
"2022","70224",20,18
"2022","70301",45,45
"2022","70302",75,73
"2022","70303",72,52
"2022","70304",103,44
"2022","70305",19,20
"2022","70306",14,16
"2022","70307",8,1
"2022","70308",6,9
"2022","70309",20,24
"2022","70310",66,50
"2022","70311",7,8
"2022","70312",52,29
"2022","70313",16,13
"2022","70314",11,15
"2022","70315",23,12
"2022","70317",16,12
"2022","70318",15,7
"2022","70319",48,41
"2022","70320",55,13
"2022","70322",9,9
"2022","70323",5,1
"2022","70325",23,5
"2022","70326",100,77
"2022","70328",39,38
"2022","70329",72,60
"2022","70331",57,30
"2022","70332",26,18
"2022","70333",13,9
"2022","70334",150,47
"2022","70335",24,10
"2022","70336",76,2
"2022","70337",27,16
"2022","70338",21,19
"2022","70339",6,7
"2022","70340",18,15
"2022","70342",12,3
"2022","70343",12,14
"2022","70344",181,43
"2022","70345",16,10
"2022","70346",101,81
"2022","70347",2,1
"2022","70348",43,25
"2022","70349",3,0
"2022","70350",36,37
"2022","70351",455,132
"2022","70352",13,14
"2022","70353",23,21
"2022","70354",357,284
"2022","70355",36,27
"2022","70356",19,16
"2022","70357",289,207
"2022","70358",263,184
"2022","70359",14,3
"2022","70360",16,9
"2022","70361",11,2
"2022","70362",5,2
"2022","70364",119,63
"2022","70365",77,37
"2022","70366",7,8
"2022","70367",142,95
"2022","70368",16,13
"2022","70369",108,59
"2022","70370",35,38
"2022","70401",54,37
"2022","70402",74,37
"2022","70403",286,105
"2022","70404",110,76
"2022","70405",18,18
"2022","70406",110,59
"2022","70407",23,19
"2022","70408",72,81
"2022","70409",205,270
"2022","70410",146,71
"2022","70411",345,210
"2022","70412",114,71
"2022","70413",124,52
"2022","70414",84,47
"2022","70415",18,14
"2022","70416",367,218
"2022","70417",112,54
"2022","70418",28,12
"2022","70419",45,29
"2022","70420",54,50
"2022","70501",65,37
"2022","70502",8,0
"2022","70503",87,38
"2022","70504",19,9
"2022","70505",45,28
"2022","70506",43,26
"2022","70508",146,56
"2022","70509",145,95
"2022","70510",65,39
"2022","70511",77,54
"2022","70512",69,40
"2022","70513",849,605
"2022","70514",39,37
"2022","70515",64,46
"2022","70516",10,19
"2022","70517",39,17
"2022","70518",59,28
"2022","70519",8,4
"2022","70520",58,33
"2022","70521",38,7
"2022","70522",85,70
"2022","70523",13,8
"2022","70524",48,24
"2022","70525",28,16
"2022","70526",89,60
"2022","70527",94,40
"2022","70528",14,14
"2022","70529",58,50
"2022","70530",82,57
"2022","70531",315,182
"2022","70601",2,1
"2022","70602",8,4
"2022","70603",87,65
"2022","70604",27,19
"2022","70605",73,26
"2022","70606",15,6
"2022","70607",8,6
"2022","70608",61,48
"2022","70609",18,9
"2022","70610",1,0
"2022","70611",12,3
"2022","70612",8,1
"2022","70613",15,2
"2022","70614",111,87
"2022","70615",32,27
"2022","70616",58,22
"2022","70617",56,11
"2022","70618",13,5
"2022","70619",40,16
"2022","70620",41,12
"2022","70621",72,76
"2022","70622",21,13
"2022","70623",16,20
"2022","70624",35,17
"2022","70625",6,1
"2022","70626",2,0
"2022","70627",3,3
"2022","70628",6,5
"2022","70629",11,3
"2022","70630",60,31
"2022","70701",3,2
"2022","70702",4,3
"2022","70703",6,1
"2022","70704",6,8
"2022","70705",16,4
"2022","70706",4,0
"2022","70707",15,15
"2022","70708",13,9
"2022","70709",3,5
"2022","70710",3,6
"2022","70711",5,12
"2022","70712",16,10
"2022","70713",4,3
"2022","70714",3,6
"2022","70715",2,1
"2022","70716",185,105
"2022","70717",19,13
"2022","70718",1,4
"2022","70719",15,10
"2022","70720",8,6
"2022","70721",4,3
"2022","70723",5,5
"2022","70724",1,11
"2022","70725",3,7
"2022","70726",4,0
"2022","70727",3,1
"2022","70728",16,17
"2022","70729",6,4
"2022","70731",0,3
"2022","70732",12,1
"2022","70733",0,5
"2022","70734",12,7
"2022","70735",11,4
"2022","70801",15,6
"2022","70802",46,7
"2022","70803",24,10
"2022","70804",17,12
"2022","70805",55,25
"2022","70806",32,14
"2022","70807",117,77
"2022","70808",33,35
"2022","70809",4,2
"2022","70810",1,0
"2022","70811",37,25
"2022","70812",0,1
"2022","70813",8,2
"2022","70814",20,14
"2022","70815",NA,NA
"2022","70816",13,11
"2022","70817",8,3
"2022","70818",26,28
"2022","70819",1,3
"2022","70820",47,25
"2022","70821",47,28
"2022","70822",3,1
"2022","70823",NA,NA
"2022","70824",18,16
"2022","70825",1,1
"2022","70826",40,25
"2022","70827",14,13
"2022","70828",190,107
"2022","70829",23,11
"2022","70830",2,6
"2022","70831",0,2
"2022","70832",43,27
"2022","70833",44,27
"2022","70834",1,1
"2022","70835",24,13
"2022","70836",12,14
"2022","70837",12,3
"2022","70901",91,38
"2022","70902",37,27
"2022","70903",3,1
"2022","70904",16,5
"2022","70905",22,27
"2022","70907",193,99
"2022","70908",47,38
"2022","70909",151,84
"2022","70910",18,9
"2022","70911",4,0
"2022","70912",32,20
"2022","70913",4,3
"2022","70914",20,9
"2022","70915",11,12
"2022","70916",18,10
"2022","70917",189,55
"2022","70918",41,30
"2022","70920",170,101
"2022","70921",4,8
"2022","70922",37,22
"2022","70923",32,22
"2022","70924",1,1
"2022","70925",11,16
"2022","70926",319,165
"2022","70927",79,28
"2022","70928",34,16
"2022","70929",17,11
"2022","70930",9,5
"2022","70931",24,19
"2022","70932",2,7
"2022","70933",31,17
"2022","70934",63,41
"2022","70935",42,23
"2022","70936",275,63
"2022","70937",42,21
"2022","70938",17,6
"2022","70939",28,8
"2022","70940",33,10
"2022","70941",6,6
"2022","80101",65,24
"2022","80102",5,1
"2022","80103",362,238
"2022","80104",67,25
"2022","80105",153,23
"2022","80106",69,36
"2022","80107",5,9
"2022","80108",29,29
"2022","80109",7,8
"2022","80110",359,50
"2022","80111",21,11
"2022","80112",28,14
"2022","80113",62,53
"2022","80114",3,14
"2022","80115",78,55
"2022","80116",630,61
"2022","80117",57,29
"2022","80118",1,4
"2022","80119",6,7
"2022","80120",39,29
"2022","80121",4,8
"2022","80122",134,77
"2022","80123",13,4
"2022","80124",4,2
"2022","80125",8,9
"2022","80126",26,24
"2022","80127",4,1
"2022","80128",42,30
"2022","80129",32,15
"2022","80201",32,30
"2022","80202",50,30
"2022","80203",45,27
"2022","80204",49,23
"2022","80205",19,7
"2022","80206",22,16
"2022","80207",761,598
"2022","80208",10,11
"2022","80209",19,17
"2022","80210",25,16
"2022","80211",23,21
"2022","80212",11,6
"2022","80213",71,46
"2022","80214",25,16
"2022","80215",217,234
"2022","80216",41,29
"2022","80217",164,115
"2022","80218",112,103
"2022","80219",31,20
"2022","80220",22,27
"2022","80221",19,16
"2022","80222",16,15
"2022","80223",15,11
"2022","80224",155,136
"2022","80225",14,22
"2022","80226",192,159
"2022","80227",27,14
"2022","80228",443,375
"2022","80229",7,12
"2022","80230",30,12
"2022","80231",37,17
"2022","80232",28,23
"2022","80233",15,10
"2022","80234",7,2
"2022","80235",44,43
"2022","80236",40,22
"2022","80237",7,3
"2022","80238",46,32
"2022","80239",21,17
"2022","80240",209,97
"2022","80301",1300,917
"2022","80302",327,256
"2022","80303",498,389
"2022","80401",86,63
"2022","80402",4,2
"2022","80403",4,1
"2022","80404",1018,734
"2022","80405",165,139
"2022","80406",5,4
"2022","80407",61,43
"2022","80408",222,142
"2022","80409",81,54
"2022","80410",45,31
"2022","80411",29,13
"2022","80412",67,41
"2022","80413",51,51
"2022","80414",191,160
"2022","80415",NA,NA
"2022","80416",47,38
"2022","80417",21,15
"2022","80418",48,25
"2022","80419",7,4
"2022","80420",35,50
"2022","80421",14,4
"2022","80422",4,4
"2022","80423",46,29
"2022","80424",58,31
"2022","90101",1865,615
"2022","90201",7159,3581
"2022","90301",6238,2645
"2022","90401",2520,1114
"2022","90501",3343,1459
"2022","90601",2234,940
"2022","90701",2089,1037
"2022","90801",2659,1334
"2022","90901",5110,1493
"2022","91001",9084,4465
"2022","91101",3868,1740
"2022","91201",4352,2141
"2022","91301",1835,751
"2022","91401",3597,1484
"2022","91501",4305,2477
"2022","91601",4380,2575
"2022","91701",2420,1498
"2022","91801",2585,1230
"2022","91901",4193,1699
"2022","92001",4964,2569
"2022","92101",4654,2300
"2022","92201",6343,2902
"2022","92301",2471,1122
"2023","10101",616,300
"2023","10201",11,4
"2023","10301",12,13
"2023","10302",12,13
"2023","10303",17,2
"2023","10304",27,12
"2023","10305",197,33
"2023","10306",3,5
"2023","10307",7,6
"2023","10308",9,4
"2023","10309",24,16
"2023","10310",11,3
"2023","10311",7,11
"2023","10312",17,35
"2023","10313",10,11
"2023","10314",15,18
"2023","10315",21,19
"2023","10316",11,43
"2023","10317",18,2
"2023","10318",19,8
"2023","10319",13,18
"2023","10320",1,3
"2023","10321",3,6
"2023","10322",5,18
"2023","10323",2,14
"2023","10401",4,0
"2023","10402",25,57
"2023","10403",6,6
"2023","10404",3,2
"2023","10405",33,24
"2023","10406",0,3
"2023","10407",2,2
"2023","10408",10,3
"2023","10409",4,16
"2023","10410",1,1
"2023","10411",7,0
"2023","10412",7,5
"2023","10413",2,4
"2023","10414",36,33
"2023","10415",22,14
"2023","10416",5,0
"2023","10417",7,6
"2023","10418",4,1
"2023","10419",13,6
"2023","10420",6,0
"2023","10421",2,3
"2023","10422",NA,NA
"2023","10423",NA,NA
"2023","10424",3,1
"2023","10425",NA,NA
"2023","10426",7,3
"2023","10427",4,1
"2023","10428",1,1
"2023","10501",6,6
"2023","10502",3,2
"2023","10503",21,16
"2023","10504",32,11
"2023","10505",1,3
"2023","10506",16,7
"2023","10507",3,3
"2023","10508",10,25
"2023","10509",4,3
"2023","10510",7,3
"2023","10511",2,2
"2023","10512",2,0
"2023","10601",10,2
"2023","10602",6,8
"2023","10603",26,2
"2023","10604",8,12
"2023","10605",18,16
"2023","10606",68,63
"2023","10607",41,37
"2023","10608",4,4
"2023","10609",14,20
"2023","10610",25,18
"2023","10611",13,11
"2023","10612",12,22
"2023","10613",8,9
"2023","10614",8,9
"2023","10615",14,13
"2023","10616",6,2
"2023","10617",12,4
"2023","10618",18,22
"2023","10619",5,1
"2023","10701",28,13
"2023","10702",2,14
"2023","10703",18,23
"2023","10704",4,4
"2023","10705",38,26
"2023","10706",22,7
"2023","10707",19,32
"2023","10708",12,6
"2023","10709",7,12
"2023","10710",10,11
"2023","10711",126,53
"2023","10712",9,8
"2023","10713",150,97
"2023","10714",28,39
"2023","10715",10,11
"2023","10716",11,11
"2023","10717",46,66
"2023","10718",24,14
"2023","10719",8,13
"2023","10720",10,12
"2023","10721",16,9
"2023","10722",22,33
"2023","10723",7,6
"2023","10724",27,17
"2023","10725",7,7
"2023","10726",4,3
"2023","10727",18,7
"2023","10801",20,32
"2023","10802",4,4
"2023","10803",24,10
"2023","10804",16,6
"2023","10805",17,14
"2023","10806",0,1
"2023","10807",5,5
"2023","10808",3,11
"2023","10809",17,9
"2023","10810",13,5
"2023","10811",21,11
"2023","10812",5,3
"2023","10813",5,3
"2023","10814",7,8
"2023","10815",8,6
"2023","10816",25,23
"2023","10817",NA,NA
"2023","10818",4,0
"2023","10819",5,1
"2023","10820",5,4
"2023","10821",7,6
"2023","10822",6,10
"2023","10823",12,1
"2023","10824",1,2
"2023","10825",5,5
"2023","10826",3,1
"2023","10827",2,9
"2023","10828",0,2
"2023","10901",24,12
"2023","10902",28,36
"2023","10903",1,4
"2023","10904",5,2
"2023","10905",18,22
"2023","10906",5,2
"2023","10907",15,14
"2023","10908",6,4
"2023","10909",4,1
"2023","10910",9,8
"2023","10911",0,2
"2023","10912",20,12
"2023","10913",7,4
"2023","10914",2,3
"2023","10915",4,4
"2023","10916",37,25
"2023","10917",171,100
"2023","10918",66,72
"2023","10919",46,36
"2023","10920",11,19
"2023","10921",1,4
"2023","10922",13,19
"2023","10923",37,0
"2023","10924",6,0
"2023","10925",7,10
"2023","10926",5,5
"2023","10927",7,8
"2023","10928",27,16
"2023","10929",NA,NA
"2023","10930",2,3
"2023","10931",NA,NA
"2023","10932",6,2
"2023","20101",2508,1526
"2023","20201",2551,924
"2023","20302",9,3
"2023","20305",120,54
"2023","20306",34,17
"2023","20307",43,38
"2023","20316",10,6
"2023","20320",15,6
"2023","20321",2,3
"2023","20402",72,39
"2023","20403",18,10
"2023","20405",126,80
"2023","20409",14,8
"2023","20412",33,25
"2023","20414",14,3
"2023","20415",71,62
"2023","20416",8,3
"2023","20417",29,15
"2023","20418",31,21
"2023","20419",30,12
"2023","20421",13,16
"2023","20424",48,32
"2023","20425",21,12
"2023","20428",5,2
"2023","20432",35,30
"2023","20435",18,14
"2023","20441",7,2
"2023","20442",23,15
"2023","20501",74,45
"2023","20502",25,17
"2023","20503",6,8
"2023","20504",8,6
"2023","20505",35,35
"2023","20506",10,4
"2023","20508",9,1
"2023","20509",13,7
"2023","20511",11,4
"2023","20512",23,10
"2023","20513",17,3
"2023","20515",19,24
"2023","20518",1,4
"2023","20519",6,9
"2023","20520",1,4
"2023","20523",22,36
"2023","20527",204,106
"2023","20530",9,3
"2023","20531",12,15
"2023","20534",20,11
"2023","20601",71,55
"2023","20602",9,8
"2023","20603",12,1
"2023","20604",15,6
"2023","20605",9,4
"2023","20607",10,4
"2023","20608",16,10
"2023","20609",7,3
"2023","20610",5,4
"2023","20611",12,11
"2023","20613",17,12
"2023","20616",4,5
"2023","20618",22,4
"2023","20619",5,3
"2023","20620",54,26
"2023","20622",2,6
"2023","20624",2,3
"2023","20625",4,13
"2023","20627",23,22
"2023","20630",61,32
"2023","20631",5,4
"2023","20632",7,6
"2023","20633",14,3
"2023","20634",67,40
"2023","20635",219,154
"2023","20636",9,0
"2023","20637",23,3
"2023","20638",16,39
"2023","20639",16,5
"2023","20640",5,4
"2023","20642",25,17
"2023","20643",11,12
"2023","20644",11,28
"2023","20701",20,4
"2023","20702",74,47
"2023","20703",7,3
"2023","20705",30,27
"2023","20707",3,1
"2023","20708",20,6
"2023","20710",7,2
"2023","20711",167,188
"2023","20712",5,4
"2023","20713",90,77
"2023","20719",8,6
"2023","20720",23,13
"2023","20721",6,6
"2023","20722",63,13
"2023","20723",6,2
"2023","20724",74,50
"2023","20725",166,85
"2023","20726",22,14
"2023","20727",34,8
"2023","20801",40,26
"2023","20802",5,4
"2023","20803",25,18
"2023","20804",18,28
"2023","20805",15,8
"2023","20806",14,3
"2023","20807",7,3
"2023","20808",34,14
"2023","20810",2,2
"2023","20812",10,4
"2023","20813",83,51
"2023","20815",8,5
"2023","20817",69,57
"2023","20901",27,16
"2023","20905",24,10
"2023","20909",13,13
"2023","20911",7,1
"2023","20912",11,10
"2023","20913",49,44
"2023","20914",1,3
"2023","20918",10,10
"2023","20923",188,115
"2023","21001",6,1
"2023","21002",104,88
"2023","21003",10,6
"2023","21004",9,9
"2023","21005",8,5
"2023","21006",1892,11
"2023","21007",49,9
"2023","21008",34,33
"2023","21009",51,35
"2023","21010",14,10
"2023","30101",723,635
"2023","30201",1181,873
"2023","30301",89,74
"2023","30401",950,803
"2023","30501",11,4
"2023","30502",361,270
"2023","30503",30,14
"2023","30504",15,29
"2023","30506",19,21
"2023","30507",3,3
"2023","30508",33,33
"2023","30509",8,7
"2023","30510",2,2
"2023","30511",9,1
"2023","30512",3,1
"2023","30514",122,90
"2023","30515",5,2
"2023","30516",8,4
"2023","30517",30,23
"2023","30520",8,4
"2023","30521",3,5
"2023","30522",14,11
"2023","30524",9,14
"2023","30526",2,0
"2023","30527",11,19
"2023","30529",26,27
"2023","30530",15,4
"2023","30531",99,77
"2023","30532",20,24
"2023","30533",27,26
"2023","30534",6,15
"2023","30536",6,12
"2023","30538",24,14
"2023","30539",11,4
"2023","30541",3,7
"2023","30542",59,43
"2023","30543",19,9
"2023","30544",6,3
"2023","30601",34,32
"2023","30602",49,74
"2023","30603",197,143
"2023","30604",361,304
"2023","30605",113,82
"2023","30607",140,103
"2023","30608",22,12
"2023","30609",3,5
"2023","30612",7,12
"2023","30613",45,31
"2023","30614",8,9
"2023","30615",60,175
"2023","30616",9,3
"2023","30618",89,42
"2023","30620",66,42
"2023","30621",14,13
"2023","30623",38,44
"2023","30625",29,22
"2023","30626",90,79
"2023","30627",37,23
"2023","30629",40,21
"2023","30631",9,11
"2023","30633",4,2
"2023","30635",13,13
"2023","30636",26,25
"2023","30637",16,15
"2023","30639",1928,391
"2023","30641",66,40
"2023","30645",19,30
"2023","30646",23,24
"2023","30701",14,17
"2023","30702",23,27
"2023","30703",20,22
"2023","30704",97,93
"2023","30706",18,37
"2023","30708",4,8
"2023","30709",20,13
"2023","30710",231,131
"2023","30711",17,12
"2023","30712",1,3
"2023","30713",18,10
"2023","30715",6,4
"2023","30716",63,45
"2023","30718",2,2
"2023","30719",25,17
"2023","30721",7,17
"2023","30722",7,8
"2023","30724",12,25
"2023","30726",14,13
"2023","30728",31,29
"2023","30729",65,35
"2023","30730",76,71
"2023","30731",31,43
"2023","30732",77,57
"2023","30733",26,11
"2023","30734",14,23
"2023","30735",57,65
"2023","30736",30,35
"2023","30737",10,12
"2023","30738",6,11
"2023","30739",38,29
"2023","30740",2851,325
"2023","30741",33,9
"2023","30801",16,22
"2023","30802",55,42
"2023","30803",20,20
"2023","30804",28,13
"2023","30805",9,18
"2023","30808",128,101
"2023","30810",14,30
"2023","30811",11,16
"2023","30812",8,29
"2023","30813",29,24
"2023","30814",27,29
"2023","30817",125,97
"2023","30819",11,2
"2023","30821",98,127
"2023","30822",0,2
"2023","30824",14,17
"2023","30825",22,18
"2023","30826",4,1
"2023","30827",41,31
"2023","30828",2,1
"2023","30829",1,4
"2023","30830",29,20
"2023","30831",40,32
"2023","30834",43,41
"2023","30835",71,44
"2023","30836",10,8
"2023","30838",14,12
"2023","30841",8,5
"2023","30842",15,7
"2023","30844",24,20
"2023","30845",6,11
"2023","30846",0,1
"2023","30848",4,3
"2023","30849",15,22
"2023","30850",2,9
"2023","30852",19,7
"2023","30854",2,0
"2023","30856",106,111
"2023","30857",5,5
"2023","30858",16,12
"2023","30859",2,1
"2023","30860",15,7
"2023","30863",32,33
"2023","30865",7,11
"2023","30902",NA,NA
"2023","30903",15,7
"2023","30904",1,2
"2023","30906",2,5
"2023","30908",86,62
"2023","30909",2,5
"2023","30910",3,6
"2023","30912",4,3
"2023","30913",5,3
"2023","30915",0,2
"2023","30916",11,17
"2023","30917",NA,NA
"2023","30920",8,3
"2023","30921",3,9
"2023","30925",9,18
"2023","30929",5,1
"2023","30932",8,4
"2023","30935",25,19
"2023","30939",3,8
"2023","30940",2,1
"2023","30942",8,4
"2023","31001",2,6
"2023","31008",18,30
"2023","31009",7,10
"2023","31014",2,8
"2023","31015",4,10
"2023","31016",2,4
"2023","31018",4,10
"2023","31019",4,7
"2023","31021",2,0
"2023","31022",111,134
"2023","31025",NA,NA
"2023","31026",9,5
"2023","31028",3,8
"2023","31033",2,4
"2023","31035",3,2
"2023","31036",2,10
"2023","31037",29,20
"2023","31038",11,4
"2023","31041",2,1
"2023","31042",3,3
"2023","31043",6,7
"2023","31051",7,21
"2023","31052",10,8
"2023","31053",10,6
"2023","31101",1,5
"2023","31102",1,1
"2023","31103",3,1
"2023","31104",1,4
"2023","31105",36,41
"2023","31106",13,22
"2023","31107",5,13
"2023","31109",68,52
"2023","31110",1,3
"2023","31111",2,1
"2023","31113",3,7
"2023","31114",2,0
"2023","31117",0,1
"2023","31119",0,3
"2023","31120",2,2
"2023","31121",6,12
"2023","31123",1,1
"2023","31124",9,4
"2023","31129",3,3
"2023","31130",NA,NA
"2023","31201",34,46
"2023","31202",5,11
"2023","31203",14,15
"2023","31204",3,4
"2023","31205",9,7
"2023","31206",26,34
"2023","31207",4,12
"2023","31208",10,10
"2023","31213",518,276
"2023","31214",67,60
"2023","31215",6,6
"2023","31216",45,34
"2023","31224",4,2
"2023","31226",17,12
"2023","31227",15,7
"2023","31228",1,0
"2023","31229",2,12
"2023","31230",193,159
"2023","31234",3,1
"2023","31235",141,166
"2023","31301",2,0
"2023","31302",2,1
"2023","31303",4,1
"2023","31304",15,5
"2023","31308",8,16
"2023","31309",23,25
"2023","31310",9,5
"2023","31311",13,17
"2023","31315",11,8
"2023","31319",6,9
"2023","31321",4,8
"2023","31322",53,54
"2023","31323",5,5
"2023","31324",1,3
"2023","31326",4,2
"2023","31327",15,18
"2023","31330",5,4
"2023","31333",5,20
"2023","31336",7,14
"2023","31337",9,12
"2023","31338",10,31
"2023","31340",3,4
"2023","31343",21,10
"2023","31344",18,18
"2023","31346",15,16
"2023","31347",8,6
"2023","31350",NA,NA
"2023","31351",8,7
"2023","31355",14,6
"2023","31356",0,1
"2023","31401",5,7
"2023","31402",11,3
"2023","31403",51,40
"2023","31404",19,22
"2023","31405",11,10
"2023","31406",8,7
"2023","31407",27,28
"2023","31408",18,9
"2023","31409",11,9
"2023","31410",7,6
"2023","31411",8,4
"2023","31412",32,20
"2023","31413",71,34
"2023","31414",8,14
"2023","31502",2,4
"2023","31503",9,12
"2023","31504",5,2
"2023","31505",30,34
"2023","31506",NA,NA
"2023","31507",14,6
"2023","31508",11,8
"2023","31509",14,3
"2023","31511",4,8
"2023","31513",7,5
"2023","31514",13,15
"2023","31515",NA,NA
"2023","31516",9,4
"2023","31517",17,9
"2023","31519",9,14
"2023","31520",42,14
"2023","31521",16,21
"2023","31522",20,14
"2023","31523",13,8
"2023","31524",66,42
"2023","31525",9,7
"2023","31527",29,17
"2023","31528",7,1
"2023","31530",8,13
"2023","31531",34,51
"2023","31533",67,37
"2023","31534",8,7
"2023","31535",1,2
"2023","31537",9,3
"2023","31539",27,19
"2023","31540",4,3
"2023","31541",4,5
"2023","31542",10,4
"2023","31543",2,0
"2023","31546",3,6
"2023","31549",84,60
"2023","31550",14,10
"2023","31551",7,8
"2023","31552",2,3
"2023","31553",15,9
"2023","31601",4,3
"2023","31603",3,6
"2023","31604",12,14
"2023","31605",6,8
"2023","31606",8,37
"2023","31608",4,2
"2023","31609",3,5
"2023","31611",NA,NA
"2023","31612",13,9
"2023","31613",3,3
"2023","31614",15,13
"2023","31615",8,5
"2023","31616",4,1
"2023","31617",22,14
"2023","31620",6,11
"2023","31621",14,19
"2023","31622",8,9
"2023","31627",6,18
"2023","31628",13,9
"2023","31629",47,60
"2023","31630",12,5
"2023","31633",86,110
"2023","31634",2,16
"2023","31636",1,2
"2023","31642",14,16
"2023","31644",60,72
"2023","31645",11,6
"2023","31646",17,20
"2023","31649",3,1
"2023","31650",9,16
"2023","31651",11,18
"2023","31652",2,0
"2023","31653",5,5
"2023","31654",7,6
"2023","31655",41,41
"2023","31658",3,1
"2023","31701",31,12
"2023","31702",21,37
"2023","31703",60,50
"2023","31704",142,128
"2023","31706",11,14
"2023","31707",24,22
"2023","31709",52,27
"2023","31710",116,80
"2023","31711",5,12
"2023","31712",56,58
"2023","31713",19,26
"2023","31714",24,5
"2023","31715",49,38
"2023","31716",120,97
"2023","31717",309,246
"2023","31718",22,19
"2023","31719",140,127
"2023","31723",79,84
"2023","31725",145,109
"2023","31726",16,31
"2023","31801",1,0
"2023","31802",11,7
"2023","31803",3,5
"2023","31804",3,2
"2023","31805",3,4
"2023","31806",1,0
"2023","31807",6,0
"2023","31808",8,5
"2023","31809",2,1
"2023","31810",60,57
"2023","31811",13,15
"2023","31812",10,5
"2023","31813",28,9
"2023","31814",22,25
"2023","31815",15,4
"2023","31817",8,4
"2023","31818",167,144
"2023","31820",4,3
"2023","31821",26,30
"2023","31823",16,7
"2023","31825",0,3
"2023","31826",25,20
"2023","31827",0,1
"2023","31829",211,29
"2023","31830",3,2
"2023","31831",19,9
"2023","31832",8,11
"2023","31833",15,10
"2023","31834",0,2
"2023","31835",19,43
"2023","31836",18,20
"2023","31837",3,3
"2023","31838",48,49
"2023","31839",124,81
"2023","31840",10,5
"2023","31841",NA,NA
"2023","31842",1,0
"2023","31843",6,7
"2023","31844",4,8
"2023","31845",11,3
"2023","31846",24,17
"2023","31847",3,9
"2023","31848",5,5
"2023","31849",2,8
"2023","31901",30,17
"2023","31902",24,17
"2023","31903",32,30
"2023","31904",3,9
"2023","31905",53,44
"2023","31906",9,4
"2023","31907",73,42
"2023","31909",7,11
"2023","31910",8,13
"2023","31911",4,10
"2023","31912",76,62
"2023","31913",9,11
"2023","31915",6,10
"2023","31916",25,14
"2023","31917",7,10
"2023","31918",11,10
"2023","31919",12,3
"2023","31920",1,3
"2023","31921",26,27
"2023","31922",14,12
"2023","31923",5,2
"2023","31925",2,3
"2023","31926",192,111
"2023","31927",13,11
"2023","31928",2,10
"2023","31929",43,32
"2023","31930",11,14
"2023","31932",23,14
"2023","31934",16,19
"2023","31935",8,11
"2023","31938",4,6
"2023","31939",NA,NA
"2023","31940",11,8
"2023","31941",7,4
"2023","31943",127,60
"2023","31945",3,4
"2023","31946",7,3
"2023","31947",74,38
"2023","31948",44,31
"2023","31949",47,28
"2023","31950",30,21
"2023","31951",82,69
"2023","31952",115,107
"2023","31953",17,34
"2023","31954",13,5
"2023","32001",31,32
"2023","32002",15,17
"2023","32003",18,19
"2023","32004",0,3
"2023","32005",13,6
"2023","32006",1,2
"2023","32007",1,1
"2023","32008",32,36
"2023","32009",9,9
"2023","32010",0,7
"2023","32011",4,2
"2023","32012",6,0
"2023","32013",31,33
"2023","32014",10,2
"2023","32015",2,0
"2023","32016",116,79
"2023","32017",21,9
"2023","32018",4,4
"2023","32101",34,50
"2023","32104",21,19
"2023","32106",21,10
"2023","32107",16,19
"2023","32109",2,1
"2023","32110",4,7
"2023","32112",57,37
"2023","32114",17,13
"2023","32115",7,9
"2023","32116",8,13
"2023","32119",21,12
"2023","32120",74,55
"2023","32131",82,56
"2023","32132",26,17
"2023","32134",20,23
"2023","32135",284,246
"2023","32139",10,12
"2023","32140",8,18
"2023","32141",35,23
"2023","32142",89,96
"2023","32143",4,5
"2023","32144",540,388
"2023","32202",6,3
"2023","32203",5,3
"2023","32206",NA,NA
"2023","32207",30,21
"2023","32209",49,46
"2023","32210",3,8
"2023","32212",0,1
"2023","32214",0,3
"2023","32216",52,69
"2023","32217",1,5
"2023","32219",1,10
"2023","32220",36,15
"2023","32221",NA,NA
"2023","32222",2,0
"2023","32223",1,2
"2023","32301",19,16
"2023","32302",3,0
"2023","32304",42,57
"2023","32305",35,33
"2023","32306",11,15
"2023","32307",51,33
"2023","32308",14,20
"2023","32309",7,2
"2023","32310",1,1
"2023","32311",3,15
"2023","32312",1,1
"2023","32313",8,18
"2023","32314",12,8
"2023","32315",21,38
"2023","32316",26,29
"2023","32317",3,0
"2023","32318",22,20
"2023","32319",20,20
"2023","32320",4,6
"2023","32321",2,3
"2023","32322",0,3
"2023","32323",17,25
"2023","32324",0,3
"2023","32325",5,7
"2023","32326",10,2
"2023","32327",44,46
"2023","32330",41,41
"2023","32331",4,5
"2023","32332",23,35
"2023","32333",2,0
"2023","32334",4,3
"2023","32335",5,2
"2023","32336",14,6
"2023","32337",24,33
"2023","32338",7,11
"2023","32501",7,4
"2023","32502",7,0
"2023","32503",1,1
"2023","32504",6,8
"2023","32505",11,8
"2023","32506",1,3
"2023","32508",59,59
"2023","32509",3,2
"2023","32511",1,1
"2023","32514",2,1
"2023","32515",2,3
"2023","32516",6,1
"2023","32517",4,13
"2023","32518",7,6
"2023","32519",NA,NA
"2023","32520",9,0
"2023","32521",3,0
"2023","32522",6,2
"2023","32523",1,3
"2023","32524",8,7
"2023","32525",3,11
"2023","32528",0,3
"2023","32529",1,5
"2023","32530",85,57
"2023","40101",6107,4171
"2023","40201",688,460
"2023","40301",1983,1077
"2023","40401",71,56
"2023","40402",38,24
"2023","40403",13,12
"2023","40404",545,391
"2023","40405",74,32
"2023","40406",83,43
"2023","40407",12,16
"2023","40408",6,13
"2023","40409",14,12
"2023","40410",8,8
"2023","40411",8,1
"2023","40412",19,7
"2023","40413",175,134
"2023","40414",94,54
"2023","40415",7,15
"2023","40416",24,18
"2023","40417",8,5
"2023","40418",91,43
"2023","40419",30,12
"2023","40420",15,11
"2023","40421",319,241
"2023","40422",81,66
"2023","40423",3,4
"2023","40424",18,5
"2023","40425",28,24
"2023","40426",73,53
"2023","40427",20,15
"2023","40428",26,19
"2023","40429",7,2
"2023","40430",4,11
"2023","40431",97,83
"2023","40432",56,25
"2023","40433",14,2
"2023","40434",1,3
"2023","40435",3,3
"2023","40436",26,26
"2023","40437",50,30
"2023","40438",89,51
"2023","40439",10,5
"2023","40440",3,1
"2023","40441",71,51
"2023","40442",6,6
"2023","40443",20,11
"2023","40444",15,2
"2023","40445",15,4
"2023","40446",7,10
"2023","40501",54,50
"2023","40502",30,29
"2023","40503",99,73
"2023","40504",34,20
"2023","40505",13,4
"2023","40506",11,9
"2023","40507",45,38
"2023","40508",32,22
"2023","40509",49,34
"2023","40510",12,17
"2023","40511",30,27
"2023","40512",3,3
"2023","40601",62,68
"2023","40602",7,9
"2023","40603",16,10
"2023","40604",24,8
"2023","40605",6,5
"2023","40606",2,0
"2023","40607",6,13
"2023","40608",4,14
"2023","40609",9,15
"2023","40610",4,13
"2023","40611",2,4
"2023","40612",4,8
"2023","40613",NA,NA
"2023","40614",38,9
"2023","40615",20,11
"2023","40616",5,7
"2023","40617",1,0
"2023","40618",23,34
"2023","40619",3,1
"2023","40620",3,6
"2023","40621",9,3
"2023","40622",5,4
"2023","40623",3,7
"2023","40624",14,13
"2023","40625",3,2
"2023","40626",11,2
"2023","40627",19,13
"2023","40701",113,73
"2023","40702",55,52
"2023","40703",169,151
"2023","40704",76,35
"2023","40705",253,189
"2023","40706",79,39
"2023","40707",35,25
"2023","40708",15,6
"2023","40709",27,16
"2023","40710",14,11
"2023","40711",120,85
"2023","40712",25,22
"2023","40713",213,69
"2023","40714",102,53
"2023","40715",15,8
"2023","40716",8,6
"2023","40717",79,31
"2023","40718",17,22
"2023","40719",30,21
"2023","40720",59,30
"2023","40801",14,10
"2023","40802",135,73
"2023","40804",3,0
"2023","40805",83,43
"2023","40806",26,9
"2023","40807",16,4
"2023","40808",64,42
"2023","40809",31,11
"2023","40810",0,1
"2023","40811",35,7
"2023","40812",15,24
"2023","40813",9,1
"2023","40814",5,2
"2023","40815",4,3
"2023","40816",22,4
"2023","40817",5,6
"2023","40818",24,13
"2023","40820",NA,NA
"2023","40821",2,3
"2023","40822",15,14
"2023","40823",7,9
"2023","40824",15,4
"2023","40825",11,5
"2023","40826",NA,NA
"2023","40827",15,17
"2023","40828",3,3
"2023","40829",11,6
"2023","40830",7,1
"2023","40831",59,31
"2023","40832",21,11
"2023","40833",3,14
"2023","40834",2,2
"2023","40835",25,23
"2023","40901",15,12
"2023","40902",59,54
"2023","40903",14,9
"2023","40904",7,8
"2023","40905",88,59
"2023","40906",7,11
"2023","40907",199,62
"2023","40908",56,35
"2023","40909",21,24
"2023","40910",20,12
"2023","40911",2,6
"2023","40912",33,28
"2023","40913",25,10
"2023","40914",1,3
"2023","40915",9,7
"2023","40916",11,3
"2023","40917",16,13
"2023","40918",21,9
"2023","40919",0,3
"2023","40920",33,15
"2023","40921",2,1
"2023","40922",21,17
"2023","40923",33,18
"2023","41001",45,26
"2023","41002",397,271
"2023","41003",105,58
"2023","41004",5,1
"2023","41005",297,184
"2023","41006",4,1
"2023","41007",143,99
"2023","41008",41,9
"2023","41009",71,61
"2023","41010",12,9
"2023","41011",24,31
"2023","41012",384,294
"2023","41013",31,34
"2023","41014",77,62
"2023","41015",17,6
"2023","41016",14,6
"2023","41017",125,100
"2023","41018",7,3
"2023","41019",34,16
"2023","41020",61,45
"2023","41021",678,433
"2023","41022",73,55
"2023","41101",3,0
"2023","41102",30,19
"2023","41103",13,19
"2023","41104",8,6
"2023","41105",30,24
"2023","41106",25,21
"2023","41107",4,1
"2023","41108",234,187
"2023","41109",38,25
"2023","41110",27,26
"2023","41111",69,57
"2023","41112",15,12
"2023","41113",30,25
"2023","41114",50,53
"2023","41115",5,1
"2023","41116",166,80
"2023","41117",4,2
"2023","41118",13,9
"2023","41119",1,1
"2023","41120",31,21
"2023","41121",13,3
"2023","41122",5,3
"2023","41123",11,0
"2023","41124",73,43
"2023","41125",8,10
"2023","41126",22,11
"2023","41201",15,8
"2023","41202",26,21
"2023","41203",53,24
"2023","41204",48,21
"2023","41205",5,3
"2023","41206",2,6
"2023","41207",74,49
"2023","41208",34,21
"2023","41209",11,7
"2023","41210",11,15
"2023","41211",10,2
"2023","41212",13,17
"2023","41213",20,6
"2023","41214",21,17
"2023","41215",15,13
"2023","41216",5,1
"2023","41217",3,2
"2023","41218",30,13
"2023","41219",70,50
"2023","41220",31,15
"2023","41221",5,11
"2023","41222",3,3
"2023","41223",3,3
"2023","41224",81,30
"2023","41225",412,229
"2023","41226",6,3
"2023","41227",0,4
"2023","41228",51,27
"2023","41229",11,7
"2023","41230",11,1
"2023","41231",7,7
"2023","41232",16,2
"2023","41233",15,8
"2023","41234",27,19
"2023","41235",4,7
"2023","41236",4,2
"2023","41304",16,6
"2023","41305",5,3
"2023","41306",0,1
"2023","41307",3,0
"2023","41309",12,13
"2023","41311",1,6
"2023","41312",15,5
"2023","41313",8,14
"2023","41314",9,5
"2023","41315",30,9
"2023","41316",3,7
"2023","41317",11,3
"2023","41318",16,7
"2023","41319",0,1
"2023","41320",1,1
"2023","41321",6,6
"2023","41322",4,4
"2023","41323",7,2
"2023","41324",11,8
"2023","41325",7,1
"2023","41326",10,2
"2023","41327",10,5
"2023","41328",5,4
"2023","41329",23,6
"2023","41331",1,1
"2023","41332",21,12
"2023","41333",0,2
"2023","41334",6,0
"2023","41336",1,5
"2023","41337",6,3
"2023","41338",11,11
"2023","41341",6,0
"2023","41342",39,17
"2023","41343",29,28
"2023","41344",49,32
"2023","41345",13,17
"2023","41346",6,1
"2023","41401",4,0
"2023","41402",42,26
"2023","41403",17,10
"2023","41404",14,3
"2023","41405",3,0
"2023","41406",12,8
"2023","41407",14,24
"2023","41408",8,9
"2023","41409",16,9
"2023","41410",84,40
"2023","41411",6,11
"2023","41412",0,2
"2023","41413",23,10
"2023","41414",13,16
"2023","41415",12,3
"2023","41416",21,15
"2023","41417",3,4
"2023","41418",57,25
"2023","41419",40,15
"2023","41420",1,3
"2023","41421",16,10
"2023","41422",183,104
"2023","41423",43,30
"2023","41424",20,12
"2023","41425",41,62
"2023","41426",14,28
"2023","41427",6,7
"2023","41428",13,9
"2023","41429",14,13
"2023","41430",25,28
"2023","41501",26,12
"2023","41502",2,3
"2023","41503",70,49
"2023","41504",20,17
"2023","41505",10,10
"2023","41506",85,46
"2023","41507",11,14
"2023","41508",4,0
"2023","41509",12,8
"2023","41510",1,2
"2023","41511",18,17
"2023","41512",8,2
"2023","41513",16,16
"2023","41514",76,42
"2023","41515",7,2
"2023","41516",101,64
"2023","41517",14,18
"2023","41518",12,3
"2023","41521",12,8
"2023","41522",67,30
"2023","41601",6,14
"2023","41602",14,22
"2023","41603",45,42
"2023","41604",7,4
"2023","41605",40,44
"2023","41606",32,29
"2023","41607",46,25
"2023","41608",1,4
"2023","41609",29,20
"2023","41610",1,0
"2023","41611",18,6
"2023","41612",9,4
"2023","41613",15,18
"2023","41614",15,13
"2023","41615",18,22
"2023","41616",0,2
"2023","41617",23,22
"2023","41618",44,24
"2023","41619",2,5
"2023","41620",2,6
"2023","41621",4,2
"2023","41622",12,7
"2023","41623",2,5
"2023","41624",122,101
"2023","41626",8,11
"2023","41627",21,5
"2023","41628",5,12
"2023","41701",80,29
"2023","41702",23,24
"2023","41703",237,124
"2023","41704",1,14
"2023","41705",8,2
"2023","41706",4,12
"2023","41707",4,7
"2023","41708",5,3
"2023","41709",147,45
"2023","41710",74,67
"2023","41711",36,33
"2023","41712",5,5
"2023","41713",70,43
"2023","41714",1,3
"2023","41715",193,87
"2023","41716",16,10
"2023","41717",2,6
"2023","41718",14,6
"2023","41719",12,19
"2023","41720",30,6
"2023","41721",9,8
"2023","41722",53,48
"2023","41723",9,8
"2023","41724",5,0
"2023","41725",1,2
"2023","41726",26,17
"2023","41727",2,6
"2023","41728",0,1
"2023","41729",NA,NA
"2023","41730",3,11
"2023","41731",78,53
"2023","41732",12,9
"2023","41733",NA,NA
"2023","41734",1145,107
"2023","41735",30,20
"2023","41736",11,7
"2023","41737",42,30
"2023","41738",144,96
"2023","41739",35,40
"2023","41740",13,5
"2023","41741",5,7
"2023","41742",58,20
"2023","41743",66,41
"2023","41744",1,6
"2023","41745",30,20
"2023","41746",195,125
"2023","41747",66,33
"2023","41748",0,15
"2023","41749",29,16
"2023","41750",7,15
"2023","41751",8,8
"2023","41752",13,7
"2023","41801",3,0
"2023","41802",6,11
"2023","41803",17,15
"2023","41804",25,21
"2023","41805",13,22
"2023","41806",22,23
"2023","41807",5,6
"2023","41808",39,32
"2023","41809",3,1
"2023","41810",10,9
"2023","41811",128,96
"2023","41812",222,155
"2023","41813",2,3
"2023","41814",13,11
"2023","41815",7,4
"2023","41816",23,21
"2023","41817",68,27
"2023","41818",13,7
"2023","41819",13,16
"2023","41820",104,53
"2023","41821",25,12
"2023","41822",12,12
"2023","41823",106,81
"2023","41824",31,15
"2023","50101",5576,4035
"2023","50201",57,46
"2023","50202",19,4
"2023","50203",20,9
"2023","50204",58,35
"2023","50205",287,220
"2023","50206",6,5
"2023","50207",87,52
"2023","50208",33,28
"2023","50209",222,154
"2023","50210",15,9
"2023","50211",12,11
"2023","50212",17,1
"2023","50213",18,13
"2023","50301",144,78
"2023","50302",21,27
"2023","50303",2502,63
"2023","50304",21,8
"2023","50305",86,33
"2023","50306",31,9
"2023","50307",36,4
"2023","50308",54,43
"2023","50309",96,58
"2023","50310",79,65
"2023","50311",24,9
"2023","50312",130,27
"2023","50313",6,5
"2023","50314",150,112
"2023","50315",53,30
"2023","50316",55,33
"2023","50317",38,38
"2023","50318",7,5
"2023","50319",78,46
"2023","50320",28,15
"2023","50321",40,27
"2023","50322",36,40
"2023","50323",49,29
"2023","50324",85,57
"2023","50325",16,14
"2023","50326",114,79
"2023","50327",87,49
"2023","50328",11,15
"2023","50329",42,16
"2023","50330",124,104
"2023","50331",16,8
"2023","50332",29,11
"2023","50335",123,70
"2023","50336",32,20
"2023","50337",47,48
"2023","50338",528,304
"2023","50339",134,115
"2023","50401",145,109
"2023","50402",116,93
"2023","50403",192,81
"2023","50404",118,91
"2023","50405",9,11
"2023","50406",43,40
"2023","50407",37,24
"2023","50408",74,52
"2023","50409",7,6
"2023","50410",10,12
"2023","50411",58,28
"2023","50412",51,24
"2023","50413",3,5
"2023","50414",11,9
"2023","50415",31,13
"2023","50416",16,17
"2023","50417",123,87
"2023","50418",268,145
"2023","50419",19,11
"2023","50420",30,29
"2023","50421",59,31
"2023","50422",6,5
"2023","50423",93,67
"2023","50424",40,34
"2023","50425",50,16
"2023","50501",1,1
"2023","50502",1,8
"2023","50503",19,15
"2023","50504",26,15
"2023","50505",0,4
"2023","50506",20,8
"2023","50507",5,1
"2023","50508",31,18
"2023","50509",60,29
"2023","50510",126,71
"2023","50511",4,1
"2023","50512",18,20
"2023","50513",10,4
"2023","50514",1,3
"2023","50515",2,11
"2023","50601",33,21
"2023","50602",99,81
"2023","50603",9,1
"2023","50604",11,6
"2023","50605",17,3
"2023","50606",131,99
"2023","50607",19,4
"2023","50608",26,13
"2023","50609",109,73
"2023","50610",28,13
"2023","50611",40,59
"2023","50612",73,45
"2023","50613",84,83
"2023","50614",38,31
"2023","50615",17,12
"2023","50616",52,40
"2023","50617",44,24
"2023","50618",103,73
"2023","50619",291,144
"2023","50620",24,16
"2023","50621",7,8
"2023","50622",22,11
"2023","50623",20,17
"2023","50624",30,21
"2023","50625",11,7
"2023","50626",23,28
"2023","50627",13,4
"2023","50628",337,208
"2023","60101",12147,6821
"2023","60305",17,7
"2023","60318",28,16
"2023","60323",10,8
"2023","60324",6,5
"2023","60326",6,7
"2023","60329",2,2
"2023","60341",5,1
"2023","60344",128,69
"2023","60345",42,31
"2023","60346",21,12
"2023","60347",15,4
"2023","60348",27,21
"2023","60349",18,4
"2023","60350",28,27
"2023","60351",14,15
"2023","60608",109,99
"2023","60611",26,15
"2023","60613",90,95
"2023","60617",43,26
"2023","60618",10,3
"2023","60619",16,22
"2023","60623",13,12
"2023","60624",116,74
"2023","60626",19,17
"2023","60628",25,6
"2023","60629",28,46
"2023","60632",30,28
"2023","60639",3,2
"2023","60641",5,2
"2023","60642",3,3
"2023","60645",13,11
"2023","60646",17,12
"2023","60647",NA,NA
"2023","60648",16,12
"2023","60651",16,6
"2023","60653",8,14
"2023","60654",11,6
"2023","60655",27,22
"2023","60656",13,9
"2023","60659",28,27
"2023","60660",31,12
"2023","60661",61,59
"2023","60662",26,27
"2023","60663",68,47
"2023","60664",77,75
"2023","60665",24,33
"2023","60666",22,13
"2023","60667",27,30
"2023","60668",11,18
"2023","60669",180,105
"2023","60670",177,78
"2023","61001",15,11
"2023","61002",27,3
"2023","61007",5,1
"2023","61008",17,2
"2023","61012",24,13
"2023","61013",3,6
"2023","61016",7,4
"2023","61017",9,5
"2023","61019",12,3
"2023","61020",17,5
"2023","61021",18,4
"2023","61024",7,7
"2023","61027",5,1
"2023","61030",6,5
"2023","61032",6,2
"2023","61033",19,8
"2023","61043",32,12
"2023","61045",78,43
"2023","61049",22,18
"2023","61050",35,30
"2023","61051",8,8
"2023","61052",7,9
"2023","61053",267,148
"2023","61054",9,8
"2023","61055",5,1
"2023","61057",16,13
"2023","61059",75,78
"2023","61060",17,19
"2023","61061",58,46
"2023","61101",34,12
"2023","61105",17,7
"2023","61106",19,15
"2023","61107",5,4
"2023","61108",993,639
"2023","61109",4,2
"2023","61110",13,2
"2023","61111",10,2
"2023","61112",2,5
"2023","61113",23,25
"2023","61114",8,2
"2023","61115",8,5
"2023","61116",6,7
"2023","61118",61,273
"2023","61119",3,3
"2023","61120",71,45
"2023","61203",9,1
"2023","61204",27,6
"2023","61205",21,6
"2023","61206",9,3
"2023","61207",84,56
"2023","61213",69,23
"2023","61215",17,12
"2023","61217",51,31
"2023","61222",9,6
"2023","61236",46,24
"2023","61243",8,19
"2023","61247",18,29
"2023","61251",1,0
"2023","61252",7,1
"2023","61253",34,26
"2023","61254",8,5
"2023","61255",77,41
"2023","61256",1,4
"2023","61257",26,18
"2023","61258",22,12
"2023","61259",198,93
"2023","61260",9,8
"2023","61261",10,8
"2023","61262",20,20
"2023","61263",49,40
"2023","61264",52,11
"2023","61265",104,67
"2023","61266",1,6
"2023","61267",48,37
"2023","61410",3,2
"2023","61413",4,0
"2023","61425",7,1
"2023","61428",3,0
"2023","61437",7,3
"2023","61438",44,47
"2023","61439",26,44
"2023","61440",3,13
"2023","61441",1,0
"2023","61442",18,5
"2023","61443",31,38
"2023","61444",13,5
"2023","61445",20,25
"2023","61446",9,3
"2023","61611",19,10
"2023","61612",13,13
"2023","61615",23,10
"2023","61618",40,11
"2023","61621",20,3
"2023","61624",8,3
"2023","61625",144,56
"2023","61626",35,30
"2023","61627",2,6
"2023","61628",2,4
"2023","61629",8,6
"2023","61630",3,1
"2023","61631",117,94
"2023","61632",19,22
"2023","61633",31,19
"2023","61701",8,23
"2023","61708",9,1
"2023","61710",2,6
"2023","61711",6,2
"2023","61716",11,5
"2023","61719",36,23
"2023","61727",23,21
"2023","61728",3,0
"2023","61729",2,3
"2023","61730",31,13
"2023","61731",5,1
"2023","61740",8,0
"2023","61741",17,1
"2023","61743",5,1
"2023","61744",1,1
"2023","61745",5,1
"2023","61746",24,14
"2023","61748",22,26
"2023","61750",12,2
"2023","61751",12,17
"2023","61756",22,23
"2023","61757",22,12
"2023","61758",3,3
"2023","61759",7,5
"2023","61760",92,101
"2023","61761",3,2
"2023","61762",6,7
"2023","61763",8,14
"2023","61764",14,7
"2023","61765",32,49
"2023","61766",187,119
"2023","62007",62,31
"2023","62008",11,4
"2023","62010",1,1
"2023","62014",5,6
"2023","62021",10,6
"2023","62026",7,1
"2023","62032",14,4
"2023","62034",4,2
"2023","62036",12,16
"2023","62038",130,113
"2023","62039",5,2
"2023","62040",187,88
"2023","62041",282,173
"2023","62042",14,5
"2023","62043",7,3
"2023","62044",25,17
"2023","62045",3,2
"2023","62046",8,4
"2023","62047",16,24
"2023","62048",12,9
"2023","62105",17,9
"2023","62115",15,6
"2023","62116",16,8
"2023","62125",25,14
"2023","62128",12,17
"2023","62131",819,135
"2023","62132",2,9
"2023","62135",9,9
"2023","62138",42,23
"2023","62139",189,210
"2023","62140",381,282
"2023","62141",526,66
"2023","62142",98,69
"2023","62143",83,78
"2023","62144",29,10
"2023","62145",67,52
"2023","62146",31,24
"2023","62147",17,13
"2023","62148",4,6
"2023","62202",18,10
"2023","62205",4,1
"2023","62206",18,5
"2023","62209",2,1
"2023","62211",11,9
"2023","62214",5,6
"2023","62216",5,3
"2023","62219",67,39
"2023","62220",14,25
"2023","62226",33,11
"2023","62232",1,0
"2023","62233",7,7
"2023","62235",4,6
"2023","62242",0,5
"2023","62244",23,10
"2023","62245",2,3
"2023","62247",1,2
"2023","62256",15,10
"2023","62262",5,4
"2023","62264",30,19
"2023","62265",1,1
"2023","62266",9,7
"2023","62268",3,10
"2023","62269",14,19
"2023","62270",4,3
"2023","62271",6,5
"2023","62272",10,9
"2023","62273",6,14
"2023","62274",48,21
"2023","62275",14,20
"2023","62276",8,3
"2023","62277",5,6
"2023","62278",29,20
"2023","62279",4,7
"2023","62280",148,78
"2023","62311",8,2
"2023","62314",2,1
"2023","62326",4,1
"2023","62330",5,3
"2023","62332",2,3
"2023","62335",2,5
"2023","62343",11,5
"2023","62368",7,8
"2023","62372",4,2
"2023","62375",75,93
"2023","62376",38,42
"2023","62377",3,1
"2023","62378",39,36
"2023","62379",192,107
"2023","62380",11,27
"2023","62381",6,11
"2023","62382",17,15
"2023","62383",28,25
"2023","62384",3,9
"2023","62385",2,4
"2023","62386",47,38
"2023","62387",9,4
"2023","62388",7,7
"2023","62389",8,6
"2023","62390",21,13
"2023","70101",5664,3829
"2023","70201",33,26
"2023","70202",41,43
"2023","70203",159,164
"2023","70204",4,0
"2023","70205",6,14
"2023","70206",NA,NA
"2023","70207",1,0
"2023","70208",145,94
"2023","70209",55,34
"2023","70210",2,3
"2023","70211",21,32
"2023","70212",30,24
"2023","70213",41,49
"2023","70214",25,34
"2023","70215",15,5
"2023","70216",19,23
"2023","70217",39,62
"2023","70218",31,18
"2023","70219",47,21
"2023","70220",165,124
"2023","70221",27,31
"2023","70222",17,24
"2023","70223",38,18
"2023","70224",17,12
"2023","70301",74,33
"2023","70302",47,38
"2023","70303",66,56
"2023","70304",63,43
"2023","70305",12,13
"2023","70306",19,12
"2023","70307",13,4
"2023","70308",12,7
"2023","70309",10,16
"2023","70310",48,44
"2023","70311",5,8
"2023","70312",61,57
"2023","70313",41,14
"2023","70314",5,4
"2023","70315",13,13
"2023","70317",15,12
"2023","70318",7,6
"2023","70319",41,26
"2023","70320",35,70
"2023","70322",19,10
"2023","70323",6,8
"2023","70325",14,13
"2023","70326",100,46
"2023","70328",35,25
"2023","70329",92,55
"2023","70331",24,26
"2023","70332",31,22
"2023","70333",4,3
"2023","70334",101,83
"2023","70335",11,11
"2023","70336",8,2
"2023","70337",18,19
"2023","70338",8,19
"2023","70339",13,6
"2023","70340",19,11
"2023","70342",10,8
"2023","70343",12,9
"2023","70344",68,34
"2023","70345",12,8
"2023","70346",105,86
"2023","70347",NA,NA
"2023","70348",33,19
"2023","70349",3,0
"2023","70350",20,25
"2023","70351",188,114
"2023","70352",14,2
"2023","70353",14,34
"2023","70354",367,249
"2023","70355",38,43
"2023","70356",14,17
"2023","70357",201,176
"2023","70358",166,116
"2023","70359",12,5
"2023","70360",33,11
"2023","70361",2,6
"2023","70362",2,1
"2023","70364",116,76
"2023","70365",49,35
"2023","70366",6,5
"2023","70367",89,82
"2023","70368",9,10
"2023","70369",112,92
"2023","70370",39,30
"2023","70401",47,20
"2023","70402",53,23
"2023","70403",143,83
"2023","70404",67,41
"2023","70405",31,5
"2023","70406",84,49
"2023","70407",17,10
"2023","70408",56,37
"2023","70409",154,82
"2023","70410",103,77
"2023","70411",269,191
"2023","70412",77,49
"2023","70413",51,32
"2023","70414",44,37
"2023","70415",22,6
"2023","70416",198,199
"2023","70417",40,52
"2023","70418",9,7
"2023","70419",41,24
"2023","70420",77,22
"2023","70501",23,20
"2023","70502",3,6
"2023","70503",85,52
"2023","70504",6,7
"2023","70505",27,15
"2023","70506",37,20
"2023","70508",111,79
"2023","70509",113,53
"2023","70510",37,34
"2023","70511",91,65
"2023","70512",46,30
"2023","70513",794,621
"2023","70514",45,24
"2023","70515",58,43
"2023","70516",14,6
"2023","70517",21,23
"2023","70518",30,26
"2023","70519",8,4
"2023","70520",22,20
"2023","70521",13,4
"2023","70522",66,31
"2023","70523",12,6
"2023","70524",26,18
"2023","70525",27,12
"2023","70526",95,49
"2023","70527",76,46
"2023","70528",6,4
"2023","70529",81,24
"2023","70530",74,58
"2023","70531",277,210
"2023","70601",1,1
"2023","70602",3,6
"2023","70603",32,54
"2023","70604",22,15
"2023","70605",105,77
"2023","70606",8,16
"2023","70607",8,5
"2023","70608",62,45
"2023","70609",38,14
"2023","70610",1,1
"2023","70611",9,6
"2023","70612",2,1
"2023","70613",3,4
"2023","70614",74,63
"2023","70615",19,20
"2023","70616",18,31
"2023","70617",24,16
"2023","70618",10,4
"2023","70619",32,21
"2023","70620",11,14
"2023","70621",75,54
"2023","70622",9,2
"2023","70623",11,7
"2023","70624",21,22
"2023","70625",3,2
"2023","70626",2,3
"2023","70627",4,1
"2023","70628",1,0
"2023","70629",2,3
"2023","70630",37,32
"2023","70701",2,5
"2023","70702",4,3
"2023","70703",2,6
"2023","70704",1,1
"2023","70705",8,7
"2023","70706",3,3
"2023","70707",12,14
"2023","70708",4,4
"2023","70709",2,0
"2023","70710",2,1
"2023","70711",2,3
"2023","70712",7,7
"2023","70713",8,2
"2023","70714",9,1
"2023","70715",5,5
"2023","70716",136,83
"2023","70717",9,9
"2023","70718",5,5
"2023","70719",19,6
"2023","70720",8,3
"2023","70721",0,4
"2023","70723",8,1
"2023","70724",7,6
"2023","70725",NA,NA
"2023","70726",3,2
"2023","70727",1,1
"2023","70728",30,20
"2023","70729",4,2
"2023","70731",NA,NA
"2023","70732",4,5
"2023","70733",2,0
"2023","70734",9,6
"2023","70735",5,8
"2023","70801",5,2
"2023","70802",22,15
"2023","70803",23,7
"2023","70804",20,9
"2023","70805",32,23
"2023","70806",23,8
"2023","70807",82,54
"2023","70808",15,9
"2023","70809",2,2
"2023","70810",5,0
"2023","70811",52,37
"2023","70812",2,0
"2023","70813",3,3
"2023","70814",7,3
"2023","70815",0,1
"2023","70816",28,8
"2023","70817",7,5
"2023","70818",42,23
"2023","70819",1,2
"2023","70820",34,16
"2023","70821",67,40
"2023","70822",6,1
"2023","70823",1,0
"2023","70824",21,9
"2023","70825",8,2
"2023","70826",31,16
"2023","70827",10,4
"2023","70828",166,108
"2023","70829",10,9
"2023","70830",2,1
"2023","70831",2,1
"2023","70832",46,35
"2023","70833",42,29
"2023","70834",3,3
"2023","70835",26,13
"2023","70836",13,8
"2023","70837",7,1
"2023","70901",62,41
"2023","70902",21,22
"2023","70903",2,0
"2023","70904",6,4
"2023","70905",28,16
"2023","70907",163,108
"2023","70908",63,33
"2023","70909",103,72
"2023","70910",11,12
"2023","70911",4,5
"2023","70912",17,21
"2023","70913",5,3
"2023","70914",11,4
"2023","70915",30,6
"2023","70916",9,14
"2023","70917",127,123
"2023","70918",24,20
"2023","70920",130,80
"2023","70921",11,4
"2023","70922",35,21
"2023","70923",23,35
"2023","70924",1,2
"2023","70925",24,17
"2023","70926",209,139
"2023","70927",58,52
"2023","70928",30,17
"2023","70929",9,1
"2023","70930",7,4
"2023","70931",25,19
"2023","70932",1,0
"2023","70933",18,9
"2023","70934",52,44
"2023","70935",30,28
"2023","70936",83,57
"2023","70937",25,31
"2023","70938",11,13
"2023","70939",26,9
"2023","70940",43,23
"2023","70941",5,2
"2023","80101",21,28
"2023","80102",2,1
"2023","80103",330,273
"2023","80104",24,29
"2023","80105",38,30
"2023","80106",44,20
"2023","80107",12,6
"2023","80108",47,19
"2023","80109",8,10
"2023","80110",119,35
"2023","80111",17,16
"2023","80112",40,23
"2023","80113",70,38
"2023","80114",9,4
"2023","80115",71,49
"2023","80116",297,93
"2023","80117",41,53
"2023","80118",8,0
"2023","80119",9,9
"2023","80120",34,28
"2023","80121",1,7
"2023","80122",118,73
"2023","80123",3,9
"2023","80124",5,3
"2023","80125",3,3
"2023","80126",21,11
"2023","80127",3,8
"2023","80128",46,32
"2023","80129",23,17
"2023","80201",36,21
"2023","80202",39,18
"2023","80203",28,23
"2023","80204",34,26
"2023","80205",2,11
"2023","80206",26,19
"2023","80207",670,533
"2023","80208",8,7
"2023","80209",18,19
"2023","80210",16,7
"2023","80211",38,25
"2023","80212",2,9
"2023","80213",34,43
"2023","80214",26,17
"2023","80215",210,162
"2023","80216",24,26
"2023","80217",105,90
"2023","80218",95,92
"2023","80219",14,30
"2023","80220",32,24
"2023","80221",10,7
"2023","80222",16,5
"2023","80223",23,10
"2023","80224",107,97
"2023","80225",18,8
"2023","80226",178,124
"2023","80227",36,23
"2023","80228",492,455
"2023","80229",8,6
"2023","80230",26,33
"2023","80231",23,15
"2023","80232",19,13
"2023","80233",34,14
"2023","80234",6,3
"2023","80235",33,47
"2023","80236",25,13
"2023","80237",6,15
"2023","80238",37,26
"2023","80239",19,16
"2023","80240",153,134
"2023","80301",1134,990
"2023","80302",261,238
"2023","80303",421,366
"2023","80401",75,81
"2023","80402",0,1
"2023","80403",5,0
"2023","80404",957,700
"2023","80405",124,106
"2023","80406",16,2
"2023","80407",23,37
"2023","80408",219,158
"2023","80409",47,31
"2023","80410",52,45
"2023","80411",9,8
"2023","80412",38,34
"2023","80413",42,24
"2023","80414",134,124
"2023","80415",3,0
"2023","80416",28,27
"2023","80417",26,14
"2023","80418",26,22
"2023","80419",3,3
"2023","80420",37,16
"2023","80421",2,7
"2023","80422",0,4
"2023","80423",43,28
"2023","80424",53,50
"2023","90101",976,645
"2023","90201",5487,3930
"2023","90301",4044,2966
"2023","90401",1535,1263
"2023","90501",2453,1861
"2023","90601",1449,1056
"2023","90701",1317,1001
"2023","90801",2242,1522
"2023","90901",4357,1797
"2023","91001",7895,5220
"2023","91101",2974,2013
"2023","91201",3377,2263
"2023","91301",1190,862
"2023","91401",2583,1660
"2023","91501",3754,2520
"2023","91601",3538,2623
"2023","91701",2056,1382
"2023","91801",1725,1341
"2023","91901",2501,2102
"2023","92001",4076,2886
"2023","92101",3690,2692
"2023","92201",5097,3097
"2023","92301",1753,1408
"2024","10101",450,336
"2024","10201",9,18
"2024","10301",24,12
"2024","10302",7,7
"2024","10303",11,13
"2024","10304",20,34
"2024","10305",36,48
"2024","10306",7,4
"2024","10307",8,10
"2024","10308",2,6
"2024","10309",34,26
"2024","10310",2,2
"2024","10311",1,5
"2024","10312",16,12
"2024","10313",17,8
"2024","10314",11,9
"2024","10315",35,20
"2024","10316",17,23
"2024","10317",8,8
"2024","10318",3,9
"2024","10319",21,9
"2024","10320",3,4
"2024","10321",0,2
"2024","10322",10,4
"2024","10323",8,1
"2024","10401",0,1
"2024","10402",35,49
"2024","10403",10,11
"2024","10404",6,2
"2024","10405",56,36
"2024","10406",1,11
"2024","10407",4,6
"2024","10408",4,3
"2024","10409",4,4
"2024","10410",3,5
"2024","10411",10,14
"2024","10412",0,9
"2024","10413",3,2
"2024","10414",35,13
"2024","10415",8,14
"2024","10416",7,2
"2024","10417",13,12
"2024","10418",1,3
"2024","10419",20,7
"2024","10420",0,2
"2024","10421",5,1
"2024","10422",1,1
"2024","10423",NA,NA
"2024","10424",1,1
"2024","10425",1,0
"2024","10426",6,2
"2024","10427",3,0
"2024","10428",1,1
"2024","10501",16,11
"2024","10502",2,3
"2024","10503",15,12
"2024","10504",16,25
"2024","10505",4,3
"2024","10506",9,8
"2024","10507",3,5
"2024","10508",8,8
"2024","10509",2,9
"2024","10510",6,1
"2024","10511",3,6
"2024","10512",4,1
"2024","10601",3,13
"2024","10602",7,5
"2024","10603",18,9
"2024","10604",3,7
"2024","10605",16,15
"2024","10606",91,52
"2024","10607",29,51
"2024","10608",0,5
"2024","10609",15,8
"2024","10610",11,18
"2024","10611",13,14
"2024","10612",8,15
"2024","10613",10,12
"2024","10614",5,7
"2024","10615",16,14
"2024","10616",4,2
"2024","10617",2,11
"2024","10618",31,27
"2024","10619",2,3
"2024","10701",4,8
"2024","10702",28,4
"2024","10703",31,11
"2024","10704",11,12
"2024","10705",36,21
"2024","10706",11,8
"2024","10707",6,15
"2024","10708",7,4
"2024","10709",7,7
"2024","10710",8,11
"2024","10711",141,77
"2024","10712",9,12
"2024","10713",127,124
"2024","10714",22,16
"2024","10715",31,3
"2024","10716",5,6
"2024","10717",57,72
"2024","10718",24,19
"2024","10719",10,9
"2024","10720",16,20
"2024","10721",11,9
"2024","10722",26,23
"2024","10723",8,3
"2024","10724",9,25
"2024","10725",9,9
"2024","10726",11,14
"2024","10727",26,15
"2024","10801",13,15
"2024","10802",4,3
"2024","10803",13,12
"2024","10804",8,2
"2024","10805",11,33
"2024","10806",4,0
"2024","10807",4,6
"2024","10808",5,3
"2024","10809",4,2
"2024","10810",13,6
"2024","10811",18,9
"2024","10812",5,5
"2024","10813",4,2
"2024","10814",17,4
"2024","10815",10,13
"2024","10816",36,19
"2024","10817",3,6
"2024","10818",5,2
"2024","10819",0,1
"2024","10820",12,7
"2024","10821",4,5
"2024","10822",5,3
"2024","10823",4,8
"2024","10824",2,4
"2024","10825",4,4
"2024","10826",3,7
"2024","10827",0,1
"2024","10828",1,3
"2024","10901",20,6
"2024","10902",11,11
"2024","10903",7,1
"2024","10904",3,3
"2024","10905",29,33
"2024","10906",5,3
"2024","10907",9,17
"2024","10908",6,8
"2024","10909",3,11
"2024","10910",28,12
"2024","10911",0,6
"2024","10912",23,9
"2024","10913",1,5
"2024","10914",7,8
"2024","10915",9,3
"2024","10916",37,25
"2024","10917",143,132
"2024","10918",63,57
"2024","10919",67,28
"2024","10920",13,5
"2024","10921",18,3
"2024","10922",7,9
"2024","10923",30,5
"2024","10924",10,0
"2024","10925",8,4
"2024","10926",5,5
"2024","10927",3,2
"2024","10928",51,22
"2024","10929",0,1
"2024","10930",1,4
"2024","10931",2,0
"2024","10932",6,3
"2024","20101",2147,1479
"2024","20201",1804,1010
"2024","20302",7,5
"2024","20305",111,54
"2024","20306",18,15
"2024","20307",52,23
"2024","20316",16,6
"2024","20320",20,13
"2024","20321",5,4
"2024","20402",50,44
"2024","20403",20,12
"2024","20405",141,68
"2024","20409",2,6
"2024","20412",38,34
"2024","20414",20,6
"2024","20415",103,56
"2024","20416",8,7
"2024","20417",24,20
"2024","20418",36,19
"2024","20419",37,18
"2024","20421",22,26
"2024","20424",59,35
"2024","20425",14,20
"2024","20428",8,2
"2024","20432",20,29
"2024","20435",38,14
"2024","20441",0,1
"2024","20442",39,15
"2024","20501",69,62
"2024","20502",32,27
"2024","20503",4,3
"2024","20504",5,4
"2024","20505",37,28
"2024","20506",8,5
"2024","20508",12,1
"2024","20509",5,8
"2024","20511",16,9
"2024","20512",13,7
"2024","20513",12,9
"2024","20515",25,15
"2024","20518",4,0
"2024","20519",9,1
"2024","20520",5,8
"2024","20523",14,14
"2024","20527",181,153
"2024","20530",6,5
"2024","20531",16,16
"2024","20534",21,23
"2024","20601",77,57
"2024","20602",6,5
"2024","20603",6,5
"2024","20604",11,7
"2024","20605",5,5
"2024","20607",10,9
"2024","20608",9,14
"2024","20609",9,5
"2024","20610",14,2
"2024","20611",6,3
"2024","20613",13,13
"2024","20616",3,4
"2024","20618",20,7
"2024","20619",5,1
"2024","20620",38,33
"2024","20622",4,2
"2024","20624",0,3
"2024","20625",29,17
"2024","20627",25,11
"2024","20630",50,23
"2024","20631",9,4
"2024","20632",14,2
"2024","20633",30,6
"2024","20634",64,48
"2024","20635",202,116
"2024","20636",7,4
"2024","20637",17,5
"2024","20638",10,4
"2024","20639",10,9
"2024","20640",8,5
"2024","20642",22,23
"2024","20643",35,20
"2024","20644",20,10
"2024","20701",26,5
"2024","20702",79,49
"2024","20703",6,4
"2024","20705",20,18
"2024","20707",7,1
"2024","20708",7,3
"2024","20710",12,4
"2024","20711",190,71
"2024","20712",11,4
"2024","20713",34,77
"2024","20719",7,14
"2024","20720",40,16
"2024","20721",6,5
"2024","20722",37,29
"2024","20723",7,3
"2024","20724",72,26
"2024","20725",148,100
"2024","20726",15,9
"2024","20727",30,16
"2024","20801",27,15
"2024","20802",12,2
"2024","20803",57,25
"2024","20804",32,18
"2024","20805",7,4
"2024","20806",5,7
"2024","20807",7,5
"2024","20808",39,20
"2024","20810",5,1
"2024","20812",27,5
"2024","20813",90,54
"2024","20815",15,6
"2024","20817",72,57
"2024","20901",18,18
"2024","20905",29,18
"2024","20909",7,16
"2024","20911",1,2
"2024","20912",7,4
"2024","20913",58,54
"2024","20914",8,3
"2024","20918",27,9
"2024","20923",173,143
"2024","21001",17,4
"2024","21002",148,64
"2024","21003",8,6
"2024","21004",4,7
"2024","21005",10,6
"2024","21006",1287,3
"2024","21007",26,40
"2024","21008",106,38
"2024","21009",41,41
"2024","21010",10,5
"2024","30101",800,697
"2024","30201",1220,877
"2024","30301",118,76
"2024","30401",1147,830
"2024","30501",7,10
"2024","30502",329,279
"2024","30503",7,18
"2024","30504",29,13
"2024","30506",23,8
"2024","30507",4,5
"2024","30508",17,22
"2024","30509",7,5
"2024","30510",0,2
"2024","30511",4,4
"2024","30512",1,4
"2024","30514",128,96
"2024","30515",9,3
"2024","30516",4,13
"2024","30517",30,40
"2024","30520",5,8
"2024","30521",2,6
"2024","30522",12,7
"2024","30524",38,12
"2024","30526",2,0
"2024","30527",18,15
"2024","30529",17,22
"2024","30530",20,19
"2024","30531",89,66
"2024","30532",24,16
"2024","30533",18,29
"2024","30534",6,5
"2024","30536",0,3
"2024","30538",17,8
"2024","30539",4,6
"2024","30541",13,16
"2024","30542",43,37
"2024","30543",22,8
"2024","30544",6,6
"2024","30601",27,24
"2024","30602",63,42
"2024","30603",151,138
"2024","30604",393,302
"2024","30605",93,84
"2024","30607",115,140
"2024","30608",23,27
"2024","30609",2,6
"2024","30612",16,8
"2024","30613",40,27
"2024","30614",8,6
"2024","30615",48,156
"2024","30616",5,11
"2024","30618",52,60
"2024","30620",51,30
"2024","30621",12,9
"2024","30623",54,37
"2024","30625",11,14
"2024","30626",67,70
"2024","30627",35,23
"2024","30629",32,36
"2024","30631",11,9
"2024","30633",5,3
"2024","30635",13,15
"2024","30636",26,15
"2024","30637",11,12
"2024","30639",1388,295
"2024","30641",61,55
"2024","30645",16,12
"2024","30646",23,29
"2024","30701",4,12
"2024","30702",18,23
"2024","30703",20,20
"2024","30704",109,65
"2024","30706",29,24
"2024","30708",4,7
"2024","30709",22,15
"2024","30710",207,156
"2024","30711",14,6
"2024","30712",1,1
"2024","30713",12,12
"2024","30715",1,11
"2024","30716",39,32
"2024","30718",16,9
"2024","30719",8,13
"2024","30721",11,11
"2024","30722",4,5
"2024","30724",27,18
"2024","30726",21,13
"2024","30728",51,20
"2024","30729",38,35
"2024","30730",84,63
"2024","30731",66,26
"2024","30732",98,53
"2024","30733",9,17
"2024","30734",15,16
"2024","30735",81,33
"2024","30736",26,16
"2024","30737",5,7
"2024","30738",5,2
"2024","30739",47,20
"2024","30740",1889,386
"2024","30741",8,9
"2024","30801",12,7
"2024","30802",3,7
"2024","30803",17,3
"2024","30804",9,25
"2024","30805",6,7
"2024","30808",112,100
"2024","30810",15,9
"2024","30811",19,12
"2024","30812",6,10
"2024","30813",32,22
"2024","30814",22,27
"2024","30817",108,120
"2024","30819",5,10
"2024","30821",100,98
"2024","30822",1,0
"2024","30824",7,3
"2024","30825",9,2
"2024","30826",12,1
"2024","30827",22,25
"2024","30828",1,4
"2024","30829",3,3
"2024","30830",38,38
"2024","30831",34,29
"2024","30834",29,27
"2024","30835",55,44
"2024","30836",5,10
"2024","30838",26,23
"2024","30841",7,9
"2024","30842",19,12
"2024","30844",27,18
"2024","30845",13,11
"2024","30846",1,2
"2024","30848",8,7
"2024","30849",23,18
"2024","30850",9,9
"2024","30852",8,18
"2024","30854",NA,NA
"2024","30856",99,74
"2024","30857",12,3
"2024","30858",12,16
"2024","30859",2,7
"2024","30860",16,14
"2024","30863",39,23
"2024","30865",7,10
"2024","30902",NA,NA
"2024","30903",6,12
"2024","30904",1,0
"2024","30906",7,1
"2024","30908",75,44
"2024","30909",9,7
"2024","30910",11,2
"2024","30912",2,2
"2024","30913",2,4
"2024","30915",2,0
"2024","30916",17,23
"2024","30917",1,2
"2024","30920",12,6
"2024","30921",2,7
"2024","30925",49,21
"2024","30929",3,4
"2024","30932",1,5
"2024","30935",42,24
"2024","30939",2,2
"2024","30940",3,1
"2024","30942",7,15
"2024","31001",NA,NA
"2024","31008",19,39
"2024","31009",3,3
"2024","31014",2,1
"2024","31015",3,6
"2024","31016",10,4
"2024","31018",6,10
"2024","31019",4,5
"2024","31021",5,1
"2024","31022",118,148
"2024","31025",3,2
"2024","31026",7,6
"2024","31028",0,1
"2024","31033",20,20
"2024","31035",2,2
"2024","31036",4,10
"2024","31037",17,28
"2024","31038",7,8
"2024","31041",3,2
"2024","31042",3,8
"2024","31043",3,8
"2024","31051",8,4
"2024","31052",3,6
"2024","31053",11,6
"2024","31101",5,1
"2024","31102",3,2
"2024","31103",4,7
"2024","31104",2,2
"2024","31105",22,20
"2024","31106",18,12
"2024","31107",3,6
"2024","31109",83,62
"2024","31110",0,1
"2024","31111",0,2
"2024","31113",1,1
"2024","31114",0,2
"2024","31117",0,2
"2024","31119",1,0
"2024","31120",4,1
"2024","31121",21,9
"2024","31123",NA,NA
"2024","31124",6,3
"2024","31129",6,2
"2024","31130",2,0
"2024","31201",33,43
"2024","31202",13,6
"2024","31203",15,11
"2024","31204",2,16
"2024","31205",10,14
"2024","31206",26,30
"2024","31207",13,14
"2024","31208",18,15
"2024","31213",432,276
"2024","31214",93,53
"2024","31215",5,4
"2024","31216",84,22
"2024","31224",1,5
"2024","31226",41,17
"2024","31227",13,6
"2024","31228",2,4
"2024","31229",6,2
"2024","31230",192,158
"2024","31234",1,3
"2024","31235",176,122
"2024","31301",3,0
"2024","31302",1,0
"2024","31303",2,2
"2024","31304",5,8
"2024","31308",14,11
"2024","31309",25,26
"2024","31310",10,9
"2024","31311",11,17
"2024","31315",4,9
"2024","31319",13,7
"2024","31321",3,6
"2024","31322",66,52
"2024","31323",6,5
"2024","31324",5,1
"2024","31326",5,3
"2024","31327",26,29
"2024","31330",2,2
"2024","31333",14,10
"2024","31336",0,5
"2024","31337",8,4
"2024","31338",20,3
"2024","31340",1,1
"2024","31343",23,21
"2024","31344",7,6
"2024","31346",21,14
"2024","31347",5,6
"2024","31350",5,0
"2024","31351",5,7
"2024","31355",10,4
"2024","31356",2,0
"2024","31401",0,2
"2024","31402",6,8
"2024","31403",39,41
"2024","31404",19,15
"2024","31405",7,7
"2024","31406",3,8
"2024","31407",45,25
"2024","31408",19,16
"2024","31409",18,11
"2024","31410",5,13
"2024","31411",15,6
"2024","31412",15,26
"2024","31413",55,40
"2024","31414",12,14
"2024","31502",4,3
"2024","31503",6,2
"2024","31504",3,2
"2024","31505",29,24
"2024","31506",0,5
"2024","31507",5,9
"2024","31508",5,16
"2024","31509",17,6
"2024","31511",4,5
"2024","31513",3,4
"2024","31514",13,10
"2024","31515",NA,NA
"2024","31516",14,11
"2024","31517",8,11
"2024","31519",24,18
"2024","31520",24,11
"2024","31521",17,17
"2024","31522",13,9
"2024","31523",2,9
"2024","31524",55,47
"2024","31525",6,14
"2024","31527",15,19
"2024","31528",NA,NA
"2024","31530",9,12
"2024","31531",27,17
"2024","31533",42,38
"2024","31534",12,7
"2024","31535",1,1
"2024","31537",4,8
"2024","31539",18,22
"2024","31540",6,1
"2024","31541",1,0
"2024","31542",7,11
"2024","31543",1,1
"2024","31546",1,3
"2024","31549",92,79
"2024","31550",6,13
"2024","31551",11,4
"2024","31552",1,9
"2024","31553",17,17
"2024","31601",10,4
"2024","31603",8,5
"2024","31604",6,8
"2024","31605",6,12
"2024","31606",33,17
"2024","31608",2,0
"2024","31609",1,4
"2024","31611",2,0
"2024","31612",7,13
"2024","31613",1,1
"2024","31614",20,16
"2024","31615",4,7
"2024","31616",2,2
"2024","31617",26,13
"2024","31620",8,6
"2024","31621",5,10
"2024","31622",2,5
"2024","31627",10,10
"2024","31628",9,6
"2024","31629",62,62
"2024","31630",9,9
"2024","31633",127,70
"2024","31634",16,2
"2024","31636",1,1
"2024","31642",2,4
"2024","31644",62,76
"2024","31645",8,12
"2024","31646",17,16
"2024","31649",3,11
"2024","31650",4,4
"2024","31651",11,12
"2024","31652",NA,NA
"2024","31653",6,5
"2024","31654",10,10
"2024","31655",41,56
"2024","31658",3,3
"2024","31701",19,16
"2024","31702",14,22
"2024","31703",55,50
"2024","31704",145,107
"2024","31706",3,14
"2024","31707",8,23
"2024","31709",24,26
"2024","31710",132,95
"2024","31711",10,7
"2024","31712",53,52
"2024","31713",24,34
"2024","31714",4,12
"2024","31715",49,39
"2024","31716",129,103
"2024","31717",258,237
"2024","31718",35,20
"2024","31719",110,113
"2024","31723",95,84
"2024","31725",129,81
"2024","31726",28,25
"2024","31801",0,1
"2024","31802",1,5
"2024","31803",4,1
"2024","31804",4,3
"2024","31805",4,4
"2024","31806",NA,NA
"2024","31807",7,9
"2024","31808",9,6
"2024","31809",0,1
"2024","31810",72,60
"2024","31811",18,8
"2024","31812",6,13
"2024","31813",28,12
"2024","31814",5,5
"2024","31815",12,11
"2024","31817",14,4
"2024","31818",154,139
"2024","31820",2,1
"2024","31821",25,26
"2024","31823",20,11
"2024","31825",2,2
"2024","31826",10,21
"2024","31827",3,0
"2024","31829",30,23
"2024","31830",7,2
"2024","31831",16,24
"2024","31832",9,2
"2024","31833",22,17
"2024","31834",NA,NA
"2024","31835",22,33
"2024","31836",16,11
"2024","31837",4,2
"2024","31838",71,23
"2024","31839",116,58
"2024","31840",7,5
"2024","31841",0,1
"2024","31842",NA,NA
"2024","31843",13,1
"2024","31844",2,4
"2024","31845",3,5
"2024","31846",40,18
"2024","31847",6,1
"2024","31848",2,4
"2024","31849",7,4
"2024","31901",15,10
"2024","31902",24,17
"2024","31903",27,20
"2024","31904",3,4
"2024","31905",39,45
"2024","31906",6,9
"2024","31907",10,13
"2024","31909",8,3
"2024","31910",0,2
"2024","31911",10,1
"2024","31912",82,50
"2024","31913",7,10
"2024","31915",13,6
"2024","31916",12,18
"2024","31917",5,2
"2024","31918",24,11
"2024","31919",14,8
"2024","31920",0,1
"2024","31921",27,26
"2024","31922",11,13
"2024","31923",3,6
"2024","31925",5,2
"2024","31926",164,89
"2024","31927",25,10
"2024","31928",3,11
"2024","31929",31,39
"2024","31930",3,9
"2024","31932",30,21
"2024","31934",24,8
"2024","31935",13,6
"2024","31938",9,3
"2024","31939",1,1
"2024","31940",13,4
"2024","31941",4,1
"2024","31943",70,62
"2024","31945",4,5
"2024","31946",11,3
"2024","31947",63,46
"2024","31948",28,48
"2024","31949",49,34
"2024","31950",35,16
"2024","31951",76,60
"2024","31952",123,69
"2024","31953",14,29
"2024","31954",8,5
"2024","32001",61,33
"2024","32002",19,11
"2024","32003",17,10
"2024","32004",7,3
"2024","32005",18,4
"2024","32006",3,3
"2024","32007",NA,NA
"2024","32008",27,27
"2024","32009",0,1
"2024","32010",NA,NA
"2024","32011",9,3
"2024","32012",2,4
"2024","32013",13,13
"2024","32014",8,6
"2024","32015",2,2
"2024","32016",135,87
"2024","32017",10,4
"2024","32018",8,6
"2024","32101",8,49
"2024","32104",7,18
"2024","32106",14,7
"2024","32107",30,9
"2024","32109",4,2
"2024","32110",11,11
"2024","32112",51,44
"2024","32114",17,18
"2024","32115",11,7
"2024","32116",7,12
"2024","32119",9,13
"2024","32120",40,45
"2024","32131",54,86
"2024","32132",17,15
"2024","32134",12,9
"2024","32135",246,232
"2024","32139",17,9
"2024","32140",17,10
"2024","32141",22,28
"2024","32142",62,65
"2024","32143",12,3
"2024","32144",493,358
"2024","32202",4,3
"2024","32203",10,3
"2024","32206",2,4
"2024","32207",16,20
"2024","32209",45,38
"2024","32210",2,2
"2024","32212",1,0
"2024","32214",NA,NA
"2024","32216",6,6
"2024","32217",5,4
"2024","32219",6,3
"2024","32220",42,28
"2024","32221",0,3
"2024","32222",1,1
"2024","32223",1,4
"2024","32301",23,10
"2024","32302",2,1
"2024","32304",45,34
"2024","32305",47,14
"2024","32306",9,9
"2024","32307",43,59
"2024","32308",15,17
"2024","32309",2,2
"2024","32310",7,4
"2024","32311",11,12
"2024","32312",2,1
"2024","32313",11,8
"2024","32314",2,8
"2024","32315",29,13
"2024","32316",17,19
"2024","32317",NA,NA
"2024","32318",16,19
"2024","32319",31,28
"2024","32320",5,8
"2024","32321",2,5
"2024","32322",0,2
"2024","32323",14,12
"2024","32324",3,3
"2024","32325",6,1
"2024","32326",5,3
"2024","32327",56,29
"2024","32330",35,40
"2024","32331",4,8
"2024","32332",13,10
"2024","32333",4,6
"2024","32334",3,4
"2024","32335",6,1
"2024","32336",11,18
"2024","32337",28,27
"2024","32338",4,5
"2024","32501",2,1
"2024","32502",12,5
"2024","32503",0,6
"2024","32504",2,2
"2024","32505",13,8
"2024","32506",3,0
"2024","32508",89,69
"2024","32509",NA,NA
"2024","32511",4,4
"2024","32514",1,1
"2024","32515",4,1
"2024","32516",1,4
"2024","32517",1,10
"2024","32518",2,3
"2024","32519",3,1
"2024","32520",6,2
"2024","32521",4,5
"2024","32522",4,5
"2024","32523",1,4
"2024","32524",10,6
"2024","32525",10,0
"2024","32528",1,2
"2024","32529",6,1
"2024","32530",61,44
"2024","40101",6156,4136
"2024","40201",666,416
"2024","40301",1638,1155
"2024","40401",107,63
"2024","40402",60,54
"2024","40403",12,18
"2024","40404",505,355
"2024","40405",75,54
"2024","40406",75,43
"2024","40407",14,12
"2024","40408",9,13
"2024","40409",20,19
"2024","40410",7,12
"2024","40411",8,1
"2024","40412",3,9
"2024","40413",93,118
"2024","40414",56,42
"2024","40415",11,4
"2024","40416",23,14
"2024","40417",9,9
"2024","40418",36,36
"2024","40419",16,11
"2024","40420",13,8
"2024","40421",237,234
"2024","40422",92,80
"2024","40423",2,5
"2024","40424",9,16
"2024","40425",22,28
"2024","40426",68,50
"2024","40427",19,11
"2024","40428",31,31
"2024","40429",8,7
"2024","40430",12,2
"2024","40431",85,81
"2024","40432",25,26
"2024","40433",3,6
"2024","40434",6,1
"2024","40435",1,3
"2024","40436",16,9
"2024","40437",56,32
"2024","40438",64,61
"2024","40439",18,5
"2024","40440",4,0
"2024","40441",58,92
"2024","40442",12,2
"2024","40443",14,18
"2024","40444",18,10
"2024","40445",11,7
"2024","40446",16,14
"2024","40501",48,22
"2024","40502",24,17
"2024","40503",108,67
"2024","40504",22,12
"2024","40505",4,3
"2024","40506",17,11
"2024","40507",26,24
"2024","40508",22,15
"2024","40509",46,26
"2024","40510",8,3
"2024","40511",17,17
"2024","40512",4,3
"2024","40601",81,63
"2024","40602",21,3
"2024","40603",43,10
"2024","40604",64,13
"2024","40605",15,11
"2024","40606",0,1
"2024","40607",9,6
"2024","40608",5,6
"2024","40609",3,7
"2024","40610",3,1
"2024","40611",15,2
"2024","40612",11,7
"2024","40613",1,0
"2024","40614",22,25
"2024","40615",9,13
"2024","40616",2,0
"2024","40617",0,1
"2024","40618",15,5
"2024","40619",1,5
"2024","40620",3,5
"2024","40621",8,6
"2024","40622",0,7
"2024","40623",6,2
"2024","40624",8,13
"2024","40625",3,3
"2024","40626",0,2
"2024","40627",12,11
"2024","40701",96,94
"2024","40702",45,43
"2024","40703",164,131
"2024","40704",76,31
"2024","40705",256,148
"2024","40706",71,40
"2024","40707",33,30
"2024","40708",16,7
"2024","40709",23,8
"2024","40710",11,12
"2024","40711",73,61
"2024","40712",19,25
"2024","40713",14,19
"2024","40714",86,77
"2024","40715",19,14
"2024","40716",8,8
"2024","40717",29,29
"2024","40718",20,14
"2024","40719",21,22
"2024","40720",68,71
"2024","40801",51,7
"2024","40802",131,98
"2024","40804",2,0
"2024","40805",65,33
"2024","40806",10,11
"2024","40807",7,7
"2024","40808",65,52
"2024","40809",42,31
"2024","40810",1,2
"2024","40811",8,24
"2024","40812",11,5
"2024","40813",10,11
"2024","40814",8,7
"2024","40815",7,2
"2024","40816",9,6
"2024","40817",30,8
"2024","40818",6,8
"2024","40820",0,1
"2024","40821",1,4
"2024","40822",17,14
"2024","40823",11,7
"2024","40824",4,3
"2024","40825",4,3
"2024","40826",NA,NA
"2024","40827",13,11
"2024","40828",1,0
"2024","40829",8,3
"2024","40830",1,5
"2024","40831",33,30
"2024","40832",24,16
"2024","40833",7,9
"2024","40834",1,0
"2024","40835",17,24
"2024","40901",5,12
"2024","40902",56,31
"2024","40903",13,4
"2024","40904",6,18
"2024","40905",91,44
"2024","40906",10,7
"2024","40907",140,95
"2024","40908",33,14
"2024","40909",27,22
"2024","40910",10,9
"2024","40911",5,3
"2024","40912",30,14
"2024","40913",19,11
"2024","40914",1,3
"2024","40915",7,3
"2024","40916",3,10
"2024","40917",24,19
"2024","40918",14,18
"2024","40919",1,2
"2024","40920",7,11
"2024","40921",1,6
"2024","40922",22,21
"2024","40923",29,18
"2024","41001",19,23
"2024","41002",380,263
"2024","41003",89,53
"2024","41004",4,7
"2024","41005",275,218
"2024","41006",1,5
"2024","41007",69,50
"2024","41008",27,14
"2024","41009",49,49
"2024","41010",9,13
"2024","41011",20,26
"2024","41012",448,291
"2024","41013",32,41
"2024","41014",73,45
"2024","41015",8,7
"2024","41016",28,18
"2024","41017",181,91
"2024","41018",11,14
"2024","41019",31,23
"2024","41020",59,30
"2024","41021",538,380
"2024","41022",65,46
"2024","41101",0,1
"2024","41102",17,14
"2024","41103",11,9
"2024","41104",24,5
"2024","41105",30,19
"2024","41106",19,6
"2024","41107",10,8
"2024","41108",47,77
"2024","41109",29,17
"2024","41110",42,21
"2024","41111",105,47
"2024","41112",6,7
"2024","41113",13,20
"2024","41114",51,50
"2024","41115",12,2
"2024","41116",131,71
"2024","41117",11,6
"2024","41118",26,16
"2024","41119",3,6
"2024","41120",35,19
"2024","41121",33,15
"2024","41122",0,2
"2024","41123",14,6
"2024","41124",64,57
"2024","41125",17,3
"2024","41126",11,11
"2024","41201",11,5
"2024","41202",16,15
"2024","41203",68,19
"2024","41204",26,15
"2024","41205",13,7
"2024","41206",2,2
"2024","41207",54,59
"2024","41208",13,16
"2024","41209",21,18
"2024","41210",10,11
"2024","41211",8,6
"2024","41212",18,12
"2024","41213",14,9
"2024","41214",22,16
"2024","41215",10,9
"2024","41216",0,2
"2024","41217",9,8
"2024","41218",26,25
"2024","41219",64,37
"2024","41220",55,22
"2024","41221",19,13
"2024","41222",0,6
"2024","41223",4,2
"2024","41224",76,44
"2024","41225",337,263
"2024","41226",3,6
"2024","41227",5,0
"2024","41228",54,38
"2024","41229",1,0
"2024","41230",4,2
"2024","41231",28,7
"2024","41232",9,6
"2024","41233",17,7
"2024","41234",25,14
"2024","41235",1,1
"2024","41236",5,1
"2024","41304",10,10
"2024","41305",NA,NA
"2024","41306",4,0
"2024","41307",3,2
"2024","41309",12,10
"2024","41311",0,6
"2024","41312",6,5
"2024","41313",15,3
"2024","41314",3,4
"2024","41315",43,14
"2024","41316",4,6
"2024","41317",8,5
"2024","41318",9,9
"2024","41319",6,1
"2024","41320",1,1
"2024","41321",17,17
"2024","41322",0,2
"2024","41323",9,4
"2024","41324",9,9
"2024","41325",4,6
"2024","41326",16,6
"2024","41327",6,0
"2024","41328",3,2
"2024","41329",22,8
"2024","41331",0,3
"2024","41332",31,17
"2024","41333",4,2
"2024","41334",2,3
"2024","41336",2,1
"2024","41337",6,5
"2024","41338",14,4
"2024","41341",4,5
"2024","41342",13,17
"2024","41343",29,21
"2024","41344",45,29
"2024","41345",15,8
"2024","41346",2,1
"2024","41401",3,1
"2024","41402",40,22
"2024","41403",30,10
"2024","41404",4,7
"2024","41405",1,0
"2024","41406",1,4
"2024","41407",18,10
"2024","41408",12,6
"2024","41409",20,14
"2024","41410",52,42
"2024","41411",10,17
"2024","41412",NA,NA
"2024","41413",17,7
"2024","41414",23,24
"2024","41415",8,10
"2024","41416",22,20
"2024","41417",4,4
"2024","41418",36,21
"2024","41419",33,17
"2024","41420",5,0
"2024","41421",10,7
"2024","41422",245,95
"2024","41423",33,27
"2024","41424",34,13
"2024","41425",30,68
"2024","41426",37,12
"2024","41427",6,5
"2024","41428",9,6
"2024","41429",23,14
"2024","41430",35,27
"2024","41501",10,4
"2024","41502",8,2
"2024","41503",86,43
"2024","41504",22,12
"2024","41505",11,12
"2024","41506",46,35
"2024","41507",8,5
"2024","41508",2,2
"2024","41509",3,10
"2024","41510",3,2
"2024","41511",15,16
"2024","41512",9,2
"2024","41513",4,5
"2024","41514",51,14
"2024","41515",9,6
"2024","41516",125,68
"2024","41517",28,19
"2024","41518",11,7
"2024","41521",8,10
"2024","41522",38,24
"2024","41601",7,11
"2024","41602",25,22
"2024","41603",68,39
"2024","41604",9,14
"2024","41605",40,48
"2024","41606",36,23
"2024","41607",41,38
"2024","41608",1,1
"2024","41609",56,30
"2024","41610",3,0
"2024","41611",15,11
"2024","41612",6,6
"2024","41613",10,11
"2024","41614",8,10
"2024","41615",10,13
"2024","41616",NA,NA
"2024","41617",31,21
"2024","41618",57,42
"2024","41619",1,4
"2024","41620",4,0
"2024","41621",3,6
"2024","41622",1,10
"2024","41623",2,1
"2024","41624",46,36
"2024","41626",22,14
"2024","41627",12,21
"2024","41628",6,6
"2024","41701",63,22
"2024","41702",16,9
"2024","41703",196,125
"2024","41704",4,3
"2024","41705",6,10
"2024","41706",5,11
"2024","41707",5,0
"2024","41708",5,2
"2024","41709",35,23
"2024","41710",58,67
"2024","41711",22,19
"2024","41712",14,7
"2024","41713",62,49
"2024","41714",2,0
"2024","41715",88,63
"2024","41716",9,5
"2024","41717",2,1
"2024","41718",15,9
"2024","41719",11,6
"2024","41720",7,7
"2024","41721",7,9
"2024","41722",49,32
"2024","41723",4,5
"2024","41724",5,0
"2024","41725",1,0
"2024","41726",19,12
"2024","41727",3,6
"2024","41728",1,0
"2024","41729",1,1
"2024","41730",9,7
"2024","41731",54,83
"2024","41732",6,8
"2024","41733",NA,NA
"2024","41734",1063,78
"2024","41735",20,27
"2024","41736",7,8
"2024","41737",25,34
"2024","41738",105,98
"2024","41739",72,36
"2024","41740",16,6
"2024","41741",9,5
"2024","41742",43,34
"2024","41743",60,60
"2024","41744",4,2
"2024","41745",32,22
"2024","41746",244,162
"2024","41747",48,24
"2024","41748",2,1
"2024","41749",16,10
"2024","41750",20,13
"2024","41751",14,13
"2024","41752",15,15
"2024","41801",NA,NA
"2024","41802",5,7
"2024","41803",9,8
"2024","41804",20,22
"2024","41805",27,21
"2024","41806",19,11
"2024","41807",2,3
"2024","41808",47,34
"2024","41809",5,2
"2024","41810",15,18
"2024","41811",96,79
"2024","41812",208,143
"2024","41813",2,1
"2024","41814",17,16
"2024","41815",5,2
"2024","41816",28,13
"2024","41817",28,29
"2024","41818",3,6
"2024","41819",16,14
"2024","41820",74,74
"2024","41821",13,8
"2024","41822",14,7
"2024","41823",142,108
"2024","41824",16,22
"2024","50101",5372,4176
"2024","50201",60,64
"2024","50202",21,7
"2024","50203",24,18
"2024","50204",62,32
"2024","50205",363,193
"2024","50206",1,6
"2024","50207",72,63
"2024","50208",24,28
"2024","50209",191,131
"2024","50210",14,8
"2024","50211",9,7
"2024","50212",10,5
"2024","50213",21,16
"2024","50301",134,89
"2024","50302",37,33
"2024","50303",548,190
"2024","50304",17,13
"2024","50305",47,51
"2024","50306",22,17
"2024","50307",6,20
"2024","50308",64,53
"2024","50309",89,52
"2024","50310",69,65
"2024","50311",36,33
"2024","50312",87,26
"2024","50313",2,8
"2024","50314",116,110
"2024","50315",58,48
"2024","50316",38,33
"2024","50317",42,42
"2024","50318",2,3
"2024","50319",107,71
"2024","50320",26,10
"2024","50321",30,20
"2024","50322",39,29
"2024","50323",43,54
"2024","50324",96,82
"2024","50325",32,18
"2024","50326",99,101
"2024","50327",77,32
"2024","50328",11,13
"2024","50329",20,12
"2024","50330",115,94
"2024","50331",10,9
"2024","50332",25,18
"2024","50335",113,91
"2024","50336",61,40
"2024","50337",84,36
"2024","50338",424,270
"2024","50339",141,118
"2024","50401",98,73
"2024","50402",119,93
"2024","50403",187,142
"2024","50404",142,111
"2024","50405",13,9
"2024","50406",57,35
"2024","50407",41,24
"2024","50408",75,38
"2024","50409",6,3
"2024","50410",21,18
"2024","50411",44,42
"2024","50412",28,24
"2024","50413",1,2
"2024","50414",9,1
"2024","50415",24,20
"2024","50416",26,12
"2024","50417",115,102
"2024","50418",221,183
"2024","50419",9,14
"2024","50420",40,38
"2024","50421",58,52
"2024","50422",13,7
"2024","50423",85,83
"2024","50424",52,34
"2024","50425",53,49
"2024","50501",NA,NA
"2024","50502",1,1
"2024","50503",36,22
"2024","50504",25,23
"2024","50505",1,0
"2024","50506",13,10
"2024","50507",2,1
"2024","50508",24,13
"2024","50509",61,41
"2024","50510",124,97
"2024","50511",5,1
"2024","50512",20,12
"2024","50513",0,3
"2024","50514",2,2
"2024","50515",4,1
"2024","50601",28,11
"2024","50602",85,61
"2024","50603",14,9
"2024","50604",6,6
"2024","50605",8,9
"2024","50606",134,81
"2024","50607",20,5
"2024","50608",45,26
"2024","50609",73,64
"2024","50610",41,22
"2024","50611",48,41
"2024","50612",56,58
"2024","50613",97,103
"2024","50614",28,18
"2024","50615",16,9
"2024","50616",72,45
"2024","50617",28,24
"2024","50618",73,76
"2024","50619",268,199
"2024","50620",27,15
"2024","50621",12,8
"2024","50622",18,12
"2024","50623",20,16
"2024","50624",26,19
"2024","50625",9,12
"2024","50626",24,14
"2024","50627",1,2
"2024","50628",321,243
"2024","60101",10092,7219
"2024","60305",13,11
"2024","60318",17,19
"2024","60323",9,8
"2024","60324",11,3
"2024","60326",7,8
"2024","60329",4,3
"2024","60341",9,5
"2024","60344",114,74
"2024","60345",22,18
"2024","60346",23,15
"2024","60347",7,10
"2024","60348",16,30
"2024","60349",10,5
"2024","60350",54,24
"2024","60351",13,7
"2024","60608",110,88
"2024","60611",23,27
"2024","60613",77,70
"2024","60617",51,34
"2024","60618",9,5
"2024","60619",27,8
"2024","60623",10,10
"2024","60624",102,74
"2024","60626",15,5
"2024","60628",12,22
"2024","60629",45,26
"2024","60632",22,17
"2024","60639",1,5
"2024","60641",4,3
"2024","60642",5,2
"2024","60645",16,17
"2024","60646",17,15
"2024","60647",1,1
"2024","60648",11,9
"2024","60651",24,6
"2024","60653",21,11
"2024","60654",11,13
"2024","60655",19,17
"2024","60656",17,16
"2024","60659",32,27
"2024","60660",18,22
"2024","60661",64,56
"2024","60662",29,32
"2024","60663",56,39
"2024","60664",73,51
"2024","60665",33,22
"2024","60666",24,10
"2024","60667",45,40
"2024","60668",7,4
"2024","60669",172,151
"2024","60670",136,85
"2024","61001",3,9
"2024","61002",4,1
"2024","61007",4,4
"2024","61008",30,21
"2024","61012",24,17
"2024","61013",5,8
"2024","61016",6,10
"2024","61017",18,7
"2024","61019",8,5
"2024","61020",8,6
"2024","61021",20,22
"2024","61024",17,9
"2024","61027",9,2
"2024","61030",5,3
"2024","61032",3,2
"2024","61033",10,9
"2024","61043",24,14
"2024","61045",68,47
"2024","61049",27,26
"2024","61050",28,22
"2024","61051",7,9
"2024","61052",14,17
"2024","61053",232,183
"2024","61054",28,8
"2024","61055",8,1
"2024","61057",12,5
"2024","61059",87,67
"2024","61060",11,14
"2024","61061",75,38
"2024","61101",25,24
"2024","61105",18,5
"2024","61106",19,15
"2024","61107",3,2
"2024","61108",935,630
"2024","61109",18,9
"2024","61110",20,15
"2024","61111",11,4
"2024","61112",6,1
"2024","61113",28,23
"2024","61114",0,7
"2024","61115",12,9
"2024","61116",5,2
"2024","61118",74,237
"2024","61119",3,1
"2024","61120",92,64
"2024","61203",15,8
"2024","61204",15,16
"2024","61205",7,10
"2024","61206",2,1
"2024","61207",68,57
"2024","61213",59,44
"2024","61215",18,9
"2024","61217",42,19
"2024","61222",6,7
"2024","61236",49,34
"2024","61243",14,6
"2024","61247",46,42
"2024","61251",5,1
"2024","61252",4,3
"2024","61253",43,24
"2024","61254",11,8
"2024","61255",105,54
"2024","61256",3,3
"2024","61257",25,12
"2024","61258",18,14
"2024","61259",119,118
"2024","61260",11,10
"2024","61261",18,10
"2024","61262",21,16
"2024","61263",68,42
"2024","61264",30,30
"2024","61265",118,75
"2024","61266",6,3
"2024","61267",50,37
"2024","61410",2,1
"2024","61413",0,2
"2024","61425",7,6
"2024","61428",6,5
"2024","61437",4,3
"2024","61438",65,44
"2024","61439",37,18
"2024","61440",19,11
"2024","61441",1,2
"2024","61442",23,7
"2024","61443",30,9
"2024","61444",18,24
"2024","61445",18,19
"2024","61446",19,7
"2024","61611",10,11
"2024","61612",9,9
"2024","61615",10,10
"2024","61618",28,26
"2024","61621",24,15
"2024","61624",6,7
"2024","61625",97,98
"2024","61626",49,23
"2024","61627",5,2
"2024","61628",2,3
"2024","61629",5,4
"2024","61630",1,3
"2024","61631",130,91
"2024","61632",49,19
"2024","61633",38,29
"2024","61701",11,9
"2024","61708",1,4
"2024","61710",7,1
"2024","61711",3,3
"2024","61716",12,14
"2024","61719",16,28
"2024","61727",24,27
"2024","61728",1,1
"2024","61729",4,2
"2024","61730",7,10
"2024","61731",2,2
"2024","61740",1,1
"2024","61741",12,6
"2024","61743",3,6
"2024","61744",1,0
"2024","61745",1,1
"2024","61746",23,7
"2024","61748",34,27
"2024","61750",8,2
"2024","61751",8,5
"2024","61756",28,16
"2024","61757",20,20
"2024","61758",7,4
"2024","61759",8,8
"2024","61760",102,70
"2024","61761",6,5
"2024","61762",8,8
"2024","61763",39,14
"2024","61764",18,5
"2024","61765",68,19
"2024","61766",193,100
"2024","62007",92,44
"2024","62008",5,5
"2024","62010",3,2
"2024","62014",9,9
"2024","62021",3,5
"2024","62026",4,5
"2024","62032",4,3
"2024","62034",5,3
"2024","62036",14,16
"2024","62038",106,89
"2024","62039",12,5
"2024","62040",147,94
"2024","62041",355,216
"2024","62042",14,11
"2024","62043",9,9
"2024","62044",27,12
"2024","62045",2,10
"2024","62046",2,5
"2024","62047",30,15
"2024","62048",14,8
"2024","62105",14,17
"2024","62115",20,21
"2024","62116",17,19
"2024","62125",15,11
"2024","62128",20,11
"2024","62131",39,52
"2024","62132",7,2
"2024","62135",9,6
"2024","62138",67,33
"2024","62139",211,166
"2024","62140",349,269
"2024","62141",116,90
"2024","62142",77,70
"2024","62143",116,70
"2024","62144",11,12
"2024","62145",59,57
"2024","62146",26,26
"2024","62147",27,21
"2024","62148",9,3
"2024","62202",16,10
"2024","62205",3,6
"2024","62206",10,2
"2024","62209",3,2
"2024","62211",8,3
"2024","62214",3,21
"2024","62216",2,4
"2024","62219",55,32
"2024","62220",26,16
"2024","62226",65,27
"2024","62232",3,3
"2024","62233",17,3
"2024","62235",2,8
"2024","62242",1,2
"2024","62244",17,10
"2024","62245",0,2
"2024","62247",6,3
"2024","62256",26,24
"2024","62262",7,6
"2024","62264",31,24
"2024","62265",2,4
"2024","62266",4,9
"2024","62268",8,10
"2024","62269",15,6
"2024","62270",13,7
"2024","62271",33,13
"2024","62272",12,14
"2024","62273",3,11
"2024","62274",23,19
"2024","62275",13,16
"2024","62276",3,5
"2024","62277",6,5
"2024","62278",24,10
"2024","62279",1,4
"2024","62280",141,103
"2024","62311",1,0
"2024","62314",1,4
"2024","62326",11,3
"2024","62330",3,1
"2024","62332",0,2
"2024","62335",4,6
"2024","62343",5,6
"2024","62368",3,7
"2024","62372",9,6
"2024","62375",82,59
"2024","62376",37,34
"2024","62377",6,1
"2024","62378",64,28
"2024","62379",136,89
"2024","62380",8,8
"2024","62381",7,10
"2024","62382",13,16
"2024","62383",33,24
"2024","62384",9,3
"2024","62385",0,2
"2024","62386",29,27
"2024","62387",2,8
"2024","62388",9,2
"2024","62389",12,11
"2024","62390",10,15
"2024","70101",5359,4290
"2024","70201",26,31
"2024","70202",39,30
"2024","70203",163,117
"2024","70204",1,5
"2024","70205",5,7
"2024","70206",3,1
"2024","70207",3,1
"2024","70208",117,110
"2024","70209",46,53
"2024","70210",11,9
"2024","70211",24,8
"2024","70212",29,22
"2024","70213",19,19
"2024","70214",40,30
"2024","70215",10,10
"2024","70216",16,11
"2024","70217",33,26
"2024","70218",28,23
"2024","70219",27,44
"2024","70220",144,142
"2024","70221",18,19
"2024","70222",11,12
"2024","70223",42,22
"2024","70224",10,11
"2024","70301",44,60
"2024","70302",74,43
"2024","70303",36,39
"2024","70304",64,52
"2024","70305",18,19
"2024","70306",20,16
"2024","70307",3,4
"2024","70308",4,7
"2024","70309",21,18
"2024","70310",51,58
"2024","70311",10,7
"2024","70312",57,31
"2024","70313",16,18
"2024","70314",6,5
"2024","70315",9,11
"2024","70317",13,3
"2024","70318",7,13
"2024","70319",35,46
"2024","70320",32,35
"2024","70322",18,5
"2024","70323",7,2
"2024","70325",15,13
"2024","70326",77,68
"2024","70328",13,24
"2024","70329",60,57
"2024","70331",43,22
"2024","70332",24,23
"2024","70333",2,4
"2024","70334",100,65
"2024","70335",22,7
"2024","70336",3,2
"2024","70337",14,11
"2024","70338",18,9
"2024","70339",8,8
"2024","70340",8,7
"2024","70342",6,10
"2024","70343",25,21
"2024","70344",48,57
"2024","70345",10,16
"2024","70346",111,107
"2024","70347",NA,NA
"2024","70348",38,34
"2024","70349",2,1
"2024","70350",19,16
"2024","70351",123,116
"2024","70352",11,7
"2024","70353",16,11
"2024","70354",334,270
"2024","70355",44,44
"2024","70356",15,13
"2024","70357",212,149
"2024","70358",117,117
"2024","70359",9,7
"2024","70360",17,14
"2024","70361",3,3
"2024","70362",1,2
"2024","70364",99,59
"2024","70365",51,77
"2024","70366",9,6
"2024","70367",97,61
"2024","70368",3,4
"2024","70369",97,115
"2024","70370",30,14
"2024","70401",35,24
"2024","70402",35,21
"2024","70403",67,98
"2024","70404",64,49
"2024","70405",27,9
"2024","70406",78,42
"2024","70407",24,15
"2024","70408",34,40
"2024","70409",126,101
"2024","70410",81,57
"2024","70411",231,167
"2024","70412",76,48
"2024","70413",33,43
"2024","70414",54,30
"2024","70415",11,12
"2024","70416",185,142
"2024","70417",38,33
"2024","70418",16,12
"2024","70419",30,25
"2024","70420",68,42
"2024","70501",16,18
"2024","70502",0,7
"2024","70503",80,47
"2024","70504",7,11
"2024","70505",17,16
"2024","70506",30,18
"2024","70508",93,83
"2024","70509",88,70
"2024","70510",29,29
"2024","70511",79,65
"2024","70512",59,23
"2024","70513",702,635
"2024","70514",58,21
"2024","70515",57,52
"2024","70516",7,2
"2024","70517",21,22
"2024","70518",33,22
"2024","70519",5,9
"2024","70520",33,35
"2024","70521",19,13
"2024","70522",53,38
"2024","70523",2,8
"2024","70524",25,24
"2024","70525",21,12
"2024","70526",63,56
"2024","70527",78,54
"2024","70528",7,14
"2024","70529",53,58
"2024","70530",64,51
"2024","70531",233,214
"2024","70601",3,0
"2024","70602",4,4
"2024","70603",20,18
"2024","70604",13,9
"2024","70605",36,88
"2024","70606",16,5
"2024","70607",19,11
"2024","70608",27,37
"2024","70609",20,22
"2024","70610",3,1
"2024","70611",8,8
"2024","70612",4,7
"2024","70613",10,9
"2024","70614",98,57
"2024","70615",23,30
"2024","70616",25,12
"2024","70617",30,42
"2024","70618",12,13
"2024","70619",30,15
"2024","70620",31,14
"2024","70621",59,93
"2024","70622",6,4
"2024","70623",7,8
"2024","70624",35,19
"2024","70625",2,2
"2024","70626",1,4
"2024","70627",0,3
"2024","70628",7,3
"2024","70629",4,11
"2024","70630",21,29
"2024","70701",5,1
"2024","70702",0,5
"2024","70703",2,4
"2024","70704",6,2
"2024","70705",13,1
"2024","70706",1,2
"2024","70707",8,8
"2024","70708",4,4
"2024","70709",NA,NA
"2024","70710",1,6
"2024","70711",6,4
"2024","70712",17,7
"2024","70713",9,5
"2024","70714",2,9
"2024","70715",3,8
"2024","70716",159,109
"2024","70717",15,8
"2024","70718",6,2
"2024","70719",30,16
"2024","70720",5,7
"2024","70721",5,1
"2024","70723",4,3
"2024","70724",6,3
"2024","70725",NA,NA
"2024","70726",1,4
"2024","70727",3,2
"2024","70728",23,18
"2024","70729",4,4
"2024","70731",2,1
"2024","70732",2,1
"2024","70733",2,1
"2024","70734",23,2
"2024","70735",13,4
"2024","70801",9,1
"2024","70802",9,13
"2024","70803",21,17
"2024","70804",10,21
"2024","70805",25,24
"2024","70806",18,13
"2024","70807",108,53
"2024","70808",12,16
"2024","70809",3,0
"2024","70810",2,0
"2024","70811",50,40
"2024","70812",0,1
"2024","70813",11,8
"2024","70814",5,5
"2024","70815",NA,NA
"2024","70816",21,24
"2024","70817",7,7
"2024","70818",23,29
"2024","70819",1,0
"2024","70820",28,21
"2024","70821",45,51
"2024","70822",8,2
"2024","70823",NA,NA
"2024","70824",13,19
"2024","70825",1,0
"2024","70826",27,20
"2024","70827",10,5
"2024","70828",164,97
"2024","70829",10,12
"2024","70830",8,6
"2024","70831",0,1
"2024","70832",41,40
"2024","70833",32,20
"2024","70834",5,2
"2024","70835",19,12
"2024","70836",15,8
"2024","70837",3,5
"2024","70901",41,50
"2024","70902",16,5
"2024","70903",4,0
"2024","70904",5,2
"2024","70905",13,27
"2024","70907",118,83
"2024","70908",29,28
"2024","70909",76,58
"2024","70910",13,6
"2024","70911",3,3
"2024","70912",21,13
"2024","70913",1,0
"2024","70914",10,7
"2024","70915",15,19
"2024","70916",13,11
"2024","70917",118,82
"2024","70918",27,27
"2024","70920",115,93
"2024","70921",11,7
"2024","70922",29,21
"2024","70923",18,16
"2024","70924",3,1
"2024","70925",10,8
"2024","70926",175,175
"2024","70927",22,51
"2024","70928",19,19
"2024","70929",9,11
"2024","70930",11,2
"2024","70931",20,12
"2024","70932",11,8
"2024","70933",18,20
"2024","70934",61,66
"2024","70935",38,28
"2024","70936",68,55
"2024","70937",30,14
"2024","70938",16,13
"2024","70939",34,10
"2024","70940",29,25
"2024","70941",6,3
"2024","80101",32,23
"2024","80102",1,1
"2024","80103",264,187
"2024","80104",29,27
"2024","80105",35,29
"2024","80106",41,33
"2024","80107",17,6
"2024","80108",28,31
"2024","80109",7,2
"2024","80110",71,51
"2024","80111",13,4
"2024","80112",34,14
"2024","80113",57,60
"2024","80114",3,2
"2024","80115",89,78
"2024","80116",277,93
"2024","80117",57,42
"2024","80118",4,6
"2024","80119",8,7
"2024","80120",20,13
"2024","80121",13,2
"2024","80122",100,66
"2024","80123",1,5
"2024","80124",5,2
"2024","80125",1,0
"2024","80126",19,15
"2024","80127",2,3
"2024","80128",77,26
"2024","80129",23,19
"2024","80201",33,25
"2024","80202",26,29
"2024","80203",27,20
"2024","80204",40,25
"2024","80205",14,2
"2024","80206",15,16
"2024","80207",616,533
"2024","80208",12,2
"2024","80209",13,16
"2024","80210",8,9
"2024","80211",27,23
"2024","80212",3,5
"2024","80213",66,36
"2024","80214",26,27
"2024","80215",180,169
"2024","80216",28,32
"2024","80217",132,84
"2024","80218",121,73
"2024","80219",14,14
"2024","80220",10,15
"2024","80221",15,12
"2024","80222",18,15
"2024","80223",11,11
"2024","80224",105,96
"2024","80225",12,6
"2024","80226",138,96
"2024","80227",29,14
"2024","80228",470,442
"2024","80229",5,6
"2024","80230",27,21
"2024","80231",31,16
"2024","80232",12,21
"2024","80233",21,10
"2024","80234",4,3
"2024","80235",36,29
"2024","80236",24,25
"2024","80237",2,0
"2024","80238",24,14
"2024","80239",13,12
"2024","80240",121,92
"2024","80301",1072,970
"2024","80302",293,271
"2024","80303",438,361
"2024","80401",97,60
"2024","80402",1,1
"2024","80403",4,4
"2024","80404",833,771
"2024","80405",111,104
"2024","80406",10,9
"2024","80407",35,30
"2024","80408",207,179
"2024","80409",34,31
"2024","80410",67,32
"2024","80411",6,7
"2024","80412",31,39
"2024","80413",38,34
"2024","80414",133,136
"2024","80415",1,3
"2024","80416",44,27
"2024","80417",36,18
"2024","80418",33,33
"2024","80419",3,5
"2024","80420",36,45
"2024","80421",11,4
"2024","80422",3,3
"2024","80423",33,29
"2024","80424",43,26
"2024","90101",780,645
"2024","90201",5177,3979
"2024","90301",4092,2869
"2024","90401",1665,1192
"2024","90501",2432,1726
"2024","90601",1459,1062
"2024","90701",1403,1129
"2024","90801",2245,1438
"2024","90901",3130,1747
"2024","91001",8124,5251
"2024","91101",2804,2099
"2024","91201",3280,2302
"2024","91301",1307,849
"2024","91401",2306,1687
"2024","91501",3532,2775
"2024","91601",3483,2668
"2024","91701",2085,1607
"2024","91801",1723,1257
"2024","91901",2533,1893
"2024","92001",3979,2827
"2024","92101",3751,2540
"2024","92201",5137,3454
"2024","92301",1741,1289
