"jahr";"gemnr";"yearmean_pop"
2002;"70101";112869
2002;"70201";2799,5
2002;"70202";3911,125
2002;"70203";8830,875
2002;"70204";735,625
2002;"70205";915,875
2002;"70206";582,25
2002;"70207";693,875
2002;"70208";4115,125
2002;"70209";2945,5
2002;"70210";544,875
2002;"70211";1179,375
2002;"70212";2035,375
2002;"70213";995,25
2002;"70214";2215,125
2002;"70215";2004
2002;"70216";1593,125
2002;"70217";1509,5
2002;"70218";1306,875
2002;"70219";2404,125
2002;"70220";3358,25
2002;"70221";1262,5
2002;"70222";2540,125
2002;"70223";2858,875
2002;"70224";1991
2002;"70301";6414,875
2002;"70302";1943,875
2002;"70303";1323,125
2002;"70304";5316
2002;"70305";1089
2002;"70306";1193,75
2002;"70307";1071
2002;"70308";1131,625
2002;"70309";2020
2002;"70310";3914,125
2002;"70311";643,875
2002;"70312";3598
2002;"70313";1249,5
2002;"70314";576,125
2002;"70315";1299,875
2002;"70317";450,75
2002;"70318";1027,75
2002;"70319";3233
2002;"70320";2575,875
2002;"70322";1418,625
2002;"70323";728,375
2002;"70325";892,875
2002;"70326";2032,875
2002;"70328";1591
2002;"70329";3819,125
2002;"70331";1948,375
2002;"70332";1858,5
2002;"70333";1910,75
2002;"70334";4417,25
2002;"70335";1604
2002;"70336";357,125
2002;"70337";2743,125
2002;"70338";872,5
2002;"70339";956,25
2002;"70340";1130,25
2002;"70342";771,5
2002;"70343";853,5
2002;"70344";1120,875
2002;"70345";1409,5
2002;"70346";8371,375
2002;"70347";194,375
2002;"70348";1266,125
2002;"70349";889,625
2002;"70350";1002,375
2002;"70351";3118,25
2002;"70352";1360,25
2002;"70353";1774,75
2002;"70354";11567,25
2002;"70355";3297,875
2002;"70356";1359,25
2002;"70357";12991,125
2002;"70358";3482,125
2002;"70359";1193,375
2002;"70360";1356,625
2002;"70361";191,75
2002;"70362";510,875
2002;"70364";6661,625
2002;"70365";4129
2002;"70366";719,625
2002;"70367";7319,875
2002;"70368";769,875
2002;"70369";6287,25
2002;"70401";1216
2002;"70402";2567,25
2002;"70403";4249
2002;"70404";1756,375
2002;"70405";1095,875
2002;"70406";5272,875
2002;"70407";1060,25
2002;"70408";1522,125
2002;"70409";5007,5
2002;"70410";3505,125
2002;"70411";8514,5
2002;"70412";4002,125
2002;"70413";1936,375
2002;"70414";1628,375
2002;"70415";624,625
2002;"70416";7995,5
2002;"70417";1448,75
2002;"70418";745,375
2002;"70419";1818,375
2002;"70420";3457,375
2002;"70501";2513
2002;"70502";893,875
2002;"70503";2300,625
2002;"70504";1529,875
2002;"70505";3163
2002;"70506";2767
2002;"70508";4959
2002;"70509";2557,25
2002;"70510";1403,875
2002;"70511";5152,25
2002;"70512";4401,25
2002;"70513";15570,75
2002;"70514";3739,875
2002;"70515";3581,875
2002;"70516";280,375
2002;"70517";2742,5
2002;"70518";2458,125
2002;"70519";630,125
2002;"70520";2132,5
2002;"70521";428,875
2002;"70522";2658,5
2002;"70523";431,25
2002;"70524";1227,875
2002;"70525";2222,375
2002;"70526";3428,875
2002;"70527";2707
2002;"70528";1680,875
2002;"70529";1759,75
2002;"70530";4131,875
2002;"70531";11074,375
2002;"70601";271,5
2002;"70602";256,875
2002;"70603";918,375
2002;"70604";2932,75
2002;"70605";936,375
2002;"70606";823,5
2002;"70607";1297,625
2002;"70608";1705,125
2002;"70609";2605,375
2002;"70610";350
2002;"70611";596,625
2002;"70612";450,625
2002;"70613";539,625
2002;"70614";7358,125
2002;"70615";1611,25
2002;"70616";1478,75
2002;"70617";2508,25
2002;"70618";813
2002;"70619";1702,625
2002;"70620";1238,125
2002;"70621";2683,25
2002;"70622";1670,75
2002;"70623";1102,125
2002;"70624";1164
2002;"70625";140,875
2002;"70626";605
2002;"70627";1246,25
2002;"70628";522,875
2002;"70629";687,125
2002;"70630";3375,875
2002;"70701";631,25
2002;"70702";1004,75
2002;"70703";319,875
2002;"70704";1329,125
2002;"70705";2034,375
2002;"70706";903,875
2002;"70707";2192,75
2002;"70708";782,5
2002;"70709";827,875
2002;"70710";979,25
2002;"70711";582,625
2002;"70712";1325,875
2002;"70713";894,5
2002;"70714";273,375
2002;"70715";885,625
2002;"70716";12045,375
2002;"70717";4903
2002;"70718";859,25
2002;"70719";3089,625
2002;"70720";1448
2002;"70721";778,875
2002;"70723";1277
2002;"70724";992
2002;"70725";303,625
2002;"70726";785,875
2002;"70727";499,625
2002;"70728";2113,375
2002;"70729";876,75
2002;"70731";637,375
2002;"70732";1267,625
2002;"70733";270,125
2002;"70734";2133,75
2002;"70735";1001,25
2002;"70801";686,625
2002;"70802";621,625
2002;"70803";596,125
2002;"70804";857
2002;"70805";1588,625
2002;"70806";705,125
2002;"70807";2620,875
2002;"70808";829,25
2002;"70809";388,375
2002;"70810";283,625
2002;"70811";603,25
2002;"70812";57,375
2002;"70813";700,75
2002;"70814";542,625
2002;"70815";94,125
2002;"70816";1276,5
2002;"70817";463,75
2002;"70818";320,875
2002;"70819";88
2002;"70820";1918,625
2002;"70821";1051,875
2002;"70822";372,25
2002;"70823";106,25
2002;"70824";455,625
2002;"70825";137,625
2002;"70826";1126,625
2002;"70827";429,875
2002;"70828";5740,125
2002;"70829";404,75
2002;"70830";419,875
2002;"70831";719,625
2002;"70832";1094,75
2002;"70833";1600,25
2002;"70834";277,625
2002;"70835";931
2002;"70836";1317,25
2002;"70837";237,625
2002;"70901";2089,25
2002;"70902";1555,5
2002;"70903";347,75
2002;"70904";926,875
2002;"70905";2454,375
2002;"70907";2715,25
2002;"70908";1533,25
2002;"70909";3496,25
2002;"70910";1174,75
2002;"70911";517,875
2002;"70912";805,125
2002;"70913";403,375
2002;"70914";674,625
2002;"70915";1301,375
2002;"70916";1411,625
2002;"70917";6677,5
2002;"70918";1148,375
2002;"70920";3801,25
2002;"70921";1055,25
2002;"70922";1436,5
2002;"70923";1186,875
2002;"70924";378,5
2002;"70925";1277,625
2002;"70926";12222,625
2002;"70927";1430,75
2002;"70928";1880,875
2002;"70929";295,5
2002;"70930";810,625
2002;"70931";1780,75
2002;"70932";782,5
2002;"70933";1987,125
2002;"70934";1958,625
2002;"70935";1519,25
2002;"70936";4413
2002;"70937";1443,875
2002;"70938";2201,125
2002;"70939";1820,125
2002;"70940";1869
2002;"70941";669
2003;"70101";113139,375
2003;"70201";2822,375
2003;"70202";3928,625
2003;"70203";8895,875
2003;"70204";735
2003;"70205";921,5
2003;"70206";591
2003;"70207";703,5
2003;"70208";4143,625
2003;"70209";2981,125
2003;"70210";539,375
2003;"70211";1206,375
2003;"70212";2024,375
2003;"70213";1011,125
2003;"70214";2207,375
2003;"70215";2038,375
2003;"70216";1606,25
2003;"70217";1511,875
2003;"70218";1311,875
2003;"70219";2429,5
2003;"70220";3449,125
2003;"70221";1272,5
2003;"70222";2543,375
2003;"70223";2884
2003;"70224";1991,25
2003;"70301";6448,375
2003;"70302";1978,75
2003;"70303";1343,25
2003;"70304";5339,75
2003;"70305";1092,875
2003;"70306";1196,375
2003;"70307";1079,625
2003;"70308";1134,75
2003;"70309";2013,125
2003;"70310";3986,375
2003;"70311";664,25
2003;"70312";3663,5
2003;"70313";1223,75
2003;"70314";580,625
2003;"70315";1310
2003;"70317";444,875
2003;"70318";1037,375
2003;"70319";3260,875
2003;"70320";2565,75
2003;"70322";1422,375
2003;"70323";729,5
2003;"70325";901,75
2003;"70326";2043
2003;"70328";1632
2003;"70329";3875,25
2003;"70331";1960,625
2003;"70332";1852,75
2003;"70333";1903,375
2003;"70334";4462,25
2003;"70335";1603,75
2003;"70336";355,25
2003;"70337";2764,375
2003;"70338";871
2003;"70339";959,25
2003;"70340";1117,75
2003;"70342";789,375
2003;"70343";851,375
2003;"70344";1115,125
2003;"70345";1423,375
2003;"70346";8406,875
2003;"70347";194,125
2003;"70348";1252,5
2003;"70349";890,75
2003;"70350";992,375
2003;"70351";3034,375
2003;"70352";1359,875
2003;"70353";1809
2003;"70354";11566,875
2003;"70355";3265,125
2003;"70356";1373,875
2003;"70357";13269
2003;"70358";3547,375
2003;"70359";1188,375
2003;"70360";1350
2003;"70361";191,375
2003;"70362";508,375
2003;"70364";6724,5
2003;"70365";4174,875
2003;"70366";704
2003;"70367";7410,375
2003;"70368";786,375
2003;"70369";6431
2003;"70401";1211,25
2003;"70402";2581
2003;"70403";4259,875
2003;"70404";1754,75
2003;"70405";1095,75
2003;"70406";5286,875
2003;"70407";1064,75
2003;"70408";1519,75
2003;"70409";5017,25
2003;"70410";3539,125
2003;"70411";8484,875
2003;"70412";4101,375
2003;"70413";1934,5
2003;"70414";1647,5
2003;"70415";641,875
2003;"70416";8050,75
2003;"70417";1448,875
2003;"70418";754,75
2003;"70419";1831,25
2003;"70420";3468,375
2003;"70501";2517,125
2003;"70502";930,375
2003;"70503";2316,875
2003;"70504";1516,5
2003;"70505";3186
2003;"70506";2793,25
2003;"70508";4964,625
2003;"70509";2598,625
2003;"70510";1408,5
2003;"70511";5164,875
2003;"70512";4455,875
2003;"70513";15686,375
2003;"70514";3829,25
2003;"70515";3552,5
2003;"70516";282,75
2003;"70517";2790,5
2003;"70518";2485,375
2003;"70519";652,5
2003;"70520";2146,5
2003;"70521";435
2003;"70522";2655,75
2003;"70523";424,875
2003;"70524";1289,875
2003;"70525";2258,25
2003;"70526";3450,75
2003;"70527";2737
2003;"70528";1668,25
2003;"70529";1762,5
2003;"70530";4132,75
2003;"70531";11318,5
2003;"70601";272,875
2003;"70602";259,125
2003;"70603";929
2003;"70604";2945,125
2003;"70605";940,625
2003;"70606";824,25
2003;"70607";1307,625
2003;"70608";1715,375
2003;"70609";2617,125
2003;"70610";350,375
2003;"70611";604
2003;"70612";451,25
2003;"70613";542
2003;"70614";7421,25
2003;"70615";1629,125
2003;"70616";1487,75
2003;"70617";2517,75
2003;"70618";807,625
2003;"70619";1721,75
2003;"70620";1258,625
2003;"70621";2725,875
2003;"70622";1665
2003;"70623";1126,625
2003;"70624";1222,375
2003;"70625";141,5
2003;"70626";607,625
2003;"70627";1231,5
2003;"70628";527,5
2003;"70629";681,5
2003;"70630";3366,75
2003;"70701";638
2003;"70702";1002,625
2003;"70703";321,25
2003;"70704";1326,375
2003;"70705";2029,625
2003;"70706";891,375
2003;"70707";2224,75
2003;"70708";789,375
2003;"70709";812,625
2003;"70710";985,625
2003;"70711";588
2003;"70712";1296,125
2003;"70713";890,75
2003;"70714";277,125
2003;"70715";892,5
2003;"70716";11955,125
2003;"70717";4899,625
2003;"70718";851,375
2003;"70719";3134,875
2003;"70720";1448,375
2003;"70721";766,625
2003;"70723";1263
2003;"70724";986,125
2003;"70725";305,5
2003;"70726";774,125
2003;"70727";498,625
2003;"70728";2094
2003;"70729";883,625
2003;"70731";639
2003;"70732";1307,625
2003;"70733";263,625
2003;"70734";2124,125
2003;"70735";1002,625
2003;"70801";689,25
2003;"70802";611
2003;"70803";601,875
2003;"70804";857,25
2003;"70805";1579,125
2003;"70806";708,25
2003;"70807";2636,875
2003;"70808";825,625
2003;"70809";395,75
2003;"70810";285,875
2003;"70811";603,625
2003;"70812";59,625
2003;"70813";700,875
2003;"70814";536,5
2003;"70815";94,125
2003;"70816";1281
2003;"70817";466
2003;"70818";323,125
2003;"70819";85,375
2003;"70820";1972,25
2003;"70821";1062,125
2003;"70822";362,625
2003;"70823";106,875
2003;"70824";449,125
2003;"70825";131,875
2003;"70826";1086,875
2003;"70827";422
2003;"70828";5774,75
2003;"70829";411,375
2003;"70830";417,125
2003;"70831";717,25
2003;"70832";1081,75
2003;"70833";1636,375
2003;"70834";274,25
2003;"70835";916
2003;"70836";1312,625
2003;"70837";238,125
2003;"70901";2076,5
2003;"70902";1583,5
2003;"70903";349,625
2003;"70904";935,125
2003;"70905";2452,125
2003;"70907";2707,5
2003;"70908";1525,5
2003;"70909";3538
2003;"70910";1190,75
2003;"70911";535,375
2003;"70912";800,25
2003;"70913";416,625
2003;"70914";662,75
2003;"70915";1305,25
2003;"70916";1412,375
2003;"70917";6733,25
2003;"70918";1148
2003;"70920";3841
2003;"70921";1061,125
2003;"70922";1472,25
2003;"70923";1224,25
2003;"70924";384,875
2003;"70925";1307,375
2003;"70926";12275,5
2003;"70927";1428
2003;"70928";1886,625
2003;"70929";286,25
2003;"70930";824,5
2003;"70931";1793,25
2003;"70932";768,25
2003;"70933";2021,875
2003;"70934";1961,25
2003;"70935";1527,625
2003;"70936";4428,5
2003;"70937";1470
2003;"70938";2206,5
2003;"70939";1845,25
2003;"70940";1847
2003;"70941";652,5
2004;"70101";113855,875
2004;"70201";2894,625
2004;"70202";3935,625
2004;"70203";8997,375
2004;"70204";737,125
2004;"70205";933,625
2004;"70206";592,5
2004;"70207";696,75
2004;"70208";4192,375
2004;"70209";3012,875
2004;"70210";549
2004;"70211";1240,375
2004;"70212";2049,5
2004;"70213";1056,875
2004;"70214";2234,25
2004;"70215";2012,875
2004;"70216";1618,375
2004;"70217";1511,125
2004;"70218";1318,75
2004;"70219";2422
2004;"70220";3504,25
2004;"70221";1273,75
2004;"70222";2566,25
2004;"70223";2902,125
2004;"70224";2004,375
2004;"70301";6490,625
2004;"70302";1986,5
2004;"70303";1372,625
2004;"70304";5330,25
2004;"70305";1083,25
2004;"70306";1177,125
2004;"70307";1081,875
2004;"70308";1130,625
2004;"70309";2014,375
2004;"70310";4027,5
2004;"70311";648,875
2004;"70312";3704,875
2004;"70313";1212,5
2004;"70314";577,375
2004;"70315";1317,25
2004;"70317";441,25
2004;"70318";1082,125
2004;"70319";3275
2004;"70320";2557,625
2004;"70322";1432,25
2004;"70323";726,75
2004;"70325";898,875
2004;"70326";2065,125
2004;"70328";1655,375
2004;"70329";3906,875
2004;"70331";1954,375
2004;"70332";1841,25
2004;"70333";1906,375
2004;"70334";4472,125
2004;"70335";1594,125
2004;"70336";350,25
2004;"70337";2792,375
2004;"70338";884,875
2004;"70339";952,625
2004;"70340";1090,25
2004;"70342";809,625
2004;"70343";852
2004;"70344";1133,125
2004;"70345";1446
2004;"70346";8455
2004;"70347";204,875
2004;"70348";1254,875
2004;"70349";889,125
2004;"70350";994,375
2004;"70351";2998,125
2004;"70352";1375
2004;"70353";1822,25
2004;"70354";11807,375
2004;"70355";3271,625
2004;"70356";1383,625
2004;"70357";13737,5
2004;"70358";3611,125
2004;"70359";1213
2004;"70360";1366,375
2004;"70361";190
2004;"70362";521,875
2004;"70364";6713,625
2004;"70365";4275,25
2004;"70366";705,375
2004;"70367";7461
2004;"70368";784,125
2004;"70369";6663,75
2004;"70401";1229,625
2004;"70402";2595,75
2004;"70403";4276
2004;"70404";1758,25
2004;"70405";1104,5
2004;"70406";5319,375
2004;"70407";1074,625
2004;"70408";1518
2004;"70409";5079,375
2004;"70410";3555
2004;"70411";8457,25
2004;"70412";4156
2004;"70413";1974,625
2004;"70414";1644,25
2004;"70415";654
2004;"70416";8220
2004;"70417";1472
2004;"70418";760,875
2004;"70419";1835,75
2004;"70420";3464,75
2004;"70501";2501,875
2004;"70502";947,75
2004;"70503";2334,375
2004;"70504";1519,125
2004;"70505";3205
2004;"70506";2809,75
2004;"70508";4972,5
2004;"70509";2647,625
2004;"70510";1421,125
2004;"70511";5162,875
2004;"70512";4491,625
2004;"70513";15852,625
2004;"70514";3908,875
2004;"70515";3543,75
2004;"70516";284,625
2004;"70517";2825,5
2004;"70518";2508,875
2004;"70519";667,875
2004;"70520";2150,375
2004;"70521";435,5
2004;"70522";2668,5
2004;"70523";431,125
2004;"70524";1315,5
2004;"70525";2274,875
2004;"70526";3473,125
2004;"70527";2761,25
2004;"70528";1679,5
2004;"70529";1777,25
2004;"70530";4151,875
2004;"70531";11538,25
2004;"70601";270,125
2004;"70602";263
2004;"70603";951,875
2004;"70604";2934,875
2004;"70605";945,875
2004;"70606";831,625
2004;"70607";1303,5
2004;"70608";1722,625
2004;"70609";2625
2004;"70610";343,5
2004;"70611";607,375
2004;"70612";461,875
2004;"70613";532
2004;"70614";7538,375
2004;"70615";1632,75
2004;"70616";1476,625
2004;"70617";2523
2004;"70618";801,25
2004;"70619";1733,875
2004;"70620";1294,75
2004;"70621";2724,875
2004;"70622";1679,625
2004;"70623";1106,875
2004;"70624";1211,625
2004;"70625";142
2004;"70626";630
2004;"70627";1233,25
2004;"70628";529,75
2004;"70629";677,25
2004;"70630";3369,75
2004;"70701";634,25
2004;"70702";996,625
2004;"70703";343,375
2004;"70704";1331,375
2004;"70705";2026,25
2004;"70706";883
2004;"70707";2260,75
2004;"70708";797,125
2004;"70709";801
2004;"70710";986,5
2004;"70711";590,25
2004;"70712";1296,75
2004;"70713";876,75
2004;"70714";271,25
2004;"70715";889
2004;"70716";11959,125
2004;"70717";4915,5
2004;"70718";858,625
2004;"70719";3188,125
2004;"70720";1454,75
2004;"70721";759,75
2004;"70723";1257,375
2004;"70724";979,75
2004;"70725";305,375
2004;"70726";768,75
2004;"70727";502,125
2004;"70728";2074,75
2004;"70729";889
2004;"70731";630,625
2004;"70732";1311,125
2004;"70733";266,125
2004;"70734";2119,25
2004;"70735";1023,25
2004;"70801";689,5
2004;"70802";600,875
2004;"70803";603,125
2004;"70804";846,375
2004;"70805";1579
2004;"70806";769
2004;"70807";2639,25
2004;"70808";832
2004;"70809";393,25
2004;"70810";287,375
2004;"70811";598,375
2004;"70812";60,5
2004;"70813";712,5
2004;"70814";526,375
2004;"70815";92,75
2004;"70816";1268,25
2004;"70817";470,375
2004;"70818";328,875
2004;"70819";86,25
2004;"70820";1953,125
2004;"70821";1062,625
2004;"70822";366,25
2004;"70823";102,125
2004;"70824";444,375
2004;"70825";131
2004;"70826";1149
2004;"70827";420,875
2004;"70828";5756,5
2004;"70829";406,125
2004;"70830";408,375
2004;"70831";722,25
2004;"70832";1085,5
2004;"70833";1636,75
2004;"70834";275
2004;"70835";905,625
2004;"70836";1304,5
2004;"70837";238,25
2004;"70901";2049,875
2004;"70902";1581,375
2004;"70903";347,375
2004;"70904";937,5
2004;"70905";2503,625
2004;"70907";2703,75
2004;"70908";1519,625
2004;"70909";3555,375
2004;"70910";1224,75
2004;"70911";548,25
2004;"70912";789,125
2004;"70913";425
2004;"70914";649,25
2004;"70915";1328,875
2004;"70916";1402,5
2004;"70917";6786
2004;"70918";1171,75
2004;"70920";3862
2004;"70921";1049,875
2004;"70922";1500,5
2004;"70923";1272,375
2004;"70924";414,625
2004;"70925";1303,375
2004;"70926";12375,75
2004;"70927";1441,625
2004;"70928";1883,875
2004;"70929";281,25
2004;"70930";828,25
2004;"70931";1802,5
2004;"70932";773,5
2004;"70933";2042,25
2004;"70934";1945,375
2004;"70935";1568,75
2004;"70936";4411,125
2004;"70937";1481,375
2004;"70938";2237,625
2004;"70939";1837,125
2004;"70940";1824,75
2004;"70941";647,375
2005;"70101";114902,625
2005;"70201";2916,5
2005;"70202";3967,25
2005;"70203";9152,125
2005;"70204";751
2005;"70205";959,375
2005;"70206";585,5
2005;"70207";695,5
2005;"70208";4262
2005;"70209";3063,25
2005;"70210";545,875
2005;"70211";1226,75
2005;"70212";2070,75
2005;"70213";1112,375
2005;"70214";2238,625
2005;"70215";2008,625
2005;"70216";1633,375
2005;"70217";1502,25
2005;"70218";1311,125
2005;"70219";2439,875
2005;"70220";3386,75
2005;"70221";1283,125
2005;"70222";2576,375
2005;"70223";2903,875
2005;"70224";2040,25
2005;"70301";6502,25
2005;"70302";1982,5
2005;"70303";1421,875
2005;"70304";5305
2005;"70305";1082,375
2005;"70306";1175,125
2005;"70307";1074,625
2005;"70308";1135,875
2005;"70309";1993,75
2005;"70310";4017,875
2005;"70311";659,75
2005;"70312";3737,25
2005;"70313";1208,375
2005;"70314";576,875
2005;"70315";1303,5
2005;"70317";433,375
2005;"70318";1104
2005;"70319";3278
2005;"70320";2554,875
2005;"70322";1432,75
2005;"70323";744,5
2005;"70325";895,5
2005;"70326";2058
2005;"70328";1670,5
2005;"70329";3939,125
2005;"70331";1968,25
2005;"70332";1863,5
2005;"70333";1917,5
2005;"70334";4481,75
2005;"70335";1595,375
2005;"70336";359,125
2005;"70337";2809,375
2005;"70338";893
2005;"70339";939,125
2005;"70340";1064,25
2005;"70342";874
2005;"70343";861
2005;"70344";1151,375
2005;"70345";1457,625
2005;"70346";8523,125
2005;"70347";198
2005;"70348";1278,75
2005;"70349";898,5
2005;"70350";1001,5
2005;"70351";2991,25
2005;"70352";1361,75
2005;"70353";1856,5
2005;"70354";12195,375
2005;"70355";3309,125
2005;"70356";1383,625
2005;"70357";14147,375
2005;"70358";3633,125
2005;"70359";1250,5
2005;"70360";1388,125
2005;"70361";190,125
2005;"70362";548,875
2005;"70364";6636,75
2005;"70365";4309,875
2005;"70366";708,625
2005;"70367";7544,625
2005;"70368";782,5
2005;"70369";6928,875
2005;"70401";1217,375
2005;"70402";2586
2005;"70403";4273,625
2005;"70404";1771,375
2005;"70405";1116,625
2005;"70406";5377,875
2005;"70407";1097,125
2005;"70408";1521,875
2005;"70409";5137,375
2005;"70410";3588,375
2005;"70411";8467,125
2005;"70412";4182,875
2005;"70413";1979,125
2005;"70414";1648,25
2005;"70415";660,75
2005;"70416";8385,625
2005;"70417";1487,125
2005;"70418";758,5
2005;"70419";1838,625
2005;"70420";3469,75
2005;"70501";2529,625
2005;"70502";941,75
2005;"70503";2363,625
2005;"70504";1519,125
2005;"70505";3219,625
2005;"70506";2806,75
2005;"70508";5013,75
2005;"70509";2639,75
2005;"70510";1430,125
2005;"70511";5190,625
2005;"70512";4525,625
2005;"70513";16090,375
2005;"70514";3917,875
2005;"70515";3551
2005;"70516";292,625
2005;"70517";2863,625
2005;"70518";2509,875
2005;"70519";667,125
2005;"70520";2162,875
2005;"70521";429,25
2005;"70522";2659,375
2005;"70523";435,75
2005;"70524";1331,125
2005;"70525";2280,625
2005;"70526";3533,875
2005;"70527";2766
2005;"70528";1692,125
2005;"70529";1784
2005;"70530";4183,125
2005;"70531";11760,625
2005;"70601";289,25
2005;"70602";267,75
2005;"70603";986,5
2005;"70604";2916
2005;"70605";951,75
2005;"70606";837,125
2005;"70607";1311,375
2005;"70608";1738
2005;"70609";2623,5
2005;"70610";337,125
2005;"70611";614,625
2005;"70612";467,25
2005;"70613";536,875
2005;"70614";7587,875
2005;"70615";1635,25
2005;"70616";1473
2005;"70617";2533,125
2005;"70618";790,5
2005;"70619";1734,875
2005;"70620";1305
2005;"70621";2727,75
2005;"70622";1697,5
2005;"70623";1093,25
2005;"70624";1182,625
2005;"70625";143,5
2005;"70626";635,125
2005;"70627";1237,125
2005;"70628";529,25
2005;"70629";688,625
2005;"70630";3341,25
2005;"70701";636,5
2005;"70702";983,375
2005;"70703";356,375
2005;"70704";1337,375
2005;"70705";2011,25
2005;"70706";858,75
2005;"70707";2266,625
2005;"70708";817,625
2005;"70709";788
2005;"70710";1002,125
2005;"70711";605
2005;"70712";1286,375
2005;"70713";870,625
2005;"70714";272,25
2005;"70715";892,125
2005;"70716";12023,625
2005;"70717";4950,75
2005;"70718";862,5
2005;"70719";3191,625
2005;"70720";1453,125
2005;"70721";754
2005;"70723";1255,75
2005;"70724";980,75
2005;"70725";304,25
2005;"70726";771,125
2005;"70727";500,25
2005;"70728";2087,875
2005;"70729";876
2005;"70731";626,25
2005;"70732";1305,75
2005;"70733";268
2005;"70734";2132,625
2005;"70735";1031,125
2005;"70801";684,375
2005;"70802";596,625
2005;"70803";615,25
2005;"70804";819,125
2005;"70805";1574,125
2005;"70806";781,5
2005;"70807";2633,375
2005;"70808";832,125
2005;"70809";388,75
2005;"70810";288,625
2005;"70811";602,375
2005;"70812";66,125
2005;"70813";706
2005;"70814";524,125
2005;"70815";90
2005;"70816";1279,25
2005;"70817";471,25
2005;"70818";316,5
2005;"70819";86,75
2005;"70820";1952,125
2005;"70821";1085
2005;"70822";376,125
2005;"70823";102,375
2005;"70824";442,375
2005;"70825";131,625
2005;"70826";1217,875
2005;"70827";427,375
2005;"70828";5731,125
2005;"70829";414,25
2005;"70830";406,125
2005;"70831";725
2005;"70832";1095,375
2005;"70833";1609
2005;"70834";278,375
2005;"70835";891,875
2005;"70836";1319,625
2005;"70837";239
2005;"70901";2064,625
2005;"70902";1603,875
2005;"70903";350,75
2005;"70904";938,375
2005;"70905";2517
2005;"70907";2710,375
2005;"70908";1533,125
2005;"70909";3602,75
2005;"70910";1261,25
2005;"70911";550,125
2005;"70912";796,25
2005;"70913";441,625
2005;"70914";643,125
2005;"70915";1358,375
2005;"70916";1386,75
2005;"70917";6873,625
2005;"70918";1199,75
2005;"70920";3845,375
2005;"70921";1050,25
2005;"70922";1509,5
2005;"70923";1287,375
2005;"70924";458
2005;"70925";1314
2005;"70926";12521
2005;"70927";1456,875
2005;"70928";1883
2005;"70929";285,75
2005;"70930";829
2005;"70931";1821,75
2005;"70932";780
2005;"70933";2033,75
2005;"70934";1924
2005;"70935";1568,25
2005;"70936";4473,375
2005;"70937";1485,125
2005;"70938";2254
2005;"70939";1870,625
2005;"70940";1822,125
2005;"70941";644,25
2006;"70101";115886,625
2006;"70201";2934,375
2006;"70202";4074,125
2006;"70203";9311,375
2006;"70204";742,75
2006;"70205";985,5
2006;"70206";589,5
2006;"70207";687
2006;"70208";4348,375
2006;"70209";3139,875
2006;"70210";542,375
2006;"70211";1217,125
2006;"70212";2069,75
2006;"70213";1141,625
2006;"70214";2243
2006;"70215";2050
2006;"70216";1626,5
2006;"70217";1499
2006;"70218";1349,25
2006;"70219";2439,625
2006;"70220";3334,375
2006;"70221";1299,875
2006;"70222";2573
2006;"70223";2949,5
2006;"70224";2032,375
2006;"70301";6505,125
2006;"70302";2000
2006;"70303";1472
2006;"70304";5338,25
2006;"70305";1094,75
2006;"70306";1237,5
2006;"70307";1082
2006;"70308";1147,375
2006;"70309";2007,5
2006;"70310";4037,625
2006;"70311";674,5
2006;"70312";3732,25
2006;"70313";1212,125
2006;"70314";582,25
2006;"70315";1303,25
2006;"70317";430,75
2006;"70318";1138,5
2006;"70319";3310
2006;"70320";2539,75
2006;"70322";1443,375
2006;"70323";744
2006;"70325";894,25
2006;"70326";2060,125
2006;"70328";1693
2006;"70329";3941,25
2006;"70331";1974
2006;"70332";1888,625
2006;"70333";1937,625
2006;"70334";4459,375
2006;"70335";1620,875
2006;"70336";357,125
2006;"70337";2798,625
2006;"70338";918,625
2006;"70339";940,125
2006;"70340";1056
2006;"70342";896,625
2006;"70343";875
2006;"70344";1172,125
2006;"70345";1482
2006;"70346";8657,625
2006;"70347";188,125
2006;"70348";1311
2006;"70349";902,875
2006;"70350";1014,375
2006;"70351";2991,625
2006;"70352";1347
2006;"70353";1898,125
2006;"70354";12392
2006;"70355";3312,625
2006;"70356";1402,25
2006;"70357";14353
2006;"70358";3680,5
2006;"70359";1258,5
2006;"70360";1418,75
2006;"70361";203,25
2006;"70362";556,375
2006;"70364";6556
2006;"70365";4266
2006;"70366";702,875
2006;"70367";7614,625
2006;"70368";806,25
2006;"70369";7122,75
2006;"70401";1185,5
2006;"70402";2594,75
2006;"70403";4290,5
2006;"70404";1783,375
2006;"70405";1136,125
2006;"70406";5392,125
2006;"70407";1122,25
2006;"70408";1544,5
2006;"70409";5154,5
2006;"70410";3627,75
2006;"70411";8446,125
2006;"70412";4201,625
2006;"70413";2016,5
2006;"70414";1669,5
2006;"70415";657,25
2006;"70416";8471,375
2006;"70417";1503,125
2006;"70418";764,125
2006;"70419";1850,625
2006;"70420";3495,75
2006;"70501";2547,75
2006;"70502";940,125
2006;"70503";2364,5
2006;"70504";1532
2006;"70505";3212,5
2006;"70506";2801,375
2006;"70508";5049
2006;"70509";2626,125
2006;"70510";1430,375
2006;"70511";5233,625
2006;"70512";4531,625
2006;"70513";16321,625
2006;"70514";3936,625
2006;"70515";3556,625
2006;"70516";289,5
2006;"70517";2901,375
2006;"70518";2530,375
2006;"70519";667
2006;"70520";2227
2006;"70521";420,625
2006;"70522";2677,125
2006;"70523";432,25
2006;"70524";1322,5
2006;"70525";2293
2006;"70526";3548,375
2006;"70527";2797,875
2006;"70528";1701
2006;"70529";1771,25
2006;"70530";4208,5
2006;"70531";11879,5
2006;"70601";310,5
2006;"70602";266,5
2006;"70603";988,5
2006;"70604";2927
2006;"70605";956
2006;"70606";824,125
2006;"70607";1311,375
2006;"70608";1820,5
2006;"70609";2619,5
2006;"70610";336
2006;"70611";612
2006;"70612";467,625
2006;"70613";528,625
2006;"70614";7623
2006;"70615";1621,75
2006;"70616";1483,625
2006;"70617";2554,125
2006;"70618";785,25
2006;"70619";1750,5
2006;"70620";1297,625
2006;"70621";2691,875
2006;"70622";1704,25
2006;"70623";1111,5
2006;"70624";1164,75
2006;"70625";149,125
2006;"70626";621,125
2006;"70627";1231,75
2006;"70628";524
2006;"70629";686,25
2006;"70630";3319,875
2006;"70701";654,375
2006;"70702";973,5
2006;"70703";363,125
2006;"70704";1321,25
2006;"70705";1987,375
2006;"70706";850,875
2006;"70707";2257,75
2006;"70708";837,375
2006;"70709";782,875
2006;"70710";1000,125
2006;"70711";608,75
2006;"70712";1292,375
2006;"70713";868,75
2006;"70714";281
2006;"70715";884
2006;"70716";12081,5
2006;"70717";4976,5
2006;"70718";863,25
2006;"70719";3238,5
2006;"70720";1443,625
2006;"70721";752,25
2006;"70723";1257,75
2006;"70724";961,5
2006;"70725";306
2006;"70726";770,5
2006;"70727";492,125
2006;"70728";2094,625
2006;"70729";863,625
2006;"70731";627,125
2006;"70732";1321,625
2006;"70733";270,875
2006;"70734";2146,25
2006;"70735";1038,625
2006;"70801";682,875
2006;"70802";601
2006;"70803";615,25
2006;"70804";821,125
2006;"70805";1571,375
2006;"70806";784,125
2006;"70807";2656,75
2006;"70808";833,5
2006;"70809";392,125
2006;"70810";289,875
2006;"70811";608,125
2006;"70812";66
2006;"70813";694,875
2006;"70814";525,75
2006;"70815";89
2006;"70816";1284,25
2006;"70817";467,75
2006;"70818";304,5
2006;"70819";86,75
2006;"70820";1953,625
2006;"70821";1086,625
2006;"70822";375,125
2006;"70823";99,875
2006;"70824";437,75
2006;"70825";130,125
2006;"70826";1227,125
2006;"70827";421,625
2006;"70828";5775,125
2006;"70829";412,875
2006;"70830";406,5
2006;"70831";723,125
2006;"70832";1094,625
2006;"70833";1570,75
2006;"70834";274,25
2006;"70835";884,875
2006;"70836";1317,5
2006;"70837";239,5
2006;"70901";2093,75
2006;"70902";1610,5
2006;"70903";359,625
2006;"70904";959,25
2006;"70905";2552,25
2006;"70907";2772,125
2006;"70908";1543,375
2006;"70909";3641,125
2006;"70910";1305,125
2006;"70911";563,625
2006;"70912";788,625
2006;"70913";453,5
2006;"70914";643,125
2006;"70915";1385,625
2006;"70916";1374,5
2006;"70917";6882,875
2006;"70918";1220,25
2006;"70920";3803
2006;"70921";1064,125
2006;"70922";1527,625
2006;"70923";1260,125
2006;"70924";467,875
2006;"70925";1346,25
2006;"70926";12594,5
2006;"70927";1472,625
2006;"70928";1879,5
2006;"70929";293
2006;"70930";835,75
2006;"70931";1832,625
2006;"70932";806,5
2006;"70933";2031,625
2006;"70934";1915
2006;"70935";1581,75
2006;"70936";4513,375
2006;"70937";1491,875
2006;"70938";2261,375
2006;"70939";1914,375
2006;"70940";1834,875
2006;"70941";640,75
2007;"70101";116370,375
2007;"70201";2954
2007;"70202";4182,25
2007;"70203";9399,875
2007;"70204";755,875
2007;"70205";986
2007;"70206";598,5
2007;"70207";682,25
2007;"70208";4354,25
2007;"70209";3227,75
2007;"70210";537
2007;"70211";1211,625
2007;"70212";2067,625
2007;"70213";1136
2007;"70214";2253,25
2007;"70215";2089,25
2007;"70216";1614,125
2007;"70217";1503
2007;"70218";1374,375
2007;"70219";2470
2007;"70220";3417,5
2007;"70221";1289,125
2007;"70222";2593,5
2007;"70223";2995,125
2007;"70224";2018,625
2007;"70301";6589,25
2007;"70302";2052,375
2007;"70303";1541,75
2007;"70304";5374,625
2007;"70305";1118,75
2007;"70306";1268,75
2007;"70307";1092,125
2007;"70308";1141,5
2007;"70309";2025,25
2007;"70310";4070,75
2007;"70311";704,5
2007;"70312";3730,125
2007;"70313";1218,25
2007;"70314";581,75
2007;"70315";1324,625
2007;"70317";422,375
2007;"70318";1154
2007;"70319";3333,25
2007;"70320";2563,625
2007;"70322";1438,375
2007;"70323";746,625
2007;"70325";905,5
2007;"70326";2057,125
2007;"70328";1725,875
2007;"70329";3984,5
2007;"70331";1976,25
2007;"70332";1919,5
2007;"70333";1964,75
2007;"70334";4455,125
2007;"70335";1649,375
2007;"70336";361,25
2007;"70337";2784,125
2007;"70338";964,875
2007;"70339";930
2007;"70340";1071,5
2007;"70342";908,5
2007;"70343";897,625
2007;"70344";1142
2007;"70345";1499,5
2007;"70346";8702,25
2007;"70347";183
2007;"70348";1312,375
2007;"70349";890,125
2007;"70350";1010,75
2007;"70351";2977,25
2007;"70352";1335,125
2007;"70353";1905,25
2007;"70354";12405,125
2007;"70355";3299,5
2007;"70356";1418,25
2007;"70357";14388
2007;"70358";3699,875
2007;"70359";1253
2007;"70360";1423,25
2007;"70361";202,75
2007;"70362";561,75
2007;"70364";6547,75
2007;"70365";4242
2007;"70366";722,5
2007;"70367";7673,5
2007;"70368";828,875
2007;"70369";7276,875
2007;"70401";1174,5
2007;"70402";2595
2007;"70403";4283
2007;"70404";1809,75
2007;"70405";1144,5
2007;"70406";5432,375
2007;"70407";1139,875
2007;"70408";1564,75
2007;"70409";5133
2007;"70410";3657,75
2007;"70411";8356,25
2007;"70412";4208,375
2007;"70413";2014,5
2007;"70414";1659
2007;"70415";658,375
2007;"70416";8536,625
2007;"70417";1509,125
2007;"70418";764,375
2007;"70419";1854
2007;"70420";3521,75
2007;"70501";2579,875
2007;"70502";934,625
2007;"70503";2371,75
2007;"70504";1534,125
2007;"70505";3208,625
2007;"70506";2797
2007;"70508";5085,375
2007;"70509";2625,75
2007;"70510";1438
2007;"70511";5247,25
2007;"70512";4540
2007;"70513";16517
2007;"70514";3929
2007;"70515";3576,25
2007;"70516";297,125
2007;"70517";2940,25
2007;"70518";2547,5
2007;"70519";657
2007;"70520";2276,125
2007;"70521";426,75
2007;"70522";2709,25
2007;"70523";426,375
2007;"70524";1327,375
2007;"70525";2284,75
2007;"70526";3573,375
2007;"70527";2845,875
2007;"70528";1723,125
2007;"70529";1775,375
2007;"70530";4178,75
2007;"70531";12015,625
2007;"70601";324,75
2007;"70602";265,875
2007;"70603";927,625
2007;"70604";2943,5
2007;"70605";960,125
2007;"70606";824,25
2007;"70607";1328,125
2007;"70608";1629,625
2007;"70609";2622,125
2007;"70610";347,25
2007;"70611";606
2007;"70612";477,125
2007;"70613";511,25
2007;"70614";7635,375
2007;"70615";1541,875
2007;"70616";1498,25
2007;"70617";2572,375
2007;"70618";792,5
2007;"70619";1722,625
2007;"70620";1289
2007;"70621";2645,625
2007;"70622";1696,875
2007;"70623";1138,75
2007;"70624";1172,25
2007;"70625";151,25
2007;"70626";610,75
2007;"70627";1230,375
2007;"70628";522,75
2007;"70629";676,75
2007;"70630";3315,625
2007;"70701";660,125
2007;"70702";953,875
2007;"70703";383,75
2007;"70704";1293,25
2007;"70705";1952
2007;"70706";841,5
2007;"70707";2277,875
2007;"70708";835,75
2007;"70709";784,875
2007;"70710";1004,25
2007;"70711";607
2007;"70712";1273,75
2007;"70713";863,25
2007;"70714";286,375
2007;"70715";871,25
2007;"70716";12049,625
2007;"70717";4970,625
2007;"70718";861,875
2007;"70719";3236,25
2007;"70720";1435
2007;"70721";749,25
2007;"70723";1256,75
2007;"70724";947,875
2007;"70725";306,875
2007;"70726";769,25
2007;"70727";486,125
2007;"70728";2092
2007;"70729";856
2007;"70731";622
2007;"70732";1342,75
2007;"70733";266,5
2007;"70734";2164,5
2007;"70735";1029
2007;"70801";682,625
2007;"70802";599,125
2007;"70803";625,5
2007;"70804";825,625
2007;"70805";1618
2007;"70806";784,125
2007;"70807";2633,625
2007;"70808";820,625
2007;"70809";396,5
2007;"70810";284,5
2007;"70811";595,375
2007;"70812";66
2007;"70813";696,75
2007;"70814";532,375
2007;"70815";87,25
2007;"70816";1277,625
2007;"70817";465,125
2007;"70818";294,75
2007;"70819";85
2007;"70820";1973,5
2007;"70821";1093,875
2007;"70822";375,875
2007;"70823";93,875
2007;"70824";428,125
2007;"70825";127
2007;"70826";1243,125
2007;"70827";426,75
2007;"70828";5792,5
2007;"70829";410,125
2007;"70830";403,5
2007;"70831";722,75
2007;"70832";1090,375
2007;"70833";1551
2007;"70834";269,375
2007;"70835";887,875
2007;"70836";1308,375
2007;"70837";243,375
2007;"70901";2100,875
2007;"70902";1598,875
2007;"70903";367,625
2007;"70904";980,75
2007;"70905";2604,5
2007;"70907";2786,5
2007;"70908";1528,125
2007;"70909";3661,375
2007;"70910";1308
2007;"70911";572,125
2007;"70912";788,25
2007;"70913";451,875
2007;"70914";646,25
2007;"70915";1402,125
2007;"70916";1371,375
2007;"70917";6868
2007;"70918";1250,25
2007;"70920";3803,875
2007;"70921";1051,25
2007;"70922";1544,875
2007;"70923";1261,25
2007;"70924";488,25
2007;"70925";1353,625
2007;"70926";12698,5
2007;"70927";1478,375
2007;"70928";1878,625
2007;"70929";296,5
2007;"70930";834,25
2007;"70931";1821,625
2007;"70932";809,875
2007;"70933";2041,5
2007;"70934";1909,125
2007;"70935";1596
2007;"70936";4484,5
2007;"70937";1479,125
2007;"70938";2260,625
2007;"70939";1968,625
2007;"70940";1782,875
2007;"70941";647,375
2008;"70101";116889,125
2008;"70201";2962,25
2008;"70202";4221,5
2008;"70203";9442,875
2008;"70204";764,125
2008;"70205";979,625
2008;"70206";602,375
2008;"70207";678,75
2008;"70208";4370,5
2008;"70209";3279,5
2008;"70210";552,125
2008;"70211";1223,375
2008;"70212";2071,375
2008;"70213";1158,75
2008;"70214";2262,375
2008;"70215";2090,125
2008;"70216";1641,125
2008;"70217";1513,75
2008;"70218";1378,75
2008;"70219";2476,625
2008;"70220";3625
2008;"70221";1311,75
2008;"70222";2595,625
2008;"70223";3032,625
2008;"70224";2010,25
2008;"70301";6685,875
2008;"70302";2068,75
2008;"70303";1574
2008;"70304";5410,625
2008;"70305";1145,25
2008;"70306";1273,625
2008;"70307";1093,5
2008;"70308";1164,5
2008;"70309";2010,5
2008;"70310";4086,125
2008;"70311";730
2008;"70312";3756,625
2008;"70313";1253,25
2008;"70314";582,5
2008;"70315";1320,375
2008;"70317";422,625
2008;"70318";1158,625
2008;"70319";3364,75
2008;"70320";2527,5
2008;"70322";1450
2008;"70323";749,5
2008;"70325";923,5
2008;"70326";2081,375
2008;"70328";1717,5
2008;"70329";4030,125
2008;"70331";1968,25
2008;"70332";1923,125
2008;"70333";1980
2008;"70334";4477,5
2008;"70335";1680,875
2008;"70336";368
2008;"70337";2793,375
2008;"70338";980
2008;"70339";921,375
2008;"70340";1062,875
2008;"70342";916,875
2008;"70343";926
2008;"70344";1142,375
2008;"70345";1504,75
2008;"70346";8723,125
2008;"70347";179,5
2008;"70348";1296,75
2008;"70349";879
2008;"70350";1011,625
2008;"70351";2972,75
2008;"70352";1341
2008;"70353";1930,125
2008;"70354";12409
2008;"70355";3317,125
2008;"70356";1445,25
2008;"70357";14448,25
2008;"70358";3720
2008;"70359";1259,25
2008;"70360";1429,25
2008;"70361";202,875
2008;"70362";562,5
2008;"70364";6565,625
2008;"70365";4288,875
2008;"70366";731,125
2008;"70367";7666,75
2008;"70368";829,625
2008;"70369";7344,5
2008;"70401";1155,25
2008;"70402";2594,125
2008;"70403";4298
2008;"70404";1857,125
2008;"70405";1135,125
2008;"70406";5495,875
2008;"70407";1143,375
2008;"70408";1580,625
2008;"70409";5148,5
2008;"70410";3683,625
2008;"70411";8294,125
2008;"70412";4200,25
2008;"70413";2005,75
2008;"70414";1651,125
2008;"70415";669,125
2008;"70416";8608,875
2008;"70417";1560,375
2008;"70418";780,25
2008;"70419";1851
2008;"70420";3544,875
2008;"70501";2598,75
2008;"70502";935,5
2008;"70503";2411,75
2008;"70504";1539,625
2008;"70505";3198,375
2008;"70506";2812,875
2008;"70508";5079,375
2008;"70509";2600,5
2008;"70510";1451,125
2008;"70511";5264,375
2008;"70512";4543,125
2008;"70513";16843,75
2008;"70514";3937
2008;"70515";3623
2008;"70516";306,875
2008;"70517";2956,875
2008;"70518";2550,625
2008;"70519";653,875
2008;"70520";2268,5
2008;"70521";414,5
2008;"70522";2730,25
2008;"70523";429,5
2008;"70524";1318,75
2008;"70525";2288,875
2008;"70526";3521,75
2008;"70527";2823,75
2008;"70528";1745,5
2008;"70529";1787,25
2008;"70530";4182,625
2008;"70531";12059,875
2008;"70601";338,625
2008;"70602";267,625
2008;"70603";934,75
2008;"70604";2964,625
2008;"70605";968,875
2008;"70606";830,5
2008;"70607";1356,75
2008;"70608";1612,625
2008;"70609";2620,25
2008;"70610";348,625
2008;"70611";599,625
2008;"70612";486,625
2008;"70613";514,875
2008;"70614";7643,875
2008;"70615";1518,125
2008;"70616";1484,875
2008;"70617";2560,375
2008;"70618";793,125
2008;"70619";1715,375
2008;"70620";1282,5
2008;"70621";2596,625
2008;"70622";1694
2008;"70623";1161,875
2008;"70624";1165
2008;"70625";147,125
2008;"70626";606,375
2008;"70627";1235,75
2008;"70628";519,875
2008;"70629";665,25
2008;"70630";3324,125
2008;"70701";651,875
2008;"70702";953
2008;"70703";382,875
2008;"70704";1287,75
2008;"70705";1930,125
2008;"70706";832,875
2008;"70707";2308,25
2008;"70708";836,125
2008;"70709";781,25
2008;"70710";1007,75
2008;"70711";613,25
2008;"70712";1252,375
2008;"70713";851,5
2008;"70714";276,375
2008;"70715";852
2008;"70716";11969,25
2008;"70717";4896,25
2008;"70718";867
2008;"70719";3243,75
2008;"70720";1416,875
2008;"70721";744,25
2008;"70723";1251,25
2008;"70724";938,875
2008;"70725";305,25
2008;"70726";755
2008;"70727";478,625
2008;"70728";2110,25
2008;"70729";848,375
2008;"70731";613,375
2008;"70732";1347,625
2008;"70733";259,25
2008;"70734";2156
2008;"70735";1023,375
2008;"70801";683,5
2008;"70802";589,5
2008;"70803";632,875
2008;"70804";808,75
2008;"70805";1604,75
2008;"70806";801,625
2008;"70807";2654,125
2008;"70808";811,125
2008;"70809";396,25
2008;"70810";285,5
2008;"70811";585,625
2008;"70812";67
2008;"70813";701,5
2008;"70814";528,5
2008;"70815";86,875
2008;"70816";1262,5
2008;"70817";454,625
2008;"70818";284,75
2008;"70819";81,625
2008;"70820";1982
2008;"70821";1105,125
2008;"70822";387,875
2008;"70823";94,5
2008;"70824";424,125
2008;"70825";126,125
2008;"70826";1234,75
2008;"70827";422,375
2008;"70828";5878,25
2008;"70829";409,125
2008;"70830";408,25
2008;"70831";727
2008;"70832";1089,5
2008;"70833";1543,125
2008;"70834";260,25
2008;"70835";870
2008;"70836";1301,375
2008;"70837";241,75
2008;"70901";2123,25
2008;"70902";1592,5
2008;"70903";361
2008;"70904";989,125
2008;"70905";2571,875
2008;"70907";2814,375
2008;"70908";1519,125
2008;"70909";3708,5
2008;"70910";1311,125
2008;"70911";568,375
2008;"70912";787,625
2008;"70913";457,375
2008;"70914";654,625
2008;"70915";1414,125
2008;"70916";1363,875
2008;"70917";6883,125
2008;"70918";1255,625
2008;"70920";3781,25
2008;"70921";1059,75
2008;"70922";1579,875
2008;"70923";1246,625
2008;"70924";508,125
2008;"70925";1360,5
2008;"70926";12854,625
2008;"70927";1509,375
2008;"70928";1880,75
2008;"70929";299,75
2008;"70930";838,875
2008;"70931";1820,75
2008;"70932";811,375
2008;"70933";2025
2008;"70934";1906,875
2008;"70935";1615,375
2008;"70936";4552,875
2008;"70937";1485,25
2008;"70938";2265,75
2008;"70939";1994
2008;"70940";1757,625
2008;"70941";645
2009;"70101";117464,375
2009;"70201";2944,625
2009;"70202";4250,375
2009;"70203";9476,375
2009;"70204";759,5
2009;"70205";1002,25
2009;"70206";610
2009;"70207";674,625
2009;"70208";4353,625
2009;"70209";3336,25
2009;"70210";552,5
2009;"70211";1212,25
2009;"70212";2061,25
2009;"70213";1186,5
2009;"70214";2254,375
2009;"70215";2095,625
2009;"70216";1643,625
2009;"70217";1489,75
2009;"70218";1397,625
2009;"70219";2498,5
2009;"70220";3654
2009;"70221";1311,625
2009;"70222";2606,625
2009;"70223";3069,75
2009;"70224";2004
2009;"70301";6705,375
2009;"70302";2100,375
2009;"70303";1599,375
2009;"70304";5483,5
2009;"70305";1158
2009;"70306";1250,625
2009;"70307";1085,625
2009;"70308";1205,75
2009;"70309";2027
2009;"70310";4068
2009;"70311";725,875
2009;"70312";3804,875
2009;"70313";1262,625
2009;"70314";579,625
2009;"70315";1313,75
2009;"70317";426,125
2009;"70318";1166,25
2009;"70319";3441,5
2009;"70320";2510,25
2009;"70322";1476,25
2009;"70323";755,375
2009;"70325";920,5
2009;"70326";2125,625
2009;"70328";1734,5
2009;"70329";4089,75
2009;"70331";1987,25
2009;"70332";1908,5
2009;"70333";1976,25
2009;"70334";4486,625
2009;"70335";1671,625
2009;"70336";357,5
2009;"70337";2800,25
2009;"70338";992,875
2009;"70339";910,125
2009;"70340";1062,625
2009;"70342";926,375
2009;"70343";949,375
2009;"70344";1148,875
2009;"70345";1583,25
2009;"70346";8791,125
2009;"70347";173,25
2009;"70348";1308,75
2009;"70349";894,375
2009;"70350";1006,75
2009;"70351";3008,125
2009;"70352";1341,75
2009;"70353";1995,625
2009;"70354";12449,25
2009;"70355";3327,125
2009;"70356";1462,75
2009;"70357";14481,125
2009;"70358";3743,375
2009;"70359";1259,75
2009;"70360";1415,25
2009;"70361";203,75
2009;"70362";563,25
2009;"70364";6564,875
2009;"70365";4288,25
2009;"70366";729,25
2009;"70367";7619,875
2009;"70368";826
2009;"70369";7446,5
2009;"70401";1162,875
2009;"70402";2599,875
2009;"70403";4294,125
2009;"70404";1866,625
2009;"70405";1121
2009;"70406";5531,25
2009;"70407";1143,375
2009;"70408";1569,75
2009;"70409";5154,375
2009;"70410";3708
2009;"70411";8208,75
2009;"70412";4171,75
2009;"70413";2005,125
2009;"70414";1647,375
2009;"70415";712
2009;"70416";8693,375
2009;"70417";1570,75
2009;"70418";789
2009;"70419";1867,625
2009;"70420";3561,75
2009;"70501";2574,625
2009;"70502";918,125
2009;"70503";2480,125
2009;"70504";1548,25
2009;"70505";3221,25
2009;"70506";2844,375
2009;"70508";5133,625
2009;"70509";2615,25
2009;"70510";1465,125
2009;"70511";5271,875
2009;"70512";4526,75
2009;"70513";17062,625
2009;"70514";3932,125
2009;"70515";3700,25
2009;"70516";310,375
2009;"70517";2966,875
2009;"70518";2573,75
2009;"70519";653,875
2009;"70520";2266,25
2009;"70521";399
2009;"70522";2697,125
2009;"70523";435,625
2009;"70524";1312,375
2009;"70525";2297,25
2009;"70526";3502,125
2009;"70527";2823,375
2009;"70528";1744,25
2009;"70529";1791,25
2009;"70530";4154
2009;"70531";12227,125
2009;"70601";344,625
2009;"70602";267,875
2009;"70603";970
2009;"70604";2947,375
2009;"70605";990,5
2009;"70606";828,75
2009;"70607";1368,875
2009;"70608";1598,125
2009;"70609";2620
2009;"70610";361,125
2009;"70611";598,5
2009;"70612";482
2009;"70613";510,5
2009;"70614";7668,25
2009;"70615";1514,375
2009;"70616";1477,625
2009;"70617";2543,125
2009;"70618";778
2009;"70619";1716,75
2009;"70620";1264
2009;"70621";2572,75
2009;"70622";1687,125
2009;"70623";1169,125
2009;"70624";1134,25
2009;"70625";139,75
2009;"70626";597,25
2009;"70627";1224
2009;"70628";511,625
2009;"70629";667
2009;"70630";3296,25
2009;"70701";644,375
2009;"70702";950,375
2009;"70703";380,75
2009;"70704";1294,75
2009;"70705";1924
2009;"70706";821,25
2009;"70707";2281,25
2009;"70708";833,125
2009;"70709";765,25
2009;"70710";1003,75
2009;"70711";615,625
2009;"70712";1246,5
2009;"70713";851,375
2009;"70714";277,375
2009;"70715";840,5
2009;"70716";11910,375
2009;"70717";4792,375
2009;"70718";872
2009;"70719";3223,125
2009;"70720";1414,625
2009;"70721";729,875
2009;"70723";1239,75
2009;"70724";941
2009;"70725";299,625
2009;"70726";748
2009;"70727";475,375
2009;"70728";2114,125
2009;"70729";846,625
2009;"70731";631,625
2009;"70732";1368
2009;"70733";255
2009;"70734";2183,75
2009;"70735";1013,125
2009;"70801";676,625
2009;"70802";590,75
2009;"70803";640,25
2009;"70804";805,5
2009;"70805";1566,25
2009;"70806";841,75
2009;"70807";2644,5
2009;"70808";829,125
2009;"70809";393,5
2009;"70810";293
2009;"70811";584,25
2009;"70812";64,625
2009;"70813";701,5
2009;"70814";520,875
2009;"70815";90,375
2009;"70816";1256,625
2009;"70817";444,625
2009;"70818";286,125
2009;"70819";79,875
2009;"70820";1981
2009;"70821";1093,5
2009;"70822";400,875
2009;"70823";94,375
2009;"70824";420,25
2009;"70825";124,125
2009;"70826";1245,5
2009;"70827";423,625
2009;"70828";5827,25
2009;"70829";418
2009;"70830";412,375
2009;"70831";719,375
2009;"70832";1077,625
2009;"70833";1528,25
2009;"70834";255,25
2009;"70835";862
2009;"70836";1286,75
2009;"70837";246,375
2009;"70901";2127
2009;"70902";1602,125
2009;"70903";352,375
2009;"70904";992,125
2009;"70905";2554,625
2009;"70907";2794,125
2009;"70908";1510,875
2009;"70909";3720,125
2009;"70910";1314,75
2009;"70911";571,5
2009;"70912";780,625
2009;"70913";458,625
2009;"70914";666,375
2009;"70915";1431,25
2009;"70916";1372,25
2009;"70917";6887,375
2009;"70918";1219,375
2009;"70920";3901,625
2009;"70921";1062,875
2009;"70922";1577,5
2009;"70923";1234,5
2009;"70924";519,125
2009;"70925";1361,875
2009;"70926";12893,125
2009;"70927";1548,5
2009;"70928";1903,625
2009;"70929";295,375
2009;"70930";850,5
2009;"70931";1814,125
2009;"70932";813,25
2009;"70933";2035,125
2009;"70934";1894,875
2009;"70935";1626,5
2009;"70936";4596,125
2009;"70937";1498,625
2009;"70938";2275,875
2009;"70939";1996,875
2009;"70940";1746,5
2009;"70941";645,75
2010;"70101";118243,75
2010;"70201";2970
2010;"70202";4298,625
2010;"70203";9459,625
2010;"70204";754
2010;"70205";1002
2010;"70206";608
2010;"70207";677
2010;"70208";4354,375
2010;"70209";3387,125
2010;"70210";557,5
2010;"70211";1224,625
2010;"70212";2076,375
2010;"70213";1168,875
2010;"70214";2263,25
2010;"70215";2087,375
2010;"70216";1641,125
2010;"70217";1472,75
2010;"70218";1405
2010;"70219";2537,125
2010;"70220";3683,25
2010;"70221";1321,875
2010;"70222";2637,5
2010;"70223";3082,25
2010;"70224";1972,75
2010;"70301";6681,875
2010;"70302";2148,875
2010;"70303";1625,5
2010;"70304";5472,25
2010;"70305";1148
2010;"70306";1281,625
2010;"70307";1080,625
2010;"70308";1207,875
2010;"70309";2044
2010;"70310";4108,375
2010;"70311";716
2010;"70312";3855,625
2010;"70313";1266,75
2010;"70314";577,25
2010;"70315";1311
2010;"70317";417,75
2010;"70318";1196,75
2010;"70319";3484,375
2010;"70320";2574,375
2010;"70322";1491,625
2010;"70323";741,5
2010;"70325";918,75
2010;"70326";2171
2010;"70328";1749,25
2010;"70329";4113,5
2010;"70331";1995
2010;"70332";1922,625
2010;"70333";1972,875
2010;"70334";4496,875
2010;"70335";1674,625
2010;"70336";364,25
2010;"70337";2807,375
2010;"70338";1008,25
2010;"70339";895
2010;"70340";1072,375
2010;"70342";946,25
2010;"70343";964,625
2010;"70344";1161,25
2010;"70345";1627,125
2010;"70346";8800,5
2010;"70347";170,375
2010;"70348";1305,375
2010;"70349";892,125
2010;"70350";990,75
2010;"70351";3083,125
2010;"70352";1346,875
2010;"70353";2023,5
2010;"70354";12612,125
2010;"70355";3346,125
2010;"70356";1459
2010;"70357";14561,125
2010;"70358";3757,5
2010;"70359";1267,875
2010;"70360";1399,25
2010;"70361";203,625
2010;"70362";556
2010;"70364";6522,75
2010;"70365";4310,125
2010;"70366";726
2010;"70367";7608,25
2010;"70368";851,125
2010;"70369";7575,625
2010;"70401";1170,125
2010;"70402";2648,75
2010;"70403";4289
2010;"70404";1862,625
2010;"70405";1123,625
2010;"70406";5535,625
2010;"70407";1160,25
2010;"70408";1571,375
2010;"70409";5121,875
2010;"70410";3750,875
2010;"70411";8141,375
2010;"70412";4163,5
2010;"70413";2010,375
2010;"70414";1638,625
2010;"70415";732,375
2010;"70416";8711,125
2010;"70417";1574,25
2010;"70418";793,375
2010;"70419";1902,5
2010;"70420";3576,875
2010;"70501";2585,375
2010;"70502";914
2010;"70503";2523,75
2010;"70504";1556,5
2010;"70505";3256
2010;"70506";2811,5
2010;"70508";5159,25
2010;"70509";2627,875
2010;"70510";1445,75
2010;"70511";5259
2010;"70512";4534,125
2010;"70513";17217,875
2010;"70514";3954,625
2010;"70515";3693,25
2010;"70516";321,25
2010;"70517";2982
2010;"70518";2605,25
2010;"70519";654,125
2010;"70520";2267
2010;"70521";400,375
2010;"70522";2664,375
2010;"70523";448,125
2010;"70524";1318,625
2010;"70525";2278,625
2010;"70526";3518
2010;"70527";2810,625
2010;"70528";1734,875
2010;"70529";1792,375
2010;"70530";4150,25
2010;"70531";12489,625
2010;"70601";350,125
2010;"70602";264,875
2010;"70603";968,125
2010;"70604";2909,125
2010;"70605";974,875
2010;"70606";830,375
2010;"70607";1368,75
2010;"70608";1584,625
2010;"70609";2624,125
2010;"70610";371,875
2010;"70611";605
2010;"70612";479,5
2010;"70613";518,125
2010;"70614";7675,875
2010;"70615";1529,25
2010;"70616";1472,625
2010;"70617";2526,75
2010;"70618";780,875
2010;"70619";1717,125
2010;"70620";1243,875
2010;"70621";2523,625
2010;"70622";1691,875
2010;"70623";1175,125
2010;"70624";1103,125
2010;"70625";140,5
2010;"70626";607
2010;"70627";1213
2010;"70628";508,375
2010;"70629";675,75
2010;"70630";3283,625
2010;"70701";646,25
2010;"70702";934,125
2010;"70703";365,5
2010;"70704";1292
2010;"70705";1902,875
2010;"70706";805,125
2010;"70707";2287,25
2010;"70708";834,5
2010;"70709";762,875
2010;"70710";993,25
2010;"70711";598,5
2010;"70712";1237,625
2010;"70713";845,5
2010;"70714";277,375
2010;"70715";835,125
2010;"70716";11909,875
2010;"70717";4749,375
2010;"70718";878,375
2010;"70719";3203,25
2010;"70720";1396,875
2010;"70721";716,625
2010;"70723";1228,625
2010;"70724";934,5
2010;"70725";297,25
2010;"70726";733,125
2010;"70727";474,125
2010;"70728";2082,75
2010;"70729";839,875
2010;"70731";634,625
2010;"70732";1387
2010;"70733";249,125
2010;"70734";2198,25
2010;"70735";1009,625
2010;"70801";670,75
2010;"70802";590,5
2010;"70803";645,125
2010;"70804";791
2010;"70805";1536,875
2010;"70806";837,25
2010;"70807";2600,5
2010;"70808";845,25
2010;"70809";388,375
2010;"70810";288,625
2010;"70811";576,125
2010;"70812";55,25
2010;"70813";688
2010;"70814";516,75
2010;"70815";94,125
2010;"70816";1268,75
2010;"70817";442,375
2010;"70818";293,125
2010;"70819";75,875
2010;"70820";1972,875
2010;"70821";1098,5
2010;"70822";402,25
2010;"70823";95,25
2010;"70824";420,875
2010;"70825";123,125
2010;"70826";1246,125
2010;"70827";425,25
2010;"70828";5849,625
2010;"70829";426,375
2010;"70830";413,875
2010;"70831";712,375
2010;"70832";1056,125
2010;"70833";1528,625
2010;"70834";254,75
2010;"70835";860
2010;"70836";1295,375
2010;"70837";248,375
2010;"70901";2129,375
2010;"70902";1605,75
2010;"70903";352,375
2010;"70904";985,625
2010;"70905";2572,375
2010;"70907";2776
2010;"70908";1512,625
2010;"70909";3783,5
2010;"70910";1324,875
2010;"70911";566
2010;"70912";775
2010;"70913";457,625
2010;"70914";677,25
2010;"70915";1448,125
2010;"70916";1368
2010;"70917";6852,875
2010;"70918";1210,125
2010;"70920";3845,75
2010;"70921";1064,375
2010;"70922";1583
2010;"70923";1230,25
2010;"70924";527,875
2010;"70925";1377,875
2010;"70926";12947,25
2010;"70927";1562,75
2010;"70928";1921,375
2010;"70929";293,25
2010;"70930";843,375
2010;"70931";1810
2010;"70932";816,625
2010;"70933";2046,875
2010;"70934";1882,875
2010;"70935";1630,75
2010;"70936";4617,375
2010;"70937";1521,5
2010;"70938";2313,875
2010;"70939";2002,625
2010;"70940";1739,625
2010;"70941";642,125
2011;"70101";119069,625
2011;"70201";2975,125
2011;"70202";4393,625
2011;"70203";9515,75
2011;"70204";743,25
2011;"70205";1001,375
2011;"70206";608,125
2011;"70207";687,375
2011;"70208";4326,5
2011;"70209";3444,625
2011;"70210";546,375
2011;"70211";1233,375
2011;"70212";2069,125
2011;"70213";1174,75
2011;"70214";2293,25
2011;"70215";2096,75
2011;"70216";1643,5
2011;"70217";1467,5
2011;"70218";1419,375
2011;"70219";2527,875
2011;"70220";3763,5
2011;"70221";1329,875
2011;"70222";2628,75
2011;"70223";3078,5
2011;"70224";1955,625
2011;"70301";6714,875
2011;"70302";2196,625
2011;"70303";1652,625
2011;"70304";5551,25
2011;"70305";1147,875
2011;"70306";1307,5
2011;"70307";1071,125
2011;"70308";1215
2011;"70309";2052,5
2011;"70310";4172,375
2011;"70311";715,75
2011;"70312";3894,75
2011;"70313";1270,25
2011;"70314";576,5
2011;"70315";1309,625
2011;"70317";423,5
2011;"70318";1230,125
2011;"70319";3518,5
2011;"70320";2555,125
2011;"70322";1522
2011;"70323";743,875
2011;"70325";919,625
2011;"70326";2210,375
2011;"70328";1745,625
2011;"70329";4136,375
2011;"70331";1992,125
2011;"70332";1872,125
2011;"70333";1968,75
2011;"70334";4523,625
2011;"70335";1679,375
2011;"70336";362,375
2011;"70337";2834,75
2011;"70338";1012
2011;"70339";896,625
2011;"70340";1066,5
2011;"70342";955,25
2011;"70343";973,375
2011;"70344";1154,75
2011;"70345";1651,625
2011;"70346";8835
2011;"70347";170,125
2011;"70348";1302,25
2011;"70349";884,125
2011;"70350";1005,75
2011;"70351";3176,75
2011;"70352";1341,125
2011;"70353";2074,625
2011;"70354";12728
2011;"70355";3353,75
2011;"70356";1463
2011;"70357";14656,375
2011;"70358";3772
2011;"70359";1269,875
2011;"70360";1401,875
2011;"70361";196,5
2011;"70362";553,125
2011;"70364";6519,625
2011;"70365";4328,625
2011;"70366";710,75
2011;"70367";7653,625
2011;"70368";869,375
2011;"70369";7689,25
2011;"70401";1152,75
2011;"70402";2659,875
2011;"70403";4342
2011;"70404";1862,875
2011;"70405";1128,5
2011;"70406";5546,875
2011;"70407";1168,75
2011;"70408";1566,75
2011;"70409";5122,625
2011;"70410";3805,25
2011;"70411";8116,375
2011;"70412";4181,875
2011;"70413";2021
2011;"70414";1645,375
2011;"70415";741
2011;"70416";8727,25
2011;"70417";1594,75
2011;"70418";792,125
2011;"70419";1926
2011;"70420";3584,75
2011;"70501";2593,625
2011;"70502";921
2011;"70503";2552,5
2011;"70504";1552,75
2011;"70505";3296,375
2011;"70506";2799,125
2011;"70508";5184,375
2011;"70509";2641,5
2011;"70510";1453,625
2011;"70511";5303,625
2011;"70512";4553,25
2011;"70513";17422
2011;"70514";3957
2011;"70515";3694,625
2011;"70516";322,875
2011;"70517";3007,25
2011;"70518";2619,25
2011;"70519";659,375
2011;"70520";2286,25
2011;"70521";406,5
2011;"70522";2656
2011;"70523";468,25
2011;"70524";1313,125
2011;"70525";2285,25
2011;"70526";3527,5
2011;"70527";2833,25
2011;"70528";1748,125
2011;"70529";1805
2011;"70530";4142,125
2011;"70531";12709,25
2011;"70601";365,5
2011;"70602";261,75
2011;"70603";961,125
2011;"70604";2911,375
2011;"70605";950,375
2011;"70606";817,75
2011;"70607";1389,375
2011;"70608";1571,875
2011;"70609";2618,375
2011;"70610";389,5
2011;"70611";617,875
2011;"70612";478,375
2011;"70613";535
2011;"70614";7684,125
2011;"70615";1533,75
2011;"70616";1464,125
2011;"70617";2538,25
2011;"70618";796
2011;"70619";1738,375
2011;"70620";1253,5
2011;"70621";2514,125
2011;"70622";1703,75
2011;"70623";1168,25
2011;"70624";1081,75
2011;"70625";135,5
2011;"70626";597,875
2011;"70627";1210,125
2011;"70628";499,75
2011;"70629";671,5
2011;"70630";3274,25
2011;"70701";651,875
2011;"70702";922,25
2011;"70703";371,125
2011;"70704";1292,5
2011;"70705";1881,5
2011;"70706";794,375
2011;"70707";2272
2011;"70708";843,625
2011;"70709";762,25
2011;"70710";976
2011;"70711";602,875
2011;"70712";1226,75
2011;"70713";836,375
2011;"70714";290,25
2011;"70715";819
2011;"70716";11831,75
2011;"70717";4740,875
2011;"70718";897,25
2011;"70719";3259,875
2011;"70720";1394,375
2011;"70721";708,875
2011;"70723";1228,625
2011;"70724";925
2011;"70725";291,625
2011;"70726";735,5
2011;"70727";469,625
2011;"70728";2061,875
2011;"70729";834,5
2011;"70731";634,375
2011;"70732";1405
2011;"70733";249,125
2011;"70734";2201,125
2011;"70735";1009,375
2011;"70801";679,25
2011;"70802";584,125
2011;"70803";633
2011;"70804";793,125
2011;"70805";1526,25
2011;"70806";820,75
2011;"70807";2580,75
2011;"70808";849
2011;"70809";376,875
2011;"70810";281,875
2011;"70811";575,375
2011;"70812";53,375
2011;"70813";682,625
2011;"70814";515
2011;"70815";97,125
2011;"70816";1277,625
2011;"70817";431,25
2011;"70818";301,125
2011;"70819";73,75
2011;"70820";2008,75
2011;"70821";1108,375
2011;"70822";399,5
2011;"70823";91,375
2011;"70824";418,625
2011;"70825";119,875
2011;"70826";1252,625
2011;"70827";413,375
2011;"70828";5949,5
2011;"70829";423,5
2011;"70830";419,125
2011;"70831";699,375
2011;"70832";1039,75
2011;"70833";1497,75
2011;"70834";259,875
2011;"70835";849,875
2011;"70836";1293,875
2011;"70837";235
2011;"70901";2150,25
2011;"70902";1661,125
2011;"70903";349,625
2011;"70904";991,75
2011;"70905";2558,25
2011;"70907";2799,75
2011;"70908";1504,375
2011;"70909";3797
2011;"70910";1333,875
2011;"70911";585,125
2011;"70912";775,875
2011;"70913";475,625
2011;"70914";685,25
2011;"70915";1483,875
2011;"70916";1374,875
2011;"70917";6850,375
2011;"70918";1212,375
2011;"70920";3792,75
2011;"70921";1081,25
2011;"70922";1580
2011;"70923";1226,875
2011;"70924";537,125
2011;"70925";1386,75
2011;"70926";13004,75
2011;"70927";1598,5
2011;"70928";1927,125
2011;"70929";297,75
2011;"70930";844,125
2011;"70931";1809
2011;"70932";837,625
2011;"70933";2068,375
2011;"70934";1910,25
2011;"70935";1655,5
2011;"70936";4640,375
2011;"70937";1544,75
2011;"70938";2325,125
2011;"70939";2030,125
2011;"70940";1729,5
2011;"70941";630,875
2012;"70101";120752
2012;"70201";2991,25
2012;"70202";4453,625
2012;"70203";9511,25
2012;"70204";753,25
2012;"70205";1009,75
2012;"70206";607,125
2012;"70207";680
2012;"70208";4321,875
2012;"70209";3463,5
2012;"70210";542,875
2012;"70211";1251,25
2012;"70212";2070,375
2012;"70213";1186,75
2012;"70214";2328,125
2012;"70215";2133
2012;"70216";1675,625
2012;"70217";1453
2012;"70218";1423,875
2012;"70219";2531,25
2012;"70220";3729,5
2012;"70221";1333,25
2012;"70222";2670,125
2012;"70223";3113,875
2012;"70224";1955,5
2012;"70301";6729,125
2012;"70302";2251,875
2012;"70303";1668,625
2012;"70304";5586,875
2012;"70305";1163,375
2012;"70306";1301,875
2012;"70307";1069,25
2012;"70308";1211
2012;"70309";2036,375
2012;"70310";4217,875
2012;"70311";736,125
2012;"70312";3937,625
2012;"70313";1273,625
2012;"70314";586,625
2012;"70315";1340,625
2012;"70317";433
2012;"70318";1251,5
2012;"70319";3554,625
2012;"70320";2551,5
2012;"70322";1566,75
2012;"70323";749
2012;"70325";936,375
2012;"70326";2197,375
2012;"70328";1763
2012;"70329";4119,125
2012;"70331";1997,75
2012;"70332";1867,625
2012;"70333";1961,875
2012;"70334";4557
2012;"70335";1687,5
2012;"70336";361,625
2012;"70337";2854,375
2012;"70338";993
2012;"70339";903,75
2012;"70340";1092,5
2012;"70342";953,375
2012;"70343";988,875
2012;"70344";1244
2012;"70345";1669,875
2012;"70346";8809
2012;"70347";166,25
2012;"70348";1313,25
2012;"70349";869,625
2012;"70350";1016
2012;"70351";3241,875
2012;"70352";1345,125
2012;"70353";2123,875
2012;"70354";12946,5
2012;"70355";3354,625
2012;"70356";1497,875
2012;"70357";14758,625
2012;"70358";3784,75
2012;"70359";1260,125
2012;"70360";1410,75
2012;"70361";193,75
2012;"70362";553,25
2012;"70364";6516,5
2012;"70365";4364,625
2012;"70366";721,375
2012;"70367";7666
2012;"70368";879,125
2012;"70369";7824,125
2012;"70401";1123,75
2012;"70402";2663,625
2012;"70403";4349,25
2012;"70404";1871,375
2012;"70405";1141,75
2012;"70406";5565,5
2012;"70407";1174,5
2012;"70408";1575,125
2012;"70409";5097,75
2012;"70410";3837
2012;"70411";8110,625
2012;"70412";4185,25
2012;"70413";2022,875
2012;"70414";1664
2012;"70415";761,75
2012;"70416";8762,25
2012;"70417";1615,5
2012;"70418";790,875
2012;"70419";1949
2012;"70420";3604,875
2012;"70501";2577,875
2012;"70502";957
2012;"70503";2554,625
2012;"70504";1542,375
2012;"70505";3326,375
2012;"70506";2809,125
2012;"70508";5251,875
2012;"70509";2656
2012;"70510";1452,75
2012;"70511";5366,25
2012;"70512";4610,375
2012;"70513";17702,75
2012;"70514";3990,375
2012;"70515";3727,75
2012;"70516";324,375
2012;"70517";3079,875
2012;"70518";2638,25
2012;"70519";672,875
2012;"70520";2286,625
2012;"70521";422,875
2012;"70522";2691,5
2012;"70523";469,875
2012;"70524";1329,625
2012;"70525";2315,75
2012;"70526";3543,625
2012;"70527";2828,875
2012;"70528";1776,375
2012;"70529";1791,75
2012;"70530";4148,5
2012;"70531";12747,5
2012;"70601";370,25
2012;"70602";260,75
2012;"70603";944,5
2012;"70604";2906,5
2012;"70605";933,75
2012;"70606";804,875
2012;"70607";1385,375
2012;"70608";1566,625
2012;"70609";2619,25
2012;"70610";407,875
2012;"70611";623,25
2012;"70612";477,75
2012;"70613";541
2012;"70614";7699,5
2012;"70615";1542,875
2012;"70616";1444,125
2012;"70617";2546,5
2012;"70618";796,875
2012;"70619";1743,75
2012;"70620";1248,5
2012;"70621";2492,875
2012;"70622";1710,875
2012;"70623";1169,25
2012;"70624";1086,75
2012;"70625";131,75
2012;"70626";586,75
2012;"70627";1210
2012;"70628";496,875
2012;"70629";669,875
2012;"70630";3282,625
2012;"70701";647,25
2012;"70702";918,875
2012;"70703";387
2012;"70704";1290,75
2012;"70705";1862,625
2012;"70706";777,125
2012;"70707";2265,875
2012;"70708";841
2012;"70709";760,5
2012;"70710";967,25
2012;"70711";600,875
2012;"70712";1221,125
2012;"70713";827,375
2012;"70714";295,125
2012;"70715";803,25
2012;"70716";11757,375
2012;"70717";4715,375
2012;"70718";899
2012;"70719";3285,75
2012;"70720";1400,125
2012;"70721";708,875
2012;"70723";1209,875
2012;"70724";915,75
2012;"70725";287,875
2012;"70726";728,125
2012;"70727";465,25
2012;"70728";2046
2012;"70729";827,125
2012;"70731";628,25
2012;"70732";1406,5
2012;"70733";251,125
2012;"70734";2194,125
2012;"70735";1000,75
2012;"70801";678,875
2012;"70802";576,875
2012;"70803";633,25
2012;"70804";776,25
2012;"70805";1529,25
2012;"70806";828,75
2012;"70807";2574,25
2012;"70808";850,25
2012;"70809";373,5
2012;"70810";272,875
2012;"70811";585,5
2012;"70812";53,375
2012;"70813";668,375
2012;"70814";508
2012;"70815";95,25
2012;"70816";1254,875
2012;"70817";429,75
2012;"70818";291,75
2012;"70819";72,125
2012;"70820";2051
2012;"70821";1105,125
2012;"70822";398,125
2012;"70823";88,375
2012;"70824";424,5
2012;"70825";121,25
2012;"70826";1256,125
2012;"70827";417,25
2012;"70828";6056,25
2012;"70829";421,125
2012;"70830";418,75
2012;"70831";686
2012;"70832";1049,875
2012;"70833";1483,875
2012;"70834";257,5
2012;"70835";848,25
2012;"70836";1266,25
2012;"70837";226,625
2012;"70901";2143,125
2012;"70902";1731,75
2012;"70903";350,5
2012;"70904";1004,875
2012;"70905";2520,25
2012;"70907";2857,75
2012;"70908";1475,625
2012;"70909";3873,625
2012;"70910";1338,25
2012;"70911";610,875
2012;"70912";768,25
2012;"70913";477,625
2012;"70914";688,375
2012;"70915";1516,75
2012;"70916";1388,75
2012;"70917";6831,75
2012;"70918";1237,625
2012;"70920";3781,125
2012;"70921";1127,5
2012;"70922";1567,5
2012;"70923";1218,25
2012;"70924";532,375
2012;"70925";1413,625
2012;"70926";13031,75
2012;"70927";1594,625
2012;"70928";1928,625
2012;"70929";298,5
2012;"70930";828,75
2012;"70931";1806,125
2012;"70932";837,75
2012;"70933";2095
2012;"70934";1916,375
2012;"70935";1669,5
2012;"70936";4674,375
2012;"70937";1538,375
2012;"70938";2352,625
2012;"70939";2056,75
2012;"70940";1758,5
2012;"70941";629
2013;"70101";123356,625
2013;"70201";2995,625
2013;"70202";4463
2013;"70203";9590,875
2013;"70204";757,25
2013;"70205";1013,625
2013;"70206";607,625
2013;"70207";686,75
2013;"70208";4373,25
2013;"70209";3479,375
2013;"70210";536
2013;"70211";1252,75
2013;"70212";2069,75
2013;"70213";1227,625
2013;"70214";2335,25
2013;"70215";2165,625
2013;"70216";1691,375
2013;"70217";1433,75
2013;"70218";1446,75
2013;"70219";2560,5
2013;"70220";3315,5
2013;"70221";1336,625
2013;"70222";2687,875
2013;"70223";3124,5
2013;"70224";1942,875
2013;"70301";6763,25
2013;"70302";2366,75
2013;"70303";1723,25
2013;"70304";5616,875
2013;"70305";1172,875
2013;"70306";1313
2013;"70307";1088,125
2013;"70308";1226,875
2013;"70309";2036,25
2013;"70310";4234,875
2013;"70311";750,375
2013;"70312";3984,25
2013;"70313";1274,25
2013;"70314";595,375
2013;"70315";1347,375
2013;"70317";437,625
2013;"70318";1304,375
2013;"70319";3594,875
2013;"70320";2632,75
2013;"70322";1578,5
2013;"70323";760,75
2013;"70325";972
2013;"70326";2220,125
2013;"70328";1780,125
2013;"70329";4146,625
2013;"70331";2051,25
2013;"70332";1863,5
2013;"70333";1970,75
2013;"70334";4580,25
2013;"70335";1692,25
2013;"70336";364,5
2013;"70337";2888,5
2013;"70338";965,25
2013;"70339";905,125
2013;"70340";1084
2013;"70342";956,5
2013;"70343";1005,375
2013;"70344";1278
2013;"70345";1705,875
2013;"70346";8839,75
2013;"70347";169,375
2013;"70348";1304,375
2013;"70349";857,125
2013;"70350";1017,5
2013;"70351";3291,625
2013;"70352";1344
2013;"70353";2150,25
2013;"70354";13018,125
2013;"70355";3362
2013;"70356";1502
2013;"70357";14860,875
2013;"70358";3795,125
2013;"70359";1246,875
2013;"70360";1425,5
2013;"70361";210,25
2013;"70362";547,625
2013;"70364";6571,125
2013;"70365";4384,125
2013;"70366";721,75
2013;"70367";7660,5
2013;"70368";899,125
2013;"70369";7853,25
2013;"70401";1120,625
2013;"70402";2638,375
2013;"70403";4340,625
2013;"70404";1895,125
2013;"70405";1146,25
2013;"70406";5568,625
2013;"70407";1160,75
2013;"70408";1545,75
2013;"70409";5092,75
2013;"70410";3836,125
2013;"70411";8181,625
2013;"70412";4199,625
2013;"70413";2048,25
2013;"70414";1663,5
2013;"70415";756,625
2013;"70416";8824,625
2013;"70417";1645,625
2013;"70418";790,125
2013;"70419";1983,75
2013;"70420";3638,125
2013;"70501";2570,125
2013;"70502";975,125
2013;"70503";2578,125
2013;"70504";1540
2013;"70505";3336,25
2013;"70506";2856,25
2013;"70508";5310,375
2013;"70509";2688,125
2013;"70510";1458,25
2013;"70511";5431,375
2013;"70512";4658
2013;"70513";17994,5
2013;"70514";4063,625
2013;"70515";3804
2013;"70516";335,25
2013;"70517";3145,75
2013;"70518";2664,125
2013;"70519";679,125
2013;"70520";2278,375
2013;"70521";405,375
2013;"70522";2709,25
2013;"70523";469,625
2013;"70524";1352,375
2013;"70525";2325,625
2013;"70526";3525,375
2013;"70527";2824,125
2013;"70528";1800,75
2013;"70529";1805,625
2013;"70530";4183,625
2013;"70531";12902,75
2013;"70601";369,25
2013;"70602";248,625
2013;"70603";968,75
2013;"70604";2917,5
2013;"70605";928,5
2013;"70606";799,375
2013;"70607";1395,625
2013;"70608";1550,125
2013;"70609";2612,125
2013;"70610";416
2013;"70611";603,875
2013;"70612";487,125
2013;"70613";542
2013;"70614";7806
2013;"70615";1552,625
2013;"70616";1446,75
2013;"70617";2544,75
2013;"70618";796,625
2013;"70619";1756,25
2013;"70620";1237,5
2013;"70621";2456,25
2013;"70622";1715,625
2013;"70623";1169,5
2013;"70624";1091,75
2013;"70625";127,375
2013;"70626";575,25
2013;"70627";1209,375
2013;"70628";502,75
2013;"70629";670,875
2013;"70630";3310,375
2013;"70701";640,25
2013;"70702";913,75
2013;"70703";398,875
2013;"70704";1281,875
2013;"70705";1836,875
2013;"70706";765,5
2013;"70707";2263
2013;"70708";854,5
2013;"70709";739,25
2013;"70710";962,875
2013;"70711";598,25
2013;"70712";1214,75
2013;"70713";825,875
2013;"70714";290,75
2013;"70715";782,5
2013;"70716";11849,25
2013;"70717";4692,125
2013;"70718";884,75
2013;"70719";3267,25
2013;"70720";1412,125
2013;"70721";702,125
2013;"70723";1191,375
2013;"70724";902,875
2013;"70725";272,5
2013;"70726";723,125
2013;"70727";470,375
2013;"70728";2038,875
2013;"70729";816,5
2013;"70731";610,25
2013;"70732";1407,125
2013;"70733";245,25
2013;"70734";2185
2013;"70735";1010,625
2013;"70801";667,375
2013;"70802";564
2013;"70803";634,875
2013;"70804";756,125
2013;"70805";1534,125
2013;"70806";843,875
2013;"70807";2582,875
2013;"70808";844,25
2013;"70809";373,5
2013;"70810";267,5
2013;"70811";607,5
2013;"70812";52,125
2013;"70813";670,75
2013;"70814";507,75
2013;"70815";91
2013;"70816";1240,25
2013;"70817";416,875
2013;"70818";283,5
2013;"70819";75
2013;"70820";2048,625
2013;"70821";1089,875
2013;"70822";400,75
2013;"70823";85,875
2013;"70824";429,125
2013;"70825";117,75
2013;"70826";1299,625
2013;"70827";408,875
2013;"70828";6151,25
2013;"70829";423,25
2013;"70830";428,5
2013;"70831";677,5
2013;"70832";1049,125
2013;"70833";1485,625
2013;"70834";249
2013;"70835";853,125
2013;"70836";1263,875
2013;"70837";217,875
2013;"70901";2135
2013;"70902";1724,625
2013;"70903";352,375
2013;"70904";1028,375
2013;"70905";2501,875
2013;"70907";2938,625
2013;"70908";1458,25
2013;"70909";3949,375
2013;"70910";1346,5
2013;"70911";623,125
2013;"70912";760,75
2013;"70913";470,25
2013;"70914";691,375
2013;"70915";1544,375
2013;"70916";1405,125
2013;"70917";6888,75
2013;"70918";1242,875
2013;"70920";3799,625
2013;"70921";1131,25
2013;"70922";1580,25
2013;"70923";1202,5
2013;"70924";551,25
2013;"70925";1433,125
2013;"70926";13115,625
2013;"70927";1611,25
2013;"70928";1914,625
2013;"70929";293,875
2013;"70930";819,375
2013;"70931";1830
2013;"70932";838,125
2013;"70933";2099,125
2013;"70934";1917,625
2013;"70935";1663,375
2013;"70936";4722,125
2013;"70937";1500,375
2013;"70938";2377
2013;"70939";2055,75
2013;"70940";1756
2013;"70941";652,25
2014;"70101";125492,5
2014;"70201";3045,125
2014;"70202";4494,75
2014;"70203";9742,5
2014;"70204";765,875
2014;"70205";1002,375
2014;"70206";604,875
2014;"70207";694,125
2014;"70208";4416,75
2014;"70209";3493,25
2014;"70210";541,75
2014;"70211";1265,5
2014;"70212";2042,625
2014;"70213";1263,25
2014;"70214";2330
2014;"70215";2156
2014;"70216";1701
2014;"70217";1407,125
2014;"70218";1505,875
2014;"70219";2560,25
2014;"70220";3207,125
2014;"70221";1358
2014;"70222";2698,125
2014;"70223";3107,125
2014;"70224";1944,5
2014;"70301";6776
2014;"70302";2454,125
2014;"70303";1774,875
2014;"70304";5701,75
2014;"70305";1206,75
2014;"70306";1334,75
2014;"70307";1092,75
2014;"70308";1259,75
2014;"70309";2076,875
2014;"70310";4247,5
2014;"70311";761,375
2014;"70312";3990,75
2014;"70313";1308,5
2014;"70314";587,25
2014;"70315";1398,375
2014;"70317";425,75
2014;"70318";1334,5
2014;"70319";3649,375
2014;"70320";2742,875
2014;"70322";1583,5
2014;"70323";779,875
2014;"70325";1006
2014;"70326";2253
2014;"70328";1825,125
2014;"70329";4138,75
2014;"70331";2079,75
2014;"70332";1882,125
2014;"70333";1971,625
2014;"70334";4645,5
2014;"70335";1708,75
2014;"70336";360,875
2014;"70337";2931,875
2014;"70338";971,5
2014;"70339";940,75
2014;"70340";1057,75
2014;"70342";1002
2014;"70343";1037,625
2014;"70344";1299,125
2014;"70345";1739,375
2014;"70346";8974,625
2014;"70347";173,875
2014;"70348";1308,375
2014;"70349";860,625
2014;"70350";1011,375
2014;"70351";3327,75
2014;"70352";1338,125
2014;"70353";2172,375
2014;"70354";13301
2014;"70355";3399
2014;"70356";1515,125
2014;"70357";15133,625
2014;"70358";3832,75
2014;"70359";1244,625
2014;"70360";1470,75
2014;"70361";214,625
2014;"70362";541,75
2014;"70364";6620
2014;"70365";4371,75
2014;"70366";724,5
2014;"70367";7698,375
2014;"70368";908
2014;"70369";7914,875
2014;"70401";1098,25
2014;"70402";2631,25
2014;"70403";4338,25
2014;"70404";1901,5
2014;"70405";1147,375
2014;"70406";5590,25
2014;"70407";1158,5
2014;"70408";1546,625
2014;"70409";5141,125
2014;"70410";3881,375
2014;"70411";8212
2014;"70412";4199
2014;"70413";2070,75
2014;"70414";1674,75
2014;"70415";761,625
2014;"70416";8968,125
2014;"70417";1713,25
2014;"70418";798,75
2014;"70419";1962
2014;"70420";3650,75
2014;"70501";2577
2014;"70502";992,75
2014;"70503";2591,125
2014;"70504";1526,5
2014;"70505";3339,625
2014;"70506";2858,5
2014;"70508";5370,125
2014;"70509";2711,5
2014;"70510";1464,875
2014;"70511";5519,125
2014;"70512";4694,375
2014;"70513";18303,125
2014;"70514";4132,5
2014;"70515";3846,625
2014;"70516";349,5
2014;"70517";3195,125
2014;"70518";2659
2014;"70519";683,875
2014;"70520";2369,625
2014;"70521";399,125
2014;"70522";2711,875
2014;"70523";470,25
2014;"70524";1352,625
2014;"70525";2333,5
2014;"70526";3546,875
2014;"70527";2849
2014;"70528";1842,625
2014;"70529";1830,5
2014;"70530";4207,375
2014;"70531";12997,375
2014;"70601";368
2014;"70602";252,125
2014;"70603";965,5
2014;"70604";2913,5
2014;"70605";929,375
2014;"70606";789,625
2014;"70607";1390,25
2014;"70608";1544,25
2014;"70609";2611,625
2014;"70610";423,5
2014;"70611";597,375
2014;"70612";488,25
2014;"70613";540,875
2014;"70614";7810,5
2014;"70615";1549,125
2014;"70616";1452,125
2014;"70617";2544,625
2014;"70618";793,625
2014;"70619";1752,625
2014;"70620";1231,625
2014;"70621";2406,5
2014;"70622";1709,75
2014;"70623";1190
2014;"70624";1091,875
2014;"70625";125,25
2014;"70626";575,25
2014;"70627";1204,875
2014;"70628";514,75
2014;"70629";681,25
2014;"70630";3357,875
2014;"70701";637,875
2014;"70702";910,25
2014;"70703";433,625
2014;"70704";1265,125
2014;"70705";1816
2014;"70706";762,5
2014;"70707";2247,125
2014;"70708";850,5
2014;"70709";728,875
2014;"70710";958,75
2014;"70711";603
2014;"70712";1202,375
2014;"70713";816,125
2014;"70714";294,125
2014;"70715";777
2014;"70716";11888,125
2014;"70717";4691,375
2014;"70718";873,875
2014;"70719";3253,5
2014;"70720";1416
2014;"70721";691
2014;"70723";1176,875
2014;"70724";891,25
2014;"70725";277,75
2014;"70726";713,25
2014;"70727";474,625
2014;"70728";2040,375
2014;"70729";803
2014;"70731";611,375
2014;"70732";1400,375
2014;"70733";243,625
2014;"70734";2175,75
2014;"70735";1022,375
2014;"70801";649,125
2014;"70802";563,125
2014;"70803";616,75
2014;"70804";742,625
2014;"70805";1498,25
2014;"70806";829,125
2014;"70807";2581,875
2014;"70808";858,625
2014;"70809";372,5
2014;"70810";270,75
2014;"70811";612,25
2014;"70812";45,625
2014;"70813";665,75
2014;"70814";502,125
2014;"70815";90,875
2014;"70816";1230,375
2014;"70817";420,125
2014;"70818";279,875
2014;"70819";74,125
2014;"70820";2027,75
2014;"70821";1090,625
2014;"70822";389,125
2014;"70823";80,5
2014;"70824";428,75
2014;"70825";112,125
2014;"70826";1309
2014;"70827";404,375
2014;"70828";6294
2014;"70829";427,25
2014;"70830";436,875
2014;"70831";676,875
2014;"70832";1036,5
2014;"70833";1497
2014;"70834";250,875
2014;"70835";840,875
2014;"70836";1274,5
2014;"70837";216
2014;"70901";2114,875
2014;"70902";1738,125
2014;"70903";356,375
2014;"70904";1051,25
2014;"70905";2529,625
2014;"70907";2997,375
2014;"70908";1443,75
2014;"70909";3973,25
2014;"70910";1356,75
2014;"70911";639
2014;"70912";775
2014;"70913";468,5
2014;"70914";704,5
2014;"70915";1549,25
2014;"70916";1414,625
2014;"70917";6950,375
2014;"70918";1251,25
2014;"70920";3842,5
2014;"70921";1146,25
2014;"70922";1589,125
2014;"70923";1239,875
2014;"70924";554,5
2014;"70925";1447
2014;"70926";13201,625
2014;"70927";1636,25
2014;"70928";1925
2014;"70929";288
2014;"70930";827
2014;"70931";1846,5
2014;"70932";843,5
2014;"70933";2102
2014;"70934";1915
2014;"70935";1677,625
2014;"70936";4786
2014;"70937";1500,75
2014;"70938";2403,25
2014;"70939";2049,75
2014;"70940";1759,125
2014;"70941";651
2015;"70101";128310,25
2015;"70201";3047,125
2015;"70202";4522,125
2015;"70203";9953,25
2015;"70204";768,875
2015;"70205";994,875
2015;"70206";601,875
2015;"70207";683,875
2015;"70208";4448,375
2015;"70209";3512,625
2015;"70210";551,25
2015;"70211";1267,625
2015;"70212";2019,375
2015;"70213";1264,125
2015;"70214";2352,125
2015;"70215";2193,375
2015;"70216";1751,75
2015;"70217";1388,375
2015;"70218";1560,75
2015;"70219";2512
2015;"70220";3163,75
2015;"70221";1378,375
2015;"70222";2712,875
2015;"70223";3151,75
2015;"70224";1963,875
2015;"70301";6801
2015;"70302";2529,75
2015;"70303";1806,5
2015;"70304";5806,5
2015;"70305";1232
2015;"70306";1359,25
2015;"70307";1101,75
2015;"70308";1285,875
2015;"70309";2065,875
2015;"70310";4261,25
2015;"70311";789,625
2015;"70312";3991
2015;"70313";1339,5
2015;"70314";598,25
2015;"70315";1408
2015;"70317";423,5
2015;"70318";1377,875
2015;"70319";3704,625
2015;"70320";2799,125
2015;"70322";1573,375
2015;"70323";793
2015;"70325";1050,125
2015;"70326";2280,125
2015;"70328";1832,625
2015;"70329";4233,375
2015;"70331";2061,75
2015;"70332";1975,875
2015;"70333";1975
2015;"70334";4670,125
2015;"70335";1751,375
2015;"70336";353,875
2015;"70337";2985,875
2015;"70338";971
2015;"70339";974,875
2015;"70340";1079,375
2015;"70342";1039,125
2015;"70343";1041,875
2015;"70344";1303,25
2015;"70345";1794,875
2015;"70346";9018,625
2015;"70347";168,125
2015;"70348";1338,75
2015;"70349";864,625
2015;"70350";1012,625
2015;"70351";3379,125
2015;"70352";1342,625
2015;"70353";2199,75
2015;"70354";13617,25
2015;"70355";3458,375
2015;"70356";1523,625
2015;"70357";15301,375
2015;"70358";3856,75
2015;"70359";1261,125
2015;"70360";1495,375
2015;"70361";218,125
2015;"70362";538,75
2015;"70364";6624,125
2015;"70365";4422,375
2015;"70366";726,25
2015;"70367";7801,75
2015;"70368";918,125
2015;"70369";7975,75
2015;"70401";1097,5
2015;"70402";2611,25
2015;"70403";4328,75
2015;"70404";1881
2015;"70405";1142,5
2015;"70406";5619,625
2015;"70407";1160,875
2015;"70408";1552,625
2015;"70409";5139,25
2015;"70410";3896,5
2015;"70411";8296,875
2015;"70412";4223,875
2015;"70413";2115,75
2015;"70414";1678,125
2015;"70415";771,75
2015;"70416";9145
2015;"70417";1740,875
2015;"70418";801,5
2015;"70419";1960,375
2015;"70420";3650,625
2015;"70501";2573,25
2015;"70502";1005,625
2015;"70503";2605,25
2015;"70504";1512,625
2015;"70505";3368,25
2015;"70506";2892,125
2015;"70508";5425,25
2015;"70509";2717,25
2015;"70510";1499,625
2015;"70511";5582,625
2015;"70512";4734,25
2015;"70513";18549,625
2015;"70514";4172,25
2015;"70515";3899,125
2015;"70516";351,875
2015;"70517";3249,5
2015;"70518";2653,5
2015;"70519";699,875
2015;"70520";2385
2015;"70521";406,625
2015;"70522";2711,125
2015;"70523";478,75
2015;"70524";1364,5
2015;"70525";2370,75
2015;"70526";3576,875
2015;"70527";2874,625
2015;"70528";1869,375
2015;"70529";1855,75
2015;"70530";4202,5
2015;"70531";13176,625
2015;"70601";371,875
2015;"70602";249,5
2015;"70603";951,625
2015;"70604";2950
2015;"70605";943,75
2015;"70606";775,75
2015;"70607";1393,875
2015;"70608";1549,75
2015;"70609";2612,25
2015;"70610";426
2015;"70611";593,125
2015;"70612";497,25
2015;"70613";534,375
2015;"70614";7778,625
2015;"70615";1559,625
2015;"70616";1449,375
2015;"70617";2547,875
2015;"70618";805,875
2015;"70619";1756,5
2015;"70620";1256,125
2015;"70621";2380,25
2015;"70622";1728,25
2015;"70623";1205,375
2015;"70624";1111,25
2015;"70625";120
2015;"70626";573,5
2015;"70627";1199,625
2015;"70628";513
2015;"70629";686,875
2015;"70630";3401,625
2015;"70701";648,375
2015;"70702";910,75
2015;"70703";474,25
2015;"70704";1252,875
2015;"70705";1803,5
2015;"70706";760,625
2015;"70707";2267,25
2015;"70708";845,625
2015;"70709";720,625
2015;"70710";949,25
2015;"70711";601,75
2015;"70712";1190
2015;"70713";807,875
2015;"70714";305
2015;"70715";750,25
2015;"70716";11958,5
2015;"70717";4679,125
2015;"70718";870,125
2015;"70719";3242,375
2015;"70720";1457,25
2015;"70721";689,125
2015;"70723";1174,5
2015;"70724";876,875
2015;"70725";281,625
2015;"70726";700,375
2015;"70727";474,25
2015;"70728";2036
2015;"70729";795,375
2015;"70731";620,25
2015;"70732";1392
2015;"70733";243,125
2015;"70734";2182,375
2015;"70735";1006,75
2015;"70801";632,625
2015;"70802";563,75
2015;"70803";628,875
2015;"70804";736,75
2015;"70805";1474,375
2015;"70806";825,625
2015;"70807";2559,375
2015;"70808";878,25
2015;"70809";375,875
2015;"70810";266,125
2015;"70811";597,5
2015;"70812";47,375
2015;"70813";661,25
2015;"70814";495
2015;"70815";92,75
2015;"70816";1209,625
2015;"70817";418,5
2015;"70818";284,5
2015;"70819";74,875
2015;"70820";1995
2015;"70821";1110
2015;"70822";388,125
2015;"70823";76,875
2015;"70824";444,25
2015;"70825";105,75
2015;"70826";1341
2015;"70827";413,25
2015;"70828";6443,25
2015;"70829";426,375
2015;"70830";442,5
2015;"70831";677,625
2015;"70832";1046,25
2015;"70833";1513,625
2015;"70834";246,875
2015;"70835";892,75
2015;"70836";1268,375
2015;"70837";216
2015;"70901";2143
2015;"70902";1777,5
2015;"70903";363,625
2015;"70904";1069
2015;"70905";2536,375
2015;"70907";3070,25
2015;"70908";1438,5
2015;"70909";4011,125
2015;"70910";1351,5
2015;"70911";640,625
2015;"70912";794,375
2015;"70913";468,625
2015;"70914";716,75
2015;"70915";1561,75
2015;"70916";1404,375
2015;"70917";6989
2015;"70918";1263,5
2015;"70920";3829,25
2015;"70921";1157
2015;"70922";1591,375
2015;"70923";1259,75
2015;"70924";561,125
2015;"70925";1444,75
2015;"70926";13278,25
2015;"70927";1660,125
2015;"70928";1948,25
2015;"70929";285,625
2015;"70930";828,75
2015;"70931";1850,625
2015;"70932";856,625
2015;"70933";2142
2015;"70934";1919,625
2015;"70935";1723,875
2015;"70936";4912,75
2015;"70937";1519,625
2015;"70938";2454,625
2015;"70939";2055,75
2015;"70940";1732,625
2015;"70941";650
2016;"70101";131469,125
2016;"70201";3061
2016;"70202";4553,625
2016;"70203";10252,25
2016;"70204";767,25
2016;"70205";990,875
2016;"70206";596
2016;"70207";679,875
2016;"70208";4522,875
2016;"70209";3575,25
2016;"70210";563,5
2016;"70211";1252,25
2016;"70212";2034
2016;"70213";1331,625
2016;"70214";2382,375
2016;"70215";2223,25
2016;"70216";1776,125
2016;"70217";1387,25
2016;"70218";1605,5
2016;"70219";2523,75
2016;"70220";3098,375
2016;"70221";1435,5
2016;"70222";2721,75
2016;"70223";3191,5
2016;"70224";1994,375
2016;"70301";6961
2016;"70302";2604,75
2016;"70303";1799,5
2016;"70304";5847,625
2016;"70305";1258,375
2016;"70306";1399,875
2016;"70307";1103,875
2016;"70308";1288,375
2016;"70309";2091,25
2016;"70310";4320,25
2016;"70311";792,875
2016;"70312";3992,375
2016;"70313";1332,125
2016;"70314";612,75
2016;"70315";1412,125
2016;"70317";421,125
2016;"70318";1399,5
2016;"70319";3782
2016;"70320";2837,625
2016;"70322";1591,125
2016;"70323";803,125
2016;"70325";1080,875
2016;"70326";2312,25
2016;"70328";1831
2016;"70329";4298,25
2016;"70331";2121,625
2016;"70332";2014,625
2016;"70333";1983,875
2016;"70334";4715,5
2016;"70335";1799,875
2016;"70336";356,875
2016;"70337";2986,25
2016;"70338";996,25
2016;"70339";991,875
2016;"70340";1102,125
2016;"70342";1087,875
2016;"70343";1070,5
2016;"70344";1340,25
2016;"70345";1844,625
2016;"70346";9066,625
2016;"70347";165,75
2016;"70348";1388,625
2016;"70349";863,875
2016;"70350";1065,5
2016;"70351";3423,25
2016;"70352";1344
2016;"70353";2231,625
2016;"70354";13856,5
2016;"70355";3513,125
2016;"70356";1525,5
2016;"70357";15477,5
2016;"70358";3928,75
2016;"70359";1271,5
2016;"70360";1510,125
2016;"70361";221,5
2016;"70362";537,875
2016;"70364";6708,25
2016;"70365";4434,875
2016;"70366";728,75
2016;"70367";7885,5
2016;"70368";931,5
2016;"70369";8121,375
2016;"70401";1109,625
2016;"70402";2620,75
2016;"70403";4266,125
2016;"70404";1879,125
2016;"70405";1157
2016;"70406";5659,375
2016;"70407";1171,25
2016;"70408";1550,375
2016;"70409";5172
2016;"70410";3918
2016;"70411";8332,875
2016;"70412";4264,625
2016;"70413";2145,875
2016;"70414";1656,875
2016;"70415";778,625
2016;"70416";9351,125
2016;"70417";1760,875
2016;"70418";836
2016;"70419";1982,375
2016;"70420";3645,125
2016;"70501";2557,75
2016;"70502";1003,25
2016;"70503";2688,375
2016;"70504";1505,25
2016;"70505";3433,875
2016;"70506";2910,125
2016;"70508";5525,625
2016;"70509";2773,875
2016;"70510";1515,25
2016;"70511";5721,625
2016;"70512";4788,125
2016;"70513";18815,75
2016;"70514";4279,125
2016;"70515";3949,875
2016;"70516";350,375
2016;"70517";3299,75
2016;"70518";2668
2016;"70519";701,125
2016;"70520";2415,125
2016;"70521";414
2016;"70522";2753,625
2016;"70523";489,625
2016;"70524";1389,5
2016;"70525";2451,75
2016;"70526";3613
2016;"70527";2945
2016;"70528";1881
2016;"70529";1897,875
2016;"70530";4242,125
2016;"70531";13418,625
2016;"70601";371,75
2016;"70602";249,375
2016;"70603";970,625
2016;"70604";2998,5
2016;"70605";964,625
2016;"70606";765,375
2016;"70607";1400,25
2016;"70608";1562,875
2016;"70609";2632,375
2016;"70610";432,125
2016;"70611";595
2016;"70612";491,875
2016;"70613";527,5
2016;"70614";7763,125
2016;"70615";1553,25
2016;"70616";1448,125
2016;"70617";2573
2016;"70618";822,75
2016;"70619";1797,75
2016;"70620";1267,25
2016;"70621";2341,875
2016;"70622";1714,625
2016;"70623";1227,25
2016;"70624";1117,75
2016;"70625";116,625
2016;"70626";575,25
2016;"70627";1204,625
2016;"70628";525,875
2016;"70629";701,875
2016;"70630";3422
2016;"70701";644,5
2016;"70702";909,75
2016;"70703";477,625
2016;"70704";1237
2016;"70705";1788,875
2016;"70706";757,25
2016;"70707";2324,5
2016;"70708";826,625
2016;"70709";719,125
2016;"70710";941,125
2016;"70711";592,5
2016;"70712";1151,875
2016;"70713";810,625
2016;"70714";307,75
2016;"70715";749,625
2016;"70716";12011,625
2016;"70717";4676,5
2016;"70718";880,625
2016;"70719";3241,125
2016;"70720";1477,125
2016;"70721";686,25
2016;"70723";1163,5
2016;"70724";866,625
2016;"70725";288,25
2016;"70726";688
2016;"70727";478,625
2016;"70728";2042,5
2016;"70729";784,75
2016;"70731";616,25
2016;"70732";1394,875
2016;"70733";240,375
2016;"70734";2192,5
2016;"70735";992,375
2016;"70801";630,125
2016;"70802";550,875
2016;"70803";626,375
2016;"70804";767,875
2016;"70805";1456,375
2016;"70806";826,25
2016;"70807";2595
2016;"70808";883,875
2016;"70809";378,625
2016;"70810";260,875
2016;"70811";609,25
2016;"70812";50,25
2016;"70813";671,75
2016;"70814";513,875
2016;"70815";91,5
2016;"70816";1211,125
2016;"70817";434,25
2016;"70818";281
2016;"70819";74,125
2016;"70820";1993,75
2016;"70821";1131
2016;"70822";388,375
2016;"70823";73,5
2016;"70824";456
2016;"70825";105,75
2016;"70826";1411,75
2016;"70827";412,75
2016;"70828";6572,25
2016;"70829";424
2016;"70830";445
2016;"70831";671
2016;"70832";1056,875
2016;"70833";1517,5
2016;"70834";244,375
2016;"70835";923,625
2016;"70836";1259,875
2016;"70837";220,625
2016;"70901";2196,125
2016;"70902";1821,125
2016;"70903";357,375
2016;"70904";1089,5
2016;"70905";2531,125
2016;"70907";3127,5
2016;"70908";1430,125
2016;"70909";4069,75
2016;"70910";1357,125
2016;"70911";652,875
2016;"70912";789,25
2016;"70913";467
2016;"70914";731,125
2016;"70915";1565,75
2016;"70916";1457,25
2016;"70917";7064,375
2016;"70918";1276,5
2016;"70920";3809,25
2016;"70921";1158,75
2016;"70922";1625
2016;"70923";1264,75
2016;"70924";558,375
2016;"70925";1436,625
2016;"70926";13521,25
2016;"70927";1679,5
2016;"70928";1990,375
2016;"70929";289,125
2016;"70930";841,75
2016;"70931";1857,625
2016;"70932";855,25
2016;"70933";2172,625
2016;"70934";1949
2016;"70935";1765,625
2016;"70936";5042,375
2016;"70937";1529,375
2016;"70938";2495,125
2016;"70939";2076,875
2016;"70940";1742,25
2016;"70941";651,25
2017;"70101";132195,375
2017;"70201";3120
2017;"70202";4633,625
2017;"70203";10466,375
2017;"70204";773,75
2017;"70205";981,125
2017;"70206";598,375
2017;"70207";680
2017;"70208";4597,125
2017;"70209";3644,125
2017;"70210";561,875
2017;"70211";1241,875
2017;"70212";2092,875
2017;"70213";1320,875
2017;"70214";2391,125
2017;"70215";2298,875
2017;"70216";1778,625
2017;"70217";1381,125
2017;"70218";1612,875
2017;"70219";2537,875
2017;"70220";3056,125
2017;"70221";1461,25
2017;"70222";2720
2017;"70223";3201
2017;"70224";2028,125
2017;"70301";7049,5
2017;"70302";2669,5
2017;"70303";1810,25
2017;"70304";5945,25
2017;"70305";1282,625
2017;"70306";1423,125
2017;"70307";1104,5
2017;"70308";1279,375
2017;"70309";2128,75
2017;"70310";4365,375
2017;"70311";817,75
2017;"70312";4038,75
2017;"70313";1352,625
2017;"70314";612,125
2017;"70315";1393,25
2017;"70317";433,375
2017;"70318";1419,75
2017;"70319";3832,125
2017;"70320";2901,625
2017;"70322";1614,5
2017;"70323";815
2017;"70325";1088,375
2017;"70326";2354,625
2017;"70328";1860,125
2017;"70329";4368,5
2017;"70331";2180,5
2017;"70332";2019,75
2017;"70333";2008,125
2017;"70334";4730,375
2017;"70335";1839,25
2017;"70336";360,5
2017;"70337";3027,625
2017;"70338";1012,875
2017;"70339";1019,25
2017;"70340";1097,375
2017;"70342";1102,75
2017;"70343";1084,875
2017;"70344";1362,875
2017;"70345";1864,125
2017;"70346";9135,625
2017;"70347";170,875
2017;"70348";1390,25
2017;"70349";857,375
2017;"70350";1098
2017;"70351";3436,125
2017;"70352";1340,75
2017;"70353";2245,125
2017;"70354";13834,5
2017;"70355";3590,125
2017;"70356";1545,625
2017;"70357";15671,375
2017;"70358";3953
2017;"70359";1277,625
2017;"70360";1537,875
2017;"70361";223,5
2017;"70362";533,125
2017;"70364";6713,75
2017;"70365";4457,875
2017;"70366";738,625
2017;"70367";7857,875
2017;"70368";931,375
2017;"70369";8143,75
2017;"70401";1119,625
2017;"70402";2644
2017;"70403";4285,75
2017;"70404";1868,625
2017;"70405";1188,25
2017;"70406";5670,5
2017;"70407";1159,875
2017;"70408";1564
2017;"70409";5201,125
2017;"70410";3939,625
2017;"70411";8321,875
2017;"70412";4312,5
2017;"70413";2183,5
2017;"70414";1656,125
2017;"70415";773,125
2017;"70416";9434,875
2017;"70417";1800,875
2017;"70418";828,875
2017;"70419";1990
2017;"70420";3657,5
2017;"70501";2556,375
2017;"70502";1006,75
2017;"70503";2755,25
2017;"70504";1513,875
2017;"70505";3462,875
2017;"70506";2970,75
2017;"70508";5572,875
2017;"70509";2810,625
2017;"70510";1529
2017;"70511";5780
2017;"70512";4820,5
2017;"70513";19090
2017;"70514";4386,75
2017;"70515";4047,375
2017;"70516";362,25
2017;"70517";3318,875
2017;"70518";2713,625
2017;"70519";700,125
2017;"70520";2496,625
2017;"70521";406,5
2017;"70522";2760,75
2017;"70523";502,125
2017;"70524";1421,75
2017;"70525";2512,625
2017;"70526";3628
2017;"70527";2983,625
2017;"70528";1881,875
2017;"70529";1887,375
2017;"70530";4261,25
2017;"70531";13686,5
2017;"70601";375,25
2017;"70602";258,625
2017;"70603";968,125
2017;"70604";3013
2017;"70605";982,5
2017;"70606";770,25
2017;"70607";1392,125
2017;"70608";1568,25
2017;"70609";2617
2017;"70610";435,125
2017;"70611";602
2017;"70612";496,625
2017;"70613";529,125
2017;"70614";7752,875
2017;"70615";1551,5
2017;"70616";1474,75
2017;"70617";2577,75
2017;"70618";807,75
2017;"70619";1812,5
2017;"70620";1268
2017;"70621";2344,625
2017;"70622";1700,75
2017;"70623";1259,375
2017;"70624";1117,625
2017;"70625";115,125
2017;"70626";577,25
2017;"70627";1204,375
2017;"70628";517,25
2017;"70629";726,875
2017;"70630";3413
2017;"70701";632
2017;"70702";930,75
2017;"70703";476
2017;"70704";1233
2017;"70705";1775,25
2017;"70706";762,125
2017;"70707";2321,875
2017;"70708";813,625
2017;"70709";711,375
2017;"70710";939,875
2017;"70711";596,25
2017;"70712";1137,125
2017;"70713";806,125
2017;"70714";321,875
2017;"70715";738,625
2017;"70716";11892,875
2017;"70717";4670
2017;"70718";906,5
2017;"70719";3286,75
2017;"70720";1477,625
2017;"70721";675,75
2017;"70723";1151,5
2017;"70724";852,125
2017;"70725";284
2017;"70726";675,375
2017;"70727";474,375
2017;"70728";2054,125
2017;"70729";790,5
2017;"70731";612,625
2017;"70732";1413,125
2017;"70733";236,625
2017;"70734";2186,875
2017;"70735";985,625
2017;"70801";619,875
2017;"70802";552
2017;"70803";629,875
2017;"70804";783,625
2017;"70805";1422,375
2017;"70806";826,125
2017;"70807";2588,75
2017;"70808";891
2017;"70809";374,875
2017;"70810";257,125
2017;"70811";601,625
2017;"70812";47
2017;"70813";687,125
2017;"70814";525,625
2017;"70815";92,625
2017;"70816";1203,5
2017;"70817";425,375
2017;"70818";290,75
2017;"70819";75,125
2017;"70820";2051
2017;"70821";1156,5
2017;"70822";386,25
2017;"70823";72,25
2017;"70824";458,375
2017;"70825";108,5
2017;"70826";1399,75
2017;"70827";412,875
2017;"70828";6686,5
2017;"70829";428,875
2017;"70830";448,75
2017;"70831";673,75
2017;"70832";1074,25
2017;"70833";1534
2017;"70834";243,75
2017;"70835";939,25
2017;"70836";1266,625
2017;"70837";223,5
2017;"70901";2195,875
2017;"70902";1852
2017;"70903";356,75
2017;"70904";1096
2017;"70905";2538,875
2017;"70907";3186,25
2017;"70908";1407,625
2017;"70909";4110,25
2017;"70910";1379
2017;"70911";664,125
2017;"70912";788,25
2017;"70913";467,875
2017;"70914";730
2017;"70915";1586,5
2017;"70916";1456,125
2017;"70917";7105,25
2017;"70918";1302,375
2017;"70920";3855,75
2017;"70921";1168,875
2017;"70922";1603,875
2017;"70923";1267,875
2017;"70924";565,75
2017;"70925";1460,25
2017;"70926";13676
2017;"70927";1695
2017;"70928";2009,875
2017;"70929";286,75
2017;"70930";838
2017;"70931";1875,25
2017;"70932";852,375
2017;"70933";2177,375
2017;"70934";1940,875
2017;"70935";1821,125
2017;"70936";5090
2017;"70937";1549,5
2017;"70938";2498,75
2017;"70939";2100,75
2017;"70940";1749,25
2017;"70941";652,125
2018;"70101";132024,625
2018;"70201";3145,125
2018;"70202";4685
2018;"70203";10566
2018;"70204";788,5
2018;"70205";971,375
2018;"70206";608,625
2018;"70207";676,375
2018;"70208";4628,5
2018;"70209";3722,375
2018;"70210";574,875
2018;"70211";1225,5
2018;"70212";2149,875
2018;"70213";1327,25
2018;"70214";2382,625
2018;"70215";2311,375
2018;"70216";1809,125
2018;"70217";1379,25
2018;"70218";1614,375
2018;"70219";2559,5
2018;"70220";3072,75
2018;"70221";1497,75
2018;"70222";2755,875
2018;"70223";3243,875
2018;"70224";2036,875
2018;"70301";7177,375
2018;"70302";2713
2018;"70303";1832,5
2018;"70304";6010,5
2018;"70305";1279,25
2018;"70306";1439,75
2018;"70307";1110,75
2018;"70308";1295,625
2018;"70309";2150
2018;"70310";4381,25
2018;"70311";836
2018;"70312";4053
2018;"70313";1347,75
2018;"70314";615,125
2018;"70315";1386,75
2018;"70317";446,625
2018;"70318";1453,25
2018;"70319";3866,375
2018;"70320";2942,25
2018;"70322";1630,5
2018;"70323";820,375
2018;"70325";1084,375
2018;"70326";2410,75
2018;"70328";1882,875
2018;"70329";4421,75
2018;"70331";2215,375
2018;"70332";2030,375
2018;"70333";2005,875
2018;"70334";4776
2018;"70335";1863,375
2018;"70336";368,5
2018;"70337";3068
2018;"70338";1018,625
2018;"70339";1052,625
2018;"70340";1123,25
2018;"70342";1170,625
2018;"70343";1083,25
2018;"70344";1360,875
2018;"70345";1894,125
2018;"70346";9225,625
2018;"70347";175,25
2018;"70348";1389,875
2018;"70349";869,375
2018;"70350";1110
2018;"70351";3432,25
2018;"70352";1331,625
2018;"70353";2243,5
2018;"70354";13921,125
2018;"70355";3658,375
2018;"70356";1591,125
2018;"70357";15838,125
2018;"70358";4021,25
2018;"70359";1289,375
2018;"70360";1565,25
2018;"70361";226,375
2018;"70362";537,125
2018;"70364";6791,5
2018;"70365";4456,875
2018;"70366";741,5
2018;"70367";7923,875
2018;"70368";942,625
2018;"70369";8162,25
2018;"70401";1132,5
2018;"70402";2633,75
2018;"70403";4305,25
2018;"70404";1852,75
2018;"70405";1190,375
2018;"70406";5667,125
2018;"70407";1153,875
2018;"70408";1571,125
2018;"70409";5243,125
2018;"70410";3956,75
2018;"70411";8240,5
2018;"70412";4345,375
2018;"70413";2213,375
2018;"70414";1654,375
2018;"70415";786
2018;"70416";9443,125
2018;"70417";1826,5
2018;"70418";830,125
2018;"70419";2032,25
2018;"70420";3667,625
2018;"70501";2543,75
2018;"70502";996,5
2018;"70503";2776,625
2018;"70504";1522,125
2018;"70505";3475,25
2018;"70506";2984,625
2018;"70508";5614,375
2018;"70509";2832,25
2018;"70510";1555
2018;"70511";5848,25
2018;"70512";4918,875
2018;"70513";19290
2018;"70514";4539,125
2018;"70515";4161
2018;"70516";371,125
2018;"70517";3328,625
2018;"70518";2743
2018;"70519";715,375
2018;"70520";2512,375
2018;"70521";412,375
2018;"70522";2724,875
2018;"70523";517,25
2018;"70524";1452,5
2018;"70525";2515,875
2018;"70526";3651,875
2018;"70527";3004,5
2018;"70528";1892,75
2018;"70529";1896,875
2018;"70530";4269,125
2018;"70531";13931,25
2018;"70601";380,875
2018;"70602";257,25
2018;"70603";988
2018;"70604";3034,75
2018;"70605";994,5
2018;"70606";771,5
2018;"70607";1389
2018;"70608";1577,75
2018;"70609";2600,375
2018;"70610";436,125
2018;"70611";598,125
2018;"70612";500,625
2018;"70613";529
2018;"70614";7644,375
2018;"70615";1533,125
2018;"70616";1489,5
2018;"70617";2608,25
2018;"70618";813
2018;"70619";1835,5
2018;"70620";1264,375
2018;"70621";2359,5
2018;"70622";1685,625
2018;"70623";1267,25
2018;"70624";1129,625
2018;"70625";111,125
2018;"70626";576,625
2018;"70627";1205,25
2018;"70628";513,25
2018;"70629";738,5
2018;"70630";3409,125
2018;"70701";638,25
2018;"70702";939,375
2018;"70703";490,5
2018;"70704";1234,75
2018;"70705";1770,625
2018;"70706";757,5
2018;"70707";2339,125
2018;"70708";830,75
2018;"70709";697,25
2018;"70710";929,875
2018;"70711";603,875
2018;"70712";1137,25
2018;"70713";785,75
2018;"70714";323,875
2018;"70715";725,875
2018;"70716";11852,25
2018;"70717";4657,75
2018;"70718";894,75
2018;"70719";3341,125
2018;"70720";1487
2018;"70721";665,75
2018;"70723";1136,125
2018;"70724";839,75
2018;"70725";285,25
2018;"70726";660,5
2018;"70727";469,625
2018;"70728";2038,5
2018;"70729";807
2018;"70731";611,75
2018;"70732";1432,625
2018;"70733";231
2018;"70734";2189,75
2018;"70735";981,875
2018;"70801";611,25
2018;"70802";568,625
2018;"70803";619
2018;"70804";783,875
2018;"70805";1433,375
2018;"70806";815,875
2018;"70807";2589,5
2018;"70808";876,625
2018;"70809";371,375
2018;"70810";259,75
2018;"70811";599,5
2018;"70812";44,75
2018;"70813";684,25
2018;"70814";530,875
2018;"70815";93,625
2018;"70816";1204,5
2018;"70817";410,75
2018;"70818";297,625
2018;"70819";76,75
2018;"70820";2130,5
2018;"70821";1152,5
2018;"70822";390
2018;"70823";73,5
2018;"70824";461,5
2018;"70825";110,75
2018;"70826";1418,125
2018;"70827";409,25
2018;"70828";6731,5
2018;"70829";444,125
2018;"70830";461,5
2018;"70831";668,5
2018;"70832";1072,625
2018;"70833";1525,5
2018;"70834";245,875
2018;"70835";936,375
2018;"70836";1253,625
2018;"70837";229,625
2018;"70901";2186,5
2018;"70902";1857,875
2018;"70903";355,875
2018;"70904";1119,75
2018;"70905";2578
2018;"70907";3219,375
2018;"70908";1407,125
2018;"70909";4201,5
2018;"70910";1410
2018;"70911";670,375
2018;"70912";789,25
2018;"70913";465,875
2018;"70914";721,125
2018;"70915";1580,625
2018;"70916";1461,5
2018;"70917";7148,625
2018;"70918";1323
2018;"70920";3902,125
2018;"70921";1167,625
2018;"70922";1625,5
2018;"70923";1268,375
2018;"70924";571,875
2018;"70925";1469,5
2018;"70926";13691,75
2018;"70927";1730,125
2018;"70928";2066,875
2018;"70929";287,375
2018;"70930";839,625
2018;"70931";1898
2018;"70932";846,25
2018;"70933";2186,75
2018;"70934";1951,125
2018;"70935";1849,625
2018;"70936";5163,375
2018;"70937";1557,375
2018;"70938";2487,75
2018;"70939";2131,5
2018;"70940";1712,5
2018;"70941";645,375
2019;"70101";131934,625
2019;"70201";3154,875
2019;"70202";4712
2019;"70203";10714,625
2019;"70204";799,5
2019;"70205";957,875
2019;"70206";613,75
2019;"70207";682,125
2019;"70208";4711,125
2019;"70209";3771,625
2019;"70210";598,25
2019;"70211";1233,625
2019;"70212";2162,625
2019;"70213";1353,125
2019;"70214";2362,625
2019;"70215";2330,625
2019;"70216";1810,375
2019;"70217";1387,75
2019;"70218";1618,875
2019;"70219";2564,625
2019;"70220";3047,75
2019;"70221";1521,5
2019;"70222";2749,625
2019;"70223";3290,625
2019;"70224";2035,5
2019;"70301";7289,75
2019;"70302";2722,375
2019;"70303";1838,5
2019;"70304";6047,25
2019;"70305";1272,5
2019;"70306";1471,875
2019;"70307";1125,25
2019;"70308";1307,375
2019;"70309";2175,375
2019;"70310";4443,25
2019;"70311";827,5
2019;"70312";4069,5
2019;"70313";1334,125
2019;"70314";617,125
2019;"70315";1397,375
2019;"70317";444,125
2019;"70318";1453,125
2019;"70319";3943,625
2019;"70320";2954
2019;"70322";1628
2019;"70323";818,5
2019;"70325";1078,625
2019;"70326";2411,5
2019;"70328";1881,25
2019;"70329";4473,25
2019;"70331";2219,5
2019;"70332";2075,75
2019;"70333";2035,375
2019;"70334";4793
2019;"70335";1868,875
2019;"70336";368,5
2019;"70337";3103
2019;"70338";1042,875
2019;"70339";1063,625
2019;"70340";1141,375
2019;"70342";1228,375
2019;"70343";1103,125
2019;"70344";1381,375
2019;"70345";1927,125
2019;"70346";9255,25
2019;"70347";176,25
2019;"70348";1358,375
2019;"70349";871,25
2019;"70350";1102,5
2019;"70351";3437,5
2019;"70352";1329,75
2019;"70353";2244,125
2019;"70354";14003,875
2019;"70355";3655,375
2019;"70356";1598,75
2019;"70357";15952,25
2019;"70358";4036,125
2019;"70359";1311,875
2019;"70360";1604,75
2019;"70361";223,125
2019;"70362";536,125
2019;"70364";6901,25
2019;"70365";4449,75
2019;"70366";738,875
2019;"70367";7990
2019;"70368";956
2019;"70369";8134,75
2019;"70401";1130
2019;"70402";2640,25
2019;"70403";4333,5
2019;"70404";1854,875
2019;"70405";1236
2019;"70406";5624
2019;"70407";1162
2019;"70408";1536,375
2019;"70409";5239,5
2019;"70410";3987,375
2019;"70411";8210,375
2019;"70412";4390,125
2019;"70413";2261,875
2019;"70414";1669,125
2019;"70415";790,25
2019;"70416";9514,75
2019;"70417";1851,875
2019;"70418";840,625
2019;"70419";2043,375
2019;"70420";3680,375
2019;"70501";2532
2019;"70502";1005,25
2019;"70503";2807,5
2019;"70504";1525
2019;"70505";3489
2019;"70506";3026,875
2019;"70508";5623,625
2019;"70509";2837,5
2019;"70510";1559,375
2019;"70511";5867,375
2019;"70512";4975,375
2019;"70513";19491
2019;"70514";4678
2019;"70515";4192,875
2019;"70516";439,375
2019;"70517";3370,75
2019;"70518";2791,75
2019;"70519";725,25
2019;"70520";2536,5
2019;"70521";432,75
2019;"70522";2741,125
2019;"70523";535,375
2019;"70524";1473,75
2019;"70525";2536,75
2019;"70526";3663,375
2019;"70527";3015,625
2019;"70528";1893,5
2019;"70529";1926,375
2019;"70530";4272,375
2019;"70531";14009,25
2019;"70601";390,5
2019;"70602";258,75
2019;"70603";1000,75
2019;"70604";3066,625
2019;"70605";1003
2019;"70606";774,625
2019;"70607";1376
2019;"70608";1597,875
2019;"70609";2574,625
2019;"70610";433,875
2019;"70611";600,875
2019;"70612";502,125
2019;"70613";537,25
2019;"70614";7642,625
2019;"70615";1536,25
2019;"70616";1491,125
2019;"70617";2604
2019;"70618";803,375
2019;"70619";1849,5
2019;"70620";1260,5
2019;"70621";2347
2019;"70622";1679,75
2019;"70623";1264
2019;"70624";1127,5
2019;"70625";106,625
2019;"70626";582,875
2019;"70627";1221,625
2019;"70628";511,125
2019;"70629";752,5
2019;"70630";3382,75
2019;"70701";651
2019;"70702";928,125
2019;"70703";492,5
2019;"70704";1228,375
2019;"70705";1784,125
2019;"70706";748,375
2019;"70707";2337,875
2019;"70708";843,5
2019;"70709";693,875
2019;"70710";921,625
2019;"70711";604,625
2019;"70712";1128,25
2019;"70713";767,5
2019;"70714";328,875
2019;"70715";715,125
2019;"70716";11885,125
2019;"70717";4630,25
2019;"70718";884,25
2019;"70719";3358,5
2019;"70720";1485
2019;"70721";665,375
2019;"70723";1133,875
2019;"70724";835,5
2019;"70725";290,375
2019;"70726";647,875
2019;"70727";466,875
2019;"70728";2038,625
2019;"70729";797
2019;"70731";614,125
2019;"70732";1439,25
2019;"70733";226
2019;"70734";2201,375
2019;"70735";988
2019;"70801";619,875
2019;"70802";569,75
2019;"70803";619,25
2019;"70804";781,875
2019;"70805";1464,25
2019;"70806";826,75
2019;"70807";2603,375
2019;"70808";876,125
2019;"70809";378,625
2019;"70810";260,75
2019;"70811";592,375
2019;"70812";42
2019;"70813";682,75
2019;"70814";533,75
2019;"70815";91,5
2019;"70816";1208,5
2019;"70817";400,875
2019;"70818";295
2019;"70819";75,375
2019;"70820";2118,25
2019;"70821";1151,125
2019;"70822";386,375
2019;"70823";72,875
2019;"70824";459,625
2019;"70825";107,375
2019;"70826";1434,75
2019;"70827";412,125
2019;"70828";6808,5
2019;"70829";448,25
2019;"70830";462,875
2019;"70831";662,625
2019;"70832";1100,375
2019;"70833";1506,125
2019;"70834";250,25
2019;"70835";941
2019;"70836";1261,125
2019;"70837";228,875
2019;"70901";2200,625
2019;"70902";1840,375
2019;"70903";361,625
2019;"70904";1118,875
2019;"70905";2598,875
2019;"70907";3272,625
2019;"70908";1404,875
2019;"70909";4221,625
2019;"70910";1405,625
2019;"70911";677,25
2019;"70912";799,625
2019;"70913";468,25
2019;"70914";718,375
2019;"70915";1578,625
2019;"70916";1453,375
2019;"70917";7209,625
2019;"70918";1315,75
2019;"70920";3892,75
2019;"70921";1192,125
2019;"70922";1647,5
2019;"70923";1280
2019;"70924";579,25
2019;"70925";1491,5
2019;"70926";13704,125
2019;"70927";1780,75
2019;"70928";2123
2019;"70929";283,125
2019;"70930";848,375
2019;"70931";1916,375
2019;"70932";854,75
2019;"70933";2178
2019;"70934";1941,625
2019;"70935";1848,625
2019;"70936";5212
2019;"70937";1578,5
2019;"70938";2501,375
2019;"70939";2142
2019;"70940";1714,5
2019;"70941";653,75
2020;"70101";131524,75
2020;"70201";3161
2020;"70202";4752,125
2020;"70203";10834,875
2020;"70204";798,375
2020;"70205";940,375
2020;"70206";616
2020;"70207";680
2020;"70208";4765
2020;"70209";3817,25
2020;"70210";612
2020;"70211";1268,75
2020;"70212";2154,375
2020;"70213";1394,125
2020;"70214";2367,375
2020;"70215";2403,375
2020;"70216";1854,875
2020;"70217";1373,5
2020;"70218";1633,625
2020;"70219";2573,125
2020;"70220";2983,25
2020;"70221";1554,875
2020;"70222";2756,375
2020;"70223";3347,875
2020;"70224";2054
2020;"70301";7326,5
2020;"70302";2740,5
2020;"70303";1825,875
2020;"70304";6082,625
2020;"70305";1273,125
2020;"70306";1494,5
2020;"70307";1139,375
2020;"70308";1302,5
2020;"70309";2162,875
2020;"70310";4497,875
2020;"70311";826,75
2020;"70312";4120
2020;"70313";1331,25
2020;"70314";614,375
2020;"70315";1413,25
2020;"70317";436,25
2020;"70318";1467,75
2020;"70319";3976,625
2020;"70320";3002,125
2020;"70322";1623,875
2020;"70323";829,75
2020;"70325";1093,375
2020;"70326";2423,375
2020;"70328";1920,25
2020;"70329";4511,5
2020;"70331";2236,375
2020;"70332";2088,25
2020;"70333";2037
2020;"70334";4817
2020;"70335";1892,625
2020;"70336";376,625
2020;"70337";3088,125
2020;"70338";1062,625
2020;"70339";1063,125
2020;"70340";1152,75
2020;"70342";1264,75
2020;"70343";1108,625
2020;"70344";1437,25
2020;"70345";1947
2020;"70346";9315,25
2020;"70347";178,75
2020;"70348";1353
2020;"70349";878,75
2020;"70350";1096,5
2020;"70351";3494,125
2020;"70352";1330,875
2020;"70353";2248,75
2020;"70354";14207
2020;"70355";3652,625
2020;"70356";1596,625
2020;"70357";16098,125
2020;"70358";4088,75
2020;"70359";1330,75
2020;"70360";1664,375
2020;"70361";228,75
2020;"70362";532,875
2020;"70364";6953,125
2020;"70365";4483
2020;"70366";757,25
2020;"70367";8022
2020;"70368";974
2020;"70369";8137,125
2020;"70401";1120
2020;"70402";2630,375
2020;"70403";4383,25
2020;"70404";1896,125
2020;"70405";1261,5
2020;"70406";5652,75
2020;"70407";1179,75
2020;"70408";1517,625
2020;"70409";5224,75
2020;"70410";4003,625
2020;"70411";8230,75
2020;"70412";4437,5
2020;"70413";2322,5
2020;"70414";1684,25
2020;"70415";798,5
2020;"70416";9626,25
2020;"70417";1873
2020;"70418";864,75
2020;"70419";2037,5
2020;"70420";3680,5
2020;"70501";2535,375
2020;"70502";1022,125
2020;"70503";2831,75
2020;"70504";1519,875
2020;"70505";3486,5
2020;"70506";3038,625
2020;"70508";5676,875
2020;"70509";2864,25
2020;"70510";1551
2020;"70511";5863,625
2020;"70512";4969,5
2020;"70513";19501,375
2020;"70514";4755,875
2020;"70515";4164,5
2020;"70516";450
2020;"70517";3409,625
2020;"70518";2822
2020;"70519";713,875
2020;"70520";2568,125
2020;"70521";454,25
2020;"70522";2761,375
2020;"70523";550,625
2020;"70524";1474,375
2020;"70525";2562,25
2020;"70526";3705,125
2020;"70527";3065,5
2020;"70528";1913,375
2020;"70529";1990,125
2020;"70530";4290,75
2020;"70531";14115,75
2020;"70601";384,875
2020;"70602";271
2020;"70603";991
2020;"70604";3086,5
2020;"70605";990,125
2020;"70606";767,625
2020;"70607";1371,125
2020;"70608";1576,25
2020;"70609";2552,75
2020;"70610";433,5
2020;"70611";605,875
2020;"70612";503,25
2020;"70613";536,25
2020;"70614";7635,375
2020;"70615";1531,25
2020;"70616";1479,75
2020;"70617";2586,625
2020;"70618";798,375
2020;"70619";1879,875
2020;"70620";1250,5
2020;"70621";2348,125
2020;"70622";1672,5
2020;"70623";1256,25
2020;"70624";1143
2020;"70625";100,375
2020;"70626";580,125
2020;"70627";1242,5
2020;"70628";512,875
2020;"70629";761
2020;"70630";3420,875
2020;"70701";648,625
2020;"70702";918,625
2020;"70703";494,875
2020;"70704";1231,125
2020;"70705";1790,875
2020;"70706";745,125
2020;"70707";2316,375
2020;"70708";870,75
2020;"70709";687,125
2020;"70710";907,25
2020;"70711";609,625
2020;"70712";1126
2020;"70713";769,75
2020;"70714";334,375
2020;"70715";710,5
2020;"70716";11926,5
2020;"70717";4643,5
2020;"70718";888,125
2020;"70719";3383,375
2020;"70720";1460,875
2020;"70721";659,125
2020;"70723";1145,875
2020;"70724";833,125
2020;"70725";297,625
2020;"70726";638,625
2020;"70727";456,375
2020;"70728";2033,75
2020;"70729";793,875
2020;"70731";619,75
2020;"70732";1447,875
2020;"70733";224,25
2020;"70734";2202,875
2020;"70735";1003,5
2020;"70801";636,625
2020;"70802";591,375
2020;"70803";628,375
2020;"70804";785,25
2020;"70805";1473,125
2020;"70806";820
2020;"70807";2590,875
2020;"70808";880,875
2020;"70809";390,5
2020;"70810";259,625
2020;"70811";589,375
2020;"70812";41
2020;"70813";671,5
2020;"70814";533
2020;"70815";92,625
2020;"70816";1224,875
2020;"70817";391
2020;"70818";304
2020;"70819";76,125
2020;"70820";2083,125
2020;"70821";1142,375
2020;"70822";389,75
2020;"70823";70,25
2020;"70824";462
2020;"70825";102,5
2020;"70826";1466
2020;"70827";404,25
2020;"70828";6954,375
2020;"70829";451,5
2020;"70830";475,125
2020;"70831";661,625
2020;"70832";1117,875
2020;"70833";1489,375
2020;"70834";251,625
2020;"70835";929,125
2020;"70836";1259,875
2020;"70837";239,125
2020;"70901";2180,125
2020;"70902";1852,25
2020;"70903";367
2020;"70904";1125,625
2020;"70905";2601,875
2020;"70907";3319,5
2020;"70908";1423
2020;"70909";4206,875
2020;"70910";1452,25
2020;"70911";679,25
2020;"70912";800,75
2020;"70913";472,75
2020;"70914";720
2020;"70915";1592,875
2020;"70916";1446,625
2020;"70917";7201,875
2020;"70918";1321,75
2020;"70920";3895,25
2020;"70921";1202,5
2020;"70922";1660,375
2020;"70923";1277,875
2020;"70924";580,25
2020;"70925";1514,875
2020;"70926";13798,125
2020;"70927";1760,75
2020;"70928";2157,625
2020;"70929";286,875
2020;"70930";846,5
2020;"70931";1927,5
2020;"70932";850,875
2020;"70933";2188,5
2020;"70934";1926,875
2020;"70935";1840
2020;"70936";5261,25
2020;"70937";1638
2020;"70938";2498,25
2020;"70939";2151
2020;"70940";1684,125
2020;"70941";671,375
2021;"70101";130542
2021;"70201";3150,75
2021;"70202";4787,875
2021;"70203";10895,375
2021;"70204";807,125
2021;"70205";930,625
2021;"70206";615,25
2021;"70207";692,5
2021;"70208";4791,875
2021;"70209";3880,375
2021;"70210";619,625
2021;"70211";1321,25
2021;"70212";2181
2021;"70213";1395
2021;"70214";2327,875
2021;"70215";2467,125
2021;"70216";1883,625
2021;"70217";1399,5
2021;"70218";1626,25
2021;"70219";2571,5
2021;"70220";2971,125
2021;"70221";1554,25
2021;"70222";2780,25
2021;"70223";3398
2021;"70224";2092
2021;"70301";7321,375
2021;"70302";2781,375
2021;"70303";1820,25
2021;"70304";6143
2021;"70305";1295,375
2021;"70306";1484,25
2021;"70307";1142,375
2021;"70308";1319
2021;"70309";2154,125
2021;"70310";4458,875
2021;"70311";835
2021;"70312";4125,625
2021;"70313";1322,375
2021;"70314";616,125
2021;"70315";1430,5
2021;"70317";442,625
2021;"70318";1490
2021;"70319";3986,75
2021;"70320";3012,625
2021;"70322";1672,125
2021;"70323";828,625
2021;"70325";1117,5
2021;"70326";2445,125
2021;"70328";1956,75
2021;"70329";4590,5
2021;"70331";2239
2021;"70332";2094,625
2021;"70333";2055,625
2021;"70334";4848,375
2021;"70335";1900
2021;"70336";385,125
2021;"70337";3087
2021;"70338";1095
2021;"70339";1070
2021;"70340";1199,25
2021;"70342";1291
2021;"70343";1108,375
2021;"70344";1423,75
2021;"70345";1954,375
2021;"70346";9309,25
2021;"70347";182,875
2021;"70348";1376,5
2021;"70349";885
2021;"70350";1096,625
2021;"70351";3515,125
2021;"70352";1344,625
2021;"70353";2270,125
2021;"70354";14312,125
2021;"70355";3658,25
2021;"70356";1608,25
2021;"70357";16093,75
2021;"70358";4173,5
2021;"70359";1345,875
2021;"70360";1695
2021;"70361";234,375
2021;"70362";525,75
2021;"70364";6978,875
2021;"70365";4527,75
2021;"70366";780,75
2021;"70367";8043,375
2021;"70368";987,5
2021;"70369";8192,375
2021;"70401";1131,25
2021;"70402";2630,25
2021;"70403";4444,5
2021;"70404";1928,125
2021;"70405";1274,125
2021;"70406";5673,75
2021;"70407";1182,375
2021;"70408";1529,875
2021;"70409";5320,875
2021;"70410";4055,375
2021;"70411";8226,875
2021;"70412";4453,625
2021;"70413";2331,625
2021;"70414";1709,375
2021;"70415";810,875
2021;"70416";9700,375
2021;"70417";1888
2021;"70418";888,625
2021;"70419";2059,25
2021;"70420";3671,375
2021;"70501";2532,75
2021;"70502";1024,5
2021;"70503";2886,125
2021;"70504";1543,5
2021;"70505";3509,5
2021;"70506";3061,625
2021;"70508";5749,25
2021;"70509";2866,125
2021;"70510";1564
2021;"70511";5896,625
2021;"70512";4978
2021;"70513";19546,875
2021;"70514";4816,125
2021;"70515";4191
2021;"70516";456,5
2021;"70517";3476,625
2021;"70518";2831,75
2021;"70519";727
2021;"70520";2550,625
2021;"70521";443
2021;"70522";2775,625
2021;"70523";565,125
2021;"70524";1520,75
2021;"70525";2557,625
2021;"70526";3734,25
2021;"70527";3105,875
2021;"70528";1923,5
2021;"70529";2075,375
2021;"70530";4320,625
2021;"70531";14267,125
2021;"70601";387,75
2021;"70602";278
2021;"70603";1001,75
2021;"70604";3095,125
2021;"70605";990,5
2021;"70606";773
2021;"70607";1376
2021;"70608";1559,75
2021;"70609";2528,5
2021;"70610";447,5
2021;"70611";613,25
2021;"70612";500,25
2021;"70613";539,125
2021;"70614";7675,5
2021;"70615";1552,625
2021;"70616";1460,75
2021;"70617";2582,25
2021;"70618";784,125
2021;"70619";1862
2021;"70620";1248,75
2021;"70621";2357,75
2021;"70622";1682
2021;"70623";1263,5
2021;"70624";1147,375
2021;"70625";95,625
2021;"70626";576,125
2021;"70627";1237,75
2021;"70628";511,875
2021;"70629";759,875
2021;"70630";3490,125
2021;"70701";645
2021;"70702";925
2021;"70703";494,125
2021;"70704";1229,625
2021;"70705";1774,25
2021;"70706";740,875
2021;"70707";2304,25
2021;"70708";884,25
2021;"70709";682,25
2021;"70710";911,125
2021;"70711";608,625
2021;"70712";1122,125
2021;"70713";754,5
2021;"70714";343,125
2021;"70715";707
2021;"70716";11916,25
2021;"70717";4629,875
2021;"70718";892,375
2021;"70719";3412,875
2021;"70720";1464,25
2021;"70721";661
2021;"70723";1145,25
2021;"70724";829,25
2021;"70725";300,625
2021;"70726";635
2021;"70727";454
2021;"70728";2041,625
2021;"70729";791,75
2021;"70731";628,75
2021;"70732";1473,875
2021;"70733";223,375
2021;"70734";2207,875
2021;"70735";1004,875
2021;"70801";636,75
2021;"70802";587,25
2021;"70803";632,625
2021;"70804";768,375
2021;"70805";1475,75
2021;"70806";834,125
2021;"70807";2601,375
2021;"70808";891,25
2021;"70809";393,125
2021;"70810";259,5
2021;"70811";601,5
2021;"70812";41
2021;"70813";668,625
2021;"70814";531,75
2021;"70815";94,75
2021;"70816";1253,25
2021;"70817";375,75
2021;"70818";299,75
2021;"70819";77,875
2021;"70820";2073,5
2021;"70821";1136,625
2021;"70822";386,625
2021;"70823";65,25
2021;"70824";463
2021;"70825";100,375
2021;"70826";1546,75
2021;"70827";406,25
2021;"70828";6978,625
2021;"70829";456,125
2021;"70830";494,375
2021;"70831";666,75
2021;"70832";1143,5
2021;"70833";1476
2021;"70834";265,25
2021;"70835";952
2021;"70836";1261,5
2021;"70837";242,625
2021;"70901";2198,75
2021;"70902";1874,125
2021;"70903";367,875
2021;"70904";1138,125
2021;"70905";2612,5
2021;"70907";3373,625
2021;"70908";1423,125
2021;"70909";4264,75
2021;"70910";1450,125
2021;"70911";686,25
2021;"70912";798,5
2021;"70913";477,375
2021;"70914";731,5
2021;"70915";1615,875
2021;"70916";1442,375
2021;"70917";7225
2021;"70918";1318,625
2021;"70920";3917,625
2021;"70921";1202,625
2021;"70922";1674
2021;"70923";1278,25
2021;"70924";578,75
2021;"70925";1510,875
2021;"70926";13881,625
2021;"70927";1761
2021;"70928";2177,125
2021;"70929";290,5
2021;"70930";857,625
2021;"70931";1911,75
2021;"70932";857,25
2021;"70933";2246,75
2021;"70934";1932,625
2021;"70935";1855,75
2021;"70936";5292,75
2021;"70937";1675,375
2021;"70938";2481
2021;"70939";2156,875
2021;"70940";1674
2021;"70941";674,5
2022;"70101";130734,875
2022;"70201";3142,375
2022;"70202";4863,75
2022;"70203";11059,75
2022;"70204";824
2022;"70205";923,5
2022;"70206";628,25
2022;"70207";704
2022;"70208";4848,25
2022;"70209";3943,875
2022;"70210";647
2022;"70211";1348,625
2022;"70212";2222,625
2022;"70213";1444,5
2022;"70214";2383,75
2022;"70215";2503
2022;"70216";1898,125
2022;"70217";1446,5
2022;"70218";1618,5
2022;"70219";2584,625
2022;"70220";3012,625
2022;"70221";1573,375
2022;"70222";2813,625
2022;"70223";3427,875
2022;"70224";2137
2022;"70301";7320,375
2022;"70302";2807,25
2022;"70303";1855
2022;"70304";6243
2022;"70305";1292,75
2022;"70306";1493,25
2022;"70307";1151,875
2022;"70308";1315,875
2022;"70309";2175,125
2022;"70310";4517,25
2022;"70311";848
2022;"70312";4127
2022;"70313";1327,375
2022;"70314";623,25
2022;"70315";1472,125
2022;"70317";451,875
2022;"70318";1504,75
2022;"70319";3996
2022;"70320";3087
2022;"70322";1659,375
2022;"70323";838,25
2022;"70325";1135,5
2022;"70326";2510,625
2022;"70370";3562,625
2022;"70328";1989,375
2022;"70329";4624,125
2022;"70331";2277,375
2022;"70332";2112,25
2022;"70333";2060,625
2022;"70334";4944,25
2022;"70335";1898
2022;"70336";410,625
2022;"70337";3093,625
2022;"70338";1130,875
2022;"70339";1096,375
2022;"70340";1267,25
2022;"70342";1324,875
2022;"70343";1127
2022;"70344";1532,5
2022;"70345";1940,125
2022;"70346";9348
2022;"70347";185,875
2022;"70348";1423,625
2022;"70349";881,375
2022;"70350";1077,75
2022;"70351";3584,75
2022;"70352";1343,75
2022;"70353";2282
2022;"70354";14438,75
2022;"70355";3674,375
2022;"70356";1612
2022;"70357";16217,75
2022;"70358";4324
2022;"70359";1358,75
2022;"70360";1692,875
2022;"70361";244,625
2022;"70362";524,5
2022;"70364";7092,75
2022;"70365";4540,375
2022;"70366";778,5
2022;"70367";8142,25
2022;"70368";995
2022;"70369";8201
2022;"70401";1137,375
2022;"70402";2667,375
2022;"70403";4567,5
2022;"70404";1949,75
2022;"70405";1290
2022;"70406";5712,125
2022;"70407";1198,125
2022;"70408";1512,125
2022;"70409";5336,875
2022;"70410";4101,25
2022;"70411";8250,875
2022;"70412";4495,5
2022;"70413";2373,5
2022;"70414";1732,375
2022;"70415";830,5
2022;"70416";9797,625
2022;"70417";1942,125
2022;"70418";915,875
2022;"70419";2079,625
2022;"70420";3685,75
2022;"70501";2549,75
2022;"70502";1019,5
2022;"70503";2933,125
2022;"70504";1555,625
2022;"70505";3518,75
2022;"70506";3046,375
2022;"70508";5838
2022;"70509";2900,625
2022;"70510";1593,375
2022;"70511";5949,875
2022;"70512";5009
2022;"70513";19728,375
2022;"70514";4867,5
2022;"70515";4233,5
2022;"70516";452,5
2022;"70517";3528,375
2022;"70518";2857,375
2022;"70519";730,125
2022;"70520";2556,75
2022;"70521";453,875
2022;"70522";2820,125
2022;"70523";574,375
2022;"70524";1581,625
2022;"70525";2576,5
2022;"70526";3722,25
2022;"70527";3141,75
2022;"70528";1936
2022;"70529";2131,125
2022;"70530";4352,375
2022;"70531";14367,125
2022;"70601";387,5
2022;"70602";280,75
2022;"70603";1047,375
2022;"70604";3122,125
2022;"70605";1012
2022;"70606";777,25
2022;"70607";1367
2022;"70608";1590,375
2022;"70609";2530
2022;"70610";456,25
2022;"70611";625,625
2022;"70612";529,875
2022;"70613";535,625
2022;"70614";7610,875
2022;"70615";1562,5
2022;"70616";1461,625
2022;"70617";2587,5
2022;"70618";787,875
2022;"70619";1855,875
2022;"70620";1289,75
2022;"70621";2345,375
2022;"70622";1752,375
2022;"70623";1246,5
2022;"70624";1167,25
2022;"70625";100,625
2022;"70626";573,125
2022;"70627";1234,25
2022;"70628";504,875
2022;"70629";760
2022;"70630";3557,875
2022;"70701";643,625
2022;"70702";924,25
2022;"70703";517,5
2022;"70704";1229,125
2022;"70705";1761,125
2022;"70706";735,75
2022;"70707";2303,5
2022;"70708";878,25
2022;"70709";671,75
2022;"70710";902,625
2022;"70711";607,875
2022;"70712";1120
2022;"70713";746,5
2022;"70714";343,375
2022;"70715";707,875
2022;"70716";11949,125
2022;"70717";4619
2022;"70718";885,375
2022;"70719";3420,75
2022;"70720";1468,125
2022;"70721";671,25
2022;"70723";1141,5
2022;"70724";816,75
2022;"70725";304,5
2022;"70726";629,25
2022;"70727";450,375
2022;"70728";2031,125
2022;"70729";798,125
2022;"70731";627,25
2022;"70732";1520,25
2022;"70733";218,625
2022;"70734";2211,375
2022;"70735";1003,375
2022;"70801";645,875
2022;"70802";602,625
2022;"70803";648,5
2022;"70804";763,75
2022;"70805";1473,5
2022;"70806";836,75
2022;"70807";2621,25
2022;"70808";906,375
2022;"70809";392,625
2022;"70810";253,625
2022;"70811";613,5
2022;"70812";40,375
2022;"70813";672,75
2022;"70814";535,75
2022;"70815";93,125
2022;"70816";1264,125
2022;"70817";378,25
2022;"70818";294,125
2022;"70819";75,5
2022;"70820";2090
2022;"70821";1140,375
2022;"70822";385,375
2022;"70823";61,75
2022;"70824";463,875
2022;"70825";92,625
2022;"70826";1594,75
2022;"70827";420,875
2022;"70828";7084,625
2022;"70829";453,75
2022;"70830";513,625
2022;"70831";662,25
2022;"70832";1155,625
2022;"70833";1504,5
2022;"70834";274,125
2022;"70835";965,5
2022;"70836";1261,625
2022;"70837";245
2022;"70901";2246,125
2022;"70902";1882,625
2022;"70903";367,75
2022;"70904";1140,25
2022;"70905";2602,25
2022;"70907";3434,75
2022;"70908";1420,5
2022;"70909";4324
2022;"70910";1478,125
2022;"70911";706,5
2022;"70912";800,25
2022;"70913";485,375
2022;"70914";738,5
2022;"70915";1632,625
2022;"70916";1450,375
2022;"70917";7402,375
2022;"70918";1322,375
2022;"70920";3957
2022;"70921";1234,375
2022;"70922";1697,375
2022;"70923";1257,375
2022;"70924";574,375
2022;"70925";1545,625
2022;"70926";14007
2022;"70927";1790,875
2022;"70928";2199,75
2022;"70929";291,625
2022;"70930";854,5
2022;"70931";1903,875
2022;"70932";855,875
2022;"70933";2286
2022;"70934";1927,75
2022;"70935";1893,875
2022;"70936";5360,75
2022;"70937";1741
2022;"70938";2498,875
2022;"70939";2174
2022;"70940";1698,625
2022;"70941";671
2023;"70101";131568
2023;"70201";3151,375
2023;"70202";4896,875
2023;"70203";11111,125
2023;"70204";821,875
2023;"70205";914,625
2023;"70206";638,625
2023;"70207";715,5
2023;"70208";4894,5
2023;"70209";3957,375
2023;"70210";658,5
2023;"70211";1351,5
2023;"70212";2228,5
2023;"70213";1505,125
2023;"70214";2382,25
2023;"70215";2512,25
2023;"70216";1933,75
2023;"70217";1452,75
2023;"70218";1593,875
2023;"70219";2617,875
2023;"70220";3073,625
2023;"70221";1606,875
2023;"70222";2847,625
2023;"70223";3484,75
2023;"70224";2165
2023;"70301";7359,625
2023;"70302";2806,125
2023;"70303";1867,5
2023;"70304";6297,75
2023;"70305";1274,625
2023;"70306";1501,625
2023;"70307";1169,375
2023;"70308";1307,5
2023;"70309";2193,125
2023;"70310";4566,875
2023;"70311";853,25
2023;"70312";4170,875
2023;"70313";1349,25
2023;"70314";631,125
2023;"70315";1469,875
2023;"70317";454,125
2023;"70318";1512,25
2023;"70319";4075,5
2023;"70320";3271,125
2023;"70322";1659,875
2023;"70323";859
2023;"70325";1170
2023;"70326";2503
2023;"70370";3564,375
2023;"70328";1995,5
2023;"70329";4625,75
2023;"70331";2283,25
2023;"70332";2104,75
2023;"70333";2052
2023;"70334";5007,25
2023;"70335";1909,75
2023;"70336";404,75
2023;"70337";3094,875
2023;"70338";1139,625
2023;"70339";1105,375
2023;"70340";1285,625
2023;"70342";1374
2023;"70343";1125
2023;"70344";1564,375
2023;"70345";1934,375
2023;"70346";9405,625
2023;"70347";187,375
2023;"70348";1437,125
2023;"70349";872,5
2023;"70350";1068,125
2023;"70351";3606,875
2023;"70352";1339,125
2023;"70353";2288,875
2023;"70354";14681,375
2023;"70355";3697
2023;"70356";1617,5
2023;"70357";16256,375
2023;"70358";4363,375
2023;"70359";1379,25
2023;"70360";1720,25
2023;"70361";239,375
2023;"70362";523,875
2023;"70364";7248,375
2023;"70365";4551,625
2023;"70366";784,25
2023;"70367";8139,5
2023;"70368";1002,5
2023;"70369";8279,75
2023;"70401";1145
2023;"70402";2688,5
2023;"70403";4553,5
2023;"70404";1958,5
2023;"70405";1305,5
2023;"70406";5767,75
2023;"70407";1186,875
2023;"70408";1524,25
2023;"70409";5311,75
2023;"70410";4110,125
2023;"70411";8282
2023;"70412";4569,375
2023;"70413";2415,375
2023;"70414";1735,75
2023;"70415";828,125
2023;"70416";9874
2023;"70417";1940,625
2023;"70418";914,375
2023;"70419";2080,75
2023;"70420";3674
2023;"70501";2560,125
2023;"70502";1015,25
2023;"70503";2984,875
2023;"70504";1535,125
2023;"70505";3539,125
2023;"70506";3080,375
2023;"70508";5898,625
2023;"70509";2931,625
2023;"70510";1605,125
2023;"70511";6002,5
2023;"70512";5025,625
2023;"70513";20056,375
2023;"70514";4927,25
2023;"70515";4235,375
2023;"70516";444,375
2023;"70517";3581,375
2023;"70518";2878,125
2023;"70519";738,25
2023;"70520";2569
2023;"70521";459,125
2023;"70522";2805,5
2023;"70523";578,875
2023;"70524";1573,875
2023;"70525";2623,875
2023;"70526";3751,125
2023;"70527";3160,75
2023;"70528";1956,25
2023;"70529";2176,875
2023;"70530";4370,375
2023;"70531";14456
2023;"70601";390,25
2023;"70602";283,5
2023;"70603";1058,625
2023;"70604";3140,75
2023;"70605";1033,75
2023;"70606";778,625
2023;"70607";1362,25
2023;"70608";1611,625
2023;"70609";2542,375
2023;"70610";453,75
2023;"70611";632,875
2023;"70612";540
2023;"70613";547,75
2023;"70614";7615,875
2023;"70615";1569,75
2023;"70616";1457,625
2023;"70617";2605,125
2023;"70618";793,125
2023;"70619";1886,25
2023;"70620";1322,625
2023;"70621";2352
2023;"70622";1758,125
2023;"70623";1234,375
2023;"70624";1191,5
2023;"70625";100,375
2023;"70626";576,125
2023;"70627";1219,75
2023;"70628";496,875
2023;"70629";763,125
2023;"70630";3638,625
2023;"70701";643,75
2023;"70702";913
2023;"70703";524
2023;"70704";1219,625
2023;"70705";1752,25
2023;"70706";731,75
2023;"70707";2308,75
2023;"70708";874,875
2023;"70709";663,375
2023;"70710";896,375
2023;"70711";609,625
2023;"70712";1115,375
2023;"70713";758,25
2023;"70714";350,5
2023;"70715";709,625
2023;"70716";12025,125
2023;"70717";4612,75
2023;"70718";878
2023;"70719";3399,125
2023;"70720";1476,25
2023;"70721";667,625
2023;"70723";1128,875
2023;"70724";816
2023;"70725";302
2023;"70726";623,875
2023;"70727";467
2023;"70728";2016,625
2023;"70729";803,875
2023;"70731";634,5
2023;"70732";1518,625
2023;"70733";212,125
2023;"70734";2205,375
2023;"70735";1005,75
2023;"70801";647,875
2023;"70802";630,5
2023;"70803";663,125
2023;"70804";759,375
2023;"70805";1462,5
2023;"70806";827,25
2023;"70807";2597,875
2023;"70808";905,25
2023;"70809";396,375
2023;"70810";245,875
2023;"70811";611,125
2023;"70812";41,375
2023;"70813";678,125
2023;"70814";541,875
2023;"70815";92,5
2023;"70816";1277,75
2023;"70817";391,5
2023;"70818";298
2023;"70819";72,125
2023;"70820";2097,625
2023;"70821";1161,5
2023;"70822";383,125
2023;"70823";58,125
2023;"70824";470,875
2023;"70825";93,5
2023;"70826";1609,75
2023;"70827";420,375
2023;"70828";7202,25
2023;"70829";455,125
2023;"70830";515,25
2023;"70831";658,5
2023;"70832";1167,125
2023;"70833";1506,125
2023;"70834";270
2023;"70835";985,375
2023;"70836";1268,5
2023;"70837";250
2023;"70901";2269,25
2023;"70902";1866
2023;"70903";379,375
2023;"70904";1123,5
2023;"70905";2613,625
2023;"70907";3514,375
2023;"70908";1439,75
2023;"70909";4322
2023;"70910";1516,875
2023;"70911";706,5
2023;"70912";795,75
2023;"70913";482,875
2023;"70914";737,875
2023;"70915";1646
2023;"70916";1451
2023;"70917";7532,25
2023;"70918";1321,125
2023;"70920";3970,125
2023;"70921";1259,625
2023;"70922";1733,375
2023;"70923";1269,125
2023;"70924";572,25
2023;"70925";1566,375
2023;"70926";14356,625
2023;"70927";1834,25
2023;"70928";2222,875
2023;"70929";292,125
2023;"70930";845,75
2023;"70931";1930
2023;"70932";860,875
2023;"70933";2305,375
2023;"70934";1934,75
2023;"70935";1924,625
2023;"70936";5488,5
2023;"70937";1771,375
2023;"70938";2500,75
2023;"70939";2175,375
2023;"70940";1718,375
2023;"70941";661,75
2002;"70370";3621,5
2003;"70370";3620,5
2004;"70370";3603,875
2005;"70370";3560,5
2006;"70370";3538
2007;"70370";3527,75
2008;"70370";3517
2009;"70370";3490,625
2010;"70370";3463,25
2011;"70370";3472
2012;"70370";3456,375
2013;"70370";3443,625
2014;"70370";3467,25
2015;"70370";3513
2016;"70370";3548,375
2017;"70370";3559,125
2018;"70370";3554,375
2019;"70370";3583,25
2020;"70370";3597,625
2021;"70370";3591,125
2002;"70370";3621,5
2003;"70370";3620,5
2004;"70370";3603,875
2005;"70370";3560,5
2006;"70370";3538
2007;"70370";3527,75
2008;"70370";3517
2009;"70370";3490,625
2010;"70370";3463,25
2011;"70370";3472
2012;"70370";3456,375
2013;"70370";3443,625
2014;"70370";3467,25
2015;"70370";3513
2016;"70370";3548,375
2017;"70370";3559,125
2018;"70370";3554,375
2019;"70370";3583,25
2020;"70370";3597,625
2021;"70370";3591,125
