"jahr","gemnr","bi_zu","bi_weg"
2002,"10101",527,420
2002,"10201",42,32
2002,"10301",47,42
2002,"10302",45,36
2002,"10303",61,54
2002,"10304",120,113
2002,"10305",44,36
2002,"10306",18,16
2002,"10307",42,34
2002,"10308",47,37
2002,"10309",112,105
2002,"10310",31,44
2002,"10311",20,30
2002,"10312",61,61
2002,"10313",64,65
2002,"10314",39,35
2002,"10315",79,86
2002,"10316",95,79
2002,"10317",88,85
2002,"10318",67,53
2002,"10319",73,62
2002,"10320",14,9
2002,"10321",20,18
2002,"10322",54,31
2002,"10323",41,31
2002,"10401",28,20
2002,"10402",51,36
2002,"10403",19,24
2002,"10404",14,29
2002,"10405",158,155
2002,"10406",5,21
2002,"10407",19,35
2002,"10408",51,64
2002,"10409",10,22
2002,"10410",14,28
2002,"10411",32,41
2002,"10412",32,46
2002,"10413",15,32
2002,"10414",96,89
2002,"10415",49,60
2002,"10416",24,32
2002,"10417",47,36
2002,"10418",10,14
2002,"10419",12,21
2002,"10420",8,5
2002,"10421",9,13
2002,"10422",5,6
2002,"10423",0,0
2002,"10424",5,9
2002,"10425",3,12
2002,"10426",2,7
2002,"10427",12,14
2002,"10428",8,17
2002,"10501",49,56
2002,"10502",14,17
2002,"10503",36,43
2002,"10504",121,102
2002,"10505",27,28
2002,"10506",40,29
2002,"10507",21,33
2002,"10508",71,41
2002,"10509",65,49
2002,"10510",16,25
2002,"10511",20,19
2002,"10512",10,21
2002,"10601",24,19
2002,"10602",77,142
2002,"10603",56,39
2002,"10604",16,35
2002,"10605",42,53
2002,"10606",241,197
2002,"10607",221,226
2002,"10608",16,13
2002,"10609",127,75
2002,"10610",80,61
2002,"10611",110,93
2002,"10612",36,57
2002,"10613",33,34
2002,"10614",36,46
2002,"10615",76,79
2002,"10616",25,24
2002,"10617",39,27
2002,"10618",36,50
2002,"10619",16,14
2002,"10701",56,47
2002,"10702",32,48
2002,"10703",149,131
2002,"10704",17,20
2002,"10705",60,75
2002,"10706",32,39
2002,"10707",46,72
2002,"10708",24,24
2002,"10709",41,57
2002,"10710",43,35
2002,"10711",49,49
2002,"10712",53,47
2002,"10713",252,196
2002,"10714",35,47
2002,"10715",28,15
2002,"10716",40,45
2002,"10717",187,99
2002,"10718",48,53
2002,"10719",33,30
2002,"10720",14,37
2002,"10721",36,47
2002,"10722",60,44
2002,"10723",30,46
2002,"10724",86,66
2002,"10725",21,24
2002,"10726",34,17
2002,"10727",11,13
2002,"10801",73,59
2002,"10802",26,22
2002,"10803",36,35
2002,"10804",21,37
2002,"10805",59,122
2002,"10806",20,29
2002,"10807",63,47
2002,"10808",46,41
2002,"10809",52,64
2002,"10810",25,46
2002,"10811",31,63
2002,"10812",62,50
2002,"10813",25,47
2002,"10814",33,26
2002,"10815",40,45
2002,"10816",169,119
2002,"10817",32,19
2002,"10818",19,15
2002,"10819",35,20
2002,"10820",39,11
2002,"10821",31,38
2002,"10822",40,45
2002,"10823",41,58
2002,"10824",15,22
2002,"10825",21,39
2002,"10826",10,14
2002,"10827",10,13
2002,"10828",13,21
2002,"10901",46,66
2002,"10902",50,74
2002,"10903",21,33
2002,"10904",49,27
2002,"10905",143,92
2002,"10906",19,47
2002,"10907",56,53
2002,"10908",29,39
2002,"10909",34,28
2002,"10910",32,35
2002,"10911",35,47
2002,"10912",34,45
2002,"10913",20,23
2002,"10914",44,49
2002,"10915",20,26
2002,"10916",70,88
2002,"10917",315,309
2002,"10918",258,190
2002,"10919",67,80
2002,"10920",54,61
2002,"10921",37,39
2002,"10922",20,21
2002,"10923",62,58
2002,"10924",16,19
2002,"10925",34,48
2002,"10926",41,31
2002,"10927",37,45
2002,"10928",31,27
2002,"10929",30,18
2002,"10930",20,32
2002,"10931",5,4
2002,"10932",10,16
2002,"20101",3206,3017
2002,"20201",1884,1776
2002,"20302",21,33
2002,"20305",124,144
2002,"20306",28,71
2002,"20307",57,75
2002,"20316",68,64
2002,"20320",23,29
2002,"20321",12,27
2002,"20402",407,397
2002,"20403",88,112
2002,"20405",208,250
2002,"20409",188,123
2002,"20412",106,78
2002,"20414",117,113
2002,"20415",189,153
2002,"20416",47,53
2002,"20417",110,133
2002,"20418",159,185
2002,"20419",82,59
2002,"20421",251,223
2002,"20424",153,154
2002,"20425",125,144
2002,"20428",23,35
2002,"20432",107,82
2002,"20435",129,96
2002,"20441",3,14
2002,"20442",173,138
2002,"20501",183,230
2002,"20502",96,130
2002,"20503",29,28
2002,"20504",62,93
2002,"20505",179,167
2002,"20506",46,54
2002,"20508",34,51
2002,"20509",65,66
2002,"20511",34,56
2002,"20512",75,118
2002,"20513",62,94
2002,"20515",147,129
2002,"20518",42,146
2002,"20519",43,51
2002,"20520",54,49
2002,"20523",132,127
2002,"20527",559,520
2002,"20530",54,84
2002,"20531",70,120
2002,"20534",153,131
2002,"20601",64,77
2002,"20602",41,53
2002,"20603",35,44
2002,"20604",23,38
2002,"20605",36,49
2002,"20607",39,52
2002,"20608",107,81
2002,"20609",44,47
2002,"20610",13,30
2002,"20611",42,51
2002,"20613",13,54
2002,"20616",61,74
2002,"20618",13,21
2002,"20619",36,69
2002,"20620",85,112
2002,"20622",11,26
2002,"20624",37,45
2002,"20625",30,40
2002,"20627",51,104
2002,"20630",222,277
2002,"20631",28,54
2002,"20632",34,51
2002,"20633",50,74
2002,"20634",210,235
2002,"20635",562,501
2002,"20636",21,45
2002,"20637",32,77
2002,"20638",21,33
2002,"20639",14,17
2002,"20640",43,59
2002,"20642",39,96
2002,"20643",93,122
2002,"20644",95,70
2002,"20701",45,69
2002,"20702",215,254
2002,"20703",35,40
2002,"20705",58,112
2002,"20707",9,29
2002,"20708",39,79
2002,"20710",70,93
2002,"20711",301,343
2002,"20712",29,41
2002,"20713",23,28
2002,"20719",42,68
2002,"20720",165,186
2002,"20721",87,79
2002,"20722",141,136
2002,"20723",25,77
2002,"20724",199,211
2002,"20725",344,343
2002,"20726",93,107
2002,"20727",263,202
2002,"20801",121,113
2002,"20802",37,21
2002,"20803",235,269
2002,"20804",59,80
2002,"20805",35,71
2002,"20806",52,62
2002,"20807",59,56
2002,"20808",118,125
2002,"20810",47,40
2002,"20812",44,77
2002,"20813",246,302
2002,"20815",48,62
2002,"20817",356,378
2002,"20901",88,105
2002,"20905",103,151
2002,"20909",76,126
2002,"20911",11,43
2002,"20912",40,62
2002,"20913",315,365
2002,"20914",61,72
2002,"20918",109,147
2002,"20923",629,626
2002,"21001",28,49
2002,"21002",460,404
2002,"21003",99,97
2002,"21004",34,63
2002,"21005",109,81
2002,"21006",30,26
2002,"21007",65,66
2002,"21008",59,77
2002,"21009",164,173
2002,"21010",60,63
2002,"30101",1014,995
2002,"30201",1582,1518
2002,"30301",360,335
2002,"30401",1743,1383
2002,"30501",76,45
2002,"30502",793,821
2002,"30503",66,109
2002,"30504",101,154
2002,"30506",108,148
2002,"30507",59,66
2002,"30508",121,145
2002,"30509",47,68
2002,"30510",18,26
2002,"30511",59,48
2002,"30512",33,28
2002,"30514",189,160
2002,"30515",113,117
2002,"30516",19,48
2002,"30517",111,117
2002,"30520",83,93
2002,"30521",33,78
2002,"30522",74,69
2002,"30524",19,26
2002,"30526",14,27
2002,"30527",87,91
2002,"30529",140,115
2002,"30530",148,105
2002,"30531",278,260
2002,"30532",86,116
2002,"30533",129,225
2002,"30534",50,68
2002,"30536",35,48
2002,"30538",92,60
2002,"30539",26,47
2002,"30541",65,46
2002,"30542",29,34
2002,"30543",71,71
2002,"30544",37,34
2002,"30601",94,75
2002,"30602",97,183
2002,"30603",546,461
2002,"30604",1236,1207
2002,"30605",343,371
2002,"30607",417,402
2002,"30608",188,176
2002,"30609",31,34
2002,"30612",105,120
2002,"30613",61,59
2002,"30614",32,41
2002,"30615",131,168
2002,"30616",61,60
2002,"30618",306,289
2002,"30620",210,209
2002,"30621",115,96
2002,"30623",156,167
2002,"30625",192,123
2002,"30626",292,252
2002,"30627",167,154
2002,"30629",77,58
2002,"30631",98,95
2002,"30633",39,36
2002,"30635",49,62
2002,"30636",52,76
2002,"30637",154,74
2002,"30639",857,609
2002,"30641",164,142
2002,"30645",85,97
2002,"30646",142,116
2002,"30701",15,11
2002,"30702",72,74
2002,"30703",14,29
2002,"30704",302,271
2002,"30706",106,94
2002,"30708",52,30
2002,"30709",59,84
2002,"30710",240,228
2002,"30711",120,51
2002,"30712",23,42
2002,"30713",37,33
2002,"30715",24,13
2002,"30716",112,139
2002,"30718",55,30
2002,"30719",63,40
2002,"30721",76,43
2002,"30722",42,40
2002,"30724",105,60
2002,"30726",95,86
2002,"30728",15,24
2002,"30729",114,132
2002,"30730",155,198
2002,"30731",113,104
2002,"30732",206,164
2002,"30733",24,42
2002,"30734",90,73
2002,"30735",245,141
2002,"30736",102,81
2002,"30737",42,54
2002,"30738",32,35
2002,"30739",103,72
2002,"30740",613,514
2002,"30741",63,72
2002,"30801",7,6
2002,"30802",3,4
2002,"30803",168,156
2002,"30804",47,56
2002,"30805",57,45
2002,"30808",291,285
2002,"30810",49,35
2002,"30811",81,70
2002,"30812",35,40
2002,"30813",39,46
2002,"30814",75,54
2002,"30817",469,380
2002,"30819",12,17
2002,"30821",397,280
2002,"30822",7,0
2002,"30824",40,42
2002,"30825",60,58
2002,"30826",45,41
2002,"30827",103,96
2002,"30828",12,28
2002,"30829",24,32
2002,"30830",83,97
2002,"30831",97,97
2002,"30834",16,18
2002,"30835",98,115
2002,"30836",30,45
2002,"30838",116,129
2002,"30841",42,58
2002,"30842",65,44
2002,"30844",117,76
2002,"30845",43,47
2002,"30846",5,0
2002,"30848",61,43
2002,"30849",22,26
2002,"30850",36,46
2002,"30852",66,50
2002,"30854",43,48
2002,"30856",411,278
2002,"30857",29,25
2002,"30858",68,45
2002,"30859",41,43
2002,"30860",78,83
2002,"30863",165,176
2002,"30865",26,27
2002,"30902",30,28
2002,"30903",71,70
2002,"30904",18,29
2002,"30906",9,22
2002,"30908",152,237
2002,"30909",66,70
2002,"30910",20,44
2002,"30912",13,22
2002,"30913",13,14
2002,"30915",14,13
2002,"30916",90,124
2002,"30917",16,14
2002,"30920",41,54
2002,"30921",42,42
2002,"30925",51,68
2002,"30929",18,15
2002,"30932",21,30
2002,"30935",154,142
2002,"30939",11,22
2002,"30940",12,11
2002,"30942",89,53
2002,"31001",23,24
2002,"31008",101,95
2002,"31009",39,46
2002,"31014",41,52
2002,"31015",61,45
2002,"31016",40,50
2002,"31018",65,57
2002,"31019",29,24
2002,"31021",26,46
2002,"31022",416,331
2002,"31025",28,23
2002,"31026",63,61
2002,"31028",42,40
2002,"31033",40,25
2002,"31035",50,43
2002,"31036",48,86
2002,"31037",162,119
2002,"31038",40,39
2002,"31041",20,16
2002,"31042",38,31
2002,"31043",70,63
2002,"31051",73,79
2002,"31052",70,97
2002,"31053",164,127
2002,"31101",41,20
2002,"31102",6,18
2002,"31103",32,31
2002,"31104",37,49
2002,"31105",129,109
2002,"31106",120,110
2002,"31107",46,48
2002,"31109",282,249
2002,"31110",49,32
2002,"31111",13,29
2002,"31113",21,26
2002,"31114",20,33
2002,"31117",24,12
2002,"31119",27,11
2002,"31120",27,38
2002,"31121",90,69
2002,"31123",19,31
2002,"31124",59,59
2002,"31129",31,74
2002,"31130",15,13
2002,"31201",146,133
2002,"31202",76,46
2002,"31203",93,76
2002,"31204",66,40
2002,"31205",104,56
2002,"31206",70,62
2002,"31207",109,119
2002,"31208",123,70
2002,"31213",508,440
2002,"31214",287,255
2002,"31215",48,34
2002,"31216",205,156
2002,"31224",53,51
2002,"31226",139,91
2002,"31227",77,69
2002,"31228",28,33
2002,"31229",36,42
2002,"31230",560,456
2002,"31234",50,51
2002,"31235",488,299
2002,"31301",16,28
2002,"31302",17,27
2002,"31303",34,43
2002,"31304",26,25
2002,"31308",96,78
2002,"31309",147,120
2002,"31310",92,71
2002,"31311",78,78
2002,"31315",70,137
2002,"31319",40,34
2002,"31321",30,27
2002,"31322",236,225
2002,"31323",51,45
2002,"31324",47,43
2002,"31326",20,22
2002,"31327",209,125
2002,"31330",34,16
2002,"31333",85,102
2002,"31336",35,37
2002,"31337",78,74
2002,"31338",43,40
2002,"31340",24,21
2002,"31343",64,74
2002,"31344",25,49
2002,"31346",33,39
2002,"31347",35,18
2002,"31350",16,17
2002,"31351",27,41
2002,"31355",65,68
2002,"31356",39,34
2002,"31401",24,49
2002,"31402",91,53
2002,"31403",197,180
2002,"31404",41,60
2002,"31405",21,33
2002,"31406",25,16
2002,"31407",103,152
2002,"31408",18,25
2002,"31409",46,90
2002,"31410",74,85
2002,"31411",76,84
2002,"31412",187,196
2002,"31413",195,193
2002,"31414",65,62
2002,"31502",25,35
2002,"31503",63,64
2002,"31504",36,37
2002,"31505",90,113
2002,"31506",1,15
2002,"31507",60,71
2002,"31508",33,58
2002,"31509",48,85
2002,"31511",58,55
2002,"31513",52,50
2002,"31514",72,74
2002,"31515",25,44
2002,"31516",43,45
2002,"31517",57,78
2002,"31519",59,40
2002,"31520",118,137
2002,"31521",88,62
2002,"31522",49,53
2002,"31523",21,37
2002,"31524",273,294
2002,"31525",33,44
2002,"31527",108,87
2002,"31528",12,21
2002,"31530",112,85
2002,"31531",51,62
2002,"31533",194,152
2002,"31534",39,70
2002,"31535",16,20
2002,"31537",49,57
2002,"31539",81,73
2002,"31540",38,64
2002,"31541",14,16
2002,"31542",37,47
2002,"31543",19,19
2002,"31546",37,50
2002,"31549",262,268
2002,"31550",24,42
2002,"31551",30,58
2002,"31552",24,51
2002,"31553",55,72
2002,"31601",33,31
2002,"31603",61,38
2002,"31604",58,38
2002,"31605",67,35
2002,"31606",41,48
2002,"31608",11,18
2002,"31609",13,20
2002,"31611",16,13
2002,"31612",130,148
2002,"31613",25,32
2002,"31614",78,58
2002,"31615",52,47
2002,"31616",29,41
2002,"31617",43,46
2002,"31620",37,35
2002,"31621",44,50
2002,"31622",50,42
2002,"31627",56,37
2002,"31628",61,46
2002,"31629",180,162
2002,"31630",83,70
2002,"31633",505,382
2002,"31634",39,38
2002,"31636",27,16
2002,"31642",25,32
2002,"31644",138,164
2002,"31645",52,48
2002,"31646",16,34
2002,"31649",79,66
2002,"31650",44,32
2002,"31651",114,84
2002,"31652",17,27
2002,"31653",23,38
2002,"31654",77,67
2002,"31655",209,193
2002,"31658",9,25
2002,"31701",51,62
2002,"31702",156,172
2002,"31703",225,167
2002,"31704",578,482
2002,"31706",94,52
2002,"31707",88,83
2002,"31709",131,136
2002,"31710",367,372
2002,"31711",82,66
2002,"31712",245,205
2002,"31713",147,166
2002,"31714",45,56
2002,"31715",189,168
2002,"31716",590,568
2002,"31717",1314,1315
2002,"31718",104,100
2002,"31719",658,586
2002,"31723",447,244
2002,"31725",416,422
2002,"31726",105,84
2002,"31801",14,15
2002,"31802",66,62
2002,"31803",90,188
2002,"31804",40,33
2002,"31805",27,20
2002,"31806",12,12
2002,"31807",34,29
2002,"31808",118,111
2002,"31809",33,38
2002,"31810",353,333
2002,"31811",103,164
2002,"31812",46,57
2002,"31813",105,138
2002,"31814",70,109
2002,"31815",19,15
2002,"31817",60,45
2002,"31818",645,516
2002,"31820",28,31
2002,"31821",106,121
2002,"31823",74,111
2002,"31825",18,21
2002,"31826",93,103
2002,"31827",13,12
2002,"31829",125,163
2002,"31830",16,11
2002,"31831",68,72
2002,"31832",84,44
2002,"31833",35,56
2002,"31834",11,24
2002,"31835",99,88
2002,"31836",20,30
2002,"31837",45,34
2002,"31838",39,32
2002,"31839",540,606
2002,"31840",24,48
2002,"31841",7,22
2002,"31842",8,13
2002,"31843",45,59
2002,"31844",53,84
2002,"31845",40,28
2002,"31846",157,153
2002,"31847",58,33
2002,"31848",33,32
2002,"31849",54,40
2002,"31901",88,138
2002,"31902",79,84
2002,"31903",262,169
2002,"31904",34,34
2002,"31905",194,152
2002,"31906",29,54
2002,"31907",21,22
2002,"31909",92,84
2002,"31910",36,45
2002,"31911",35,40
2002,"31912",418,268
2002,"31913",57,67
2002,"31915",34,35
2002,"31916",49,40
2002,"31917",35,49
2002,"31918",77,92
2002,"31919",117,65
2002,"31920",7,23
2002,"31921",156,111
2002,"31922",77,52
2002,"31923",24,31
2002,"31925",46,49
2002,"31926",332,290
2002,"31927",62,77
2002,"31928",38,57
2002,"31929",191,181
2002,"31930",65,89
2002,"31932",81,81
2002,"31934",126,131
2002,"31935",94,76
2002,"31938",25,34
2002,"31939",12,7
2002,"31940",59,103
2002,"31941",29,27
2002,"31943",249,178
2002,"31945",60,54
2002,"31946",37,58
2002,"31947",227,303
2002,"31948",125,127
2002,"31949",199,198
2002,"31950",165,161
2002,"31951",380,309
2002,"31952",409,421
2002,"31953",108,97
2002,"31954",72,47
2002,"32001",63,98
2002,"32002",44,47
2002,"32003",59,72
2002,"32004",23,30
2002,"32005",24,61
2002,"32006",59,49
2002,"32007",7,14
2002,"32008",139,144
2002,"32009",39,32
2002,"32010",18,19
2002,"32011",26,28
2002,"32012",16,20
2002,"32013",124,126
2002,"32014",42,54
2002,"32015",25,26
2002,"32016",198,204
2002,"32017",92,88
2002,"32018",36,35
2002,"32101",78,40
2002,"32104",97,78
2002,"32106",45,59
2002,"32107",73,65
2002,"32109",24,22
2002,"32110",100,85
2002,"32112",90,126
2002,"32114",67,76
2002,"32115",35,43
2002,"32116",73,65
2002,"32119",112,81
2002,"32120",77,75
2002,"32131",260,277
2002,"32132",91,92
2002,"32134",122,72
2002,"32135",775,530
2002,"32139",30,39
2002,"32140",73,74
2002,"32141",108,118
2002,"32142",311,269
2002,"32143",74,37
2002,"32144",1129,792
2002,"32202",51,53
2002,"32203",40,39
2002,"32206",30,40
2002,"32207",76,152
2002,"32209",48,41
2002,"32210",45,49
2002,"32212",30,32
2002,"32214",19,25
2002,"32216",85,106
2002,"32217",50,29
2002,"32219",59,44
2002,"32220",220,218
2002,"32221",6,30
2002,"32222",10,14
2002,"32223",33,45
2002,"32301",148,118
2002,"32302",13,21
2002,"32304",167,171
2002,"32305",230,163
2002,"32306",122,135
2002,"32307",190,213
2002,"32308",102,51
2002,"32309",24,18
2002,"32310",38,39
2002,"32311",36,60
2002,"32312",11,39
2002,"32313",121,132
2002,"32314",38,57
2002,"32315",59,50
2002,"32316",167,143
2002,"32317",35,31
2002,"32318",126,151
2002,"32319",134,133
2002,"32320",88,89
2002,"32321",24,25
2002,"32322",11,20
2002,"32323",99,147
2002,"32324",9,23
2002,"32325",31,25
2002,"32326",12,13
2002,"32327",206,254
2002,"32330",194,136
2002,"32331",76,75
2002,"32332",86,122
2002,"32333",26,43
2002,"32334",30,41
2002,"32335",22,39
2002,"32336",85,91
2002,"32337",220,184
2002,"32338",65,59
2002,"32501",54,71
2002,"32502",17,27
2002,"32503",5,5
2002,"32504",20,25
2002,"32505",52,59
2002,"32506",20,10
2002,"32508",68,97
2002,"32509",10,31
2002,"32511",6,12
2002,"32514",5,19
2002,"32515",33,38
2002,"32516",20,48
2002,"32517",17,30
2002,"32518",30,41
2002,"32519",9,12
2002,"32520",39,39
2002,"32521",23,33
2002,"32522",30,51
2002,"32523",12,15
2002,"32524",32,47
2002,"32525",40,38
2002,"32528",15,21
2002,"32529",31,50
2002,"32530",228,269
2002,"40101",6385,6481
2002,"40201",1230,1623
2002,"40301",2217,2163
2002,"40401",151,156
2002,"40402",71,54
2002,"40403",23,15
2002,"40404",548,558
2002,"40405",104,90
2002,"40406",90,93
2002,"40407",61,72
2002,"40408",41,45
2002,"40409",51,83
2002,"40410",36,32
2002,"40411",13,18
2002,"40412",39,56
2002,"40413",155,174
2002,"40414",63,57
2002,"40415",24,43
2002,"40416",31,33
2002,"40417",31,45
2002,"40418",171,185
2002,"40419",80,78
2002,"40420",67,35
2002,"40421",296,275
2002,"40422",115,136
2002,"40423",40,37
2002,"40424",39,43
2002,"40425",55,56
2002,"40426",84,83
2002,"40427",58,90
2002,"40428",149,90
2002,"40429",29,35
2002,"40430",20,29
2002,"40431",86,73
2002,"40432",54,43
2002,"40433",24,30
2002,"40434",55,25
2002,"40435",18,13
2002,"40436",30,45
2002,"40437",117,150
2002,"40438",87,128
2002,"40439",10,10
2002,"40440",11,8
2002,"40441",188,195
2002,"40442",15,17
2002,"40443",38,45
2002,"40444",19,14
2002,"40445",32,34
2002,"40446",64,41
2002,"40501",165,177
2002,"40502",91,115
2002,"40503",230,196
2002,"40504",59,79
2002,"40505",22,20
2002,"40506",100,104
2002,"40507",69,64
2002,"40508",80,112
2002,"40509",89,125
2002,"40510",54,44
2002,"40511",108,127
2002,"40512",39,37
2002,"40601",316,288
2002,"40602",45,56
2002,"40603",60,66
2002,"40604",67,75
2002,"40605",26,30
2002,"40606",7,9
2002,"40607",58,73
2002,"40608",53,66
2002,"40609",105,73
2002,"40610",15,15
2002,"40611",20,40
2002,"40612",53,78
2002,"40613",15,21
2002,"40614",107,141
2002,"40615",64,105
2002,"40616",30,47
2002,"40617",27,38
2002,"40618",61,66
2002,"40619",33,42
2002,"40620",74,82
2002,"40621",50,47
2002,"40622",54,41
2002,"40623",25,42
2002,"40624",114,103
2002,"40625",4,23
2002,"40626",13,29
2002,"40627",52,55
2002,"40701",379,366
2002,"40702",220,207
2002,"40703",439,499
2002,"40704",155,224
2002,"40705",670,673
2002,"40706",49,58
2002,"40707",58,61
2002,"40708",95,103
2002,"40709",35,40
2002,"40710",68,72
2002,"40711",319,333
2002,"40712",18,34
2002,"40713",206,162
2002,"40714",222,192
2002,"40715",74,71
2002,"40716",28,32
2002,"40717",86,117
2002,"40718",61,81
2002,"40719",140,144
2002,"40720",160,202
2002,"40801",28,33
2002,"40802",288,179
2002,"40804",8,27
2002,"40805",136,143
2002,"40806",89,108
2002,"40807",23,29
2002,"40808",222,292
2002,"40809",54,70
2002,"40810",15,6
2002,"40811",47,40
2002,"40812",62,69
2002,"40813",71,70
2002,"40814",44,35
2002,"40815",14,26
2002,"40816",65,54
2002,"40817",19,50
2002,"40818",55,72
2002,"40820",13,16
2002,"40821",20,17
2002,"40822",29,60
2002,"40823",22,25
2002,"40824",46,42
2002,"40825",56,25
2002,"40826",9,3
2002,"40827",142,128
2002,"40828",22,19
2002,"40829",39,71
2002,"40830",10,22
2002,"40831",85,83
2002,"40832",119,103
2002,"40833",43,43
2002,"40834",8,14
2002,"40835",112,127
2002,"40901",14,25
2002,"40902",180,149
2002,"40903",37,43
2002,"40904",65,66
2002,"40905",243,245
2002,"40906",35,39
2002,"40907",224,217
2002,"40908",242,198
2002,"40909",84,107
2002,"40910",62,80
2002,"40911",16,19
2002,"40912",148,159
2002,"40913",101,73
2002,"40914",42,34
2002,"40915",70,79
2002,"40916",18,19
2002,"40917",142,137
2002,"40918",78,80
2002,"40919",12,14
2002,"40920",25,47
2002,"40921",12,31
2002,"40922",57,105
2002,"40923",128,128
2002,"41001",36,42
2002,"41002",768,693
2002,"41003",357,357
2002,"41004",33,32
2002,"41005",487,491
2002,"41006",60,47
2002,"41007",292,271
2002,"41008",91,86
2002,"41009",76,104
2002,"41010",96,75
2002,"41011",147,129
2002,"41012",1354,1313
2002,"41013",193,190
2002,"41014",206,213
2002,"41015",53,48
2002,"41016",60,78
2002,"41017",370,321
2002,"41018",89,88
2002,"41019",128,137
2002,"41020",169,149
2002,"41021",1129,1106
2002,"41022",268,166
2002,"41101",36,32
2002,"41102",38,29
2002,"41103",74,62
2002,"41104",18,20
2002,"41105",101,106
2002,"41106",123,131
2002,"41107",27,21
2002,"41108",39,34
2002,"41109",126,133
2002,"41110",138,117
2002,"41111",248,220
2002,"41112",46,59
2002,"41113",44,55
2002,"41114",121,119
2002,"41115",32,26
2002,"41116",281,252
2002,"41117",7,30
2002,"41118",153,135
2002,"41119",20,57
2002,"41120",134,120
2002,"41121",48,89
2002,"41122",14,18
2002,"41123",36,68
2002,"41124",171,221
2002,"41125",23,56
2002,"41126",46,51
2002,"41201",12,20
2002,"41202",34,36
2002,"41203",121,152
2002,"41204",61,69
2002,"41205",33,14
2002,"41206",13,11
2002,"41207",40,50
2002,"41208",28,61
2002,"41209",65,65
2002,"41210",13,15
2002,"41211",15,28
2002,"41212",26,28
2002,"41213",49,58
2002,"41214",96,104
2002,"41215",33,81
2002,"41216",9,4
2002,"41217",15,21
2002,"41218",87,87
2002,"41219",86,72
2002,"41220",54,63
2002,"41221",31,15
2002,"41222",22,22
2002,"41223",54,29
2002,"41224",45,46
2002,"41225",636,643
2002,"41226",9,10
2002,"41227",23,28
2002,"41228",83,81
2002,"41229",44,40
2002,"41230",37,16
2002,"41231",59,92
2002,"41232",84,53
2002,"41233",42,45
2002,"41234",70,56
2002,"41235",21,18
2002,"41236",16,12
2002,"41304",50,71
2002,"41305",4,33
2002,"41306",8,14
2002,"41307",12,13
2002,"41309",78,87
2002,"41311",3,14
2002,"41312",37,43
2002,"41313",14,34
2002,"41314",25,34
2002,"41315",28,36
2002,"41316",57,42
2002,"41317",17,13
2002,"41318",80,53
2002,"41319",4,12
2002,"41320",7,11
2002,"41321",36,56
2002,"41322",22,41
2002,"41323",20,55
2002,"41324",2,21
2002,"41325",36,40
2002,"41326",36,47
2002,"41327",30,42
2002,"41328",35,45
2002,"41329",23,33
2002,"41331",11,21
2002,"41332",70,95
2002,"41333",10,21
2002,"41334",20,30
2002,"41336",19,19
2002,"41337",41,40
2002,"41338",44,75
2002,"41341",14,10
2002,"41342",69,86
2002,"41343",121,89
2002,"41344",159,138
2002,"41345",26,42
2002,"41346",22,20
2002,"41401",18,15
2002,"41402",137,141
2002,"41403",95,66
2002,"41404",21,42
2002,"41405",19,37
2002,"41406",19,35
2002,"41407",54,43
2002,"41408",33,27
2002,"41409",28,41
2002,"41410",23,25
2002,"41411",32,40
2002,"41412",18,11
2002,"41413",62,75
2002,"41414",98,81
2002,"41415",30,28
2002,"41416",86,84
2002,"41417",19,20
2002,"41418",98,126
2002,"41419",59,69
2002,"41420",19,25
2002,"41421",27,32
2002,"41422",233,285
2002,"41423",48,64
2002,"41424",27,32
2002,"41425",95,115
2002,"41426",52,63
2002,"41427",13,20
2002,"41428",26,41
2002,"41429",39,64
2002,"41430",85,77
2002,"41501",47,52
2002,"41502",72,68
2002,"41503",247,218
2002,"41504",137,100
2002,"41505",60,36
2002,"41506",316,299
2002,"41507",61,62
2002,"41508",44,41
2002,"41509",33,78
2002,"41510",18,21
2002,"41511",95,89
2002,"41512",40,44
2002,"41513",85,55
2002,"41514",131,107
2002,"41515",32,46
2002,"41516",394,277
2002,"41517",63,105
2002,"41518",57,76
2002,"41521",102,83
2002,"41522",130,125
2002,"41601",96,103
2002,"41602",115,106
2002,"41603",133,82
2002,"41604",48,47
2002,"41605",356,219
2002,"41606",171,155
2002,"41607",273,287
2002,"41608",34,21
2002,"41609",204,151
2002,"41610",45,18
2002,"41611",83,90
2002,"41612",55,69
2002,"41613",62,92
2002,"41614",67,66
2002,"41615",99,69
2002,"41616",12,12
2002,"41617",162,190
2002,"41618",183,219
2002,"41619",35,30
2002,"41620",46,33
2002,"41621",37,34
2002,"41622",21,26
2002,"41623",22,31
2002,"41624",214,211
2002,"41626",126,140
2002,"41627",38,56
2002,"41628",25,53
2002,"41701",75,154
2002,"41702",51,68
2002,"41703",477,442
2002,"41704",42,33
2002,"41705",45,63
2002,"41706",40,36
2002,"41707",50,51
2002,"41708",23,20
2002,"41709",92,173
2002,"41710",176,155
2002,"41711",82,77
2002,"41712",30,46
2002,"41713",252,260
2002,"41714",37,45
2002,"41715",233,216
2002,"41716",87,83
2002,"41717",13,52
2002,"41718",35,48
2002,"41719",60,42
2002,"41720",56,50
2002,"41721",17,32
2002,"41722",133,85
2002,"41723",52,43
2002,"41724",13,14
2002,"41725",11,10
2002,"41726",79,59
2002,"41727",35,26
2002,"41728",14,20
2002,"41729",7,18
2002,"41730",63,55
2002,"41731",312,246
2002,"41732",63,74
2002,"41733",10,12
2002,"41734",234,343
2002,"41735",83,76
2002,"41736",49,61
2002,"41737",126,156
2002,"41738",234,257
2002,"41739",216,205
2002,"41740",36,32
2002,"41741",57,96
2002,"41742",161,127
2002,"41743",309,358
2002,"41744",52,48
2002,"41745",47,54
2002,"41746",599,578
2002,"41747",212,187
2002,"41748",15,16
2002,"41749",39,72
2002,"41750",52,82
2002,"41751",55,72
2002,"41752",26,63
2002,"41801",16,13
2002,"41802",41,42
2002,"41803",99,116
2002,"41804",146,152
2002,"41805",61,55
2002,"41806",103,109
2002,"41807",40,42
2002,"41808",111,163
2002,"41809",21,34
2002,"41810",93,94
2002,"41811",200,232
2002,"41812",477,386
2002,"41813",31,20
2002,"41814",32,50
2002,"41815",12,16
2002,"41816",101,93
2002,"41817",81,96
2002,"41818",61,45
2002,"41819",57,61
2002,"41820",216,219
2002,"41821",82,74
2002,"41822",42,48
2002,"41823",317,234
2002,"41824",150,101
2002,"50101",4827,4303
2002,"50201",84,121
2002,"50202",106,111
2002,"50203",22,43
2002,"50204",158,122
2002,"50205",679,744
2002,"50206",16,23
2002,"50207",192,179
2002,"50208",227,207
2002,"50209",152,153
2002,"50210",9,9
2002,"50211",58,61
2002,"50212",24,37
2002,"50213",71,74
2002,"50301",212,212
2002,"50302",118,129
2002,"50303",268,284
2002,"50304",63,54
2002,"50305",179,154
2002,"50306",19,42
2002,"50307",40,53
2002,"50308",113,86
2002,"50309",187,222
2002,"50310",271,256
2002,"50311",74,85
2002,"50312",93,86
2002,"50313",14,15
2002,"50314",305,271
2002,"50315",108,93
2002,"50316",214,168
2002,"50317",165,206
2002,"50318",4,9
2002,"50319",146,190
2002,"50320",107,96
2002,"50321",120,105
2002,"50322",114,98
2002,"50323",128,119
2002,"50324",282,386
2002,"50325",52,81
2002,"50326",219,211
2002,"50327",185,199
2002,"50328",61,57
2002,"50329",90,93
2002,"50330",130,161
2002,"50331",28,14
2002,"50332",76,84
2002,"50335",224,300
2002,"50336",153,167
2002,"50337",133,190
2002,"50338",442,458
2002,"50339",363,364
2002,"50401",127,150
2002,"50402",161,203
2002,"50403",177,199
2002,"50404",315,339
2002,"50405",25,53
2002,"50406",77,110
2002,"50407",42,56
2002,"50408",56,61
2002,"50409",7,10
2002,"50410",78,85
2002,"50411",67,74
2002,"50412",50,67
2002,"50413",5,28
2002,"50414",11,16
2002,"50415",30,55
2002,"50416",62,76
2002,"50417",138,153
2002,"50418",354,379
2002,"50419",40,34
2002,"50420",127,109
2002,"50421",145,183
2002,"50422",42,41
2002,"50423",59,70
2002,"50424",117,95
2002,"50425",23,24
2002,"50501",7,11
2002,"50502",16,18
2002,"50503",61,59
2002,"50504",40,70
2002,"50505",9,6
2002,"50506",24,65
2002,"50507",24,30
2002,"50508",12,20
2002,"50509",87,130
2002,"50510",151,163
2002,"50511",13,11
2002,"50512",44,57
2002,"50513",17,30
2002,"50514",3,9
2002,"50515",7,26
2002,"50601",97,118
2002,"50602",160,202
2002,"50603",14,16
2002,"50604",25,40
2002,"50605",43,44
2002,"50606",96,121
2002,"50607",12,22
2002,"50608",22,42
2002,"50609",45,74
2002,"50610",68,75
2002,"50611",134,148
2002,"50612",36,69
2002,"50613",151,175
2002,"50614",47,78
2002,"50615",65,56
2002,"50616",125,117
2002,"50617",28,64
2002,"50618",59,87
2002,"50619",426,396
2002,"50620",26,52
2002,"50621",39,35
2002,"50622",63,82
2002,"50623",37,29
2002,"50624",95,83
2002,"50625",9,12
2002,"50626",20,26
2002,"50627",25,35
2002,"50628",369,416
2002,"60101",8150,7483
2002,"60305",116,154
2002,"60318",136,156
2002,"60323",71,83
2002,"60324",87,89
2002,"60326",46,61
2002,"60329",76,54
2002,"60341",41,42
2002,"60344",438,433
2002,"60345",190,252
2002,"60346",178,181
2002,"60347",118,133
2002,"60348",104,139
2002,"60349",148,147
2002,"60350",290,259
2002,"60351",167,174
2002,"60608",309,326
2002,"60611",180,134
2002,"60613",319,275
2002,"60617",267,174
2002,"60618",43,49
2002,"60619",114,89
2002,"60623",112,66
2002,"60624",372,242
2002,"60626",158,65
2002,"60628",116,123
2002,"60629",251,235
2002,"60632",97,134
2002,"60639",37,48
2002,"60641",71,57
2002,"60642",83,79
2002,"60645",124,90
2002,"60646",137,127
2002,"60647",24,26
2002,"60648",113,93
2002,"60651",72,65
2002,"60653",195,154
2002,"60654",91,111
2002,"60655",96,107
2002,"60656",59,58
2002,"60659",221,172
2002,"60660",108,90
2002,"60661",199,247
2002,"60662",217,159
2002,"60663",182,171
2002,"60664",470,483
2002,"60665",295,211
2002,"60666",76,96
2002,"60667",151,131
2002,"60668",95,111
2002,"60669",582,455
2002,"60670",237,227
2002,"61001",52,60
2002,"61002",101,102
2002,"61007",52,61
2002,"61008",46,42
2002,"61012",121,123
2002,"61013",92,84
2002,"61016",72,60
2002,"61017",52,64
2002,"61019",42,31
2002,"61020",53,51
2002,"61021",78,69
2002,"61024",119,95
2002,"61027",57,56
2002,"61030",91,78
2002,"61032",45,83
2002,"61033",94,56
2002,"61043",159,143
2002,"61045",269,301
2002,"61049",103,117
2002,"61050",116,140
2002,"61051",135,113
2002,"61052",94,93
2002,"61053",750,542
2002,"61054",92,134
2002,"61055",63,64
2002,"61057",58,65
2002,"61059",236,262
2002,"61060",135,144
2002,"61061",302,258
2002,"61101",70,170
2002,"61105",47,41
2002,"61106",43,49
2002,"61107",45,38
2002,"61108",782,1104
2002,"61109",85,69
2002,"61110",119,131
2002,"61111",71,62
2002,"61112",6,20
2002,"61113",122,121
2002,"61114",105,134
2002,"61115",70,73
2002,"61116",46,51
2002,"61118",49,56
2002,"61119",13,22
2002,"61120",403,345
2002,"61203",97,123
2002,"61204",63,65
2002,"61205",25,27
2002,"61206",58,41
2002,"61207",148,163
2002,"61213",81,106
2002,"61215",38,38
2002,"61217",49,74
2002,"61222",88,93
2002,"61236",55,54
2002,"61243",92,101
2002,"61247",88,130
2002,"61251",9,8
2002,"61252",35,48
2002,"61253",117,160
2002,"61254",42,29
2002,"61255",97,119
2002,"61256",62,57
2002,"61257",104,148
2002,"61258",61,80
2002,"61259",331,323
2002,"61260",31,40
2002,"61261",92,56
2002,"61262",49,76
2002,"61263",187,202
2002,"61264",35,59
2002,"61265",178,207
2002,"61266",40,43
2002,"61267",156,151
2002,"61410",33,32
2002,"61413",8,34
2002,"61425",57,69
2002,"61428",13,37
2002,"61437",16,21
2002,"61438",127,140
2002,"61439",123,164
2002,"61440",33,62
2002,"61441",12,23
2002,"61442",37,48
2002,"61443",37,71
2002,"61444",36,84
2002,"61445",45,112
2002,"61446",77,54
2002,"61611",99,74
2002,"61612",104,94
2002,"61615",107,97
2002,"61618",86,92
2002,"61621",41,49
2002,"61624",106,90
2002,"61625",430,441
2002,"61626",297,226
2002,"61627",55,88
2002,"61628",57,75
2002,"61629",24,40
2002,"61630",64,62
2002,"61631",444,529
2002,"61632",125,154
2002,"61633",142,123
2002,"61701",83,47
2002,"61708",20,27
2002,"61710",26,33
2002,"61711",9,16
2002,"61716",63,100
2002,"61719",54,55
2002,"61727",108,103
2002,"61728",8,11
2002,"61729",65,55
2002,"61730",101,103
2002,"61731",60,52
2002,"61740",34,74
2002,"61741",20,54
2002,"61743",22,14
2002,"61744",13,12
2002,"61745",12,22
2002,"61746",104,100
2002,"61748",142,110
2002,"61750",29,52
2002,"61751",71,95
2002,"61756",81,108
2002,"61757",121,137
2002,"61758",36,51
2002,"61759",35,66
2002,"61760",464,348
2002,"61761",63,48
2002,"61762",87,87
2002,"61763",109,124
2002,"61764",112,106
2002,"61765",168,127
2002,"61766",472,401
2002,"62007",244,295
2002,"62008",27,37
2002,"62010",22,12
2002,"62014",70,76
2002,"62021",6,13
2002,"62026",25,21
2002,"62032",56,38
2002,"62034",41,58
2002,"62036",53,53
2002,"62038",322,366
2002,"62039",67,73
2002,"62040",409,514
2002,"62041",532,669
2002,"62042",60,91
2002,"62043",79,87
2002,"62044",85,79
2002,"62045",42,76
2002,"62046",115,146
2002,"62047",253,238
2002,"62048",214,160
2002,"62105",31,63
2002,"62115",128,163
2002,"62116",144,130
2002,"62125",73,102
2002,"62128",133,114
2002,"62131",47,87
2002,"62132",36,54
2002,"62135",65,95
2002,"62138",69,195
2002,"62139",752,709
2002,"62140",863,913
2002,"62141",362,290
2002,"62142",130,151
2002,"62143",362,474
2002,"62144",113,219
2002,"62145",122,212
2002,"62146",164,158
2002,"62147",72,109
2002,"62148",56,77
2002,"62202",64,49
2002,"62205",49,50
2002,"62206",35,44
2002,"62209",41,38
2002,"62211",61,82
2002,"62214",67,56
2002,"62216",40,54
2002,"62219",326,287
2002,"62220",61,99
2002,"62226",55,82
2002,"62232",59,27
2002,"62233",97,127
2002,"62235",51,50
2002,"62242",14,24
2002,"62244",110,67
2002,"62245",27,55
2002,"62247",18,66
2002,"62252",82,61
2002,"62256",67,61
2002,"62262",20,36
2002,"62264",132,113
2002,"62265",44,70
2002,"62266",70,74
2002,"62267",280,265
2002,"62268",57,100
2002,"62269",67,83
2002,"62270",63,82
2002,"62271",81,134
2002,"62272",93,95
2002,"62273",77,55
2002,"62274",97,103
2002,"62275",185,179
2002,"62276",44,66
2002,"62277",70,98
2002,"62278",77,104
2002,"62279",29,73
2002,"62311",47,39
2002,"62314",33,36
2002,"62326",62,61
2002,"62330",32,41
2002,"62332",28,47
2002,"62335",23,24
2002,"62343",27,30
2002,"62368",38,31
2002,"62372",30,59
2002,"62375",188,257
2002,"62376",104,109
2002,"62377",77,94
2002,"62378",202,275
2002,"62379",533,439
2002,"62380",141,134
2002,"62381",102,91
2002,"62382",142,140
2002,"62383",128,120
2002,"62384",73,86
2002,"62385",119,66
2002,"62386",102,133
2002,"62387",37,65
2002,"62388",56,108
2002,"62389",103,100
2002,"62390",112,118
2002,"70101",3953,3554
2002,"70201",85,97
2002,"70202",129,130
2002,"70203",370,354
2002,"70204",15,19
2002,"70205",21,22
2002,"70206",14,6
2002,"70207",30,29
2002,"70208",66,80
2002,"70209",151,132
2002,"70210",9,36
2002,"70211",49,74
2002,"70212",56,76
2002,"70213",55,45
2002,"70214",68,90
2002,"70215",104,82
2002,"70216",49,50
2002,"70217",26,44
2002,"70218",47,52
2002,"70219",65,58
2002,"70220",99,141
2002,"70221",72,52
2002,"70222",79,83
2002,"70223",81,83
2002,"70224",38,70
2002,"70301",273,240
2002,"70302",116,111
2002,"70303",80,86
2002,"70304",242,232
2002,"70305",52,46
2002,"70306",76,79
2002,"70307",21,29
2002,"70308",47,26
2002,"70309",98,108
2002,"70310",138,161
2002,"70311",46,25
2002,"70312",194,250
2002,"70313",38,51
2002,"70314",11,11
2002,"70315",40,62
2002,"70317",8,15
2002,"70318",53,47
2002,"70319",107,78
2002,"70320",127,146
2002,"70322",46,53
2002,"70323",27,23
2002,"70325",39,37
2002,"70326",102,106
2002,"70328",93,65
2002,"70329",186,159
2002,"70331",105,79
2002,"70332",91,95
2002,"70333",35,43
2002,"70334",149,179
2002,"70335",84,81
2002,"70336",11,7
2002,"70337",91,75
2002,"70338",44,40
2002,"70339",31,55
2002,"70340",55,72
2002,"70342",36,24
2002,"70343",36,33
2002,"70344",57,83
2002,"70345",62,51
2002,"70346",444,431
2002,"70347",1,3
2002,"70348",26,48
2002,"70349",16,14
2002,"70350",50,55
2002,"70351",164,181
2002,"70352",25,32
2002,"70353",49,54
2002,"70354",653,622
2002,"70355",100,132
2002,"70356",43,58
2002,"70357",583,470
2002,"70358",180,181
2002,"70359",31,41
2002,"70360",71,60
2002,"70361",18,5
2002,"70362",9,16
2002,"70364",368,358
2002,"70365",167,204
2002,"70366",6,17
2002,"70367",303,277
2002,"70368",21,29
2002,"70369",339,251
2002,"70370",95,107
2002,"70401",42,50
2002,"70402",65,90
2002,"70403",182,243
2002,"70404",56,65
2002,"70405",40,34
2002,"70406",132,146
2002,"70407",49,55
2002,"70408",39,55
2002,"70409",165,174
2002,"70410",163,150
2002,"70411",271,330
2002,"70412",142,100
2002,"70413",79,90
2002,"70414",66,75
2002,"70415",39,27
2002,"70416",318,276
2002,"70417",46,61
2002,"70418",8,26
2002,"70419",41,48
2002,"70420",77,61
2002,"70501",43,41
2002,"70502",59,34
2002,"70503",108,75
2002,"70504",17,31
2002,"70505",90,84
2002,"70506",141,121
2002,"70508",165,142
2002,"70509",69,105
2002,"70510",16,39
2002,"70511",274,249
2002,"70512",164,166
2002,"70513",567,507
2002,"70514",109,106
2002,"70515",122,162
2002,"70516",11,15
2002,"70517",123,100
2002,"70518",62,56
2002,"70519",15,27
2002,"70520",109,80
2002,"70521",26,34
2002,"70522",135,187
2002,"70523",9,17
2002,"70524",76,47
2002,"70525",97,78
2002,"70526",74,91
2002,"70527",55,65
2002,"70528",57,72
2002,"70529",39,50
2002,"70530",80,112
2002,"70531",517,427
2002,"70601",9,11
2002,"70602",3,1
2002,"70603",17,36
2002,"70604",113,123
2002,"70605",32,31
2002,"70606",16,28
2002,"70607",63,46
2002,"70608",55,60
2002,"70609",36,37
2002,"70610",6,6
2002,"70611",6,10
2002,"70612",12,12
2002,"70613",15,21
2002,"70614",264,294
2002,"70615",38,50
2002,"70616",32,51
2002,"70617",54,58
2002,"70618",27,38
2002,"70619",51,39
2002,"70620",81,38
2002,"70621",78,80
2002,"70622",47,54
2002,"70623",14,25
2002,"70624",49,33
2002,"70625",0,7
2002,"70626",10,21
2002,"70627",18,32
2002,"70628",9,7
2002,"70629",13,24
2002,"70630",111,136
2002,"70701",16,16
2002,"70702",23,32
2002,"70703",4,15
2002,"70704",15,30
2002,"70705",39,63
2002,"70706",9,15
2002,"70707",107,89
2002,"70708",37,28
2002,"70709",4,17
2002,"70710",9,18
2002,"70711",24,12
2002,"70712",17,36
2002,"70713",7,11
2002,"70714",12,9
2002,"70715",53,49
2002,"70716",370,428
2002,"70717",73,78
2002,"70718",21,26
2002,"70719",99,104
2002,"70720",36,35
2002,"70721",9,31
2002,"70723",15,31
2002,"70724",20,36
2002,"70725",9,3
2002,"70726",8,22
2002,"70727",4,9
2002,"70728",30,42
2002,"70729",14,14
2002,"70731",16,10
2002,"70732",48,27
2002,"70733",0,7
2002,"70734",22,33
2002,"70735",6,17
2002,"70801",14,24
2002,"70802",9,22
2002,"70803",20,15
2002,"70804",27,40
2002,"70805",74,86
2002,"70806",33,40
2002,"70807",49,65
2002,"70808",42,35
2002,"70809",15,11
2002,"70810",6,12
2002,"70811",26,27
2002,"70812",0,1
2002,"70813",10,21
2002,"70814",13,15
2002,"70815",3,1
2002,"70816",36,62
2002,"70817",9,13
2002,"70818",6,14
2002,"70819",1,5
2002,"70820",158,87
2002,"70821",42,36
2002,"70822",16,24
2002,"70823",5,1
2002,"70824",10,14
2002,"70825",2,5
2002,"70826",55,74
2002,"70827",9,5
2002,"70828",326,274
2002,"70829",0,14
2002,"70830",27,28
2002,"70831",8,25
2002,"70832",28,47
2002,"70833",63,47
2002,"70834",3,6
2002,"70835",40,69
2002,"70836",24,50
2002,"70837",6,6
2002,"70901",64,67
2002,"70902",49,49
2002,"70903",5,4
2002,"70904",23,18
2002,"70905",98,160
2002,"70907",117,129
2002,"70908",31,63
2002,"70909",176,135
2002,"70910",55,61
2002,"70911",31,14
2002,"70912",23,26
2002,"70913",6,5
2002,"70914",16,19
2002,"70915",43,48
2002,"70916",18,45
2002,"70917",306,249
2002,"70918",37,60
2002,"70920",147,156
2002,"70921",45,25
2002,"70922",68,67
2002,"70923",77,53
2002,"70924",16,10
2002,"70925",54,39
2002,"70926",517,493
2002,"70927",49,75
2002,"70928",70,77
2002,"70929",5,10
2002,"70930",40,34
2002,"70931",55,44
2002,"70932",13,25
2002,"70933",120,122
2002,"70934",64,85
2002,"70935",53,85
2002,"70936",192,182
2002,"70937",103,64
2002,"70938",49,72
2002,"70939",126,86
2002,"70940",69,62
2002,"70941",22,55
2002,"80101",88,113
2002,"80102",6,21
2002,"80103",709,730
2002,"80104",152,134
2002,"80105",48,39
2002,"80106",186,231
2002,"80107",26,26
2002,"80108",47,67
2002,"80109",9,19
2002,"80110",31,77
2002,"80111",43,43
2002,"80112",22,38
2002,"80113",81,64
2002,"80114",22,11
2002,"80115",150,165
2002,"80116",305,307
2002,"80117",242,299
2002,"80118",29,27
2002,"80119",24,48
2002,"80120",73,72
2002,"80121",11,21
2002,"80122",195,207
2002,"80123",21,36
2002,"80124",8,23
2002,"80125",17,16
2002,"80126",138,111
2002,"80127",22,20
2002,"80128",127,95
2002,"80129",140,129
2002,"80201",93,133
2002,"80202",67,94
2002,"80203",39,28
2002,"80204",60,68
2002,"80205",47,36
2002,"80206",23,42
2002,"80207",1333,1315
2002,"80208",19,13
2002,"80209",7,11
2002,"80210",24,34
2002,"80211",80,98
2002,"80212",17,13
2002,"80213",171,199
2002,"80214",101,76
2002,"80215",499,489
2002,"80216",82,67
2002,"80217",355,327
2002,"80218",252,266
2002,"80219",77,58
2002,"80220",99,107
2002,"80221",54,58
2002,"80222",45,66
2002,"80223",38,43
2002,"80224",532,534
2002,"80225",38,45
2002,"80226",315,264
2002,"80227",44,64
2002,"80228",46,92
2002,"80229",5,17
2002,"80230",26,22
2002,"80231",25,26
2002,"80232",8,15
2002,"80233",15,35
2002,"80234",1,7
2002,"80235",165,154
2002,"80236",51,55
2002,"80237",6,10
2002,"80238",35,58
2002,"80239",9,12
2002,"80240",358,409
2002,"80301",1520,1374
2002,"80302",628,627
2002,"80303",671,634
2002,"80401",324,279
2002,"80402",13,20
2002,"80403",10,10
2002,"80404",1305,1364
2002,"80405",319,334
2002,"80406",16,26
2002,"80407",123,120
2002,"80408",555,557
2002,"80409",133,136
2002,"80410",183,189
2002,"80411",23,32
2002,"80412",153,138
2002,"80413",92,100
2002,"80414",562,567
2002,"80415",23,11
2002,"80416",111,132
2002,"80417",132,107
2002,"80418",141,118
2002,"80419",32,24
2002,"80420",134,143
2002,"80421",23,10
2002,"80422",8,12
2002,"80423",101,96
2002,"80424",229,200
2002,"90101",1065,1130
2002,"90201",6561,6761
2002,"90301",5774,6435
2002,"90401",2330,2244
2002,"90501",4654,4953
2002,"90601",2564,2684
2002,"90701",2564,2944
2002,"90801",2322,2287
2002,"90901",3451,4010
2002,"91001",10263,9080
2002,"91101",5151,4780
2002,"91201",6750,6324
2002,"91301",3249,2631
2002,"91401",5392,5056
2002,"91501",5865,7205
2002,"91601",6800,7111
2002,"91701",4246,4383
2002,"91801",3612,3672
2002,"91901",4129,3607
2002,"92001",6352,6456
2002,"92101",7367,6247
2002,"92201",6865,5874
2002,"92301",4505,4067
2003,"10101",475,403
2003,"10201",61,36
2003,"10301",54,41
2003,"10302",50,37
2003,"10303",47,56
2003,"10304",88,124
2003,"10305",32,30
2003,"10306",20,32
2003,"10307",34,34
2003,"10308",42,29
2003,"10309",150,137
2003,"10310",60,29
2003,"10311",33,52
2003,"10312",67,48
2003,"10313",67,74
2003,"10314",26,25
2003,"10315",104,98
2003,"10316",92,63
2003,"10317",85,90
2003,"10318",47,65
2003,"10319",58,56
2003,"10320",12,15
2003,"10321",22,16
2003,"10322",40,17
2003,"10323",45,17
2003,"10401",12,28
2003,"10402",47,36
2003,"10403",21,25
2003,"10404",48,21
2003,"10405",150,146
2003,"10406",12,21
2003,"10407",23,24
2003,"10408",49,42
2003,"10409",16,23
2003,"10410",14,20
2003,"10411",27,37
2003,"10412",33,26
2003,"10413",31,29
2003,"10414",82,74
2003,"10415",17,94
2003,"10416",27,33
2003,"10417",46,54
2003,"10418",8,11
2003,"10419",14,19
2003,"10420",2,11
2003,"10421",3,4
2003,"10422",3,5
2003,"10423",4,3
2003,"10424",5,3
2003,"10425",10,12
2003,"10426",2,6
2003,"10427",11,14
2003,"10428",5,11
2003,"10501",48,68
2003,"10502",31,43
2003,"10503",28,34
2003,"10504",108,112
2003,"10505",18,28
2003,"10506",32,38
2003,"10507",23,32
2003,"10508",96,64
2003,"10509",50,52
2003,"10510",17,14
2003,"10511",13,12
2003,"10512",6,15
2003,"10601",35,26
2003,"10602",87,140
2003,"10603",38,34
2003,"10604",47,45
2003,"10605",54,72
2003,"10606",261,183
2003,"10607",290,199
2003,"10608",21,18
2003,"10609",120,99
2003,"10610",62,82
2003,"10611",118,86
2003,"10612",49,55
2003,"10613",34,36
2003,"10614",44,42
2003,"10615",90,92
2003,"10616",23,22
2003,"10617",19,23
2003,"10618",48,32
2003,"10619",21,21
2003,"10701",31,43
2003,"10702",27,47
2003,"10703",197,163
2003,"10704",16,22
2003,"10705",78,71
2003,"10706",32,21
2003,"10707",99,65
2003,"10708",35,40
2003,"10709",49,47
2003,"10710",38,24
2003,"10711",44,46
2003,"10712",50,69
2003,"10713",220,222
2003,"10714",49,44
2003,"10715",17,28
2003,"10716",30,42
2003,"10717",249,120
2003,"10718",74,45
2003,"10719",24,25
2003,"10720",12,24
2003,"10721",35,48
2003,"10722",74,45
2003,"10723",36,44
2003,"10724",64,59
2003,"10725",13,26
2003,"10726",11,20
2003,"10727",13,8
2003,"10801",53,54
2003,"10802",11,15
2003,"10803",27,35
2003,"10804",41,67
2003,"10805",39,107
2003,"10806",26,10
2003,"10807",48,41
2003,"10808",33,43
2003,"10809",45,37
2003,"10810",14,10
2003,"10811",59,56
2003,"10812",31,27
2003,"10813",45,36
2003,"10814",33,31
2003,"10815",34,48
2003,"10816",145,132
2003,"10817",23,33
2003,"10818",10,7
2003,"10819",35,16
2003,"10820",21,29
2003,"10821",31,27
2003,"10822",34,34
2003,"10823",47,33
2003,"10824",16,17
2003,"10825",20,49
2003,"10826",6,7
2003,"10827",21,15
2003,"10828",18,9
2003,"10901",84,71
2003,"10902",52,72
2003,"10903",28,24
2003,"10904",26,27
2003,"10905",98,123
2003,"10906",20,13
2003,"10907",63,59
2003,"10908",27,30
2003,"10909",48,55
2003,"10910",31,48
2003,"10911",52,39
2003,"10912",62,56
2003,"10913",12,26
2003,"10914",45,41
2003,"10915",6,39
2003,"10916",54,97
2003,"10917",402,307
2003,"10918",223,191
2003,"10919",90,77
2003,"10920",73,61
2003,"10921",46,36
2003,"10922",15,32
2003,"10923",74,63
2003,"10924",19,28
2003,"10925",38,45
2003,"10926",28,34
2003,"10927",22,23
2003,"10928",28,47
2003,"10929",18,5
2003,"10930",22,19
2003,"10931",4,3
2003,"10932",6,12
2003,"20101",3059,3054
2003,"20201",1802,1765
2003,"20302",32,44
2003,"20305",131,147
2003,"20306",51,64
2003,"20307",75,61
2003,"20316",39,70
2003,"20320",16,23
2003,"20321",13,27
2003,"20402",384,336
2003,"20403",81,77
2003,"20405",191,231
2003,"20409",146,117
2003,"20412",78,98
2003,"20414",141,113
2003,"20415",246,193
2003,"20416",35,47
2003,"20417",126,85
2003,"20418",169,125
2003,"20419",85,51
2003,"20421",246,262
2003,"20424",128,122
2003,"20425",144,139
2003,"20428",38,35
2003,"20432",86,86
2003,"20435",99,71
2003,"20441",9,16
2003,"20442",122,86
2003,"20501",174,221
2003,"20502",130,112
2003,"20503",17,34
2003,"20504",64,85
2003,"20505",137,176
2003,"20506",35,54
2003,"20508",40,44
2003,"20509",41,67
2003,"20511",45,55
2003,"20512",85,74
2003,"20513",56,90
2003,"20515",130,152
2003,"20518",43,108
2003,"20519",74,53
2003,"20520",47,53
2003,"20523",153,160
2003,"20527",590,512
2003,"20530",94,79
2003,"20531",55,75
2003,"20534",130,139
2003,"20601",66,91
2003,"20602",96,56
2003,"20603",28,40
2003,"20604",20,32
2003,"20605",40,37
2003,"20607",28,71
2003,"20608",89,77
2003,"20609",37,43
2003,"20610",13,46
2003,"20611",29,50
2003,"20613",19,27
2003,"20616",38,76
2003,"20618",16,23
2003,"20619",49,71
2003,"20620",114,114
2003,"20622",15,22
2003,"20624",42,57
2003,"20625",35,43
2003,"20627",79,59
2003,"20630",248,307
2003,"20631",41,46
2003,"20632",11,46
2003,"20633",73,84
2003,"20634",240,217
2003,"20635",534,573
2003,"20636",26,34
2003,"20637",43,55
2003,"20638",28,40
2003,"20639",13,17
2003,"20640",38,48
2003,"20642",38,63
2003,"20643",100,86
2003,"20644",48,66
2003,"20701",44,61
2003,"20702",258,256
2003,"20703",28,47
2003,"20705",66,92
2003,"20707",32,8
2003,"20708",28,60
2003,"20710",74,103
2003,"20711",321,311
2003,"20712",27,47
2003,"20713",9,36
2003,"20719",72,63
2003,"20720",207,199
2003,"20721",61,57
2003,"20722",140,122
2003,"20723",50,30
2003,"20724",234,175
2003,"20725",328,316
2003,"20726",114,135
2003,"20727",198,141
2003,"20801",129,119
2003,"20802",29,43
2003,"20803",229,282
2003,"20804",40,71
2003,"20805",81,94
2003,"20806",57,46
2003,"20807",60,51
2003,"20808",94,113
2003,"20810",30,30
2003,"20812",53,83
2003,"20813",237,413
2003,"20815",56,61
2003,"20817",348,363
2003,"20901",76,126
2003,"20905",101,182
2003,"20909",67,114
2003,"20911",26,25
2003,"20912",37,61
2003,"20913",384,348
2003,"20914",48,65
2003,"20918",113,140
2003,"20923",629,623
2003,"21001",18,24
2003,"21002",422,440
2003,"21003",70,108
2003,"21004",31,46
2003,"21005",54,64
2003,"21006",24,36
2003,"21007",44,51
2003,"21008",96,125
2003,"21009",164,151
2003,"21010",61,53
2003,"30101",1121,1047
2003,"30201",1842,1527
2003,"30301",336,342
2003,"30401",1848,1617
2003,"30501",65,40
2003,"30502",792,784
2003,"30503",83,94
2003,"30504",131,119
2003,"30506",115,106
2003,"30507",73,57
2003,"30508",159,133
2003,"30509",60,75
2003,"30510",12,20
2003,"30511",74,55
2003,"30512",32,33
2003,"30514",206,143
2003,"30515",120,126
2003,"30516",43,40
2003,"30517",123,108
2003,"30520",81,59
2003,"30521",45,61
2003,"30522",48,63
2003,"30524",19,22
2003,"30526",5,23
2003,"30527",71,81
2003,"30529",86,114
2003,"30530",146,141
2003,"30531",298,320
2003,"30532",112,103
2003,"30533",121,186
2003,"30534",33,61
2003,"30536",32,30
2003,"30538",68,57
2003,"30539",53,72
2003,"30541",47,48
2003,"30542",44,42
2003,"30543",34,84
2003,"30544",68,40
2003,"30601",98,82
2003,"30602",136,201
2003,"30603",534,562
2003,"30604",1272,1218
2003,"30605",399,377
2003,"30607",360,378
2003,"30608",164,151
2003,"30609",34,16
2003,"30612",121,114
2003,"30613",70,94
2003,"30614",44,25
2003,"30615",185,159
2003,"30616",49,42
2003,"30618",374,290
2003,"30620",253,232
2003,"30621",132,97
2003,"30623",150,143
2003,"30625",266,134
2003,"30626",251,205
2003,"30627",142,139
2003,"30629",79,54
2003,"30631",123,96
2003,"30633",50,38
2003,"30635",81,58
2003,"30636",72,56
2003,"30637",132,55
2003,"30639",807,676
2003,"30641",114,87
2003,"30645",145,97
2003,"30646",122,110
2003,"30701",11,8
2003,"30702",91,78
2003,"30703",17,14
2003,"30704",351,292
2003,"30706",114,83
2003,"30708",39,29
2003,"30709",82,64
2003,"30710",245,261
2003,"30711",146,51
2003,"30712",45,31
2003,"30713",24,32
2003,"30715",25,24
2003,"30716",100,111
2003,"30718",38,51
2003,"30719",39,40
2003,"30721",67,49
2003,"30722",35,34
2003,"30724",66,65
2003,"30726",90,76
2003,"30728",36,40
2003,"30729",118,123
2003,"30730",163,194
2003,"30731",132,129
2003,"30732",340,167
2003,"30733",35,40
2003,"30734",66,89
2003,"30735",243,127
2003,"30736",116,110
2003,"30737",83,64
2003,"30738",34,21
2003,"30739",68,61
2003,"30740",647,561
2003,"30741",59,75
2003,"30801",10,11
2003,"30802",6,2
2003,"30803",156,113
2003,"30804",59,63
2003,"30805",60,51
2003,"30808",361,282
2003,"30810",56,63
2003,"30811",95,67
2003,"30812",34,31
2003,"30813",40,42
2003,"30814",64,60
2003,"30817",668,352
2003,"30819",15,15
2003,"30821",393,307
2003,"30822",0,1
2003,"30824",45,55
2003,"30825",59,71
2003,"30826",45,35
2003,"30827",88,79
2003,"30828",12,24
2003,"30829",33,34
2003,"30830",111,74
2003,"30831",107,112
2003,"30834",28,38
2003,"30835",120,137
2003,"30836",68,21
2003,"30838",101,145
2003,"30841",40,30
2003,"30842",77,59
2003,"30844",81,82
2003,"30845",40,37
2003,"30846",4,1
2003,"30848",42,55
2003,"30849",37,21
2003,"30850",37,50
2003,"30852",85,94
2003,"30854",40,53
2003,"30856",382,295
2003,"30857",43,41
2003,"30858",58,59
2003,"30859",18,27
2003,"30860",73,81
2003,"30863",149,132
2003,"30865",38,35
2003,"30902",47,39
2003,"30903",46,61
2003,"30904",20,12
2003,"30906",22,22
2003,"30908",191,218
2003,"30909",69,75
2003,"30910",21,73
2003,"30912",33,25
2003,"30913",15,28
2003,"30915",8,18
2003,"30916",72,103
2003,"30917",14,6
2003,"30920",46,86
2003,"30921",31,40
2003,"30925",50,68
2003,"30929",8,27
2003,"30932",28,46
2003,"30935",121,178
2003,"30939",11,17
2003,"30940",23,20
2003,"30942",73,60
2003,"31001",25,33
2003,"31008",84,89
2003,"31009",39,34
2003,"31014",40,49
2003,"31015",47,47
2003,"31016",39,33
2003,"31018",43,69
2003,"31019",33,35
2003,"31021",40,35
2003,"31022",458,393
2003,"31025",15,11
2003,"31026",69,59
2003,"31028",48,50
2003,"31033",39,46
2003,"31035",49,47
2003,"31036",53,65
2003,"31037",169,151
2003,"31038",33,28
2003,"31041",30,26
2003,"31042",31,35
2003,"31043",65,57
2003,"31051",83,60
2003,"31052",84,79
2003,"31053",93,124
2003,"31101",21,34
2003,"31102",27,22
2003,"31103",42,39
2003,"31104",51,35
2003,"31105",159,135
2003,"31106",111,76
2003,"31107",22,21
2003,"31109",257,247
2003,"31110",22,49
2003,"31111",11,27
2003,"31113",18,12
2003,"31114",6,19
2003,"31117",8,13
2003,"31119",20,7
2003,"31120",30,39
2003,"31121",120,97
2003,"31123",39,35
2003,"31124",71,71
2003,"31129",32,44
2003,"31130",19,37
2003,"31201",190,177
2003,"31202",65,55
2003,"31203",62,84
2003,"31204",44,38
2003,"31205",74,74
2003,"31206",136,56
2003,"31207",141,132
2003,"31208",141,58
2003,"31213",609,534
2003,"31214",345,297
2003,"31215",62,48
2003,"31216",269,176
2003,"31224",39,54
2003,"31226",158,124
2003,"31227",154,72
2003,"31228",30,38
2003,"31229",110,44
2003,"31230",583,426
2003,"31234",48,38
2003,"31235",564,291
2003,"31301",13,15
2003,"31302",16,16
2003,"31303",27,46
2003,"31304",19,19
2003,"31308",81,91
2003,"31309",150,124
2003,"31310",39,68
2003,"31311",89,77
2003,"31315",57,112
2003,"31319",39,31
2003,"31321",17,21
2003,"31322",264,232
2003,"31323",30,8
2003,"31324",35,31
2003,"31326",3,13
2003,"31327",223,123
2003,"31330",40,20
2003,"31333",73,96
2003,"31336",26,45
2003,"31337",57,59
2003,"31338",22,31
2003,"31340",22,29
2003,"31343",53,66
2003,"31344",33,56
2003,"31346",62,27
2003,"31347",8,16
2003,"31350",12,27
2003,"31351",23,19
2003,"31355",63,64
2003,"31356",33,11
2003,"31401",40,53
2003,"31402",76,71
2003,"31403",159,167
2003,"31404",53,61
2003,"31405",41,28
2003,"31406",32,23
2003,"31407",117,156
2003,"31408",21,53
2003,"31409",37,83
2003,"31410",75,59
2003,"31411",58,89
2003,"31412",169,176
2003,"31413",150,203
2003,"31414",89,73
2003,"31502",9,33
2003,"31503",51,58
2003,"31504",21,38
2003,"31505",94,80
2003,"31506",5,8
2003,"31507",70,69
2003,"31508",67,56
2003,"31509",48,76
2003,"31511",38,49
2003,"31513",44,59
2003,"31514",38,70
2003,"31515",45,55
2003,"31516",26,40
2003,"31517",70,59
2003,"31519",48,30
2003,"31520",190,146
2003,"31521",101,84
2003,"31522",65,92
2003,"31523",21,37
2003,"31524",273,258
2003,"31525",39,52
2003,"31527",68,81
2003,"31528",27,32
2003,"31530",117,82
2003,"31531",48,67
2003,"31533",180,131
2003,"31534",57,57
2003,"31535",10,12
2003,"31537",52,52
2003,"31539",65,107
2003,"31540",47,51
2003,"31541",11,19
2003,"31542",55,43
2003,"31543",19,23
2003,"31546",35,24
2003,"31549",298,279
2003,"31550",40,32
2003,"31551",52,61
2003,"31552",22,43
2003,"31553",41,64
2003,"31601",29,28
2003,"31603",63,77
2003,"31604",56,43
2003,"31605",85,57
2003,"31606",32,35
2003,"31608",15,9
2003,"31609",31,24
2003,"31611",14,21
2003,"31612",149,140
2003,"31613",35,32
2003,"31614",114,95
2003,"31615",41,40
2003,"31616",38,30
2003,"31617",34,56
2003,"31620",28,37
2003,"31621",29,35
2003,"31622",59,39
2003,"31627",54,39
2003,"31628",54,64
2003,"31629",140,149
2003,"31630",99,79
2003,"31633",524,422
2003,"31634",47,49
2003,"31636",36,16
2003,"31642",25,25
2003,"31644",158,177
2003,"31645",41,43
2003,"31646",20,21
2003,"31649",59,73
2003,"31650",33,48
2003,"31651",89,89
2003,"31652",9,14
2003,"31653",27,18
2003,"31654",73,76
2003,"31655",231,203
2003,"31658",14,13
2003,"31701",58,59
2003,"31702",146,157
2003,"31703",213,196
2003,"31704",630,489
2003,"31706",52,51
2003,"31707",183,57
2003,"31709",153,144
2003,"31710",395,368
2003,"31711",45,70
2003,"31712",193,225
2003,"31713",142,116
2003,"31714",61,48
2003,"31715",158,151
2003,"31716",459,459
2003,"31717",1326,1249
2003,"31718",80,88
2003,"31719",584,598
2003,"31723",390,257
2003,"31725",438,380
2003,"31726",103,84
2003,"31801",21,33
2003,"31802",69,81
2003,"31803",63,125
2003,"31804",60,50
2003,"31805",19,24
2003,"31806",16,17
2003,"31807",29,24
2003,"31808",129,97
2003,"31809",31,34
2003,"31810",328,315
2003,"31811",109,138
2003,"31812",78,67
2003,"31813",129,91
2003,"31814",63,130
2003,"31815",15,26
2003,"31817",82,73
2003,"31818",657,510
2003,"31820",24,9
2003,"31821",138,127
2003,"31823",99,105
2003,"31825",18,15
2003,"31826",67,87
2003,"31827",12,12
2003,"31829",105,156
2003,"31830",15,16
2003,"31831",115,75
2003,"31832",78,66
2003,"31833",48,55
2003,"31834",26,21
2003,"31835",123,114
2003,"31836",30,27
2003,"31837",55,61
2003,"31838",39,25
2003,"31839",555,632
2003,"31840",25,23
2003,"31841",17,20
2003,"31842",4,14
2003,"31843",40,62
2003,"31844",45,64
2003,"31845",59,45
2003,"31846",127,193
2003,"31847",62,59
2003,"31848",40,30
2003,"31849",38,39
2003,"31901",123,108
2003,"31902",99,45
2003,"31903",189,187
2003,"31904",33,46
2003,"31905",168,171
2003,"31906",51,109
2003,"31907",29,48
2003,"31909",96,79
2003,"31910",29,45
2003,"31911",19,35
2003,"31912",423,327
2003,"31913",68,74
2003,"31915",67,44
2003,"31916",64,55
2003,"31917",53,37
2003,"31918",93,100
2003,"31919",107,79
2003,"31920",23,16
2003,"31921",147,125
2003,"31922",111,74
2003,"31923",44,36
2003,"31925",41,20
2003,"31926",316,293
2003,"31927",62,58
2003,"31928",46,50
2003,"31929",186,206
2003,"31930",70,66
2003,"31932",83,92
2003,"31934",147,156
2003,"31935",72,101
2003,"31938",31,34
2003,"31939",10,19
2003,"31940",85,102
2003,"31941",36,31
2003,"31943",210,212
2003,"31945",53,58
2003,"31946",57,63
2003,"31947",227,237
2003,"31948",96,112
2003,"31949",210,225
2003,"31950",171,141
2003,"31951",402,289
2003,"31952",451,439
2003,"31953",139,92
2003,"31954",84,76
2003,"32001",95,99
2003,"32002",31,35
2003,"32003",54,61
2003,"32004",40,43
2003,"32005",46,58
2003,"32006",43,59
2003,"32007",28,21
2003,"32008",152,133
2003,"32009",31,58
2003,"32010",21,21
2003,"32011",35,48
2003,"32012",15,23
2003,"32013",134,105
2003,"32014",45,53
2003,"32015",18,28
2003,"32016",200,220
2003,"32017",123,89
2003,"32018",49,46
2003,"32101",85,73
2003,"32104",77,54
2003,"32106",57,67
2003,"32107",98,73
2003,"32109",25,17
2003,"32110",76,67
2003,"32112",101,104
2003,"32114",103,70
2003,"32115",36,36
2003,"32116",66,79
2003,"32119",101,79
2003,"32120",86,86
2003,"32131",249,268
2003,"32132",72,61
2003,"32134",103,88
2003,"32135",665,447
2003,"32139",47,40
2003,"32140",99,55
2003,"32141",119,116
2003,"32142",335,246
2003,"32143",42,28
2003,"32144",872,788
2003,"32202",32,53
2003,"32203",45,44
2003,"32206",12,28
2003,"32207",103,88
2003,"32209",34,57
2003,"32210",38,62
2003,"32212",34,28
2003,"32214",15,24
2003,"32216",82,70
2003,"32217",32,46
2003,"32219",75,71
2003,"32220",244,149
2003,"32221",16,28
2003,"32222",7,23
2003,"32223",24,45
2003,"32301",130,125
2003,"32302",27,13
2003,"32304",154,137
2003,"32305",207,212
2003,"32306",125,122
2003,"32307",221,181
2003,"32308",93,69
2003,"32309",19,24
2003,"32310",34,33
2003,"32311",48,40
2003,"32312",13,23
2003,"32313",226,117
2003,"32314",51,64
2003,"32315",42,57
2003,"32316",166,182
2003,"32317",22,19
2003,"32318",154,148
2003,"32319",179,168
2003,"32320",94,63
2003,"32321",19,14
2003,"32322",17,16
2003,"32323",104,124
2003,"32324",8,12
2003,"32325",47,47
2003,"32326",18,18
2003,"32327",188,188
2003,"32330",204,192
2003,"32331",53,75
2003,"32332",82,118
2003,"32333",50,33
2003,"32334",36,35
2003,"32335",26,42
2003,"32336",87,91
2003,"32337",272,223
2003,"32338",112,71
2003,"32501",47,56
2003,"32502",18,39
2003,"32503",5,2
2003,"32504",29,29
2003,"32505",47,46
2003,"32506",14,14
2003,"32508",69,75
2003,"32509",25,24
2003,"32511",19,13
2003,"32514",16,21
2003,"32515",24,33
2003,"32516",31,40
2003,"32517",20,41
2003,"32518",35,61
2003,"32519",17,11
2003,"32520",20,58
2003,"32521",13,32
2003,"32522",29,45
2003,"32523",8,12
2003,"32524",28,40
2003,"32525",66,54
2003,"32528",7,23
2003,"32529",36,36
2003,"32530",241,243
2003,"40101",6836,6607
2003,"40201",1318,1471
2003,"40301",2091,2274
2003,"40401",160,166
2003,"40402",57,57
2003,"40403",23,32
2003,"40404",556,585
2003,"40405",89,102
2003,"40406",89,91
2003,"40407",30,42
2003,"40408",41,45
2003,"40409",61,90
2003,"40410",32,41
2003,"40411",11,22
2003,"40412",35,28
2003,"40413",142,142
2003,"40414",39,62
2003,"40415",31,29
2003,"40416",38,18
2003,"40417",42,42
2003,"40418",118,176
2003,"40419",62,87
2003,"40420",70,29
2003,"40421",304,284
2003,"40422",158,142
2003,"40423",37,40
2003,"40424",50,50
2003,"40425",67,45
2003,"40426",71,115
2003,"40427",48,65
2003,"40428",143,100
2003,"40429",35,32
2003,"40430",20,32
2003,"40431",42,71
2003,"40432",45,43
2003,"40433",24,24
2003,"40434",26,32
2003,"40435",6,19
2003,"40436",42,48
2003,"40437",91,121
2003,"40438",88,111
2003,"40439",14,9
2003,"40440",12,14
2003,"40441",190,158
2003,"40442",22,21
2003,"40443",56,49
2003,"40444",23,22
2003,"40445",23,23
2003,"40446",45,46
2003,"40501",192,196
2003,"40502",105,112
2003,"40503",246,167
2003,"40504",73,86
2003,"40505",16,24
2003,"40506",108,148
2003,"40507",49,77
2003,"40508",62,101
2003,"40509",106,60
2003,"40510",54,58
2003,"40511",74,90
2003,"40512",38,28
2003,"40601",262,319
2003,"40602",53,49
2003,"40603",68,76
2003,"40604",78,90
2003,"40605",25,31
2003,"40606",4,15
2003,"40607",51,87
2003,"40608",52,63
2003,"40609",97,63
2003,"40610",17,21
2003,"40611",26,35
2003,"40612",78,122
2003,"40613",19,16
2003,"40614",144,168
2003,"40615",66,68
2003,"40616",29,51
2003,"40617",22,30
2003,"40618",77,101
2003,"40619",35,33
2003,"40620",62,64
2003,"40621",46,60
2003,"40622",99,58
2003,"40623",44,36
2003,"40624",178,124
2003,"40625",31,29
2003,"40626",35,61
2003,"40627",57,58
2003,"40701",311,315
2003,"40702",164,164
2003,"40703",457,444
2003,"40704",153,183
2003,"40705",673,655
2003,"40706",44,61
2003,"40707",60,86
2003,"40708",93,89
2003,"40709",20,39
2003,"40710",57,61
2003,"40711",308,340
2003,"40712",23,34
2003,"40713",152,160
2003,"40714",143,137
2003,"40715",54,79
2003,"40716",45,23
2003,"40717",90,106
2003,"40718",70,75
2003,"40719",153,131
2003,"40720",226,245
2003,"40801",38,36
2003,"40802",174,169
2003,"40804",14,18
2003,"40805",146,157
2003,"40806",109,83
2003,"40807",40,41
2003,"40808",204,214
2003,"40809",75,55
2003,"40810",4,16
2003,"40811",57,56
2003,"40812",60,50
2003,"40813",60,53
2003,"40814",44,29
2003,"40815",33,17
2003,"40816",65,44
2003,"40817",43,52
2003,"40818",80,98
2003,"40820",10,6
2003,"40821",15,19
2003,"40822",51,35
2003,"40823",56,25
2003,"40824",34,29
2003,"40825",90,21
2003,"40826",12,8
2003,"40827",107,116
2003,"40828",19,28
2003,"40829",41,55
2003,"40830",15,25
2003,"40831",85,95
2003,"40832",87,103
2003,"40833",62,67
2003,"40834",7,18
2003,"40835",108,121
2003,"40901",16,25
2003,"40902",163,162
2003,"40903",19,27
2003,"40904",51,66
2003,"40905",232,209
2003,"40906",40,58
2003,"40907",186,239
2003,"40908",201,245
2003,"40909",94,119
2003,"40910",69,76
2003,"40911",14,13
2003,"40912",145,179
2003,"40913",98,110
2003,"40914",21,29
2003,"40915",89,83
2003,"40916",14,11
2003,"40917",94,153
2003,"40918",61,94
2003,"40919",21,19
2003,"40920",35,57
2003,"40921",17,30
2003,"40922",105,92
2003,"40923",149,87
2003,"41001",22,37
2003,"41002",680,737
2003,"41003",335,359
2003,"41004",46,23
2003,"41005",473,499
2003,"41006",46,31
2003,"41007",272,262
2003,"41008",58,53
2003,"41009",99,83
2003,"41010",72,57
2003,"41011",114,118
2003,"41012",1391,1217
2003,"41013",174,225
2003,"41014",268,237
2003,"41015",76,54
2003,"41016",73,50
2003,"41017",441,351
2003,"41018",71,59
2003,"41019",180,158
2003,"41020",239,151
2003,"41021",1029,1241
2003,"41022",170,155
2003,"41101",48,50
2003,"41102",37,50
2003,"41103",58,71
2003,"41104",17,33
2003,"41105",80,69
2003,"41106",120,109
2003,"41107",19,23
2003,"41108",105,57
2003,"41109",79,107
2003,"41110",106,117
2003,"41111",218,222
2003,"41112",32,57
2003,"41113",54,78
2003,"41114",98,109
2003,"41115",27,42
2003,"41116",296,296
2003,"41117",22,35
2003,"41118",108,116
2003,"41119",26,28
2003,"41120",146,103
2003,"41121",65,106
2003,"41122",16,38
2003,"41123",31,56
2003,"41124",217,207
2003,"41125",75,105
2003,"41126",53,55
2003,"41201",17,25
2003,"41202",32,63
2003,"41203",143,118
2003,"41204",66,98
2003,"41205",23,31
2003,"41206",25,17
2003,"41207",36,41
2003,"41208",40,67
2003,"41209",58,68
2003,"41210",27,32
2003,"41211",18,24
2003,"41212",21,21
2003,"41213",54,68
2003,"41214",121,125
2003,"41215",61,64
2003,"41216",4,12
2003,"41217",19,23
2003,"41218",69,43
2003,"41219",69,83
2003,"41220",65,57
2003,"41221",37,23
2003,"41222",16,19
2003,"41223",24,40
2003,"41224",49,59
2003,"41225",580,649
2003,"41226",26,15
2003,"41227",40,22
2003,"41228",76,85
2003,"41229",18,21
2003,"41230",15,19
2003,"41231",83,79
2003,"41232",57,44
2003,"41233",59,60
2003,"41234",70,81
2003,"41235",18,22
2003,"41236",20,15
2003,"41304",50,60
2003,"41305",25,34
2003,"41306",6,15
2003,"41307",13,15
2003,"41309",110,98
2003,"41311",9,18
2003,"41312",25,36
2003,"41313",42,40
2003,"41314",29,50
2003,"41315",24,36
2003,"41316",61,26
2003,"41317",9,28
2003,"41318",57,46
2003,"41319",13,22
2003,"41320",8,13
2003,"41321",85,97
2003,"41322",18,24
2003,"41323",31,59
2003,"41324",13,23
2003,"41325",45,64
2003,"41326",38,39
2003,"41327",33,43
2003,"41328",30,35
2003,"41329",21,17
2003,"41331",21,28
2003,"41332",79,117
2003,"41333",14,30
2003,"41334",25,38
2003,"41336",28,30
2003,"41337",40,42
2003,"41338",41,69
2003,"41341",13,17
2003,"41342",90,64
2003,"41343",85,100
2003,"41344",186,200
2003,"41345",36,41
2003,"41346",31,29
2003,"41401",16,33
2003,"41402",169,156
2003,"41403",92,70
2003,"41404",33,42
2003,"41405",16,37
2003,"41406",28,42
2003,"41407",35,38
2003,"41408",30,52
2003,"41409",29,57
2003,"41410",18,28
2003,"41411",43,52
2003,"41412",5,5
2003,"41413",60,50
2003,"41414",64,81
2003,"41415",21,36
2003,"41416",99,86
2003,"41417",19,30
2003,"41418",148,155
2003,"41419",51,66
2003,"41420",18,38
2003,"41421",27,22
2003,"41422",297,242
2003,"41423",42,45
2003,"41424",24,28
2003,"41425",163,125
2003,"41426",40,78
2003,"41427",8,42
2003,"41428",15,34
2003,"41429",25,41
2003,"41430",86,90
2003,"41501",76,61
2003,"41502",63,59
2003,"41503",270,221
2003,"41504",103,118
2003,"41505",31,58
2003,"41506",292,324
2003,"41507",51,64
2003,"41508",34,51
2003,"41509",57,59
2003,"41510",33,32
2003,"41511",105,104
2003,"41512",42,66
2003,"41513",64,36
2003,"41514",151,77
2003,"41515",43,29
2003,"41516",340,257
2003,"41517",65,72
2003,"41518",47,69
2003,"41521",122,93
2003,"41522",119,149
2003,"41601",119,106
2003,"41602",148,133
2003,"41603",132,131
2003,"41604",57,44
2003,"41605",321,281
2003,"41606",154,135
2003,"41607",307,231
2003,"41608",18,32
2003,"41609",198,154
2003,"41610",24,28
2003,"41611",67,67
2003,"41612",56,46
2003,"41613",65,51
2003,"41614",87,93
2003,"41615",80,80
2003,"41616",15,11
2003,"41617",151,194
2003,"41618",193,242
2003,"41619",37,47
2003,"41620",23,44
2003,"41621",42,45
2003,"41622",20,18
2003,"41623",34,20
2003,"41624",149,246
2003,"41626",111,143
2003,"41627",70,79
2003,"41628",35,64
2003,"41701",93,97
2003,"41702",76,73
2003,"41703",502,483
2003,"41704",38,45
2003,"41705",53,69
2003,"41706",18,73
2003,"41707",47,52
2003,"41708",10,17
2003,"41709",91,129
2003,"41710",136,149
2003,"41711",77,108
2003,"41712",47,43
2003,"41713",248,230
2003,"41714",14,17
2003,"41715",215,192
2003,"41716",89,78
2003,"41717",24,33
2003,"41718",32,40
2003,"41719",42,51
2003,"41720",91,47
2003,"41721",31,26
2003,"41722",108,128
2003,"41723",57,47
2003,"41724",17,20
2003,"41725",27,10
2003,"41726",76,80
2003,"41727",25,28
2003,"41728",15,15
2003,"41729",17,13
2003,"41730",62,64
2003,"41731",270,261
2003,"41732",92,100
2003,"41733",5,6
2003,"41734",328,357
2003,"41735",110,90
2003,"41736",38,33
2003,"41737",169,160
2003,"41738",310,298
2003,"41739",208,202
2003,"41740",40,46
2003,"41741",103,106
2003,"41742",171,147
2003,"41743",250,324
2003,"41744",36,48
2003,"41745",54,66
2003,"41746",632,606
2003,"41747",127,209
2003,"41748",19,26
2003,"41749",45,35
2003,"41750",61,49
2003,"41751",79,53
2003,"41752",25,46
2003,"41801",10,25
2003,"41802",36,24
2003,"41803",96,88
2003,"41804",126,111
2003,"41805",67,62
2003,"41806",89,72
2003,"41807",39,35
2003,"41808",223,171
2003,"41809",37,25
2003,"41810",126,89
2003,"41811",231,215
2003,"41812",521,510
2003,"41813",16,32
2003,"41814",48,55
2003,"41815",28,35
2003,"41816",80,101
2003,"41817",84,88
2003,"41818",35,43
2003,"41819",77,70
2003,"41820",218,211
2003,"41821",86,58
2003,"41822",67,74
2003,"41823",317,250
2003,"41824",168,149
2003,"50101",4461,4429
2003,"50201",116,100
2003,"50202",106,82
2003,"50203",30,58
2003,"50204",115,148
2003,"50205",698,754
2003,"50206",20,26
2003,"50207",215,201
2003,"50208",216,186
2003,"50209",189,179
2003,"50210",21,24
2003,"50211",38,40
2003,"50212",23,36
2003,"50213",87,109
2003,"50301",197,213
2003,"50302",143,134
2003,"50303",207,244
2003,"50304",79,63
2003,"50305",176,171
2003,"50306",28,44
2003,"50307",45,53
2003,"50308",122,118
2003,"50309",276,272
2003,"50310",330,268
2003,"50311",60,100
2003,"50312",78,90
2003,"50313",13,21
2003,"50314",333,280
2003,"50315",99,102
2003,"50316",286,183
2003,"50317",221,209
2003,"50318",13,24
2003,"50319",174,173
2003,"50320",115,98
2003,"50321",128,101
2003,"50322",134,139
2003,"50323",126,114
2003,"50324",233,320
2003,"50325",52,77
2003,"50326",261,226
2003,"50327",172,155
2003,"50328",48,39
2003,"50329",72,95
2003,"50330",189,154
2003,"50331",43,44
2003,"50332",93,94
2003,"50335",225,246
2003,"50336",100,159
2003,"50337",167,159
2003,"50338",540,445
2003,"50339",356,430
2003,"50401",133,145
2003,"50402",192,199
2003,"50403",166,205
2003,"50404",290,301
2003,"50405",31,44
2003,"50406",95,92
2003,"50407",25,52
2003,"50408",68,98
2003,"50409",12,22
2003,"50410",65,67
2003,"50411",61,75
2003,"50412",65,66
2003,"50413",22,25
2003,"50414",13,11
2003,"50415",50,41
2003,"50416",69,92
2003,"50417",158,150
2003,"50418",342,424
2003,"50419",44,24
2003,"50420",113,114
2003,"50421",170,150
2003,"50422",71,53
2003,"50423",68,78
2003,"50424",119,115
2003,"50425",39,21
2003,"50501",5,5
2003,"50502",10,14
2003,"50503",81,51
2003,"50504",33,54
2003,"50505",5,18
2003,"50506",22,36
2003,"50507",11,22
2003,"50508",20,21
2003,"50509",86,88
2003,"50510",155,167
2003,"50511",8,17
2003,"50512",38,56
2003,"50513",22,26
2003,"50514",11,8
2003,"50515",10,18
2003,"50601",78,91
2003,"50602",178,136
2003,"50603",6,17
2003,"50604",23,40
2003,"50605",34,46
2003,"50606",113,87
2003,"50607",15,7
2003,"50608",34,48
2003,"50609",76,72
2003,"50610",55,48
2003,"50611",119,131
2003,"50612",69,85
2003,"50613",115,202
2003,"50614",49,57
2003,"50615",59,72
2003,"50616",102,134
2003,"50617",34,59
2003,"50618",47,114
2003,"50619",444,385
2003,"50620",28,29
2003,"50621",56,52
2003,"50622",95,119
2003,"50623",23,36
2003,"50624",87,71
2003,"50625",14,28
2003,"50626",24,25
2003,"50627",17,28
2003,"50628",346,369
2003,"60101",8277,8226
2003,"60305",118,130
2003,"60318",153,140
2003,"60323",88,83
2003,"60324",122,74
2003,"60326",54,51
2003,"60329",66,66
2003,"60341",50,45
2003,"60344",444,392
2003,"60345",192,178
2003,"60346",138,168
2003,"60347",99,145
2003,"60348",79,112
2003,"60349",190,165
2003,"60350",304,267
2003,"60351",152,163
2003,"60608",336,340
2003,"60611",199,140
2003,"60613",370,300
2003,"60617",213,198
2003,"60618",65,46
2003,"60619",186,120
2003,"60623",81,63
2003,"60624",311,266
2003,"60626",120,59
2003,"60628",149,111
2003,"60629",291,214
2003,"60632",71,94
2003,"60639",44,48
2003,"60641",47,42
2003,"60642",60,67
2003,"60645",146,97
2003,"60646",133,117
2003,"60647",8,14
2003,"60648",140,98
2003,"60651",45,59
2003,"60653",169,142
2003,"60654",102,82
2003,"60655",122,91
2003,"60656",61,74
2003,"60659",158,182
2003,"60660",155,162
2003,"60661",216,184
2003,"60662",211,128
2003,"60663",164,193
2003,"60664",515,404
2003,"60665",275,201
2003,"60666",106,87
2003,"60667",269,154
2003,"60668",107,79
2003,"60669",768,478
2003,"60670",262,259
2003,"61001",74,58
2003,"61002",102,142
2003,"61007",63,43
2003,"61008",71,78
2003,"61012",113,100
2003,"61013",61,78
2003,"61016",89,66
2003,"61017",44,52
2003,"61019",46,37
2003,"61020",87,50
2003,"61021",83,80
2003,"61024",96,114
2003,"61027",75,59
2003,"61030",79,75
2003,"61032",48,55
2003,"61033",82,56
2003,"61043",158,124
2003,"61045",294,280
2003,"61049",131,126
2003,"61050",120,113
2003,"61051",125,120
2003,"61052",120,116
2003,"61053",637,621
2003,"61054",104,135
2003,"61055",62,43
2003,"61057",52,66
2003,"61059",287,242
2003,"61060",106,130
2003,"61061",293,261
2003,"61101",75,175
2003,"61105",43,47
2003,"61106",74,75
2003,"61107",35,40
2003,"61108",849,947
2003,"61109",95,70
2003,"61110",117,156
2003,"61111",85,53
2003,"61112",6,14
2003,"61113",122,141
2003,"61114",130,103
2003,"61115",51,81
2003,"61116",44,50
2003,"61118",52,85
2003,"61119",15,47
2003,"61120",313,336
2003,"61203",87,116
2003,"61204",91,71
2003,"61205",20,33
2003,"61206",67,42
2003,"61207",147,191
2003,"61213",130,61
2003,"61215",38,24
2003,"61217",84,92
2003,"61222",110,68
2003,"61236",54,57
2003,"61243",89,81
2003,"61247",117,125
2003,"61251",8,12
2003,"61252",55,47
2003,"61253",106,128
2003,"61254",40,49
2003,"61255",92,141
2003,"61256",53,58
2003,"61257",119,118
2003,"61258",34,76
2003,"61259",321,330
2003,"61260",41,39
2003,"61261",39,72
2003,"61262",65,66
2003,"61263",189,236
2003,"61264",36,49
2003,"61265",196,212
2003,"61266",35,46
2003,"61267",146,167
2003,"61410",25,34
2003,"61413",24,19
2003,"61425",38,55
2003,"61428",24,19
2003,"61437",6,24
2003,"61438",114,128
2003,"61439",147,140
2003,"61440",50,83
2003,"61441",21,17
2003,"61442",33,43
2003,"61443",30,79
2003,"61444",49,74
2003,"61445",47,58
2003,"61446",65,59
2003,"61611",94,65
2003,"61612",130,104
2003,"61615",77,99
2003,"61618",103,93
2003,"61621",26,35
2003,"61624",109,107
2003,"61625",432,413
2003,"61626",250,231
2003,"61627",63,73
2003,"61628",70,63
2003,"61629",26,28
2003,"61630",39,65
2003,"61631",434,411
2003,"61632",90,147
2003,"61633",174,154
2003,"61701",45,53
2003,"61708",27,24
2003,"61710",27,37
2003,"61711",3,22
2003,"61716",101,63
2003,"61719",49,70
2003,"61727",140,99
2003,"61728",7,19
2003,"61729",77,66
2003,"61730",48,65
2003,"61731",29,47
2003,"61740",30,45
2003,"61741",10,37
2003,"61743",11,23
2003,"61744",11,20
2003,"61745",21,21
2003,"61746",88,125
2003,"61748",103,114
2003,"61750",42,45
2003,"61751",72,66
2003,"61756",72,131
2003,"61757",112,122
2003,"61758",37,20
2003,"61759",44,45
2003,"61760",521,369
2003,"61761",35,22
2003,"61762",70,79
2003,"61763",100,108
2003,"61764",70,127
2003,"61765",172,188
2003,"61766",391,390
2003,"62007",290,262
2003,"62008",32,53
2003,"62010",12,27
2003,"62014",111,62
2003,"62021",5,13
2003,"62026",24,18
2003,"62032",39,43
2003,"62034",39,45
2003,"62036",55,52
2003,"62038",347,382
2003,"62039",95,44
2003,"62040",377,504
2003,"62041",492,679
2003,"62042",67,91
2003,"62043",126,93
2003,"62044",83,79
2003,"62045",77,88
2003,"62046",134,114
2003,"62047",265,264
2003,"62048",123,160
2003,"62105",33,42
2003,"62115",190,161
2003,"62116",137,125
2003,"62125",61,110
2003,"62128",169,137
2003,"62131",59,76
2003,"62132",40,41
2003,"62135",31,104
2003,"62138",164,162
2003,"62139",670,681
2003,"62140",800,919
2003,"62141",361,263
2003,"62142",89,99
2003,"62143",264,409
2003,"62144",126,190
2003,"62145",178,245
2003,"62146",164,138
2003,"62147",65,90
2003,"62148",69,59
2003,"62202",55,49
2003,"62205",52,45
2003,"62206",46,45
2003,"62209",32,37
2003,"62211",71,86
2003,"62214",56,68
2003,"62216",35,36
2003,"62219",289,285
2003,"62220",62,77
2003,"62226",84,84
2003,"62232",42,36
2003,"62233",111,104
2003,"62235",47,60
2003,"62242",14,21
2003,"62244",76,92
2003,"62245",47,44
2003,"62247",63,93
2003,"62252",66,42
2003,"62256",74,50
2003,"62262",23,22
2003,"62264",75,87
2003,"62265",55,36
2003,"62266",70,64
2003,"62267",324,272
2003,"62268",70,106
2003,"62269",80,81
2003,"62270",74,65
2003,"62271",152,117
2003,"62272",102,87
2003,"62273",80,93
2003,"62274",109,93
2003,"62275",106,148
2003,"62276",37,53
2003,"62277",45,71
2003,"62278",65,79
2003,"62279",59,73
2003,"62311",63,55
2003,"62314",23,36
2003,"62326",52,54
2003,"62330",27,36
2003,"62332",25,42
2003,"62335",16,24
2003,"62343",33,35
2003,"62368",32,26
2003,"62372",44,43
2003,"62375",168,171
2003,"62376",108,96
2003,"62377",41,67
2003,"62378",252,217
2003,"62379",439,490
2003,"62380",132,155
2003,"62381",105,100
2003,"62382",138,108
2003,"62383",123,142
2003,"62384",96,94
2003,"62385",69,81
2003,"62386",111,164
2003,"62387",38,57
2003,"62388",60,68
2003,"62389",95,117
2003,"62390",78,103
2003,"70101",3994,3682
2003,"70201",128,100
2003,"70202",111,133
2003,"70203",343,325
2003,"70204",17,17
2003,"70205",19,33
2003,"70206",16,13
2003,"70207",34,39
2003,"70208",61,60
2003,"70209",156,143
2003,"70210",13,6
2003,"70211",89,63
2003,"70212",63,82
2003,"70213",64,52
2003,"70214",74,80
2003,"70215",76,98
2003,"70216",46,51
2003,"70217",30,51
2003,"70218",53,47
2003,"70219",75,93
2003,"70220",106,145
2003,"70221",40,48
2003,"70222",80,70
2003,"70223",58,47
2003,"70224",34,60
2003,"70301",248,243
2003,"70302",150,138
2003,"70303",91,87
2003,"70304",257,267
2003,"70305",44,54
2003,"70306",52,82
2003,"70307",30,25
2003,"70308",41,64
2003,"70309",95,96
2003,"70310",166,149
2003,"70311",29,31
2003,"70312",263,248
2003,"70313",29,51
2003,"70314",17,19
2003,"70315",53,42
2003,"70317",7,11
2003,"70318",62,62
2003,"70319",123,108
2003,"70320",99,127
2003,"70322",46,42
2003,"70323",16,22
2003,"70325",45,54
2003,"70326",56,95
2003,"70328",83,89
2003,"70329",182,148
2003,"70331",69,110
2003,"70332",99,118
2003,"70333",39,51
2003,"70334",161,188
2003,"70335",68,83
2003,"70336",1,5
2003,"70337",70,69
2003,"70338",18,23
2003,"70339",46,46
2003,"70340",53,99
2003,"70342",42,32
2003,"70343",32,46
2003,"70344",79,72
2003,"70345",38,36
2003,"70346",419,401
2003,"70347",6,2
2003,"70348",28,46
2003,"70349",7,14
2003,"70350",45,68
2003,"70351",121,148
2003,"70352",40,31
2003,"70353",61,62
2003,"70354",609,552
2003,"70355",106,118
2003,"70356",47,25
2003,"70357",684,397
2003,"70358",208,174
2003,"70359",24,42
2003,"70360",70,75
2003,"70361",14,9
2003,"70362",14,18
2003,"70364",329,343
2003,"70365",253,193
2003,"70366",10,22
2003,"70367",384,308
2003,"70368",52,35
2003,"70369",353,232
2003,"70370",110,123
2003,"70401",49,40
2003,"70402",67,60
2003,"70403",160,240
2003,"70404",51,70
2003,"70405",33,49
2003,"70406",144,151
2003,"70407",51,47
2003,"70408",49,43
2003,"70409",150,152
2003,"70410",159,145
2003,"70411",250,321
2003,"70412",110,111
2003,"70413",81,88
2003,"70414",48,56
2003,"70415",34,36
2003,"70416",377,266
2003,"70417",44,44
2003,"70418",16,13
2003,"70419",44,49
2003,"70420",60,81
2003,"70501",26,39
2003,"70502",60,59
2003,"70503",82,82
2003,"70504",11,36
2003,"70505",80,118
2003,"70506",142,138
2003,"70508",167,217
2003,"70509",72,92
2003,"70510",25,39
2003,"70511",240,267
2003,"70512",175,124
2003,"70513",556,552
2003,"70514",216,117
2003,"70515",131,156
2003,"70516",16,13
2003,"70517",136,89
2003,"70518",72,75
2003,"70519",21,11
2003,"70520",74,99
2003,"70521",34,36
2003,"70522",117,173
2003,"70523",17,19
2003,"70524",73,45
2003,"70525",65,57
2003,"70526",55,93
2003,"70527",69,59
2003,"70528",50,68
2003,"70529",45,42
2003,"70530",62,97
2003,"70531",517,446
2003,"70601",4,11
2003,"70602",7,4
2003,"70603",26,30
2003,"70604",100,131
2003,"70605",23,39
2003,"70606",18,17
2003,"70607",47,68
2003,"70608",71,51
2003,"70609",43,46
2003,"70610",5,5
2003,"70611",11,8
2003,"70612",13,14
2003,"70613",20,26
2003,"70614",305,253
2003,"70615",43,49
2003,"70616",46,50
2003,"70617",41,50
2003,"70618",51,66
2003,"70619",73,78
2003,"70620",67,67
2003,"70621",73,81
2003,"70622",57,55
2003,"70623",35,28
2003,"70624",37,58
2003,"70625",4,1
2003,"70626",30,11
2003,"70627",16,36
2003,"70628",11,12
2003,"70629",19,11
2003,"70630",144,141
2003,"70701",13,15
2003,"70702",14,22
2003,"70703",27,3
2003,"70704",15,22
2003,"70705",48,47
2003,"70706",5,14
2003,"70707",106,89
2003,"70708",30,33
2003,"70709",3,13
2003,"70710",2,12
2003,"70711",30,23
2003,"70712",16,29
2003,"70713",13,21
2003,"70714",6,5
2003,"70715",31,38
2003,"70716",334,382
2003,"70717",67,76
2003,"70718",19,28
2003,"70719",165,105
2003,"70720",11,19
2003,"70721",7,14
2003,"70723",9,32
2003,"70724",15,19
2003,"70725",8,5
2003,"70726",6,16
2003,"70727",6,3
2003,"70728",34,58
2003,"70729",10,11
2003,"70731",7,20
2003,"70732",46,40
2003,"70733",11,11
2003,"70734",21,44
2003,"70735",18,17
2003,"70801",28,33
2003,"70802",21,33
2003,"70803",22,22
2003,"70804",29,41
2003,"70805",95,132
2003,"70806",72,44
2003,"70807",59,92
2003,"70808",27,33
2003,"70809",22,18
2003,"70810",19,9
2003,"70811",22,28
2003,"70812",0,0
2003,"70813",30,27
2003,"70814",7,16
2003,"70815",0,0
2003,"70816",41,56
2003,"70817",19,16
2003,"70818",4,1
2003,"70819",0,5
2003,"70820",122,133
2003,"70821",49,54
2003,"70822",4,8
2003,"70823",1,4
2003,"70824",18,16
2003,"70825",0,2
2003,"70826",130,109
2003,"70827",4,11
2003,"70828",274,326
2003,"70829",13,8
2003,"70830",6,10
2003,"70831",21,15
2003,"70832",30,42
2003,"70833",55,97
2003,"70834",1,5
2003,"70835",38,50
2003,"70836",47,38
2003,"70837",1,6
2003,"70901",41,79
2003,"70902",56,64
2003,"70903",4,9
2003,"70904",27,37
2003,"70905",135,136
2003,"70907",95,118
2003,"70908",37,50
2003,"70909",151,163
2003,"70910",47,38
2003,"70911",35,34
2003,"70912",23,31
2003,"70913",18,5
2003,"70914",19,48
2003,"70915",45,44
2003,"70916",41,48
2003,"70917",209,277
2003,"70918",64,77
2003,"70920",132,158
2003,"70921",35,55
2003,"70922",73,59
2003,"70923",76,56
2003,"70924",30,16
2003,"70925",54,52
2003,"70926",479,497
2003,"70927",61,51
2003,"70928",82,98
2003,"70929",4,9
2003,"70930",43,40
2003,"70931",61,84
2003,"70932",9,24
2003,"70933",106,83
2003,"70934",42,64
2003,"70935",85,51
2003,"70936",153,207
2003,"70937",70,80
2003,"70938",56,54
2003,"70939",96,104
2003,"70940",65,99
2003,"70941",20,16
2003,"80101",101,111
2003,"80102",8,17
2003,"80103",740,773
2003,"80104",151,167
2003,"80105",20,41
2003,"80106",193,243
2003,"80107",20,23
2003,"80108",59,61
2003,"80109",5,15
2003,"80110",49,47
2003,"80111",44,64
2003,"80112",23,19
2003,"80113",78,61
2003,"80114",21,19
2003,"80115",198,184
2003,"80116",328,287
2003,"80117",289,245
2003,"80118",12,27
2003,"80119",32,43
2003,"80120",56,91
2003,"80121",13,9
2003,"80122",189,212
2003,"80123",29,40
2003,"80124",6,5
2003,"80125",20,35
2003,"80126",127,131
2003,"80127",25,22
2003,"80128",106,123
2003,"80129",130,154
2003,"80201",117,99
2003,"80202",45,83
2003,"80203",37,44
2003,"80204",104,90
2003,"80205",19,40
2003,"80206",54,50
2003,"80207",1345,1469
2003,"80208",12,14
2003,"80209",7,15
2003,"80210",25,35
2003,"80211",90,115
2003,"80212",8,17
2003,"80213",206,233
2003,"80214",110,77
2003,"80215",590,479
2003,"80216",72,86
2003,"80217",355,314
2003,"80218",268,261
2003,"80219",61,62
2003,"80220",117,131
2003,"80221",41,64
2003,"80222",58,65
2003,"80223",40,41
2003,"80224",567,500
2003,"80225",48,49
2003,"80226",251,267
2003,"80227",46,67
2003,"80228",57,111
2003,"80229",16,32
2003,"80230",45,62
2003,"80231",21,17
2003,"80232",12,13
2003,"80233",13,19
2003,"80234",6,5
2003,"80235",190,187
2003,"80236",49,55
2003,"80237",2,3
2003,"80238",36,42
2003,"80239",12,11
2003,"80240",422,463
2003,"80301",1607,1509
2003,"80302",649,682
2003,"80303",751,723
2003,"80401",369,311
2003,"80402",14,19
2003,"80403",12,9
2003,"80404",1431,1377
2003,"80405",416,427
2003,"80406",22,12
2003,"80407",139,133
2003,"80408",581,644
2003,"80409",155,135
2003,"80410",230,209
2003,"80411",20,31
2003,"80412",172,161
2003,"80413",112,124
2003,"80414",605,560
2003,"80415",11,16
2003,"80416",102,131
2003,"80417",125,134
2003,"80418",115,104
2003,"80419",18,24
2003,"80420",136,160
2003,"80421",19,22
2003,"80422",12,3
2003,"80423",146,120
2003,"80424",158,195
2003,"90101",961,1198
2003,"90201",6884,7439
2003,"90301",6090,6178
2003,"90401",2222,2545
2003,"90501",4754,5047
2003,"90601",2633,2693
2003,"90701",2557,2838
2003,"90801",2452,3280
2003,"90901",4059,4041
2003,"91001",10295,9439
2003,"91101",4843,5281
2003,"91201",6815,6003
2003,"91301",3053,2782
2003,"91401",5293,5595
2003,"91501",6363,7356
2003,"91601",6978,7583
2003,"91701",4530,4657
2003,"91801",3650,3769
2003,"91901",3795,3509
2003,"92001",6218,7229
2003,"92101",7597,6642
2003,"92201",7370,6216
2003,"92301",4432,4070
2004,"10101",652,446
2004,"10201",60,46
2004,"10301",59,46
2004,"10302",70,44
2004,"10303",65,72
2004,"10304",115,111
2004,"10305",33,48
2004,"10306",22,28
2004,"10307",32,22
2004,"10308",44,44
2004,"10309",155,121
2004,"10310",39,32
2004,"10311",34,25
2004,"10312",64,43
2004,"10313",87,78
2004,"10314",66,42
2004,"10315",111,122
2004,"10316",96,65
2004,"10317",71,80
2004,"10318",42,51
2004,"10319",57,64
2004,"10320",21,5
2004,"10321",32,12
2004,"10322",24,29
2004,"10323",50,20
2004,"10401",29,29
2004,"10402",39,26
2004,"10403",15,21
2004,"10404",23,50
2004,"10405",182,172
2004,"10406",33,22
2004,"10407",23,31
2004,"10408",56,54
2004,"10409",17,33
2004,"10410",21,12
2004,"10411",40,47
2004,"10412",29,38
2004,"10413",25,24
2004,"10414",118,88
2004,"10415",53,84
2004,"10416",40,34
2004,"10417",51,41
2004,"10418",12,24
2004,"10419",13,9
2004,"10420",7,12
2004,"10421",10,7
2004,"10422",3,3
2004,"10423",2,3
2004,"10424",4,11
2004,"10425",17,11
2004,"10426",5,8
2004,"10427",14,19
2004,"10428",4,6
2004,"10501",55,54
2004,"10502",37,25
2004,"10503",43,40
2004,"10504",156,131
2004,"10505",36,39
2004,"10506",17,39
2004,"10507",22,26
2004,"10508",81,53
2004,"10509",63,59
2004,"10510",22,14
2004,"10511",25,16
2004,"10512",20,18
2004,"10601",47,42
2004,"10602",81,101
2004,"10603",44,28
2004,"10604",17,30
2004,"10605",46,58
2004,"10606",272,190
2004,"10607",358,223
2004,"10608",27,24
2004,"10609",131,120
2004,"10610",62,100
2004,"10611",107,90
2004,"10612",69,58
2004,"10613",54,76
2004,"10614",25,50
2004,"10615",115,90
2004,"10616",16,22
2004,"10617",26,26
2004,"10618",33,38
2004,"10619",6,9
2004,"10701",22,33
2004,"10702",31,30
2004,"10703",190,180
2004,"10704",23,14
2004,"10705",72,62
2004,"10706",23,24
2004,"10707",108,72
2004,"10708",35,35
2004,"10709",37,35
2004,"10710",47,49
2004,"10711",68,55
2004,"10712",49,41
2004,"10713",224,214
2004,"10714",52,42
2004,"10715",29,32
2004,"10716",27,28
2004,"10717",147,119
2004,"10718",84,42
2004,"10719",19,18
2004,"10720",24,21
2004,"10721",21,37
2004,"10722",49,38
2004,"10723",31,36
2004,"10724",39,47
2004,"10725",30,30
2004,"10726",20,25
2004,"10727",9,19
2004,"10801",47,75
2004,"10802",27,37
2004,"10803",27,36
2004,"10804",38,60
2004,"10805",50,132
2004,"10806",26,32
2004,"10807",73,71
2004,"10808",96,48
2004,"10809",53,41
2004,"10810",12,30
2004,"10811",43,42
2004,"10812",28,32
2004,"10813",24,40
2004,"10814",31,15
2004,"10815",24,32
2004,"10816",168,113
2004,"10817",27,36
2004,"10818",30,24
2004,"10819",34,11
2004,"10820",24,64
2004,"10821",43,32
2004,"10822",41,52
2004,"10823",37,64
2004,"10824",20,22
2004,"10825",23,48
2004,"10826",22,15
2004,"10827",10,12
2004,"10828",16,18
2004,"10901",63,62
2004,"10902",72,94
2004,"10903",45,29
2004,"10904",11,22
2004,"10905",127,125
2004,"10906",16,17
2004,"10907",47,34
2004,"10908",33,37
2004,"10909",43,52
2004,"10910",46,51
2004,"10911",27,51
2004,"10912",78,49
2004,"10913",19,17
2004,"10914",46,33
2004,"10915",29,23
2004,"10916",104,70
2004,"10917",342,295
2004,"10918",238,170
2004,"10919",124,81
2004,"10920",63,85
2004,"10921",62,51
2004,"10922",36,29
2004,"10923",62,57
2004,"10924",10,15
2004,"10925",49,40
2004,"10926",26,35
2004,"10927",22,41
2004,"10928",43,40
2004,"10929",26,9
2004,"10930",35,18
2004,"10931",16,5
2004,"10932",6,9
2004,"20101",3490,2982
2004,"20201",1953,1930
2004,"20302",22,40
2004,"20305",116,146
2004,"20306",84,99
2004,"20307",64,98
2004,"20316",25,55
2004,"20320",34,31
2004,"20321",13,24
2004,"20402",373,359
2004,"20403",96,93
2004,"20405",187,264
2004,"20409",130,98
2004,"20412",91,98
2004,"20414",110,110
2004,"20415",257,201
2004,"20416",56,53
2004,"20417",148,117
2004,"20418",139,167
2004,"20419",92,52
2004,"20421",277,352
2004,"20424",153,153
2004,"20425",162,137
2004,"20428",24,26
2004,"20432",97,80
2004,"20435",88,84
2004,"20441",11,22
2004,"20442",124,129
2004,"20501",179,196
2004,"20502",101,149
2004,"20503",25,25
2004,"20504",108,106
2004,"20505",170,183
2004,"20506",35,44
2004,"20508",38,42
2004,"20509",41,45
2004,"20511",42,72
2004,"20512",86,118
2004,"20513",58,88
2004,"20515",110,130
2004,"20518",37,45
2004,"20519",60,64
2004,"20520",60,72
2004,"20523",166,142
2004,"20527",591,498
2004,"20530",85,102
2004,"20531",42,74
2004,"20534",137,129
2004,"20601",33,93
2004,"20602",57,82
2004,"20603",22,30
2004,"20604",36,29
2004,"20605",29,52
2004,"20607",30,37
2004,"20608",101,87
2004,"20609",40,69
2004,"20610",16,30
2004,"20611",46,68
2004,"20613",24,20
2004,"20616",50,54
2004,"20618",18,25
2004,"20619",42,54
2004,"20620",102,97
2004,"20622",16,31
2004,"20624",32,33
2004,"20625",50,50
2004,"20627",55,66
2004,"20630",161,345
2004,"20631",33,54
2004,"20632",47,48
2004,"20633",59,101
2004,"20634",226,220
2004,"20635",539,593
2004,"20636",28,47
2004,"20637",34,49
2004,"20638",28,39
2004,"20639",16,16
2004,"20640",104,31
2004,"20642",55,69
2004,"20643",98,91
2004,"20644",41,109
2004,"20701",37,34
2004,"20702",274,271
2004,"20703",26,45
2004,"20705",88,90
2004,"20707",15,25
2004,"20708",50,63
2004,"20710",68,100
2004,"20711",385,322
2004,"20712",42,31
2004,"20713",26,16
2004,"20719",73,79
2004,"20720",175,213
2004,"20721",86,69
2004,"20722",140,154
2004,"20723",53,54
2004,"20724",293,222
2004,"20725",312,329
2004,"20726",105,100
2004,"20727",230,240
2004,"20801",117,147
2004,"20802",14,32
2004,"20803",316,263
2004,"20804",36,69
2004,"20805",79,77
2004,"20806",64,84
2004,"20807",31,44
2004,"20808",83,106
2004,"20810",52,45
2004,"20812",55,64
2004,"20813",221,499
2004,"20815",61,77
2004,"20817",395,400
2004,"20901",90,136
2004,"20905",119,145
2004,"20909",71,113
2004,"20911",14,29
2004,"20912",81,88
2004,"20913",334,393
2004,"20914",44,58
2004,"20918",105,120
2004,"20923",721,683
2004,"21001",20,36
2004,"21002",512,359
2004,"21003",86,83
2004,"21004",40,42
2004,"21005",56,62
2004,"21006",33,31
2004,"21007",39,50
2004,"21008",135,225
2004,"21009",159,147
2004,"21010",67,68
2004,"30101",1323,1158
2004,"30201",1913,1718
2004,"30301",313,353
2004,"30401",1980,1659
2004,"30501",64,35
2004,"30502",836,835
2004,"30503",72,87
2004,"30504",167,135
2004,"30506",119,116
2004,"30507",60,66
2004,"30508",149,146
2004,"30509",81,71
2004,"30510",53,17
2004,"30511",44,45
2004,"30512",23,22
2004,"30514",183,154
2004,"30515",107,108
2004,"30516",27,51
2004,"30517",90,110
2004,"30520",82,64
2004,"30521",43,44
2004,"30522",52,59
2004,"30524",40,54
2004,"30526",9,12
2004,"30527",81,80
2004,"30529",87,86
2004,"30530",123,141
2004,"30531",309,293
2004,"30532",81,131
2004,"30533",157,170
2004,"30534",67,68
2004,"30536",46,39
2004,"30538",133,142
2004,"30539",60,54
2004,"30541",47,63
2004,"30542",40,58
2004,"30543",60,83
2004,"30544",29,29
2004,"30601",91,105
2004,"30602",152,264
2004,"30603",523,486
2004,"30604",1351,1242
2004,"30605",365,368
2004,"30607",438,411
2004,"30608",174,189
2004,"30609",18,28
2004,"30612",86,122
2004,"30613",69,71
2004,"30614",34,46
2004,"30615",358,253
2004,"30616",43,32
2004,"30618",383,328
2004,"30620",214,207
2004,"30621",185,68
2004,"30623",287,171
2004,"30625",229,167
2004,"30626",277,187
2004,"30627",156,152
2004,"30629",56,65
2004,"30631",119,75
2004,"30633",59,38
2004,"30635",64,61
2004,"30636",64,38
2004,"30637",114,71
2004,"30639",712,646
2004,"30641",125,124
2004,"30645",89,162
2004,"30646",115,127
2004,"30701",16,16
2004,"30702",71,75
2004,"30703",24,12
2004,"30704",422,271
2004,"30706",116,100
2004,"30708",44,40
2004,"30709",86,71
2004,"30710",286,239
2004,"30711",111,52
2004,"30712",36,39
2004,"30713",62,28
2004,"30715",25,24
2004,"30716",111,106
2004,"30718",38,27
2004,"30719",56,44
2004,"30721",97,59
2004,"30722",35,34
2004,"30724",69,53
2004,"30726",120,87
2004,"30728",28,34
2004,"30729",127,130
2004,"30730",224,186
2004,"30731",174,121
2004,"30732",349,170
2004,"30733",37,49
2004,"30734",117,53
2004,"30735",318,139
2004,"30736",170,115
2004,"30737",58,47
2004,"30738",29,31
2004,"30739",89,90
2004,"30740",747,617
2004,"30741",70,66
2004,"30801",4,15
2004,"30802",2,0
2004,"30803",145,129
2004,"30804",66,63
2004,"30805",55,63
2004,"30808",366,290
2004,"30810",54,42
2004,"30811",100,84
2004,"30812",35,31
2004,"30813",50,40
2004,"30814",71,47
2004,"30817",639,356
2004,"30819",7,8
2004,"30821",405,291
2004,"30822",5,6
2004,"30824",50,42
2004,"30825",57,44
2004,"30826",56,59
2004,"30827",81,58
2004,"30828",30,19
2004,"30829",22,53
2004,"30830",91,86
2004,"30831",112,85
2004,"30834",21,26
2004,"30835",114,129
2004,"30836",31,13
2004,"30838",112,105
2004,"30841",42,39
2004,"30842",124,79
2004,"30844",89,62
2004,"30845",35,32
2004,"30846",3,3
2004,"30848",62,78
2004,"30849",31,28
2004,"30850",41,43
2004,"30852",65,50
2004,"30854",36,31
2004,"30856",454,270
2004,"30857",43,54
2004,"30858",58,49
2004,"30859",30,27
2004,"30860",72,82
2004,"30863",205,144
2004,"30865",44,38
2004,"30902",19,23
2004,"30903",28,58
2004,"30904",23,24
2004,"30906",23,30
2004,"30908",250,194
2004,"30909",68,85
2004,"30910",84,153
2004,"30912",24,29
2004,"30913",31,10
2004,"30915",14,6
2004,"30916",76,148
2004,"30917",28,12
2004,"30920",34,108
2004,"30921",39,48
2004,"30925",46,84
2004,"30929",15,18
2004,"30932",39,25
2004,"30935",173,174
2004,"30939",20,17
2004,"30940",30,28
2004,"30942",73,67
2004,"31001",30,25
2004,"31008",81,75
2004,"31009",45,54
2004,"31014",55,44
2004,"31015",46,38
2004,"31016",43,26
2004,"31018",65,76
2004,"31019",52,34
2004,"31021",31,48
2004,"31022",496,366
2004,"31025",30,15
2004,"31026",45,50
2004,"31028",40,46
2004,"31033",50,48
2004,"31035",39,50
2004,"31036",47,57
2004,"31037",156,148
2004,"31038",63,42
2004,"31041",49,22
2004,"31042",43,33
2004,"31043",57,64
2004,"31051",61,98
2004,"31052",81,90
2004,"31053",93,111
2004,"31101",24,36
2004,"31102",24,37
2004,"31103",31,30
2004,"31104",36,38
2004,"31105",131,161
2004,"31106",90,102
2004,"31107",23,21
2004,"31109",298,273
2004,"31110",26,34
2004,"31111",21,14
2004,"31113",12,19
2004,"31114",23,26
2004,"31117",12,18
2004,"31119",18,15
2004,"31120",31,30
2004,"31121",76,97
2004,"31123",24,18
2004,"31124",53,53
2004,"31129",40,47
2004,"31130",20,14
2004,"31201",151,162
2004,"31202",47,50
2004,"31203",82,91
2004,"31204",56,42
2004,"31205",76,64
2004,"31206",88,61
2004,"31207",138,104
2004,"31208",224,96
2004,"31213",618,590
2004,"31214",367,275
2004,"31215",57,40
2004,"31216",246,182
2004,"31224",65,26
2004,"31226",132,77
2004,"31227",109,75
2004,"31228",37,25
2004,"31229",70,44
2004,"31230",614,498
2004,"31234",72,46
2004,"31235",551,321
2004,"31301",10,17
2004,"31302",12,18
2004,"31303",27,34
2004,"31304",15,30
2004,"31308",94,68
2004,"31309",110,127
2004,"31310",62,54
2004,"31311",74,101
2004,"31315",111,143
2004,"31319",54,31
2004,"31321",21,21
2004,"31322",292,214
2004,"31323",39,39
2004,"31324",23,40
2004,"31326",13,15
2004,"31327",246,175
2004,"31330",19,27
2004,"31333",61,65
2004,"31336",56,36
2004,"31337",91,65
2004,"31338",31,42
2004,"31340",22,29
2004,"31343",55,70
2004,"31344",36,45
2004,"31346",69,39
2004,"31347",14,28
2004,"31350",18,31
2004,"31351",31,34
2004,"31355",70,81
2004,"31356",30,22
2004,"31401",19,66
2004,"31402",91,77
2004,"31403",128,219
2004,"31404",46,59
2004,"31405",30,29
2004,"31406",32,14
2004,"31407",142,178
2004,"31408",25,34
2004,"31409",42,70
2004,"31410",74,51
2004,"31411",41,85
2004,"31412",198,155
2004,"31413",179,292
2004,"31414",67,66
2004,"31502",23,24
2004,"31503",63,53
2004,"31504",22,47
2004,"31505",76,128
2004,"31506",4,16
2004,"31507",57,79
2004,"31508",35,50
2004,"31509",79,80
2004,"31511",55,49
2004,"31513",29,44
2004,"31514",56,79
2004,"31515",36,33
2004,"31516",28,33
2004,"31517",74,54
2004,"31519",48,49
2004,"31520",146,112
2004,"31521",115,90
2004,"31522",71,67
2004,"31523",24,25
2004,"31524",234,223
2004,"31525",40,37
2004,"31527",52,81
2004,"31528",24,26
2004,"31530",83,76
2004,"31531",44,55
2004,"31533",225,143
2004,"31534",54,66
2004,"31535",14,23
2004,"31537",45,63
2004,"31539",71,75
2004,"31540",59,77
2004,"31541",10,20
2004,"31542",40,42
2004,"31543",43,18
2004,"31546",27,52
2004,"31549",282,247
2004,"31550",26,41
2004,"31551",37,44
2004,"31552",41,46
2004,"31553",79,51
2004,"31601",31,32
2004,"31603",52,61
2004,"31604",62,43
2004,"31605",47,47
2004,"31606",29,31
2004,"31608",14,9
2004,"31609",18,12
2004,"31611",15,15
2004,"31612",163,157
2004,"31613",35,19
2004,"31614",92,73
2004,"31615",45,34
2004,"31616",28,36
2004,"31617",97,79
2004,"31620",38,21
2004,"31621",38,14
2004,"31622",39,30
2004,"31627",45,38
2004,"31628",71,52
2004,"31629",173,161
2004,"31630",111,80
2004,"31633",557,408
2004,"31634",59,48
2004,"31636",38,18
2004,"31642",21,41
2004,"31644",146,193
2004,"31645",48,43
2004,"31646",24,39
2004,"31649",54,53
2004,"31650",36,52
2004,"31651",133,103
2004,"31652",12,12
2004,"31653",25,32
2004,"31654",51,80
2004,"31655",266,179
2004,"31658",5,9
2004,"31701",58,53
2004,"31702",135,163
2004,"31703",239,204
2004,"31704",651,475
2004,"31706",85,69
2004,"31707",187,52
2004,"31709",163,166
2004,"31710",409,356
2004,"31711",77,59
2004,"31712",272,209
2004,"31713",182,162
2004,"31714",38,37
2004,"31715",143,165
2004,"31716",525,469
2004,"31717",1269,1373
2004,"31718",102,106
2004,"31719",733,600
2004,"31723",386,244
2004,"31725",476,428
2004,"31726",80,75
2004,"31801",19,22
2004,"31802",69,63
2004,"31803",117,208
2004,"31804",59,50
2004,"31805",23,20
2004,"31806",12,13
2004,"31807",22,65
2004,"31808",85,79
2004,"31809",26,44
2004,"31810",366,307
2004,"31811",107,154
2004,"31812",77,101
2004,"31813",92,78
2004,"31814",75,91
2004,"31815",25,27
2004,"31817",61,63
2004,"31818",761,525
2004,"31820",10,18
2004,"31821",128,119
2004,"31823",93,111
2004,"31825",12,26
2004,"31826",73,90
2004,"31827",11,8
2004,"31829",150,178
2004,"31830",15,17
2004,"31831",144,111
2004,"31832",69,46
2004,"31833",44,37
2004,"31834",25,12
2004,"31835",210,99
2004,"31836",18,35
2004,"31837",59,48
2004,"31838",46,31
2004,"31839",567,645
2004,"31840",36,42
2004,"31841",13,23
2004,"31842",6,5
2004,"31843",51,61
2004,"31844",42,63
2004,"31845",51,54
2004,"31846",135,143
2004,"31847",81,53
2004,"31848",21,38
2004,"31849",28,32
2004,"31901",105,103
2004,"31902",94,50
2004,"31903",195,165
2004,"31904",27,27
2004,"31905",231,167
2004,"31906",43,89
2004,"31907",44,40
2004,"31909",70,78
2004,"31910",50,57
2004,"31911",28,39
2004,"31912",366,274
2004,"31913",62,60
2004,"31915",53,65
2004,"31916",62,53
2004,"31917",59,40
2004,"31918",101,85
2004,"31919",132,77
2004,"31920",14,28
2004,"31921",137,131
2004,"31922",85,82
2004,"31923",24,46
2004,"31925",54,38
2004,"31926",334,275
2004,"31927",71,55
2004,"31928",59,39
2004,"31929",157,171
2004,"31930",84,76
2004,"31932",78,100
2004,"31934",122,116
2004,"31935",90,76
2004,"31938",32,25
2004,"31939",10,3
2004,"31940",93,78
2004,"31941",43,63
2004,"31943",219,206
2004,"31945",61,71
2004,"31946",35,31
2004,"31947",314,263
2004,"31948",94,118
2004,"31949",204,181
2004,"31950",165,159
2004,"31951",313,336
2004,"31952",501,374
2004,"31953",134,107
2004,"31954",93,53
2004,"32001",71,88
2004,"32002",51,81
2004,"32003",100,63
2004,"32004",34,48
2004,"32005",21,48
2004,"32006",42,53
2004,"32007",24,52
2004,"32008",140,147
2004,"32009",38,40
2004,"32010",6,25
2004,"32011",25,37
2004,"32012",24,11
2004,"32013",160,122
2004,"32014",45,53
2004,"32015",27,18
2004,"32016",172,157
2004,"32017",108,74
2004,"32018",32,34
2004,"32101",63,64
2004,"32104",93,84
2004,"32106",75,33
2004,"32107",131,111
2004,"32109",16,36
2004,"32110",113,77
2004,"32112",75,84
2004,"32114",104,100
2004,"32115",51,53
2004,"32116",70,81
2004,"32119",84,65
2004,"32120",56,91
2004,"32131",263,238
2004,"32132",77,68
2004,"32134",105,85
2004,"32135",665,488
2004,"32139",41,32
2004,"32140",96,78
2004,"32141",124,120
2004,"32142",326,240
2004,"32143",45,38
2004,"32144",1064,825
2004,"32202",58,45
2004,"32203",42,44
2004,"32206",34,39
2004,"32207",101,106
2004,"32209",35,44
2004,"32210",26,18
2004,"32212",39,26
2004,"32214",31,15
2004,"32216",92,88
2004,"32217",29,35
2004,"32219",63,78
2004,"32220",225,216
2004,"32221",28,34
2004,"32222",12,26
2004,"32223",30,46
2004,"32301",113,130
2004,"32302",42,16
2004,"32304",170,155
2004,"32305",251,231
2004,"32306",191,128
2004,"32307",190,266
2004,"32308",104,89
2004,"32309",11,27
2004,"32310",30,45
2004,"32311",59,43
2004,"32312",28,7
2004,"32313",133,108
2004,"32314",48,46
2004,"32315",58,65
2004,"32316",225,155
2004,"32317",12,32
2004,"32318",143,154
2004,"32319",167,158
2004,"32320",97,74
2004,"32321",12,19
2004,"32322",49,26
2004,"32323",110,166
2004,"32324",9,17
2004,"32325",36,47
2004,"32326",14,28
2004,"32327",226,190
2004,"32330",198,202
2004,"32331",67,67
2004,"32332",117,119
2004,"32333",32,42
2004,"32334",32,33
2004,"32335",28,34
2004,"32336",89,111
2004,"32337",229,183
2004,"32338",106,84
2004,"32501",37,61
2004,"32502",24,23
2004,"32503",4,8
2004,"32504",23,36
2004,"32505",55,59
2004,"32506",5,11
2004,"32508",42,85
2004,"32509",33,57
2004,"32511",14,14
2004,"32514",20,14
2004,"32515",31,34
2004,"32516",32,32
2004,"32517",18,45
2004,"32518",23,71
2004,"32519",12,22
2004,"32520",38,28
2004,"32521",31,23
2004,"32522",27,36
2004,"32523",12,19
2004,"32524",41,33
2004,"32525",40,50
2004,"32528",27,20
2004,"32529",35,34
2004,"32530",233,206
2004,"40101",7098,6864
2004,"40201",1270,1574
2004,"40301",2210,2338
2004,"40401",172,187
2004,"40402",78,70
2004,"40403",22,21
2004,"40404",541,493
2004,"40405",101,127
2004,"40406",92,65
2004,"40407",81,65
2004,"40408",53,97
2004,"40409",69,82
2004,"40410",39,32
2004,"40411",26,21
2004,"40412",30,57
2004,"40413",210,202
2004,"40414",59,70
2004,"40415",32,42
2004,"40416",46,36
2004,"40417",32,23
2004,"40418",120,159
2004,"40419",45,71
2004,"40420",49,44
2004,"40421",355,296
2004,"40422",157,139
2004,"40423",30,28
2004,"40424",37,44
2004,"40425",50,49
2004,"40426",102,123
2004,"40427",87,61
2004,"40428",192,92
2004,"40429",20,40
2004,"40430",39,23
2004,"40431",56,65
2004,"40432",47,66
2004,"40433",40,37
2004,"40434",21,24
2004,"40435",30,17
2004,"40436",44,38
2004,"40437",108,140
2004,"40438",88,84
2004,"40439",12,13
2004,"40440",7,10
2004,"40441",206,196
2004,"40442",24,29
2004,"40443",34,28
2004,"40444",6,11
2004,"40445",14,35
2004,"40446",35,42
2004,"40501",170,180
2004,"40502",90,109
2004,"40503",166,183
2004,"40504",103,76
2004,"40505",23,32
2004,"40506",108,125
2004,"40507",95,136
2004,"40508",97,87
2004,"40509",134,50
2004,"40510",76,63
2004,"40511",146,109
2004,"40512",27,49
2004,"40601",270,388
2004,"40602",44,55
2004,"40603",81,70
2004,"40604",85,105
2004,"40605",25,36
2004,"40606",6,17
2004,"40607",60,64
2004,"40608",78,85
2004,"40609",110,66
2004,"40610",26,37
2004,"40611",28,36
2004,"40612",119,104
2004,"40613",22,31
2004,"40614",146,156
2004,"40615",75,69
2004,"40616",29,39
2004,"40617",29,38
2004,"40618",57,43
2004,"40619",41,45
2004,"40620",101,67
2004,"40621",38,63
2004,"40622",71,55
2004,"40623",47,35
2004,"40624",158,149
2004,"40625",22,27
2004,"40626",39,82
2004,"40627",46,65
2004,"40701",420,355
2004,"40702",180,253
2004,"40703",492,518
2004,"40704",226,207
2004,"40705",750,657
2004,"40706",66,50
2004,"40707",55,87
2004,"40708",95,107
2004,"40709",31,40
2004,"40710",60,78
2004,"40711",364,422
2004,"40712",31,38
2004,"40713",220,180
2004,"40714",170,140
2004,"40715",69,54
2004,"40716",31,33
2004,"40717",83,79
2004,"40718",100,144
2004,"40719",146,107
2004,"40720",198,235
2004,"40801",27,25
2004,"40802",184,223
2004,"40804",12,32
2004,"40805",208,170
2004,"40806",114,111
2004,"40807",34,60
2004,"40808",194,212
2004,"40809",104,101
2004,"40810",9,10
2004,"40811",46,54
2004,"40812",72,77
2004,"40813",63,45
2004,"40814",45,34
2004,"40815",21,20
2004,"40816",40,53
2004,"40817",14,49
2004,"40818",81,75
2004,"40820",9,17
2004,"40821",50,25
2004,"40822",53,53
2004,"40823",19,30
2004,"40824",26,34
2004,"40825",31,34
2004,"40826",7,12
2004,"40827",130,115
2004,"40828",14,35
2004,"40829",55,73
2004,"40830",22,32
2004,"40831",87,99
2004,"40832",100,123
2004,"40833",33,38
2004,"40834",8,12
2004,"40835",143,133
2004,"40901",30,26
2004,"40902",205,208
2004,"40903",33,38
2004,"40904",75,98
2004,"40905",269,216
2004,"40906",47,46
2004,"40907",195,221
2004,"40908",221,237
2004,"40909",113,142
2004,"40910",95,94
2004,"40911",22,24
2004,"40912",162,143
2004,"40913",129,105
2004,"40914",30,38
2004,"40915",84,98
2004,"40916",17,20
2004,"40917",127,136
2004,"40918",72,100
2004,"40919",27,36
2004,"40920",46,70
2004,"40921",26,35
2004,"40922",66,101
2004,"40923",144,78
2004,"41001",37,48
2004,"41002",726,736
2004,"41003",276,367
2004,"41004",26,28
2004,"41005",502,517
2004,"41006",40,43
2004,"41007",235,234
2004,"41008",84,65
2004,"41009",113,99
2004,"41010",70,63
2004,"41011",137,108
2004,"41012",1269,1284
2004,"41013",229,232
2004,"41014",277,247
2004,"41015",120,66
2004,"41016",90,58
2004,"41017",399,334
2004,"41018",92,60
2004,"41019",184,108
2004,"41020",148,158
2004,"41021",1101,1221
2004,"41022",243,208
2004,"41101",53,36
2004,"41102",70,47
2004,"41103",68,91
2004,"41104",23,34
2004,"41105",106,114
2004,"41106",103,116
2004,"41107",37,24
2004,"41108",250,406
2004,"41109",121,129
2004,"41110",140,150
2004,"41111",270,250
2004,"41112",53,67
2004,"41113",38,50
2004,"41114",93,114
2004,"41115",25,36
2004,"41116",321,322
2004,"41117",30,28
2004,"41118",141,112
2004,"41119",20,42
2004,"41120",153,121
2004,"41121",86,130
2004,"41122",28,14
2004,"41123",49,66
2004,"41124",203,215
2004,"41125",92,78
2004,"41126",55,39
2004,"41201",28,30
2004,"41202",31,46
2004,"41203",123,118
2004,"41204",72,112
2004,"41205",32,28
2004,"41206",18,14
2004,"41207",50,43
2004,"41208",37,36
2004,"41209",50,51
2004,"41210",14,17
2004,"41211",29,17
2004,"41212",16,32
2004,"41213",60,97
2004,"41214",123,116
2004,"41215",72,69
2004,"41216",1,9
2004,"41217",13,26
2004,"41218",73,95
2004,"41219",69,79
2004,"41220",53,59
2004,"41221",19,40
2004,"41222",11,23
2004,"41223",34,54
2004,"41224",68,60
2004,"41225",674,630
2004,"41226",12,16
2004,"41227",17,24
2004,"41228",85,108
2004,"41229",37,14
2004,"41230",25,19
2004,"41231",94,109
2004,"41232",70,36
2004,"41233",87,64
2004,"41234",53,73
2004,"41235",36,18
2004,"41236",21,14
2004,"41304",38,60
2004,"41305",13,26
2004,"41306",5,12
2004,"41307",18,12
2004,"41309",95,74
2004,"41311",6,6
2004,"41312",31,32
2004,"41313",15,37
2004,"41314",27,31
2004,"41315",28,34
2004,"41316",64,41
2004,"41317",26,23
2004,"41318",64,77
2004,"41319",6,18
2004,"41320",9,9
2004,"41321",73,131
2004,"41322",18,23
2004,"41323",34,46
2004,"41324",55,23
2004,"41325",36,70
2004,"41326",27,49
2004,"41327",19,43
2004,"41328",49,63
2004,"41329",20,34
2004,"41331",31,19
2004,"41332",100,110
2004,"41333",5,18
2004,"41334",11,28
2004,"41336",34,34
2004,"41337",38,34
2004,"41338",35,51
2004,"41341",3,13
2004,"41342",92,81
2004,"41343",94,91
2004,"41344",187,180
2004,"41345",22,37
2004,"41346",48,53
2004,"41401",27,47
2004,"41402",157,113
2004,"41403",71,94
2004,"41404",43,48
2004,"41405",32,23
2004,"41406",18,53
2004,"41407",57,40
2004,"41408",36,47
2004,"41409",44,42
2004,"41410",21,26
2004,"41411",54,76
2004,"41412",4,4
2004,"41413",59,76
2004,"41414",69,77
2004,"41415",40,47
2004,"41416",60,88
2004,"41417",27,54
2004,"41418",94,119
2004,"41419",62,53
2004,"41420",26,38
2004,"41421",21,37
2004,"41422",299,291
2004,"41423",49,57
2004,"41424",29,38
2004,"41425",177,114
2004,"41426",84,84
2004,"41427",23,31
2004,"41428",28,19
2004,"41429",39,37
2004,"41430",100,71
2004,"41501",78,62
2004,"41502",86,78
2004,"41503",247,237
2004,"41504",134,101
2004,"41505",43,48
2004,"41506",392,319
2004,"41507",65,74
2004,"41508",31,36
2004,"41509",40,58
2004,"41510",14,21
2004,"41511",87,78
2004,"41512",50,54
2004,"41513",77,51
2004,"41514",127,115
2004,"41515",38,46
2004,"41516",361,282
2004,"41517",87,77
2004,"41518",68,75
2004,"41521",128,107
2004,"41522",132,150
2004,"41601",95,91
2004,"41602",142,142
2004,"41603",116,78
2004,"41604",73,45
2004,"41605",292,283
2004,"41606",154,137
2004,"41607",271,260
2004,"41608",22,22
2004,"41609",150,154
2004,"41610",29,23
2004,"41611",71,106
2004,"41612",62,54
2004,"41613",91,69
2004,"41614",97,82
2004,"41615",68,77
2004,"41616",12,18
2004,"41617",189,165
2004,"41618",159,208
2004,"41619",49,31
2004,"41620",24,25
2004,"41621",31,34
2004,"41622",29,36
2004,"41623",28,27
2004,"41624",186,167
2004,"41626",193,155
2004,"41627",54,62
2004,"41628",47,46
2004,"41701",96,149
2004,"41702",58,69
2004,"41703",477,450
2004,"41704",19,42
2004,"41705",60,54
2004,"41706",53,39
2004,"41707",52,65
2004,"41708",24,12
2004,"41709",111,141
2004,"41710",151,186
2004,"41711",105,84
2004,"41712",35,34
2004,"41713",283,287
2004,"41714",17,21
2004,"41715",242,201
2004,"41716",60,104
2004,"41717",16,27
2004,"41718",56,59
2004,"41719",57,71
2004,"41720",31,52
2004,"41721",13,39
2004,"41722",129,170
2004,"41723",57,58
2004,"41724",20,18
2004,"41725",13,14
2004,"41726",74,91
2004,"41727",29,23
2004,"41728",12,11
2004,"41729",7,9
2004,"41730",44,51
2004,"41731",297,273
2004,"41732",71,88
2004,"41733",7,3
2004,"41734",177,1283
2004,"41735",122,98
2004,"41736",67,54
2004,"41737",153,141
2004,"41738",241,221
2004,"41739",248,200
2004,"41740",28,39
2004,"41741",82,108
2004,"41742",175,163
2004,"41743",291,404
2004,"41744",60,27
2004,"41745",59,57
2004,"41746",682,607
2004,"41747",139,192
2004,"41748",19,29
2004,"41749",49,52
2004,"41750",110,84
2004,"41751",73,83
2004,"41752",60,51
2004,"41801",11,18
2004,"41802",36,32
2004,"41803",88,93
2004,"41804",110,133
2004,"41805",81,61
2004,"41806",69,97
2004,"41807",55,40
2004,"41808",201,135
2004,"41809",22,29
2004,"41810",101,83
2004,"41811",229,223
2004,"41812",501,457
2004,"41813",25,12
2004,"41814",42,60
2004,"41815",23,25
2004,"41816",122,75
2004,"41817",83,105
2004,"41818",52,38
2004,"41819",61,62
2004,"41820",269,201
2004,"41821",81,60
2004,"41822",57,73
2004,"41823",299,241
2004,"41824",184,160
2004,"50101",4601,4801
2004,"50201",97,140
2004,"50202",109,121
2004,"50203",26,63
2004,"50204",139,144
2004,"50205",730,759
2004,"50206",23,21
2004,"50207",211,217
2004,"50208",298,200
2004,"50209",196,184
2004,"50210",12,18
2004,"50211",31,48
2004,"50212",35,31
2004,"50213",84,111
2004,"50301",227,229
2004,"50302",130,114
2004,"50303",236,258
2004,"50304",60,49
2004,"50305",155,153
2004,"50306",35,53
2004,"50307",42,50
2004,"50308",125,127
2004,"50309",226,244
2004,"50310",338,333
2004,"50311",59,72
2004,"50312",75,85
2004,"50313",35,31
2004,"50314",294,335
2004,"50315",113,98
2004,"50316",254,202
2004,"50317",190,185
2004,"50318",15,14
2004,"50319",219,210
2004,"50320",104,94
2004,"50321",130,139
2004,"50322",149,108
2004,"50323",116,114
2004,"50324",256,250
2004,"50325",66,68
2004,"50326",259,245
2004,"50327",168,173
2004,"50328",53,64
2004,"50329",84,110
2004,"50330",152,152
2004,"50331",30,40
2004,"50332",75,75
2004,"50335",244,214
2004,"50336",121,142
2004,"50337",183,177
2004,"50338",492,468
2004,"50339",427,388
2004,"50401",178,103
2004,"50402",198,216
2004,"50403",155,291
2004,"50404",293,296
2004,"50405",45,39
2004,"50406",79,105
2004,"50407",29,27
2004,"50408",65,81
2004,"50409",25,16
2004,"50410",84,56
2004,"50411",61,77
2004,"50412",50,55
2004,"50413",20,16
2004,"50414",15,23
2004,"50415",34,38
2004,"50416",92,68
2004,"50417",124,167
2004,"50418",382,392
2004,"50419",37,26
2004,"50420",117,158
2004,"50421",142,145
2004,"50422",38,46
2004,"50423",74,84
2004,"50424",130,139
2004,"50425",18,31
2004,"50501",3,7
2004,"50502",11,14
2004,"50503",76,64
2004,"50504",31,58
2004,"50505",8,33
2004,"50506",46,75
2004,"50507",22,24
2004,"50508",23,24
2004,"50509",114,81
2004,"50510",118,197
2004,"50511",11,9
2004,"50512",35,35
2004,"50513",27,34
2004,"50514",3,11
2004,"50515",9,24
2004,"50601",97,92
2004,"50602",169,176
2004,"50603",12,17
2004,"50604",28,46
2004,"50605",20,49
2004,"50606",110,118
2004,"50607",19,36
2004,"50608",40,55
2004,"50609",56,86
2004,"50610",45,51
2004,"50611",113,133
2004,"50612",52,78
2004,"50613",129,189
2004,"50614",60,67
2004,"50615",67,96
2004,"50616",118,109
2004,"50617",40,66
2004,"50618",72,91
2004,"50619",441,397
2004,"50620",30,33
2004,"50621",42,51
2004,"50622",60,107
2004,"50623",40,46
2004,"50624",88,95
2004,"50625",23,27
2004,"50626",35,50
2004,"50627",14,37
2004,"50628",369,387
2004,"60101",9462,8706
2004,"60305",164,140
2004,"60318",183,163
2004,"60323",45,84
2004,"60324",89,100
2004,"60326",72,36
2004,"60329",78,62
2004,"60341",77,62
2004,"60344",505,416
2004,"60345",174,273
2004,"60346",155,167
2004,"60347",111,162
2004,"60348",149,139
2004,"60349",154,146
2004,"60350",262,298
2004,"60351",169,175
2004,"60608",406,313
2004,"60611",221,178
2004,"60613",387,321
2004,"60617",223,217
2004,"60618",44,56
2004,"60619",189,104
2004,"60623",85,54
2004,"60624",327,261
2004,"60626",114,76
2004,"60628",164,143
2004,"60629",275,202
2004,"60632",121,123
2004,"60639",49,46
2004,"60641",68,78
2004,"60642",81,59
2004,"60645",167,135
2004,"60646",144,109
2004,"60647",20,9
2004,"60648",137,104
2004,"60651",60,99
2004,"60653",188,123
2004,"60654",129,98
2004,"60655",134,110
2004,"60656",76,50
2004,"60659",252,214
2004,"60660",158,109
2004,"60661",240,204
2004,"60662",252,158
2004,"60663",180,210
2004,"60664",635,499
2004,"60665",258,215
2004,"60666",81,80
2004,"60667",235,175
2004,"60668",102,114
2004,"60669",772,535
2004,"60670",321,211
2004,"61001",77,38
2004,"61002",70,89
2004,"61007",63,50
2004,"61008",66,45
2004,"61012",127,99
2004,"61013",66,83
2004,"61016",80,63
2004,"61017",48,61
2004,"61019",44,56
2004,"61020",83,66
2004,"61021",107,84
2004,"61024",91,100
2004,"61027",73,70
2004,"61030",86,100
2004,"61032",63,49
2004,"61033",81,62
2004,"61043",182,145
2004,"61045",357,357
2004,"61049",145,127
2004,"61050",120,141
2004,"61051",141,102
2004,"61052",121,101
2004,"61053",647,617
2004,"61054",119,148
2004,"61055",72,62
2004,"61057",63,66
2004,"61059",253,244
2004,"61060",128,126
2004,"61061",296,336
2004,"61101",92,156
2004,"61105",19,46
2004,"61106",69,63
2004,"61107",72,50
2004,"61108",957,1177
2004,"61109",86,65
2004,"61110",123,98
2004,"61111",35,46
2004,"61112",12,12
2004,"61113",132,164
2004,"61114",121,150
2004,"61115",78,88
2004,"61116",52,48
2004,"61118",71,84
2004,"61119",24,21
2004,"61120",336,361
2004,"61203",80,92
2004,"61204",63,50
2004,"61205",23,46
2004,"61206",59,40
2004,"61207",162,150
2004,"61213",157,104
2004,"61215",38,35
2004,"61217",72,79
2004,"61222",96,86
2004,"61236",57,79
2004,"61243",73,86
2004,"61247",142,129
2004,"61251",7,10
2004,"61252",42,74
2004,"61253",153,188
2004,"61254",50,43
2004,"61255",102,110
2004,"61256",52,45
2004,"61257",153,144
2004,"61258",44,83
2004,"61259",368,338
2004,"61260",42,46
2004,"61261",83,78
2004,"61262",44,109
2004,"61263",200,243
2004,"61264",50,61
2004,"61265",189,224
2004,"61266",43,62
2004,"61267",131,161
2004,"61410",30,48
2004,"61413",19,19
2004,"61425",54,53
2004,"61428",15,27
2004,"61437",14,25
2004,"61438",126,184
2004,"61439",127,145
2004,"61440",45,77
2004,"61441",24,36
2004,"61442",58,74
2004,"61443",52,57
2004,"61444",77,62
2004,"61445",80,67
2004,"61446",56,57
2004,"61611",100,99
2004,"61612",115,153
2004,"61615",83,92
2004,"61618",101,120
2004,"61621",42,31
2004,"61624",107,101
2004,"61625",458,430
2004,"61626",302,248
2004,"61627",64,72
2004,"61628",82,66
2004,"61629",33,32
2004,"61630",67,68
2004,"61631",447,505
2004,"61632",93,148
2004,"61633",187,115
2004,"61701",98,48
2004,"61708",34,31
2004,"61710",35,34
2004,"61711",14,19
2004,"61716",84,100
2004,"61719",93,63
2004,"61727",108,103
2004,"61728",11,11
2004,"61729",88,68
2004,"61730",71,51
2004,"61731",60,62
2004,"61740",54,42
2004,"61741",39,34
2004,"61743",22,13
2004,"61744",10,12
2004,"61745",32,22
2004,"61746",103,109
2004,"61748",141,134
2004,"61750",33,37
2004,"61751",179,98
2004,"61756",95,117
2004,"61757",76,157
2004,"61758",47,31
2004,"61759",44,54
2004,"61760",479,443
2004,"61761",67,59
2004,"61762",70,63
2004,"61763",111,202
2004,"61764",118,98
2004,"61765",173,197
2004,"61766",439,511
2004,"62007",338,274
2004,"62008",27,57
2004,"62010",37,23
2004,"62014",69,55
2004,"62021",6,7
2004,"62026",16,18
2004,"62032",41,34
2004,"62034",47,37
2004,"62036",47,63
2004,"62038",334,454
2004,"62039",77,44
2004,"62040",489,508
2004,"62041",509,616
2004,"62042",95,82
2004,"62043",112,131
2004,"62044",54,113
2004,"62045",79,72
2004,"62046",100,108
2004,"62047",296,277
2004,"62048",179,156
2004,"62105",56,70
2004,"62115",206,139
2004,"62116",116,113
2004,"62125",78,112
2004,"62128",169,127
2004,"62131",61,83
2004,"62132",29,50
2004,"62135",86,85
2004,"62138",143,210
2004,"62139",684,725
2004,"62140",986,910
2004,"62141",293,308
2004,"62142",107,138
2004,"62143",270,373
2004,"62144",93,227
2004,"62145",174,268
2004,"62146",176,176
2004,"62147",85,94
2004,"62148",48,89
2004,"62202",60,48
2004,"62205",60,52
2004,"62206",46,44
2004,"62209",40,26
2004,"62211",73,61
2004,"62214",82,119
2004,"62216",38,40
2004,"62219",314,308
2004,"62220",89,124
2004,"62226",70,77
2004,"62232",46,34
2004,"62233",92,141
2004,"62235",58,106
2004,"62242",12,17
2004,"62244",85,102
2004,"62245",24,45
2004,"62247",60,183
2004,"62252",83,40
2004,"62256",67,60
2004,"62262",20,31
2004,"62264",111,97
2004,"62265",38,64
2004,"62266",70,82
2004,"62267",315,323
2004,"62268",88,92
2004,"62269",91,90
2004,"62270",58,40
2004,"62271",114,138
2004,"62272",83,105
2004,"62273",50,77
2004,"62274",97,91
2004,"62275",145,137
2004,"62276",64,67
2004,"62277",71,86
2004,"62278",53,95
2004,"62279",35,135
2004,"62311",41,53
2004,"62314",29,28
2004,"62326",32,62
2004,"62330",54,51
2004,"62332",29,30
2004,"62335",32,44
2004,"62343",42,35
2004,"62368",51,35
2004,"62372",36,35
2004,"62375",202,232
2004,"62376",118,82
2004,"62377",68,91
2004,"62378",261,276
2004,"62379",501,486
2004,"62380",141,152
2004,"62381",103,124
2004,"62382",109,132
2004,"62383",123,166
2004,"62384",87,88
2004,"62385",108,89
2004,"62386",138,146
2004,"62387",48,56
2004,"62388",55,43
2004,"62389",105,113
2004,"62390",105,97
2004,"70101",4243,4023
2004,"70201",112,98
2004,"70202",122,127
2004,"70203",435,387
2004,"70204",25,23
2004,"70205",43,37
2004,"70206",5,10
2004,"70207",26,32
2004,"70208",91,77
2004,"70209",147,150
2004,"70210",15,14
2004,"70211",73,96
2004,"70212",82,75
2004,"70213",77,42
2004,"70214",78,45
2004,"70215",73,93
2004,"70216",45,39
2004,"70217",26,45
2004,"70218",31,58
2004,"70219",70,77
2004,"70220",122,145
2004,"70221",61,65
2004,"70222",68,70
2004,"70223",56,100
2004,"70224",78,57
2004,"70301",344,256
2004,"70302",112,122
2004,"70303",116,82
2004,"70304",184,260
2004,"70305",34,53
2004,"70306",56,83
2004,"70307",14,31
2004,"70308",43,58
2004,"70309",95,117
2004,"70310",178,201
2004,"70311",17,27
2004,"70312",269,280
2004,"70313",28,37
2004,"70314",12,21
2004,"70315",40,71
2004,"70317",11,18
2004,"70318",60,39
2004,"70319",122,144
2004,"70320",121,115
2004,"70322",35,64
2004,"70323",33,23
2004,"70325",34,25
2004,"70326",68,117
2004,"70328",74,73
2004,"70329",179,183
2004,"70331",94,86
2004,"70332",93,132
2004,"70333",38,43
2004,"70334",154,173
2004,"70335",71,91
2004,"70336",14,8
2004,"70337",70,72
2004,"70338",23,24
2004,"70339",68,76
2004,"70340",77,93
2004,"70342",71,28
2004,"70343",35,37
2004,"70344",69,100
2004,"70345",73,61
2004,"70346",357,436
2004,"70347",20,21
2004,"70348",35,50
2004,"70349",8,10
2004,"70350",52,75
2004,"70351",123,159
2004,"70352",27,41
2004,"70353",81,70
2004,"70354",1007,564
2004,"70355",135,136
2004,"70356",31,43
2004,"70357",753,411
2004,"70358",155,173
2004,"70359",91,47
2004,"70360",62,68
2004,"70361",10,4
2004,"70362",48,21
2004,"70364",290,388
2004,"70365",255,341
2004,"70366",31,31
2004,"70367",338,307
2004,"70368",28,49
2004,"70369",409,218
2004,"70370",78,130
2004,"70401",37,45
2004,"70402",53,64
2004,"70403",221,276
2004,"70404",98,78
2004,"70405",56,52
2004,"70406",141,128
2004,"70407",43,42
2004,"70408",40,81
2004,"70409",161,160
2004,"70410",138,165
2004,"70411",257,275
2004,"70412",136,124
2004,"70413",93,112
2004,"70414",47,64
2004,"70415",28,12
2004,"70416",317,266
2004,"70417",50,46
2004,"70418",7,16
2004,"70419",33,48
2004,"70420",81,91
2004,"70501",34,40
2004,"70502",43,51
2004,"70503",107,88
2004,"70504",35,32
2004,"70505",98,89
2004,"70506",89,101
2004,"70508",210,197
2004,"70509",72,98
2004,"70510",44,41
2004,"70511",250,245
2004,"70512",153,160
2004,"70513",616,598
2004,"70514",125,113
2004,"70515",124,164
2004,"70516",17,15
2004,"70517",105,99
2004,"70518",63,85
2004,"70519",10,17
2004,"70520",92,93
2004,"70521",31,48
2004,"70522",140,228
2004,"70523",11,9
2004,"70524",42,39
2004,"70525",69,66
2004,"70526",81,61
2004,"70527",48,69
2004,"70528",61,58
2004,"70529",63,62
2004,"70530",75,106
2004,"70531",616,443
2004,"70601",16,5
2004,"70602",2,1
2004,"70603",30,28
2004,"70604",88,124
2004,"70605",21,28
2004,"70606",16,20
2004,"70607",47,55
2004,"70608",55,63
2004,"70609",38,56
2004,"70610",3,11
2004,"70611",13,15
2004,"70612",13,5
2004,"70613",7,13
2004,"70614",343,314
2004,"70615",30,51
2004,"70616",47,51
2004,"70617",45,61
2004,"70618",32,43
2004,"70619",75,113
2004,"70620",101,78
2004,"70621",55,77
2004,"70622",36,48
2004,"70623",32,55
2004,"70624",46,44
2004,"70625",1,1
2004,"70626",20,22
2004,"70627",24,24
2004,"70628",14,20
2004,"70629",20,26
2004,"70630",135,148
2004,"70701",8,23
2004,"70702",13,24
2004,"70703",18,11
2004,"70704",16,22
2004,"70705",30,44
2004,"70706",9,29
2004,"70707",92,82
2004,"70708",20,22
2004,"70709",8,27
2004,"70710",21,17
2004,"70711",21,19
2004,"70712",17,26
2004,"70713",5,21
2004,"70714",2,8
2004,"70715",30,30
2004,"70716",466,383
2004,"70717",94,83
2004,"70718",24,20
2004,"70719",116,125
2004,"70720",36,30
2004,"70721",7,15
2004,"70723",8,27
2004,"70724",17,21
2004,"70725",3,2
2004,"70726",15,24
2004,"70727",7,10
2004,"70728",46,56
2004,"70729",9,23
2004,"70731",11,12
2004,"70732",33,50
2004,"70733",9,12
2004,"70734",44,37
2004,"70735",18,19
2004,"70801",16,23
2004,"70802",11,16
2004,"70803",12,29
2004,"70804",30,55
2004,"70805",95,95
2004,"70806",75,40
2004,"70807",76,91
2004,"70808",19,27
2004,"70809",7,14
2004,"70810",11,15
2004,"70811",12,33
2004,"70812",0,0
2004,"70813",27,25
2004,"70814",14,18
2004,"70815",1,0
2004,"70816",36,57
2004,"70817",14,13
2004,"70818",1,5
2004,"70819",5,1
2004,"70820",136,144
2004,"70821",39,32
2004,"70822",17,7
2004,"70823",1,2
2004,"70824",7,11
2004,"70825",3,4
2004,"70826",120,59
2004,"70827",16,9
2004,"70828",277,330
2004,"70829",13,6
2004,"70830",10,14
2004,"70831",5,16
2004,"70832",32,34
2004,"70833",81,126
2004,"70834",6,0
2004,"70835",36,54
2004,"70836",27,35
2004,"70837",3,7
2004,"70901",49,73
2004,"70902",70,63
2004,"70903",1,3
2004,"70904",31,36
2004,"70905",161,109
2004,"70907",80,121
2004,"70908",23,54
2004,"70909",169,175
2004,"70910",88,53
2004,"70911",28,31
2004,"70912",14,19
2004,"70913",17,11
2004,"70914",14,25
2004,"70915",49,42
2004,"70916",36,60
2004,"70917",346,255
2004,"70918",73,49
2004,"70920",154,179
2004,"70921",43,57
2004,"70922",76,67
2004,"70923",87,86
2004,"70924",64,9
2004,"70925",42,80
2004,"70926",591,430
2004,"70927",49,57
2004,"70928",89,109
2004,"70929",5,16
2004,"70930",51,57
2004,"70931",73,62
2004,"70932",26,24
2004,"70933",86,126
2004,"70934",36,71
2004,"70935",63,66
2004,"70936",215,215
2004,"70937",65,60
2004,"70938",58,57
2004,"70939",106,104
2004,"70940",53,89
2004,"70941",8,24
2004,"80101",93,82
2004,"80102",27,22
2004,"80103",828,947
2004,"80104",177,185
2004,"80105",30,42
2004,"80106",172,203
2004,"80107",30,28
2004,"80108",61,69
2004,"80109",4,12
2004,"80110",36,59
2004,"80111",59,74
2004,"80112",25,42
2004,"80113",89,103
2004,"80114",14,10
2004,"80115",185,141
2004,"80116",364,369
2004,"80117",306,273
2004,"80118",23,27
2004,"80119",40,55
2004,"80120",76,94
2004,"80121",14,8
2004,"80122",199,194
2004,"80123",26,16
2004,"80124",8,10
2004,"80125",17,14
2004,"80126",126,190
2004,"80127",23,40
2004,"80128",111,125
2004,"80129",122,140
2004,"80201",83,102
2004,"80202",59,114
2004,"80203",37,38
2004,"80204",77,61
2004,"80205",32,51
2004,"80206",30,36
2004,"80207",1367,1458
2004,"80208",17,29
2004,"80209",13,16
2004,"80210",29,21
2004,"80211",81,102
2004,"80212",19,22
2004,"80213",231,205
2004,"80214",86,69
2004,"80215",615,527
2004,"80216",82,60
2004,"80217",319,301
2004,"80218",272,301
2004,"80219",44,53
2004,"80220",87,103
2004,"80221",36,37
2004,"80222",49,51
2004,"80223",68,44
2004,"80224",575,578
2004,"80225",40,47
2004,"80226",286,279
2004,"80227",35,47
2004,"80228",40,86
2004,"80229",9,10
2004,"80230",40,51
2004,"80231",16,44
2004,"80232",7,16
2004,"80233",28,17
2004,"80234",10,10
2004,"80235",224,184
2004,"80236",42,49
2004,"80237",8,20
2004,"80238",46,63
2004,"80239",9,9
2004,"80240",392,404
2004,"80301",1647,1603
2004,"80302",809,705
2004,"80303",769,673
2004,"80401",401,310
2004,"80402",9,8
2004,"80403",2,3
2004,"80404",1484,1596
2004,"80405",435,437
2004,"80406",27,44
2004,"80407",168,168
2004,"80408",579,625
2004,"80409",199,202
2004,"80410",213,198
2004,"80411",29,28
2004,"80412",158,186
2004,"80413",121,119
2004,"80414",666,651
2004,"80415",28,25
2004,"80416",102,129
2004,"80417",117,126
2004,"80418",131,116
2004,"80419",34,25
2004,"80420",184,164
2004,"80421",28,28
2004,"80422",7,9
2004,"80423",139,112
2004,"80424",266,219
2004,"90101",1043,1192
2004,"90201",6905,7782
2004,"90301",6663,7213
2004,"90401",2386,2675
2004,"90501",5145,5525
2004,"90601",2775,3040
2004,"90701",2544,2981
2004,"90801",2462,3735
2004,"90901",4528,4815
2004,"91001",12005,9991
2004,"91101",5610,5819
2004,"91201",6739,6918
2004,"91301",3019,2688
2004,"91401",5769,5668
2004,"91501",6405,7841
2004,"91601",7588,8087
2004,"91701",4941,5047
2004,"91801",3956,4135
2004,"91901",4037,3861
2004,"92001",6797,7494
2004,"92101",7376,7162
2004,"92201",7438,6606
2004,"92301",4725,4460
2005,"10101",586,492
2005,"10201",44,41
2005,"10301",91,82
2005,"10302",60,60
2005,"10303",72,56
2005,"10304",78,92
2005,"10305",37,39
2005,"10306",20,27
2005,"10307",41,37
2005,"10308",77,43
2005,"10309",179,148
2005,"10310",36,37
2005,"10311",46,30
2005,"10312",61,50
2005,"10313",87,72
2005,"10314",37,41
2005,"10315",126,103
2005,"10316",159,63
2005,"10317",58,47
2005,"10318",62,53
2005,"10319",40,47
2005,"10320",25,10
2005,"10321",15,32
2005,"10322",31,48
2005,"10323",73,26
2005,"10401",35,20
2005,"10402",51,40
2005,"10403",13,18
2005,"10404",46,36
2005,"10405",151,166
2005,"10406",32,22
2005,"10407",24,33
2005,"10408",37,66
2005,"10409",24,25
2005,"10410",22,34
2005,"10411",52,52
2005,"10412",31,26
2005,"10413",42,37
2005,"10414",100,94
2005,"10415",59,142
2005,"10416",54,46
2005,"10417",55,56
2005,"10418",6,12
2005,"10419",12,7
2005,"10420",8,1
2005,"10421",3,7
2005,"10422",4,5
2005,"10423",0,3
2005,"10424",10,11
2005,"10425",18,12
2005,"10426",8,6
2005,"10427",23,10
2005,"10428",12,7
2005,"10501",61,39
2005,"10502",30,35
2005,"10503",54,40
2005,"10504",137,109
2005,"10505",13,21
2005,"10506",30,37
2005,"10507",20,33
2005,"10508",48,62
2005,"10509",58,49
2005,"10510",12,20
2005,"10511",27,23
2005,"10512",8,5
2005,"10601",39,30
2005,"10602",80,62
2005,"10603",38,19
2005,"10604",32,38
2005,"10605",57,42
2005,"10606",298,201
2005,"10607",259,210
2005,"10608",19,26
2005,"10609",109,100
2005,"10610",99,88
2005,"10611",94,92
2005,"10612",58,60
2005,"10613",48,97
2005,"10614",44,49
2005,"10615",84,76
2005,"10616",25,14
2005,"10617",17,23
2005,"10618",37,29
2005,"10619",15,15
2005,"10701",53,48
2005,"10702",46,47
2005,"10703",153,179
2005,"10704",34,14
2005,"10705",85,68
2005,"10706",51,32
2005,"10707",101,117
2005,"10708",30,20
2005,"10709",37,72
2005,"10710",62,42
2005,"10711",55,48
2005,"10712",49,53
2005,"10713",375,214
2005,"10714",49,51
2005,"10715",19,22
2005,"10716",16,20
2005,"10717",200,92
2005,"10718",75,58
2005,"10719",31,32
2005,"10720",22,23
2005,"10721",28,36
2005,"10722",102,57
2005,"10723",67,27
2005,"10724",51,43
2005,"10725",17,27
2005,"10726",20,30
2005,"10727",12,6
2005,"10801",64,66
2005,"10802",51,33
2005,"10803",38,45
2005,"10804",48,53
2005,"10805",52,112
2005,"10806",35,21
2005,"10807",53,53
2005,"10808",45,59
2005,"10809",49,35
2005,"10810",31,42
2005,"10811",31,49
2005,"10812",39,37
2005,"10813",30,39
2005,"10814",30,37
2005,"10815",27,31
2005,"10816",181,118
2005,"10817",34,34
2005,"10818",13,19
2005,"10819",35,13
2005,"10820",38,22
2005,"10821",34,40
2005,"10822",45,52
2005,"10823",38,59
2005,"10824",27,28
2005,"10825",25,66
2005,"10826",22,8
2005,"10827",16,6
2005,"10828",13,21
2005,"10901",76,58
2005,"10902",110,75
2005,"10903",42,24
2005,"10904",34,23
2005,"10905",132,166
2005,"10906",12,20
2005,"10907",64,48
2005,"10908",38,27
2005,"10909",70,57
2005,"10910",31,31
2005,"10911",39,46
2005,"10912",71,72
2005,"10913",11,35
2005,"10914",15,48
2005,"10915",23,30
2005,"10916",106,121
2005,"10917",433,337
2005,"10918",235,201
2005,"10919",104,115
2005,"10920",73,49
2005,"10921",70,38
2005,"10922",21,18
2005,"10923",67,64
2005,"10924",15,26
2005,"10925",42,66
2005,"10926",28,31
2005,"10927",31,37
2005,"10928",45,60
2005,"10929",11,17
2005,"10930",13,7
2005,"10931",7,10
2005,"10932",5,6
2005,"20101",3261,3095
2005,"20201",2069,1861
2005,"20302",42,35
2005,"20305",147,181
2005,"20306",81,138
2005,"20307",49,75
2005,"20316",29,32
2005,"20320",20,45
2005,"20321",16,28
2005,"20402",358,331
2005,"20403",130,102
2005,"20405",243,266
2005,"20409",144,127
2005,"20412",118,94
2005,"20414",137,113
2005,"20415",287,176
2005,"20416",63,62
2005,"20417",132,96
2005,"20418",191,162
2005,"20419",106,65
2005,"20421",270,319
2005,"20424",148,159
2005,"20425",139,117
2005,"20428",21,39
2005,"20432",104,107
2005,"20435",70,94
2005,"20441",11,17
2005,"20442",158,118
2005,"20501",191,190
2005,"20502",106,126
2005,"20503",33,41
2005,"20504",123,132
2005,"20505",124,183
2005,"20506",37,38
2005,"20508",25,38
2005,"20509",45,52
2005,"20511",56,49
2005,"20512",104,95
2005,"20513",61,76
2005,"20515",95,108
2005,"20518",42,49
2005,"20519",27,42
2005,"20520",48,40
2005,"20523",136,121
2005,"20527",544,526
2005,"20530",91,85
2005,"20531",54,81
2005,"20534",154,130
2005,"20601",53,79
2005,"20602",77,61
2005,"20603",29,35
2005,"20604",22,53
2005,"20605",20,43
2005,"20607",30,62
2005,"20608",100,117
2005,"20609",32,41
2005,"20610",24,31
2005,"20611",33,59
2005,"20613",47,36
2005,"20616",58,56
2005,"20618",9,30
2005,"20619",49,49
2005,"20620",85,109
2005,"20622",13,26
2005,"20624",27,60
2005,"20625",53,41
2005,"20627",93,84
2005,"20630",184,282
2005,"20631",36,52
2005,"20632",31,31
2005,"20633",36,57
2005,"20634",193,215
2005,"20635",509,553
2005,"20636",20,50
2005,"20637",79,87
2005,"20638",34,38
2005,"20639",14,18
2005,"20640",47,46
2005,"20642",24,81
2005,"20643",101,106
2005,"20644",55,81
2005,"20701",26,48
2005,"20702",232,241
2005,"20703",28,44
2005,"20705",103,102
2005,"20707",19,16
2005,"20708",26,42
2005,"20710",67,77
2005,"20711",377,398
2005,"20712",25,29
2005,"20713",32,29
2005,"20719",50,48
2005,"20720",218,193
2005,"20721",79,66
2005,"20722",132,152
2005,"20723",40,66
2005,"20724",194,226
2005,"20725",372,345
2005,"20726",104,116
2005,"20727",230,209
2005,"20801",98,139
2005,"20802",13,28
2005,"20803",245,310
2005,"20804",67,67
2005,"20805",83,68
2005,"20806",43,62
2005,"20807",52,58
2005,"20808",122,113
2005,"20810",45,38
2005,"20812",76,52
2005,"20813",221,328
2005,"20815",82,66
2005,"20817",365,428
2005,"20901",165,127
2005,"20905",134,148
2005,"20909",68,117
2005,"20911",14,25
2005,"20912",39,98
2005,"20913",327,385
2005,"20914",52,71
2005,"20918",106,129
2005,"20923",624,663
2005,"21001",22,37
2005,"21002",446,504
2005,"21003",63,92
2005,"21004",50,53
2005,"21005",79,91
2005,"21006",24,26
2005,"21007",49,64
2005,"21008",75,143
2005,"21009",183,164
2005,"21010",61,62
2005,"30101",1392,1117
2005,"30201",2257,1881
2005,"30301",305,327
2005,"30401",1921,1683
2005,"30501",36,33
2005,"30502",961,875
2005,"30503",108,97
2005,"30504",96,121
2005,"30506",155,120
2005,"30507",59,49
2005,"30508",211,122
2005,"30509",89,66
2005,"30510",26,23
2005,"30511",59,59
2005,"30512",44,58
2005,"30514",175,177
2005,"30515",80,126
2005,"30516",24,31
2005,"30517",117,101
2005,"30520",98,70
2005,"30521",54,41
2005,"30522",120,81
2005,"30524",46,57
2005,"30526",22,20
2005,"30527",131,128
2005,"30529",86,102
2005,"30530",158,131
2005,"30531",334,318
2005,"30532",115,72
2005,"30533",135,198
2005,"30534",53,54
2005,"30536",50,62
2005,"30538",75,81
2005,"30539",46,48
2005,"30541",54,47
2005,"30542",39,26
2005,"30543",64,70
2005,"30544",45,40
2005,"30601",84,83
2005,"30602",134,219
2005,"30603",608,456
2005,"30604",1326,1264
2005,"30605",409,355
2005,"30607",459,489
2005,"30608",179,174
2005,"30609",24,19
2005,"30612",107,88
2005,"30613",99,118
2005,"30614",43,51
2005,"30615",324,304
2005,"30616",69,57
2005,"30618",520,366
2005,"30620",273,256
2005,"30621",142,94
2005,"30623",201,145
2005,"30625",208,153
2005,"30626",268,188
2005,"30627",115,164
2005,"30629",69,54
2005,"30631",84,85
2005,"30633",63,41
2005,"30635",73,68
2005,"30636",50,52
2005,"30637",124,88
2005,"30639",866,637
2005,"30641",216,104
2005,"30645",100,103
2005,"30646",128,132
2005,"30701",23,17
2005,"30702",69,65
2005,"30703",25,16
2005,"30704",398,334
2005,"30706",125,95
2005,"30708",36,39
2005,"30709",100,71
2005,"30710",265,193
2005,"30711",146,41
2005,"30712",34,42
2005,"30713",34,23
2005,"30715",17,14
2005,"30716",140,130
2005,"30718",50,38
2005,"30719",56,35
2005,"30721",73,66
2005,"30722",42,31
2005,"30724",80,84
2005,"30726",89,89
2005,"30728",33,16
2005,"30729",155,121
2005,"30730",211,182
2005,"30731",251,120
2005,"30732",302,187
2005,"30733",41,43
2005,"30734",93,68
2005,"30735",162,155
2005,"30736",123,125
2005,"30737",67,72
2005,"30738",55,49
2005,"30739",71,68
2005,"30740",672,627
2005,"30741",88,64
2005,"30801",4,5
2005,"30802",2,1
2005,"30803",152,178
2005,"30804",57,50
2005,"30805",64,62
2005,"30808",474,276
2005,"30810",46,48
2005,"30811",65,60
2005,"30812",42,27
2005,"30813",66,46
2005,"30814",70,48
2005,"30817",663,398
2005,"30819",14,8
2005,"30821",490,321
2005,"30822",5,10
2005,"30824",58,67
2005,"30825",49,40
2005,"30826",46,37
2005,"30827",86,107
2005,"30828",23,24
2005,"30829",25,31
2005,"30830",158,80
2005,"30831",96,95
2005,"30834",14,21
2005,"30835",125,124
2005,"30836",31,31
2005,"30838",169,125
2005,"30841",41,48
2005,"30842",86,41
2005,"30844",101,56
2005,"30845",50,56
2005,"30846",0,2
2005,"30848",93,75
2005,"30849",28,23
2005,"30850",58,47
2005,"30852",68,70
2005,"30854",26,41
2005,"30856",524,291
2005,"30857",58,47
2005,"30858",51,52
2005,"30859",29,22
2005,"30860",77,90
2005,"30863",216,165
2005,"30865",33,43
2005,"30902",23,26
2005,"30903",39,62
2005,"30904",28,20
2005,"30906",12,15
2005,"30908",245,247
2005,"30909",65,67
2005,"30910",56,134
2005,"30912",21,28
2005,"30913",30,15
2005,"30915",16,12
2005,"30916",92,120
2005,"30917",3,7
2005,"30920",91,141
2005,"30921",29,47
2005,"30925",52,48
2005,"30929",24,21
2005,"30932",35,36
2005,"30935",203,187
2005,"30939",15,22
2005,"30940",31,29
2005,"30942",81,59
2005,"31001",35,35
2005,"31008",91,98
2005,"31009",44,46
2005,"31014",46,35
2005,"31015",54,43
2005,"31016",42,37
2005,"31018",74,63
2005,"31019",35,26
2005,"31021",31,38
2005,"31022",520,447
2005,"31025",19,15
2005,"31026",77,63
2005,"31028",37,37
2005,"31033",36,32
2005,"31035",61,41
2005,"31036",63,58
2005,"31037",143,128
2005,"31038",50,29
2005,"31041",24,28
2005,"31042",44,45
2005,"31043",60,62
2005,"31051",87,84
2005,"31052",76,85
2005,"31053",108,103
2005,"31101",41,34
2005,"31102",26,21
2005,"31103",24,21
2005,"31104",28,40
2005,"31105",178,171
2005,"31106",100,126
2005,"31107",32,40
2005,"31109",241,251
2005,"31110",46,26
2005,"31111",23,14
2005,"31113",14,19
2005,"31114",21,21
2005,"31117",9,18
2005,"31119",11,24
2005,"31120",41,29
2005,"31121",71,88
2005,"31123",32,27
2005,"31124",45,54
2005,"31129",50,41
2005,"31130",15,14
2005,"31201",177,189
2005,"31202",58,48
2005,"31203",92,75
2005,"31204",43,56
2005,"31205",87,76
2005,"31206",125,71
2005,"31207",167,103
2005,"31208",181,103
2005,"31213",642,644
2005,"31214",353,294
2005,"31215",74,38
2005,"31216",239,160
2005,"31224",56,27
2005,"31226",115,90
2005,"31227",102,87
2005,"31228",34,29
2005,"31229",33,42
2005,"31230",669,502
2005,"31234",77,21
2005,"31235",475,356
2005,"31301",21,10
2005,"31302",42,25
2005,"31303",18,36
2005,"31304",28,22
2005,"31308",92,90
2005,"31309",131,138
2005,"31310",60,81
2005,"31311",73,97
2005,"31315",66,106
2005,"31319",24,26
2005,"31321",13,14
2005,"31322",283,217
2005,"31323",23,29
2005,"31324",29,52
2005,"31326",15,18
2005,"31327",193,149
2005,"31330",16,44
2005,"31333",74,67
2005,"31336",35,33
2005,"31337",93,69
2005,"31338",39,38
2005,"31340",23,45
2005,"31343",76,88
2005,"31344",39,47
2005,"31346",44,34
2005,"31347",14,17
2005,"31350",17,20
2005,"31351",20,26
2005,"31355",62,60
2005,"31356",43,11
2005,"31401",35,73
2005,"31402",70,64
2005,"31403",231,180
2005,"31404",54,49
2005,"31405",41,61
2005,"31406",32,41
2005,"31407",121,189
2005,"31408",16,41
2005,"31409",29,167
2005,"31410",67,64
2005,"31411",38,58
2005,"31412",160,193
2005,"31413",216,324
2005,"31414",65,41
2005,"31502",47,21
2005,"31503",55,45
2005,"31504",39,62
2005,"31505",105,110
2005,"31506",4,10
2005,"31507",72,80
2005,"31508",44,62
2005,"31509",58,118
2005,"31511",36,52
2005,"31513",30,56
2005,"31514",61,70
2005,"31515",32,29
2005,"31516",44,85
2005,"31517",88,65
2005,"31519",47,34
2005,"31520",129,137
2005,"31521",108,95
2005,"31522",59,71
2005,"31523",20,32
2005,"31524",306,302
2005,"31525",57,77
2005,"31527",79,96
2005,"31528",14,21
2005,"31530",70,78
2005,"31531",74,56
2005,"31533",227,175
2005,"31534",39,83
2005,"31535",10,11
2005,"31537",54,61
2005,"31539",117,101
2005,"31540",51,42
2005,"31541",16,18
2005,"31542",50,39
2005,"31543",29,20
2005,"31546",30,50
2005,"31549",342,260
2005,"31550",33,31
2005,"31551",37,78
2005,"31552",46,46
2005,"31553",65,52
2005,"31601",41,22
2005,"31603",60,81
2005,"31604",66,62
2005,"31605",56,46
2005,"31606",30,36
2005,"31608",19,12
2005,"31609",13,23
2005,"31611",22,23
2005,"31612",186,144
2005,"31613",20,36
2005,"31614",79,85
2005,"31615",43,65
2005,"31616",21,26
2005,"31617",45,57
2005,"31620",32,27
2005,"31621",26,29
2005,"31622",32,35
2005,"31627",73,45
2005,"31628",45,47
2005,"31629",219,149
2005,"31630",116,68
2005,"31633",525,385
2005,"31634",69,63
2005,"31636",25,24
2005,"31642",33,40
2005,"31644",143,151
2005,"31645",73,44
2005,"31646",17,24
2005,"31649",60,38
2005,"31650",40,37
2005,"31651",112,96
2005,"31652",9,20
2005,"31653",27,33
2005,"31654",74,72
2005,"31655",355,208
2005,"31658",10,5
2005,"31701",60,52
2005,"31702",135,134
2005,"31703",281,211
2005,"31704",630,499
2005,"31706",83,62
2005,"31707",92,80
2005,"31709",136,147
2005,"31710",393,406
2005,"31711",61,68
2005,"31712",249,300
2005,"31713",146,158
2005,"31714",60,39
2005,"31715",179,162
2005,"31716",528,558
2005,"31717",1323,1294
2005,"31718",116,105
2005,"31719",801,569
2005,"31723",429,304
2005,"31725",416,400
2005,"31726",92,86
2005,"31801",9,15
2005,"31802",67,102
2005,"31803",131,234
2005,"31804",88,42
2005,"31805",20,20
2005,"31806",5,13
2005,"31807",28,65
2005,"31808",78,69
2005,"31809",39,55
2005,"31810",262,281
2005,"31811",118,152
2005,"31812",86,85
2005,"31813",116,105
2005,"31814",117,170
2005,"31815",27,28
2005,"31817",72,68
2005,"31818",734,617
2005,"31820",9,15
2005,"31821",104,140
2005,"31823",88,106
2005,"31825",19,20
2005,"31826",70,77
2005,"31827",11,11
2005,"31829",153,398
2005,"31830",19,17
2005,"31831",126,108
2005,"31832",119,63
2005,"31833",40,30
2005,"31834",17,25
2005,"31835",129,115
2005,"31836",9,31
2005,"31837",48,59
2005,"31838",38,40
2005,"31839",598,565
2005,"31840",65,42
2005,"31841",15,18
2005,"31842",8,16
2005,"31843",53,50
2005,"31844",64,64
2005,"31845",46,29
2005,"31846",155,170
2005,"31847",62,52
2005,"31848",23,39
2005,"31849",40,29
2005,"31901",134,127
2005,"31902",63,67
2005,"31903",220,192
2005,"31904",65,57
2005,"31905",199,157
2005,"31906",92,149
2005,"31907",39,37
2005,"31909",81,74
2005,"31910",59,33
2005,"31911",30,29
2005,"31912",440,320
2005,"31913",72,63
2005,"31915",75,59
2005,"31916",61,62
2005,"31917",35,52
2005,"31918",115,129
2005,"31919",127,100
2005,"31920",9,16
2005,"31921",157,110
2005,"31922",79,64
2005,"31923",21,41
2005,"31925",40,36
2005,"31926",352,292
2005,"31927",67,61
2005,"31928",58,58
2005,"31929",198,206
2005,"31930",62,88
2005,"31932",97,84
2005,"31934",148,146
2005,"31935",85,83
2005,"31938",30,43
2005,"31939",4,10
2005,"31940",98,77
2005,"31941",45,72
2005,"31943",218,238
2005,"31945",33,50
2005,"31946",47,51
2005,"31947",288,260
2005,"31948",123,110
2005,"31949",237,196
2005,"31950",165,143
2005,"31951",413,256
2005,"31952",655,357
2005,"31953",129,115
2005,"31954",75,58
2005,"32001",85,106
2005,"32002",50,122
2005,"32003",87,90
2005,"32004",40,48
2005,"32005",36,42
2005,"32006",55,63
2005,"32007",31,47
2005,"32008",184,145
2005,"32009",37,53
2005,"32010",26,20
2005,"32011",31,38
2005,"32012",32,26
2005,"32013",120,164
2005,"32014",54,94
2005,"32015",17,32
2005,"32016",228,167
2005,"32017",132,87
2005,"32018",44,26
2005,"32101",59,59
2005,"32104",130,107
2005,"32106",67,52
2005,"32107",129,112
2005,"32109",24,20
2005,"32110",113,82
2005,"32112",120,129
2005,"32114",128,98
2005,"32115",65,49
2005,"32116",89,111
2005,"32119",89,86
2005,"32120",101,75
2005,"32131",294,279
2005,"32132",66,69
2005,"32134",163,88
2005,"32135",604,567
2005,"32139",41,42
2005,"32140",132,60
2005,"32141",160,127
2005,"32142",387,289
2005,"32143",56,37
2005,"32144",1044,774
2005,"32202",48,49
2005,"32203",42,35
2005,"32206",25,34
2005,"32207",98,138
2005,"32209",45,51
2005,"32210",16,34
2005,"32212",32,27
2005,"32214",26,26
2005,"32216",107,79
2005,"32217",45,49
2005,"32219",68,49
2005,"32220",222,183
2005,"32221",16,13
2005,"32222",9,11
2005,"32223",34,35
2005,"32301",171,130
2005,"32302",27,17
2005,"32304",201,152
2005,"32305",247,205
2005,"32306",143,102
2005,"32307",229,217
2005,"32308",94,105
2005,"32309",28,31
2005,"32310",44,43
2005,"32311",32,55
2005,"32312",40,14
2005,"32313",143,105
2005,"32314",52,60
2005,"32315",58,48
2005,"32316",185,150
2005,"32317",11,15
2005,"32318",192,142
2005,"32319",162,161
2005,"32320",108,70
2005,"32321",21,18
2005,"32322",25,23
2005,"32323",117,109
2005,"32324",11,10
2005,"32325",69,92
2005,"32326",21,15
2005,"32327",237,204
2005,"32330",228,158
2005,"32331",63,66
2005,"32332",125,123
2005,"32333",38,32
2005,"32334",72,36
2005,"32335",37,30
2005,"32336",106,139
2005,"32337",217,240
2005,"32338",74,67
2005,"32501",71,72
2005,"32502",18,39
2005,"32503",4,8
2005,"32504",34,24
2005,"32505",48,47
2005,"32506",12,24
2005,"32508",71,74
2005,"32509",19,44
2005,"32511",7,16
2005,"32514",11,9
2005,"32515",26,22
2005,"32516",15,28
2005,"32517",40,28
2005,"32518",19,40
2005,"32519",7,20
2005,"32520",33,36
2005,"32521",20,30
2005,"32522",33,61
2005,"32523",10,11
2005,"32524",54,51
2005,"32525",44,58
2005,"32528",17,21
2005,"32529",44,39
2005,"32530",270,222
2005,"40101",7255,7263
2005,"40201",1425,1671
2005,"40301",2382,2422
2005,"40401",159,173
2005,"40402",85,83
2005,"40403",14,18
2005,"40404",580,581
2005,"40405",113,128
2005,"40406",85,90
2005,"40407",46,37
2005,"40408",88,110
2005,"40409",67,105
2005,"40410",36,45
2005,"40411",10,11
2005,"40412",51,21
2005,"40413",156,169
2005,"40414",64,56
2005,"40415",29,43
2005,"40416",31,45
2005,"40417",32,23
2005,"40418",131,205
2005,"40419",71,65
2005,"40420",52,25
2005,"40421",317,250
2005,"40422",112,130
2005,"40423",32,29
2005,"40424",35,43
2005,"40425",78,61
2005,"40426",151,104
2005,"40427",60,80
2005,"40428",131,77
2005,"40429",27,32
2005,"40430",31,22
2005,"40431",51,37
2005,"40432",50,52
2005,"40433",17,30
2005,"40434",33,31
2005,"40435",14,22
2005,"40436",36,38
2005,"40437",120,132
2005,"40438",102,83
2005,"40439",6,15
2005,"40440",14,7
2005,"40441",139,203
2005,"40442",21,18
2005,"40443",41,38
2005,"40444",16,13
2005,"40445",20,15
2005,"40446",18,27
2005,"40501",207,193
2005,"40502",92,86
2005,"40503",290,261
2005,"40504",102,100
2005,"40505",20,25
2005,"40506",105,132
2005,"40507",87,95
2005,"40508",94,102
2005,"40509",100,55
2005,"40510",78,67
2005,"40511",125,173
2005,"40512",29,52
2005,"40601",335,341
2005,"40602",60,57
2005,"40603",46,50
2005,"40604",94,104
2005,"40605",14,25
2005,"40606",7,11
2005,"40607",84,93
2005,"40608",48,69
2005,"40609",97,95
2005,"40610",26,30
2005,"40611",23,40
2005,"40612",70,121
2005,"40613",20,26
2005,"40614",194,150
2005,"40615",78,75
2005,"40616",34,38
2005,"40617",19,33
2005,"40618",82,78
2005,"40619",35,45
2005,"40620",73,80
2005,"40621",39,49
2005,"40622",84,74
2005,"40623",34,42
2005,"40624",129,131
2005,"40625",32,31
2005,"40626",37,89
2005,"40627",74,84
2005,"40701",325,361
2005,"40702",161,146
2005,"40703",447,439
2005,"40704",191,195
2005,"40705",670,711
2005,"40706",46,70
2005,"40707",69,68
2005,"40708",103,115
2005,"40709",24,48
2005,"40710",72,85
2005,"40711",418,343
2005,"40712",17,21
2005,"40713",201,169
2005,"40714",150,143
2005,"40715",61,76
2005,"40716",26,40
2005,"40717",62,96
2005,"40718",90,111
2005,"40719",176,153
2005,"40720",219,232
2005,"40801",15,24
2005,"40802",179,237
2005,"40804",24,25
2005,"40805",218,227
2005,"40806",168,137
2005,"40807",46,45
2005,"40808",345,281
2005,"40809",74,87
2005,"40810",15,26
2005,"40811",37,70
2005,"40812",76,74
2005,"40813",43,42
2005,"40814",37,43
2005,"40815",38,29
2005,"40816",43,57
2005,"40817",23,36
2005,"40818",94,89
2005,"40820",3,14
2005,"40821",23,29
2005,"40822",78,57
2005,"40823",16,31
2005,"40824",38,49
2005,"40825",96,45
2005,"40826",12,10
2005,"40827",129,156
2005,"40828",9,32
2005,"40829",89,83
2005,"40830",26,26
2005,"40831",123,109
2005,"40832",99,113
2005,"40833",40,40
2005,"40834",7,15
2005,"40835",140,108
2005,"40901",27,24
2005,"40902",202,205
2005,"40903",24,26
2005,"40904",82,65
2005,"40905",254,300
2005,"40906",52,41
2005,"40907",214,225
2005,"40908",301,261
2005,"40909",96,131
2005,"40910",76,77
2005,"40911",18,16
2005,"40912",123,164
2005,"40913",117,93
2005,"40914",42,40
2005,"40915",82,76
2005,"40916",17,41
2005,"40917",131,150
2005,"40918",47,77
2005,"40919",28,14
2005,"40920",62,62
2005,"40921",37,23
2005,"40922",90,128
2005,"40923",123,83
2005,"41001",32,42
2005,"41002",851,802
2005,"41003",383,403
2005,"41004",19,37
2005,"41005",554,599
2005,"41006",59,52
2005,"41007",250,254
2005,"41008",80,65
2005,"41009",152,111
2005,"41010",119,92
2005,"41011",134,130
2005,"41012",1584,1328
2005,"41013",264,245
2005,"41014",234,245
2005,"41015",68,113
2005,"41016",60,84
2005,"41017",379,362
2005,"41018",81,77
2005,"41019",135,139
2005,"41020",170,195
2005,"41021",1126,1327
2005,"41022",225,217
2005,"41101",38,40
2005,"41102",48,51
2005,"41103",62,67
2005,"41104",12,37
2005,"41105",110,122
2005,"41106",112,106
2005,"41107",49,21
2005,"41108",351,565
2005,"41109",131,176
2005,"41110",140,155
2005,"41111",233,240
2005,"41112",34,72
2005,"41113",37,50
2005,"41114",98,141
2005,"41115",53,64
2005,"41116",319,291
2005,"41117",49,34
2005,"41118",150,134
2005,"41119",18,45
2005,"41120",151,152
2005,"41121",102,220
2005,"41122",13,28
2005,"41123",64,63
2005,"41124",206,209
2005,"41125",60,140
2005,"41126",59,47
2005,"41201",22,29
2005,"41202",47,34
2005,"41203",202,146
2005,"41204",67,85
2005,"41205",41,35
2005,"41206",22,18
2005,"41207",42,48
2005,"41208",39,54
2005,"41209",69,64
2005,"41210",22,27
2005,"41211",9,18
2005,"41212",25,28
2005,"41213",61,56
2005,"41214",97,86
2005,"41215",52,48
2005,"41216",6,7
2005,"41217",22,12
2005,"41218",63,76
2005,"41219",76,103
2005,"41220",52,61
2005,"41221",20,40
2005,"41222",18,23
2005,"41223",31,35
2005,"41224",59,84
2005,"41225",638,625
2005,"41226",23,23
2005,"41227",17,22
2005,"41228",82,76
2005,"41229",29,24
2005,"41230",26,29
2005,"41231",79,94
2005,"41232",65,43
2005,"41233",72,79
2005,"41234",58,73
2005,"41235",22,23
2005,"41236",18,37
2005,"41304",55,83
2005,"41305",26,23
2005,"41306",8,10
2005,"41307",8,9
2005,"41309",87,67
2005,"41311",3,12
2005,"41312",36,47
2005,"41313",18,38
2005,"41314",30,41
2005,"41315",32,26
2005,"41316",46,36
2005,"41317",21,37
2005,"41318",78,67
2005,"41319",22,17
2005,"41320",6,16
2005,"41321",69,123
2005,"41322",28,26
2005,"41323",41,57
2005,"41324",42,57
2005,"41325",47,53
2005,"41326",32,51
2005,"41327",39,28
2005,"41328",60,84
2005,"41329",24,35
2005,"41331",14,31
2005,"41332",79,102
2005,"41333",22,27
2005,"41334",20,38
2005,"41336",44,30
2005,"41337",33,22
2005,"41338",45,57
2005,"41341",19,16
2005,"41342",73,81
2005,"41343",105,109
2005,"41344",212,180
2005,"41345",42,49
2005,"41346",17,45
2005,"41401",12,31
2005,"41402",161,133
2005,"41403",92,90
2005,"41404",31,55
2005,"41405",23,26
2005,"41406",20,34
2005,"41407",46,50
2005,"41408",67,40
2005,"41409",34,54
2005,"41410",26,34
2005,"41411",59,61
2005,"41412",5,18
2005,"41413",53,86
2005,"41414",88,77
2005,"41415",28,39
2005,"41416",79,95
2005,"41417",40,41
2005,"41418",158,135
2005,"41419",40,52
2005,"41420",26,31
2005,"41421",20,42
2005,"41422",299,307
2005,"41423",46,58
2005,"41424",37,40
2005,"41425",155,150
2005,"41426",80,98
2005,"41427",78,114
2005,"41428",25,30
2005,"41429",32,48
2005,"41430",68,82
2005,"41501",55,69
2005,"41502",76,65
2005,"41503",261,185
2005,"41504",135,145
2005,"41505",36,37
2005,"41506",350,301
2005,"41507",39,71
2005,"41508",48,58
2005,"41509",52,57
2005,"41510",25,41
2005,"41511",81,96
2005,"41512",34,59
2005,"41513",38,52
2005,"41514",156,139
2005,"41515",39,35
2005,"41516",446,321
2005,"41517",108,101
2005,"41518",61,60
2005,"41521",127,108
2005,"41522",111,150
2005,"41601",144,99
2005,"41602",126,144
2005,"41603",110,93
2005,"41604",62,45
2005,"41605",439,296
2005,"41606",173,136
2005,"41607",265,275
2005,"41608",25,22
2005,"41609",138,220
2005,"41610",22,25
2005,"41611",82,77
2005,"41612",59,76
2005,"41613",93,87
2005,"41614",100,67
2005,"41615",79,80
2005,"41616",16,15
2005,"41617",199,167
2005,"41618",176,187
2005,"41619",54,40
2005,"41620",48,39
2005,"41621",56,48
2005,"41622",31,35
2005,"41623",24,20
2005,"41624",228,223
2005,"41626",262,214
2005,"41627",62,106
2005,"41628",51,71
2005,"41701",131,132
2005,"41702",118,74
2005,"41703",452,513
2005,"41704",33,43
2005,"41705",52,59
2005,"41706",39,55
2005,"41707",40,52
2005,"41708",32,25
2005,"41709",105,154
2005,"41710",143,142
2005,"41711",98,106
2005,"41712",36,29
2005,"41713",273,233
2005,"41714",24,33
2005,"41715",213,225
2005,"41716",91,98
2005,"41717",13,29
2005,"41718",34,42
2005,"41719",90,44
2005,"41720",61,53
2005,"41721",36,31
2005,"41722",163,147
2005,"41723",55,62
2005,"41724",18,13
2005,"41725",13,23
2005,"41726",85,75
2005,"41727",34,32
2005,"41728",10,13
2005,"41729",19,10
2005,"41730",71,37
2005,"41731",305,252
2005,"41732",69,59
2005,"41733",8,2
2005,"41734",196,1758
2005,"41735",127,116
2005,"41736",36,52
2005,"41737",166,167
2005,"41738",257,236
2005,"41739",225,208
2005,"41740",45,25
2005,"41741",83,136
2005,"41742",170,131
2005,"41743",322,428
2005,"41744",57,49
2005,"41745",69,70
2005,"41746",771,633
2005,"41747",177,162
2005,"41748",23,21
2005,"41749",45,40
2005,"41750",99,115
2005,"41751",63,84
2005,"41752",36,40
2005,"41801",23,13
2005,"41802",23,38
2005,"41803",90,113
2005,"41804",130,172
2005,"41805",70,49
2005,"41806",96,102
2005,"41807",47,43
2005,"41808",196,165
2005,"41809",58,38
2005,"41810",138,96
2005,"41811",235,250
2005,"41812",518,520
2005,"41813",44,24
2005,"41814",74,50
2005,"41815",19,25
2005,"41816",91,137
2005,"41817",93,96
2005,"41818",94,46
2005,"41819",53,76
2005,"41820",230,261
2005,"41821",80,50
2005,"41822",53,66
2005,"41823",369,300
2005,"41824",205,213
2005,"50101",4708,4488
2005,"50201",122,194
2005,"50202",109,124
2005,"50203",30,44
2005,"50204",129,119
2005,"50205",808,751
2005,"50206",20,14
2005,"50207",199,181
2005,"50208",231,195
2005,"50209",224,204
2005,"50210",14,31
2005,"50211",47,57
2005,"50212",26,27
2005,"50213",109,75
2005,"50301",199,217
2005,"50302",126,110
2005,"50303",243,239
2005,"50304",45,36
2005,"50305",150,180
2005,"50306",43,45
2005,"50307",48,52
2005,"50308",130,115
2005,"50309",233,305
2005,"50310",252,283
2005,"50311",80,62
2005,"50312",64,79
2005,"50313",19,32
2005,"50314",290,287
2005,"50315",79,108
2005,"50316",172,153
2005,"50317",156,214
2005,"50318",13,5
2005,"50319",171,167
2005,"50320",90,106
2005,"50321",118,121
2005,"50322",142,126
2005,"50323",102,111
2005,"50324",325,298
2005,"50325",62,71
2005,"50326",276,283
2005,"50327",170,137
2005,"50328",67,64
2005,"50329",79,90
2005,"50330",185,165
2005,"50331",35,27
2005,"50332",73,64
2005,"50335",259,262
2005,"50336",132,152
2005,"50337",185,180
2005,"50338",403,521
2005,"50339",356,350
2005,"50401",123,156
2005,"50402",195,242
2005,"50403",170,268
2005,"50404",292,357
2005,"50405",54,59
2005,"50406",80,89
2005,"50407",53,25
2005,"50408",59,80
2005,"50409",14,15
2005,"50410",109,73
2005,"50411",71,82
2005,"50412",44,65
2005,"50413",12,29
2005,"50414",26,33
2005,"50415",30,55
2005,"50416",102,74
2005,"50417",163,175
2005,"50418",413,387
2005,"50419",28,39
2005,"50420",166,176
2005,"50421",138,155
2005,"50422",34,31
2005,"50423",83,89
2005,"50424",114,153
2005,"50425",22,36
2005,"50501",9,9
2005,"50502",8,5
2005,"50503",70,84
2005,"50504",55,73
2005,"50505",5,24
2005,"50506",64,91
2005,"50507",13,30
2005,"50508",18,20
2005,"50509",88,130
2005,"50510",147,176
2005,"50511",9,4
2005,"50512",28,34
2005,"50513",8,17
2005,"50514",3,8
2005,"50515",16,19
2005,"50601",92,87
2005,"50602",144,140
2005,"50603",13,18
2005,"50604",19,23
2005,"50605",32,32
2005,"50606",84,117
2005,"50607",9,23
2005,"50608",44,70
2005,"50609",55,75
2005,"50610",73,47
2005,"50611",141,116
2005,"50612",49,62
2005,"50613",110,185
2005,"50614",66,61
2005,"50615",68,85
2005,"50616",91,110
2005,"50617",42,46
2005,"50618",79,113
2005,"50619",423,407
2005,"50620",20,38
2005,"50621",62,59
2005,"50622",83,127
2005,"50623",38,49
2005,"50624",119,89
2005,"50625",28,21
2005,"50626",37,46
2005,"50627",13,6
2005,"50628",342,409
2005,"60101",9574,8524
2005,"60305",160,181
2005,"60318",215,168
2005,"60323",66,87
2005,"60324",99,117
2005,"60326",44,50
2005,"60329",98,64
2005,"60341",70,59
2005,"60344",510,465
2005,"60345",233,275
2005,"60346",155,181
2005,"60347",123,146
2005,"60348",136,121
2005,"60349",163,199
2005,"60350",334,292
2005,"60351",186,203
2005,"60608",384,372
2005,"60611",210,145
2005,"60613",432,337
2005,"60617",219,205
2005,"60618",62,52
2005,"60619",145,133
2005,"60623",100,77
2005,"60624",423,312
2005,"60626",135,90
2005,"60628",187,134
2005,"60629",248,204
2005,"60632",107,114
2005,"60639",52,48
2005,"60641",38,47
2005,"60642",108,72
2005,"60645",134,141
2005,"60646",168,123
2005,"60647",27,19
2005,"60648",116,113
2005,"60651",52,71
2005,"60653",228,155
2005,"60654",101,96
2005,"60655",109,110
2005,"60656",82,66
2005,"60659",172,220
2005,"60660",171,112
2005,"60661",185,198
2005,"60662",244,210
2005,"60663",178,186
2005,"60664",432,474
2005,"60665",304,266
2005,"60666",97,105
2005,"60667",235,216
2005,"60668",115,120
2005,"60669",561,458
2005,"60670",421,302
2005,"61001",62,48
2005,"61002",78,38
2005,"61007",62,53
2005,"61008",78,44
2005,"61012",171,117
2005,"61013",84,88
2005,"61016",66,76
2005,"61017",57,54
2005,"61019",46,39
2005,"61020",68,73
2005,"61021",86,84
2005,"61024",78,93
2005,"61027",65,86
2005,"61030",102,90
2005,"61032",69,65
2005,"61033",113,80
2005,"61043",158,165
2005,"61045",322,303
2005,"61049",138,107
2005,"61050",127,122
2005,"61051",128,116
2005,"61052",118,92
2005,"61053",647,624
2005,"61054",93,111
2005,"61055",63,58
2005,"61057",46,53
2005,"61059",266,201
2005,"61060",92,151
2005,"61061",271,289
2005,"61101",132,146
2005,"61105",34,54
2005,"61106",65,69
2005,"61107",38,47
2005,"61108",1045,1107
2005,"61109",73,71
2005,"61110",103,125
2005,"61111",72,45
2005,"61112",5,24
2005,"61113",145,153
2005,"61114",142,129
2005,"61115",77,90
2005,"61116",84,39
2005,"61118",47,68
2005,"61119",30,30
2005,"61120",326,386
2005,"61203",83,82
2005,"61204",68,71
2005,"61205",35,27
2005,"61206",39,55
2005,"61207",179,150
2005,"61213",152,94
2005,"61215",35,43
2005,"61217",80,88
2005,"61222",90,72
2005,"61236",36,71
2005,"61243",80,104
2005,"61247",112,108
2005,"61251",7,16
2005,"61252",41,34
2005,"61253",130,135
2005,"61254",36,41
2005,"61255",119,144
2005,"61256",43,44
2005,"61257",120,131
2005,"61258",39,76
2005,"61259",344,320
2005,"61260",54,50
2005,"61261",49,62
2005,"61262",59,54
2005,"61263",157,192
2005,"61264",73,82
2005,"61265",169,239
2005,"61266",31,45
2005,"61267",122,164
2005,"61410",18,25
2005,"61413",21,21
2005,"61425",51,81
2005,"61428",21,33
2005,"61437",8,34
2005,"61438",102,148
2005,"61439",130,113
2005,"61440",63,54
2005,"61441",19,33
2005,"61442",46,56
2005,"61443",47,48
2005,"61444",64,73
2005,"61445",57,66
2005,"61446",62,75
2005,"61611",118,114
2005,"61612",93,90
2005,"61615",92,116
2005,"61618",130,101
2005,"61621",34,43
2005,"61624",79,99
2005,"61625",456,433
2005,"61626",317,267
2005,"61627",88,66
2005,"61628",63,68
2005,"61629",29,62
2005,"61630",61,85
2005,"61631",433,559
2005,"61632",169,187
2005,"61633",180,119
2005,"61701",72,51
2005,"61708",33,60
2005,"61710",37,20
2005,"61711",10,19
2005,"61716",90,95
2005,"61719",75,63
2005,"61727",141,90
2005,"61728",12,20
2005,"61729",84,92
2005,"61730",76,63
2005,"61731",35,42
2005,"61740",44,68
2005,"61741",36,29
2005,"61743",14,12
2005,"61744",7,19
2005,"61745",26,37
2005,"61746",123,87
2005,"61748",112,124
2005,"61750",29,53
2005,"61751",74,88
2005,"61756",72,128
2005,"61757",87,86
2005,"61758",51,51
2005,"61759",61,48
2005,"61760",468,449
2005,"61761",32,46
2005,"61762",68,95
2005,"61763",109,132
2005,"61764",84,101
2005,"61765",182,171
2005,"61766",427,401
2005,"62007",300,319
2005,"62008",19,45
2005,"62010",13,34
2005,"62014",95,58
2005,"62021",3,7
2005,"62026",19,31
2005,"62032",45,44
2005,"62034",59,40
2005,"62036",39,47
2005,"62038",332,480
2005,"62039",72,57
2005,"62040",489,567
2005,"62041",555,654
2005,"62042",62,84
2005,"62043",104,112
2005,"62044",76,96
2005,"62045",103,73
2005,"62046",76,125
2005,"62047",286,197
2005,"62048",178,162
2005,"62105",46,67
2005,"62115",165,144
2005,"62116",102,126
2005,"62125",77,82
2005,"62128",125,142
2005,"62131",61,118
2005,"62132",43,47
2005,"62135",79,114
2005,"62138",124,218
2005,"62139",775,754
2005,"62140",1076,1074
2005,"62141",333,249
2005,"62142",64,120
2005,"62143",330,334
2005,"62144",101,212
2005,"62145",179,209
2005,"62146",168,127
2005,"62147",64,110
2005,"62148",69,82
2005,"62202",54,44
2005,"62205",60,82
2005,"62206",39,43
2005,"62209",37,27
2005,"62211",72,64
2005,"62214",93,104
2005,"62216",43,35
2005,"62219",274,254
2005,"62220",102,117
2005,"62226",53,97
2005,"62232",47,45
2005,"62233",96,89
2005,"62235",40,56
2005,"62242",7,25
2005,"62244",145,135
2005,"62245",17,28
2005,"62247",45,47
2005,"62252",61,58
2005,"62256",86,90
2005,"62262",17,58
2005,"62264",86,85
2005,"62265",39,45
2005,"62266",92,69
2005,"62267",292,316
2005,"62268",85,96
2005,"62269",86,93
2005,"62270",63,52
2005,"62271",103,100
2005,"62272",96,101
2005,"62273",72,67
2005,"62274",113,109
2005,"62275",107,195
2005,"62276",75,70
2005,"62277",56,67
2005,"62278",51,104
2005,"62279",42,84
2005,"62311",40,46
2005,"62314",21,34
2005,"62326",56,42
2005,"62330",56,48
2005,"62332",28,27
2005,"62335",22,57
2005,"62343",36,23
2005,"62368",29,36
2005,"62372",44,22
2005,"62375",182,182
2005,"62376",123,90
2005,"62377",43,55
2005,"62378",216,311
2005,"62379",557,490
2005,"62380",156,163
2005,"62381",104,100
2005,"62382",136,117
2005,"62383",111,128
2005,"62384",90,84
2005,"62385",106,81
2005,"62386",144,175
2005,"62387",43,45
2005,"62388",56,97
2005,"62389",98,90
2005,"62390",99,137
2005,"70101",4422,4162
2005,"70201",84,105
2005,"70202",132,113
2005,"70203",436,357
2005,"70204",10,12
2005,"70205",32,20
2005,"70206",15,18
2005,"70207",24,26
2005,"70208",111,78
2005,"70209",173,127
2005,"70210",14,20
2005,"70211",84,125
2005,"70212",66,60
2005,"70213",97,54
2005,"70214",68,92
2005,"70215",81,85
2005,"70216",45,67
2005,"70217",23,34
2005,"70218",66,66
2005,"70219",101,92
2005,"70220",105,149
2005,"70221",72,60
2005,"70222",68,108
2005,"70223",61,68
2005,"70224",47,43
2005,"70301",188,262
2005,"70302",111,157
2005,"70303",101,90
2005,"70304",217,247
2005,"70305",48,45
2005,"70306",83,63
2005,"70307",35,37
2005,"70308",65,53
2005,"70309",77,83
2005,"70310",166,174
2005,"70311",24,16
2005,"70312",238,294
2005,"70313",29,26
2005,"70314",24,19
2005,"70315",35,51
2005,"70317",13,19
2005,"70318",78,50
2005,"70319",131,130
2005,"70320",104,165
2005,"70322",59,49
2005,"70323",26,24
2005,"70325",39,57
2005,"70326",67,85
2005,"70328",71,86
2005,"70329",149,151
2005,"70331",77,67
2005,"70332",79,78
2005,"70333",45,51
2005,"70334",148,175
2005,"70335",79,63
2005,"70336",4,7
2005,"70337",92,97
2005,"70338",40,17
2005,"70339",58,56
2005,"70340",54,94
2005,"70342",72,27
2005,"70343",48,38
2005,"70344",61,43
2005,"70345",83,66
2005,"70346",518,414
2005,"70347",5,12
2005,"70348",93,64
2005,"70349",16,13
2005,"70350",63,78
2005,"70351",101,147
2005,"70352",26,47
2005,"70353",101,70
2005,"70354",851,589
2005,"70355",115,141
2005,"70356",39,39
2005,"70357",662,479
2005,"70358",162,149
2005,"70359",32,33
2005,"70360",76,50
2005,"70361",27,5
2005,"70362",21,9
2005,"70364",300,408
2005,"70365",224,294
2005,"70366",9,17
2005,"70367",381,287
2005,"70368",28,23
2005,"70369",467,285
2005,"70370",91,141
2005,"70401",19,60
2005,"70402",67,85
2005,"70403",238,292
2005,"70404",72,81
2005,"70405",21,20
2005,"70406",135,124
2005,"70407",48,33
2005,"70408",88,55
2005,"70409",155,200
2005,"70410",126,136
2005,"70411",220,257
2005,"70412",123,158
2005,"70413",96,77
2005,"70414",64,59
2005,"70415",15,28
2005,"70416",306,277
2005,"70417",35,40
2005,"70418",15,25
2005,"70419",41,45
2005,"70420",55,77
2005,"70501",30,39
2005,"70502",47,60
2005,"70503",129,102
2005,"70504",23,30
2005,"70505",74,102
2005,"70506",114,148
2005,"70508",179,207
2005,"70509",65,92
2005,"70510",31,53
2005,"70511",275,248
2005,"70512",166,161
2005,"70513",693,508
2005,"70514",129,138
2005,"70515",130,159
2005,"70516",9,6
2005,"70517",107,102
2005,"70518",81,79
2005,"70519",6,15
2005,"70520",118,105
2005,"70521",37,45
2005,"70522",112,123
2005,"70523",5,6
2005,"70524",40,50
2005,"70525",73,83
2005,"70526",77,89
2005,"70527",51,60
2005,"70528",58,78
2005,"70529",37,66
2005,"70530",56,87
2005,"70531",566,512
2005,"70601",39,19
2005,"70602",0,1
2005,"70603",28,40
2005,"70604",90,130
2005,"70605",17,37
2005,"70606",11,19
2005,"70607",46,70
2005,"70608",58,78
2005,"70609",47,52
2005,"70610",2,9
2005,"70611",15,19
2005,"70612",15,18
2005,"70613",22,27
2005,"70614",311,352
2005,"70615",33,54
2005,"70616",33,37
2005,"70617",39,48
2005,"70618",27,45
2005,"70619",140,125
2005,"70620",62,69
2005,"70621",61,69
2005,"70622",50,30
2005,"70623",32,21
2005,"70624",36,51
2005,"70625",3,2
2005,"70626",25,25
2005,"70627",24,31
2005,"70628",16,22
2005,"70629",25,22
2005,"70630",92,163
2005,"70701",10,9
2005,"70702",13,29
2005,"70703",17,8
2005,"70704",20,23
2005,"70705",31,56
2005,"70706",9,25
2005,"70707",88,109
2005,"70708",56,23
2005,"70709",2,11
2005,"70710",15,14
2005,"70711",37,19
2005,"70712",21,25
2005,"70713",10,15
2005,"70714",17,12
2005,"70715",17,35
2005,"70716",489,441
2005,"70717",114,76
2005,"70718",22,23
2005,"70719",119,106
2005,"70720",24,50
2005,"70721",12,16
2005,"70723",22,26
2005,"70724",9,27
2005,"70725",4,13
2005,"70726",10,18
2005,"70727",8,17
2005,"70728",43,36
2005,"70729",15,23
2005,"70731",13,23
2005,"70732",32,39
2005,"70733",3,8
2005,"70734",32,41
2005,"70735",14,16
2005,"70801",24,28
2005,"70802",10,22
2005,"70803",11,23
2005,"70804",34,44
2005,"70805",62,83
2005,"70806",51,29
2005,"70807",75,88
2005,"70808",32,28
2005,"70809",9,11
2005,"70810",11,4
2005,"70811",19,22
2005,"70812",1,0
2005,"70813",9,32
2005,"70814",10,21
2005,"70815",2,3
2005,"70816",90,75
2005,"70817",16,17
2005,"70818",4,8
2005,"70819",2,5
2005,"70820",93,108
2005,"70821",19,29
2005,"70822",8,11
2005,"70823",1,1
2005,"70824",9,16
2005,"70825",1,0
2005,"70826",67,69
2005,"70827",10,6
2005,"70828",272,285
2005,"70829",9,15
2005,"70830",15,12
2005,"70831",17,20
2005,"70832",39,31
2005,"70833",79,134
2005,"70834",6,9
2005,"70835",41,71
2005,"70836",40,44
2005,"70837",0,2
2005,"70901",66,64
2005,"70902",49,61
2005,"70903",8,5
2005,"70904",53,41
2005,"70905",104,148
2005,"70907",110,107
2005,"70908",70,51
2005,"70909",225,175
2005,"70910",78,53
2005,"70911",17,19
2005,"70912",11,24
2005,"70913",19,10
2005,"70914",13,28
2005,"70915",68,44
2005,"70916",30,58
2005,"70917",263,275
2005,"70918",53,58
2005,"70920",116,216
2005,"70921",53,33
2005,"70922",40,50
2005,"70923",38,69
2005,"70924",23,19
2005,"70925",76,57
2005,"70926",546,490
2005,"70927",65,49
2005,"70928",78,90
2005,"70929",7,8
2005,"70930",49,36
2005,"70931",44,76
2005,"70932",25,20
2005,"70933",78,87
2005,"70934",51,62
2005,"70935",51,60
2005,"70936",251,209
2005,"70937",70,85
2005,"70938",58,54
2005,"70939",97,110
2005,"70940",82,75
2005,"70941",18,17
2005,"80101",94,102
2005,"80102",21,21
2005,"80103",730,965
2005,"80104",159,175
2005,"80105",27,38
2005,"80106",225,183
2005,"80107",36,50
2005,"80108",56,82
2005,"80109",8,13
2005,"80110",52,53
2005,"80111",82,61
2005,"80112",26,34
2005,"80113",94,91
2005,"80114",24,23
2005,"80115",185,162
2005,"80116",351,405
2005,"80117",400,254
2005,"80118",25,29
2005,"80119",51,31
2005,"80120",74,93
2005,"80121",8,16
2005,"80122",220,193
2005,"80123",19,22
2005,"80124",10,40
2005,"80125",10,16
2005,"80126",149,145
2005,"80127",22,38
2005,"80128",94,155
2005,"80129",133,177
2005,"80201",94,112
2005,"80202",85,92
2005,"80203",31,39
2005,"80204",102,82
2005,"80205",42,35
2005,"80206",20,30
2005,"80207",1501,1516
2005,"80208",18,19
2005,"80209",3,4
2005,"80210",29,37
2005,"80211",110,98
2005,"80212",5,10
2005,"80213",275,274
2005,"80214",97,91
2005,"80215",639,607
2005,"80216",72,89
2005,"80217",343,323
2005,"80218",266,257
2005,"80219",60,79
2005,"80220",110,127
2005,"80221",39,49
2005,"80222",27,54
2005,"80223",33,55
2005,"80224",649,554
2005,"80225",52,73
2005,"80226",323,346
2005,"80227",36,57
2005,"80228",49,81
2005,"80229",2,14
2005,"80230",31,53
2005,"80231",32,36
2005,"80232",10,18
2005,"80233",9,23
2005,"80234",6,3
2005,"80235",204,170
2005,"80236",63,59
2005,"80237",6,15
2005,"80238",55,32
2005,"80239",8,8
2005,"80240",451,486
2005,"80301",1567,1608
2005,"80302",761,692
2005,"80303",639,764
2005,"80401",306,342
2005,"80402",18,10
2005,"80403",5,6
2005,"80404",1487,1451
2005,"80405",350,399
2005,"80406",11,36
2005,"80407",137,159
2005,"80408",627,542
2005,"80409",171,161
2005,"80410",210,163
2005,"80411",35,31
2005,"80412",214,148
2005,"80413",116,140
2005,"80414",656,607
2005,"80415",21,17
2005,"80416",100,125
2005,"80417",114,116
2005,"80418",116,144
2005,"80419",17,21
2005,"80420",201,136
2005,"80421",7,28
2005,"80422",9,7
2005,"80423",140,127
2005,"80424",203,231
2005,"90101",1064,1172
2005,"90201",7338,8030
2005,"90301",6589,7399
2005,"90401",2514,2540
2005,"90501",5353,5770
2005,"90601",3031,3096
2005,"90701",3243,2903
2005,"90801",2673,3828
2005,"90901",4329,4993
2005,"91001",11760,10777
2005,"91101",5505,6319
2005,"91201",7102,7645
2005,"91301",3077,2963
2005,"91401",6234,5948
2005,"91501",7159,8113
2005,"91601",8657,8872
2005,"91701",5276,5167
2005,"91801",4107,4305
2005,"91901",4204,4030
2005,"92001",6602,7740
2005,"92101",8029,7275
2005,"92201",7635,6717
2005,"92301",5401,4506
2006,"10101",677,485
2006,"10201",55,44
2006,"10301",66,42
2006,"10302",68,50
2006,"10303",47,54
2006,"10304",117,111
2006,"10305",32,41
2006,"10306",11,18
2006,"10307",54,43
2006,"10308",55,65
2006,"10309",172,171
2006,"10310",51,48
2006,"10311",30,53
2006,"10312",89,46
2006,"10313",108,95
2006,"10314",28,36
2006,"10315",123,102
2006,"10316",120,72
2006,"10317",80,40
2006,"10318",47,38
2006,"10319",47,47
2006,"10320",13,17
2006,"10321",29,26
2006,"10322",54,44
2006,"10323",30,32
2006,"10401",32,27
2006,"10402",55,46
2006,"10403",28,26
2006,"10404",32,34
2006,"10405",160,168
2006,"10406",24,20
2006,"10407",17,37
2006,"10408",78,44
2006,"10409",17,19
2006,"10410",12,16
2006,"10411",60,32
2006,"10412",24,24
2006,"10413",32,54
2006,"10414",103,77
2006,"10415",55,112
2006,"10416",62,42
2006,"10417",82,104
2006,"10418",7,3
2006,"10419",20,11
2006,"10420",6,10
2006,"10421",16,13
2006,"10422",4,10
2006,"10423",1,1
2006,"10424",1,6
2006,"10425",9,12
2006,"10426",4,5
2006,"10427",26,21
2006,"10428",7,9
2006,"10501",53,71
2006,"10502",30,34
2006,"10503",56,38
2006,"10504",124,130
2006,"10505",29,35
2006,"10506",50,50
2006,"10507",33,26
2006,"10508",59,60
2006,"10509",67,65
2006,"10510",15,21
2006,"10511",19,27
2006,"10512",12,7
2006,"10601",41,30
2006,"10602",82,85
2006,"10603",40,47
2006,"10604",47,30
2006,"10605",55,58
2006,"10606",321,208
2006,"10607",265,216
2006,"10608",37,17
2006,"10609",109,100
2006,"10610",65,108
2006,"10611",135,96
2006,"10612",50,70
2006,"10613",62,78
2006,"10614",37,30
2006,"10615",106,90
2006,"10616",20,16
2006,"10617",21,22
2006,"10618",41,31
2006,"10619",30,33
2006,"10701",36,55
2006,"10702",12,35
2006,"10703",169,143
2006,"10704",37,24
2006,"10705",110,90
2006,"10706",26,17
2006,"10707",105,112
2006,"10708",39,45
2006,"10709",43,39
2006,"10710",58,32
2006,"10711",70,51
2006,"10712",58,36
2006,"10713",400,211
2006,"10714",32,56
2006,"10715",26,20
2006,"10716",23,29
2006,"10717",194,136
2006,"10718",70,53
2006,"10719",36,35
2006,"10720",31,29
2006,"10721",35,47
2006,"10722",117,86
2006,"10723",62,30
2006,"10724",58,37
2006,"10725",20,29
2006,"10726",31,24
2006,"10727",29,16
2006,"10801",82,81
2006,"10802",31,40
2006,"10803",35,44
2006,"10804",50,35
2006,"10805",58,57
2006,"10806",29,14
2006,"10807",67,44
2006,"10808",39,32
2006,"10809",42,37
2006,"10810",34,27
2006,"10811",40,38
2006,"10812",40,34
2006,"10813",30,30
2006,"10814",38,38
2006,"10815",44,22
2006,"10816",194,153
2006,"10817",29,37
2006,"10818",15,16
2006,"10819",28,22
2006,"10820",19,32
2006,"10821",75,41
2006,"10822",83,43
2006,"10823",52,43
2006,"10824",15,20
2006,"10825",35,41
2006,"10826",9,13
2006,"10827",2,13
2006,"10828",17,13
2006,"10901",49,64
2006,"10902",104,93
2006,"10903",20,39
2006,"10904",27,28
2006,"10905",134,125
2006,"10906",18,24
2006,"10907",54,58
2006,"10908",59,40
2006,"10909",70,69
2006,"10910",39,47
2006,"10911",29,46
2006,"10912",63,57
2006,"10913",21,25
2006,"10914",26,46
2006,"10915",34,40
2006,"10916",96,94
2006,"10917",304,343
2006,"10918",270,179
2006,"10919",122,97
2006,"10920",73,75
2006,"10921",48,47
2006,"10922",35,35
2006,"10923",88,65
2006,"10924",18,23
2006,"10925",46,57
2006,"10926",14,26
2006,"10927",39,30
2006,"10928",22,61
2006,"10929",24,21
2006,"10930",17,22
2006,"10931",4,9
2006,"10932",12,3
2006,"20101",3508,3441
2006,"20201",2017,2028
2006,"20302",32,41
2006,"20305",174,187
2006,"20306",82,120
2006,"20307",103,99
2006,"20316",35,47
2006,"20320",23,47
2006,"20321",15,27
2006,"20402",432,384
2006,"20403",85,121
2006,"20405",208,223
2006,"20409",123,130
2006,"20412",122,100
2006,"20414",142,114
2006,"20415",292,250
2006,"20416",37,47
2006,"20417",134,130
2006,"20418",181,191
2006,"20419",115,57
2006,"20421",246,272
2006,"20424",168,141
2006,"20425",131,134
2006,"20428",31,50
2006,"20432",139,104
2006,"20435",91,112
2006,"20441",14,11
2006,"20442",220,112
2006,"20501",199,241
2006,"20502",99,132
2006,"20503",36,24
2006,"20504",114,119
2006,"20505",186,161
2006,"20506",62,64
2006,"20508",50,42
2006,"20509",69,61
2006,"20511",33,53
2006,"20512",86,116
2006,"20513",53,69
2006,"20515",129,159
2006,"20518",38,57
2006,"20519",52,65
2006,"20520",88,50
2006,"20523",165,167
2006,"20527",549,576
2006,"20530",93,97
2006,"20531",96,109
2006,"20534",162,147
2006,"20601",81,80
2006,"20602",63,64
2006,"20603",20,34
2006,"20604",25,51
2006,"20605",30,48
2006,"20607",36,41
2006,"20608",80,87
2006,"20609",46,55
2006,"20610",20,15
2006,"20611",40,31
2006,"20613",28,47
2006,"20616",67,59
2006,"20618",18,33
2006,"20619",27,45
2006,"20620",134,145
2006,"20622",9,31
2006,"20624",42,30
2006,"20625",38,61
2006,"20627",78,76
2006,"20630",181,297
2006,"20631",45,46
2006,"20632",16,43
2006,"20633",54,68
2006,"20634",212,259
2006,"20635",610,616
2006,"20636",32,56
2006,"20637",53,72
2006,"20638",29,23
2006,"20639",20,12
2006,"20640",57,39
2006,"20642",37,44
2006,"20643",57,109
2006,"20644",45,55
2006,"20701",32,54
2006,"20702",264,282
2006,"20703",32,46
2006,"20705",75,106
2006,"20707",34,28
2006,"20708",24,43
2006,"20710",79,104
2006,"20711",411,365
2006,"20712",32,32
2006,"20713",35,42
2006,"20719",64,53
2006,"20720",205,226
2006,"20721",82,85
2006,"20722",189,170
2006,"20723",42,61
2006,"20724",303,209
2006,"20725",395,367
2006,"20726",99,96
2006,"20727",327,248
2006,"20801",106,143
2006,"20802",27,18
2006,"20803",304,352
2006,"20804",49,79
2006,"20805",98,82
2006,"20806",67,105
2006,"20807",63,58
2006,"20808",119,131
2006,"20810",47,38
2006,"20812",54,69
2006,"20813",312,356
2006,"20815",74,71
2006,"20817",397,423
2006,"20901",84,112
2006,"20905",103,148
2006,"20909",84,105
2006,"20911",21,32
2006,"20912",52,73
2006,"20913",348,330
2006,"20914",56,94
2006,"20918",109,132
2006,"20923",610,665
2006,"21001",44,52
2006,"21002",554,507
2006,"21003",91,92
2006,"21004",46,52
2006,"21005",93,85
2006,"21006",22,36
2006,"21007",42,69
2006,"21008",95,172
2006,"21009",156,148
2006,"21010",80,61
2006,"30101",1236,1338
2006,"30201",2214,1948
2006,"30301",255,374
2006,"30401",1957,1780
2006,"30501",40,41
2006,"30502",858,955
2006,"30503",98,130
2006,"30504",125,155
2006,"30506",139,147
2006,"30507",58,73
2006,"30508",216,155
2006,"30509",89,76
2006,"30510",26,30
2006,"30511",63,35
2006,"30512",37,33
2006,"30514",146,156
2006,"30515",149,121
2006,"30516",25,39
2006,"30517",144,100
2006,"30520",72,67
2006,"30521",61,45
2006,"30522",135,82
2006,"30524",38,92
2006,"30526",9,8
2006,"30527",117,86
2006,"30529",83,105
2006,"30530",118,112
2006,"30531",284,305
2006,"30532",101,114
2006,"30533",163,168
2006,"30534",49,85
2006,"30536",51,48
2006,"30538",111,78
2006,"30539",57,62
2006,"30541",76,48
2006,"30542",33,37
2006,"30543",57,88
2006,"30544",48,48
2006,"30601",134,111
2006,"30602",146,238
2006,"30603",586,508
2006,"30604",1353,1282
2006,"30605",388,405
2006,"30607",481,393
2006,"30608",172,172
2006,"30609",18,30
2006,"30612",111,107
2006,"30613",91,80
2006,"30614",57,45
2006,"30615",313,280
2006,"30616",72,48
2006,"30618",484,334
2006,"30620",214,241
2006,"30621",111,75
2006,"30623",200,151
2006,"30625",247,159
2006,"30626",292,214
2006,"30627",185,149
2006,"30629",66,59
2006,"30631",109,101
2006,"30633",55,28
2006,"30635",54,61
2006,"30636",50,57
2006,"30637",113,86
2006,"30639",815,747
2006,"30641",134,111
2006,"30645",142,113
2006,"30646",158,106
2006,"30701",16,29
2006,"30702",107,77
2006,"30703",24,21
2006,"30704",308,284
2006,"30706",157,114
2006,"30708",43,37
2006,"30709",81,82
2006,"30710",241,223
2006,"30711",112,48
2006,"30712",38,36
2006,"30713",17,37
2006,"30715",20,15
2006,"30716",120,133
2006,"30718",32,39
2006,"30719",40,32
2006,"30721",69,55
2006,"30722",47,16
2006,"30724",75,36
2006,"30726",110,86
2006,"30728",53,27
2006,"30729",246,168
2006,"30730",284,184
2006,"30731",200,126
2006,"30732",315,183
2006,"30733",42,62
2006,"30734",92,80
2006,"30735",281,140
2006,"30736",139,117
2006,"30737",89,51
2006,"30738",23,20
2006,"30739",72,80
2006,"30740",603,589
2006,"30741",106,73
2006,"30801",6,13
2006,"30802",6,10
2006,"30803",146,170
2006,"30804",54,57
2006,"30805",77,57
2006,"30808",442,306
2006,"30810",60,59
2006,"30811",87,116
2006,"30812",27,27
2006,"30813",39,55
2006,"30814",69,70
2006,"30817",660,370
2006,"30819",7,4
2006,"30821",544,361
2006,"30822",7,5
2006,"30824",26,31
2006,"30825",54,44
2006,"30826",27,54
2006,"30827",89,110
2006,"30828",20,28
2006,"30829",46,41
2006,"30830",116,102
2006,"30831",67,90
2006,"30834",19,30
2006,"30835",146,130
2006,"30836",53,40
2006,"30838",110,108
2006,"30841",48,59
2006,"30842",104,54
2006,"30844",89,65
2006,"30845",41,39
2006,"30846",3,2
2006,"30848",73,66
2006,"30849",46,10
2006,"30850",46,72
2006,"30852",109,82
2006,"30854",47,41
2006,"30856",513,277
2006,"30857",43,46
2006,"30858",68,57
2006,"30859",26,16
2006,"30860",102,89
2006,"30863",219,156
2006,"30865",52,32
2006,"30902",27,30
2006,"30903",49,64
2006,"30904",24,22
2006,"30906",17,16
2006,"30908",241,279
2006,"30909",97,60
2006,"30910",66,149
2006,"30912",17,35
2006,"30913",30,23
2006,"30915",12,26
2006,"30916",89,119
2006,"30917",7,16
2006,"30920",73,160
2006,"30921",36,54
2006,"30925",56,53
2006,"30929",8,16
2006,"30932",46,46
2006,"30935",234,161
2006,"30939",23,21
2006,"30940",31,40
2006,"30942",93,64
2006,"31001",30,27
2006,"31008",104,121
2006,"31009",55,39
2006,"31014",29,30
2006,"31015",67,46
2006,"31016",42,52
2006,"31018",51,50
2006,"31019",53,29
2006,"31021",21,29
2006,"31022",585,506
2006,"31025",16,21
2006,"31026",90,74
2006,"31028",38,21
2006,"31033",35,38
2006,"31035",58,53
2006,"31036",42,53
2006,"31037",199,115
2006,"31038",21,39
2006,"31041",26,54
2006,"31042",37,29
2006,"31043",45,47
2006,"31051",86,79
2006,"31052",92,84
2006,"31053",97,82
2006,"31101",27,33
2006,"31102",30,34
2006,"31103",23,54
2006,"31104",27,51
2006,"31105",163,144
2006,"31106",133,130
2006,"31107",29,28
2006,"31109",285,260
2006,"31110",29,21
2006,"31111",16,23
2006,"31113",12,15
2006,"31114",27,13
2006,"31117",10,9
2006,"31119",22,21
2006,"31120",35,26
2006,"31121",41,54
2006,"31123",27,24
2006,"31124",50,56
2006,"31129",43,40
2006,"31130",17,12
2006,"31201",213,174
2006,"31202",69,60
2006,"31203",96,82
2006,"31204",52,55
2006,"31205",86,66
2006,"31206",138,92
2006,"31207",176,140
2006,"31208",183,101
2006,"31213",601,581
2006,"31214",358,304
2006,"31215",60,34
2006,"31216",187,150
2006,"31224",25,40
2006,"31226",174,116
2006,"31227",85,90
2006,"31228",35,35
2006,"31229",60,50
2006,"31230",686,471
2006,"31234",56,45
2006,"31235",447,362
2006,"31301",12,14
2006,"31302",17,15
2006,"31303",31,33
2006,"31304",20,27
2006,"31308",72,94
2006,"31309",158,157
2006,"31310",73,76
2006,"31311",108,80
2006,"31315",102,107
2006,"31319",26,39
2006,"31321",17,27
2006,"31322",269,210
2006,"31323",41,35
2006,"31324",35,36
2006,"31326",16,21
2006,"31327",263,191
2006,"31330",29,28
2006,"31333",120,66
2006,"31336",49,43
2006,"31337",77,76
2006,"31338",24,50
2006,"31340",38,30
2006,"31343",72,72
2006,"31344",44,61
2006,"31346",48,43
2006,"31347",30,26
2006,"31350",26,18
2006,"31351",25,40
2006,"31355",81,72
2006,"31356",35,21
2006,"31401",30,61
2006,"31402",61,40
2006,"31403",184,242
2006,"31404",48,53
2006,"31405",31,36
2006,"31406",36,39
2006,"31407",112,138
2006,"31408",36,35
2006,"31409",64,52
2006,"31410",75,64
2006,"31411",50,94
2006,"31412",149,150
2006,"31413",225,292
2006,"31414",73,72
2006,"31502",19,22
2006,"31503",73,54
2006,"31504",49,37
2006,"31505",98,99
2006,"31506",6,11
2006,"31507",92,60
2006,"31508",46,44
2006,"31509",85,112
2006,"31511",44,45
2006,"31513",23,55
2006,"31514",68,72
2006,"31515",20,25
2006,"31516",41,31
2006,"31517",59,71
2006,"31519",44,43
2006,"31520",146,173
2006,"31521",120,69
2006,"31522",58,88
2006,"31523",22,21
2006,"31524",299,288
2006,"31525",47,74
2006,"31527",108,86
2006,"31528",19,27
2006,"31530",95,84
2006,"31531",52,64
2006,"31533",282,168
2006,"31534",45,85
2006,"31535",34,17
2006,"31537",74,73
2006,"31539",99,95
2006,"31540",33,57
2006,"31541",12,15
2006,"31542",41,37
2006,"31543",24,23
2006,"31546",23,41
2006,"31549",293,292
2006,"31550",31,41
2006,"31551",84,187
2006,"31552",39,25
2006,"31553",69,75
2006,"31601",40,25
2006,"31603",43,77
2006,"31604",54,52
2006,"31605",53,52
2006,"31606",34,28
2006,"31608",10,12
2006,"31609",16,22
2006,"31611",16,19
2006,"31612",160,164
2006,"31613",27,29
2006,"31614",83,67
2006,"31615",48,43
2006,"31616",50,33
2006,"31617",58,54
2006,"31620",33,37
2006,"31621",20,38
2006,"31622",37,46
2006,"31627",55,43
2006,"31628",61,57
2006,"31629",230,143
2006,"31630",91,78
2006,"31633",564,454
2006,"31634",42,33
2006,"31636",30,17
2006,"31642",80,23
2006,"31644",160,187
2006,"31645",33,38
2006,"31646",49,24
2006,"31649",43,40
2006,"31650",47,30
2006,"31651",119,76
2006,"31652",14,22
2006,"31653",55,65
2006,"31654",101,95
2006,"31655",268,230
2006,"31658",12,9
2006,"31701",39,73
2006,"31702",112,133
2006,"31703",330,217
2006,"31704",560,482
2006,"31706",47,67
2006,"31707",110,74
2006,"31709",212,147
2006,"31710",424,380
2006,"31711",58,48
2006,"31712",216,193
2006,"31713",234,147
2006,"31714",40,38
2006,"31715",132,146
2006,"31716",520,436
2006,"31717",1189,1276
2006,"31718",92,86
2006,"31719",690,625
2006,"31723",400,269
2006,"31725",417,441
2006,"31726",94,84
2006,"31801",11,18
2006,"31802",155,119
2006,"31803",148,246
2006,"31804",50,45
2006,"31805",21,20
2006,"31806",17,16
2006,"31807",32,50
2006,"31808",78,96
2006,"31809",57,58
2006,"31810",293,253
2006,"31811",138,157
2006,"31812",84,125
2006,"31813",126,137
2006,"31814",79,132
2006,"31815",29,35
2006,"31817",108,57
2006,"31818",771,631
2006,"31820",22,12
2006,"31821",145,115
2006,"31823",82,97
2006,"31825",22,28
2006,"31826",62,81
2006,"31827",9,16
2006,"31829",116,292
2006,"31830",9,29
2006,"31831",147,137
2006,"31832",109,78
2006,"31833",46,55
2006,"31834",19,37
2006,"31835",153,115
2006,"31836",20,28
2006,"31837",80,43
2006,"31838",25,46
2006,"31839",588,670
2006,"31840",43,48
2006,"31841",21,14
2006,"31842",12,12
2006,"31843",37,55
2006,"31844",61,73
2006,"31845",64,42
2006,"31846",137,147
2006,"31847",44,59
2006,"31848",32,40
2006,"31849",70,38
2006,"31901",129,172
2006,"31902",68,73
2006,"31903",228,159
2006,"31904",50,45
2006,"31905",241,224
2006,"31906",53,123
2006,"31907",45,27
2006,"31909",75,84
2006,"31910",78,50
2006,"31911",56,40
2006,"31912",381,341
2006,"31913",72,66
2006,"31915",64,56
2006,"31916",56,71
2006,"31917",55,40
2006,"31918",101,93
2006,"31919",118,97
2006,"31920",23,21
2006,"31921",170,128
2006,"31922",72,89
2006,"31923",29,40
2006,"31925",39,35
2006,"31926",360,284
2006,"31927",85,51
2006,"31928",51,36
2006,"31929",155,200
2006,"31930",87,76
2006,"31932",63,80
2006,"31934",129,165
2006,"31935",73,76
2006,"31938",34,40
2006,"31939",18,6
2006,"31940",81,84
2006,"31941",45,49
2006,"31943",286,248
2006,"31945",51,39
2006,"31946",52,37
2006,"31947",266,295
2006,"31948",87,117
2006,"31949",208,206
2006,"31950",203,148
2006,"31951",384,278
2006,"31952",609,409
2006,"31953",135,153
2006,"31954",88,59
2006,"32001",81,110
2006,"32002",67,97
2006,"32003",79,87
2006,"32004",33,36
2006,"32005",31,58
2006,"32006",49,77
2006,"32007",30,41
2006,"32008",187,152
2006,"32009",42,41
2006,"32010",22,26
2006,"32011",23,40
2006,"32012",27,35
2006,"32013",116,130
2006,"32014",67,75
2006,"32015",41,23
2006,"32016",218,186
2006,"32017",92,122
2006,"32018",63,52
2006,"32101",64,66
2006,"32104",84,86
2006,"32106",91,55
2006,"32107",210,72
2006,"32109",17,20
2006,"32110",120,79
2006,"32112",113,94
2006,"32114",108,84
2006,"32115",43,35
2006,"32116",164,91
2006,"32119",133,72
2006,"32120",107,83
2006,"32131",271,289
2006,"32132",61,57
2006,"32134",107,90
2006,"32135",614,527
2006,"32139",40,33
2006,"32140",115,86
2006,"32141",141,112
2006,"32142",347,295
2006,"32143",141,39
2006,"32144",1002,845
2006,"32202",30,58
2006,"32203",26,35
2006,"32206",17,36
2006,"32207",94,87
2006,"32209",49,58
2006,"32210",28,34
2006,"32212",16,18
2006,"32214",27,22
2006,"32216",81,82
2006,"32217",41,41
2006,"32219",59,77
2006,"32220",241,175
2006,"32221",23,18
2006,"32222",9,17
2006,"32223",30,26
2006,"32301",107,132
2006,"32302",21,16
2006,"32304",175,151
2006,"32305",233,221
2006,"32306",185,119
2006,"32307",205,180
2006,"32308",81,113
2006,"32309",22,38
2006,"32310",36,44
2006,"32311",66,32
2006,"32312",13,22
2006,"32313",149,104
2006,"32314",51,89
2006,"32315",51,50
2006,"32316",173,153
2006,"32317",18,22
2006,"32318",139,156
2006,"32319",154,123
2006,"32320",90,54
2006,"32321",25,30
2006,"32322",12,22
2006,"32323",156,122
2006,"32324",11,16
2006,"32325",57,72
2006,"32326",28,23
2006,"32327",217,206
2006,"32330",179,176
2006,"32331",77,91
2006,"32332",136,142
2006,"32333",46,29
2006,"32334",58,31
2006,"32335",25,33
2006,"32336",107,123
2006,"32337",211,186
2006,"32338",120,78
2006,"32501",61,85
2006,"32502",20,28
2006,"32503",9,4
2006,"32504",27,36
2006,"32505",53,56
2006,"32506",9,8
2006,"32508",66,102
2006,"32509",21,50
2006,"32511",17,20
2006,"32514",12,24
2006,"32515",39,36
2006,"32516",34,48
2006,"32517",15,41
2006,"32518",15,39
2006,"32519",6,16
2006,"32520",41,27
2006,"32521",34,31
2006,"32522",39,54
2006,"32523",12,7
2006,"32524",56,47
2006,"32525",43,35
2006,"32528",16,26
2006,"32529",20,27
2006,"32530",288,273
2006,"40101",7148,7342
2006,"40201",1437,1659
2006,"40301",2301,2486
2006,"40401",169,141
2006,"40402",68,82
2006,"40403",11,16
2006,"40404",559,555
2006,"40405",110,96
2006,"40406",91,104
2006,"40407",53,82
2006,"40408",62,117
2006,"40409",71,89
2006,"40410",20,22
2006,"40411",29,20
2006,"40412",23,45
2006,"40413",155,194
2006,"40414",48,66
2006,"40415",50,43
2006,"40416",23,35
2006,"40417",42,23
2006,"40418",183,167
2006,"40419",62,65
2006,"40420",59,28
2006,"40421",342,288
2006,"40422",130,140
2006,"40423",27,31
2006,"40424",40,56
2006,"40425",66,48
2006,"40426",107,103
2006,"40427",59,79
2006,"40428",125,100
2006,"40429",36,19
2006,"40430",21,23
2006,"40431",54,51
2006,"40432",51,72
2006,"40433",26,32
2006,"40434",15,24
2006,"40435",10,10
2006,"40436",35,51
2006,"40437",130,128
2006,"40438",89,75
2006,"40439",6,9
2006,"40440",7,8
2006,"40441",191,150
2006,"40442",12,21
2006,"40443",49,45
2006,"40444",10,25
2006,"40445",17,14
2006,"40446",35,31
2006,"40501",171,205
2006,"40502",103,122
2006,"40503",280,238
2006,"40504",149,97
2006,"40505",23,20
2006,"40506",91,114
2006,"40507",112,91
2006,"40508",97,90
2006,"40509",136,75
2006,"40510",54,49
2006,"40511",101,109
2006,"40512",33,45
2006,"40601",300,321
2006,"40602",60,54
2006,"40603",48,89
2006,"40604",77,93
2006,"40605",19,29
2006,"40606",5,14
2006,"40607",66,75
2006,"40608",55,67
2006,"40609",97,81
2006,"40610",22,20
2006,"40611",22,35
2006,"40612",88,63
2006,"40613",25,48
2006,"40614",174,150
2006,"40615",93,67
2006,"40616",28,43
2006,"40617",47,48
2006,"40618",74,87
2006,"40619",41,60
2006,"40620",83,89
2006,"40621",53,44
2006,"40622",97,60
2006,"40623",27,52
2006,"40624",184,142
2006,"40625",18,34
2006,"40626",41,67
2006,"40627",53,70
2006,"40701",374,381
2006,"40702",147,212
2006,"40703",504,484
2006,"40704",219,224
2006,"40705",656,763
2006,"40706",48,49
2006,"40707",91,57
2006,"40708",99,99
2006,"40709",47,77
2006,"40710",41,71
2006,"40711",347,345
2006,"40712",34,26
2006,"40713",193,192
2006,"40714",192,194
2006,"40715",64,71
2006,"40716",45,42
2006,"40717",106,103
2006,"40718",95,102
2006,"40719",145,214
2006,"40720",217,203
2006,"40801",32,29
2006,"40802",173,193
2006,"40804",18,32
2006,"40805",176,171
2006,"40806",116,127
2006,"40807",43,50
2006,"40808",286,224
2006,"40809",108,90
2006,"40810",13,11
2006,"40811",74,61
2006,"40812",63,93
2006,"40813",56,70
2006,"40814",42,54
2006,"40815",45,34
2006,"40816",58,72
2006,"40817",39,43
2006,"40818",82,66
2006,"40820",8,8
2006,"40821",22,35
2006,"40822",55,81
2006,"40823",27,34
2006,"40824",51,44
2006,"40825",49,47
2006,"40826",5,10
2006,"40827",115,153
2006,"40828",29,38
2006,"40829",56,74
2006,"40830",18,39
2006,"40831",100,124
2006,"40832",87,122
2006,"40833",48,57
2006,"40834",17,19
2006,"40835",138,143
2006,"40901",22,28
2006,"40902",131,164
2006,"40903",28,35
2006,"40904",86,84
2006,"40905",237,232
2006,"40906",47,49
2006,"40907",211,215
2006,"40908",278,247
2006,"40909",96,133
2006,"40910",71,86
2006,"40911",24,28
2006,"40912",138,151
2006,"40913",102,126
2006,"40914",22,33
2006,"40915",87,82
2006,"40916",10,32
2006,"40917",137,145
2006,"40918",54,93
2006,"40919",15,16
2006,"40920",57,57
2006,"40921",18,29
2006,"40922",84,90
2006,"40923",135,117
2006,"41001",39,50
2006,"41002",937,857
2006,"41003",354,383
2006,"41004",29,27
2006,"41005",637,468
2006,"41006",52,46
2006,"41007",314,225
2006,"41008",115,55
2006,"41009",128,108
2006,"41010",89,75
2006,"41011",117,152
2006,"41012",1629,1326
2006,"41013",308,198
2006,"41014",257,266
2006,"41015",55,72
2006,"41016",92,58
2006,"41017",413,372
2006,"41018",92,76
2006,"41019",108,118
2006,"41020",221,176
2006,"41021",1165,1270
2006,"41022",262,202
2006,"41101",42,32
2006,"41102",30,34
2006,"41103",136,58
2006,"41104",16,41
2006,"41105",156,129
2006,"41106",113,153
2006,"41107",32,19
2006,"41108",246,514
2006,"41109",149,147
2006,"41110",201,178
2006,"41111",176,269
2006,"41112",40,46
2006,"41113",74,71
2006,"41114",100,94
2006,"41115",41,63
2006,"41116",291,331
2006,"41117",39,44
2006,"41118",139,114
2006,"41119",43,46
2006,"41120",171,135
2006,"41121",100,144
2006,"41122",26,20
2006,"41123",47,96
2006,"41124",157,205
2006,"41125",76,77
2006,"41126",46,59
2006,"41201",32,24
2006,"41202",52,29
2006,"41203",134,139
2006,"41204",85,86
2006,"41205",26,25
2006,"41206",17,13
2006,"41207",44,49
2006,"41208",49,44
2006,"41209",71,74
2006,"41210",16,19
2006,"41211",17,22
2006,"41212",31,45
2006,"41213",57,79
2006,"41214",96,82
2006,"41215",64,85
2006,"41216",5,8
2006,"41217",29,24
2006,"41218",99,94
2006,"41219",78,92
2006,"41220",77,74
2006,"41221",37,28
2006,"41222",20,32
2006,"41223",47,28
2006,"41224",50,76
2006,"41225",619,634
2006,"41226",10,20
2006,"41227",32,32
2006,"41228",94,73
2006,"41229",39,55
2006,"41230",27,33
2006,"41231",72,71
2006,"41232",54,46
2006,"41233",38,85
2006,"41234",54,56
2006,"41235",23,14
2006,"41236",7,13
2006,"41304",36,50
2006,"41305",37,21
2006,"41306",12,14
2006,"41307",12,14
2006,"41309",93,78
2006,"41311",14,10
2006,"41312",22,33
2006,"41313",36,25
2006,"41314",37,35
2006,"41315",25,41
2006,"41316",48,38
2006,"41317",17,28
2006,"41318",83,65
2006,"41319",10,14
2006,"41320",3,8
2006,"41321",61,89
2006,"41322",15,21
2006,"41323",41,49
2006,"41324",15,20
2006,"41325",41,58
2006,"41326",50,35
2006,"41327",30,54
2006,"41328",67,70
2006,"41329",20,28
2006,"41331",16,21
2006,"41332",81,95
2006,"41333",17,32
2006,"41334",58,31
2006,"41336",15,31
2006,"41337",37,42
2006,"41338",38,59
2006,"41341",17,18
2006,"41342",71,69
2006,"41343",85,105
2006,"41344",161,187
2006,"41345",34,54
2006,"41346",17,43
2006,"41401",21,23
2006,"41402",154,141
2006,"41403",83,83
2006,"41404",35,61
2006,"41405",37,38
2006,"41406",48,41
2006,"41407",32,65
2006,"41408",49,35
2006,"41409",39,69
2006,"41410",26,25
2006,"41411",45,69
2006,"41412",17,5
2006,"41413",66,70
2006,"41414",74,88
2006,"41415",37,47
2006,"41416",80,72
2006,"41417",41,33
2006,"41418",146,125
2006,"41419",57,57
2006,"41420",18,34
2006,"41421",28,30
2006,"41422",293,279
2006,"41423",52,66
2006,"41424",22,38
2006,"41425",134,108
2006,"41426",62,81
2006,"41427",40,128
2006,"41428",23,28
2006,"41429",42,68
2006,"41430",80,79
2006,"41501",77,50
2006,"41502",90,89
2006,"41503",242,215
2006,"41504",136,133
2006,"41505",45,50
2006,"41506",379,295
2006,"41507",65,66
2006,"41508",38,34
2006,"41509",58,87
2006,"41510",28,51
2006,"41511",109,119
2006,"41512",48,81
2006,"41513",60,53
2006,"41514",101,132
2006,"41515",29,46
2006,"41516",413,338
2006,"41517",99,93
2006,"41518",51,81
2006,"41521",116,78
2006,"41522",116,138
2006,"41601",138,144
2006,"41602",142,134
2006,"41603",128,107
2006,"41604",46,57
2006,"41605",370,318
2006,"41606",136,139
2006,"41607",320,311
2006,"41608",40,28
2006,"41609",158,161
2006,"41610",28,23
2006,"41611",94,76
2006,"41612",47,60
2006,"41613",94,114
2006,"41614",118,80
2006,"41615",91,109
2006,"41616",19,15
2006,"41617",182,187
2006,"41618",156,212
2006,"41619",34,49
2006,"41620",23,35
2006,"41621",37,54
2006,"41622",42,33
2006,"41623",13,16
2006,"41624",219,228
2006,"41626",158,173
2006,"41627",66,74
2006,"41628",47,56
2006,"41701",144,136
2006,"41702",79,100
2006,"41703",544,495
2006,"41704",30,18
2006,"41705",60,70
2006,"41706",40,46
2006,"41707",58,46
2006,"41708",28,38
2006,"41709",108,117
2006,"41710",126,167
2006,"41711",93,91
2006,"41712",36,31
2006,"41713",207,253
2006,"41714",24,33
2006,"41715",255,243
2006,"41716",95,92
2006,"41717",29,33
2006,"41718",62,48
2006,"41719",90,55
2006,"41720",49,39
2006,"41721",27,30
2006,"41722",132,166
2006,"41723",57,65
2006,"41724",17,23
2006,"41725",15,15
2006,"41726",85,66
2006,"41727",18,19
2006,"41728",6,9
2006,"41729",7,8
2006,"41730",66,56
2006,"41731",278,218
2006,"41732",49,60
2006,"41733",10,8
2006,"41734",336,1725
2006,"41735",97,102
2006,"41736",53,65
2006,"41737",158,180
2006,"41738",261,233
2006,"41739",239,188
2006,"41740",30,33
2006,"41741",62,77
2006,"41742",181,138
2006,"41743",420,451
2006,"41744",34,31
2006,"41745",59,80
2006,"41746",700,645
2006,"41747",171,200
2006,"41748",13,24
2006,"41749",57,38
2006,"41750",81,107
2006,"41751",67,97
2006,"41752",54,85
2006,"41801",12,9
2006,"41802",41,50
2006,"41803",104,71
2006,"41804",155,172
2006,"41805",84,61
2006,"41806",124,112
2006,"41807",53,33
2006,"41808",254,201
2006,"41809",50,32
2006,"41810",117,76
2006,"41811",274,256
2006,"41812",537,502
2006,"41813",20,28
2006,"41814",71,53
2006,"41815",11,14
2006,"41816",91,110
2006,"41817",57,97
2006,"41818",49,24
2006,"41819",100,100
2006,"41820",291,271
2006,"41821",88,83
2006,"41822",65,71
2006,"41823",330,266
2006,"41824",204,213
2006,"50101",4573,4748
2006,"50201",115,168
2006,"50202",134,106
2006,"50203",37,44
2006,"50204",117,158
2006,"50205",839,770
2006,"50206",27,34
2006,"50207",194,223
2006,"50208",230,164
2006,"50209",245,227
2006,"50210",14,21
2006,"50211",42,35
2006,"50212",44,45
2006,"50213",55,79
2006,"50301",215,244
2006,"50302",147,142
2006,"50303",269,249
2006,"50304",62,70
2006,"50305",149,155
2006,"50306",44,61
2006,"50307",33,43
2006,"50308",134,130
2006,"50309",254,252
2006,"50310",342,323
2006,"50311",76,93
2006,"50312",66,64
2006,"50313",33,29
2006,"50314",299,361
2006,"50315",144,87
2006,"50316",197,227
2006,"50317",178,201
2006,"50318",14,16
2006,"50319",178,191
2006,"50320",104,120
2006,"50321",107,114
2006,"50322",163,166
2006,"50323",138,107
2006,"50324",326,348
2006,"50325",80,56
2006,"50326",311,255
2006,"50327",198,189
2006,"50328",49,75
2006,"50329",108,109
2006,"50330",138,161
2006,"50331",43,57
2006,"50332",102,83
2006,"50335",257,262
2006,"50336",148,185
2006,"50337",212,197
2006,"50338",547,447
2006,"50339",366,354
2006,"50401",130,142
2006,"50402",154,209
2006,"50403",171,216
2006,"50404",352,302
2006,"50405",41,44
2006,"50406",131,112
2006,"50407",31,62
2006,"50408",89,87
2006,"50409",7,10
2006,"50410",115,108
2006,"50411",69,94
2006,"50412",59,91
2006,"50413",16,24
2006,"50414",23,30
2006,"50415",31,46
2006,"50416",68,82
2006,"50417",198,202
2006,"50418",352,413
2006,"50419",30,59
2006,"50420",132,150
2006,"50421",159,159
2006,"50422",41,36
2006,"50423",78,97
2006,"50424",114,144
2006,"50425",55,27
2006,"50501",6,3
2006,"50502",8,12
2006,"50503",53,46
2006,"50504",39,55
2006,"50505",7,18
2006,"50506",55,87
2006,"50507",21,18
2006,"50508",17,18
2006,"50509",93,126
2006,"50510",149,156
2006,"50511",7,13
2006,"50512",37,30
2006,"50513",15,18
2006,"50514",0,4
2006,"50515",4,18
2006,"50601",72,95
2006,"50602",170,165
2006,"50603",9,32
2006,"50604",21,26
2006,"50605",29,36
2006,"50606",126,100
2006,"50607",30,20
2006,"50608",29,53
2006,"50609",78,91
2006,"50610",68,63
2006,"50611",105,113
2006,"50612",49,56
2006,"50613",130,175
2006,"50614",54,65
2006,"50615",78,54
2006,"50616",127,123
2006,"50617",31,68
2006,"50618",76,143
2006,"50619",507,432
2006,"50620",23,43
2006,"50621",41,51
2006,"50622",85,103
2006,"50623",23,36
2006,"50624",87,113
2006,"50625",28,27
2006,"50626",14,26
2006,"50627",23,15
2006,"50628",361,470
2006,"60101",9954,8877
2006,"60305",154,137
2006,"60318",208,183
2006,"60323",92,74
2006,"60324",138,122
2006,"60326",65,60
2006,"60329",64,84
2006,"60341",75,64
2006,"60344",453,511
2006,"60345",237,234
2006,"60346",186,169
2006,"60347",154,158
2006,"60348",115,140
2006,"60349",213,154
2006,"60350",323,342
2006,"60351",149,222
2006,"60608",418,412
2006,"60611",197,156
2006,"60613",511,388
2006,"60617",205,227
2006,"60618",77,54
2006,"60619",156,126
2006,"60623",108,64
2006,"60624",391,317
2006,"60626",145,118
2006,"60628",213,163
2006,"60629",352,271
2006,"60632",140,152
2006,"60639",41,58
2006,"60641",49,68
2006,"60642",78,80
2006,"60645",97,158
2006,"60646",196,117
2006,"60647",18,35
2006,"60648",97,95
2006,"60651",48,73
2006,"60653",225,179
2006,"60654",97,91
2006,"60655",123,119
2006,"60656",107,67
2006,"60659",181,206
2006,"60660",191,127
2006,"60661",248,253
2006,"60662",190,156
2006,"60663",169,248
2006,"60664",646,502
2006,"60665",308,209
2006,"60666",130,111
2006,"60667",223,193
2006,"60668",151,108
2006,"60669",754,484
2006,"60670",397,279
2006,"61001",66,63
2006,"61002",93,82
2006,"61007",58,60
2006,"61008",50,53
2006,"61012",157,124
2006,"61013",71,97
2006,"61016",79,68
2006,"61017",49,40
2006,"61019",46,42
2006,"61020",72,56
2006,"61021",73,92
2006,"61024",96,103
2006,"61027",60,67
2006,"61030",70,82
2006,"61032",47,62
2006,"61033",94,69
2006,"61043",197,135
2006,"61045",284,322
2006,"61049",106,125
2006,"61050",101,125
2006,"61051",114,130
2006,"61052",132,150
2006,"61053",687,588
2006,"61054",120,135
2006,"61055",47,72
2006,"61057",50,74
2006,"61059",269,227
2006,"61060",137,149
2006,"61061",297,287
2006,"61101",102,225
2006,"61105",36,33
2006,"61106",71,57
2006,"61107",55,44
2006,"61108",1095,1170
2006,"61109",46,50
2006,"61110",128,119
2006,"61111",48,49
2006,"61112",8,20
2006,"61113",131,128
2006,"61114",171,126
2006,"61115",64,87
2006,"61116",56,61
2006,"61118",56,68
2006,"61119",21,31
2006,"61120",348,334
2006,"61203",122,101
2006,"61204",60,56
2006,"61205",33,45
2006,"61206",77,43
2006,"61207",170,154
2006,"61213",147,124
2006,"61215",32,52
2006,"61217",105,98
2006,"61222",76,95
2006,"61236",49,60
2006,"61243",70,114
2006,"61247",111,144
2006,"61251",11,17
2006,"61252",45,47
2006,"61253",134,150
2006,"61254",38,27
2006,"61255",108,142
2006,"61256",43,54
2006,"61257",153,155
2006,"61258",61,87
2006,"61259",339,380
2006,"61260",30,42
2006,"61261",63,82
2006,"61262",75,72
2006,"61263",236,262
2006,"61264",57,72
2006,"61265",171,229
2006,"61266",22,25
2006,"61267",173,145
2006,"61410",14,39
2006,"61413",28,19
2006,"61425",42,45
2006,"61428",15,17
2006,"61437",22,30
2006,"61438",122,132
2006,"61439",125,158
2006,"61440",64,78
2006,"61441",19,26
2006,"61442",43,63
2006,"61443",29,64
2006,"61444",54,80
2006,"61445",45,67
2006,"61446",109,80
2006,"61611",115,92
2006,"61612",92,106
2006,"61615",111,104
2006,"61618",118,124
2006,"61621",23,38
2006,"61624",113,102
2006,"61625",498,531
2006,"61626",286,265
2006,"61627",69,67
2006,"61628",49,84
2006,"61629",28,58
2006,"61630",64,82
2006,"61631",440,498
2006,"61632",122,120
2006,"61633",206,161
2006,"61701",97,70
2006,"61708",32,54
2006,"61710",54,47
2006,"61711",8,17
2006,"61716",101,85
2006,"61719",112,76
2006,"61727",91,93
2006,"61728",10,14
2006,"61729",109,77
2006,"61730",70,85
2006,"61731",72,49
2006,"61740",53,75
2006,"61741",28,30
2006,"61743",6,9
2006,"61744",10,16
2006,"61745",18,36
2006,"61746",124,122
2006,"61748",152,128
2006,"61750",31,34
2006,"61751",97,79
2006,"61756",102,125
2006,"61757",94,112
2006,"61758",28,40
2006,"61759",54,65
2006,"61760",485,423
2006,"61761",31,46
2006,"61762",90,85
2006,"61763",84,117
2006,"61764",133,117
2006,"61765",168,211
2006,"61766",519,477
2006,"62007",328,337
2006,"62008",25,54
2006,"62010",13,36
2006,"62014",117,82
2006,"62021",6,6
2006,"62026",30,23
2006,"62032",40,57
2006,"62034",35,30
2006,"62036",41,47
2006,"62038",287,447
2006,"62039",55,91
2006,"62040",447,566
2006,"62041",510,573
2006,"62042",55,80
2006,"62043",122,145
2006,"62044",76,84
2006,"62045",70,87
2006,"62046",105,122
2006,"62047",268,236
2006,"62048",166,179
2006,"62105",37,69
2006,"62115",185,187
2006,"62116",96,146
2006,"62125",72,94
2006,"62128",163,141
2006,"62131",65,97
2006,"62132",33,64
2006,"62135",109,123
2006,"62138",100,225
2006,"62139",740,767
2006,"62140",989,1055
2006,"62141",346,250
2006,"62142",80,152
2006,"62143",328,347
2006,"62144",116,197
2006,"62145",154,227
2006,"62146",168,161
2006,"62147",67,92
2006,"62148",51,76
2006,"62202",75,66
2006,"62205",31,66
2006,"62206",45,44
2006,"62209",41,29
2006,"62211",68,72
2006,"62214",68,64
2006,"62216",22,47
2006,"62219",269,272
2006,"62220",73,79
2006,"62226",61,75
2006,"62232",55,40
2006,"62233",94,128
2006,"62235",78,119
2006,"62242",8,19
2006,"62244",85,98
2006,"62245",29,45
2006,"62247",58,97
2006,"62252",60,48
2006,"62256",94,79
2006,"62262",14,45
2006,"62264",119,120
2006,"62265",40,51
2006,"62266",69,88
2006,"62267",321,342
2006,"62268",72,68
2006,"62269",97,125
2006,"62270",52,50
2006,"62271",128,134
2006,"62272",126,105
2006,"62273",77,87
2006,"62274",76,110
2006,"62275",158,149
2006,"62276",56,35
2006,"62277",90,85
2006,"62278",60,122
2006,"62279",53,122
2006,"62311",40,72
2006,"62314",29,23
2006,"62326",44,51
2006,"62330",40,42
2006,"62332",26,45
2006,"62335",51,40
2006,"62343",46,37
2006,"62368",44,34
2006,"62372",40,44
2006,"62375",207,219
2006,"62376",126,89
2006,"62377",80,51
2006,"62378",300,252
2006,"62379",535,540
2006,"62380",126,153
2006,"62381",98,90
2006,"62382",117,125
2006,"62383",112,123
2006,"62384",107,114
2006,"62385",93,85
2006,"62386",150,170
2006,"62387",55,50
2006,"62388",75,83
2006,"62389",98,104
2006,"62390",96,129
2006,"70101",4528,4278
2006,"70201",111,123
2006,"70202",210,117
2006,"70203",527,387
2006,"70204",15,14
2006,"70205",17,17
2006,"70206",11,9
2006,"70207",17,31
2006,"70208",87,125
2006,"70209",135,89
2006,"70210",15,15
2006,"70211",103,138
2006,"70212",62,76
2006,"70213",41,60
2006,"70214",62,71
2006,"70215",95,70
2006,"70216",51,66
2006,"70217",22,27
2006,"70218",71,47
2006,"70219",74,53
2006,"70220",101,147
2006,"70221",49,66
2006,"70222",96,97
2006,"70223",96,67
2006,"70224",36,65
2006,"70301",327,265
2006,"70302",178,143
2006,"70303",180,111
2006,"70304",235,202
2006,"70305",59,37
2006,"70306",105,65
2006,"70307",26,36
2006,"70308",42,55
2006,"70309",117,110
2006,"70310",159,161
2006,"70311",42,22
2006,"70312",241,286
2006,"70313",42,48
2006,"70314",6,10
2006,"70315",55,38
2006,"70317",4,15
2006,"70318",72,50
2006,"70319",123,115
2006,"70320",132,110
2006,"70322",49,65
2006,"70323",27,27
2006,"70325",61,48
2006,"70326",55,77
2006,"70328",100,93
2006,"70329",145,148
2006,"70331",74,87
2006,"70332",116,64
2006,"70333",24,40
2006,"70334",94,128
2006,"70335",79,87
2006,"70336",12,12
2006,"70337",65,102
2006,"70338",73,20
2006,"70339",31,35
2006,"70340",70,79
2006,"70342",32,36
2006,"70343",35,23
2006,"70344",53,87
2006,"70345",70,53
2006,"70346",425,385
2006,"70347",7,7
2006,"70348",42,51
2006,"70349",10,19
2006,"70350",43,69
2006,"70351",135,139
2006,"70352",35,41
2006,"70353",81,70
2006,"70354",722,637
2006,"70355",113,143
2006,"70356",59,40
2006,"70357",495,500
2006,"70358",191,192
2006,"70359",46,42
2006,"70360",47,50
2006,"70361",16,7
2006,"70362",16,17
2006,"70364",272,370
2006,"70365",194,226
2006,"70366",23,26
2006,"70367",374,306
2006,"70368",46,31
2006,"70369",507,386
2006,"70370",110,108
2006,"70401",41,69
2006,"70402",65,73
2006,"70403",281,349
2006,"70404",71,64
2006,"70405",43,29
2006,"70406",128,158
2006,"70407",59,44
2006,"70408",45,39
2006,"70409",141,176
2006,"70410",143,145
2006,"70411",252,306
2006,"70412",136,168
2006,"70413",77,80
2006,"70414",49,61
2006,"70415",26,28
2006,"70416",296,292
2006,"70417",32,36
2006,"70418",18,24
2006,"70419",37,46
2006,"70420",93,97
2006,"70501",39,49
2006,"70502",39,52
2006,"70503",92,109
2006,"70504",28,26
2006,"70505",74,107
2006,"70506",105,137
2006,"70508",208,166
2006,"70509",70,106
2006,"70510",44,53
2006,"70511",268,227
2006,"70512",165,160
2006,"70513",620,573
2006,"70514",103,115
2006,"70515",168,165
2006,"70516",9,16
2006,"70517",143,102
2006,"70518",64,89
2006,"70519",17,14
2006,"70520",104,94
2006,"70521",28,32
2006,"70522",126,129
2006,"70523",7,13
2006,"70524",49,44
2006,"70525",74,97
2006,"70526",102,107
2006,"70527",48,46
2006,"70528",58,48
2006,"70529",52,67
2006,"70530",69,86
2006,"70531",580,474
2006,"70601",22,13
2006,"70602",2,10
2006,"70603",20,26
2006,"70604",79,90
2006,"70605",34,27
2006,"70606",11,22
2006,"70607",39,42
2006,"70608",39,93
2006,"70609",13,35
2006,"70610",10,9
2006,"70611",9,16
2006,"70612",12,14
2006,"70613",12,31
2006,"70614",256,311
2006,"70615",20,59
2006,"70616",52,51
2006,"70617",49,57
2006,"70618",31,25
2006,"70619",87,107
2006,"70620",63,78
2006,"70621",50,72
2006,"70622",49,61
2006,"70623",17,17
2006,"70624",33,33
2006,"70625",3,2
2006,"70626",14,30
2006,"70627",25,34
2006,"70628",9,11
2006,"70629",24,35
2006,"70630",113,136
2006,"70701",14,7
2006,"70702",19,47
2006,"70703",24,15
2006,"70704",5,37
2006,"70705",36,63
2006,"70706",8,25
2006,"70707",62,73
2006,"70708",35,39
2006,"70709",8,11
2006,"70710",7,17
2006,"70711",25,31
2006,"70712",20,30
2006,"70713",10,18
2006,"70714",10,7
2006,"70715",38,51
2006,"70716",482,463
2006,"70717",85,98
2006,"70718",16,17
2006,"70719",105,115
2006,"70720",31,35
2006,"70721",8,11
2006,"70723",11,27
2006,"70724",3,27
2006,"70725",10,1
2006,"70726",16,20
2006,"70727",6,8
2006,"70728",38,33
2006,"70729",10,22
2006,"70731",19,17
2006,"70732",55,36
2006,"70733",5,5
2006,"70734",23,22
2006,"70735",14,27
2006,"70801",14,23
2006,"70802",18,18
2006,"70803",26,10
2006,"70804",34,43
2006,"70805",138,112
2006,"70806",41,36
2006,"70807",54,101
2006,"70808",27,46
2006,"70809",7,6
2006,"70810",3,16
2006,"70811",17,29
2006,"70812",0,1
2006,"70813",28,28
2006,"70814",20,15
2006,"70815",0,2
2006,"70816",41,49
2006,"70817",12,12
2006,"70818",2,8
2006,"70819",0,1
2006,"70820",127,128
2006,"70821",44,58
2006,"70822",14,17
2006,"70823",0,1
2006,"70824",9,14
2006,"70825",0,2
2006,"70826",89,92
2006,"70827",14,17
2006,"70828",298,283
2006,"70829",11,22
2006,"70830",21,25
2006,"70831",13,17
2006,"70832",30,50
2006,"70833",87,133
2006,"70834",5,8
2006,"70835",47,43
2006,"70836",53,58
2006,"70837",6,7
2006,"70901",73,61
2006,"70902",41,44
2006,"70903",3,0
2006,"70904",34,24
2006,"70905",139,95
2006,"70907",110,95
2006,"70908",42,64
2006,"70909",163,194
2006,"70910",59,51
2006,"70911",41,26
2006,"70912",17,20
2006,"70913",17,20
2006,"70914",14,24
2006,"70915",47,49
2006,"70916",44,66
2006,"70917",207,257
2006,"70918",86,85
2006,"70920",110,164
2006,"70921",34,38
2006,"70922",62,51
2006,"70923",66,99
2006,"70924",18,9
2006,"70925",58,39
2006,"70926",546,525
2006,"70927",58,64
2006,"70928",59,74
2006,"70929",6,12
2006,"70930",37,58
2006,"70931",60,55
2006,"70932",39,32
2006,"70933",80,106
2006,"70934",47,61
2006,"70935",57,62
2006,"70936",162,213
2006,"70937",83,94
2006,"70938",62,58
2006,"70939",125,97
2006,"70940",107,99
2006,"70941",25,24
2006,"80101",75,86
2006,"80102",7,15
2006,"80103",744,839
2006,"80104",139,134
2006,"80105",20,40
2006,"80106",219,188
2006,"80107",32,17
2006,"80108",43,59
2006,"80109",12,12
2006,"80110",50,75
2006,"80111",49,58
2006,"80112",35,30
2006,"80113",90,94
2006,"80114",23,21
2006,"80115",237,194
2006,"80116",318,376
2006,"80117",260,266
2006,"80118",26,26
2006,"80119",16,42
2006,"80120",64,67
2006,"80121",9,24
2006,"80122",167,216
2006,"80123",20,20
2006,"80124",9,11
2006,"80125",16,25
2006,"80126",89,107
2006,"80127",27,38
2006,"80128",103,139
2006,"80129",107,101
2006,"80201",132,106
2006,"80202",76,89
2006,"80203",14,40
2006,"80204",76,92
2006,"80205",25,35
2006,"80206",27,28
2006,"80207",1387,1482
2006,"80208",4,15
2006,"80209",9,7
2006,"80210",29,22
2006,"80211",76,120
2006,"80212",10,22
2006,"80213",222,232
2006,"80214",102,103
2006,"80215",588,570
2006,"80216",73,84
2006,"80217",316,358
2006,"80218",235,314
2006,"80219",53,69
2006,"80220",116,136
2006,"80221",34,35
2006,"80222",44,45
2006,"80223",40,25
2006,"80224",548,604
2006,"80225",42,45
2006,"80226",374,259
2006,"80227",47,45
2006,"80228",43,70
2006,"80229",15,11
2006,"80230",45,41
2006,"80231",11,30
2006,"80232",14,17
2006,"80233",17,24
2006,"80234",4,10
2006,"80235",226,232
2006,"80236",59,55
2006,"80237",7,9
2006,"80238",71,53
2006,"80239",6,10
2006,"80240",447,418
2006,"80301",1703,1557
2006,"80302",903,748
2006,"80303",693,677
2006,"80401",393,332
2006,"80402",19,27
2006,"80403",9,11
2006,"80404",1406,1411
2006,"80405",362,408
2006,"80406",19,28
2006,"80407",148,150
2006,"80408",665,614
2006,"80409",168,176
2006,"80410",186,196
2006,"80411",35,41
2006,"80412",172,145
2006,"80413",105,114
2006,"80414",589,630
2006,"80415",17,15
2006,"80416",120,105
2006,"80417",131,118
2006,"80418",132,118
2006,"80419",20,23
2006,"80420",118,128
2006,"80421",31,36
2006,"80422",8,13
2006,"80423",151,130
2006,"80424",177,193
2006,"90101",924,1231
2006,"90201",8574,8280
2006,"90301",6336,7212
2006,"90401",2504,2663
2006,"90501",5118,5774
2006,"90601",2998,3249
2006,"90701",2933,3420
2006,"90801",2948,3626
2006,"90901",4510,4994
2006,"91001",11959,10789
2006,"91101",5692,6007
2006,"91201",7403,7311
2006,"91301",3165,3017
2006,"91401",5833,5747
2006,"91501",6915,7898
2006,"91601",7859,8571
2006,"91701",4831,5071
2006,"91801",3946,4349
2006,"91901",4256,4088
2006,"92001",6956,7197
2006,"92101",7766,7482
2006,"92201",7971,6672
2006,"92301",5420,4297
2007,"10101",731,578
2007,"10201",48,46
2007,"10301",88,62
2007,"10302",74,60
2007,"10303",90,62
2007,"10304",165,99
2007,"10305",21,40
2007,"10306",21,24
2007,"10307",55,36
2007,"10308",58,69
2007,"10309",187,127
2007,"10310",26,35
2007,"10311",39,41
2007,"10312",79,58
2007,"10313",74,91
2007,"10314",47,49
2007,"10315",134,94
2007,"10316",144,88
2007,"10317",84,47
2007,"10318",63,50
2007,"10319",64,58
2007,"10320",20,6
2007,"10321",33,27
2007,"10322",42,60
2007,"10323",32,28
2007,"10401",39,25
2007,"10402",57,52
2007,"10403",52,30
2007,"10404",22,17
2007,"10405",144,170
2007,"10406",17,20
2007,"10407",22,40
2007,"10408",90,44
2007,"10409",30,29
2007,"10410",20,23
2007,"10411",51,35
2007,"10412",19,20
2007,"10413",54,32
2007,"10414",116,117
2007,"10415",51,87
2007,"10416",55,41
2007,"10417",71,94
2007,"10418",15,12
2007,"10419",19,22
2007,"10420",15,16
2007,"10421",11,14
2007,"10422",5,4
2007,"10423",0,2
2007,"10424",5,2
2007,"10425",13,23
2007,"10426",9,11
2007,"10427",21,28
2007,"10428",13,13
2007,"10501",73,61
2007,"10502",29,30
2007,"10503",34,64
2007,"10504",127,134
2007,"10505",27,35
2007,"10506",38,35
2007,"10507",25,31
2007,"10508",63,66
2007,"10509",50,52
2007,"10510",12,27
2007,"10511",13,14
2007,"10512",7,10
2007,"10601",59,37
2007,"10602",85,76
2007,"10603",44,24
2007,"10604",39,24
2007,"10605",56,50
2007,"10606",233,238
2007,"10607",253,235
2007,"10608",34,21
2007,"10609",113,93
2007,"10610",76,52
2007,"10611",101,99
2007,"10612",43,53
2007,"10613",62,59
2007,"10614",37,34
2007,"10615",109,85
2007,"10616",41,22
2007,"10617",24,25
2007,"10618",31,33
2007,"10619",17,11
2007,"10701",40,48
2007,"10702",23,29
2007,"10703",171,175
2007,"10704",35,26
2007,"10705",95,62
2007,"10706",38,23
2007,"10707",117,107
2007,"10708",59,25
2007,"10709",53,48
2007,"10710",56,48
2007,"10711",74,48
2007,"10712",46,47
2007,"10713",429,230
2007,"10714",30,22
2007,"10715",28,39
2007,"10716",29,24
2007,"10717",204,136
2007,"10718",48,35
2007,"10719",33,29
2007,"10720",23,39
2007,"10721",25,40
2007,"10722",100,76
2007,"10723",46,29
2007,"10724",63,61
2007,"10725",13,9
2007,"10726",30,13
2007,"10727",12,14
2007,"10801",76,87
2007,"10802",35,29
2007,"10803",31,48
2007,"10804",53,44
2007,"10805",46,80
2007,"10806",31,21
2007,"10807",58,49
2007,"10808",50,49
2007,"10809",70,62
2007,"10810",27,23
2007,"10811",51,58
2007,"10812",42,42
2007,"10813",21,33
2007,"10814",46,29
2007,"10815",38,44
2007,"10816",185,175
2007,"10817",31,36
2007,"10818",14,15
2007,"10819",37,17
2007,"10820",38,19
2007,"10821",70,56
2007,"10822",64,58
2007,"10823",38,33
2007,"10824",22,16
2007,"10825",27,43
2007,"10826",9,12
2007,"10827",14,10
2007,"10828",21,11
2007,"10901",71,53
2007,"10902",99,107
2007,"10903",29,46
2007,"10904",39,29
2007,"10905",115,139
2007,"10906",23,30
2007,"10907",78,91
2007,"10908",52,65
2007,"10909",50,74
2007,"10910",38,38
2007,"10911",36,31
2007,"10912",88,66
2007,"10913",17,8
2007,"10914",47,37
2007,"10915",27,40
2007,"10916",111,79
2007,"10917",377,341
2007,"10918",273,241
2007,"10919",107,113
2007,"10920",55,60
2007,"10921",55,70
2007,"10922",20,23
2007,"10923",93,81
2007,"10924",22,20
2007,"10925",50,40
2007,"10926",22,29
2007,"10927",33,42
2007,"10928",46,55
2007,"10929",31,14
2007,"10930",17,13
2007,"10931",10,18
2007,"10932",5,13
2007,"20101",3576,3472
2007,"20201",2064,1993
2007,"20302",23,25
2007,"20305",143,146
2007,"20306",89,141
2007,"20307",73,74
2007,"20316",28,42
2007,"20320",36,25
2007,"20321",30,20
2007,"20402",439,408
2007,"20403",98,96
2007,"20405",255,226
2007,"20409",137,126
2007,"20412",141,101
2007,"20414",160,133
2007,"20415",210,197
2007,"20416",46,81
2007,"20417",156,100
2007,"20418",181,172
2007,"20419",114,86
2007,"20421",256,253
2007,"20424",137,171
2007,"20425",159,131
2007,"20428",34,37
2007,"20432",151,111
2007,"20435",121,116
2007,"20441",12,33
2007,"20442",177,139
2007,"20501",236,215
2007,"20502",104,144
2007,"20503",43,33
2007,"20504",100,116
2007,"20505",188,214
2007,"20506",52,48
2007,"20508",56,40
2007,"20509",55,72
2007,"20511",53,88
2007,"20512",97,102
2007,"20513",60,87
2007,"20515",187,165
2007,"20518",31,83
2007,"20519",49,50
2007,"20520",52,69
2007,"20523",167,184
2007,"20527",665,654
2007,"20530",108,124
2007,"20531",54,71
2007,"20534",156,124
2007,"20601",49,76
2007,"20602",62,64
2007,"20603",27,29
2007,"20604",27,32
2007,"20605",20,55
2007,"20607",21,38
2007,"20608",82,89
2007,"20609",35,52
2007,"20610",15,17
2007,"20611",39,48
2007,"20613",34,43
2007,"20616",65,70
2007,"20618",24,19
2007,"20619",48,49
2007,"20620",161,129
2007,"20622",9,24
2007,"20624",36,42
2007,"20625",57,47
2007,"20627",54,64
2007,"20630",194,255
2007,"20631",42,51
2007,"20632",18,58
2007,"20633",61,68
2007,"20634",232,249
2007,"20635",568,605
2007,"20636",33,45
2007,"20637",62,56
2007,"20638",25,32
2007,"20639",14,20
2007,"20640",53,49
2007,"20642",38,67
2007,"20643",93,132
2007,"20644",54,67
2007,"20701",43,53
2007,"20702",250,241
2007,"20703",27,42
2007,"20705",75,112
2007,"20707",31,32
2007,"20708",50,36
2007,"20710",92,96
2007,"20711",411,359
2007,"20712",25,35
2007,"20713",28,24
2007,"20719",67,66
2007,"20720",228,215
2007,"20721",89,94
2007,"20722",119,137
2007,"20723",57,62
2007,"20724",275,209
2007,"20725",353,342
2007,"20726",119,121
2007,"20727",287,284
2007,"20801",117,143
2007,"20802",21,34
2007,"20803",258,314
2007,"20804",70,54
2007,"20805",85,92
2007,"20806",67,67
2007,"20807",43,45
2007,"20808",123,116
2007,"20810",61,50
2007,"20812",59,65
2007,"20813",300,371
2007,"20815",66,68
2007,"20817",380,466
2007,"20901",91,126
2007,"20905",93,184
2007,"20909",100,88
2007,"20911",20,28
2007,"20912",47,52
2007,"20913",367,420
2007,"20914",52,66
2007,"20918",107,143
2007,"20923",712,707
2007,"21001",44,42
2007,"21002",462,532
2007,"21003",73,98
2007,"21004",42,83
2007,"21005",89,82
2007,"21006",33,28
2007,"21007",58,67
2007,"21008",118,148
2007,"21009",225,161
2007,"21010",58,56
2007,"30101",1333,1244
2007,"30201",2152,2029
2007,"30301",341,433
2007,"30401",2095,1906
2007,"30501",63,24
2007,"30502",887,929
2007,"30503",91,102
2007,"30504",165,167
2007,"30506",132,130
2007,"30507",50,58
2007,"30508",182,145
2007,"30509",92,92
2007,"30510",29,30
2007,"30511",40,47
2007,"30512",47,40
2007,"30514",219,166
2007,"30515",129,99
2007,"30516",51,41
2007,"30517",123,140
2007,"30520",74,78
2007,"30521",53,53
2007,"30522",97,65
2007,"30524",85,79
2007,"30526",18,19
2007,"30527",131,117
2007,"30529",108,150
2007,"30530",129,141
2007,"30531",389,332
2007,"30532",116,103
2007,"30533",146,178
2007,"30534",57,60
2007,"30536",56,38
2007,"30538",79,112
2007,"30539",49,70
2007,"30541",54,52
2007,"30542",31,46
2007,"30543",51,75
2007,"30544",34,64
2007,"30601",114,141
2007,"30602",161,187
2007,"30603",511,508
2007,"30604",1311,1296
2007,"30605",417,413
2007,"30607",386,423
2007,"30608",176,194
2007,"30609",12,24
2007,"30612",100,118
2007,"30613",96,102
2007,"30614",75,55
2007,"30615",348,298
2007,"30616",96,63
2007,"30618",402,336
2007,"30620",235,205
2007,"30621",147,79
2007,"30623",326,196
2007,"30625",211,155
2007,"30626",382,209
2007,"30627",175,149
2007,"30629",63,61
2007,"30631",128,102
2007,"30633",58,64
2007,"30635",74,102
2007,"30636",72,57
2007,"30637",125,81
2007,"30639",919,1194
2007,"30641",221,124
2007,"30645",113,104
2007,"30646",189,144
2007,"30701",34,21
2007,"30702",70,78
2007,"30703",34,26
2007,"30704",376,359
2007,"30706",136,100
2007,"30708",29,41
2007,"30709",92,102
2007,"30710",250,277
2007,"30711",138,55
2007,"30712",38,21
2007,"30713",33,44
2007,"30715",21,29
2007,"30716",137,122
2007,"30718",47,39
2007,"30719",65,37
2007,"30721",70,76
2007,"30722",63,36
2007,"30724",61,54
2007,"30726",100,86
2007,"30728",27,17
2007,"30729",183,125
2007,"30730",220,205
2007,"30731",213,128
2007,"30732",443,207
2007,"30733",34,42
2007,"30734",84,62
2007,"30735",277,159
2007,"30736",106,130
2007,"30737",109,69
2007,"30738",24,19
2007,"30739",87,73
2007,"30740",751,589
2007,"30741",82,70
2007,"30801",13,10
2007,"30802",11,3
2007,"30803",153,161
2007,"30804",43,32
2007,"30805",79,43
2007,"30808",436,319
2007,"30810",57,50
2007,"30811",78,63
2007,"30812",39,46
2007,"30813",36,27
2007,"30814",81,79
2007,"30817",700,497
2007,"30819",18,13
2007,"30821",537,378
2007,"30822",4,4
2007,"30824",52,53
2007,"30825",28,38
2007,"30826",48,51
2007,"30827",113,81
2007,"30828",16,17
2007,"30829",20,32
2007,"30830",110,81
2007,"30831",127,94
2007,"30834",20,14
2007,"30835",124,119
2007,"30836",15,21
2007,"30838",133,116
2007,"30841",40,58
2007,"30842",101,59
2007,"30844",104,67
2007,"30845",56,41
2007,"30846",0,6
2007,"30848",61,65
2007,"30849",48,31
2007,"30850",42,58
2007,"30852",95,86
2007,"30854",32,32
2007,"30856",477,379
2007,"30857",45,39
2007,"30858",60,42
2007,"30859",25,30
2007,"30860",60,85
2007,"30863",232,183
2007,"30865",28,33
2007,"30902",22,20
2007,"30903",46,57
2007,"30904",19,18
2007,"30906",24,21
2007,"30908",222,243
2007,"30909",83,54
2007,"30910",71,105
2007,"30912",24,36
2007,"30913",18,9
2007,"30915",19,10
2007,"30916",104,130
2007,"30917",17,10
2007,"30920",78,145
2007,"30921",37,58
2007,"30925",71,79
2007,"30929",12,21
2007,"30932",23,30
2007,"30935",161,222
2007,"30939",13,23
2007,"30940",21,30
2007,"30942",89,77
2007,"31001",47,42
2007,"31008",112,96
2007,"31009",48,64
2007,"31014",27,33
2007,"31015",65,44
2007,"31016",21,38
2007,"31018",58,60
2007,"31019",43,30
2007,"31021",33,35
2007,"31022",647,532
2007,"31025",34,18
2007,"31026",63,68
2007,"31028",76,68
2007,"31033",55,31
2007,"31035",46,62
2007,"31036",61,55
2007,"31037",168,113
2007,"31038",37,36
2007,"31041",28,27
2007,"31042",49,27
2007,"31043",66,62
2007,"31051",98,99
2007,"31052",62,74
2007,"31053",136,129
2007,"31101",26,32
2007,"31102",24,30
2007,"31103",24,41
2007,"31104",44,24
2007,"31105",168,135
2007,"31106",107,126
2007,"31107",41,41
2007,"31109",283,255
2007,"31110",30,38
2007,"31111",17,20
2007,"31113",14,20
2007,"31114",21,27
2007,"31117",13,10
2007,"31119",13,7
2007,"31120",36,39
2007,"31121",43,51
2007,"31123",24,57
2007,"31124",46,79
2007,"31129",47,55
2007,"31130",24,29
2007,"31201",188,157
2007,"31202",65,43
2007,"31203",114,87
2007,"31204",60,53
2007,"31205",95,51
2007,"31206",123,102
2007,"31207",174,138
2007,"31208",138,92
2007,"31213",757,562
2007,"31214",381,337
2007,"31215",66,47
2007,"31216",242,211
2007,"31224",47,20
2007,"31226",164,130
2007,"31227",90,75
2007,"31228",33,31
2007,"31229",67,55
2007,"31230",748,592
2007,"31234",67,66
2007,"31235",663,388
2007,"31301",16,21
2007,"31302",16,21
2007,"31303",32,34
2007,"31304",18,45
2007,"31308",102,92
2007,"31309",135,120
2007,"31310",101,62
2007,"31311",95,122
2007,"31315",97,104
2007,"31319",62,31
2007,"31321",25,16
2007,"31322",256,242
2007,"31323",38,33
2007,"31324",58,43
2007,"31326",18,23
2007,"31327",186,169
2007,"31330",33,58
2007,"31333",89,89
2007,"31336",57,44
2007,"31337",121,87
2007,"31338",12,24
2007,"31340",30,27
2007,"31343",111,95
2007,"31344",53,45
2007,"31346",76,44
2007,"31347",17,22
2007,"31350",22,23
2007,"31351",38,27
2007,"31355",83,60
2007,"31356",20,29
2007,"31401",28,52
2007,"31402",67,50
2007,"31403",219,235
2007,"31404",37,53
2007,"31405",35,34
2007,"31406",41,38
2007,"31407",171,167
2007,"31408",31,60
2007,"31409",49,62
2007,"31410",104,46
2007,"31411",62,64
2007,"31412",110,135
2007,"31413",151,199
2007,"31414",69,59
2007,"31502",19,27
2007,"31503",65,62
2007,"31504",43,34
2007,"31505",139,112
2007,"31506",11,14
2007,"31507",77,87
2007,"31508",64,62
2007,"31509",83,60
2007,"31511",37,31
2007,"31513",57,48
2007,"31514",73,65
2007,"31515",27,41
2007,"31516",37,45
2007,"31517",75,60
2007,"31519",33,37
2007,"31520",105,137
2007,"31521",121,75
2007,"31522",50,71
2007,"31523",18,32
2007,"31524",350,295
2007,"31525",48,49
2007,"31527",98,106
2007,"31528",38,24
2007,"31530",113,106
2007,"31531",81,59
2007,"31533",226,166
2007,"31534",84,55
2007,"31535",14,31
2007,"31537",78,52
2007,"31539",107,125
2007,"31540",77,65
2007,"31541",18,22
2007,"31542",34,42
2007,"31543",18,29
2007,"31546",51,34
2007,"31549",276,262
2007,"31550",46,26
2007,"31551",53,148
2007,"31552",37,53
2007,"31553",42,85
2007,"31601",23,28
2007,"31603",85,59
2007,"31604",57,37
2007,"31605",50,49
2007,"31606",31,33
2007,"31608",11,10
2007,"31609",16,25
2007,"31611",20,17
2007,"31612",167,157
2007,"31613",23,25
2007,"31614",110,77
2007,"31615",42,37
2007,"31616",46,45
2007,"31617",52,54
2007,"31620",36,37
2007,"31621",25,25
2007,"31622",56,35
2007,"31627",64,46
2007,"31628",80,76
2007,"31629",182,168
2007,"31630",92,91
2007,"31633",494,471
2007,"31634",46,28
2007,"31636",31,19
2007,"31642",47,44
2007,"31644",176,177
2007,"31645",62,37
2007,"31646",36,33
2007,"31649",70,55
2007,"31650",35,32
2007,"31651",95,89
2007,"31652",14,9
2007,"31653",44,52
2007,"31654",113,80
2007,"31655",338,239
2007,"31658",5,9
2007,"31701",63,63
2007,"31702",107,147
2007,"31703",266,205
2007,"31704",664,566
2007,"31706",82,68
2007,"31707",138,82
2007,"31709",233,147
2007,"31710",458,464
2007,"31711",71,63
2007,"31712",232,255
2007,"31713",185,143
2007,"31714",53,35
2007,"31715",168,139
2007,"31716",673,520
2007,"31717",1273,1353
2007,"31718",75,94
2007,"31719",612,610
2007,"31723",366,291
2007,"31725",447,465
2007,"31726",97,107
2007,"31801",28,20
2007,"31802",82,126
2007,"31803",156,262
2007,"31804",72,32
2007,"31805",21,12
2007,"31806",15,14
2007,"31807",48,63
2007,"31808",83,122
2007,"31809",46,71
2007,"31810",335,278
2007,"31811",148,156
2007,"31812",119,126
2007,"31813",119,149
2007,"31814",99,144
2007,"31815",31,20
2007,"31817",101,85
2007,"31818",660,665
2007,"31820",17,12
2007,"31821",125,152
2007,"31823",91,107
2007,"31825",31,18
2007,"31826",56,70
2007,"31827",9,6
2007,"31829",149,360
2007,"31830",17,21
2007,"31831",126,93
2007,"31832",91,81
2007,"31833",66,64
2007,"31834",17,20
2007,"31835",139,147
2007,"31836",19,39
2007,"31837",73,66
2007,"31838",37,44
2007,"31839",521,590
2007,"31840",42,41
2007,"31841",13,16
2007,"31842",7,7
2007,"31843",33,44
2007,"31844",73,81
2007,"31845",65,44
2007,"31846",145,152
2007,"31847",75,53
2007,"31848",35,34
2007,"31849",47,40
2007,"31901",118,128
2007,"31902",114,59
2007,"31903",185,197
2007,"31904",55,53
2007,"31905",259,172
2007,"31906",65,117
2007,"31907",29,46
2007,"31909",70,99
2007,"31910",47,70
2007,"31911",46,35
2007,"31912",355,342
2007,"31913",101,74
2007,"31915",61,73
2007,"31916",77,53
2007,"31917",72,42
2007,"31918",112,115
2007,"31919",133,76
2007,"31920",16,14
2007,"31921",146,129
2007,"31922",75,71
2007,"31923",29,36
2007,"31925",24,34
2007,"31926",393,316
2007,"31927",70,91
2007,"31928",63,56
2007,"31929",196,172
2007,"31930",62,77
2007,"31932",89,81
2007,"31934",135,119
2007,"31935",73,97
2007,"31938",42,48
2007,"31939",10,10
2007,"31940",75,74
2007,"31941",34,70
2007,"31943",351,251
2007,"31945",36,54
2007,"31946",43,58
2007,"31947",320,325
2007,"31948",100,126
2007,"31949",328,190
2007,"31950",138,139
2007,"31951",417,276
2007,"31952",504,416
2007,"31953",230,149
2007,"31954",63,71
2007,"32001",71,109
2007,"32002",58,102
2007,"32003",89,86
2007,"32004",30,33
2007,"32005",26,43
2007,"32006",64,70
2007,"32007",32,51
2007,"32008",165,143
2007,"32009",44,47
2007,"32010",31,28
2007,"32011",34,48
2007,"32012",32,25
2007,"32013",135,167
2007,"32014",45,73
2007,"32015",33,35
2007,"32016",199,192
2007,"32017",105,100
2007,"32018",37,40
2007,"32101",105,73
2007,"32104",98,72
2007,"32106",86,83
2007,"32107",166,72
2007,"32109",22,24
2007,"32110",108,74
2007,"32112",135,109
2007,"32114",98,110
2007,"32115",41,43
2007,"32116",137,107
2007,"32119",140,98
2007,"32120",73,60
2007,"32131",245,234
2007,"32132",92,68
2007,"32134",136,105
2007,"32135",682,507
2007,"32139",60,52
2007,"32140",114,97
2007,"32141",151,130
2007,"32142",425,353
2007,"32143",97,49
2007,"32144",1222,912
2007,"32202",56,41
2007,"32203",45,58
2007,"32206",24,30
2007,"32207",90,125
2007,"32209",59,41
2007,"32210",32,33
2007,"32212",23,20
2007,"32214",27,16
2007,"32216",88,96
2007,"32217",34,34
2007,"32219",94,47
2007,"32220",209,182
2007,"32221",45,23
2007,"32222",21,10
2007,"32223",21,38
2007,"32301",148,113
2007,"32302",24,18
2007,"32304",192,170
2007,"32305",251,209
2007,"32306",167,169
2007,"32307",200,197
2007,"32308",96,86
2007,"32309",18,32
2007,"32310",39,48
2007,"32311",59,51
2007,"32312",14,16
2007,"32313",164,98
2007,"32314",85,66
2007,"32315",59,69
2007,"32316",197,161
2007,"32317",20,14
2007,"32318",123,108
2007,"32319",178,172
2007,"32320",97,78
2007,"32321",18,27
2007,"32322",20,16
2007,"32323",117,140
2007,"32324",21,23
2007,"32325",42,66
2007,"32326",16,26
2007,"32327",203,247
2007,"32330",184,187
2007,"32331",56,84
2007,"32332",150,128
2007,"32333",31,18
2007,"32334",63,31
2007,"32335",17,25
2007,"32336",123,118
2007,"32337",218,180
2007,"32338",104,90
2007,"32501",57,70
2007,"32502",18,33
2007,"32503",4,7
2007,"32504",35,38
2007,"32505",56,51
2007,"32506",25,27
2007,"32508",84,101
2007,"32509",19,33
2007,"32511",9,22
2007,"32514",12,12
2007,"32515",31,40
2007,"32516",21,30
2007,"32517",16,19
2007,"32518",29,30
2007,"32519",8,17
2007,"32520",35,29
2007,"32521",33,36
2007,"32522",35,50
2007,"32523",9,20
2007,"32524",69,57
2007,"32525",32,67
2007,"32528",20,30
2007,"32529",49,69
2007,"32530",270,276
2007,"40101",7262,7659
2007,"40201",1372,1793
2007,"40301",2220,2596
2007,"40401",156,139
2007,"40402",68,86
2007,"40403",13,18
2007,"40404",569,589
2007,"40405",127,146
2007,"40406",77,84
2007,"40407",56,52
2007,"40408",69,55
2007,"40409",51,69
2007,"40410",38,27
2007,"40411",22,16
2007,"40412",31,32
2007,"40413",151,189
2007,"40414",37,64
2007,"40415",44,36
2007,"40416",42,30
2007,"40417",41,29
2007,"40418",170,156
2007,"40419",87,82
2007,"40420",52,23
2007,"40421",336,294
2007,"40422",118,142
2007,"40423",41,32
2007,"40424",40,43
2007,"40425",73,52
2007,"40426",121,144
2007,"40427",66,67
2007,"40428",195,118
2007,"40429",45,38
2007,"40430",48,25
2007,"40431",58,41
2007,"40432",54,53
2007,"40433",27,29
2007,"40434",40,37
2007,"40435",4,10
2007,"40436",50,53
2007,"40437",146,148
2007,"40438",107,141
2007,"40439",7,16
2007,"40440",8,7
2007,"40441",157,142
2007,"40442",13,15
2007,"40443",54,51
2007,"40444",23,25
2007,"40445",7,17
2007,"40446",31,35
2007,"40501",217,185
2007,"40502",86,101
2007,"40503",286,270
2007,"40504",121,101
2007,"40505",19,12
2007,"40506",99,101
2007,"40507",93,103
2007,"40508",115,98
2007,"40509",89,69
2007,"40510",50,69
2007,"40511",88,94
2007,"40512",41,62
2007,"40601",363,386
2007,"40602",64,63
2007,"40603",80,114
2007,"40604",123,93
2007,"40605",21,45
2007,"40606",10,10
2007,"40607",61,70
2007,"40608",33,82
2007,"40609",90,79
2007,"40610",20,31
2007,"40611",23,51
2007,"40612",116,111
2007,"40613",32,29
2007,"40614",195,180
2007,"40615",97,104
2007,"40616",28,45
2007,"40617",31,50
2007,"40618",62,66
2007,"40619",65,71
2007,"40620",63,66
2007,"40621",89,52
2007,"40622",110,68
2007,"40623",35,52
2007,"40624",189,173
2007,"40625",21,33
2007,"40626",44,77
2007,"40627",80,112
2007,"40701",357,419
2007,"40702",273,208
2007,"40703",484,530
2007,"40704",178,298
2007,"40705",689,719
2007,"40706",43,48
2007,"40707",84,80
2007,"40708",96,115
2007,"40709",37,58
2007,"40710",63,57
2007,"40711",331,329
2007,"40712",13,25
2007,"40713",167,155
2007,"40714",190,186
2007,"40715",53,58
2007,"40716",37,43
2007,"40717",125,125
2007,"40718",72,86
2007,"40719",160,160
2007,"40720",271,237
2007,"40801",42,37
2007,"40802",242,200
2007,"40804",10,18
2007,"40805",213,244
2007,"40806",138,119
2007,"40807",53,32
2007,"40808",230,312
2007,"40809",111,145
2007,"40810",8,17
2007,"40811",58,54
2007,"40812",78,86
2007,"40813",57,69
2007,"40814",44,36
2007,"40815",35,33
2007,"40816",45,54
2007,"40817",31,36
2007,"40818",70,70
2007,"40820",13,12
2007,"40821",37,24
2007,"40822",49,36
2007,"40823",40,37
2007,"40824",41,54
2007,"40825",50,55
2007,"40826",3,9
2007,"40827",149,132
2007,"40828",33,34
2007,"40829",51,69
2007,"40830",33,20
2007,"40831",103,109
2007,"40832",111,121
2007,"40833",39,47
2007,"40834",15,15
2007,"40835",139,127
2007,"40901",40,28
2007,"40902",137,162
2007,"40903",26,34
2007,"40904",83,108
2007,"40905",293,224
2007,"40906",49,47
2007,"40907",222,225
2007,"40908",284,321
2007,"40909",109,132
2007,"40910",68,102
2007,"40911",17,26
2007,"40912",176,156
2007,"40913",109,77
2007,"40914",28,24
2007,"40915",85,100
2007,"40916",20,28
2007,"40917",131,143
2007,"40918",92,116
2007,"40919",18,33
2007,"40920",55,65
2007,"40921",20,17
2007,"40922",86,99
2007,"40923",126,138
2007,"41001",51,65
2007,"41002",842,946
2007,"41003",349,411
2007,"41004",23,30
2007,"41005",631,625
2007,"41006",49,34
2007,"41007",353,265
2007,"41008",126,87
2007,"41009",145,129
2007,"41010",160,73
2007,"41011",115,145
2007,"41012",1697,1342
2007,"41013",262,196
2007,"41014",318,253
2007,"41015",99,87
2007,"41016",63,76
2007,"41017",426,462
2007,"41018",85,70
2007,"41019",160,161
2007,"41020",225,171
2007,"41021",1269,1314
2007,"41022",198,214
2007,"41101",38,28
2007,"41102",59,42
2007,"41103",75,57
2007,"41104",7,28
2007,"41105",114,106
2007,"41106",121,148
2007,"41107",20,41
2007,"41108",387,651
2007,"41109",108,149
2007,"41110",157,179
2007,"41111",283,233
2007,"41112",38,56
2007,"41113",44,61
2007,"41114",141,107
2007,"41115",41,48
2007,"41116",309,298
2007,"41117",31,32
2007,"41118",176,134
2007,"41119",36,62
2007,"41120",141,158
2007,"41121",80,107
2007,"41122",14,20
2007,"41123",48,53
2007,"41124",207,237
2007,"41125",60,100
2007,"41126",57,53
2007,"41201",36,34
2007,"41202",25,46
2007,"41203",135,167
2007,"41204",99,84
2007,"41205",40,28
2007,"41206",15,19
2007,"41207",64,57
2007,"41208",34,52
2007,"41209",68,90
2007,"41210",19,20
2007,"41211",14,38
2007,"41212",30,33
2007,"41213",64,82
2007,"41214",124,109
2007,"41215",55,68
2007,"41216",5,9
2007,"41217",17,33
2007,"41218",98,108
2007,"41219",103,94
2007,"41220",56,86
2007,"41221",35,30
2007,"41222",24,19
2007,"41223",28,30
2007,"41224",42,61
2007,"41225",772,741
2007,"41226",15,14
2007,"41227",42,15
2007,"41228",117,123
2007,"41229",21,39
2007,"41230",26,30
2007,"41231",72,80
2007,"41232",70,64
2007,"41233",47,55
2007,"41234",74,62
2007,"41235",20,31
2007,"41236",23,25
2007,"41304",67,71
2007,"41305",36,25
2007,"41306",6,5
2007,"41307",17,27
2007,"41309",99,65
2007,"41311",10,9
2007,"41312",46,37
2007,"41313",24,22
2007,"41314",15,59
2007,"41315",33,51
2007,"41316",56,64
2007,"41317",18,44
2007,"41318",85,71
2007,"41319",21,14
2007,"41320",13,19
2007,"41321",94,99
2007,"41322",23,29
2007,"41323",35,39
2007,"41324",44,58
2007,"41325",32,52
2007,"41326",38,46
2007,"41327",40,43
2007,"41328",69,88
2007,"41329",27,34
2007,"41331",31,23
2007,"41332",111,107
2007,"41333",15,21
2007,"41334",34,39
2007,"41336",21,20
2007,"41337",20,36
2007,"41338",30,60
2007,"41341",10,14
2007,"41342",93,87
2007,"41343",112,98
2007,"41344",155,192
2007,"41345",34,43
2007,"41346",23,50
2007,"41401",12,16
2007,"41402",184,142
2007,"41403",64,82
2007,"41404",58,41
2007,"41405",28,27
2007,"41406",25,39
2007,"41407",36,45
2007,"41408",49,57
2007,"41409",54,44
2007,"41410",30,32
2007,"41411",44,50
2007,"41412",9,9
2007,"41413",76,67
2007,"41414",56,98
2007,"41415",35,38
2007,"41416",84,82
2007,"41417",30,43
2007,"41418",142,148
2007,"41419",61,51
2007,"41420",16,36
2007,"41421",22,22
2007,"41422",249,266
2007,"41423",42,52
2007,"41424",27,34
2007,"41425",108,107
2007,"41426",88,103
2007,"41427",39,40
2007,"41428",29,31
2007,"41429",35,50
2007,"41430",90,89
2007,"41501",51,56
2007,"41502",81,83
2007,"41503",207,185
2007,"41504",165,95
2007,"41505",49,51
2007,"41506",281,355
2007,"41507",73,82
2007,"41508",22,45
2007,"41509",69,71
2007,"41510",30,39
2007,"41511",76,67
2007,"41512",50,47
2007,"41513",66,58
2007,"41514",95,111
2007,"41515",25,40
2007,"41516",397,401
2007,"41517",127,106
2007,"41518",65,60
2007,"41521",121,107
2007,"41522",110,120
2007,"41601",142,165
2007,"41602",141,148
2007,"41603",104,99
2007,"41604",64,43
2007,"41605",424,260
2007,"41606",127,169
2007,"41607",289,328
2007,"41608",28,23
2007,"41609",173,161
2007,"41610",27,13
2007,"41611",80,90
2007,"41612",56,67
2007,"41613",110,102
2007,"41614",137,77
2007,"41615",75,77
2007,"41616",10,10
2007,"41617",140,183
2007,"41618",175,172
2007,"41619",44,46
2007,"41620",39,35
2007,"41621",46,62
2007,"41622",31,37
2007,"41623",23,23
2007,"41624",204,247
2007,"41626",147,151
2007,"41627",76,70
2007,"41628",42,66
2007,"41701",125,145
2007,"41702",97,70
2007,"41703",493,522
2007,"41704",30,28
2007,"41705",53,56
2007,"41706",30,27
2007,"41707",74,49
2007,"41708",26,23
2007,"41709",105,141
2007,"41710",153,162
2007,"41711",105,104
2007,"41712",19,22
2007,"41713",261,262
2007,"41714",33,41
2007,"41715",225,216
2007,"41716",52,96
2007,"41717",28,27
2007,"41718",45,43
2007,"41719",56,69
2007,"41720",48,54
2007,"41721",28,40
2007,"41722",165,183
2007,"41723",51,45
2007,"41724",20,10
2007,"41725",11,16
2007,"41726",91,76
2007,"41727",15,31
2007,"41728",11,8
2007,"41729",18,19
2007,"41730",75,64
2007,"41731",335,281
2007,"41732",78,91
2007,"41733",1,9
2007,"41734",351,1525
2007,"41735",121,88
2007,"41736",63,83
2007,"41737",157,160
2007,"41738",261,312
2007,"41739",247,204
2007,"41740",49,36
2007,"41741",63,58
2007,"41742",141,133
2007,"41743",489,422
2007,"41744",55,45
2007,"41745",64,60
2007,"41746",732,779
2007,"41747",174,204
2007,"41748",19,25
2007,"41749",38,63
2007,"41750",103,96
2007,"41751",68,71
2007,"41752",46,57
2007,"41801",20,20
2007,"41802",14,43
2007,"41803",94,104
2007,"41804",222,129
2007,"41805",91,81
2007,"41806",84,102
2007,"41807",32,56
2007,"41808",268,158
2007,"41809",45,28
2007,"41810",153,105
2007,"41811",237,240
2007,"41812",683,527
2007,"41813",21,18
2007,"41814",86,56
2007,"41815",28,30
2007,"41816",114,112
2007,"41817",105,78
2007,"41818",88,53
2007,"41819",87,70
2007,"41820",296,288
2007,"41821",65,76
2007,"41822",78,63
2007,"41823",376,328
2007,"41824",136,149
2007,"50101",4476,4940
2007,"50201",182,148
2007,"50202",111,146
2007,"50203",49,59
2007,"50204",135,141
2007,"50205",907,807
2007,"50206",16,28
2007,"50207",240,233
2007,"50208",276,193
2007,"50209",214,205
2007,"50210",9,28
2007,"50211",39,39
2007,"50212",30,42
2007,"50213",81,101
2007,"50301",185,234
2007,"50302",158,106
2007,"50303",227,247
2007,"50304",65,60
2007,"50305",175,204
2007,"50306",50,38
2007,"50307",50,59
2007,"50308",104,114
2007,"50309",241,239
2007,"50310",296,273
2007,"50311",103,71
2007,"50312",111,65
2007,"50313",39,19
2007,"50314",315,275
2007,"50315",161,90
2007,"50316",191,204
2007,"50317",199,244
2007,"50318",11,24
2007,"50319",166,239
2007,"50320",78,115
2007,"50321",125,103
2007,"50322",168,110
2007,"50323",113,94
2007,"50324",358,330
2007,"50325",69,76
2007,"50326",305,306
2007,"50327",223,206
2007,"50328",80,71
2007,"50329",122,130
2007,"50330",127,178
2007,"50331",35,29
2007,"50332",82,91
2007,"50335",255,294
2007,"50336",117,141
2007,"50337",171,168
2007,"50338",554,470
2007,"50339",385,421
2007,"50401",156,141
2007,"50402",176,193
2007,"50403",143,197
2007,"50404",383,334
2007,"50405",61,54
2007,"50406",84,101
2007,"50407",23,41
2007,"50408",87,109
2007,"50409",9,12
2007,"50410",99,78
2007,"50411",52,91
2007,"50412",63,81
2007,"50413",20,34
2007,"50414",34,32
2007,"50415",33,50
2007,"50416",74,99
2007,"50417",166,210
2007,"50418",395,443
2007,"50419",40,48
2007,"50420",142,160
2007,"50421",145,184
2007,"50422",20,41
2007,"50423",80,95
2007,"50424",150,121
2007,"50425",37,28
2007,"50501",6,8
2007,"50502",18,8
2007,"50503",78,63
2007,"50504",62,70
2007,"50505",9,14
2007,"50506",77,91
2007,"50507",8,17
2007,"50508",15,20
2007,"50509",96,131
2007,"50510",153,177
2007,"50511",9,14
2007,"50512",27,42
2007,"50513",24,31
2007,"50514",6,5
2007,"50515",7,30
2007,"50601",119,94
2007,"50602",174,174
2007,"50603",18,23
2007,"50604",19,35
2007,"50605",28,55
2007,"50606",111,139
2007,"50607",9,30
2007,"50608",36,48
2007,"50609",71,67
2007,"50610",55,40
2007,"50611",157,132
2007,"50612",36,75
2007,"50613",181,200
2007,"50614",92,129
2007,"50615",93,93
2007,"50616",142,120
2007,"50617",40,46
2007,"50618",65,110
2007,"50619",444,440
2007,"50620",24,32
2007,"50621",58,68
2007,"50622",107,146
2007,"50623",35,35
2007,"50624",85,89
2007,"50625",20,26
2007,"50626",26,28
2007,"50627",17,24
2007,"50628",409,515
2007,"60101",10370,9335
2007,"60305",124,135
2007,"60318",177,163
2007,"60323",67,73
2007,"60324",122,88
2007,"60326",64,58
2007,"60329",43,71
2007,"60341",46,57
2007,"60344",466,452
2007,"60345",202,251
2007,"60346",177,174
2007,"60347",143,158
2007,"60348",136,133
2007,"60349",154,153
2007,"60350",297,278
2007,"60351",177,183
2007,"60608",477,399
2007,"60611",329,208
2007,"60613",466,368
2007,"60617",219,214
2007,"60618",84,48
2007,"60619",164,158
2007,"60623",126,129
2007,"60624",447,304
2007,"60626",157,108
2007,"60628",186,147
2007,"60629",293,234
2007,"60632",114,118
2007,"60639",37,49
2007,"60641",49,57
2007,"60642",75,76
2007,"60645",160,140
2007,"60646",194,126
2007,"60647",24,21
2007,"60648",137,109
2007,"60651",59,73
2007,"60653",197,204
2007,"60654",136,83
2007,"60655",150,128
2007,"60656",47,77
2007,"60659",210,271
2007,"60660",197,153
2007,"60661",312,293
2007,"60662",213,213
2007,"60663",174,194
2007,"60664",531,487
2007,"60665",306,288
2007,"60666",101,96
2007,"60667",199,213
2007,"60668",97,105
2007,"60669",655,560
2007,"60670",367,292
2007,"61001",88,63
2007,"61002",87,99
2007,"61007",69,72
2007,"61008",79,73
2007,"61012",136,117
2007,"61013",93,73
2007,"61016",88,78
2007,"61017",83,84
2007,"61019",45,65
2007,"61020",52,66
2007,"61021",112,89
2007,"61024",79,87
2007,"61027",82,70
2007,"61030",82,85
2007,"61032",48,43
2007,"61033",110,60
2007,"61043",155,178
2007,"61045",343,381
2007,"61049",122,118
2007,"61050",130,146
2007,"61051",127,121
2007,"61052",119,98
2007,"61053",657,582
2007,"61054",107,116
2007,"61055",61,68
2007,"61057",48,75
2007,"61059",297,239
2007,"61060",135,140
2007,"61061",291,295
2007,"61101",97,170
2007,"61105",19,36
2007,"61106",135,84
2007,"61107",26,43
2007,"61108",1056,1134
2007,"61109",83,45
2007,"61110",132,128
2007,"61111",80,57
2007,"61112",16,23
2007,"61113",151,183
2007,"61114",139,152
2007,"61115",72,76
2007,"61116",54,55
2007,"61118",28,70
2007,"61119",19,20
2007,"61120",387,415
2007,"61203",121,112
2007,"61204",45,74
2007,"61205",26,28
2007,"61206",45,41
2007,"61207",188,185
2007,"61213",133,129
2007,"61215",45,55
2007,"61217",74,122
2007,"61222",68,60
2007,"61236",46,62
2007,"61243",85,99
2007,"61247",108,136
2007,"61251",5,11
2007,"61252",38,52
2007,"61253",174,156
2007,"61254",61,53
2007,"61255",114,153
2007,"61256",43,57
2007,"61257",138,134
2007,"61258",58,95
2007,"61259",345,324
2007,"61260",47,81
2007,"61261",94,79
2007,"61262",85,81
2007,"61263",191,218
2007,"61264",37,85
2007,"61265",205,229
2007,"61266",25,64
2007,"61267",152,165
2007,"61410",22,30
2007,"61413",16,39
2007,"61425",56,82
2007,"61428",21,38
2007,"61437",21,30
2007,"61438",135,130
2007,"61439",160,187
2007,"61440",40,73
2007,"61441",25,43
2007,"61442",27,65
2007,"61443",47,46
2007,"61444",64,87
2007,"61445",38,69
2007,"61446",61,61
2007,"61611",125,118
2007,"61612",142,133
2007,"61615",140,101
2007,"61618",88,106
2007,"61621",45,29
2007,"61624",134,127
2007,"61625",512,523
2007,"61626",266,252
2007,"61627",83,68
2007,"61628",49,68
2007,"61629",21,31
2007,"61630",54,86
2007,"61631",376,456
2007,"61632",108,121
2007,"61633",193,154
2007,"61701",93,61
2007,"61708",28,40
2007,"61710",46,53
2007,"61711",8,19
2007,"61716",100,131
2007,"61719",92,90
2007,"61727",136,102
2007,"61728",10,10
2007,"61729",76,83
2007,"61730",73,59
2007,"61731",45,55
2007,"61740",55,63
2007,"61741",28,55
2007,"61743",12,13
2007,"61744",5,18
2007,"61745",12,26
2007,"61746",154,119
2007,"61748",150,124
2007,"61750",36,49
2007,"61751",86,103
2007,"61756",97,138
2007,"61757",100,145
2007,"61758",37,42
2007,"61759",49,66
2007,"61760",554,462
2007,"61761",42,57
2007,"61762",64,109
2007,"61763",86,130
2007,"61764",123,86
2007,"61765",217,200
2007,"61766",504,466
2007,"62007",283,352
2007,"62008",35,35
2007,"62010",25,49
2007,"62014",42,60
2007,"62021",6,6
2007,"62026",36,42
2007,"62032",25,45
2007,"62034",39,43
2007,"62036",38,45
2007,"62038",319,352
2007,"62039",79,62
2007,"62040",508,504
2007,"62041",511,654
2007,"62042",66,120
2007,"62043",106,125
2007,"62044",86,99
2007,"62045",127,83
2007,"62046",150,148
2007,"62047",268,242
2007,"62048",153,176
2007,"62105",28,52
2007,"62115",201,176
2007,"62116",129,150
2007,"62125",66,76
2007,"62128",185,179
2007,"62131",93,93
2007,"62132",31,59
2007,"62135",60,88
2007,"62138",100,100
2007,"62139",746,770
2007,"62140",916,963
2007,"62141",329,289
2007,"62142",102,125
2007,"62143",306,420
2007,"62144",85,138
2007,"62145",157,229
2007,"62146",244,116
2007,"62147",66,113
2007,"62148",68,85
2007,"62202",75,96
2007,"62205",53,64
2007,"62206",40,48
2007,"62209",36,36
2007,"62211",95,63
2007,"62214",67,117
2007,"62216",43,43
2007,"62219",353,328
2007,"62220",86,102
2007,"62226",53,57
2007,"62232",66,52
2007,"62233",98,97
2007,"62235",77,102
2007,"62242",25,17
2007,"62244",139,99
2007,"62245",37,52
2007,"62247",46,62
2007,"62252",88,65
2007,"62256",145,92
2007,"62262",30,38
2007,"62264",132,94
2007,"62265",54,66
2007,"62266",78,94
2007,"62267",320,316
2007,"62268",107,113
2007,"62269",78,88
2007,"62270",59,76
2007,"62271",123,152
2007,"62272",128,138
2007,"62273",70,95
2007,"62274",69,72
2007,"62275",138,169
2007,"62276",60,77
2007,"62277",79,91
2007,"62278",87,106
2007,"62279",42,51
2007,"62311",49,44
2007,"62314",48,42
2007,"62326",47,50
2007,"62330",30,53
2007,"62332",35,40
2007,"62335",25,36
2007,"62343",28,35
2007,"62368",26,42
2007,"62372",40,28
2007,"62375",240,215
2007,"62376",107,81
2007,"62377",51,60
2007,"62378",209,218
2007,"62379",501,571
2007,"62380",141,146
2007,"62381",85,120
2007,"62382",114,127
2007,"62383",146,129
2007,"62384",130,89
2007,"62385",66,60
2007,"62386",118,170
2007,"62387",44,48
2007,"62388",69,71
2007,"62389",120,120
2007,"62390",110,141
2007,"70101",4439,4117
2007,"70201",84,84
2007,"70202",161,131
2007,"70203",385,436
2007,"70204",20,7
2007,"70205",14,33
2007,"70206",16,11
2007,"70207",31,31
2007,"70208",84,133
2007,"70209",170,133
2007,"70210",19,22
2007,"70211",126,153
2007,"70212",53,69
2007,"70213",62,67
2007,"70214",83,82
2007,"70215",86,72
2007,"70216",78,65
2007,"70217",20,27
2007,"70218",67,71
2007,"70219",82,62
2007,"70220",94,135
2007,"70221",55,60
2007,"70222",90,99
2007,"70223",86,73
2007,"70224",35,50
2007,"70301",352,250
2007,"70302",190,145
2007,"70303",130,112
2007,"70304",236,224
2007,"70305",65,49
2007,"70306",71,61
2007,"70307",28,21
2007,"70308",55,56
2007,"70309",90,130
2007,"70310",144,170
2007,"70311",37,26
2007,"70312",288,311
2007,"70313",39,54
2007,"70314",8,10
2007,"70315",53,65
2007,"70317",6,14
2007,"70318",43,48
2007,"70319",114,119
2007,"70320",110,130
2007,"70322",62,42
2007,"70323",20,17
2007,"70325",45,25
2007,"70326",50,50
2007,"70328",78,71
2007,"70329",216,167
2007,"70331",55,82
2007,"70332",78,85
2007,"70333",57,45
2007,"70334",110,127
2007,"70335",76,59
2007,"70336",12,6
2007,"70337",77,91
2007,"70338",33,29
2007,"70339",39,37
2007,"70340",89,75
2007,"70342",43,40
2007,"70343",46,19
2007,"70344",79,78
2007,"70345",54,66
2007,"70346",398,453
2007,"70347",1,8
2007,"70348",39,66
2007,"70349",3,21
2007,"70350",45,71
2007,"70351",109,145
2007,"70352",32,30
2007,"70353",78,83
2007,"70354",747,734
2007,"70355",157,160
2007,"70356",56,38
2007,"70357",546,526
2007,"70358",184,175
2007,"70359",43,51
2007,"70360",69,69
2007,"70361",15,5
2007,"70362",20,20
2007,"70364",377,352
2007,"70365",185,193
2007,"70366",26,25
2007,"70367",356,357
2007,"70368",49,48
2007,"70369",401,349
2007,"70370",117,118
2007,"70401",34,52
2007,"70402",51,88
2007,"70403",269,312
2007,"70404",93,86
2007,"70405",31,41
2007,"70406",184,141
2007,"70407",38,46
2007,"70408",49,50
2007,"70409",146,198
2007,"70410",149,150
2007,"70411",246,320
2007,"70412",132,157
2007,"70413",54,84
2007,"70414",59,67
2007,"70415",27,42
2007,"70416",334,288
2007,"70417",61,41
2007,"70418",10,18
2007,"70419",43,51
2007,"70420",55,88
2007,"70501",48,48
2007,"70502",29,34
2007,"70503",112,121
2007,"70504",36,46
2007,"70505",78,90
2007,"70506",160,165
2007,"70508",199,213
2007,"70509",79,103
2007,"70510",33,32
2007,"70511",295,283
2007,"70512",188,196
2007,"70513",730,557
2007,"70514",125,135
2007,"70515",172,170
2007,"70516",20,8
2007,"70517",110,112
2007,"70518",76,104
2007,"70519",15,22
2007,"70520",119,118
2007,"70521",37,43
2007,"70522",146,148
2007,"70523",7,14
2007,"70524",40,49
2007,"70525",77,86
2007,"70526",85,108
2007,"70527",96,108
2007,"70528",92,65
2007,"70529",44,47
2007,"70530",60,88
2007,"70531",486,515
2007,"70601",23,3
2007,"70602",2,5
2007,"70603",20,27
2007,"70604",132,119
2007,"70605",48,41
2007,"70606",12,11
2007,"70607",59,50
2007,"70608",50,45
2007,"70609",29,35
2007,"70610",10,5
2007,"70611",5,14
2007,"70612",12,7
2007,"70613",6,15
2007,"70614",320,308
2007,"70615",21,31
2007,"70616",32,39
2007,"70617",47,61
2007,"70618",27,35
2007,"70619",56,80
2007,"70620",54,50
2007,"70621",61,78
2007,"70622",36,75
2007,"70623",35,22
2007,"70624",38,48
2007,"70625",1,5
2007,"70626",18,22
2007,"70627",17,20
2007,"70628",11,21
2007,"70629",8,27
2007,"70630",127,129
2007,"70701",4,14
2007,"70702",26,27
2007,"70703",19,13
2007,"70704",12,26
2007,"70705",31,72
2007,"70706",9,11
2007,"70707",109,80
2007,"70708",24,27
2007,"70709",13,15
2007,"70710",9,20
2007,"70711",18,27
2007,"70712",11,39
2007,"70713",8,21
2007,"70714",12,17
2007,"70715",22,43
2007,"70716",512,506
2007,"70717",108,122
2007,"70718",17,24
2007,"70719",124,132
2007,"70720",30,38
2007,"70721",4,14
2007,"70723",12,12
2007,"70724",9,19
2007,"70725",6,8
2007,"70726",3,12
2007,"70727",7,11
2007,"70728",52,36
2007,"70729",9,19
2007,"70731",17,30
2007,"70732",54,50
2007,"70733",4,11
2007,"70734",21,35
2007,"70735",16,27
2007,"70801",31,25
2007,"70802",4,17
2007,"70803",16,9
2007,"70804",23,32
2007,"70805",127,124
2007,"70806",57,32
2007,"70807",44,70
2007,"70808",16,33
2007,"70809",8,15
2007,"70810",11,9
2007,"70811",22,26
2007,"70812",3,0
2007,"70813",19,12
2007,"70814",12,22
2007,"70815",0,2
2007,"70816",31,66
2007,"70817",10,18
2007,"70818",3,3
2007,"70819",1,3
2007,"70820",102,98
2007,"70821",63,45
2007,"70822",15,15
2007,"70823",1,2
2007,"70824",16,13
2007,"70825",1,2
2007,"70826",61,86
2007,"70827",4,8
2007,"70828",329,292
2007,"70829",12,17
2007,"70830",10,5
2007,"70831",10,19
2007,"70832",29,42
2007,"70833",24,25
2007,"70834",2,7
2007,"70835",25,50
2007,"70836",27,28
2007,"70837",9,6
2007,"70901",70,98
2007,"70902",31,62
2007,"70903",8,9
2007,"70904",26,27
2007,"70905",112,135
2007,"70907",124,122
2007,"70908",29,48
2007,"70909",142,164
2007,"70910",54,52
2007,"70911",20,26
2007,"70912",8,21
2007,"70913",10,12
2007,"70914",20,17
2007,"70915",39,40
2007,"70916",30,40
2007,"70917",235,257
2007,"70918",66,79
2007,"70920",104,168
2007,"70921",49,57
2007,"70922",62,56
2007,"70923",68,81
2007,"70924",26,12
2007,"70925",59,71
2007,"70926",704,526
2007,"70927",52,52
2007,"70928",73,77
2007,"70929",7,9
2007,"70930",51,40
2007,"70931",66,69
2007,"70932",23,19
2007,"70933",84,109
2007,"70934",36,43
2007,"70935",74,79
2007,"70936",226,253
2007,"70937",68,76
2007,"70938",51,63
2007,"70939",106,79
2007,"70940",49,72
2007,"70941",17,24
2007,"80101",87,87
2007,"80102",20,7
2007,"80103",757,789
2007,"80104",138,198
2007,"80105",30,35
2007,"80106",190,214
2007,"80107",28,32
2007,"80108",52,76
2007,"80109",12,13
2007,"80110",30,64
2007,"80111",71,52
2007,"80112",38,48
2007,"80113",72,93
2007,"80114",17,22
2007,"80115",244,187
2007,"80116",360,429
2007,"80117",286,260
2007,"80118",18,38
2007,"80119",39,31
2007,"80120",72,86
2007,"80121",8,16
2007,"80122",156,181
2007,"80123",24,26
2007,"80124",8,22
2007,"80125",34,16
2007,"80126",123,155
2007,"80127",26,35
2007,"80128",71,94
2007,"80129",128,175
2007,"80201",127,115
2007,"80202",94,74
2007,"80203",38,54
2007,"80204",90,132
2007,"80205",14,38
2007,"80206",42,28
2007,"80207",1515,1486
2007,"80208",10,26
2007,"80209",4,11
2007,"80210",27,33
2007,"80211",98,136
2007,"80212",22,16
2007,"80213",297,223
2007,"80214",80,76
2007,"80215",747,638
2007,"80216",66,89
2007,"80217",338,376
2007,"80218",247,287
2007,"80219",59,60
2007,"80220",115,129
2007,"80221",28,48
2007,"80222",67,69
2007,"80223",43,43
2007,"80224",587,587
2007,"80225",41,54
2007,"80226",266,332
2007,"80227",56,44
2007,"80228",33,73
2007,"80229",11,10
2007,"80230",45,34
2007,"80231",28,29
2007,"80232",20,20
2007,"80233",6,36
2007,"80234",4,5
2007,"80235",239,227
2007,"80236",34,70
2007,"80237",8,5
2007,"80238",49,62
2007,"80239",12,11
2007,"80240",438,437
2007,"80301",1664,1502
2007,"80302",785,742
2007,"80303",673,695
2007,"80401",303,287
2007,"80402",17,14
2007,"80403",7,7
2007,"80404",1512,1393
2007,"80405",351,399
2007,"80406",25,39
2007,"80407",114,113
2007,"80408",626,596
2007,"80409",162,181
2007,"80410",216,215
2007,"80411",7,36
2007,"80412",229,144
2007,"80413",133,92
2007,"80414",555,610
2007,"80415",22,9
2007,"80416",150,115
2007,"80417",128,111
2007,"80418",149,151
2007,"80419",29,27
2007,"80420",148,162
2007,"80421",27,30
2007,"80422",12,13
2007,"80423",131,143
2007,"80424",177,243
2007,"90101",1046,1211
2007,"90201",8335,9133
2007,"90301",6255,7428
2007,"90401",2473,2633
2007,"90501",5255,5672
2007,"90601",3080,3453
2007,"90701",2842,3073
2007,"90801",3067,3738
2007,"90901",4765,4824
2007,"91001",11640,11372
2007,"91101",7888,5729
2007,"91201",7314,7187
2007,"91301",3031,3013
2007,"91401",6069,5999
2007,"91501",7157,8077
2007,"91601",7992,8816
2007,"91701",4807,5354
2007,"91801",3946,4306
2007,"91901",4274,4193
2007,"92001",6960,7670
2007,"92101",8362,7445
2007,"92201",8080,6910
2007,"92301",5326,4530
2008,"10101",752,571
2008,"10201",118,64
2008,"10301",98,68
2008,"10302",76,66
2008,"10303",81,80
2008,"10304",140,85
2008,"10305",45,24
2008,"10306",29,25
2008,"10307",49,68
2008,"10308",74,59
2008,"10309",165,143
2008,"10310",46,49
2008,"10311",36,28
2008,"10312",81,51
2008,"10313",106,95
2008,"10314",54,39
2008,"10315",130,125
2008,"10316",135,64
2008,"10317",82,82
2008,"10318",83,56
2008,"10319",57,52
2008,"10320",26,7
2008,"10321",21,23
2008,"10322",40,40
2008,"10323",76,64
2008,"10401",18,33
2008,"10402",71,57
2008,"10403",43,52
2008,"10404",33,35
2008,"10405",190,200
2008,"10406",21,15
2008,"10407",66,39
2008,"10408",78,68
2008,"10409",22,31
2008,"10410",21,22
2008,"10411",84,47
2008,"10412",28,22
2008,"10413",33,37
2008,"10414",139,95
2008,"10415",77,101
2008,"10416",52,54
2008,"10417",89,102
2008,"10418",13,13
2008,"10419",25,11
2008,"10420",12,11
2008,"10421",16,12
2008,"10422",6,9
2008,"10423",3,1
2008,"10424",10,3
2008,"10425",11,5
2008,"10426",9,7
2008,"10427",18,21
2008,"10428",12,10
2008,"10501",61,47
2008,"10502",23,41
2008,"10503",55,41
2008,"10504",122,134
2008,"10505",30,29
2008,"10506",56,52
2008,"10507",25,31
2008,"10508",89,77
2008,"10509",64,58
2008,"10510",25,25
2008,"10511",15,23
2008,"10512",7,14
2008,"10601",62,39
2008,"10602",106,83
2008,"10603",33,27
2008,"10604",35,50
2008,"10605",71,72
2008,"10606",284,250
2008,"10607",299,245
2008,"10608",20,20
2008,"10609",116,108
2008,"10610",96,72
2008,"10611",86,80
2008,"10612",67,75
2008,"10613",54,77
2008,"10614",52,50
2008,"10615",85,86
2008,"10616",34,35
2008,"10617",46,35
2008,"10618",43,30
2008,"10619",11,15
2008,"10701",48,42
2008,"10702",39,33
2008,"10703",159,208
2008,"10704",26,24
2008,"10705",84,114
2008,"10706",44,30
2008,"10707",134,98
2008,"10708",24,37
2008,"10709",60,56
2008,"10710",68,52
2008,"10711",85,58
2008,"10712",51,62
2008,"10713",392,262
2008,"10714",62,37
2008,"10715",27,33
2008,"10716",29,34
2008,"10717",189,133
2008,"10718",55,44
2008,"10719",29,25
2008,"10720",27,20
2008,"10721",42,23
2008,"10722",106,63
2008,"10723",68,22
2008,"10724",65,53
2008,"10725",31,18
2008,"10726",28,12
2008,"10727",21,15
2008,"10801",84,95
2008,"10802",35,36
2008,"10803",44,31
2008,"10804",46,58
2008,"10805",54,106
2008,"10806",25,16
2008,"10807",69,49
2008,"10808",63,65
2008,"10809",68,63
2008,"10810",15,32
2008,"10811",81,61
2008,"10812",38,32
2008,"10813",44,26
2008,"10814",38,44
2008,"10815",71,39
2008,"10816",196,186
2008,"10817",47,45
2008,"10818",26,24
2008,"10819",52,24
2008,"10820",38,31
2008,"10821",50,57
2008,"10822",58,47
2008,"10823",78,48
2008,"10824",13,23
2008,"10825",33,51
2008,"10826",11,17
2008,"10827",12,14
2008,"10828",22,22
2008,"10901",56,67
2008,"10902",119,123
2008,"10903",40,19
2008,"10904",48,26
2008,"10905",132,147
2008,"10906",25,37
2008,"10907",68,61
2008,"10908",83,87
2008,"10909",46,62
2008,"10910",45,37
2008,"10911",30,49
2008,"10912",89,79
2008,"10913",19,24
2008,"10914",65,42
2008,"10915",31,26
2008,"10916",105,103
2008,"10917",438,362
2008,"10918",312,231
2008,"10919",163,118
2008,"10920",81,76
2008,"10921",54,52
2008,"10922",31,30
2008,"10923",60,69
2008,"10924",21,23
2008,"10925",50,34
2008,"10926",27,24
2008,"10927",28,37
2008,"10928",71,54
2008,"10929",38,15
2008,"10930",22,22
2008,"10931",7,12
2008,"10932",7,7
2008,"20101",3940,3519
2008,"20201",2164,2059
2008,"20302",26,38
2008,"20305",171,192
2008,"20306",125,150
2008,"20307",83,84
2008,"20316",37,69
2008,"20320",21,37
2008,"20321",26,34
2008,"20402",448,407
2008,"20403",80,106
2008,"20405",248,250
2008,"20409",117,127
2008,"20412",146,115
2008,"20414",175,158
2008,"20415",221,245
2008,"20416",60,56
2008,"20417",131,122
2008,"20418",190,196
2008,"20419",126,69
2008,"20421",309,298
2008,"20424",119,142
2008,"20425",163,162
2008,"20428",23,43
2008,"20432",149,131
2008,"20435",110,109
2008,"20441",11,12
2008,"20442",206,132
2008,"20501",205,300
2008,"20502",146,133
2008,"20503",37,33
2008,"20504",111,114
2008,"20505",203,211
2008,"20506",57,67
2008,"20508",41,66
2008,"20509",83,76
2008,"20511",44,55
2008,"20512",124,111
2008,"20513",95,96
2008,"20515",175,159
2008,"20518",47,73
2008,"20519",44,66
2008,"20520",76,59
2008,"20523",173,157
2008,"20527",600,667
2008,"20530",96,102
2008,"20531",58,101
2008,"20534",134,171
2008,"20601",69,86
2008,"20602",77,86
2008,"20603",38,42
2008,"20604",25,52
2008,"20605",33,61
2008,"20607",32,47
2008,"20608",90,96
2008,"20609",39,58
2008,"20610",12,32
2008,"20611",41,43
2008,"20613",24,48
2008,"20616",60,64
2008,"20618",14,33
2008,"20619",40,61
2008,"20620",126,129
2008,"20622",21,25
2008,"20624",114,72
2008,"20625",32,40
2008,"20627",66,62
2008,"20630",202,337
2008,"20631",52,60
2008,"20632",38,49
2008,"20633",36,70
2008,"20634",219,224
2008,"20635",623,619
2008,"20636",40,34
2008,"20637",56,79
2008,"20638",25,47
2008,"20639",16,22
2008,"20640",52,33
2008,"20642",34,71
2008,"20643",76,106
2008,"20644",78,105
2008,"20701",30,44
2008,"20702",289,266
2008,"20703",48,51
2008,"20705",73,95
2008,"20707",27,33
2008,"20708",41,52
2008,"20710",67,122
2008,"20711",428,395
2008,"20712",38,41
2008,"20713",26,44
2008,"20719",60,71
2008,"20720",209,192
2008,"20721",80,83
2008,"20722",134,156
2008,"20723",35,60
2008,"20724",260,204
2008,"20725",384,362
2008,"20726",116,128
2008,"20727",303,263
2008,"20801",164,140
2008,"20802",33,30
2008,"20803",240,259
2008,"20804",88,81
2008,"20805",67,116
2008,"20806",64,64
2008,"20807",72,82
2008,"20808",158,156
2008,"20810",45,56
2008,"20812",89,84
2008,"20813",308,420
2008,"20815",55,61
2008,"20817",427,461
2008,"20901",109,119
2008,"20905",124,128
2008,"20909",88,102
2008,"20911",11,29
2008,"20912",47,61
2008,"20913",401,483
2008,"20914",63,81
2008,"20918",134,136
2008,"20923",689,797
2008,"21001",26,37
2008,"21002",579,517
2008,"21003",87,82
2008,"21004",59,54
2008,"21005",109,129
2008,"21006",39,51
2008,"21007",69,77
2008,"21008",99,114
2008,"21009",165,134
2008,"21010",53,88
2008,"30101",1309,1279
2008,"30201",1952,1956
2008,"30301",361,350
2008,"30401",2144,1776
2008,"30501",91,58
2008,"30502",857,998
2008,"30503",114,119
2008,"30504",158,127
2008,"30506",113,134
2008,"30507",61,65
2008,"30508",181,147
2008,"30509",79,90
2008,"30510",18,27
2008,"30511",68,71
2008,"30512",36,41
2008,"30514",205,148
2008,"30515",120,102
2008,"30516",31,58
2008,"30517",146,144
2008,"30520",97,77
2008,"30521",45,49
2008,"30522",65,69
2008,"30524",60,70
2008,"30526",8,15
2008,"30527",128,113
2008,"30529",119,108
2008,"30530",156,129
2008,"30531",389,325
2008,"30532",94,88
2008,"30533",132,209
2008,"30534",62,69
2008,"30536",40,52
2008,"30538",139,83
2008,"30539",56,62
2008,"30541",65,70
2008,"30542",43,48
2008,"30543",76,81
2008,"30544",60,54
2008,"30601",181,96
2008,"30602",151,166
2008,"30603",706,533
2008,"30604",1350,1333
2008,"30605",422,314
2008,"30607",458,428
2008,"30608",187,176
2008,"30609",23,20
2008,"30612",94,100
2008,"30613",93,93
2008,"30614",71,38
2008,"30615",299,280
2008,"30616",78,61
2008,"30618",433,396
2008,"30620",289,255
2008,"30621",166,98
2008,"30623",236,211
2008,"30625",176,137
2008,"30626",301,215
2008,"30627",157,176
2008,"30629",96,63
2008,"30631",165,102
2008,"30633",46,40
2008,"30635",59,83
2008,"30636",53,60
2008,"30637",112,113
2008,"30639",1056,1578
2008,"30641",231,116
2008,"30645",118,121
2008,"30646",110,140
2008,"30701",28,26
2008,"30702",79,64
2008,"30703",13,23
2008,"30704",309,258
2008,"30706",146,131
2008,"30708",47,34
2008,"30709",109,122
2008,"30710",302,275
2008,"30711",77,62
2008,"30712",55,41
2008,"30713",60,45
2008,"30715",40,23
2008,"30716",147,131
2008,"30718",38,45
2008,"30719",45,51
2008,"30721",69,54
2008,"30722",54,35
2008,"30724",50,69
2008,"30726",111,92
2008,"30728",19,26
2008,"30729",165,160
2008,"30730",281,203
2008,"30731",203,119
2008,"30732",350,219
2008,"30733",34,41
2008,"30734",104,94
2008,"30735",285,178
2008,"30736",127,117
2008,"30737",72,76
2008,"30738",45,35
2008,"30739",110,92
2008,"30740",759,661
2008,"30741",96,80
2008,"30801",8,3
2008,"30802",13,7
2008,"30803",169,166
2008,"30804",39,48
2008,"30805",97,67
2008,"30808",402,304
2008,"30810",46,62
2008,"30811",121,91
2008,"30812",22,17
2008,"30813",37,33
2008,"30814",73,74
2008,"30817",690,465
2008,"30819",11,12
2008,"30821",527,332
2008,"30822",9,5
2008,"30824",44,69
2008,"30825",44,40
2008,"30826",30,41
2008,"30827",85,93
2008,"30828",18,20
2008,"30829",19,23
2008,"30830",128,88
2008,"30831",157,105
2008,"30834",16,23
2008,"30835",158,149
2008,"30836",34,31
2008,"30838",134,102
2008,"30841",46,58
2008,"30842",105,72
2008,"30844",95,62
2008,"30845",58,67
2008,"30846",9,2
2008,"30848",82,87
2008,"30849",25,26
2008,"30850",35,45
2008,"30852",82,82
2008,"30854",27,46
2008,"30856",473,338
2008,"30857",43,39
2008,"30858",56,54
2008,"30859",29,28
2008,"30860",79,65
2008,"30863",273,170
2008,"30865",19,31
2008,"30902",19,21
2008,"30903",52,42
2008,"30904",20,27
2008,"30906",25,21
2008,"30908",225,234
2008,"30909",70,58
2008,"30910",58,68
2008,"30912",37,29
2008,"30913",23,21
2008,"30915",21,19
2008,"30916",124,136
2008,"30917",11,17
2008,"30920",116,116
2008,"30921",39,37
2008,"30925",63,70
2008,"30929",14,21
2008,"30932",26,32
2008,"30935",205,188
2008,"30939",30,25
2008,"30940",16,26
2008,"30942",58,66
2008,"31001",40,28
2008,"31008",103,99
2008,"31009",64,39
2008,"31014",33,40
2008,"31015",57,77
2008,"31016",39,45
2008,"31018",53,69
2008,"31019",47,34
2008,"31021",72,40
2008,"31022",548,461
2008,"31025",16,30
2008,"31026",89,58
2008,"31028",37,45
2008,"31033",39,37
2008,"31035",59,62
2008,"31036",51,79
2008,"31037",198,134
2008,"31038",36,35
2008,"31041",24,27
2008,"31042",52,44
2008,"31043",53,67
2008,"31051",90,89
2008,"31052",95,82
2008,"31053",101,138
2008,"31101",12,24
2008,"31102",36,28
2008,"31103",40,54
2008,"31104",38,62
2008,"31105",160,154
2008,"31106",127,116
2008,"31107",31,37
2008,"31109",323,259
2008,"31110",33,28
2008,"31111",26,22
2008,"31113",10,18
2008,"31114",23,14
2008,"31117",13,13
2008,"31119",15,18
2008,"31120",27,25
2008,"31121",57,73
2008,"31123",26,25
2008,"31124",68,59
2008,"31129",56,42
2008,"31130",29,18
2008,"31201",197,184
2008,"31202",66,41
2008,"31203",123,85
2008,"31204",53,41
2008,"31205",56,93
2008,"31206",115,96
2008,"31207",178,109
2008,"31208",181,146
2008,"31213",795,573
2008,"31214",427,353
2008,"31215",39,38
2008,"31216",188,225
2008,"31224",44,50
2008,"31226",183,112
2008,"31227",127,91
2008,"31228",41,49
2008,"31229",50,41
2008,"31230",701,576
2008,"31234",73,56
2008,"31235",580,392
2008,"31301",23,13
2008,"31302",21,24
2008,"31303",55,35
2008,"31304",26,28
2008,"31308",132,103
2008,"31309",112,105
2008,"31310",80,72
2008,"31311",118,117
2008,"31315",92,118
2008,"31319",40,40
2008,"31321",28,26
2008,"31322",314,273
2008,"31323",36,47
2008,"31324",46,52
2008,"31326",20,16
2008,"31327",214,194
2008,"31330",33,37
2008,"31333",158,116
2008,"31336",73,42
2008,"31337",102,58
2008,"31338",34,32
2008,"31340",25,31
2008,"31343",107,104
2008,"31344",72,55
2008,"31346",49,55
2008,"31347",19,16
2008,"31350",14,29
2008,"31351",28,30
2008,"31355",102,100
2008,"31356",34,14
2008,"31401",35,47
2008,"31402",96,60
2008,"31403",252,218
2008,"31404",33,44
2008,"31405",31,46
2008,"31406",14,43
2008,"31407",125,199
2008,"31408",30,46
2008,"31409",43,41
2008,"31410",55,50
2008,"31411",50,66
2008,"31412",163,161
2008,"31413",194,196
2008,"31414",63,58
2008,"31502",25,34
2008,"31503",68,81
2008,"31504",39,42
2008,"31505",115,138
2008,"31506",17,14
2008,"31507",84,72
2008,"31508",50,70
2008,"31509",64,71
2008,"31511",56,54
2008,"31513",54,26
2008,"31514",54,71
2008,"31515",25,35
2008,"31516",72,47
2008,"31517",48,50
2008,"31519",46,62
2008,"31520",207,170
2008,"31521",107,93
2008,"31522",59,60
2008,"31523",43,39
2008,"31524",337,308
2008,"31525",46,68
2008,"31527",90,113
2008,"31528",30,19
2008,"31530",64,64
2008,"31531",64,92
2008,"31533",228,208
2008,"31534",50,72
2008,"31535",20,19
2008,"31537",107,85
2008,"31539",121,88
2008,"31540",37,53
2008,"31541",14,18
2008,"31542",43,70
2008,"31543",26,36
2008,"31546",27,26
2008,"31549",297,234
2008,"31550",38,36
2008,"31551",57,95
2008,"31552",36,35
2008,"31553",61,73
2008,"31601",29,36
2008,"31603",60,50
2008,"31604",56,60
2008,"31605",47,33
2008,"31606",46,32
2008,"31608",9,7
2008,"31609",26,15
2008,"31611",16,26
2008,"31612",136,137
2008,"31613",18,21
2008,"31614",93,102
2008,"31615",56,40
2008,"31616",31,34
2008,"31617",50,59
2008,"31620",30,25
2008,"31621",39,41
2008,"31622",45,35
2008,"31627",39,46
2008,"31628",71,72
2008,"31629",227,137
2008,"31630",112,90
2008,"31633",466,366
2008,"31634",55,33
2008,"31636",31,33
2008,"31642",47,43
2008,"31644",161,171
2008,"31645",50,56
2008,"31646",29,34
2008,"31649",51,58
2008,"31650",37,38
2008,"31651",118,87
2008,"31652",13,8
2008,"31653",55,24
2008,"31654",58,86
2008,"31655",283,273
2008,"31658",2,9
2008,"31701",73,51
2008,"31702",88,131
2008,"31703",313,250
2008,"31704",708,614
2008,"31706",73,69
2008,"31707",126,84
2008,"31709",178,186
2008,"31710",421,423
2008,"31711",48,55
2008,"31712",250,246
2008,"31713",191,148
2008,"31714",37,47
2008,"31715",138,146
2008,"31716",471,474
2008,"31717",1268,1334
2008,"31718",165,94
2008,"31719",717,636
2008,"31723",529,315
2008,"31725",433,507
2008,"31726",94,103
2008,"31801",14,14
2008,"31802",78,78
2008,"31803",46,124
2008,"31804",82,67
2008,"31805",18,21
2008,"31806",25,17
2008,"31807",34,55
2008,"31808",63,90
2008,"31809",47,42
2008,"31810",269,239
2008,"31811",91,114
2008,"31812",70,79
2008,"31813",129,135
2008,"31814",80,114
2008,"31815",15,17
2008,"31817",65,75
2008,"31818",657,634
2008,"31820",15,13
2008,"31821",89,111
2008,"31823",78,94
2008,"31825",30,31
2008,"31826",77,69
2008,"31827",11,8
2008,"31829",183,288
2008,"31830",19,8
2008,"31831",131,120
2008,"31832",84,85
2008,"31833",54,53
2008,"31834",16,17
2008,"31835",173,111
2008,"31836",14,28
2008,"31837",92,63
2008,"31838",31,29
2008,"31839",484,590
2008,"31840",30,43
2008,"31841",5,15
2008,"31842",8,2
2008,"31843",49,51
2008,"31844",62,65
2008,"31845",41,34
2008,"31846",109,119
2008,"31847",83,35
2008,"31848",19,36
2008,"31849",55,59
2008,"31901",142,124
2008,"31902",140,81
2008,"31903",180,207
2008,"31904",70,54
2008,"31905",221,175
2008,"31906",80,101
2008,"31907",27,40
2008,"31909",71,100
2008,"31910",61,73
2008,"31911",92,26
2008,"31912",365,364
2008,"31913",83,65
2008,"31915",53,48
2008,"31916",62,58
2008,"31917",41,45
2008,"31918",108,103
2008,"31919",147,88
2008,"31920",22,19
2008,"31921",132,105
2008,"31922",113,95
2008,"31923",40,30
2008,"31925",52,38
2008,"31926",412,305
2008,"31927",84,64
2008,"31928",64,52
2008,"31929",203,202
2008,"31930",50,72
2008,"31932",53,89
2008,"31934",159,118
2008,"31935",80,89
2008,"31938",32,43
2008,"31939",10,21
2008,"31940",87,75
2008,"31941",59,28
2008,"31943",245,285
2008,"31945",58,51
2008,"31946",34,41
2008,"31947",300,284
2008,"31948",99,158
2008,"31949",275,212
2008,"31950",201,154
2008,"31951",595,273
2008,"31952",564,453
2008,"31953",149,139
2008,"31954",92,69
2008,"32001",71,128
2008,"32002",79,102
2008,"32003",96,102
2008,"32004",37,37
2008,"32005",39,75
2008,"32006",78,86
2008,"32007",36,50
2008,"32008",160,169
2008,"32009",38,50
2008,"32010",32,30
2008,"32011",32,32
2008,"32012",28,37
2008,"32013",122,118
2008,"32014",46,88
2008,"32015",45,23
2008,"32016",227,234
2008,"32017",189,105
2008,"32018",51,51
2008,"32101",104,69
2008,"32104",90,95
2008,"32106",82,68
2008,"32107",137,82
2008,"32109",18,14
2008,"32110",125,104
2008,"32112",111,124
2008,"32114",94,102
2008,"32115",57,63
2008,"32116",89,119
2008,"32119",109,95
2008,"32120",86,96
2008,"32131",319,289
2008,"32132",92,61
2008,"32134",150,107
2008,"32135",735,557
2008,"32139",56,62
2008,"32140",135,82
2008,"32141",174,123
2008,"32142",412,291
2008,"32143",84,40
2008,"32144",1126,855
2008,"32202",38,59
2008,"32203",55,54
2008,"32206",31,37
2008,"32207",109,122
2008,"32209",59,60
2008,"32210",37,28
2008,"32212",26,35
2008,"32214",16,21
2008,"32216",111,101
2008,"32217",40,33
2008,"32219",47,70
2008,"32220",199,198
2008,"32221",23,30
2008,"32222",9,12
2008,"32223",31,31
2008,"32301",175,110
2008,"32302",27,19
2008,"32304",172,167
2008,"32305",278,211
2008,"32306",139,122
2008,"32307",229,233
2008,"32308",65,66
2008,"32309",25,35
2008,"32310",33,35
2008,"32311",61,56
2008,"32312",28,61
2008,"32313",100,121
2008,"32314",71,55
2008,"32315",46,65
2008,"32316",148,136
2008,"32317",26,18
2008,"32318",164,153
2008,"32319",177,131
2008,"32320",115,82
2008,"32321",9,28
2008,"32322",22,25
2008,"32323",156,124
2008,"32324",14,18
2008,"32325",47,55
2008,"32326",17,24
2008,"32327",242,215
2008,"32330",231,206
2008,"32331",59,101
2008,"32332",123,126
2008,"32333",52,47
2008,"32334",44,36
2008,"32335",24,27
2008,"32336",119,124
2008,"32337",241,235
2008,"32338",101,96
2008,"32501",66,73
2008,"32502",36,33
2008,"32503",4,9
2008,"32504",38,46
2008,"32505",50,46
2008,"32506",24,21
2008,"32508",74,89
2008,"32509",27,24
2008,"32511",11,21
2008,"32514",11,17
2008,"32515",27,39
2008,"32516",32,44
2008,"32517",16,8
2008,"32518",31,29
2008,"32519",8,18
2008,"32520",24,46
2008,"32521",37,38
2008,"32522",39,35
2008,"32523",12,9
2008,"32524",40,63
2008,"32525",39,53
2008,"32528",27,30
2008,"32529",43,52
2008,"32530",249,247
2008,"40101",7580,7835
2008,"40201",1443,1772
2008,"40301",2540,2703
2008,"40401",168,188
2008,"40402",104,68
2008,"40403",22,31
2008,"40404",581,615
2008,"40405",125,139
2008,"40406",101,81
2008,"40407",45,52
2008,"40408",38,40
2008,"40409",50,65
2008,"40410",38,29
2008,"40411",29,16
2008,"40412",51,59
2008,"40413",185,188
2008,"40414",35,53
2008,"40415",40,48
2008,"40416",28,35
2008,"40417",44,43
2008,"40418",166,151
2008,"40419",112,88
2008,"40420",50,24
2008,"40421",363,283
2008,"40422",152,150
2008,"40423",23,26
2008,"40424",42,25
2008,"40425",73,69
2008,"40426",152,147
2008,"40427",73,81
2008,"40428",143,123
2008,"40429",44,37
2008,"40430",57,24
2008,"40431",53,49
2008,"40432",64,71
2008,"40433",42,21
2008,"40434",29,32
2008,"40435",15,14
2008,"40436",48,41
2008,"40437",132,158
2008,"40438",102,117
2008,"40439",5,5
2008,"40440",16,7
2008,"40441",169,177
2008,"40442",29,19
2008,"40443",40,50
2008,"40444",17,29
2008,"40445",19,21
2008,"40446",43,49
2008,"40501",181,152
2008,"40502",83,95
2008,"40503",256,179
2008,"40504",80,85
2008,"40505",20,29
2008,"40506",88,128
2008,"40507",63,70
2008,"40508",87,107
2008,"40509",95,86
2008,"40510",42,66
2008,"40511",150,142
2008,"40512",52,35
2008,"40601",335,355
2008,"40602",57,47
2008,"40603",96,84
2008,"40604",89,98
2008,"40605",30,31
2008,"40606",7,8
2008,"40607",59,74
2008,"40608",69,92
2008,"40609",99,101
2008,"40610",25,29
2008,"40611",41,43
2008,"40612",76,104
2008,"40613",30,41
2008,"40614",162,143
2008,"40615",98,98
2008,"40616",37,48
2008,"40617",24,35
2008,"40618",108,91
2008,"40619",30,54
2008,"40620",83,103
2008,"40621",95,59
2008,"40622",48,61
2008,"40623",41,40
2008,"40624",198,117
2008,"40625",22,35
2008,"40626",46,72
2008,"40627",78,100
2008,"40701",395,384
2008,"40702",175,221
2008,"40703",564,495
2008,"40704",183,231
2008,"40705",739,724
2008,"40706",54,53
2008,"40707",53,67
2008,"40708",137,103
2008,"40709",44,48
2008,"40710",57,58
2008,"40711",295,333
2008,"40712",15,28
2008,"40713",179,173
2008,"40714",150,204
2008,"40715",47,73
2008,"40716",30,34
2008,"40717",88,93
2008,"40718",66,87
2008,"40719",136,132
2008,"40720",234,236
2008,"40801",23,28
2008,"40802",258,199
2008,"40804",19,37
2008,"40805",218,207
2008,"40806",142,154
2008,"40807",73,53
2008,"40808",235,248
2008,"40809",109,95
2008,"40810",8,18
2008,"40811",75,72
2008,"40812",82,96
2008,"40813",58,72
2008,"40814",71,45
2008,"40815",42,41
2008,"40816",51,59
2008,"40817",40,36
2008,"40818",52,97
2008,"40820",22,15
2008,"40821",20,31
2008,"40822",90,58
2008,"40823",36,40
2008,"40824",30,55
2008,"40825",36,55
2008,"40826",6,13
2008,"40827",156,177
2008,"40828",15,35
2008,"40829",65,86
2008,"40830",58,44
2008,"40831",137,92
2008,"40832",115,135
2008,"40833",54,56
2008,"40834",15,24
2008,"40835",152,144
2008,"40901",25,38
2008,"40902",140,138
2008,"40903",31,37
2008,"40904",90,70
2008,"40905",241,284
2008,"40906",56,73
2008,"40907",261,228
2008,"40908",306,306
2008,"40909",109,130
2008,"40910",98,95
2008,"40911",23,24
2008,"40912",215,186
2008,"40913",156,97
2008,"40914",27,26
2008,"40915",65,77
2008,"40916",28,29
2008,"40917",139,127
2008,"40918",93,98
2008,"40919",15,23
2008,"40920",52,41
2008,"40921",27,27
2008,"40922",104,126
2008,"40923",109,93
2008,"41001",42,58
2008,"41002",983,1071
2008,"41003",383,484
2008,"41004",37,24
2008,"41005",622,617
2008,"41006",53,48
2008,"41007",435,305
2008,"41008",94,69
2008,"41009",146,109
2008,"41010",91,94
2008,"41011",142,126
2008,"41012",1603,1415
2008,"41013",254,204
2008,"41014",338,272
2008,"41015",75,101
2008,"41016",78,69
2008,"41017",452,399
2008,"41018",77,106
2008,"41019",193,173
2008,"41020",210,182
2008,"41021",1280,1337
2008,"41022",272,216
2008,"41101",47,48
2008,"41102",60,46
2008,"41103",55,83
2008,"41104",14,24
2008,"41105",144,111
2008,"41106",139,112
2008,"41107",35,19
2008,"41108",468,821
2008,"41109",83,156
2008,"41110",217,178
2008,"41111",222,242
2008,"41112",67,64
2008,"41113",39,59
2008,"41114",150,140
2008,"41115",18,47
2008,"41116",371,353
2008,"41117",32,35
2008,"41118",150,163
2008,"41119",50,43
2008,"41120",177,146
2008,"41121",53,100
2008,"41122",24,16
2008,"41123",48,56
2008,"41124",196,266
2008,"41125",83,107
2008,"41126",48,78
2008,"41201",13,19
2008,"41202",39,38
2008,"41203",107,150
2008,"41204",75,97
2008,"41205",21,35
2008,"41206",11,15
2008,"41207",57,64
2008,"41208",43,47
2008,"41209",82,84
2008,"41210",17,21
2008,"41211",39,17
2008,"41212",21,44
2008,"41213",64,81
2008,"41214",111,99
2008,"41215",55,70
2008,"41216",15,7
2008,"41217",24,34
2008,"41218",148,102
2008,"41219",114,87
2008,"41220",44,72
2008,"41221",40,31
2008,"41222",17,23
2008,"41223",32,41
2008,"41224",55,47
2008,"41225",751,787
2008,"41226",11,24
2008,"41227",35,29
2008,"41228",113,88
2008,"41229",54,32
2008,"41230",25,24
2008,"41231",45,76
2008,"41232",43,83
2008,"41233",79,69
2008,"41234",70,75
2008,"41235",13,21
2008,"41236",26,29
2008,"41304",49,72
2008,"41305",38,46
2008,"41306",12,17
2008,"41307",14,12
2008,"41309",98,98
2008,"41311",10,9
2008,"41312",41,41
2008,"41313",29,45
2008,"41314",23,30
2008,"41315",38,26
2008,"41316",56,36
2008,"41317",20,21
2008,"41318",58,55
2008,"41319",9,24
2008,"41320",5,11
2008,"41321",70,82
2008,"41322",13,16
2008,"41323",35,56
2008,"41324",33,59
2008,"41325",55,56
2008,"41326",39,63
2008,"41327",46,55
2008,"41328",63,84
2008,"41329",27,49
2008,"41331",29,25
2008,"41332",95,110
2008,"41333",16,26
2008,"41334",33,72
2008,"41336",11,14
2008,"41337",37,46
2008,"41338",51,69
2008,"41341",7,9
2008,"41342",95,106
2008,"41343",121,79
2008,"41344",168,201
2008,"41345",34,39
2008,"41346",15,39
2008,"41401",15,16
2008,"41402",189,178
2008,"41403",82,85
2008,"41404",24,55
2008,"41405",24,37
2008,"41406",41,43
2008,"41407",54,68
2008,"41408",35,52
2008,"41409",112,60
2008,"41410",25,37
2008,"41411",52,54
2008,"41412",13,10
2008,"41413",48,79
2008,"41414",99,86
2008,"41415",29,49
2008,"41416",78,120
2008,"41417",28,28
2008,"41418",153,144
2008,"41419",46,77
2008,"41420",24,32
2008,"41421",37,33
2008,"41422",259,293
2008,"41423",31,48
2008,"41424",14,16
2008,"41425",158,139
2008,"41426",102,99
2008,"41427",46,67
2008,"41428",35,33
2008,"41429",36,32
2008,"41430",108,54
2008,"41501",52,63
2008,"41502",94,74
2008,"41503",295,244
2008,"41504",234,128
2008,"41505",43,47
2008,"41506",371,346
2008,"41507",48,61
2008,"41508",33,34
2008,"41509",62,85
2008,"41510",36,29
2008,"41511",89,117
2008,"41512",40,87
2008,"41513",75,68
2008,"41514",82,128
2008,"41515",52,57
2008,"41516",384,380
2008,"41517",120,119
2008,"41518",76,89
2008,"41521",137,95
2008,"41522",92,153
2008,"41601",131,107
2008,"41602",122,149
2008,"41603",126,140
2008,"41604",81,90
2008,"41605",327,317
2008,"41606",142,179
2008,"41607",256,329
2008,"41608",44,33
2008,"41609",176,183
2008,"41610",25,33
2008,"41611",118,111
2008,"41612",97,76
2008,"41613",95,117
2008,"41614",104,102
2008,"41615",137,124
2008,"41616",14,18
2008,"41617",199,197
2008,"41618",196,239
2008,"41619",53,37
2008,"41620",56,36
2008,"41621",29,35
2008,"41622",34,39
2008,"41623",33,40
2008,"41624",209,237
2008,"41626",221,185
2008,"41627",52,83
2008,"41628",79,55
2008,"41701",122,145
2008,"41702",90,110
2008,"41703",568,583
2008,"41704",39,45
2008,"41705",59,62
2008,"41706",37,32
2008,"41707",49,50
2008,"41708",26,45
2008,"41709",95,125
2008,"41710",151,165
2008,"41711",89,94
2008,"41712",35,45
2008,"41713",286,273
2008,"41714",33,24
2008,"41715",193,248
2008,"41716",80,75
2008,"41717",34,25
2008,"41718",59,68
2008,"41719",77,50
2008,"41720",56,69
2008,"41721",41,46
2008,"41722",157,183
2008,"41723",68,65
2008,"41724",24,14
2008,"41725",18,19
2008,"41726",88,100
2008,"41727",28,29
2008,"41728",26,14
2008,"41729",24,19
2008,"41730",67,61
2008,"41731",374,333
2008,"41732",86,76
2008,"41733",9,4
2008,"41734",498,1662
2008,"41735",127,109
2008,"41736",73,74
2008,"41737",141,168
2008,"41738",256,280
2008,"41739",268,250
2008,"41740",50,53
2008,"41741",58,73
2008,"41742",194,132
2008,"41743",492,452
2008,"41744",58,57
2008,"41745",54,94
2008,"41746",806,714
2008,"41747",178,187
2008,"41748",16,25
2008,"41749",72,52
2008,"41750",86,102
2008,"41751",76,93
2008,"41752",34,52
2008,"41801",41,9
2008,"41802",36,34
2008,"41803",114,103
2008,"41804",208,155
2008,"41805",99,85
2008,"41806",97,92
2008,"41807",36,45
2008,"41808",234,189
2008,"41809",47,42
2008,"41810",115,110
2008,"41811",265,264
2008,"41812",679,573
2008,"41813",31,22
2008,"41814",71,67
2008,"41815",34,26
2008,"41816",81,110
2008,"41817",105,111
2008,"41818",63,50
2008,"41819",103,95
2008,"41820",309,320
2008,"41821",73,92
2008,"41822",72,72
2008,"41823",346,389
2008,"41824",211,197
2008,"50101",4834,5051
2008,"50201",131,184
2008,"50202",125,133
2008,"50203",31,51
2008,"50204",180,155
2008,"50205",913,857
2008,"50206",25,19
2008,"50207",233,238
2008,"50208",254,254
2008,"50209",255,203
2008,"50210",23,14
2008,"50211",51,51
2008,"50212",36,45
2008,"50213",117,74
2008,"50301",226,210
2008,"50302",132,102
2008,"50303",268,296
2008,"50304",57,72
2008,"50305",227,209
2008,"50306",62,43
2008,"50307",50,55
2008,"50308",133,118
2008,"50309",236,250
2008,"50310",307,350
2008,"50311",83,81
2008,"50312",73,88
2008,"50313",22,27
2008,"50314",348,394
2008,"50315",109,110
2008,"50316",271,180
2008,"50317",204,224
2008,"50318",11,25
2008,"50319",198,147
2008,"50320",108,116
2008,"50321",96,132
2008,"50322",253,139
2008,"50323",131,146
2008,"50324",350,333
2008,"50325",124,81
2008,"50326",298,331
2008,"50327",179,212
2008,"50328",61,66
2008,"50329",77,95
2008,"50330",144,173
2008,"50331",46,37
2008,"50332",77,105
2008,"50335",237,249
2008,"50336",145,112
2008,"50337",194,204
2008,"50338",564,472
2008,"50339",492,428
2008,"50401",191,146
2008,"50402",191,206
2008,"50403",147,203
2008,"50404",323,319
2008,"50405",45,66
2008,"50406",92,93
2008,"50407",29,52
2008,"50408",93,125
2008,"50409",8,9
2008,"50410",125,108
2008,"50411",70,94
2008,"50412",51,64
2008,"50413",10,26
2008,"50414",22,29
2008,"50415",52,55
2008,"50416",78,81
2008,"50417",129,212
2008,"50418",392,479
2008,"50419",32,51
2008,"50420",163,160
2008,"50421",206,169
2008,"50422",23,30
2008,"50423",75,96
2008,"50424",123,147
2008,"50425",30,24
2008,"50501",6,6
2008,"50502",5,12
2008,"50503",83,66
2008,"50504",51,69
2008,"50505",22,28
2008,"50506",35,81
2008,"50507",26,24
2008,"50508",12,30
2008,"50509",110,121
2008,"50510",149,203
2008,"50511",11,8
2008,"50512",19,33
2008,"50513",23,32
2008,"50514",5,15
2008,"50515",24,37
2008,"50601",75,83
2008,"50602",162,150
2008,"50603",6,23
2008,"50604",20,42
2008,"50605",31,35
2008,"50606",113,94
2008,"50607",11,21
2008,"50608",52,60
2008,"50609",75,92
2008,"50610",45,53
2008,"50611",150,123
2008,"50612",56,86
2008,"50613",215,274
2008,"50614",48,59
2008,"50615",78,61
2008,"50616",104,127
2008,"50617",42,72
2008,"50618",67,103
2008,"50619",489,461
2008,"50620",24,41
2008,"50621",39,59
2008,"50622",131,136
2008,"50623",36,31
2008,"50624",79,124
2008,"50625",18,20
2008,"50626",32,34
2008,"50627",14,21
2008,"50628",379,461
2008,"60101",10522,9265
2008,"60305",181,141
2008,"60318",180,162
2008,"60323",65,56
2008,"60324",100,109
2008,"60326",72,51
2008,"60329",63,61
2008,"60341",52,53
2008,"60344",541,512
2008,"60345",264,211
2008,"60346",163,190
2008,"60347",114,166
2008,"60348",140,147
2008,"60349",148,226
2008,"60350",310,361
2008,"60351",163,194
2008,"60608",406,375
2008,"60611",268,196
2008,"60613",521,424
2008,"60617",237,191
2008,"60618",61,62
2008,"60619",186,111
2008,"60623",124,91
2008,"60624",449,296
2008,"60626",100,122
2008,"60628",209,160
2008,"60629",291,218
2008,"60632",141,148
2008,"60639",45,67
2008,"60641",73,67
2008,"60642",82,83
2008,"60645",153,124
2008,"60646",119,111
2008,"60647",25,10
2008,"60648",90,95
2008,"60651",49,85
2008,"60653",185,194
2008,"60654",86,77
2008,"60655",136,145
2008,"60656",60,59
2008,"60659",215,232
2008,"60660",245,207
2008,"60661",282,261
2008,"60662",257,200
2008,"60663",169,217
2008,"60664",581,521
2008,"60665",258,228
2008,"60666",150,87
2008,"60667",238,190
2008,"60668",130,123
2008,"60669",688,667
2008,"60670",388,314
2008,"61001",72,63
2008,"61002",111,89
2008,"61007",49,50
2008,"61008",66,49
2008,"61012",145,152
2008,"61013",74,101
2008,"61016",82,103
2008,"61017",48,81
2008,"61019",64,52
2008,"61020",86,83
2008,"61021",124,105
2008,"61024",97,120
2008,"61027",68,42
2008,"61030",74,79
2008,"61032",90,64
2008,"61033",100,89
2008,"61043",143,136
2008,"61045",459,325
2008,"61049",120,146
2008,"61050",135,148
2008,"61051",133,140
2008,"61052",144,107
2008,"61053",686,611
2008,"61054",92,133
2008,"61055",60,59
2008,"61057",68,77
2008,"61059",311,289
2008,"61060",156,137
2008,"61061",289,294
2008,"61101",74,157
2008,"61105",21,54
2008,"61106",53,73
2008,"61107",38,73
2008,"61108",1198,1167
2008,"61109",93,46
2008,"61110",157,121
2008,"61111",64,70
2008,"61112",13,21
2008,"61113",150,174
2008,"61114",160,135
2008,"61115",79,74
2008,"61116",78,53
2008,"61118",40,62
2008,"61119",30,25
2008,"61120",436,408
2008,"61203",96,105
2008,"61204",64,69
2008,"61205",13,34
2008,"61206",62,56
2008,"61207",209,170
2008,"61213",155,110
2008,"61215",32,40
2008,"61217",86,95
2008,"61222",81,75
2008,"61236",45,82
2008,"61243",103,99
2008,"61247",124,132
2008,"61251",12,12
2008,"61252",43,53
2008,"61253",122,180
2008,"61254",37,36
2008,"61255",142,135
2008,"61256",56,61
2008,"61257",140,154
2008,"61258",92,65
2008,"61259",337,413
2008,"61260",47,58
2008,"61261",63,71
2008,"61262",92,125
2008,"61263",193,276
2008,"61264",52,57
2008,"61265",232,235
2008,"61266",32,56
2008,"61267",159,168
2008,"61410",21,45
2008,"61413",33,17
2008,"61425",45,67
2008,"61428",25,25
2008,"61437",24,27
2008,"61438",142,142
2008,"61439",132,185
2008,"61440",47,84
2008,"61441",7,33
2008,"61442",68,75
2008,"61443",50,82
2008,"61444",54,79
2008,"61445",45,92
2008,"61446",55,92
2008,"61611",71,103
2008,"61612",119,116
2008,"61615",159,107
2008,"61618",93,86
2008,"61621",16,36
2008,"61624",127,109
2008,"61625",537,470
2008,"61626",259,237
2008,"61627",75,81
2008,"61628",68,81
2008,"61629",22,32
2008,"61630",56,79
2008,"61631",416,470
2008,"61632",142,180
2008,"61633",181,131
2008,"61701",87,71
2008,"61708",20,32
2008,"61710",36,42
2008,"61711",15,17
2008,"61716",98,117
2008,"61719",147,107
2008,"61727",121,103
2008,"61728",9,15
2008,"61729",94,78
2008,"61730",75,61
2008,"61731",37,67
2008,"61740",60,81
2008,"61741",37,42
2008,"61743",19,19
2008,"61744",10,17
2008,"61745",31,36
2008,"61746",183,169
2008,"61748",141,141
2008,"61750",28,51
2008,"61751",116,92
2008,"61756",124,150
2008,"61757",80,147
2008,"61758",34,46
2008,"61759",42,65
2008,"61760",557,445
2008,"61761",48,47
2008,"61762",98,60
2008,"61763",114,124
2008,"61764",98,146
2008,"61765",205,237
2008,"61766",478,484
2008,"62007",312,359
2008,"62008",29,36
2008,"62010",29,37
2008,"62014",100,80
2008,"62021",7,13
2008,"62026",29,42
2008,"62032",19,37
2008,"62034",36,37
2008,"62036",52,55
2008,"62038",274,433
2008,"62039",60,64
2008,"62040",505,471
2008,"62041",611,550
2008,"62042",56,88
2008,"62043",75,138
2008,"62044",77,94
2008,"62045",82,88
2008,"62046",108,104
2008,"62047",255,271
2008,"62048",142,156
2008,"62105",35,60
2008,"62115",209,147
2008,"62116",124,143
2008,"62125",75,71
2008,"62128",183,141
2008,"62131",73,88
2008,"62132",49,65
2008,"62135",72,87
2008,"62138",108,84
2008,"62139",673,840
2008,"62140",979,964
2008,"62141",344,315
2008,"62142",103,133
2008,"62143",317,398
2008,"62144",148,174
2008,"62145",173,244
2008,"62146",167,169
2008,"62147",85,115
2008,"62148",51,71
2008,"62202",53,59
2008,"62205",67,82
2008,"62206",33,37
2008,"62209",31,33
2008,"62211",75,104
2008,"62214",63,89
2008,"62216",40,66
2008,"62219",311,309
2008,"62220",124,111
2008,"62226",78,60
2008,"62232",42,77
2008,"62233",88,100
2008,"62235",88,134
2008,"62242",14,27
2008,"62244",121,94
2008,"62245",26,37
2008,"62247",51,78
2008,"62252",66,53
2008,"62256",134,106
2008,"62262",24,39
2008,"62264",112,103
2008,"62265",35,70
2008,"62266",88,72
2008,"62267",335,347
2008,"62268",71,101
2008,"62269",73,89
2008,"62270",60,60
2008,"62271",158,160
2008,"62272",131,127
2008,"62273",67,73
2008,"62274",92,110
2008,"62275",120,168
2008,"62276",94,73
2008,"62277",74,95
2008,"62278",72,108
2008,"62279",35,54
2008,"62311",53,47
2008,"62314",46,43
2008,"62326",49,49
2008,"62330",50,50
2008,"62332",26,56
2008,"62335",31,38
2008,"62343",35,29
2008,"62368",39,55
2008,"62372",47,32
2008,"62375",268,203
2008,"62376",74,113
2008,"62377",54,52
2008,"62378",204,272
2008,"62379",489,537
2008,"62380",156,197
2008,"62381",110,121
2008,"62382",165,144
2008,"62383",140,159
2008,"62384",107,102
2008,"62385",103,89
2008,"62386",135,180
2008,"62387",82,57
2008,"62388",80,75
2008,"62389",118,154
2008,"62390",116,159
2008,"70101",4783,4515
2008,"70201",95,132
2008,"70202",135,149
2008,"70203",460,416
2008,"70204",16,27
2008,"70205",31,25
2008,"70206",15,10
2008,"70207",26,28
2008,"70208",91,139
2008,"70209",170,120
2008,"70210",31,20
2008,"70211",98,133
2008,"70212",64,71
2008,"70213",72,42
2008,"70214",91,94
2008,"70215",95,108
2008,"70216",47,44
2008,"70217",16,41
2008,"70218",63,74
2008,"70219",89,101
2008,"70220",113,156
2008,"70221",78,70
2008,"70222",81,90
2008,"70223",82,93
2008,"70224",57,58
2008,"70301",271,274
2008,"70302",159,177
2008,"70303",90,101
2008,"70304",289,232
2008,"70305",56,43
2008,"70306",77,99
2008,"70307",20,36
2008,"70308",109,66
2008,"70309",67,86
2008,"70310",139,156
2008,"70311",28,30
2008,"70312",278,303
2008,"70313",62,41
2008,"70314",13,12
2008,"70315",60,49
2008,"70317",12,13
2008,"70318",70,74
2008,"70319",204,117
2008,"70320",97,170
2008,"70322",66,58
2008,"70323",24,25
2008,"70325",28,32
2008,"70326",69,69
2008,"70328",71,71
2008,"70329",250,213
2008,"70331",107,100
2008,"70332",88,109
2008,"70333",58,67
2008,"70334",103,138
2008,"70335",81,90
2008,"70336",9,18
2008,"70337",80,93
2008,"70338",54,24
2008,"70339",48,54
2008,"70340",83,96
2008,"70342",51,51
2008,"70343",57,43
2008,"70344",66,82
2008,"70345",110,60
2008,"70346",454,432
2008,"70347",3,5
2008,"70348",80,79
2008,"70349",16,17
2008,"70350",56,80
2008,"70351",119,148
2008,"70352",24,35
2008,"70353",138,72
2008,"70354",823,725
2008,"70355",150,125
2008,"70356",67,39
2008,"70357",569,640
2008,"70358",157,175
2008,"70359",29,36
2008,"70360",67,73
2008,"70361",22,7
2008,"70362",14,13
2008,"70364",369,383
2008,"70365",135,168
2008,"70366",30,29
2008,"70367",312,297
2008,"70368",43,47
2008,"70369",424,406
2008,"70370",121,139
2008,"70401",34,53
2008,"70402",73,105
2008,"70403",298,343
2008,"70404",86,77
2008,"70405",27,56
2008,"70406",191,165
2008,"70407",52,51
2008,"70408",53,66
2008,"70409",200,173
2008,"70410",150,173
2008,"70411",279,366
2008,"70412",99,141
2008,"70413",65,93
2008,"70414",45,89
2008,"70415",60,25
2008,"70416",387,304
2008,"70417",62,49
2008,"70418",28,17
2008,"70419",49,53
2008,"70420",74,89
2008,"70501",44,52
2008,"70502",30,45
2008,"70503",184,119
2008,"70504",31,27
2008,"70505",100,125
2008,"70506",157,111
2008,"70508",182,200
2008,"70509",99,105
2008,"70510",33,27
2008,"70511",284,259
2008,"70512",178,169
2008,"70513",789,631
2008,"70514",137,132
2008,"70515",200,166
2008,"70516",13,17
2008,"70517",102,102
2008,"70518",73,69
2008,"70519",12,18
2008,"70520",84,125
2008,"70521",38,62
2008,"70522",127,132
2008,"70523",12,9
2008,"70524",73,57
2008,"70525",112,113
2008,"70526",90,123
2008,"70527",67,88
2008,"70528",54,64
2008,"70529",42,49
2008,"70530",76,99
2008,"70531",571,586
2008,"70601",4,5
2008,"70602",2,7
2008,"70603",32,41
2008,"70604",128,123
2008,"70605",16,21
2008,"70606",14,15
2008,"70607",60,39
2008,"70608",43,55
2008,"70609",27,51
2008,"70610",13,10
2008,"70611",7,19
2008,"70612",17,14
2008,"70613",18,12
2008,"70614",314,352
2008,"70615",15,39
2008,"70616",44,43
2008,"70617",62,72
2008,"70618",44,42
2008,"70619",54,62
2008,"70620",63,63
2008,"70621",56,76
2008,"70622",41,63
2008,"70623",26,19
2008,"70624",22,52
2008,"70625",3,2
2008,"70626",10,26
2008,"70627",14,22
2008,"70628",18,21
2008,"70629",26,30
2008,"70630",116,127
2008,"70701",7,17
2008,"70702",27,32
2008,"70703",17,21
2008,"70704",23,25
2008,"70705",30,45
2008,"70706",7,17
2008,"70707",80,104
2008,"70708",27,28
2008,"70709",7,16
2008,"70710",3,17
2008,"70711",26,15
2008,"70712",26,25
2008,"70713",10,8
2008,"70714",7,12
2008,"70715",35,58
2008,"70716",466,495
2008,"70717",61,171
2008,"70718",18,22
2008,"70719",135,156
2008,"70720",28,42
2008,"70721",8,10
2008,"70723",11,15
2008,"70724",15,19
2008,"70725",1,5
2008,"70726",6,23
2008,"70727",8,10
2008,"70728",56,43
2008,"70729",8,22
2008,"70731",25,17
2008,"70732",76,64
2008,"70733",0,4
2008,"70734",47,49
2008,"70735",15,36
2008,"70801",13,33
2008,"70802",15,22
2008,"70803",23,27
2008,"70804",23,51
2008,"70805",95,130
2008,"70806",92,47
2008,"70807",54,69
2008,"70808",27,43
2008,"70809",16,9
2008,"70810",13,11
2008,"70811",20,23
2008,"70812",0,2
2008,"70813",27,15
2008,"70814",24,16
2008,"70815",0,1
2008,"70816",55,57
2008,"70817",12,35
2008,"70818",0,2
2008,"70819",1,3
2008,"70820",136,127
2008,"70821",35,51
2008,"70822",20,14
2008,"70823",1,1
2008,"70824",10,24
2008,"70825",2,6
2008,"70826",84,85
2008,"70827",4,13
2008,"70828",331,313
2008,"70829",17,9
2008,"70830",19,13
2008,"70831",18,23
2008,"70832",28,53
2008,"70833",24,34
2008,"70834",3,7
2008,"70835",26,46
2008,"70836",31,63
2008,"70837",2,5
2008,"70901",62,60
2008,"70902",71,68
2008,"70903",1,12
2008,"70904",32,25
2008,"70905",102,172
2008,"70907",103,138
2008,"70908",38,48
2008,"70909",195,188
2008,"70910",57,46
2008,"70911",23,25
2008,"70912",21,23
2008,"70913",8,9
2008,"70914",27,22
2008,"70915",55,54
2008,"70916",39,45
2008,"70917",319,305
2008,"70918",46,85
2008,"70920",128,184
2008,"70921",37,42
2008,"70922",41,53
2008,"70923",65,81
2008,"70924",14,5
2008,"70925",64,67
2008,"70926",601,516
2008,"70927",78,35
2008,"70928",97,109
2008,"70929",8,11
2008,"70930",38,46
2008,"70931",44,67
2008,"70932",17,23
2008,"70933",89,116
2008,"70934",35,56
2008,"70935",57,58
2008,"70936",248,171
2008,"70937",100,78
2008,"70938",51,76
2008,"70939",88,110
2008,"70940",84,76
2008,"70941",18,19
2008,"80101",75,86
2008,"80102",7,19
2008,"80103",742,861
2008,"80104",174,182
2008,"80105",31,44
2008,"80106",203,207
2008,"80107",29,28
2008,"80108",41,76
2008,"80109",8,12
2008,"80110",30,47
2008,"80111",55,62
2008,"80112",33,26
2008,"80113",74,103
2008,"80114",21,25
2008,"80115",203,202
2008,"80116",361,339
2008,"80117",293,270
2008,"80118",22,33
2008,"80119",47,39
2008,"80120",43,70
2008,"80121",3,10
2008,"80122",180,229
2008,"80123",19,33
2008,"80124",13,18
2008,"80125",18,34
2008,"80126",123,151
2008,"80127",18,25
2008,"80128",69,117
2008,"80129",120,122
2008,"80201",104,148
2008,"80202",120,101
2008,"80203",49,55
2008,"80204",99,100
2008,"80205",21,18
2008,"80206",35,40
2008,"80207",1449,1452
2008,"80208",14,18
2008,"80209",8,17
2008,"80210",44,50
2008,"80211",81,122
2008,"80212",9,27
2008,"80213",197,282
2008,"80214",114,78
2008,"80215",688,626
2008,"80216",77,83
2008,"80217",367,336
2008,"80218",297,291
2008,"80219",70,71
2008,"80220",103,149
2008,"80221",46,41
2008,"80222",73,80
2008,"80223",35,34
2008,"80224",511,549
2008,"80225",51,62
2008,"80226",294,318
2008,"80227",51,67
2008,"80228",34,86
2008,"80229",10,20
2008,"80230",38,38
2008,"80231",24,30
2008,"80232",9,14
2008,"80233",21,12
2008,"80234",2,6
2008,"80235",231,221
2008,"80236",53,53
2008,"80237",3,10
2008,"80238",63,50
2008,"80239",11,13
2008,"80240",443,456
2008,"80301",1747,1620
2008,"80302",705,721
2008,"80303",734,660
2008,"80401",375,301
2008,"80402",11,29
2008,"80403",9,2
2008,"80404",1506,1494
2008,"80405",352,386
2008,"80406",21,19
2008,"80407",123,135
2008,"80408",674,711
2008,"80409",174,139
2008,"80410",244,207
2008,"80411",20,20
2008,"80412",214,194
2008,"80413",150,123
2008,"80414",543,650
2008,"80415",28,31
2008,"80416",153,134
2008,"80417",116,101
2008,"80418",127,131
2008,"80419",30,22
2008,"80420",156,166
2008,"80421",24,16
2008,"80422",12,8
2008,"80423",138,135
2008,"80424",180,198
2008,"90101",959,1310
2008,"90201",8378,8899
2008,"90301",6289,6878
2008,"90401",2516,2684
2008,"90501",5286,5938
2008,"90601",2947,3420
2008,"90701",2793,3214
2008,"90801",2838,3599
2008,"90901",4355,4857
2008,"91001",11934,11196
2008,"91101",7005,5640
2008,"91201",7596,7172
2008,"91301",3235,3096
2008,"91401",6176,6172
2008,"91501",6985,7699
2008,"91601",8046,8695
2008,"91701",4587,5251
2008,"91801",4114,4421
2008,"91901",4343,4462
2008,"92001",6825,7306
2008,"92101",7756,7279
2008,"92201",8043,6463
2008,"92301",5006,4720
2009,"10101",681,611
2009,"10201",65,47
2009,"10301",92,56
2009,"10302",56,63
2009,"10303",85,50
2009,"10304",128,115
2009,"10305",45,38
2009,"10306",31,23
2009,"10307",64,58
2009,"10308",76,62
2009,"10309",153,144
2009,"10310",42,50
2009,"10311",54,46
2009,"10312",75,64
2009,"10313",77,67
2009,"10314",50,44
2009,"10315",149,99
2009,"10316",126,82
2009,"10317",51,61
2009,"10318",59,72
2009,"10319",55,64
2009,"10320",21,11
2009,"10321",25,35
2009,"10322",63,31
2009,"10323",47,50
2009,"10401",39,34
2009,"10402",49,69
2009,"10403",40,29
2009,"10404",32,42
2009,"10405",167,174
2009,"10406",23,22
2009,"10407",17,38
2009,"10408",59,61
2009,"10409",26,14
2009,"10410",32,21
2009,"10411",46,69
2009,"10412",32,39
2009,"10413",31,47
2009,"10414",117,98
2009,"10415",28,73
2009,"10416",78,54
2009,"10417",43,108
2009,"10418",17,15
2009,"10419",29,15
2009,"10420",6,8
2009,"10421",25,11
2009,"10422",9,5
2009,"10423",2,2
2009,"10424",2,12
2009,"10425",11,11
2009,"10426",11,9
2009,"10427",27,19
2009,"10428",11,12
2009,"10501",49,71
2009,"10502",43,47
2009,"10503",37,55
2009,"10504",174,148
2009,"10505",29,30
2009,"10506",24,36
2009,"10507",31,32
2009,"10508",68,79
2009,"10509",48,86
2009,"10510",15,27
2009,"10511",27,34
2009,"10512",10,21
2009,"10601",40,31
2009,"10602",90,100
2009,"10603",50,40
2009,"10604",33,46
2009,"10605",57,73
2009,"10606",322,231
2009,"10607",286,245
2009,"10608",26,18
2009,"10609",147,86
2009,"10610",66,75
2009,"10611",157,104
2009,"10612",84,74
2009,"10613",32,59
2009,"10614",28,30
2009,"10615",107,108
2009,"10616",33,34
2009,"10617",27,16
2009,"10618",40,37
2009,"10619",23,20
2009,"10701",46,47
2009,"10702",39,31
2009,"10703",137,185
2009,"10704",17,23
2009,"10705",84,82
2009,"10706",41,24
2009,"10707",110,112
2009,"10708",39,31
2009,"10709",52,61
2009,"10710",84,46
2009,"10711",70,72
2009,"10712",51,45
2009,"10713",384,253
2009,"10714",56,48
2009,"10715",26,17
2009,"10716",21,34
2009,"10717",190,151
2009,"10718",75,51
2009,"10719",23,25
2009,"10720",21,21
2009,"10721",30,39
2009,"10722",89,68
2009,"10723",29,32
2009,"10724",75,56
2009,"10725",23,9
2009,"10726",11,23
2009,"10727",6,9
2009,"10801",83,49
2009,"10802",39,34
2009,"10803",21,39
2009,"10804",68,41
2009,"10805",62,90
2009,"10806",28,17
2009,"10807",42,80
2009,"10808",39,73
2009,"10809",45,42
2009,"10810",20,21
2009,"10811",54,57
2009,"10812",56,46
2009,"10813",28,37
2009,"10814",38,45
2009,"10815",43,33
2009,"10816",219,175
2009,"10817",37,38
2009,"10818",17,33
2009,"10819",39,23
2009,"10820",26,24
2009,"10821",65,59
2009,"10822",54,53
2009,"10823",64,39
2009,"10824",19,17
2009,"10825",26,47
2009,"10826",20,11
2009,"10827",17,12
2009,"10828",11,22
2009,"10901",79,63
2009,"10902",71,67
2009,"10903",32,28
2009,"10904",26,30
2009,"10905",140,160
2009,"10906",42,23
2009,"10907",51,79
2009,"10908",50,53
2009,"10909",57,54
2009,"10910",40,55
2009,"10911",52,28
2009,"10912",67,84
2009,"10913",19,21
2009,"10914",30,46
2009,"10915",40,34
2009,"10916",78,87
2009,"10917",386,358
2009,"10918",298,187
2009,"10919",151,83
2009,"10920",55,79
2009,"10921",41,50
2009,"10922",26,36
2009,"10923",72,102
2009,"10924",18,28
2009,"10925",53,47
2009,"10926",26,42
2009,"10927",12,29
2009,"10928",50,57
2009,"10929",32,10
2009,"10930",17,16
2009,"10931",6,12
2009,"10932",12,8
2009,"20101",3750,3427
2009,"20201",2134,2039
2009,"20302",32,54
2009,"20305",176,171
2009,"20306",98,172
2009,"20307",73,91
2009,"20316",25,39
2009,"20320",30,46
2009,"20321",18,40
2009,"20402",398,381
2009,"20403",149,131
2009,"20405",219,246
2009,"20409",105,101
2009,"20412",121,149
2009,"20414",115,136
2009,"20415",253,226
2009,"20416",45,66
2009,"20417",121,122
2009,"20418",182,199
2009,"20419",109,75
2009,"20421",289,319
2009,"20424",183,156
2009,"20425",144,128
2009,"20428",29,37
2009,"20432",123,136
2009,"20435",124,129
2009,"20441",7,12
2009,"20442",172,147
2009,"20501",193,185
2009,"20502",89,149
2009,"20503",30,44
2009,"20504",103,88
2009,"20505",231,189
2009,"20506",60,49
2009,"20508",48,53
2009,"20509",75,58
2009,"20511",29,78
2009,"20512",79,104
2009,"20513",61,83
2009,"20515",133,153
2009,"20518",23,76
2009,"20519",51,74
2009,"20520",76,60
2009,"20523",171,169
2009,"20527",584,659
2009,"20530",101,108
2009,"20531",64,101
2009,"20534",179,185
2009,"20601",57,89
2009,"20602",85,83
2009,"20603",25,46
2009,"20604",37,50
2009,"20605",31,47
2009,"20607",27,39
2009,"20608",72,90
2009,"20609",52,46
2009,"20610",27,39
2009,"20611",55,60
2009,"20613",30,44
2009,"20616",67,59
2009,"20618",10,22
2009,"20619",45,55
2009,"20620",111,140
2009,"20622",8,22
2009,"20624",67,36
2009,"20625",36,54
2009,"20627",80,79
2009,"20630",212,340
2009,"20631",46,55
2009,"20632",16,65
2009,"20633",41,58
2009,"20634",255,217
2009,"20635",531,617
2009,"20636",22,56
2009,"20637",49,50
2009,"20638",25,34
2009,"20639",12,18
2009,"20640",64,41
2009,"20642",52,67
2009,"20643",98,94
2009,"20644",47,96
2009,"20701",33,55
2009,"20702",301,273
2009,"20703",36,54
2009,"20705",77,123
2009,"20707",26,19
2009,"20708",40,46
2009,"20710",74,95
2009,"20711",435,402
2009,"20712",26,42
2009,"20713",27,32
2009,"20719",53,73
2009,"20720",236,203
2009,"20721",74,75
2009,"20722",153,166
2009,"20723",38,55
2009,"20724",266,207
2009,"20725",363,368
2009,"20726",107,132
2009,"20727",294,271
2009,"20801",130,136
2009,"20802",24,39
2009,"20803",250,289
2009,"20804",82,91
2009,"20805",42,78
2009,"20806",64,71
2009,"20807",60,65
2009,"20808",167,181
2009,"20810",44,33
2009,"20812",68,88
2009,"20813",325,392
2009,"20815",81,97
2009,"20817",411,457
2009,"20901",104,134
2009,"20905",119,162
2009,"20909",73,127
2009,"20911",37,34
2009,"20912",44,83
2009,"20913",370,378
2009,"20914",77,58
2009,"20918",124,149
2009,"20923",611,808
2009,"21001",53,45
2009,"21002",551,547
2009,"21003",85,96
2009,"21004",32,59
2009,"21005",86,95
2009,"21006",28,58
2009,"21007",45,71
2009,"21008",115,134
2009,"21009",228,184
2009,"21010",47,93
2009,"30101",1116,1217
2009,"30201",2025,1905
2009,"30301",352,423
2009,"30401",1997,1860
2009,"30501",69,51
2009,"30502",941,971
2009,"30503",115,90
2009,"30504",129,187
2009,"30506",139,147
2009,"30507",65,69
2009,"30508",211,140
2009,"30509",81,88
2009,"30510",16,23
2009,"30511",55,55
2009,"30512",41,50
2009,"30514",190,201
2009,"30515",95,109
2009,"30516",39,56
2009,"30517",105,158
2009,"30520",80,88
2009,"30521",49,61
2009,"30522",86,58
2009,"30524",45,63
2009,"30526",15,13
2009,"30527",109,123
2009,"30529",114,102
2009,"30530",161,145
2009,"30531",318,345
2009,"30532",87,111
2009,"30533",149,177
2009,"30534",52,56
2009,"30536",89,40
2009,"30538",102,95
2009,"30539",73,72
2009,"30541",72,67
2009,"30542",46,38
2009,"30543",67,82
2009,"30544",53,81
2009,"30601",170,129
2009,"30602",118,138
2009,"30603",543,519
2009,"30604",1273,1279
2009,"30605",380,350
2009,"30607",446,401
2009,"30608",210,181
2009,"30609",38,29
2009,"30612",111,129
2009,"30613",99,127
2009,"30614",50,55
2009,"30615",288,262
2009,"30616",52,65
2009,"30618",351,364
2009,"30620",304,236
2009,"30621",132,88
2009,"30623",222,167
2009,"30625",311,149
2009,"30626",357,207
2009,"30627",159,173
2009,"30629",63,81
2009,"30631",178,127
2009,"30633",45,60
2009,"30635",73,74
2009,"30636",44,46
2009,"30637",86,88
2009,"30639",861,1733
2009,"30641",284,120
2009,"30645",97,117
2009,"30646",108,136
2009,"30701",25,29
2009,"30702",75,68
2009,"30703",30,28
2009,"30704",338,291
2009,"30706",112,146
2009,"30708",33,35
2009,"30709",163,96
2009,"30710",235,240
2009,"30711",56,67
2009,"30712",37,29
2009,"30713",50,39
2009,"30715",17,10
2009,"30716",120,143
2009,"30718",46,62
2009,"30719",50,45
2009,"30721",48,55
2009,"30722",45,36
2009,"30724",75,62
2009,"30726",110,98
2009,"30728",27,17
2009,"30729",155,168
2009,"30730",316,207
2009,"30731",173,111
2009,"30732",374,280
2009,"30733",40,29
2009,"30734",98,81
2009,"30735",275,154
2009,"30736",125,118
2009,"30737",68,75
2009,"30738",28,38
2009,"30739",106,96
2009,"30740",760,667
2009,"30741",98,89
2009,"30801",5,13
2009,"30802",32,37
2009,"30803",172,172
2009,"30804",37,71
2009,"30805",86,76
2009,"30808",432,331
2009,"30810",63,49
2009,"30811",84,76
2009,"30812",27,28
2009,"30813",31,29
2009,"30814",60,60
2009,"30817",557,524
2009,"30819",22,7
2009,"30821",507,409
2009,"30822",0,3
2009,"30824",58,46
2009,"30825",45,48
2009,"30826",80,59
2009,"30827",82,90
2009,"30828",32,19
2009,"30829",22,44
2009,"30830",132,115
2009,"30831",115,109
2009,"30834",48,42
2009,"30835",147,131
2009,"30836",30,28
2009,"30838",102,81
2009,"30841",65,62
2009,"30842",84,77
2009,"30844",91,79
2009,"30845",78,55
2009,"30846",4,3
2009,"30848",99,55
2009,"30849",25,22
2009,"30850",52,51
2009,"30852",84,73
2009,"30854",20,27
2009,"30856",501,332
2009,"30857",51,53
2009,"30858",56,69
2009,"30859",22,10
2009,"30860",86,112
2009,"30863",195,217
2009,"30865",50,31
2009,"30902",26,29
2009,"30903",48,52
2009,"30904",17,23
2009,"30906",20,23
2009,"30908",248,250
2009,"30909",74,74
2009,"30910",33,80
2009,"30912",24,35
2009,"30913",12,25
2009,"30915",18,14
2009,"30916",125,120
2009,"30917",9,24
2009,"30920",100,161
2009,"30921",34,47
2009,"30925",82,80
2009,"30929",27,19
2009,"30932",40,40
2009,"30935",187,157
2009,"30939",18,28
2009,"30940",29,26
2009,"30942",73,65
2009,"31001",50,28
2009,"31008",153,105
2009,"31009",59,61
2009,"31014",33,32
2009,"31015",68,63
2009,"31016",61,45
2009,"31018",56,80
2009,"31019",85,25
2009,"31021",29,41
2009,"31022",712,561
2009,"31025",10,23
2009,"31026",63,70
2009,"31028",46,64
2009,"31033",53,80
2009,"31035",55,62
2009,"31036",58,58
2009,"31037",179,150
2009,"31038",53,35
2009,"31041",25,25
2009,"31042",48,52
2009,"31043",59,82
2009,"31051",91,71
2009,"31052",74,90
2009,"31053",147,143
2009,"31101",28,48
2009,"31102",30,27
2009,"31103",42,35
2009,"31104",30,49
2009,"31105",164,174
2009,"31106",119,132
2009,"31107",34,41
2009,"31109",383,284
2009,"31110",41,25
2009,"31111",30,33
2009,"31113",29,22
2009,"31114",16,43
2009,"31117",25,16
2009,"31119",21,24
2009,"31120",31,25
2009,"31121",35,66
2009,"31123",28,34
2009,"31124",83,72
2009,"31129",72,51
2009,"31130",16,28
2009,"31201",297,184
2009,"31202",78,55
2009,"31203",97,87
2009,"31204",69,55
2009,"31205",66,63
2009,"31206",130,93
2009,"31207",136,106
2009,"31208",120,125
2009,"31213",696,625
2009,"31214",302,316
2009,"31215",50,39
2009,"31216",182,188
2009,"31224",41,40
2009,"31226",144,155
2009,"31227",92,82
2009,"31228",40,24
2009,"31229",67,61
2009,"31230",648,588
2009,"31234",34,70
2009,"31235",581,453
2009,"31301",17,13
2009,"31302",10,27
2009,"31303",69,41
2009,"31304",28,20
2009,"31308",115,118
2009,"31309",132,93
2009,"31310",86,62
2009,"31311",98,123
2009,"31315",119,111
2009,"31319",25,45
2009,"31321",23,22
2009,"31322",295,260
2009,"31323",39,31
2009,"31324",38,44
2009,"31326",18,28
2009,"31327",234,144
2009,"31330",41,43
2009,"31333",91,94
2009,"31336",52,48
2009,"31337",91,86
2009,"31338",31,45
2009,"31340",19,42
2009,"31343",93,77
2009,"31344",57,74
2009,"31346",67,51
2009,"31347",21,18
2009,"31350",26,24
2009,"31351",45,50
2009,"31355",92,64
2009,"31356",35,42
2009,"31401",36,55
2009,"31402",75,70
2009,"31403",244,222
2009,"31404",46,50
2009,"31405",44,36
2009,"31406",30,42
2009,"31407",149,190
2009,"31408",26,39
2009,"31409",62,71
2009,"31410",55,60
2009,"31411",39,83
2009,"31412",176,147
2009,"31413",170,212
2009,"31414",84,61
2009,"31502",35,19
2009,"31503",56,65
2009,"31504",38,45
2009,"31505",141,149
2009,"31506",4,16
2009,"31507",100,120
2009,"31508",67,59
2009,"31509",85,87
2009,"31511",42,47
2009,"31513",58,48
2009,"31514",55,86
2009,"31515",24,32
2009,"31516",32,34
2009,"31517",56,70
2009,"31519",44,52
2009,"31520",191,172
2009,"31521",138,103
2009,"31522",73,61
2009,"31523",13,26
2009,"31524",376,325
2009,"31525",46,68
2009,"31527",126,107
2009,"31528",19,32
2009,"31530",110,69
2009,"31531",87,70
2009,"31533",181,193
2009,"31534",76,94
2009,"31535",17,19
2009,"31537",94,108
2009,"31539",107,85
2009,"31540",49,59
2009,"31541",19,23
2009,"31542",44,52
2009,"31543",30,28
2009,"31546",47,61
2009,"31549",267,282
2009,"31550",34,37
2009,"31551",62,80
2009,"31552",27,49
2009,"31553",56,61
2009,"31601",32,44
2009,"31603",78,66
2009,"31604",72,53
2009,"31605",55,62
2009,"31606",49,44
2009,"31608",16,14
2009,"31609",31,24
2009,"31611",13,20
2009,"31612",137,143
2009,"31613",29,17
2009,"31614",83,83
2009,"31615",47,33
2009,"31616",38,46
2009,"31617",40,39
2009,"31620",16,30
2009,"31621",25,42
2009,"31622",39,49
2009,"31627",50,53
2009,"31628",48,58
2009,"31629",223,187
2009,"31630",97,85
2009,"31633",478,452
2009,"31634",57,43
2009,"31636",27,24
2009,"31642",36,54
2009,"31644",190,149
2009,"31645",62,59
2009,"31646",25,24
2009,"31649",45,66
2009,"31650",42,48
2009,"31651",136,111
2009,"31652",22,15
2009,"31653",29,41
2009,"31654",150,84
2009,"31655",324,272
2009,"31658",13,5
2009,"31701",104,42
2009,"31702",115,121
2009,"31703",256,225
2009,"31704",758,550
2009,"31706",62,80
2009,"31707",117,101
2009,"31709",166,182
2009,"31710",416,371
2009,"31711",42,39
2009,"31712",260,235
2009,"31713",197,160
2009,"31714",36,46
2009,"31715",161,143
2009,"31716",484,553
2009,"31717",1232,1335
2009,"31718",124,92
2009,"31719",616,620
2009,"31723",347,258
2009,"31725",455,430
2009,"31726",116,106
2009,"31801",11,15
2009,"31802",73,101
2009,"31803",51,70
2009,"31804",51,65
2009,"31805",23,22
2009,"31806",17,18
2009,"31807",33,32
2009,"31808",76,78
2009,"31809",42,43
2009,"31810",350,303
2009,"31811",112,139
2009,"31812",111,127
2009,"31813",99,141
2009,"31814",90,118
2009,"31815",15,21
2009,"31817",80,69
2009,"31818",673,633
2009,"31820",24,23
2009,"31821",110,112
2009,"31823",180,110
2009,"31825",16,38
2009,"31826",101,91
2009,"31827",7,17
2009,"31829",190,295
2009,"31830",13,9
2009,"31831",129,109
2009,"31832",113,74
2009,"31833",35,57
2009,"31834",20,19
2009,"31835",152,127
2009,"31836",16,25
2009,"31837",76,65
2009,"31838",43,47
2009,"31839",516,578
2009,"31840",39,47
2009,"31841",12,11
2009,"31842",11,10
2009,"31843",52,66
2009,"31844",60,70
2009,"31845",63,64
2009,"31846",106,170
2009,"31847",59,73
2009,"31848",36,44
2009,"31849",43,35
2009,"31901",119,114
2009,"31902",94,65
2009,"31903",193,178
2009,"31904",47,56
2009,"31905",230,187
2009,"31906",58,83
2009,"31907",29,33
2009,"31909",66,84
2009,"31910",30,77
2009,"31911",83,53
2009,"31912",365,318
2009,"31913",90,98
2009,"31915",77,50
2009,"31916",62,94
2009,"31917",51,32
2009,"31918",83,147
2009,"31919",109,79
2009,"31920",20,14
2009,"31921",184,117
2009,"31922",61,95
2009,"31923",29,41
2009,"31925",57,45
2009,"31926",428,315
2009,"31927",64,84
2009,"31928",76,39
2009,"31929",241,227
2009,"31930",76,45
2009,"31932",111,77
2009,"31934",128,165
2009,"31935",81,82
2009,"31938",21,43
2009,"31939",8,10
2009,"31940",60,92
2009,"31941",35,44
2009,"31943",218,263
2009,"31945",59,52
2009,"31946",48,49
2009,"31947",292,331
2009,"31948",123,135
2009,"31949",267,232
2009,"31950",164,150
2009,"31951",446,326
2009,"31952",649,459
2009,"31953",143,122
2009,"31954",108,93
2009,"32001",56,151
2009,"32002",54,127
2009,"32003",70,77
2009,"32004",26,29
2009,"32005",42,52
2009,"32006",50,74
2009,"32007",25,39
2009,"32008",155,164
2009,"32009",45,71
2009,"32010",14,32
2009,"32011",20,35
2009,"32012",21,27
2009,"32013",127,129
2009,"32014",58,70
2009,"32015",35,41
2009,"32016",223,161
2009,"32017",113,130
2009,"32018",78,28
2009,"32101",59,88
2009,"32104",69,80
2009,"32106",83,80
2009,"32107",181,107
2009,"32109",22,18
2009,"32110",98,92
2009,"32112",84,121
2009,"32114",98,101
2009,"32115",66,43
2009,"32116",113,90
2009,"32119",103,99
2009,"32120",114,97
2009,"32131",257,246
2009,"32132",82,75
2009,"32134",120,107
2009,"32135",779,539
2009,"32139",49,41
2009,"32140",120,90
2009,"32141",142,138
2009,"32142",310,337
2009,"32143",60,50
2009,"32144",1048,859
2009,"32202",40,39
2009,"32203",34,50
2009,"32206",37,40
2009,"32207",87,122
2009,"32209",48,63
2009,"32210",49,42
2009,"32212",28,44
2009,"32214",17,40
2009,"32216",106,69
2009,"32217",24,50
2009,"32219",78,70
2009,"32220",198,212
2009,"32221",34,21
2009,"32222",14,22
2009,"32223",32,38
2009,"32301",166,122
2009,"32302",46,25
2009,"32304",182,173
2009,"32305",282,236
2009,"32306",172,121
2009,"32307",215,185
2009,"32308",109,86
2009,"32309",24,30
2009,"32310",35,39
2009,"32311",74,44
2009,"32312",31,26
2009,"32313",161,104
2009,"32314",83,49
2009,"32315",58,51
2009,"32316",158,170
2009,"32317",15,23
2009,"32318",173,142
2009,"32319",150,161
2009,"32320",112,85
2009,"32321",30,17
2009,"32322",18,15
2009,"32323",138,142
2009,"32324",31,23
2009,"32325",50,65
2009,"32326",9,9
2009,"32327",250,214
2009,"32330",198,164
2009,"32331",57,81
2009,"32332",144,110
2009,"32333",40,50
2009,"32334",20,36
2009,"32335",27,26
2009,"32336",158,126
2009,"32337",222,210
2009,"32338",96,73
2009,"32501",100,72
2009,"32502",30,34
2009,"32503",4,8
2009,"32504",39,49
2009,"32505",80,59
2009,"32506",19,28
2009,"32508",56,97
2009,"32509",24,31
2009,"32511",22,22
2009,"32514",18,10
2009,"32515",45,35
2009,"32516",28,27
2009,"32517",23,38
2009,"32518",30,53
2009,"32519",7,12
2009,"32520",26,32
2009,"32521",37,26
2009,"32522",29,37
2009,"32523",10,20
2009,"32524",79,81
2009,"32525",53,47
2009,"32528",23,21
2009,"32529",36,43
2009,"32530",223,303
2009,"40101",7533,7748
2009,"40201",1533,1626
2009,"40301",2357,2521
2009,"40401",164,180
2009,"40402",75,79
2009,"40403",21,18
2009,"40404",505,571
2009,"40405",115,144
2009,"40406",98,110
2009,"40407",64,62
2009,"40408",43,30
2009,"40409",37,52
2009,"40410",36,40
2009,"40411",16,14
2009,"40412",35,43
2009,"40413",157,173
2009,"40414",56,58
2009,"40415",31,50
2009,"40416",30,23
2009,"40417",45,31
2009,"40418",124,173
2009,"40419",94,81
2009,"40420",45,42
2009,"40421",319,279
2009,"40422",153,160
2009,"40423",47,36
2009,"40424",27,36
2009,"40425",65,71
2009,"40426",105,120
2009,"40427",71,64
2009,"40428",114,119
2009,"40429",37,42
2009,"40430",38,31
2009,"40431",42,73
2009,"40432",45,50
2009,"40433",28,17
2009,"40434",34,35
2009,"40435",21,33
2009,"40436",61,56
2009,"40437",126,151
2009,"40438",102,125
2009,"40439",14,15
2009,"40440",9,8
2009,"40441",187,172
2009,"40442",34,16
2009,"40443",48,55
2009,"40444",19,23
2009,"40445",17,20
2009,"40446",55,53
2009,"40501",210,193
2009,"40502",83,109
2009,"40503",283,207
2009,"40504",133,118
2009,"40505",29,37
2009,"40506",103,137
2009,"40507",93,101
2009,"40508",75,97
2009,"40509",106,60
2009,"40510",90,72
2009,"40511",94,127
2009,"40512",64,58
2009,"40601",323,317
2009,"40602",72,77
2009,"40603",89,80
2009,"40604",105,109
2009,"40605",26,36
2009,"40606",7,18
2009,"40607",98,90
2009,"40608",49,63
2009,"40609",102,107
2009,"40610",20,28
2009,"40611",25,44
2009,"40612",94,90
2009,"40613",17,25
2009,"40614",201,140
2009,"40615",99,100
2009,"40616",34,42
2009,"40617",35,29
2009,"40618",90,88
2009,"40619",35,55
2009,"40620",71,94
2009,"40621",51,56
2009,"40622",62,65
2009,"40623",51,62
2009,"40624",144,142
2009,"40625",28,41
2009,"40626",41,69
2009,"40627",73,74
2009,"40701",431,410
2009,"40702",202,217
2009,"40703",547,505
2009,"40704",195,219
2009,"40705",692,728
2009,"40706",36,52
2009,"40707",63,88
2009,"40708",130,88
2009,"40709",22,50
2009,"40710",61,91
2009,"40711",354,454
2009,"40712",20,28
2009,"40713",232,209
2009,"40714",225,188
2009,"40715",58,85
2009,"40716",35,29
2009,"40717",73,99
2009,"40718",81,98
2009,"40719",143,138
2009,"40720",215,283
2009,"40801",39,37
2009,"40802",200,216
2009,"40804",31,25
2009,"40805",180,154
2009,"40806",141,142
2009,"40807",53,69
2009,"40808",227,304
2009,"40809",82,101
2009,"40810",16,24
2009,"40811",63,65
2009,"40812",94,103
2009,"40813",59,57
2009,"40814",52,44
2009,"40815",56,57
2009,"40816",58,61
2009,"40817",45,63
2009,"40818",84,91
2009,"40820",13,19
2009,"40821",38,37
2009,"40822",66,73
2009,"40823",14,38
2009,"40824",30,40
2009,"40825",59,54
2009,"40826",19,14
2009,"40827",139,157
2009,"40828",35,29
2009,"40829",84,84
2009,"40830",57,38
2009,"40831",123,112
2009,"40832",96,127
2009,"40833",44,44
2009,"40834",10,21
2009,"40835",151,138
2009,"40901",28,40
2009,"40902",161,182
2009,"40903",30,35
2009,"40904",95,89
2009,"40905",240,253
2009,"40906",60,64
2009,"40907",234,235
2009,"40908",274,280
2009,"40909",125,130
2009,"40910",83,92
2009,"40911",24,35
2009,"40912",157,193
2009,"40913",134,109
2009,"40914",19,34
2009,"40915",100,89
2009,"40916",20,26
2009,"40917",93,136
2009,"40918",63,81
2009,"40919",17,16
2009,"40920",35,68
2009,"40921",25,23
2009,"40922",119,98
2009,"40923",104,115
2009,"41001",69,49
2009,"41002",823,913
2009,"41003",339,425
2009,"41004",29,32
2009,"41005",524,561
2009,"41006",49,39
2009,"41007",360,323
2009,"41008",102,60
2009,"41009",156,137
2009,"41010",84,97
2009,"41011",122,153
2009,"41012",1853,1361
2009,"41013",278,194
2009,"41014",260,266
2009,"41015",93,71
2009,"41016",74,71
2009,"41017",378,386
2009,"41018",94,86
2009,"41019",142,174
2009,"41020",209,163
2009,"41021",1280,1381
2009,"41022",215,239
2009,"41101",48,32
2009,"41102",40,46
2009,"41103",61,44
2009,"41104",33,34
2009,"41105",91,121
2009,"41106",128,112
2009,"41107",43,16
2009,"41108",424,481
2009,"41109",98,157
2009,"41110",185,178
2009,"41111",288,237
2009,"41112",54,48
2009,"41113",26,47
2009,"41114",124,131
2009,"41115",37,49
2009,"41116",351,279
2009,"41117",21,31
2009,"41118",141,135
2009,"41119",34,50
2009,"41120",130,172
2009,"41121",68,96
2009,"41122",21,8
2009,"41123",38,50
2009,"41124",193,275
2009,"41125",64,102
2009,"41126",55,73
2009,"41201",21,30
2009,"41202",32,51
2009,"41203",135,143
2009,"41204",80,86
2009,"41205",40,54
2009,"41206",18,17
2009,"41207",59,75
2009,"41208",48,63
2009,"41209",63,59
2009,"41210",24,16
2009,"41211",22,23
2009,"41212",33,19
2009,"41213",59,71
2009,"41214",151,108
2009,"41215",67,101
2009,"41216",10,8
2009,"41217",26,28
2009,"41218",126,98
2009,"41219",69,82
2009,"41220",68,58
2009,"41221",37,21
2009,"41222",20,21
2009,"41223",32,26
2009,"41224",51,55
2009,"41225",632,716
2009,"41226",15,13
2009,"41227",24,28
2009,"41228",80,85
2009,"41229",31,19
2009,"41230",21,30
2009,"41231",77,77
2009,"41232",42,43
2009,"41233",83,66
2009,"41234",63,79
2009,"41235",17,18
2009,"41236",20,31
2009,"41304",46,57
2009,"41305",30,30
2009,"41306",8,15
2009,"41307",29,15
2009,"41309",91,101
2009,"41311",2,12
2009,"41312",33,58
2009,"41313",35,27
2009,"41314",34,34
2009,"41315",51,49
2009,"41316",58,34
2009,"41317",16,31
2009,"41318",64,67
2009,"41319",6,19
2009,"41320",4,7
2009,"41321",67,90
2009,"41322",13,46
2009,"41323",56,43
2009,"41324",51,75
2009,"41325",35,66
2009,"41326",25,40
2009,"41327",29,52
2009,"41328",49,83
2009,"41329",18,30
2009,"41331",25,26
2009,"41332",119,121
2009,"41333",17,26
2009,"41334",30,62
2009,"41336",30,28
2009,"41337",33,29
2009,"41338",51,58
2009,"41341",14,24
2009,"41342",94,82
2009,"41343",81,102
2009,"41344",147,195
2009,"41345",24,41
2009,"41346",44,42
2009,"41401",12,15
2009,"41402",164,139
2009,"41403",98,110
2009,"41404",40,39
2009,"41405",40,37
2009,"41406",14,47
2009,"41407",30,38
2009,"41408",38,32
2009,"41409",114,68
2009,"41410",27,51
2009,"41411",28,45
2009,"41412",10,13
2009,"41413",53,71
2009,"41414",96,104
2009,"41415",55,60
2009,"41416",71,99
2009,"41417",23,30
2009,"41418",153,178
2009,"41419",49,96
2009,"41420",30,35
2009,"41421",33,39
2009,"41422",318,281
2009,"41423",38,70
2009,"41424",18,24
2009,"41425",149,137
2009,"41426",94,87
2009,"41427",18,39
2009,"41428",23,37
2009,"41429",30,57
2009,"41430",78,76
2009,"41501",68,84
2009,"41502",66,76
2009,"41503",250,206
2009,"41504",166,125
2009,"41505",51,46
2009,"41506",345,372
2009,"41507",64,91
2009,"41508",14,48
2009,"41509",61,74
2009,"41510",29,30
2009,"41511",76,102
2009,"41512",55,49
2009,"41513",65,74
2009,"41514",101,109
2009,"41515",48,41
2009,"41516",404,340
2009,"41517",114,149
2009,"41518",69,77
2009,"41521",136,115
2009,"41522",119,142
2009,"41601",127,126
2009,"41602",159,171
2009,"41603",151,101
2009,"41604",65,53
2009,"41605",381,318
2009,"41606",157,152
2009,"41607",271,335
2009,"41608",38,27
2009,"41609",173,184
2009,"41610",23,26
2009,"41611",84,93
2009,"41612",64,70
2009,"41613",86,100
2009,"41614",66,106
2009,"41615",103,104
2009,"41616",13,8
2009,"41617",161,213
2009,"41618",175,226
2009,"41619",52,43
2009,"41620",29,43
2009,"41621",49,67
2009,"41622",35,42
2009,"41623",48,22
2009,"41624",323,255
2009,"41626",209,187
2009,"41627",58,63
2009,"41628",50,68
2009,"41701",79,152
2009,"41702",90,93
2009,"41703",561,514
2009,"41704",14,35
2009,"41705",53,42
2009,"41706",23,33
2009,"41707",89,69
2009,"41708",14,20
2009,"41709",126,147
2009,"41710",176,176
2009,"41711",98,73
2009,"41712",49,35
2009,"41713",234,305
2009,"41714",33,28
2009,"41715",202,216
2009,"41716",105,87
2009,"41717",17,27
2009,"41718",46,46
2009,"41719",71,71
2009,"41720",43,55
2009,"41721",25,26
2009,"41722",155,160
2009,"41723",58,38
2009,"41724",18,16
2009,"41725",18,39
2009,"41726",73,89
2009,"41727",47,38
2009,"41728",12,10
2009,"41729",24,21
2009,"41730",81,79
2009,"41731",345,292
2009,"41732",123,104
2009,"41733",7,5
2009,"41734",394,1319
2009,"41735",103,115
2009,"41736",53,76
2009,"41737",204,184
2009,"41738",272,281
2009,"41739",256,226
2009,"41740",27,45
2009,"41741",46,86
2009,"41742",191,159
2009,"41743",473,451
2009,"41744",39,50
2009,"41745",45,59
2009,"41746",676,668
2009,"41747",205,192
2009,"41748",23,28
2009,"41749",47,56
2009,"41750",87,104
2009,"41751",48,79
2009,"41752",42,46
2009,"41801",13,21
2009,"41802",39,38
2009,"41803",105,104
2009,"41804",196,160
2009,"41805",103,75
2009,"41806",103,132
2009,"41807",60,49
2009,"41808",243,167
2009,"41809",75,45
2009,"41810",110,107
2009,"41811",216,244
2009,"41812",644,599
2009,"41813",33,20
2009,"41814",74,65
2009,"41815",28,33
2009,"41816",103,120
2009,"41817",96,108
2009,"41818",94,56
2009,"41819",65,64
2009,"41820",249,324
2009,"41821",87,86
2009,"41822",70,74
2009,"41823",362,362
2009,"41824",161,183
2009,"50101",4659,5102
2009,"50201",110,159
2009,"50202",128,124
2009,"50203",38,50
2009,"50204",185,130
2009,"50205",877,888
2009,"50206",12,24
2009,"50207",211,208
2009,"50208",245,217
2009,"50209",227,230
2009,"50210",19,15
2009,"50211",29,35
2009,"50212",38,44
2009,"50213",120,76
2009,"50301",201,201
2009,"50302",120,123
2009,"50303",232,252
2009,"50304",62,48
2009,"50305",261,185
2009,"50306",46,53
2009,"50307",47,49
2009,"50308",116,142
2009,"50309",241,262
2009,"50310",365,300
2009,"50311",70,95
2009,"50312",88,70
2009,"50313",25,17
2009,"50314",305,326
2009,"50315",102,107
2009,"50316",248,177
2009,"50317",185,242
2009,"50318",10,17
2009,"50319",164,207
2009,"50320",83,101
2009,"50321",197,156
2009,"50322",147,150
2009,"50323",141,110
2009,"50324",309,335
2009,"50325",74,93
2009,"50326",266,287
2009,"50327",158,192
2009,"50328",66,64
2009,"50329",146,111
2009,"50330",148,176
2009,"50331",48,38
2009,"50332",94,77
2009,"50335",350,274
2009,"50336",107,109
2009,"50337",186,160
2009,"50338",624,525
2009,"50339",453,413
2009,"50401",160,143
2009,"50402",188,195
2009,"50403",170,221
2009,"50404",366,402
2009,"50405",32,52
2009,"50406",72,90
2009,"50407",42,28
2009,"50408",74,97
2009,"50409",17,27
2009,"50410",84,91
2009,"50411",69,90
2009,"50412",37,67
2009,"50413",23,36
2009,"50414",19,25
2009,"50415",57,69
2009,"50416",92,87
2009,"50417",193,159
2009,"50418",386,435
2009,"50419",38,38
2009,"50420",123,170
2009,"50421",208,165
2009,"50422",13,47
2009,"50423",70,92
2009,"50424",136,154
2009,"50425",39,28
2009,"50501",7,1
2009,"50502",9,15
2009,"50503",85,80
2009,"50504",43,67
2009,"50505",14,11
2009,"50506",27,60
2009,"50507",22,10
2009,"50508",25,36
2009,"50509",105,144
2009,"50510",148,176
2009,"50511",10,12
2009,"50512",19,23
2009,"50513",21,39
2009,"50514",8,13
2009,"50515",13,29
2009,"50601",100,102
2009,"50602",170,162
2009,"50603",12,25
2009,"50604",20,21
2009,"50605",22,33
2009,"50606",130,142
2009,"50607",27,34
2009,"50608",32,65
2009,"50609",100,92
2009,"50610",38,63
2009,"50611",165,152
2009,"50612",37,75
2009,"50613",192,226
2009,"50614",66,85
2009,"50615",84,78
2009,"50616",127,120
2009,"50617",51,64
2009,"50618",66,105
2009,"50619",480,453
2009,"50620",27,37
2009,"50621",58,60
2009,"50622",108,107
2009,"50623",44,46
2009,"50624",87,94
2009,"50625",11,31
2009,"50626",32,45
2009,"50627",15,14
2009,"50628",442,515
2009,"60101",11581,9641
2009,"60305",135,178
2009,"60318",149,136
2009,"60323",82,92
2009,"60324",111,94
2009,"60326",46,67
2009,"60329",78,67
2009,"60341",68,59
2009,"60344",564,564
2009,"60345",232,241
2009,"60346",182,195
2009,"60347",151,139
2009,"60348",135,132
2009,"60349",182,225
2009,"60350",356,356
2009,"60351",215,227
2009,"60608",395,362
2009,"60611",285,188
2009,"60613",543,419
2009,"60617",243,215
2009,"60618",77,76
2009,"60619",183,139
2009,"60623",119,106
2009,"60624",420,363
2009,"60626",134,124
2009,"60628",193,151
2009,"60629",257,234
2009,"60632",143,156
2009,"60639",65,53
2009,"60641",55,83
2009,"60642",81,95
2009,"60645",166,160
2009,"60646",114,130
2009,"60647",23,18
2009,"60648",144,160
2009,"60651",77,62
2009,"60653",179,197
2009,"60654",113,136
2009,"60655",131,108
2009,"60656",61,76
2009,"60659",197,215
2009,"60660",225,188
2009,"60661",267,261
2009,"60662",257,161
2009,"60663",212,189
2009,"60664",586,613
2009,"60665",293,255
2009,"60666",124,112
2009,"60667",209,192
2009,"60668",127,133
2009,"60669",660,563
2009,"60670",389,330
2009,"61001",72,76
2009,"61002",87,91
2009,"61007",62,40
2009,"61008",47,69
2009,"61012",153,134
2009,"61013",82,111
2009,"61016",77,81
2009,"61017",68,68
2009,"61019",58,61
2009,"61020",99,71
2009,"61021",92,96
2009,"61024",100,115
2009,"61027",75,66
2009,"61030",89,69
2009,"61032",60,63
2009,"61033",109,93
2009,"61043",207,186
2009,"61045",370,361
2009,"61049",158,165
2009,"61050",173,145
2009,"61051",114,140
2009,"61052",145,101
2009,"61053",738,623
2009,"61054",113,106
2009,"61055",59,71
2009,"61057",63,83
2009,"61059",272,264
2009,"61060",124,172
2009,"61061",282,296
2009,"61101",87,157
2009,"61105",29,57
2009,"61106",91,86
2009,"61107",42,39
2009,"61108",1083,1186
2009,"61109",87,54
2009,"61110",118,132
2009,"61111",57,64
2009,"61112",3,28
2009,"61113",136,161
2009,"61114",126,138
2009,"61115",53,68
2009,"61116",86,74
2009,"61118",50,56
2009,"61119",26,35
2009,"61120",427,367
2009,"61203",97,106
2009,"61204",59,88
2009,"61205",22,47
2009,"61206",62,68
2009,"61207",208,182
2009,"61213",121,135
2009,"61215",41,61
2009,"61217",61,101
2009,"61222",53,79
2009,"61236",73,77
2009,"61243",95,114
2009,"61247",107,149
2009,"61251",4,16
2009,"61252",48,53
2009,"61253",157,199
2009,"61254",44,41
2009,"61255",142,161
2009,"61256",51,43
2009,"61257",148,146
2009,"61258",62,62
2009,"61259",352,414
2009,"61260",45,57
2009,"61261",85,70
2009,"61262",113,101
2009,"61263",251,262
2009,"61264",47,74
2009,"61265",180,215
2009,"61266",37,56
2009,"61267",170,170
2009,"61410",23,34
2009,"61413",23,31
2009,"61425",50,88
2009,"61428",32,24
2009,"61437",11,29
2009,"61438",146,188
2009,"61439",140,173
2009,"61440",66,74
2009,"61441",21,35
2009,"61442",42,61
2009,"61443",60,80
2009,"61444",55,83
2009,"61445",82,78
2009,"61446",59,80
2009,"61611",118,110
2009,"61612",118,120
2009,"61615",116,102
2009,"61618",107,122
2009,"61621",30,37
2009,"61624",161,106
2009,"61625",508,488
2009,"61626",240,247
2009,"61627",53,60
2009,"61628",58,66
2009,"61629",39,28
2009,"61630",63,77
2009,"61631",407,496
2009,"61632",108,150
2009,"61633",182,161
2009,"61701",63,73
2009,"61708",22,45
2009,"61710",25,59
2009,"61711",16,26
2009,"61716",95,88
2009,"61719",131,89
2009,"61727",143,111
2009,"61728",20,18
2009,"61729",66,77
2009,"61730",69,59
2009,"61731",55,60
2009,"61740",59,55
2009,"61741",27,60
2009,"61743",32,21
2009,"61744",13,20
2009,"61745",27,40
2009,"61746",135,103
2009,"61748",153,157
2009,"61750",37,42
2009,"61751",101,104
2009,"61756",93,154
2009,"61757",122,126
2009,"61758",59,64
2009,"61759",45,66
2009,"61760",637,483
2009,"61761",54,49
2009,"61762",61,68
2009,"61763",112,126
2009,"61764",96,120
2009,"61765",209,214
2009,"61766",541,518
2009,"62007",258,272
2009,"62008",45,54
2009,"62010",12,48
2009,"62014",67,94
2009,"62021",13,19
2009,"62026",31,30
2009,"62032",23,31
2009,"62034",40,43
2009,"62036",46,37
2009,"62038",272,420
2009,"62039",78,47
2009,"62040",459,428
2009,"62041",602,643
2009,"62042",60,106
2009,"62043",106,125
2009,"62044",62,67
2009,"62045",97,118
2009,"62046",80,125
2009,"62047",227,251
2009,"62048",141,179
2009,"62105",35,70
2009,"62115",186,152
2009,"62116",144,147
2009,"62125",73,92
2009,"62128",178,203
2009,"62131",58,89
2009,"62132",54,48
2009,"62135",75,114
2009,"62138",113,133
2009,"62139",754,803
2009,"62140",951,1011
2009,"62141",360,321
2009,"62142",70,131
2009,"62143",323,423
2009,"62144",164,284
2009,"62145",225,215
2009,"62146",194,168
2009,"62147",83,82
2009,"62148",44,99
2009,"62202",72,60
2009,"62205",81,54
2009,"62206",64,42
2009,"62209",35,39
2009,"62211",71,70
2009,"62214",70,78
2009,"62216",47,50
2009,"62219",343,329
2009,"62220",78,107
2009,"62226",59,70
2009,"62232",46,44
2009,"62233",74,101
2009,"62235",73,103
2009,"62242",18,28
2009,"62244",112,111
2009,"62245",25,52
2009,"62247",39,46
2009,"62252",80,65
2009,"62256",181,75
2009,"62262",23,44
2009,"62264",146,147
2009,"62265",29,53
2009,"62266",108,89
2009,"62267",348,382
2009,"62268",96,93
2009,"62269",48,96
2009,"62270",62,72
2009,"62271",129,172
2009,"62272",103,132
2009,"62273",105,73
2009,"62274",88,121
2009,"62275",142,187
2009,"62276",71,92
2009,"62277",76,76
2009,"62278",70,123
2009,"62279",46,68
2009,"62311",38,48
2009,"62314",65,48
2009,"62326",68,48
2009,"62330",29,58
2009,"62332",53,40
2009,"62335",28,47
2009,"62343",34,45
2009,"62368",45,39
2009,"62372",30,46
2009,"62375",301,248
2009,"62376",118,91
2009,"62377",81,76
2009,"62378",268,270
2009,"62379",485,571
2009,"62380",163,162
2009,"62381",102,115
2009,"62382",185,142
2009,"62383",120,146
2009,"62384",122,112
2009,"62385",92,98
2009,"62386",156,179
2009,"62387",59,73
2009,"62388",93,86
2009,"62389",99,126
2009,"62390",115,156
2009,"70101",4984,4407
2009,"70201",111,120
2009,"70202",166,154
2009,"70203",350,439
2009,"70204",19,20
2009,"70205",27,23
2009,"70206",20,20
2009,"70207",22,29
2009,"70208",78,119
2009,"70209",174,134
2009,"70210",18,16
2009,"70211",115,133
2009,"70212",52,41
2009,"70213",67,62
2009,"70214",67,90
2009,"70215",60,86
2009,"70216",34,53
2009,"70217",26,31
2009,"70218",48,51
2009,"70219",117,103
2009,"70220",121,147
2009,"70221",68,72
2009,"70222",94,91
2009,"70223",77,73
2009,"70224",42,45
2009,"70301",254,266
2009,"70302",181,131
2009,"70303",125,98
2009,"70304",275,269
2009,"70305",42,38
2009,"70306",100,84
2009,"70307",33,33
2009,"70308",80,93
2009,"70309",92,89
2009,"70310",127,174
2009,"70311",28,41
2009,"70312",299,270
2009,"70313",63,60
2009,"70314",6,11
2009,"70315",41,64
2009,"70317",8,12
2009,"70318",57,50
2009,"70319",131,107
2009,"70320",194,151
2009,"70322",83,66
2009,"70323",29,36
2009,"70325",41,49
2009,"70326",127,86
2009,"70328",73,96
2009,"70329",152,182
2009,"70331",100,89
2009,"70332",92,93
2009,"70333",48,82
2009,"70334",133,155
2009,"70335",82,102
2009,"70336",14,9
2009,"70337",83,95
2009,"70338",49,46
2009,"70339",45,49
2009,"70340",98,89
2009,"70342",59,49
2009,"70343",42,30
2009,"70344",67,69
2009,"70345",87,52
2009,"70346",462,437
2009,"70347",4,3
2009,"70348",66,65
2009,"70349",33,32
2009,"70350",46,49
2009,"70351",157,117
2009,"70352",38,31
2009,"70353",93,74
2009,"70354",811,696
2009,"70355",138,118
2009,"70356",64,66
2009,"70357",520,560
2009,"70358",164,214
2009,"70359",29,31
2009,"70360",63,77
2009,"70361",16,4
2009,"70362",13,16
2009,"70364",354,382
2009,"70365",181,179
2009,"70366",14,27
2009,"70367",292,352
2009,"70368",48,55
2009,"70369",387,273
2009,"70370",126,126
2009,"70401",56,40
2009,"70402",110,68
2009,"70403",285,376
2009,"70404",77,112
2009,"70405",28,35
2009,"70406",118,164
2009,"70407",38,45
2009,"70408",56,66
2009,"70409",133,189
2009,"70410",175,158
2009,"70411",231,357
2009,"70412",137,192
2009,"70413",70,91
2009,"70414",45,57
2009,"70415",42,20
2009,"70416",332,341
2009,"70417",39,50
2009,"70418",23,21
2009,"70419",65,66
2009,"70420",79,95
2009,"70501",33,52
2009,"70502",47,72
2009,"70503",116,96
2009,"70504",32,34
2009,"70505",98,94
2009,"70506",113,130
2009,"70508",218,190
2009,"70509",101,84
2009,"70510",23,39
2009,"70511",220,286
2009,"70512",169,186
2009,"70513",660,580
2009,"70514",136,156
2009,"70515",178,159
2009,"70516",9,10
2009,"70517",80,85
2009,"70518",105,93
2009,"70519",15,19
2009,"70520",94,117
2009,"70521",35,24
2009,"70522",149,168
2009,"70523",15,13
2009,"70524",46,41
2009,"70525",99,112
2009,"70526",90,98
2009,"70527",59,66
2009,"70528",62,76
2009,"70529",46,64
2009,"70530",73,87
2009,"70531",706,522
2009,"70601",15,11
2009,"70602",7,6
2009,"70603",33,39
2009,"70604",72,160
2009,"70605",31,30
2009,"70606",10,16
2009,"70607",39,42
2009,"70608",56,59
2009,"70609",43,40
2009,"70610",15,8
2009,"70611",15,11
2009,"70612",4,16
2009,"70613",11,14
2009,"70614",392,347
2009,"70615",41,30
2009,"70616",56,62
2009,"70617",40,86
2009,"70618",24,40
2009,"70619",56,99
2009,"70620",51,71
2009,"70621",53,86
2009,"70622",43,45
2009,"70623",26,28
2009,"70624",36,51
2009,"70625",0,3
2009,"70626",21,14
2009,"70627",14,36
2009,"70628",7,20
2009,"70629",25,19
2009,"70630",143,142
2009,"70701",14,16
2009,"70702",14,27
2009,"70703",10,22
2009,"70704",24,32
2009,"70705",32,52
2009,"70706",9,27
2009,"70707",73,91
2009,"70708",20,39
2009,"70709",7,22
2009,"70710",6,10
2009,"70711",16,26
2009,"70712",11,23
2009,"70713",8,12
2009,"70714",14,14
2009,"70715",25,30
2009,"70716",475,434
2009,"70717",68,120
2009,"70718",25,31
2009,"70719",96,132
2009,"70720",29,34
2009,"70721",4,12
2009,"70723",8,17
2009,"70724",18,24
2009,"70725",4,5
2009,"70726",7,25
2009,"70727",7,11
2009,"70728",55,49
2009,"70729",9,16
2009,"70731",26,20
2009,"70732",71,56
2009,"70733",1,7
2009,"70734",40,28
2009,"70735",16,16
2009,"70801",32,38
2009,"70802",15,18
2009,"70803",19,21
2009,"70804",37,34
2009,"70805",73,123
2009,"70806",67,38
2009,"70807",57,78
2009,"70808",46,22
2009,"70809",10,11
2009,"70810",11,11
2009,"70811",11,28
2009,"70812",0,2
2009,"70813",17,43
2009,"70814",10,13
2009,"70815",3,0
2009,"70816",37,43
2009,"70817",25,18
2009,"70818",4,2
2009,"70819",1,3
2009,"70820",94,92
2009,"70821",35,39
2009,"70822",13,12
2009,"70823",1,2
2009,"70824",14,7
2009,"70825",2,2
2009,"70826",71,67
2009,"70827",13,13
2009,"70828",254,311
2009,"70829",9,13
2009,"70830",14,14
2009,"70831",9,28
2009,"70832",14,37
2009,"70833",24,41
2009,"70834",3,4
2009,"70835",45,42
2009,"70836",35,35
2009,"70837",14,7
2009,"70901",59,65
2009,"70902",54,64
2009,"70903",11,12
2009,"70904",25,32
2009,"70905",112,106
2009,"70907",132,145
2009,"70908",45,71
2009,"70909",211,194
2009,"70910",36,41
2009,"70911",24,22
2009,"70912",17,26
2009,"70913",5,8
2009,"70914",21,21
2009,"70915",47,52
2009,"70916",29,35
2009,"70917",232,266
2009,"70918",43,59
2009,"70920",123,127
2009,"70921",44,65
2009,"70922",50,69
2009,"70923",51,63
2009,"70924",15,14
2009,"70925",65,53
2009,"70926",610,567
2009,"70927",44,53
2009,"70928",115,99
2009,"70929",8,9
2009,"70930",30,40
2009,"70931",65,71
2009,"70932",21,17
2009,"70933",94,95
2009,"70934",55,71
2009,"70935",71,69
2009,"70936",195,191
2009,"70937",73,75
2009,"70938",65,52
2009,"70939",80,90
2009,"70940",66,82
2009,"70941",24,18
2009,"80101",92,86
2009,"80102",4,13
2009,"80103",707,732
2009,"80104",156,134
2009,"80105",32,23
2009,"80106",249,182
2009,"80107",28,17
2009,"80108",33,35
2009,"80109",5,12
2009,"80110",43,73
2009,"80111",39,61
2009,"80112",16,43
2009,"80113",81,85
2009,"80114",4,21
2009,"80115",169,168
2009,"80116",350,329
2009,"80117",255,269
2009,"80118",30,41
2009,"80119",37,42
2009,"80120",64,99
2009,"80121",17,8
2009,"80122",182,192
2009,"80123",16,29
2009,"80124",15,9
2009,"80125",17,13
2009,"80126",110,157
2009,"80127",21,38
2009,"80128",78,96
2009,"80129",104,126
2009,"80201",135,120
2009,"80202",72,93
2009,"80203",30,52
2009,"80204",84,109
2009,"80205",33,21
2009,"80206",30,37
2009,"80207",1544,1474
2009,"80208",20,22
2009,"80209",13,12
2009,"80210",31,39
2009,"80211",110,117
2009,"80212",10,11
2009,"80213",179,238
2009,"80214",109,99
2009,"80215",700,589
2009,"80216",69,91
2009,"80217",343,358
2009,"80218",267,281
2009,"80219",52,55
2009,"80220",95,106
2009,"80221",36,39
2009,"80222",31,39
2009,"80223",45,43
2009,"80224",531,515
2009,"80225",50,81
2009,"80226",326,295
2009,"80227",45,53
2009,"80228",30,89
2009,"80229",8,16
2009,"80230",41,41
2009,"80231",44,34
2009,"80232",15,18
2009,"80233",16,12
2009,"80234",6,7
2009,"80235",227,237
2009,"80236",76,77
2009,"80237",17,20
2009,"80238",60,78
2009,"80239",12,18
2009,"80240",427,471
2009,"80301",1793,1630
2009,"80302",735,732
2009,"80303",728,658
2009,"80401",318,333
2009,"80402",20,6
2009,"80403",1,5
2009,"80404",1394,1535
2009,"80405",314,416
2009,"80406",25,19
2009,"80407",177,142
2009,"80408",617,652
2009,"80409",186,231
2009,"80410",220,228
2009,"80411",19,26
2009,"80412",227,157
2009,"80413",128,84
2009,"80414",612,595
2009,"80415",25,22
2009,"80416",113,111
2009,"80417",107,129
2009,"80418",141,139
2009,"80419",35,32
2009,"80420",144,156
2009,"80421",12,17
2009,"80422",9,14
2009,"80423",137,112
2009,"80424",181,179
2009,"90101",1061,1216
2009,"90201",9531,9210
2009,"90301",6761,7132
2009,"90401",2572,2757
2009,"90501",5233,5478
2009,"90601",3400,3360
2009,"90701",3128,3177
2009,"90801",3003,3878
2009,"90901",4896,4773
2009,"91001",11583,11084
2009,"91101",6928,6051
2009,"91201",7134,7354
2009,"91301",3235,3018
2009,"91401",6040,5964
2009,"91501",7097,7564
2009,"91601",8007,8436
2009,"91701",4887,5057
2009,"91801",3929,4096
2009,"91901",4145,4044
2009,"92001",6888,7218
2009,"92101",8247,7328
2009,"92201",8453,6565
2009,"92301",5040,4499
2010,"10101",681,606
2010,"10201",63,36
2010,"10301",81,69
2010,"10302",48,44
2010,"10303",82,68
2010,"10304",124,66
2010,"10305",41,27
2010,"10306",31,28
2010,"10307",54,59
2010,"10308",67,41
2010,"10309",145,172
2010,"10310",48,45
2010,"10311",53,44
2010,"10312",84,77
2010,"10313",88,83
2010,"10314",63,61
2010,"10315",147,132
2010,"10316",123,95
2010,"10317",87,66
2010,"10318",70,40
2010,"10319",68,46
2010,"10320",19,10
2010,"10321",27,25
2010,"10322",35,44
2010,"10323",59,44
2010,"10401",30,27
2010,"10402",33,77
2010,"10403",44,32
2010,"10404",37,45
2010,"10405",175,187
2010,"10406",19,34
2010,"10407",29,44
2010,"10408",69,69
2010,"10409",22,27
2010,"10410",19,22
2010,"10411",97,55
2010,"10412",51,27
2010,"10413",38,44
2010,"10414",138,103
2010,"10415",21,78
2010,"10416",76,58
2010,"10417",42,87
2010,"10418",15,10
2010,"10419",12,25
2010,"10420",5,9
2010,"10421",18,16
2010,"10422",6,8
2010,"10423",7,5
2010,"10424",15,13
2010,"10425",8,7
2010,"10426",18,5
2010,"10427",14,23
2010,"10428",7,8
2010,"10501",82,78
2010,"10502",29,45
2010,"10503",53,42
2010,"10504",160,141
2010,"10505",12,29
2010,"10506",49,55
2010,"10507",12,30
2010,"10508",119,94
2010,"10509",68,70
2010,"10510",31,28
2010,"10511",45,38
2010,"10512",28,16
2010,"10601",48,52
2010,"10602",90,90
2010,"10603",29,42
2010,"10604",34,48
2010,"10605",67,67
2010,"10606",323,251
2010,"10607",258,202
2010,"10608",15,19
2010,"10609",143,119
2010,"10610",60,63
2010,"10611",142,115
2010,"10612",75,63
2010,"10613",35,60
2010,"10614",42,37
2010,"10615",99,85
2010,"10616",27,22
2010,"10617",20,26
2010,"10618",51,30
2010,"10619",20,20
2010,"10701",51,54
2010,"10702",32,31
2010,"10703",171,202
2010,"10704",50,17
2010,"10705",94,94
2010,"10706",23,33
2010,"10707",125,109
2010,"10708",37,40
2010,"10709",61,48
2010,"10710",33,48
2010,"10711",59,46
2010,"10712",70,64
2010,"10713",466,293
2010,"10714",74,46
2010,"10715",16,15
2010,"10716",13,24
2010,"10717",199,149
2010,"10718",70,68
2010,"10719",34,32
2010,"10720",27,34
2010,"10721",36,53
2010,"10722",113,70
2010,"10723",65,37
2010,"10724",63,63
2010,"10725",20,16
2010,"10726",23,23
2010,"10727",13,6
2010,"10801",75,58
2010,"10802",26,30
2010,"10803",46,33
2010,"10804",37,54
2010,"10805",53,96
2010,"10806",32,25
2010,"10807",58,45
2010,"10808",32,45
2010,"10809",72,63
2010,"10810",36,23
2010,"10811",46,47
2010,"10812",40,41
2010,"10813",40,34
2010,"10814",21,38
2010,"10815",57,30
2010,"10816",162,157
2010,"10817",59,49
2010,"10818",19,28
2010,"10819",27,26
2010,"10820",53,19
2010,"10821",51,42
2010,"10822",65,69
2010,"10823",52,47
2010,"10824",30,13
2010,"10825",15,40
2010,"10826",11,17
2010,"10827",18,16
2010,"10828",24,21
2010,"10901",77,61
2010,"10902",92,97
2010,"10903",35,37
2010,"10904",47,39
2010,"10905",149,152
2010,"10906",37,15
2010,"10907",50,59
2010,"10908",37,65
2010,"10909",32,58
2010,"10910",70,27
2010,"10911",45,40
2010,"10912",35,57
2010,"10913",25,28
2010,"10914",48,53
2010,"10915",36,39
2010,"10916",117,120
2010,"10917",420,390
2010,"10918",314,298
2010,"10919",155,105
2010,"10920",100,68
2010,"10921",61,43
2010,"10922",31,59
2010,"10923",46,66
2010,"10924",19,24
2010,"10925",42,42
2010,"10926",19,29
2010,"10927",26,24
2010,"10928",72,73
2010,"10929",44,32
2010,"10930",12,19
2010,"10931",3,4
2010,"10932",12,9
2010,"20101",3605,3449
2010,"20201",2129,2088
2010,"20302",23,30
2010,"20305",131,220
2010,"20306",80,120
2010,"20307",74,72
2010,"20316",33,42
2010,"20320",42,34
2010,"20321",12,21
2010,"20402",376,370
2010,"20403",119,111
2010,"20405",183,216
2010,"20409",156,135
2010,"20412",131,115
2010,"20414",99,123
2010,"20415",196,217
2010,"20416",53,59
2010,"20417",136,105
2010,"20418",127,200
2010,"20419",115,104
2010,"20421",240,217
2010,"20424",170,157
2010,"20425",129,132
2010,"20428",41,32
2010,"20432",145,111
2010,"20435",123,104
2010,"20441",6,19
2010,"20442",151,136
2010,"20501",216,219
2010,"20502",116,121
2010,"20503",28,45
2010,"20504",91,118
2010,"20505",196,206
2010,"20506",55,72
2010,"20508",39,47
2010,"20509",51,63
2010,"20511",24,47
2010,"20512",71,121
2010,"20513",58,77
2010,"20515",140,159
2010,"20518",43,60
2010,"20519",56,56
2010,"20520",52,72
2010,"20523",137,161
2010,"20527",565,609
2010,"20530",99,72
2010,"20531",74,98
2010,"20534",166,148
2010,"20601",61,102
2010,"20602",87,91
2010,"20603",31,30
2010,"20604",40,41
2010,"20605",13,38
2010,"20607",21,45
2010,"20608",84,87
2010,"20609",26,51
2010,"20610",19,30
2010,"20611",43,70
2010,"20613",23,39
2010,"20616",65,70
2010,"20618",11,22
2010,"20619",26,52
2010,"20620",111,122
2010,"20622",11,24
2010,"20624",64,52
2010,"20625",35,46
2010,"20627",68,85
2010,"20630",181,264
2010,"20631",39,38
2010,"20632",40,54
2010,"20633",27,62
2010,"20634",237,256
2010,"20635",596,620
2010,"20636",18,50
2010,"20637",90,78
2010,"20638",28,40
2010,"20639",16,24
2010,"20640",50,39
2010,"20642",38,73
2010,"20643",100,92
2010,"20644",58,74
2010,"20701",38,71
2010,"20702",267,263
2010,"20703",43,80
2010,"20705",71,124
2010,"20707",18,22
2010,"20708",33,36
2010,"20710",73,101
2010,"20711",399,371
2010,"20712",18,48
2010,"20713",27,26
2010,"20719",67,74
2010,"20720",198,218
2010,"20721",96,70
2010,"20722",163,146
2010,"20723",46,48
2010,"20724",259,260
2010,"20725",409,388
2010,"20726",120,150
2010,"20727",300,238
2010,"20801",126,147
2010,"20802",29,32
2010,"20803",288,314
2010,"20804",68,61
2010,"20805",100,86
2010,"20806",87,62
2010,"20807",30,41
2010,"20808",161,187
2010,"20810",47,38
2010,"20812",72,65
2010,"20813",324,413
2010,"20815",66,91
2010,"20817",363,491
2010,"20901",78,139
2010,"20905",99,146
2010,"20909",64,107
2010,"20911",17,40
2010,"20912",34,50
2010,"20913",388,419
2010,"20914",46,62
2010,"20918",114,131
2010,"20923",737,773
2010,"21001",23,41
2010,"21002",533,538
2010,"21003",83,103
2010,"21004",46,59
2010,"21005",82,115
2010,"21006",46,40
2010,"21007",51,61
2010,"21008",85,109
2010,"21009",174,211
2010,"21010",79,63
2010,"30101",1398,1193
2010,"30201",2247,2055
2010,"30301",336,382
2010,"30401",2237,1963
2010,"30501",62,65
2010,"30502",879,942
2010,"30503",103,91
2010,"30504",122,139
2010,"30506",108,127
2010,"30507",78,61
2010,"30508",207,168
2010,"30509",105,99
2010,"30510",25,36
2010,"30511",65,65
2010,"30512",45,35
2010,"30514",176,194
2010,"30515",97,121
2010,"30516",32,45
2010,"30517",111,154
2010,"30520",108,82
2010,"30521",52,64
2010,"30522",53,78
2010,"30524",22,63
2010,"30526",16,21
2010,"30527",112,116
2010,"30529",100,93
2010,"30530",215,165
2010,"30531",310,430
2010,"30532",105,116
2010,"30533",155,190
2010,"30534",48,84
2010,"30536",66,59
2010,"30538",133,112
2010,"30539",47,85
2010,"30541",69,54
2010,"30542",64,64
2010,"30543",69,94
2010,"30544",85,61
2010,"30601",131,124
2010,"30602",153,187
2010,"30603",575,530
2010,"30604",1276,1227
2010,"30605",441,391
2010,"30607",506,414
2010,"30608",244,221
2010,"30609",20,22
2010,"30612",90,96
2010,"30613",100,108
2010,"30614",78,36
2010,"30615",281,288
2010,"30616",113,82
2010,"30618",410,377
2010,"30620",289,227
2010,"30621",124,96
2010,"30623",205,192
2010,"30625",225,180
2010,"30626",297,244
2010,"30627",139,149
2010,"30629",74,80
2010,"30631",111,87
2010,"30633",65,52
2010,"30635",51,61
2010,"30636",102,55
2010,"30637",112,102
2010,"30639",851,1126
2010,"30641",174,111
2010,"30645",113,101
2010,"30646",84,99
2010,"30701",20,19
2010,"30702",67,72
2010,"30703",22,21
2010,"30704",342,336
2010,"30706",130,102
2010,"30708",49,46
2010,"30709",79,68
2010,"30710",269,229
2010,"30711",61,80
2010,"30712",46,45
2010,"30713",50,33
2010,"30715",6,19
2010,"30716",127,138
2010,"30718",45,41
2010,"30719",56,43
2010,"30721",51,58
2010,"30722",52,55
2010,"30724",48,41
2010,"30726",116,98
2010,"30728",17,27
2010,"30729",183,164
2010,"30730",212,164
2010,"30731",151,126
2010,"30732",336,228
2010,"30733",40,43
2010,"30734",101,85
2010,"30735",281,181
2010,"30736",111,132
2010,"30737",93,99
2010,"30738",27,17
2010,"30739",80,97
2010,"30740",640,707
2010,"30741",100,92
2010,"30801",4,15
2010,"30802",7,20
2010,"30803",169,172
2010,"30804",55,58
2010,"30805",72,63
2010,"30808",394,356
2010,"30810",40,44
2010,"30811",101,88
2010,"30812",28,36
2010,"30813",49,34
2010,"30814",64,77
2010,"30817",694,510
2010,"30819",10,10
2010,"30821",508,380
2010,"30822",4,2
2010,"30824",30,42
2010,"30825",29,39
2010,"30826",40,61
2010,"30827",98,103
2010,"30828",27,30
2010,"30829",20,25
2010,"30830",133,113
2010,"30831",153,120
2010,"30834",21,12
2010,"30835",116,143
2010,"30836",31,40
2010,"30838",82,126
2010,"30841",70,50
2010,"30842",70,96
2010,"30844",119,63
2010,"30845",64,74
2010,"30846",0,1
2010,"30848",58,44
2010,"30849",29,20
2010,"30850",53,51
2010,"30852",89,84
2010,"30854",39,36
2010,"30856",505,410
2010,"30857",51,37
2010,"30858",41,43
2010,"30859",12,29
2010,"30860",88,100
2010,"30863",205,179
2010,"30865",36,28
2010,"30902",26,29
2010,"30903",56,65
2010,"30904",16,24
2010,"30906",25,8
2010,"30908",184,267
2010,"30909",86,77
2010,"30910",59,52
2010,"30912",18,35
2010,"30913",10,24
2010,"30915",17,32
2010,"30916",89,113
2010,"30917",23,19
2010,"30920",55,119
2010,"30921",37,46
2010,"30925",64,63
2010,"30929",26,19
2010,"30932",30,38
2010,"30935",201,192
2010,"30939",25,32
2010,"30940",24,19
2010,"30942",85,62
2010,"31001",34,46
2010,"31008",92,134
2010,"31009",57,50
2010,"31014",44,34
2010,"31015",52,72
2010,"31016",46,38
2010,"31018",59,47
2010,"31019",55,42
2010,"31021",42,36
2010,"31022",726,481
2010,"31025",26,18
2010,"31026",92,78
2010,"31028",51,56
2010,"31033",30,29
2010,"31035",93,59
2010,"31036",57,82
2010,"31037",159,128
2010,"31038",20,30
2010,"31041",29,29
2010,"31042",54,63
2010,"31043",73,72
2010,"31051",79,107
2010,"31052",65,90
2010,"31053",115,123
2010,"31101",50,28
2010,"31102",20,10
2010,"31103",64,38
2010,"31104",32,38
2010,"31105",186,149
2010,"31106",119,152
2010,"31107",50,39
2010,"31109",341,295
2010,"31110",40,40
2010,"31111",14,26
2010,"31113",15,24
2010,"31114",19,30
2010,"31117",18,14
2010,"31119",9,21
2010,"31120",29,23
2010,"31121",40,59
2010,"31123",59,50
2010,"31124",39,98
2010,"31129",48,54
2010,"31130",30,26
2010,"31201",182,168
2010,"31202",52,26
2010,"31203",114,107
2010,"31204",44,54
2010,"31205",94,63
2010,"31206",104,123
2010,"31207",157,169
2010,"31208",153,131
2010,"31213",633,618
2010,"31214",356,320
2010,"31215",44,42
2010,"31216",228,214
2010,"31224",35,55
2010,"31226",150,121
2010,"31227",169,92
2010,"31228",27,54
2010,"31229",58,54
2010,"31230",699,589
2010,"31234",59,66
2010,"31235",528,432
2010,"31301",21,19
2010,"31302",24,23
2010,"31303",43,40
2010,"31304",23,43
2010,"31308",111,99
2010,"31309",132,137
2010,"31310",56,87
2010,"31311",94,113
2010,"31315",124,102
2010,"31319",42,36
2010,"31321",20,28
2010,"31322",329,276
2010,"31323",26,38
2010,"31324",41,50
2010,"31326",20,27
2010,"31327",198,176
2010,"31330",34,41
2010,"31333",66,91
2010,"31336",36,56
2010,"31337",100,72
2010,"31338",41,31
2010,"31340",24,29
2010,"31343",70,97
2010,"31344",39,62
2010,"31346",74,64
2010,"31347",21,23
2010,"31350",31,27
2010,"31351",38,39
2010,"31355",101,92
2010,"31356",51,20
2010,"31401",38,53
2010,"31402",90,95
2010,"31403",178,173
2010,"31404",47,46
2010,"31405",30,37
2010,"31406",45,52
2010,"31407",116,187
2010,"31408",24,60
2010,"31409",39,73
2010,"31410",76,63
2010,"31411",41,57
2010,"31412",165,172
2010,"31413",162,211
2010,"31414",66,68
2010,"31502",25,32
2010,"31503",91,82
2010,"31504",48,59
2010,"31505",130,165
2010,"31506",9,16
2010,"31507",92,99
2010,"31508",37,50
2010,"31509",65,79
2010,"31511",69,40
2010,"31513",53,56
2010,"31514",80,54
2010,"31515",30,25
2010,"31516",40,37
2010,"31517",62,51
2010,"31519",57,48
2010,"31520",178,152
2010,"31521",105,96
2010,"31522",74,58
2010,"31523",31,22
2010,"31524",355,342
2010,"31525",29,65
2010,"31527",70,107
2010,"31528",24,27
2010,"31530",84,86
2010,"31531",46,72
2010,"31533",224,166
2010,"31534",69,58
2010,"31535",17,28
2010,"31537",68,90
2010,"31539",81,91
2010,"31540",57,47
2010,"31541",12,22
2010,"31542",53,44
2010,"31543",27,34
2010,"31546",46,31
2010,"31549",265,241
2010,"31550",28,41
2010,"31551",48,85
2010,"31552",38,39
2010,"31553",53,75
2010,"31601",41,37
2010,"31603",39,55
2010,"31604",38,49
2010,"31605",44,50
2010,"31606",43,35
2010,"31608",9,13
2010,"31609",29,31
2010,"31611",19,31
2010,"31612",135,176
2010,"31613",21,41
2010,"31614",94,109
2010,"31615",33,44
2010,"31616",35,34
2010,"31617",46,47
2010,"31620",25,33
2010,"31621",40,35
2010,"31622",47,45
2010,"31627",62,54
2010,"31628",92,83
2010,"31629",211,150
2010,"31630",80,78
2010,"31633",511,459
2010,"31634",47,54
2010,"31636",25,23
2010,"31642",40,56
2010,"31644",156,174
2010,"31645",66,48
2010,"31646",26,19
2010,"31649",48,61
2010,"31650",27,31
2010,"31651",130,116
2010,"31652",13,20
2010,"31653",34,33
2010,"31654",97,88
2010,"31655",320,218
2010,"31658",17,17
2010,"31701",55,61
2010,"31702",112,117
2010,"31703",281,242
2010,"31704",635,582
2010,"31706",77,65
2010,"31707",103,111
2010,"31709",163,201
2010,"31710",444,413
2010,"31711",55,46
2010,"31712",234,270
2010,"31713",191,175
2010,"31714",40,37
2010,"31715",146,131
2010,"31716",523,515
2010,"31717",1164,1223
2010,"31718",116,72
2010,"31719",644,623
2010,"31723",353,258
2010,"31725",401,411
2010,"31726",88,83
2010,"31801",23,20
2010,"31802",85,105
2010,"31803",70,68
2010,"31804",96,71
2010,"31805",13,22
2010,"31806",6,10
2010,"31807",35,42
2010,"31808",76,78
2010,"31809",24,49
2010,"31810",323,242
2010,"31811",107,140
2010,"31812",48,72
2010,"31813",104,129
2010,"31814",80,92
2010,"31815",24,21
2010,"31817",58,96
2010,"31818",731,682
2010,"31820",12,19
2010,"31821",87,107
2010,"31823",177,127
2010,"31825",17,22
2010,"31826",83,77
2010,"31827",4,15
2010,"31829",153,223
2010,"31830",8,16
2010,"31831",161,128
2010,"31832",100,63
2010,"31833",43,36
2010,"31834",20,13
2010,"31835",149,138
2010,"31836",24,27
2010,"31837",53,51
2010,"31838",36,38
2010,"31839",524,554
2010,"31840",41,50
2010,"31841",13,14
2010,"31842",0,3
2010,"31843",48,67
2010,"31844",73,72
2010,"31845",39,39
2010,"31846",88,147
2010,"31847",70,68
2010,"31848",36,37
2010,"31849",66,39
2010,"31901",97,127
2010,"31902",111,89
2010,"31903",192,210
2010,"31904",67,49
2010,"31905",280,233
2010,"31906",70,86
2010,"31907",46,26
2010,"31909",80,93
2010,"31910",66,69
2010,"31911",40,61
2010,"31912",385,309
2010,"31913",59,99
2010,"31915",40,68
2010,"31916",53,43
2010,"31917",52,43
2010,"31918",86,106
2010,"31919",102,74
2010,"31920",8,26
2010,"31921",132,143
2010,"31922",90,83
2010,"31923",38,36
2010,"31925",49,53
2010,"31926",379,288
2010,"31927",90,86
2010,"31928",63,65
2010,"31929",205,216
2010,"31930",94,98
2010,"31932",122,88
2010,"31934",123,148
2010,"31935",80,118
2010,"31938",31,39
2010,"31939",9,12
2010,"31940",57,84
2010,"31941",26,57
2010,"31943",258,320
2010,"31945",35,45
2010,"31946",43,63
2010,"31947",325,292
2010,"31948",120,136
2010,"31949",264,213
2010,"31950",122,170
2010,"31951",437,296
2010,"31952",594,436
2010,"31953",172,124
2010,"31954",71,62
2010,"32001",67,112
2010,"32002",59,95
2010,"32003",81,114
2010,"32004",49,45
2010,"32005",42,55
2010,"32006",69,82
2010,"32007",15,20
2010,"32008",158,150
2010,"32009",36,42
2010,"32010",8,35
2010,"32011",22,34
2010,"32012",25,46
2010,"32013",178,131
2010,"32014",59,53
2010,"32015",37,52
2010,"32016",192,243
2010,"32017",122,102
2010,"32018",55,44
2010,"32101",61,89
2010,"32104",97,118
2010,"32106",85,79
2010,"32107",143,103
2010,"32109",24,22
2010,"32110",94,78
2010,"32112",99,125
2010,"32114",136,113
2010,"32115",66,35
2010,"32116",96,88
2010,"32119",95,101
2010,"32120",111,104
2010,"32131",294,262
2010,"32132",72,76
2010,"32134",130,105
2010,"32135",884,528
2010,"32139",59,53
2010,"32140",106,125
2010,"32141",177,155
2010,"32142",329,326
2010,"32143",74,44
2010,"32144",1143,917
2010,"32202",47,51
2010,"32203",44,40
2010,"32206",41,39
2010,"32207",100,101
2010,"32209",45,65
2010,"32210",47,59
2010,"32212",30,26
2010,"32214",19,26
2010,"32216",80,89
2010,"32217",54,49
2010,"32219",92,96
2010,"32220",211,205
2010,"32221",21,28
2010,"32222",8,23
2010,"32223",21,38
2010,"32301",172,118
2010,"32302",26,22
2010,"32304",194,172
2010,"32305",261,216
2010,"32306",198,156
2010,"32307",151,204
2010,"32308",58,67
2010,"32309",34,20
2010,"32310",31,31
2010,"32311",74,55
2010,"32312",27,20
2010,"32313",109,141
2010,"32314",76,57
2010,"32315",47,88
2010,"32316",212,185
2010,"32317",28,34
2010,"32318",125,149
2010,"32319",161,144
2010,"32320",94,90
2010,"32321",15,15
2010,"32322",13,16
2010,"32323",120,114
2010,"32324",13,15
2010,"32325",24,48
2010,"32326",24,22
2010,"32327",289,207
2010,"32330",235,181
2010,"32331",66,55
2010,"32332",132,153
2010,"32333",31,40
2010,"32334",33,30
2010,"32335",30,37
2010,"32336",110,147
2010,"32337",214,209
2010,"32338",81,51
2010,"32501",79,98
2010,"32502",22,35
2010,"32503",3,11
2010,"32504",18,32
2010,"32505",52,62
2010,"32506",24,15
2010,"32508",82,112
2010,"32509",15,25
2010,"32511",18,18
2010,"32514",14,13
2010,"32515",41,72
2010,"32516",29,28
2010,"32517",14,24
2010,"32518",29,39
2010,"32519",12,14
2010,"32520",53,42
2010,"32521",35,38
2010,"32522",28,22
2010,"32523",13,23
2010,"32524",82,35
2010,"32525",57,65
2010,"32528",23,28
2010,"32529",54,42
2010,"32530",248,285
2010,"40101",7428,7481
2010,"40201",1439,1548
2010,"40301",2347,2477
2010,"40401",173,165
2010,"40402",65,81
2010,"40403",28,28
2010,"40404",493,573
2010,"40405",117,120
2010,"40406",103,108
2010,"40407",57,51
2010,"40408",38,60
2010,"40409",68,55
2010,"40410",42,42
2010,"40411",15,29
2010,"40412",45,43
2010,"40413",213,205
2010,"40414",41,89
2010,"40415",53,44
2010,"40416",34,29
2010,"40417",39,38
2010,"40418",153,155
2010,"40419",78,90
2010,"40420",47,29
2010,"40421",316,312
2010,"40422",222,164
2010,"40423",16,42
2010,"40424",36,44
2010,"40425",58,59
2010,"40426",114,122
2010,"40427",76,59
2010,"40428",166,116
2010,"40429",37,33
2010,"40430",57,26
2010,"40431",38,43
2010,"40432",49,47
2010,"40433",28,23
2010,"40434",29,40
2010,"40435",21,12
2010,"40436",56,54
2010,"40437",160,152
2010,"40438",105,81
2010,"40439",10,15
2010,"40440",10,13
2010,"40441",212,246
2010,"40442",19,24
2010,"40443",52,61
2010,"40444",20,29
2010,"40445",25,13
2010,"40446",36,60
2010,"40501",206,175
2010,"40502",103,100
2010,"40503",289,268
2010,"40504",102,79
2010,"40505",46,42
2010,"40506",96,166
2010,"40507",73,101
2010,"40508",70,92
2010,"40509",92,74
2010,"40510",57,66
2010,"40511",112,109
2010,"40512",41,50
2010,"40601",380,361
2010,"40602",62,98
2010,"40603",61,88
2010,"40604",142,105
2010,"40605",24,40
2010,"40606",8,15
2010,"40607",52,72
2010,"40608",68,48
2010,"40609",86,109
2010,"40610",26,33
2010,"40611",37,41
2010,"40612",74,111
2010,"40613",21,31
2010,"40614",225,180
2010,"40615",103,115
2010,"40616",37,48
2010,"40617",33,52
2010,"40618",81,95
2010,"40619",60,44
2010,"40620",85,85
2010,"40621",47,54
2010,"40622",89,60
2010,"40623",40,52
2010,"40624",135,170
2010,"40625",43,29
2010,"40626",54,53
2010,"40627",115,115
2010,"40701",335,377
2010,"40702",214,154
2010,"40703",471,533
2010,"40704",150,201
2010,"40705",646,692
2010,"40706",37,51
2010,"40707",83,87
2010,"40708",140,99
2010,"40709",30,42
2010,"40710",81,63
2010,"40711",363,362
2010,"40712",19,20
2010,"40713",213,204
2010,"40714",199,231
2010,"40715",73,81
2010,"40716",28,29
2010,"40717",114,132
2010,"40718",87,92
2010,"40719",171,152
2010,"40720",233,244
2010,"40801",42,45
2010,"40802",193,198
2010,"40804",10,33
2010,"40805",152,213
2010,"40806",117,121
2010,"40807",59,59
2010,"40808",265,230
2010,"40809",64,118
2010,"40810",17,20
2010,"40811",83,42
2010,"40812",109,100
2010,"40813",42,56
2010,"40814",48,45
2010,"40815",23,42
2010,"40816",41,69
2010,"40817",49,36
2010,"40818",48,94
2010,"40820",8,19
2010,"40821",25,18
2010,"40822",65,59
2010,"40823",32,43
2010,"40824",48,46
2010,"40825",53,42
2010,"40826",21,13
2010,"40827",136,186
2010,"40828",71,37
2010,"40829",47,59
2010,"40830",28,29
2010,"40831",82,143
2010,"40832",88,98
2010,"40833",45,62
2010,"40834",27,18
2010,"40835",159,147
2010,"40901",38,43
2010,"40902",187,171
2010,"40903",21,40
2010,"40904",78,90
2010,"40905",254,280
2010,"40906",51,74
2010,"40907",237,204
2010,"40908",270,288
2010,"40909",119,165
2010,"40910",52,99
2010,"40911",25,23
2010,"40912",160,169
2010,"40913",117,95
2010,"40914",19,42
2010,"40915",84,110
2010,"40916",16,19
2010,"40917",133,151
2010,"40918",83,98
2010,"40919",16,27
2010,"40920",50,74
2010,"40921",21,31
2010,"40922",93,118
2010,"40923",133,123
2010,"41001",79,37
2010,"41002",771,895
2010,"41003",351,390
2010,"41004",21,23
2010,"41005",583,608
2010,"41006",67,54
2010,"41007",322,306
2010,"41008",77,96
2010,"41009",138,112
2010,"41010",78,105
2010,"41011",108,151
2010,"41012",1693,1460
2010,"41013",279,218
2010,"41014",291,276
2010,"41015",93,72
2010,"41016",95,78
2010,"41017",432,437
2010,"41018",89,94
2010,"41019",175,170
2010,"41020",165,186
2010,"41021",1300,1467
2010,"41022",238,220
2010,"41101",28,44
2010,"41102",62,89
2010,"41103",81,68
2010,"41104",16,29
2010,"41105",105,142
2010,"41106",106,130
2010,"41107",28,21
2010,"41108",277,360
2010,"41109",94,146
2010,"41110",175,173
2010,"41111",268,225
2010,"41112",48,71
2010,"41113",48,49
2010,"41114",142,163
2010,"41115",38,35
2010,"41116",335,365
2010,"41117",26,34
2010,"41118",115,135
2010,"41119",17,47
2010,"41120",152,104
2010,"41121",48,60
2010,"41122",33,18
2010,"41123",63,56
2010,"41124",239,253
2010,"41125",89,106
2010,"41126",73,51
2010,"41201",21,37
2010,"41202",34,43
2010,"41203",114,165
2010,"41204",113,81
2010,"41205",44,39
2010,"41206",16,24
2010,"41207",67,63
2010,"41208",51,48
2010,"41209",82,78
2010,"41210",9,13
2010,"41211",21,26
2010,"41212",26,28
2010,"41213",62,62
2010,"41214",124,128
2010,"41215",61,116
2010,"41216",19,13
2010,"41217",18,22
2010,"41218",77,104
2010,"41219",119,97
2010,"41220",71,50
2010,"41221",23,20
2010,"41222",19,33
2010,"41223",30,23
2010,"41224",86,69
2010,"41225",771,717
2010,"41226",15,18
2010,"41227",28,24
2010,"41228",77,92
2010,"41229",16,41
2010,"41230",32,42
2010,"41231",85,79
2010,"41232",74,55
2010,"41233",85,74
2010,"41234",39,68
2010,"41235",16,30
2010,"41236",17,30
2010,"41304",62,57
2010,"41305",18,25
2010,"41306",7,5
2010,"41307",20,23
2010,"41309",74,85
2010,"41311",13,12
2010,"41312",30,48
2010,"41313",30,55
2010,"41314",29,23
2010,"41315",45,30
2010,"41316",71,53
2010,"41317",27,41
2010,"41318",61,39
2010,"41319",11,15
2010,"41320",9,4
2010,"41321",60,67
2010,"41322",7,24
2010,"41323",50,60
2010,"41324",33,45
2010,"41325",46,59
2010,"41326",45,49
2010,"41327",25,46
2010,"41328",37,84
2010,"41329",22,27
2010,"41331",22,32
2010,"41332",85,147
2010,"41333",21,24
2010,"41334",32,56
2010,"41336",28,13
2010,"41337",28,36
2010,"41338",46,58
2010,"41341",4,15
2010,"41342",92,100
2010,"41343",109,109
2010,"41344",157,181
2010,"41345",46,44
2010,"41346",26,30
2010,"41401",18,10
2010,"41402",191,150
2010,"41403",71,99
2010,"41404",51,43
2010,"41405",30,45
2010,"41406",44,54
2010,"41407",36,47
2010,"41408",48,56
2010,"41409",85,58
2010,"41410",15,44
2010,"41411",44,55
2010,"41412",14,8
2010,"41413",57,69
2010,"41414",72,97
2010,"41415",37,52
2010,"41416",80,105
2010,"41417",28,41
2010,"41418",150,189
2010,"41419",53,51
2010,"41420",33,37
2010,"41421",28,33
2010,"41422",287,259
2010,"41423",53,83
2010,"41424",12,32
2010,"41425",109,116
2010,"41426",83,92
2010,"41427",33,50
2010,"41428",26,36
2010,"41429",40,43
2010,"41430",68,80
2010,"41501",48,55
2010,"41502",64,59
2010,"41503",248,238
2010,"41504",185,116
2010,"41505",35,46
2010,"41506",395,360
2010,"41507",47,70
2010,"41508",30,52
2010,"41509",57,64
2010,"41510",22,41
2010,"41511",99,88
2010,"41512",67,71
2010,"41513",56,62
2010,"41514",71,91
2010,"41515",30,41
2010,"41516",391,374
2010,"41517",113,139
2010,"41518",80,80
2010,"41521",140,111
2010,"41522",110,119
2010,"41601",122,128
2010,"41602",186,175
2010,"41603",141,139
2010,"41604",85,73
2010,"41605",372,309
2010,"41606",168,158
2010,"41607",282,297
2010,"41608",35,46
2010,"41609",185,188
2010,"41610",34,31
2010,"41611",127,112
2010,"41612",78,59
2010,"41613",87,78
2010,"41614",93,98
2010,"41615",103,98
2010,"41616",31,23
2010,"41617",192,185
2010,"41618",234,218
2010,"41619",60,51
2010,"41620",37,48
2010,"41621",61,51
2010,"41622",44,58
2010,"41623",43,39
2010,"41624",209,216
2010,"41626",158,156
2010,"41627",50,77
2010,"41628",44,69
2010,"41701",114,137
2010,"41702",86,101
2010,"41703",486,521
2010,"41704",35,36
2010,"41705",69,76
2010,"41706",19,31
2010,"41707",59,63
2010,"41708",38,31
2010,"41709",108,150
2010,"41710",148,142
2010,"41711",100,111
2010,"41712",67,43
2010,"41713",267,275
2010,"41714",26,44
2010,"41715",255,255
2010,"41716",112,96
2010,"41717",28,29
2010,"41718",48,54
2010,"41719",88,64
2010,"41720",50,67
2010,"41721",27,43
2010,"41722",156,175
2010,"41723",80,56
2010,"41724",8,19
2010,"41725",14,13
2010,"41726",86,95
2010,"41727",31,42
2010,"41728",9,16
2010,"41729",13,16
2010,"41730",84,55
2010,"41731",355,299
2010,"41732",107,99
2010,"41733",3,8
2010,"41734",297,1195
2010,"41735",133,102
2010,"41736",72,90
2010,"41737",179,162
2010,"41738",251,332
2010,"41739",267,248
2010,"41740",31,42
2010,"41741",78,66
2010,"41742",180,163
2010,"41743",407,346
2010,"41744",32,42
2010,"41745",41,51
2010,"41746",753,663
2010,"41747",195,185
2010,"41748",24,37
2010,"41749",58,65
2010,"41750",65,89
2010,"41751",81,116
2010,"41752",77,49
2010,"41801",21,14
2010,"41802",42,20
2010,"41803",83,121
2010,"41804",153,155
2010,"41805",60,70
2010,"41806",95,92
2010,"41807",41,47
2010,"41808",194,202
2010,"41809",46,41
2010,"41810",92,102
2010,"41811",237,182
2010,"41812",621,530
2010,"41813",19,20
2010,"41814",54,52
2010,"41815",33,31
2010,"41816",113,134
2010,"41817",94,99
2010,"41818",81,52
2010,"41819",62,74
2010,"41820",266,300
2010,"41821",78,68
2010,"41822",81,59
2010,"41823",302,281
2010,"41824",144,172
2010,"50101",4723,5020
2010,"50201",126,197
2010,"50202",94,131
2010,"50203",39,57
2010,"50204",135,183
2010,"50205",1066,881
2010,"50206",16,29
2010,"50207",264,224
2010,"50208",241,254
2010,"50209",258,236
2010,"50210",17,21
2010,"50211",41,42
2010,"50212",50,33
2010,"50213",111,108
2010,"50301",222,216
2010,"50302",139,132
2010,"50303",317,302
2010,"50304",68,53
2010,"50305",248,191
2010,"50306",50,43
2010,"50307",59,50
2010,"50308",117,135
2010,"50309",331,282
2010,"50310",274,266
2010,"50311",59,97
2010,"50312",68,103
2010,"50313",38,22
2010,"50314",395,378
2010,"50315",88,116
2010,"50316",191,214
2010,"50317",206,234
2010,"50318",18,11
2010,"50319",186,193
2010,"50320",102,76
2010,"50321",144,124
2010,"50322",156,131
2010,"50323",109,109
2010,"50324",310,355
2010,"50325",80,101
2010,"50326",276,277
2010,"50327",222,202
2010,"50328",60,48
2010,"50329",115,122
2010,"50330",157,153
2010,"50331",43,32
2010,"50332",106,101
2010,"50335",252,288
2010,"50336",132,126
2010,"50337",175,166
2010,"50338",443,428
2010,"50339",421,388
2010,"50401",145,168
2010,"50402",188,207
2010,"50403",180,242
2010,"50404",344,369
2010,"50405",40,58
2010,"50406",99,97
2010,"50407",32,55
2010,"50408",88,96
2010,"50409",10,21
2010,"50410",72,81
2010,"50411",63,74
2010,"50412",55,80
2010,"50413",22,26
2010,"50414",10,22
2010,"50415",43,70
2010,"50416",71,105
2010,"50417",162,139
2010,"50418",390,443
2010,"50419",49,40
2010,"50420",147,129
2010,"50421",129,146
2010,"50422",19,14
2010,"50423",79,92
2010,"50424",101,121
2010,"50425",31,22
2010,"50501",3,12
2010,"50502",11,26
2010,"50503",70,88
2010,"50504",64,89
2010,"50505",11,17
2010,"50506",19,42
2010,"50507",29,32
2010,"50508",29,24
2010,"50509",113,138
2010,"50510",187,236
2010,"50511",9,7
2010,"50512",22,28
2010,"50513",25,32
2010,"50514",6,10
2010,"50515",7,12
2010,"50601",85,95
2010,"50602",201,167
2010,"50603",9,21
2010,"50604",14,29
2010,"50605",28,32
2010,"50606",122,132
2010,"50607",10,18
2010,"50608",59,69
2010,"50609",77,109
2010,"50610",52,60
2010,"50611",217,149
2010,"50612",58,63
2010,"50613",221,216
2010,"50614",68,79
2010,"50615",83,115
2010,"50616",116,127
2010,"50617",69,63
2010,"50618",68,117
2010,"50619",467,486
2010,"50620",44,39
2010,"50621",34,54
2010,"50622",108,173
2010,"50623",42,44
2010,"50624",127,94
2010,"50625",24,39
2010,"50626",36,51
2010,"50627",18,13
2010,"50628",405,487
2010,"60101",11982,9867
2010,"60305",182,170
2010,"60318",132,136
2010,"60323",151,89
2010,"60324",91,67
2010,"60326",59,67
2010,"60329",70,67
2010,"60341",64,62
2010,"60344",521,486
2010,"60345",213,253
2010,"60346",170,208
2010,"60347",120,131
2010,"60348",134,125
2010,"60349",172,228
2010,"60350",350,275
2010,"60351",169,217
2010,"60608",346,398
2010,"60611",270,197
2010,"60613",538,441
2010,"60617",168,213
2010,"60618",67,47
2010,"60619",148,168
2010,"60623",155,115
2010,"60624",449,394
2010,"60626",103,95
2010,"60628",178,148
2010,"60629",290,244
2010,"60632",135,156
2010,"60639",53,78
2010,"60641",54,48
2010,"60642",78,93
2010,"60645",181,163
2010,"60646",115,133
2010,"60647",32,15
2010,"60648",127,103
2010,"60651",90,81
2010,"60653",152,154
2010,"60654",106,101
2010,"60655",137,120
2010,"60656",70,53
2010,"60659",247,267
2010,"60660",194,163
2010,"60661",293,285
2010,"60662",206,228
2010,"60663",186,207
2010,"60664",636,578
2010,"60665",279,261
2010,"60666",102,123
2010,"60667",221,164
2010,"60668",129,118
2010,"60669",672,634
2010,"60670",399,344
2010,"61001",91,64
2010,"61002",107,118
2010,"61007",53,59
2010,"61008",50,51
2010,"61012",175,136
2010,"61013",95,97
2010,"61016",50,86
2010,"61017",63,50
2010,"61019",72,70
2010,"61020",58,102
2010,"61021",94,104
2010,"61024",76,145
2010,"61027",66,64
2010,"61030",81,70
2010,"61032",107,83
2010,"61033",116,91
2010,"61043",169,175
2010,"61045",389,285
2010,"61049",144,147
2010,"61050",160,156
2010,"61051",122,149
2010,"61052",113,112
2010,"61053",769,681
2010,"61054",91,134
2010,"61055",45,61
2010,"61057",97,67
2010,"61059",254,252
2010,"61060",164,167
2010,"61061",292,299
2010,"61101",68,133
2010,"61105",28,32
2010,"61106",66,78
2010,"61107",54,45
2010,"61108",1136,1135
2010,"61109",62,60
2010,"61110",127,124
2010,"61111",40,67
2010,"61112",16,16
2010,"61113",115,153
2010,"61114",123,117
2010,"61115",50,74
2010,"61116",43,50
2010,"61118",41,53
2010,"61119",34,32
2010,"61120",369,341
2010,"61203",127,118
2010,"61204",62,82
2010,"61205",30,38
2010,"61206",40,46
2010,"61207",150,152
2010,"61213",138,111
2010,"61215",44,54
2010,"61217",75,85
2010,"61222",44,68
2010,"61236",58,87
2010,"61243",98,119
2010,"61247",112,124
2010,"61251",6,15
2010,"61252",68,68
2010,"61253",175,172
2010,"61254",30,44
2010,"61255",104,120
2010,"61256",36,53
2010,"61257",161,134
2010,"61258",51,95
2010,"61259",352,393
2010,"61260",37,65
2010,"61261",79,83
2010,"61262",80,81
2010,"61263",221,289
2010,"61264",56,83
2010,"61265",178,234
2010,"61266",43,32
2010,"61267",154,164
2010,"61410",25,35
2010,"61413",32,16
2010,"61425",46,63
2010,"61428",12,41
2010,"61437",11,29
2010,"61438",127,155
2010,"61439",124,156
2010,"61440",47,104
2010,"61441",23,35
2010,"61442",40,90
2010,"61443",44,78
2010,"61444",70,80
2010,"61445",84,89
2010,"61446",62,72
2010,"61611",102,90
2010,"61612",131,138
2010,"61615",117,95
2010,"61618",117,125
2010,"61621",35,38
2010,"61624",131,124
2010,"61625",509,503
2010,"61626",303,263
2010,"61627",57,65
2010,"61628",50,95
2010,"61629",35,42
2010,"61630",44,53
2010,"61631",470,525
2010,"61632",154,154
2010,"61633",180,186
2010,"61701",71,86
2010,"61708",31,39
2010,"61710",32,36
2010,"61711",8,19
2010,"61716",92,118
2010,"61719",126,99
2010,"61727",154,128
2010,"61728",15,18
2010,"61729",58,85
2010,"61730",58,98
2010,"61731",43,50
2010,"61740",67,92
2010,"61741",55,49
2010,"61743",32,20
2010,"61744",17,12
2010,"61745",28,41
2010,"61746",186,107
2010,"61748",139,175
2010,"61750",33,40
2010,"61751",79,115
2010,"61756",128,137
2010,"61757",106,125
2010,"61758",51,60
2010,"61759",48,63
2010,"61760",590,486
2010,"61761",66,52
2010,"61762",84,80
2010,"61763",101,95
2010,"61764",125,130
2010,"61765",203,216
2010,"61766",531,454
2010,"62007",370,337
2010,"62008",41,47
2010,"62010",9,12
2010,"62014",132,77
2010,"62021",6,19
2010,"62026",31,47
2010,"62032",21,23
2010,"62034",44,48
2010,"62036",53,57
2010,"62038",369,354
2010,"62039",72,89
2010,"62040",464,536
2010,"62041",570,672
2010,"62042",115,102
2010,"62043",88,136
2010,"62044",63,79
2010,"62045",96,110
2010,"62046",98,113
2010,"62047",247,253
2010,"62048",145,181
2010,"62105",55,53
2010,"62115",165,197
2010,"62116",96,124
2010,"62125",57,73
2010,"62128",232,171
2010,"62131",65,76
2010,"62132",26,46
2010,"62135",47,57
2010,"62138",91,92
2010,"62139",674,739
2010,"62140",871,909
2010,"62141",303,332
2010,"62142",69,120
2010,"62143",342,422
2010,"62144",152,258
2010,"62145",212,220
2010,"62146",185,166
2010,"62147",94,94
2010,"62148",58,89
2010,"62202",58,69
2010,"62205",65,62
2010,"62206",46,52
2010,"62209",45,29
2010,"62211",77,69
2010,"62214",72,73
2010,"62216",52,53
2010,"62219",329,311
2010,"62220",51,78
2010,"62226",50,78
2010,"62232",55,53
2010,"62233",115,91
2010,"62235",44,107
2010,"62242",17,40
2010,"62244",83,94
2010,"62245",38,54
2010,"62247",44,86
2010,"62252",74,67
2010,"62256",134,124
2010,"62262",25,37
2010,"62264",116,126
2010,"62265",32,54
2010,"62266",79,117
2010,"62267",350,381
2010,"62268",82,127
2010,"62269",78,103
2010,"62270",48,61
2010,"62271",94,139
2010,"62272",122,97
2010,"62273",66,77
2010,"62274",87,95
2010,"62275",150,173
2010,"62276",59,51
2010,"62277",73,61
2010,"62278",78,124
2010,"62279",35,65
2010,"62311",58,44
2010,"62314",46,61
2010,"62326",60,38
2010,"62330",39,50
2010,"62332",39,39
2010,"62335",29,31
2010,"62343",31,28
2010,"62368",38,48
2010,"62372",36,43
2010,"62375",284,291
2010,"62376",136,104
2010,"62377",54,74
2010,"62378",249,257
2010,"62379",508,550
2010,"62380",172,192
2010,"62381",98,123
2010,"62382",136,175
2010,"62383",133,143
2010,"62384",131,103
2010,"62385",79,88
2010,"62386",149,160
2010,"62387",45,59
2010,"62388",64,110
2010,"62389",134,138
2010,"62390",116,182
2010,"70101",4947,4294
2010,"70201",119,97
2010,"70202",201,141
2010,"70203",384,385
2010,"70204",20,26
2010,"70205",19,28
2010,"70206",14,25
2010,"70207",34,25
2010,"70208",96,128
2010,"70209",150,113
2010,"70210",14,17
2010,"70211",103,107
2010,"70212",71,65
2010,"70213",56,65
2010,"70214",83,79
2010,"70215",75,82
2010,"70216",43,51
2010,"70217",19,38
2010,"70218",65,58
2010,"70219",94,121
2010,"70220",115,169
2010,"70221",69,52
2010,"70222",92,84
2010,"70223",68,88
2010,"70224",56,90
2010,"70301",244,255
2010,"70302",174,164
2010,"70303",88,81
2010,"70304",264,281
2010,"70305",42,72
2010,"70306",73,55
2010,"70307",20,29
2010,"70308",72,50
2010,"70309",116,112
2010,"70310",173,123
2010,"70311",19,30
2010,"70312",278,304
2010,"70313",35,62
2010,"70314",21,20
2010,"70315",39,54
2010,"70317",3,16
2010,"70318",102,55
2010,"70319",150,134
2010,"70320",111,121
2010,"70322",59,52
2010,"70323",18,33
2010,"70325",31,51
2010,"70326",108,96
2010,"70328",76,89
2010,"70329",174,161
2010,"70331",94,111
2010,"70332",78,113
2010,"70333",67,74
2010,"70334",123,157
2010,"70335",64,75
2010,"70336",9,10
2010,"70337",68,81
2010,"70338",41,42
2010,"70339",35,47
2010,"70340",47,77
2010,"70342",57,50
2010,"70343",48,42
2010,"70344",63,95
2010,"70345",79,57
2010,"70346",450,443
2010,"70347",5,6
2010,"70348",45,83
2010,"70349",18,19
2010,"70350",51,67
2010,"70351",181,135
2010,"70352",15,33
2010,"70353",107,89
2010,"70354",783,601
2010,"70355",154,135
2010,"70356",28,55
2010,"70357",482,514
2010,"70358",186,216
2010,"70359",21,39
2010,"70360",72,95
2010,"70361",18,9
2010,"70362",14,24
2010,"70364",314,371
2010,"70365",199,201
2010,"70366",17,22
2010,"70367",386,340
2010,"70368",55,36
2010,"70369",394,336
2010,"70370",101,109
2010,"70401",33,55
2010,"70402",83,74
2010,"70403",296,365
2010,"70404",72,96
2010,"70405",26,33
2010,"70406",163,178
2010,"70407",67,55
2010,"70408",46,59
2010,"70409",156,210
2010,"70410",163,164
2010,"70411",270,323
2010,"70412",169,185
2010,"70413",82,80
2010,"70414",68,106
2010,"70415",32,48
2010,"70416",341,347
2010,"70417",57,56
2010,"70418",20,31
2010,"70419",44,45
2010,"70420",60,54
2010,"70501",61,51
2010,"70502",66,62
2010,"70503",153,120
2010,"70504",26,37
2010,"70505",121,106
2010,"70506",116,145
2010,"70508",196,221
2010,"70509",79,105
2010,"70510",35,44
2010,"70511",286,263
2010,"70512",181,176
2010,"70513",809,711
2010,"70514",132,136
2010,"70515",157,194
2010,"70516",21,20
2010,"70517",120,94
2010,"70518",87,101
2010,"70519",15,8
2010,"70520",102,121
2010,"70521",32,29
2010,"70522",124,141
2010,"70523",18,10
2010,"70524",53,50
2010,"70525",90,119
2010,"70526",80,100
2010,"70527",57,83
2010,"70528",54,50
2010,"70529",59,66
2010,"70530",60,87
2010,"70531",673,519
2010,"70601",11,5
2010,"70602",4,7
2010,"70603",22,36
2010,"70604",88,114
2010,"70605",22,42
2010,"70606",21,14
2010,"70607",61,62
2010,"70608",44,55
2010,"70609",43,59
2010,"70610",17,5
2010,"70611",15,13
2010,"70612",16,18
2010,"70613",32,13
2010,"70614",333,334
2010,"70615",29,40
2010,"70616",36,40
2010,"70617",53,80
2010,"70618",37,35
2010,"70619",74,69
2010,"70620",35,57
2010,"70621",55,88
2010,"70622",53,76
2010,"70623",26,53
2010,"70624",18,55
2010,"70625",6,4
2010,"70626",12,17
2010,"70627",34,32
2010,"70628",2,8
2010,"70629",26,24
2010,"70630",127,147
2010,"70701",15,19
2010,"70702",15,26
2010,"70703",10,15
2010,"70704",29,30
2010,"70705",20,59
2010,"70706",2,11
2010,"70707",71,70
2010,"70708",50,27
2010,"70709",9,15
2010,"70710",5,18
2010,"70711",21,34
2010,"70712",16,27
2010,"70713",9,25
2010,"70714",20,13
2010,"70715",14,35
2010,"70716",466,484
2010,"70717",62,67
2010,"70718",30,30
2010,"70719",138,134
2010,"70720",31,57
2010,"70721",5,19
2010,"70723",11,17
2010,"70724",4,25
2010,"70725",2,5
2010,"70726",11,9
2010,"70727",5,12
2010,"70728",25,52
2010,"70729",22,29
2010,"70731",11,16
2010,"70732",43,37
2010,"70733",3,2
2010,"70734",32,38
2010,"70735",15,26
2010,"70801",23,22
2010,"70802",10,15
2010,"70803",21,18
2010,"70804",27,39
2010,"70805",109,134
2010,"70806",42,58
2010,"70807",49,104
2010,"70808",40,33
2010,"70809",5,15
2010,"70810",3,13
2010,"70811",18,20
2010,"70812",1,8
2010,"70813",17,30
2010,"70814",8,11
2010,"70815",2,1
2010,"70816",74,54
2010,"70817",13,34
2010,"70818",7,6
2010,"70819",3,4
2010,"70820",100,119
2010,"70821",40,40
2010,"70822",9,9
2010,"70823",1,2
2010,"70824",7,14
2010,"70825",3,4
2010,"70826",50,61
2010,"70827",9,16
2010,"70828",368,276
2010,"70829",5,7
2010,"70830",10,10
2010,"70831",16,21
2010,"70832",24,40
2010,"70833",23,44
2010,"70834",6,7
2010,"70835",30,39
2010,"70836",37,31
2010,"70837",3,10
2010,"70901",72,58
2010,"70902",53,52
2010,"70903",4,11
2010,"70904",39,41
2010,"70905",103,120
2010,"70907",132,129
2010,"70908",43,38
2010,"70909",165,192
2010,"70910",44,37
2010,"70911",11,31
2010,"70912",19,23
2010,"70913",13,4
2010,"70914",20,18
2010,"70915",67,38
2010,"70916",17,35
2010,"70917",245,286
2010,"70918",42,49
2010,"70920",117,159
2010,"70921",41,46
2010,"70922",47,50
2010,"70923",48,57
2010,"70924",15,16
2010,"70925",80,79
2010,"70926",542,513
2010,"70927",42,45
2010,"70928",89,89
2010,"70929",8,14
2010,"70930",34,38
2010,"70931",54,56
2010,"70932",17,12
2010,"70933",97,109
2010,"70934",43,54
2010,"70935",85,70
2010,"70936",231,200
2010,"70937",96,68
2010,"70938",71,76
2010,"70939",71,79
2010,"70940",73,85
2010,"70941",9,37
2010,"80101",95,102
2010,"80102",15,10
2010,"80103",702,764
2010,"80104",167,162
2010,"80105",20,34
2010,"80106",181,191
2010,"80107",19,28
2010,"80108",57,70
2010,"80109",14,17
2010,"80110",43,62
2010,"80111",40,50
2010,"80112",21,51
2010,"80113",60,101
2010,"80114",15,15
2010,"80115",206,186
2010,"80116",316,395
2010,"80117",246,271
2010,"80118",16,33
2010,"80119",47,40
2010,"80120",64,103
2010,"80121",8,17
2010,"80122",197,195
2010,"80123",12,23
2010,"80124",14,17
2010,"80125",28,14
2010,"80126",98,123
2010,"80127",30,12
2010,"80128",57,98
2010,"80129",106,126
2010,"80201",125,133
2010,"80202",79,100
2010,"80203",34,29
2010,"80204",87,108
2010,"80205",40,39
2010,"80206",24,27
2010,"80207",1655,1412
2010,"80208",29,34
2010,"80209",11,15
2010,"80210",16,38
2010,"80211",75,107
2010,"80212",13,13
2010,"80213",220,222
2010,"80214",73,60
2010,"80215",558,595
2010,"80216",68,103
2010,"80217",304,342
2010,"80218",198,287
2010,"80219",69,68
2010,"80220",114,113
2010,"80221",32,39
2010,"80222",41,64
2010,"80223",55,41
2010,"80224",633,500
2010,"80225",58,52
2010,"80226",286,254
2010,"80227",42,43
2010,"80228",35,99
2010,"80229",8,6
2010,"80230",25,36
2010,"80231",15,50
2010,"80232",19,24
2010,"80233",15,21
2010,"80234",6,12
2010,"80235",304,237
2010,"80236",68,48
2010,"80237",8,10
2010,"80238",47,72
2010,"80239",5,21
2010,"80240",399,461
2010,"80301",1755,1627
2010,"80302",648,752
2010,"80303",691,692
2010,"80401",303,290
2010,"80402",5,14
2010,"80403",8,5
2010,"80404",1581,1398
2010,"80405",338,414
2010,"80406",25,29
2010,"80407",129,151
2010,"80408",532,577
2010,"80409",161,176
2010,"80410",217,179
2010,"80411",9,42
2010,"80412",196,189
2010,"80413",117,134
2010,"80414",527,561
2010,"80415",23,19
2010,"80416",133,150
2010,"80417",105,120
2010,"80418",135,129
2010,"80419",36,35
2010,"80420",163,148
2010,"80421",16,21
2010,"80422",19,20
2010,"80423",149,125
2010,"80424",208,236
2010,"90101",1093,1288
2010,"90201",9412,9485
2010,"90301",6933,6700
2010,"90401",2695,2735
2010,"90501",5332,5454
2010,"90601",3439,3534
2010,"90701",3021,3314
2010,"90801",3288,4122
2010,"90901",4920,4778
2010,"91001",11250,10785
2010,"91101",6168,5862
2010,"91201",7231,7352
2010,"91301",3182,3096
2010,"91401",6258,6094
2010,"91501",7293,7666
2010,"91601",7841,8417
2010,"91701",4696,5222
2010,"91801",4070,4291
2010,"91901",4551,4335
2010,"92001",7017,7132
2010,"92101",8387,7422
2010,"92201",8573,6240
2010,"92301",5304,4345
2011,"10101",714,610
2011,"10201",64,53
2011,"10301",87,69
2011,"10302",75,43
2011,"10303",124,105
2011,"10304",156,135
2011,"10305",36,47
2011,"10306",32,27
2011,"10307",65,52
2011,"10308",53,74
2011,"10309",199,128
2011,"10310",37,46
2011,"10311",27,53
2011,"10312",76,80
2011,"10313",68,62
2011,"10314",33,57
2011,"10315",194,127
2011,"10316",138,82
2011,"10317",113,68
2011,"10318",83,51
2011,"10319",67,68
2011,"10320",18,12
2011,"10321",16,20
2011,"10322",58,46
2011,"10323",51,30
2011,"10401",27,29
2011,"10402",71,44
2011,"10403",24,36
2011,"10404",39,40
2011,"10405",195,166
2011,"10406",28,25
2011,"10407",37,34
2011,"10408",68,57
2011,"10409",21,21
2011,"10410",29,36
2011,"10411",65,64
2011,"10412",19,30
2011,"10413",33,33
2011,"10414",162,117
2011,"10415",70,105
2011,"10416",58,48
2011,"10417",61,92
2011,"10418",14,17
2011,"10419",26,24
2011,"10420",7,13
2011,"10421",11,13
2011,"10422",2,7
2011,"10423",5,2
2011,"10424",7,15
2011,"10425",9,17
2011,"10426",15,21
2011,"10427",28,20
2011,"10428",10,13
2011,"10501",73,61
2011,"10502",44,31
2011,"10503",67,37
2011,"10504",119,128
2011,"10505",45,36
2011,"10506",82,51
2011,"10507",50,32
2011,"10508",107,74
2011,"10509",77,56
2011,"10510",16,20
2011,"10511",41,28
2011,"10512",16,24
2011,"10601",56,40
2011,"10602",80,119
2011,"10603",36,32
2011,"10604",40,41
2011,"10605",57,45
2011,"10606",327,255
2011,"10607",254,259
2011,"10608",32,26
2011,"10609",109,126
2011,"10610",59,81
2011,"10611",150,118
2011,"10612",79,61
2011,"10613",45,63
2011,"10614",38,49
2011,"10615",98,107
2011,"10616",34,19
2011,"10617",35,26
2011,"10618",35,56
2011,"10619",16,50
2011,"10701",45,55
2011,"10702",35,37
2011,"10703",250,174
2011,"10704",25,32
2011,"10705",116,98
2011,"10706",33,33
2011,"10707",115,104
2011,"10708",22,48
2011,"10709",45,55
2011,"10710",44,47
2011,"10711",142,45
2011,"10712",64,64
2011,"10713",415,296
2011,"10714",49,34
2011,"10715",28,31
2011,"10716",37,33
2011,"10717",206,182
2011,"10718",76,64
2011,"10719",40,27
2011,"10720",31,24
2011,"10721",40,43
2011,"10722",84,72
2011,"10723",40,56
2011,"10724",55,45
2011,"10725",28,24
2011,"10726",25,12
2011,"10727",7,13
2011,"10801",62,70
2011,"10802",46,30
2011,"10803",50,41
2011,"10804",42,55
2011,"10805",58,84
2011,"10806",31,19
2011,"10807",76,67
2011,"10808",61,36
2011,"10809",67,44
2011,"10810",34,32
2011,"10811",57,58
2011,"10812",31,42
2011,"10813",42,32
2011,"10814",44,26
2011,"10815",38,40
2011,"10816",208,204
2011,"10817",37,30
2011,"10818",27,22
2011,"10819",39,39
2011,"10820",36,29
2011,"10821",48,45
2011,"10822",82,55
2011,"10823",72,56
2011,"10824",9,29
2011,"10825",34,51
2011,"10826",9,21
2011,"10827",7,13
2011,"10828",15,16
2011,"10901",71,69
2011,"10902",61,141
2011,"10903",27,29
2011,"10904",36,36
2011,"10905",144,165
2011,"10906",18,29
2011,"10907",65,60
2011,"10908",61,61
2011,"10909",48,56
2011,"10910",32,57
2011,"10911",35,32
2011,"10912",80,55
2011,"10913",20,20
2011,"10914",48,62
2011,"10915",35,27
2011,"10916",155,128
2011,"10917",395,409
2011,"10918",363,284
2011,"10919",166,130
2011,"10920",68,59
2011,"10921",42,49
2011,"10922",43,32
2011,"10923",57,72
2011,"10924",17,24
2011,"10925",44,64
2011,"10926",26,34
2011,"10927",40,26
2011,"10928",33,52
2011,"10929",15,25
2011,"10930",13,33
2011,"10931",9,15
2011,"10932",8,10
2011,"20101",3809,3595
2011,"20201",2146,2078
2011,"20302",20,43
2011,"20305",179,205
2011,"20306",94,181
2011,"20307",72,88
2011,"20316",32,55
2011,"20320",16,27
2011,"20321",23,33
2011,"20402",500,440
2011,"20403",102,118
2011,"20405",251,279
2011,"20409",107,126
2011,"20412",102,108
2011,"20414",114,115
2011,"20415",258,199
2011,"20416",63,62
2011,"20417",111,109
2011,"20418",186,184
2011,"20419",107,79
2011,"20421",242,271
2011,"20424",151,161
2011,"20425",149,124
2011,"20428",39,42
2011,"20432",118,106
2011,"20435",117,107
2011,"20441",7,17
2011,"20442",173,145
2011,"20501",191,248
2011,"20502",134,128
2011,"20503",21,25
2011,"20504",94,115
2011,"20505",198,171
2011,"20506",53,76
2011,"20508",39,56
2011,"20509",63,83
2011,"20511",50,57
2011,"20512",82,75
2011,"20513",67,102
2011,"20515",126,133
2011,"20518",41,77
2011,"20519",41,60
2011,"20520",65,61
2011,"20523",161,185
2011,"20527",555,671
2011,"20530",104,85
2011,"20531",70,88
2011,"20534",146,143
2011,"20601",49,70
2011,"20602",57,75
2011,"20603",30,30
2011,"20604",36,45
2011,"20605",19,44
2011,"20607",31,48
2011,"20608",80,82
2011,"20609",48,53
2011,"20610",21,31
2011,"20611",49,52
2011,"20613",28,33
2011,"20616",65,72
2011,"20618",20,39
2011,"20619",41,60
2011,"20620",112,163
2011,"20622",16,22
2011,"20624",87,62
2011,"20625",40,47
2011,"20627",65,71
2011,"20630",221,280
2011,"20631",43,44
2011,"20632",22,44
2011,"20633",46,58
2011,"20634",278,254
2011,"20635",621,636
2011,"20636",22,63
2011,"20637",50,62
2011,"20638",27,37
2011,"20639",11,22
2011,"20640",38,26
2011,"20642",39,52
2011,"20643",113,129
2011,"20644",59,71
2011,"20701",46,54
2011,"20702",268,279
2011,"20703",21,40
2011,"20705",94,105
2011,"20707",16,20
2011,"20708",39,58
2011,"20710",86,90
2011,"20711",431,386
2011,"20712",26,31
2011,"20713",29,38
2011,"20719",52,60
2011,"20720",213,232
2011,"20721",78,96
2011,"20722",186,212
2011,"20723",74,65
2011,"20724",285,225
2011,"20725",412,391
2011,"20726",120,146
2011,"20727",270,250
2011,"20801",120,145
2011,"20802",34,41
2011,"20803",259,291
2011,"20804",69,81
2011,"20805",101,61
2011,"20806",80,79
2011,"20807",59,75
2011,"20808",175,217
2011,"20810",34,44
2011,"20812",67,78
2011,"20813",243,413
2011,"20815",96,74
2011,"20817",352,457
2011,"20901",86,137
2011,"20905",245,136
2011,"20909",67,107
2011,"20911",22,52
2011,"20912",44,53
2011,"20913",391,428
2011,"20914",70,60
2011,"20918",111,131
2011,"20923",640,843
2011,"21001",32,60
2011,"21002",539,533
2011,"21003",70,88
2011,"21004",31,45
2011,"21005",70,84
2011,"21006",49,39
2011,"21007",41,77
2011,"21008",88,125
2011,"21009",185,163
2011,"21010",77,81
2011,"30101",1387,1263
2011,"30201",2148,2074
2011,"30301",292,372
2011,"30401",2316,1975
2011,"30501",59,73
2011,"30502",832,941
2011,"30503",123,131
2011,"30504",145,144
2011,"30506",144,125
2011,"30507",82,53
2011,"30508",158,179
2011,"30509",58,81
2011,"30510",35,33
2011,"30511",52,68
2011,"30512",38,33
2011,"30514",194,168
2011,"30515",102,126
2011,"30516",47,53
2011,"30517",117,140
2011,"30520",121,109
2011,"30521",64,73
2011,"30522",116,84
2011,"30524",24,75
2011,"30526",11,9
2011,"30527",99,141
2011,"30529",88,89
2011,"30530",175,166
2011,"30531",319,305
2011,"30532",171,137
2011,"30533",152,149
2011,"30534",49,64
2011,"30536",102,51
2011,"30538",100,70
2011,"30539",59,61
2011,"30541",95,87
2011,"30542",45,76
2011,"30543",47,115
2011,"30544",66,71
2011,"30601",122,112
2011,"30602",169,231
2011,"30603",649,542
2011,"30604",1330,1341
2011,"30605",470,400
2011,"30607",531,448
2011,"30608",226,218
2011,"30609",25,26
2011,"30612",84,106
2011,"30613",108,110
2011,"30614",64,67
2011,"30615",375,283
2011,"30616",80,71
2011,"30618",329,367
2011,"30620",289,235
2011,"30621",123,112
2011,"30623",246,208
2011,"30625",184,143
2011,"30626",334,238
2011,"30627",136,183
2011,"30629",80,77
2011,"30631",91,95
2011,"30633",74,41
2011,"30635",68,61
2011,"30636",63,62
2011,"30637",87,100
2011,"30639",881,1548
2011,"30641",238,138
2011,"30645",100,109
2011,"30646",121,127
2011,"30701",41,19
2011,"30702",58,78
2011,"30703",23,37
2011,"30704",352,330
2011,"30706",118,116
2011,"30708",45,45
2011,"30709",83,92
2011,"30710",220,289
2011,"30711",64,72
2011,"30712",43,29
2011,"30713",49,30
2011,"30715",11,14
2011,"30716",151,134
2011,"30718",51,42
2011,"30719",79,44
2011,"30721",61,51
2011,"30722",45,52
2011,"30724",68,81
2011,"30726",113,96
2011,"30728",18,38
2011,"30729",165,157
2011,"30730",239,228
2011,"30731",172,127
2011,"30732",497,261
2011,"30733",50,41
2011,"30734",65,94
2011,"30735",249,183
2011,"30736",146,123
2011,"30737",82,78
2011,"30738",10,19
2011,"30739",72,109
2011,"30740",749,613
2011,"30741",71,62
2011,"30801",10,12
2011,"30802",9,7
2011,"30803",131,129
2011,"30804",62,43
2011,"30805",65,50
2011,"30808",389,335
2011,"30810",42,59
2011,"30811",123,112
2011,"30812",25,29
2011,"30813",43,52
2011,"30814",94,75
2011,"30817",725,479
2011,"30819",3,10
2011,"30821",506,428
2011,"30822",1,0
2011,"30824",47,36
2011,"30825",39,57
2011,"30826",89,53
2011,"30827",95,112
2011,"30828",22,23
2011,"30829",35,38
2011,"30830",109,107
2011,"30831",120,122
2011,"30834",28,27
2011,"30835",158,160
2011,"30836",26,31
2011,"30838",128,110
2011,"30841",64,60
2011,"30842",83,64
2011,"30844",104,82
2011,"30845",62,45
2011,"30846",1,0
2011,"30848",62,63
2011,"30849",30,46
2011,"30850",67,51
2011,"30852",96,78
2011,"30854",36,47
2011,"30856",425,391
2011,"30857",36,46
2011,"30858",53,73
2011,"30859",29,20
2011,"30860",93,93
2011,"30863",198,171
2011,"30865",39,26
2011,"30902",49,36
2011,"30903",52,50
2011,"30904",29,29
2011,"30906",12,32
2011,"30908",233,297
2011,"30909",62,68
2011,"30910",45,64
2011,"30912",38,30
2011,"30913",23,28
2011,"30915",12,7
2011,"30916",112,132
2011,"30917",15,25
2011,"30920",92,120
2011,"30921",47,60
2011,"30925",79,64
2011,"30929",29,28
2011,"30932",53,43
2011,"30935",183,218
2011,"30939",29,37
2011,"30940",31,25
2011,"30942",95,76
2011,"31001",48,44
2011,"31008",91,89
2011,"31009",57,63
2011,"31014",61,48
2011,"31015",83,66
2011,"31016",46,43
2011,"31018",64,64
2011,"31019",57,57
2011,"31021",55,42
2011,"31022",605,587
2011,"31025",24,26
2011,"31026",61,71
2011,"31028",37,43
2011,"31033",45,54
2011,"31035",73,60
2011,"31036",69,92
2011,"31037",178,145
2011,"31038",17,29
2011,"31041",26,32
2011,"31042",37,42
2011,"31043",66,56
2011,"31051",102,94
2011,"31052",78,96
2011,"31053",153,124
2011,"31101",33,28
2011,"31102",17,26
2011,"31103",29,34
2011,"31104",74,40
2011,"31105",135,122
2011,"31106",135,115
2011,"31107",30,32
2011,"31109",371,316
2011,"31110",33,30
2011,"31111",15,12
2011,"31113",20,15
2011,"31114",37,24
2011,"31117",12,29
2011,"31119",21,27
2011,"31120",29,34
2011,"31121",54,40
2011,"31123",34,32
2011,"31124",52,70
2011,"31129",34,53
2011,"31130",17,19
2011,"31201",247,164
2011,"31202",61,42
2011,"31203",103,92
2011,"31204",47,47
2011,"31205",71,68
2011,"31206",92,102
2011,"31207",203,137
2011,"31208",163,110
2011,"31213",666,739
2011,"31214",332,320
2011,"31215",33,48
2011,"31216",221,170
2011,"31224",68,36
2011,"31226",134,121
2011,"31227",147,90
2011,"31228",34,26
2011,"31229",51,65
2011,"31230",704,607
2011,"31234",50,63
2011,"31235",501,412
2011,"31301",13,20
2011,"31302",25,17
2011,"31303",51,59
2011,"31304",22,25
2011,"31308",109,120
2011,"31309",207,120
2011,"31310",68,65
2011,"31311",96,123
2011,"31315",101,134
2011,"31319",43,38
2011,"31321",34,20
2011,"31322",358,215
2011,"31323",37,55
2011,"31324",32,47
2011,"31326",32,20
2011,"31327",180,193
2011,"31330",47,47
2011,"31333",131,103
2011,"31336",20,46
2011,"31337",142,64
2011,"31338",37,46
2011,"31340",21,19
2011,"31343",88,107
2011,"31344",56,33
2011,"31346",52,61
2011,"31347",19,28
2011,"31350",30,23
2011,"31351",31,39
2011,"31355",68,63
2011,"31356",62,27
2011,"31401",34,48
2011,"31402",77,74
2011,"31403",248,228
2011,"31404",37,52
2011,"31405",38,43
2011,"31406",33,48
2011,"31407",183,169
2011,"31408",23,52
2011,"31409",65,60
2011,"31410",41,76
2011,"31411",64,62
2011,"31412",127,172
2011,"31413",171,219
2011,"31414",91,73
2011,"31502",24,19
2011,"31503",59,68
2011,"31504",40,46
2011,"31505",143,152
2011,"31506",11,22
2011,"31507",75,108
2011,"31508",41,62
2011,"31509",87,86
2011,"31511",66,71
2011,"31513",58,57
2011,"31514",83,92
2011,"31515",34,34
2011,"31516",38,62
2011,"31517",73,60
2011,"31519",54,57
2011,"31520",169,165
2011,"31521",135,87
2011,"31522",70,63
2011,"31523",32,30
2011,"31524",344,264
2011,"31525",39,43
2011,"31527",108,80
2011,"31528",15,41
2011,"31530",89,117
2011,"31531",68,76
2011,"31533",183,195
2011,"31534",66,100
2011,"31535",23,28
2011,"31537",60,91
2011,"31539",76,114
2011,"31540",40,51
2011,"31541",25,31
2011,"31542",50,35
2011,"31543",33,21
2011,"31546",39,58
2011,"31549",247,248
2011,"31550",56,44
2011,"31551",44,82
2011,"31552",30,41
2011,"31553",66,58
2011,"31601",37,32
2011,"31603",67,74
2011,"31604",41,49
2011,"31605",34,40
2011,"31606",43,52
2011,"31608",21,20
2011,"31609",20,34
2011,"31611",23,27
2011,"31612",171,153
2011,"31613",23,19
2011,"31614",85,73
2011,"31615",42,35
2011,"31616",41,21
2011,"31617",58,58
2011,"31620",53,30
2011,"31621",49,51
2011,"31622",53,41
2011,"31627",41,47
2011,"31628",65,55
2011,"31629",226,214
2011,"31630",66,101
2011,"31633",514,438
2011,"31634",36,59
2011,"31636",24,32
2011,"31642",68,44
2011,"31644",259,203
2011,"31645",54,61
2011,"31646",31,33
2011,"31649",75,58
2011,"31650",51,67
2011,"31651",121,122
2011,"31652",5,14
2011,"31653",38,25
2011,"31654",99,74
2011,"31655",341,331
2011,"31658",9,14
2011,"31701",63,93
2011,"31702",120,157
2011,"31703",279,200
2011,"31704",677,572
2011,"31706",64,57
2011,"31707",134,119
2011,"31709",304,150
2011,"31710",403,395
2011,"31711",42,56
2011,"31712",228,241
2011,"31713",168,183
2011,"31714",43,45
2011,"31715",205,136
2011,"31716",441,497
2011,"31717",1260,1263
2011,"31718",164,60
2011,"31719",667,601
2011,"31723",459,341
2011,"31725",432,470
2011,"31726",114,96
2011,"31801",13,11
2011,"31802",103,83
2011,"31803",51,47
2011,"31804",77,61
2011,"31805",16,29
2011,"31806",19,19
2011,"31807",39,61
2011,"31808",86,80
2011,"31809",31,43
2011,"31810",309,289
2011,"31811",146,175
2011,"31812",74,106
2011,"31813",100,133
2011,"31814",70,119
2011,"31815",18,23
2011,"31817",71,63
2011,"31818",662,761
2011,"31820",17,22
2011,"31821",119,102
2011,"31823",156,108
2011,"31825",10,11
2011,"31826",92,62
2011,"31827",17,3
2011,"31829",154,273
2011,"31830",12,12
2011,"31831",113,106
2011,"31832",120,94
2011,"31833",40,43
2011,"31834",23,12
2011,"31835",158,142
2011,"31836",19,17
2011,"31837",60,72
2011,"31838",31,48
2011,"31839",590,583
2011,"31840",49,48
2011,"31841",16,23
2011,"31842",8,8
2011,"31843",61,73
2011,"31844",43,50
2011,"31845",48,33
2011,"31846",116,126
2011,"31847",50,67
2011,"31848",37,46
2011,"31849",54,56
2011,"31901",151,136
2011,"31902",109,103
2011,"31903",162,183
2011,"31904",63,40
2011,"31905",232,197
2011,"31906",54,80
2011,"31907",29,22
2011,"31909",105,78
2011,"31910",55,65
2011,"31911",47,39
2011,"31912",367,316
2011,"31913",83,88
2011,"31915",95,71
2011,"31916",77,72
2011,"31917",35,34
2011,"31918",102,94
2011,"31919",168,110
2011,"31920",20,29
2011,"31921",139,140
2011,"31922",98,99
2011,"31923",32,51
2011,"31925",89,55
2011,"31926",363,350
2011,"31927",88,96
2011,"31928",59,61
2011,"31929",131,197
2011,"31930",72,73
2011,"31932",131,105
2011,"31934",167,143
2011,"31935",100,101
2011,"31938",31,37
2011,"31939",2,8
2011,"31940",66,71
2011,"31941",44,65
2011,"31943",241,257
2011,"31945",41,56
2011,"31946",44,45
2011,"31947",314,339
2011,"31948",141,156
2011,"31949",257,243
2011,"31950",158,180
2011,"31951",421,346
2011,"31952",602,490
2011,"31953",180,161
2011,"31954",57,76
2011,"32001",74,115
2011,"32002",32,81
2011,"32003",71,94
2011,"32004",35,51
2011,"32005",33,37
2011,"32006",74,75
2011,"32007",23,56
2011,"32008",166,191
2011,"32009",37,48
2011,"32010",23,32
2011,"32011",32,33
2011,"32012",44,36
2011,"32013",154,147
2011,"32014",61,71
2011,"32015",29,49
2011,"32016",234,216
2011,"32017",141,132
2011,"32018",80,47
2011,"32101",71,89
2011,"32104",173,74
2011,"32106",99,93
2011,"32107",146,109
2011,"32109",18,33
2011,"32110",111,113
2011,"32112",135,145
2011,"32114",178,103
2011,"32115",54,61
2011,"32116",119,112
2011,"32119",102,119
2011,"32120",128,111
2011,"32131",376,343
2011,"32132",85,96
2011,"32134",127,100
2011,"32135",728,576
2011,"32139",56,38
2011,"32140",103,97
2011,"32141",185,180
2011,"32142",387,357
2011,"32143",76,65
2011,"32144",1064,925
2011,"32202",41,38
2011,"32203",51,65
2011,"32206",30,31
2011,"32207",106,148
2011,"32209",49,50
2011,"32210",35,55
2011,"32212",25,29
2011,"32214",27,45
2011,"32216",86,70
2011,"32217",32,38
2011,"32219",101,77
2011,"32220",242,223
2011,"32221",31,23
2011,"32222",17,16
2011,"32223",35,35
2011,"32301",188,186
2011,"32302",16,32
2011,"32304",167,234
2011,"32305",259,215
2011,"32306",164,158
2011,"32307",206,237
2011,"32308",89,105
2011,"32309",23,32
2011,"32310",31,41
2011,"32311",56,54
2011,"32312",35,48
2011,"32313",131,130
2011,"32314",78,63
2011,"32315",77,61
2011,"32316",217,167
2011,"32317",17,32
2011,"32318",102,136
2011,"32319",157,143
2011,"32320",109,83
2011,"32321",21,20
2011,"32322",12,22
2011,"32323",129,128
2011,"32324",13,14
2011,"32325",35,54
2011,"32326",20,28
2011,"32327",245,231
2011,"32330",220,180
2011,"32331",65,78
2011,"32332",99,119
2011,"32333",54,39
2011,"32334",51,47
2011,"32335",33,35
2011,"32336",123,146
2011,"32337",234,221
2011,"32338",89,64
2011,"32501",83,93
2011,"32502",13,34
2011,"32503",5,4
2011,"32504",48,44
2011,"32505",78,55
2011,"32506",27,26
2011,"32508",84,98
2011,"32509",17,26
2011,"32511",14,12
2011,"32514",17,20
2011,"32515",30,52
2011,"32516",36,56
2011,"32517",24,30
2011,"32518",43,31
2011,"32519",11,6
2011,"32520",34,46
2011,"32521",35,52
2011,"32522",31,48
2011,"32523",17,21
2011,"32524",64,49
2011,"32525",51,43
2011,"32528",31,28
2011,"32529",30,36
2011,"32530",273,267
2011,"40101",8308,7868
2011,"40201",1443,1590
2011,"40301",2410,2747
2011,"40401",193,197
2011,"40402",96,87
2011,"40403",19,40
2011,"40404",613,645
2011,"40405",129,159
2011,"40406",101,107
2011,"40407",55,47
2011,"40408",33,37
2011,"40409",53,68
2011,"40410",55,45
2011,"40411",20,17
2011,"40412",32,45
2011,"40413",230,244
2011,"40414",61,75
2011,"40415",52,57
2011,"40416",21,33
2011,"40417",53,41
2011,"40418",214,210
2011,"40419",69,83
2011,"40420",53,31
2011,"40421",357,315
2011,"40422",197,152
2011,"40423",34,30
2011,"40424",60,59
2011,"40425",64,78
2011,"40426",150,119
2011,"40427",87,86
2011,"40428",118,120
2011,"40429",25,43
2011,"40430",67,33
2011,"40431",43,58
2011,"40432",54,69
2011,"40433",47,32
2011,"40434",25,33
2011,"40435",13,21
2011,"40436",47,77
2011,"40437",136,135
2011,"40438",97,127
2011,"40439",8,7
2011,"40440",14,11
2011,"40441",169,178
2011,"40442",29,17
2011,"40443",47,59
2011,"40444",17,32
2011,"40445",26,22
2011,"40446",46,52
2011,"40501",181,224
2011,"40502",79,105
2011,"40503",309,213
2011,"40504",141,119
2011,"40505",27,39
2011,"40506",101,143
2011,"40507",114,93
2011,"40508",75,103
2011,"40509",76,77
2011,"40510",67,83
2011,"40511",116,138
2011,"40512",59,61
2011,"40601",333,392
2011,"40602",77,60
2011,"40603",70,85
2011,"40604",124,138
2011,"40605",32,31
2011,"40606",13,21
2011,"40607",65,97
2011,"40608",47,57
2011,"40609",101,78
2011,"40610",19,31
2011,"40611",29,49
2011,"40612",120,105
2011,"40613",23,24
2011,"40614",248,163
2011,"40615",101,94
2011,"40616",39,47
2011,"40617",43,54
2011,"40618",84,87
2011,"40619",46,65
2011,"40620",73,99
2011,"40621",42,57
2011,"40622",49,58
2011,"40623",57,34
2011,"40624",172,131
2011,"40625",24,33
2011,"40626",43,61
2011,"40627",107,116
2011,"40701",392,447
2011,"40702",173,191
2011,"40703",479,515
2011,"40704",184,190
2011,"40705",762,794
2011,"40706",45,57
2011,"40707",89,87
2011,"40708",104,128
2011,"40709",29,50
2011,"40710",77,80
2011,"40711",419,367
2011,"40712",13,32
2011,"40713",249,201
2011,"40714",261,211
2011,"40715",54,66
2011,"40716",35,45
2011,"40717",98,126
2011,"40718",72,80
2011,"40719",176,169
2011,"40720",237,283
2011,"40801",60,39
2011,"40802",317,208
2011,"40804",19,31
2011,"40805",188,163
2011,"40806",129,142
2011,"40807",47,51
2011,"40808",255,298
2011,"40809",81,91
2011,"40810",7,21
2011,"40811",60,48
2011,"40812",93,83
2011,"40813",49,47
2011,"40814",50,79
2011,"40815",37,34
2011,"40816",36,55
2011,"40817",41,56
2011,"40818",53,65
2011,"40820",14,15
2011,"40821",39,28
2011,"40822",97,75
2011,"40823",47,38
2011,"40824",37,61
2011,"40825",42,55
2011,"40826",25,7
2011,"40827",151,215
2011,"40828",21,39
2011,"40829",69,101
2011,"40830",32,27
2011,"40831",150,98
2011,"40832",147,130
2011,"40833",37,51
2011,"40834",19,27
2011,"40835",148,128
2011,"40901",37,31
2011,"40902",205,167
2011,"40903",33,36
2011,"40904",96,77
2011,"40905",307,269
2011,"40906",45,60
2011,"40907",287,271
2011,"40908",252,321
2011,"40909",107,117
2011,"40910",84,90
2011,"40911",30,23
2011,"40912",191,215
2011,"40913",166,154
2011,"40914",17,36
2011,"40915",89,98
2011,"40916",8,15
2011,"40917",128,143
2011,"40918",101,98
2011,"40919",20,27
2011,"40920",69,76
2011,"40921",25,30
2011,"40922",91,148
2011,"40923",139,149
2011,"41001",68,60
2011,"41002",876,1014
2011,"41003",319,388
2011,"41004",40,23
2011,"41005",625,571
2011,"41006",45,52
2011,"41007",329,347
2011,"41008",116,99
2011,"41009",150,130
2011,"41010",86,89
2011,"41011",180,155
2011,"41012",1870,1633
2011,"41013",295,223
2011,"41014",251,266
2011,"41015",53,63
2011,"41016",86,98
2011,"41017",451,441
2011,"41018",81,105
2011,"41019",200,194
2011,"41020",205,245
2011,"41021",1239,1526
2011,"41022",200,217
2011,"41101",43,40
2011,"41102",51,46
2011,"41103",84,79
2011,"41104",24,30
2011,"41105",105,96
2011,"41106",101,131
2011,"41107",18,41
2011,"41108",374,562
2011,"41109",87,114
2011,"41110",195,196
2011,"41111",268,267
2011,"41112",37,41
2011,"41113",63,79
2011,"41114",109,132
2011,"41115",32,39
2011,"41116",420,310
2011,"41117",19,23
2011,"41118",158,165
2011,"41119",30,56
2011,"41120",152,148
2011,"41121",64,73
2011,"41122",15,18
2011,"41123",65,72
2011,"41124",200,224
2011,"41125",104,113
2011,"41126",68,52
2011,"41201",44,29
2011,"41202",41,53
2011,"41203",143,146
2011,"41204",71,109
2011,"41205",46,32
2011,"41206",19,32
2011,"41207",83,64
2011,"41208",64,70
2011,"41209",59,64
2011,"41210",23,17
2011,"41211",20,29
2011,"41212",25,43
2011,"41213",48,97
2011,"41214",95,117
2011,"41215",55,79
2011,"41216",9,8
2011,"41217",34,22
2011,"41218",115,120
2011,"41219",94,106
2011,"41220",54,59
2011,"41221",39,33
2011,"41222",24,24
2011,"41223",26,34
2011,"41224",89,52
2011,"41225",766,739
2011,"41226",17,26
2011,"41227",22,25
2011,"41228",83,109
2011,"41229",24,40
2011,"41230",33,40
2011,"41231",86,89
2011,"41232",91,93
2011,"41233",85,94
2011,"41234",53,61
2011,"41235",11,20
2011,"41236",28,19
2011,"41304",44,88
2011,"41305",13,20
2011,"41306",13,17
2011,"41307",22,26
2011,"41309",87,84
2011,"41311",13,17
2011,"41312",41,31
2011,"41313",35,54
2011,"41314",13,32
2011,"41315",38,49
2011,"41316",77,48
2011,"41317",27,37
2011,"41318",80,60
2011,"41319",7,10
2011,"41320",13,14
2011,"41321",52,89
2011,"41322",35,40
2011,"41323",39,48
2011,"41324",15,40
2011,"41325",57,63
2011,"41326",26,40
2011,"41327",18,53
2011,"41328",53,44
2011,"41329",12,30
2011,"41331",14,21
2011,"41332",128,139
2011,"41333",14,21
2011,"41334",39,48
2011,"41336",16,24
2011,"41337",48,36
2011,"41338",35,56
2011,"41341",11,14
2011,"41342",99,87
2011,"41343",108,135
2011,"41344",157,224
2011,"41345",48,61
2011,"41346",15,26
2011,"41401",17,18
2011,"41402",179,175
2011,"41403",89,89
2011,"41404",52,55
2011,"41405",42,28
2011,"41406",35,37
2011,"41407",54,47
2011,"41408",47,56
2011,"41409",90,46
2011,"41410",32,54
2011,"41411",35,50
2011,"41412",17,7
2011,"41413",75,77
2011,"41414",78,88
2011,"41415",52,59
2011,"41416",89,89
2011,"41417",34,53
2011,"41418",141,141
2011,"41419",65,69
2011,"41420",23,44
2011,"41421",9,35
2011,"41422",273,300
2011,"41423",66,46
2011,"41424",32,24
2011,"41425",240,118
2011,"41426",81,93
2011,"41427",33,43
2011,"41428",27,42
2011,"41429",60,53
2011,"41430",83,100
2011,"41501",61,73
2011,"41502",81,81
2011,"41503",267,244
2011,"41504",157,122
2011,"41505",45,47
2011,"41506",352,358
2011,"41507",68,82
2011,"41508",19,41
2011,"41509",49,65
2011,"41510",29,38
2011,"41511",113,102
2011,"41512",57,67
2011,"41513",49,83
2011,"41514",84,124
2011,"41515",46,60
2011,"41516",387,425
2011,"41517",96,151
2011,"41518",100,99
2011,"41521",139,104
2011,"41522",107,141
2011,"41601",126,108
2011,"41602",191,162
2011,"41603",137,135
2011,"41604",66,83
2011,"41605",428,313
2011,"41606",211,177
2011,"41607",241,319
2011,"41608",37,45
2011,"41609",265,174
2011,"41610",31,20
2011,"41611",109,108
2011,"41612",84,90
2011,"41613",111,106
2011,"41614",94,130
2011,"41615",112,104
2011,"41616",19,14
2011,"41617",232,222
2011,"41618",251,235
2011,"41619",44,43
2011,"41620",51,54
2011,"41621",47,75
2011,"41622",33,58
2011,"41623",52,38
2011,"41624",224,230
2011,"41626",231,204
2011,"41627",71,97
2011,"41628",60,74
2011,"41701",202,195
2011,"41702",77,69
2011,"41703",486,533
2011,"41704",43,28
2011,"41705",74,72
2011,"41706",49,45
2011,"41707",103,53
2011,"41708",50,34
2011,"41709",119,143
2011,"41710",147,171
2011,"41711",115,77
2011,"41712",52,47
2011,"41713",343,261
2011,"41714",29,32
2011,"41715",269,227
2011,"41716",85,91
2011,"41717",29,30
2011,"41718",43,49
2011,"41719",56,78
2011,"41720",77,69
2011,"41721",32,52
2011,"41722",170,181
2011,"41723",56,57
2011,"41724",15,32
2011,"41725",25,21
2011,"41726",73,94
2011,"41727",25,40
2011,"41728",16,15
2011,"41729",7,16
2011,"41730",63,64
2011,"41731",355,335
2011,"41732",71,102
2011,"41733",10,9
2011,"41734",264,1494
2011,"41735",137,113
2011,"41736",61,65
2011,"41737",166,204
2011,"41738",280,317
2011,"41739",230,256
2011,"41740",52,44
2011,"41741",66,80
2011,"41742",168,166
2011,"41743",476,403
2011,"41744",36,35
2011,"41745",66,66
2011,"41746",814,739
2011,"41747",152,189
2011,"41748",28,24
2011,"41749",44,58
2011,"41750",90,113
2011,"41751",89,81
2011,"41752",60,89
2011,"41801",23,16
2011,"41802",29,51
2011,"41803",110,99
2011,"41804",228,139
2011,"41805",85,96
2011,"41806",84,114
2011,"41807",72,58
2011,"41808",253,164
2011,"41809",64,54
2011,"41810",136,129
2011,"41811",220,248
2011,"41812",617,526
2011,"41813",27,32
2011,"41814",56,83
2011,"41815",33,36
2011,"41816",118,117
2011,"41817",189,116
2011,"41818",69,92
2011,"41819",97,85
2011,"41820",272,309
2011,"41821",99,78
2011,"41822",95,51
2011,"41823",335,341
2011,"41824",157,173
2011,"50101",4928,5192
2011,"50201",140,168
2011,"50202",145,134
2011,"50203",33,68
2011,"50204",160,157
2011,"50205",937,944
2011,"50206",16,17
2011,"50207",290,227
2011,"50208",294,206
2011,"50209",283,261
2011,"50210",12,24
2011,"50211",49,58
2011,"50212",27,25
2011,"50213",103,105
2011,"50301",226,283
2011,"50302",200,123
2011,"50303",246,252
2011,"50304",53,68
2011,"50305",237,204
2011,"50306",83,54
2011,"50307",63,57
2011,"50308",122,142
2011,"50309",311,235
2011,"50310",242,258
2011,"50311",102,118
2011,"50312",93,122
2011,"50313",24,21
2011,"50314",368,337
2011,"50315",135,106
2011,"50316",224,183
2011,"50317",183,200
2011,"50318",16,22
2011,"50319",180,204
2011,"50320",106,77
2011,"50321",146,168
2011,"50322",143,156
2011,"50323",130,111
2011,"50324",302,302
2011,"50325",89,96
2011,"50326",279,283
2011,"50327",223,187
2011,"50328",58,82
2011,"50329",104,82
2011,"50330",143,167
2011,"50331",33,52
2011,"50332",66,86
2011,"50335",292,318
2011,"50336",113,159
2011,"50337",249,169
2011,"50338",558,483
2011,"50339",515,416
2011,"50401",177,161
2011,"50402",193,225
2011,"50403",137,202
2011,"50404",365,385
2011,"50405",44,45
2011,"50406",94,111
2011,"50407",33,51
2011,"50408",66,84
2011,"50409",9,22
2011,"50410",96,97
2011,"50411",79,59
2011,"50412",72,77
2011,"50413",9,23
2011,"50414",12,34
2011,"50415",48,58
2011,"50416",95,101
2011,"50417",123,161
2011,"50418",449,531
2011,"50419",75,56
2011,"50420",147,139
2011,"50421",172,155
2011,"50422",16,26
2011,"50423",87,90
2011,"50424",108,146
2011,"50425",15,29
2011,"50501",11,15
2011,"50502",7,7
2011,"50503",91,70
2011,"50504",59,79
2011,"50505",7,18
2011,"50506",24,47
2011,"50507",39,25
2011,"50508",11,25
2011,"50509",156,153
2011,"50510",159,225
2011,"50511",10,10
2011,"50512",26,24
2011,"50513",34,41
2011,"50514",10,11
2011,"50515",10,34
2011,"50601",73,82
2011,"50602",189,194
2011,"50603",10,10
2011,"50604",11,39
2011,"50605",24,35
2011,"50606",107,149
2011,"50607",21,20
2011,"50608",40,66
2011,"50609",92,91
2011,"50610",82,57
2011,"50611",128,149
2011,"50612",60,54
2011,"50613",252,251
2011,"50614",45,70
2011,"50615",107,93
2011,"50616",165,136
2011,"50617",43,58
2011,"50618",51,92
2011,"50619",492,505
2011,"50620",38,37
2011,"50621",44,76
2011,"50622",140,147
2011,"50623",51,42
2011,"50624",78,87
2011,"50625",21,23
2011,"50626",44,43
2011,"50627",21,17
2011,"50628",437,530
2011,"60101",12276,10375
2011,"60305",141,119
2011,"60318",170,153
2011,"60323",149,101
2011,"60324",94,112
2011,"60326",83,45
2011,"60329",86,46
2011,"60341",92,81
2011,"60344",470,470
2011,"60345",220,246
2011,"60346",159,189
2011,"60347",134,159
2011,"60348",146,137
2011,"60349",137,233
2011,"60350",347,282
2011,"60351",188,210
2011,"60608",410,348
2011,"60611",277,216
2011,"60613",489,470
2011,"60617",245,202
2011,"60618",73,60
2011,"60619",157,188
2011,"60623",130,105
2011,"60624",440,390
2011,"60626",184,134
2011,"60628",171,159
2011,"60629",316,234
2011,"60632",138,174
2011,"60639",94,53
2011,"60641",109,56
2011,"60642",98,100
2011,"60645",181,156
2011,"60646",119,130
2011,"60647",8,20
2011,"60648",93,133
2011,"60651",69,96
2011,"60653",198,216
2011,"60654",179,130
2011,"60655",154,150
2011,"60656",71,55
2011,"60659",231,231
2011,"60660",196,201
2011,"60661",230,252
2011,"60662",273,240
2011,"60663",168,188
2011,"60664",654,575
2011,"60665",238,284
2011,"60666",105,123
2011,"60667",242,243
2011,"60668",162,143
2011,"60669",677,643
2011,"60670",425,327
2011,"61001",73,63
2011,"61002",89,139
2011,"61007",65,65
2011,"61008",79,64
2011,"61012",192,163
2011,"61013",121,80
2011,"61016",104,85
2011,"61017",69,71
2011,"61019",60,85
2011,"61020",67,74
2011,"61021",122,108
2011,"61024",108,119
2011,"61027",65,93
2011,"61030",68,88
2011,"61032",59,90
2011,"61033",90,87
2011,"61043",153,171
2011,"61045",386,343
2011,"61049",134,149
2011,"61050",147,121
2011,"61051",98,136
2011,"61052",151,136
2011,"61053",734,688
2011,"61054",118,143
2011,"61055",81,70
2011,"61057",38,81
2011,"61059",289,232
2011,"61060",157,164
2011,"61061",307,323
2011,"61101",69,154
2011,"61105",25,24
2011,"61106",71,87
2011,"61107",33,50
2011,"61108",1243,1150
2011,"61109",56,75
2011,"61110",123,110
2011,"61111",58,67
2011,"61112",12,23
2011,"61113",133,123
2011,"61114",129,135
2011,"61115",63,64
2011,"61116",61,70
2011,"61118",32,47
2011,"61119",33,31
2011,"61120",412,422
2011,"61203",114,121
2011,"61204",63,83
2011,"61205",44,42
2011,"61206",48,40
2011,"61207",207,185
2011,"61213",139,114
2011,"61215",50,47
2011,"61217",67,86
2011,"61222",67,83
2011,"61236",80,95
2011,"61243",96,108
2011,"61247",122,138
2011,"61251",7,10
2011,"61252",60,82
2011,"61253",123,188
2011,"61254",41,44
2011,"61255",149,151
2011,"61256",31,81
2011,"61257",154,151
2011,"61258",73,96
2011,"61259",350,358
2011,"61260",46,46
2011,"61261",82,77
2011,"61262",94,110
2011,"61263",264,314
2011,"61264",79,88
2011,"61265",168,301
2011,"61266",26,50
2011,"61267",138,185
2011,"61410",26,31
2011,"61413",16,42
2011,"61425",48,70
2011,"61428",21,33
2011,"61437",17,39
2011,"61438",138,122
2011,"61439",128,193
2011,"61440",77,72
2011,"61441",32,37
2011,"61442",45,71
2011,"61443",35,81
2011,"61444",62,96
2011,"61445",64,78
2011,"61446",74,58
2011,"61611",125,105
2011,"61612",145,149
2011,"61615",119,124
2011,"61618",137,149
2011,"61621",31,32
2011,"61624",138,132
2011,"61625",449,442
2011,"61626",269,282
2011,"61627",62,71
2011,"61628",51,51
2011,"61629",30,50
2011,"61630",49,84
2011,"61631",511,485
2011,"61632",135,177
2011,"61633",209,168
2011,"61701",91,89
2011,"61708",27,49
2011,"61710",38,43
2011,"61711",16,13
2011,"61716",102,113
2011,"61719",132,144
2011,"61727",139,129
2011,"61728",11,23
2011,"61729",96,86
2011,"61730",74,89
2011,"61731",34,43
2011,"61740",53,58
2011,"61741",75,62
2011,"61743",26,30
2011,"61744",6,12
2011,"61745",31,34
2011,"61746",154,141
2011,"61748",194,172
2011,"61750",50,45
2011,"61751",105,105
2011,"61756",117,149
2011,"61757",106,146
2011,"61758",35,53
2011,"61759",60,65
2011,"61760",619,538
2011,"61761",61,70
2011,"61762",95,99
2011,"61763",123,110
2011,"61764",135,133
2011,"61765",196,205
2011,"61766",569,522
2011,"62007",290,387
2011,"62008",43,50
2011,"62010",20,7
2011,"62014",74,86
2011,"62021",20,17
2011,"62026",29,24
2011,"62032",38,43
2011,"62034",43,44
2011,"62036",40,40
2011,"62038",334,486
2011,"62039",88,77
2011,"62040",536,515
2011,"62041",641,656
2011,"62042",81,122
2011,"62043",109,119
2011,"62044",114,82
2011,"62045",125,87
2011,"62046",119,140
2011,"62047",274,301
2011,"62048",165,170
2011,"62105",33,61
2011,"62115",177,191
2011,"62116",111,140
2011,"62125",102,87
2011,"62128",199,163
2011,"62131",96,84
2011,"62132",35,52
2011,"62135",39,46
2011,"62138",95,113
2011,"62139",772,800
2011,"62140",875,996
2011,"62141",299,304
2011,"62142",114,140
2011,"62143",372,437
2011,"62144",184,303
2011,"62145",232,257
2011,"62146",197,218
2011,"62147",98,87
2011,"62148",59,67
2011,"62202",100,101
2011,"62205",73,56
2011,"62206",60,66
2011,"62209",37,53
2011,"62211",76,85
2011,"62214",70,55
2011,"62216",53,64
2011,"62219",321,357
2011,"62220",67,77
2011,"62226",64,83
2011,"62232",50,66
2011,"62233",80,99
2011,"62235",54,54
2011,"62242",22,33
2011,"62244",119,121
2011,"62245",23,56
2011,"62247",64,106
2011,"62252",67,63
2011,"62256",106,93
2011,"62262",26,37
2011,"62264",140,114
2011,"62265",41,62
2011,"62266",88,76
2011,"62267",394,388
2011,"62268",77,95
2011,"62269",95,86
2011,"62270",77,76
2011,"62271",119,156
2011,"62272",99,133
2011,"62273",75,72
2011,"62274",108,114
2011,"62275",171,189
2011,"62276",58,84
2011,"62277",72,92
2011,"62278",99,105
2011,"62279",48,63
2011,"62311",51,45
2011,"62314",73,53
2011,"62326",61,66
2011,"62330",40,68
2011,"62332",38,68
2011,"62335",34,50
2011,"62343",29,51
2011,"62368",27,59
2011,"62372",45,62
2011,"62375",246,245
2011,"62376",130,136
2011,"62377",59,64
2011,"62378",249,235
2011,"62379",532,558
2011,"62380",167,225
2011,"62381",86,104
2011,"62382",130,155
2011,"62383",177,188
2011,"62384",122,137
2011,"62385",106,91
2011,"62386",134,220
2011,"62387",45,72
2011,"62388",104,56
2011,"62389",132,134
2011,"62390",125,169
2011,"70101",5026,4737
2011,"70201",109,103
2011,"70202",218,129
2011,"70203",387,410
2011,"70204",16,21
2011,"70205",34,38
2011,"70206",18,10
2011,"70207",24,24
2011,"70208",86,150
2011,"70209",150,142
2011,"70210",12,21
2011,"70211",94,111
2011,"70212",50,69
2011,"70213",64,60
2011,"70214",111,74
2011,"70215",115,89
2011,"70216",77,63
2011,"70217",16,35
2011,"70218",50,43
2011,"70219",92,119
2011,"70220",123,189
2011,"70221",56,65
2011,"70222",110,106
2011,"70223",102,100
2011,"70224",40,60
2011,"70301",285,257
2011,"70302",175,157
2011,"70303",109,74
2011,"70304",312,251
2011,"70305",49,41
2011,"70306",72,58
2011,"70307",23,33
2011,"70308",52,77
2011,"70309",81,101
2011,"70310",130,133
2011,"70311",36,26
2011,"70312",294,350
2011,"70313",50,46
2011,"70314",26,30
2011,"70315",80,56
2011,"70317",15,10
2011,"70318",75,74
2011,"70319",162,165
2011,"70320",96,127
2011,"70322",91,62
2011,"70323",35,33
2011,"70325",34,29
2011,"70326",123,129
2011,"70328",59,72
2011,"70329",166,211
2011,"70331",84,95
2011,"70332",63,105
2011,"70333",38,59
2011,"70334",135,147
2011,"70335",78,82
2011,"70336",9,12
2011,"70337",85,81
2011,"70338",30,33
2011,"70339",55,45
2011,"70340",90,68
2011,"70342",57,60
2011,"70343",50,45
2011,"70344",140,77
2011,"70345",54,46
2011,"70346",474,465
2011,"70347",2,6
2011,"70348",88,66
2011,"70349",14,33
2011,"70350",54,52
2011,"70351",180,166
2011,"70352",39,43
2011,"70353",111,66
2011,"70354",842,625
2011,"70355",168,179
2011,"70356",54,33
2011,"70357",584,528
2011,"70358",184,180
2011,"70359",51,47
2011,"70360",57,58
2011,"70361",27,9
2011,"70362",21,10
2011,"70364",268,322
2011,"70365",160,181
2011,"70366",15,23
2011,"70367",308,282
2011,"70368",45,45
2011,"70369",440,354
2011,"70370",121,113
2011,"70401",38,69
2011,"70402",84,101
2011,"70403",305,386
2011,"70404",78,87
2011,"70405",43,31
2011,"70406",158,180
2011,"70407",36,50
2011,"70408",69,59
2011,"70409",134,218
2011,"70410",173,134
2011,"70411",215,302
2011,"70412",116,140
2011,"70413",74,88
2011,"70414",62,48
2011,"70415",52,37
2011,"70416",349,401
2011,"70417",56,64
2011,"70418",25,24
2011,"70419",53,50
2011,"70420",63,76
2011,"70501",27,50
2011,"70502",73,45
2011,"70503",112,117
2011,"70504",24,39
2011,"70505",108,84
2011,"70506",102,108
2011,"70508",232,175
2011,"70509",91,93
2011,"70510",23,39
2011,"70511",313,243
2011,"70512",227,163
2011,"70513",626,656
2011,"70514",103,125
2011,"70515",166,161
2011,"70516",13,25
2011,"70517",128,91
2011,"70518",86,88
2011,"70519",13,17
2011,"70520",125,125
2011,"70521",54,57
2011,"70522",154,149
2011,"70523",14,18
2011,"70524",42,47
2011,"70525",102,86
2011,"70526",87,102
2011,"70527",72,56
2011,"70528",70,58
2011,"70529",51,71
2011,"70530",66,72
2011,"70531",586,566
2011,"70601",17,8
2011,"70602",10,12
2011,"70603",26,43
2011,"70604",105,123
2011,"70605",21,32
2011,"70606",16,32
2011,"70607",38,44
2011,"70608",26,37
2011,"70609",43,55
2011,"70610",27,7
2011,"70611",10,21
2011,"70612",12,19
2011,"70613",11,17
2011,"70614",372,399
2011,"70615",34,33
2011,"70616",34,53
2011,"70617",54,52
2011,"70618",34,35
2011,"70619",64,76
2011,"70620",49,45
2011,"70621",61,78
2011,"70622",61,45
2011,"70623",36,51
2011,"70624",25,27
2011,"70625",1,9
2011,"70626",18,36
2011,"70627",15,38
2011,"70628",12,15
2011,"70629",15,24
2011,"70630",145,148
2011,"70701",9,9
2011,"70702",26,31
2011,"70703",29,17
2011,"70704",17,23
2011,"70705",31,55
2011,"70706",5,22
2011,"70707",56,81
2011,"70708",21,29
2011,"70709",6,11
2011,"70710",12,28
2011,"70711",33,20
2011,"70712",13,24
2011,"70713",11,18
2011,"70714",14,10
2011,"70715",34,34
2011,"70716",447,517
2011,"70717",45,77
2011,"70718",28,24
2011,"70719",166,94
2011,"70720",49,36
2011,"70721",7,8
2011,"70723",8,20
2011,"70724",7,14
2011,"70725",5,9
2011,"70726",3,12
2011,"70727",8,7
2011,"70728",51,54
2011,"70729",12,29
2011,"70731",9,12
2011,"70732",52,36
2011,"70733",4,3
2011,"70734",29,39
2011,"70735",19,30
2011,"70801",19,19
2011,"70802",10,19
2011,"70803",24,29
2011,"70804",22,34
2011,"70805",126,126
2011,"70806",60,58
2011,"70807",58,82
2011,"70808",34,31
2011,"70809",14,24
2011,"70810",13,16
2011,"70811",17,28
2011,"70812",3,0
2011,"70813",24,33
2011,"70814",15,28
2011,"70815",5,3
2011,"70816",38,58
2011,"70817",11,16
2011,"70818",1,3
2011,"70819",0,3
2011,"70820",166,114
2011,"70821",29,36
2011,"70822",9,23
2011,"70823",3,7
2011,"70824",13,21
2011,"70825",6,1
2011,"70826",57,65
2011,"70827",13,18
2011,"70828",397,290
2011,"70829",8,13
2011,"70830",8,4
2011,"70831",7,30
2011,"70832",34,37
2011,"70833",10,37
2011,"70834",7,9
2011,"70835",44,53
2011,"70836",21,51
2011,"70837",2,10
2011,"70901",72,75
2011,"70902",153,67
2011,"70903",7,9
2011,"70904",20,28
2011,"70905",85,134
2011,"70907",110,127
2011,"70908",55,82
2011,"70909",230,239
2011,"70910",49,57
2011,"70911",34,13
2011,"70912",15,24
2011,"70913",12,8
2011,"70914",22,20
2011,"70915",56,49
2011,"70916",25,32
2011,"70917",241,271
2011,"70918",70,55
2011,"70920",114,186
2011,"70921",71,27
2011,"70922",58,81
2011,"70923",35,54
2011,"70924",12,19
2011,"70925",69,71
2011,"70926",490,487
2011,"70927",51,36
2011,"70928",107,111
2011,"70929",7,5
2011,"70930",35,38
2011,"70931",61,94
2011,"70932",18,13
2011,"70933",95,90
2011,"70934",43,65
2011,"70935",70,86
2011,"70936",225,217
2011,"70937",89,101
2011,"70938",63,70
2011,"70939",100,72
2011,"70940",79,54
2011,"70941",13,21
2011,"80101",91,95
2011,"80102",9,17
2011,"80103",708,747
2011,"80104",133,164
2011,"80105",30,32
2011,"80106",158,186
2011,"80107",22,14
2011,"80108",57,85
2011,"80109",6,11
2011,"80110",28,61
2011,"80111",39,54
2011,"80112",22,31
2011,"80113",65,86
2011,"80114",11,21
2011,"80115",259,180
2011,"80116",284,295
2011,"80117",246,250
2011,"80118",23,43
2011,"80119",30,37
2011,"80120",55,87
2011,"80121",10,12
2011,"80122",161,212
2011,"80123",12,26
2011,"80124",11,13
2011,"80125",16,19
2011,"80126",124,127
2011,"80127",17,29
2011,"80128",78,77
2011,"80129",106,118
2011,"80201",102,120
2011,"80202",76,91
2011,"80203",35,53
2011,"80204",80,129
2011,"80205",25,37
2011,"80206",35,41
2011,"80207",1476,1502
2011,"80208",21,17
2011,"80209",13,14
2011,"80210",26,37
2011,"80211",140,105
2011,"80212",14,17
2011,"80213",197,177
2011,"80214",79,68
2011,"80215",599,568
2011,"80216",81,76
2011,"80217",269,319
2011,"80218",251,237
2011,"80219",41,76
2011,"80220",105,124
2011,"80221",38,42
2011,"80222",42,51
2011,"80223",42,53
2011,"80224",538,500
2011,"80225",45,59
2011,"80226",304,313
2011,"80227",41,45
2011,"80228",32,71
2011,"80229",8,31
2011,"80230",38,48
2011,"80231",45,24
2011,"80232",15,22
2011,"80233",33,30
2011,"80234",3,9
2011,"80235",228,230
2011,"80236",74,70
2011,"80237",14,16
2011,"80238",48,56
2011,"80239",6,12
2011,"80240",481,451
2011,"80301",1718,1665
2011,"80302",738,665
2011,"80303",643,698
2011,"80401",309,322
2011,"80402",19,24
2011,"80403",5,10
2011,"80404",1420,1517
2011,"80405",391,323
2011,"80406",19,21
2011,"80407",158,144
2011,"80408",688,639
2011,"80409",191,180
2011,"80410",223,217
2011,"80411",22,18
2011,"80412",192,179
2011,"80413",105,104
2011,"80414",614,629
2011,"80415",21,29
2011,"80416",122,122
2011,"80417",134,136
2011,"80418",112,159
2011,"80419",38,40
2011,"80420",139,139
2011,"80421",23,19
2011,"80422",15,10
2011,"80423",182,181
2011,"80424",196,226
2011,"90101",1092,1275
2011,"90201",9688,9425
2011,"90301",7027,7107
2011,"90401",2801,2924
2011,"90501",5261,5921
2011,"90601",3099,3236
2011,"90701",3017,3291
2011,"90801",3153,4013
2011,"90901",4842,4831
2011,"91001",11812,11406
2011,"91101",6297,6156
2011,"91201",7253,7517
2011,"91301",3143,3236
2011,"91401",6181,6005
2011,"91501",7400,8158
2011,"91601",8337,8509
2011,"91701",4983,5251
2011,"91801",4039,4427
2011,"91901",4649,4358
2011,"92001",6965,7390
2011,"92101",9155,7607
2011,"92201",9258,6645
2011,"92301",5258,4604
2012,"10101",838,695
2012,"10201",67,36
2012,"10301",84,73
2012,"10302",62,65
2012,"10303",116,65
2012,"10304",155,125
2012,"10305",42,33
2012,"10306",51,35
2012,"10307",41,49
2012,"10308",76,55
2012,"10309",134,139
2012,"10310",41,51
2012,"10311",33,33
2012,"10312",95,66
2012,"10313",86,79
2012,"10314",69,51
2012,"10315",117,126
2012,"10316",169,105
2012,"10317",70,53
2012,"10318",100,45
2012,"10319",59,55
2012,"10320",9,14
2012,"10321",30,33
2012,"10322",42,39
2012,"10323",51,46
2012,"10401",41,34
2012,"10402",70,63
2012,"10403",39,58
2012,"10404",23,39
2012,"10405",185,191
2012,"10406",22,38
2012,"10407",25,46
2012,"10408",84,63
2012,"10409",17,35
2012,"10410",28,34
2012,"10411",65,35
2012,"10412",46,28
2012,"10413",27,29
2012,"10414",155,149
2012,"10415",66,140
2012,"10416",69,41
2012,"10417",81,80
2012,"10418",15,22
2012,"10419",21,29
2012,"10420",7,6
2012,"10421",24,13
2012,"10422",7,4
2012,"10423",2,7
2012,"10424",3,7
2012,"10425",7,6
2012,"10426",16,14
2012,"10427",32,21
2012,"10428",25,24
2012,"10501",66,68
2012,"10502",47,46
2012,"10503",39,60
2012,"10504",160,200
2012,"10505",17,54
2012,"10506",54,50
2012,"10507",56,28
2012,"10508",101,82
2012,"10509",79,70
2012,"10510",31,20
2012,"10511",28,25
2012,"10512",10,19
2012,"10601",80,37
2012,"10602",98,104
2012,"10603",35,35
2012,"10604",25,36
2012,"10605",72,54
2012,"10606",304,299
2012,"10607",267,238
2012,"10608",24,15
2012,"10609",118,106
2012,"10610",81,72
2012,"10611",142,120
2012,"10612",80,100
2012,"10613",32,72
2012,"10614",51,35
2012,"10615",111,117
2012,"10616",33,38
2012,"10617",40,27
2012,"10618",38,35
2012,"10619",21,18
2012,"10701",42,44
2012,"10702",30,44
2012,"10703",189,174
2012,"10704",26,19
2012,"10705",117,100
2012,"10706",49,45
2012,"10707",129,127
2012,"10708",52,36
2012,"10709",47,54
2012,"10710",60,60
2012,"10711",98,84
2012,"10712",83,76
2012,"10713",409,289
2012,"10714",27,40
2012,"10715",25,20
2012,"10716",37,38
2012,"10717",212,178
2012,"10718",60,62
2012,"10719",32,38
2012,"10720",18,24
2012,"10721",42,66
2012,"10722",138,100
2012,"10723",59,42
2012,"10724",66,69
2012,"10725",33,27
2012,"10726",17,27
2012,"10727",9,21
2012,"10801",73,85
2012,"10802",73,52
2012,"10803",41,42
2012,"10804",42,50
2012,"10805",100,105
2012,"10806",36,25
2012,"10807",60,54
2012,"10808",85,49
2012,"10809",63,48
2012,"10810",32,40
2012,"10811",76,76
2012,"10812",39,49
2012,"10813",39,27
2012,"10814",64,40
2012,"10815",65,36
2012,"10816",246,203
2012,"10817",44,50
2012,"10818",19,29
2012,"10819",54,32
2012,"10820",32,36
2012,"10821",65,44
2012,"10822",48,93
2012,"10823",73,70
2012,"10824",18,15
2012,"10825",26,46
2012,"10826",23,21
2012,"10827",6,10
2012,"10828",22,20
2012,"10901",68,68
2012,"10902",85,131
2012,"10903",52,37
2012,"10904",54,48
2012,"10905",125,177
2012,"10906",34,40
2012,"10907",73,81
2012,"10908",43,60
2012,"10909",61,41
2012,"10910",43,58
2012,"10911",46,46
2012,"10912",105,63
2012,"10913",28,30
2012,"10914",41,69
2012,"10915",25,39
2012,"10916",114,131
2012,"10917",421,400
2012,"10918",325,272
2012,"10919",140,112
2012,"10920",53,87
2012,"10921",63,65
2012,"10922",25,32
2012,"10923",57,89
2012,"10924",25,23
2012,"10925",35,46
2012,"10926",35,42
2012,"10927",37,35
2012,"10928",69,74
2012,"10929",46,29
2012,"10930",23,21
2012,"10931",6,5
2012,"10932",17,16
2012,"20101",4278,3530
2012,"20201",2204,2194
2012,"20302",21,44
2012,"20305",184,230
2012,"20306",104,165
2012,"20307",75,72
2012,"20316",64,46
2012,"20320",26,46
2012,"20321",22,48
2012,"20402",393,423
2012,"20403",93,101
2012,"20405",195,259
2012,"20409",153,148
2012,"20412",99,114
2012,"20414",147,158
2012,"20415",223,274
2012,"20416",59,75
2012,"20417",139,112
2012,"20418",170,153
2012,"20419",98,96
2012,"20421",322,256
2012,"20424",149,144
2012,"20425",136,148
2012,"20428",40,45
2012,"20432",120,148
2012,"20435",84,113
2012,"20441",12,24
2012,"20442",180,160
2012,"20501",206,274
2012,"20502",131,158
2012,"20503",32,20
2012,"20504",73,98
2012,"20505",159,177
2012,"20506",46,74
2012,"20508",32,53
2012,"20509",56,97
2012,"20511",48,52
2012,"20512",91,120
2012,"20513",60,81
2012,"20515",136,147
2012,"20518",47,76
2012,"20519",60,59
2012,"20520",76,66
2012,"20523",179,164
2012,"20527",559,620
2012,"20530",130,125
2012,"20531",54,98
2012,"20534",128,147
2012,"20601",47,89
2012,"20602",70,81
2012,"20603",25,35
2012,"20604",51,35
2012,"20605",34,45
2012,"20607",23,49
2012,"20608",106,91
2012,"20609",50,58
2012,"20610",21,37
2012,"20611",34,77
2012,"20613",33,37
2012,"20616",50,65
2012,"20618",12,17
2012,"20619",69,69
2012,"20620",145,155
2012,"20622",7,29
2012,"20624",79,52
2012,"20625",36,52
2012,"20627",64,81
2012,"20630",171,233
2012,"20631",35,46
2012,"20632",26,58
2012,"20633",48,45
2012,"20634",323,248
2012,"20635",546,671
2012,"20636",38,44
2012,"20637",67,64
2012,"20638",12,24
2012,"20639",13,28
2012,"20640",38,43
2012,"20642",43,76
2012,"20643",105,117
2012,"20644",67,112
2012,"20701",83,47
2012,"20702",282,255
2012,"20703",25,46
2012,"20705",72,92
2012,"20707",16,23
2012,"20708",31,46
2012,"20710",94,119
2012,"20711",401,432
2012,"20712",58,38
2012,"20713",28,36
2012,"20719",56,89
2012,"20720",229,234
2012,"20721",67,98
2012,"20722",172,181
2012,"20723",62,71
2012,"20724",220,228
2012,"20725",410,443
2012,"20726",115,124
2012,"20727",260,295
2012,"20801",136,150
2012,"20802",24,33
2012,"20803",285,290
2012,"20804",78,88
2012,"20805",95,96
2012,"20806",84,78
2012,"20807",41,66
2012,"20808",173,245
2012,"20810",38,38
2012,"20812",69,47
2012,"20813",328,415
2012,"20815",75,87
2012,"20817",391,451
2012,"20901",92,133
2012,"20905",155,204
2012,"20909",53,101
2012,"20911",21,41
2012,"20912",38,72
2012,"20913",415,426
2012,"20914",71,72
2012,"20918",94,141
2012,"20923",828,812
2012,"21001",24,48
2012,"21002",625,543
2012,"21003",85,87
2012,"21004",33,62
2012,"21005",85,99
2012,"21006",59,47
2012,"21007",40,64
2012,"21008",66,119
2012,"21009",183,195
2012,"21010",57,86
2012,"30101",1299,1285
2012,"30201",2184,2124
2012,"30301",336,374
2012,"30401",2403,2189
2012,"30501",66,58
2012,"30502",909,923
2012,"30503",98,96
2012,"30504",122,136
2012,"30506",102,150
2012,"30507",59,71
2012,"30508",147,177
2012,"30509",69,87
2012,"30510",18,19
2012,"30511",59,57
2012,"30512",47,44
2012,"30514",200,180
2012,"30515",95,111
2012,"30516",30,57
2012,"30517",153,99
2012,"30520",117,93
2012,"30521",79,67
2012,"30522",90,56
2012,"30524",38,128
2012,"30526",13,18
2012,"30527",126,121
2012,"30529",85,102
2012,"30530",148,145
2012,"30531",293,375
2012,"30532",115,105
2012,"30533",144,192
2012,"30534",46,82
2012,"30536",78,58
2012,"30538",130,88
2012,"30539",76,82
2012,"30541",49,72
2012,"30542",44,34
2012,"30543",61,79
2012,"30544",67,66
2012,"30601",136,94
2012,"30602",117,214
2012,"30603",636,553
2012,"30604",1397,1250
2012,"30605",544,426
2012,"30607",499,497
2012,"30608",204,204
2012,"30609",19,21
2012,"30612",91,106
2012,"30613",44,89
2012,"30614",58,66
2012,"30615",291,258
2012,"30616",75,88
2012,"30618",314,335
2012,"30620",207,201
2012,"30621",148,125
2012,"30623",258,183
2012,"30625",170,165
2012,"30626",315,257
2012,"30627",168,169
2012,"30629",79,78
2012,"30631",104,120
2012,"30633",45,48
2012,"30635",66,78
2012,"30636",79,85
2012,"30637",79,77
2012,"30639",873,2394
2012,"30641",155,155
2012,"30645",101,106
2012,"30646",123,149
2012,"30701",30,36
2012,"30702",86,93
2012,"30703",27,17
2012,"30704",326,318
2012,"30706",134,120
2012,"30708",31,37
2012,"30709",90,102
2012,"30710",218,216
2012,"30711",67,50
2012,"30712",44,36
2012,"30713",44,51
2012,"30715",19,18
2012,"30716",163,158
2012,"30718",74,49
2012,"30719",61,47
2012,"30721",81,89
2012,"30722",52,43
2012,"30724",83,75
2012,"30726",110,112
2012,"30728",28,28
2012,"30729",168,157
2012,"30730",294,245
2012,"30731",175,164
2012,"30732",391,256
2012,"30733",53,54
2012,"30734",86,87
2012,"30735",208,200
2012,"30736",88,112
2012,"30737",71,63
2012,"30738",25,22
2012,"30739",130,100
2012,"30740",809,664
2012,"30741",109,91
2012,"30801",2,4
2012,"30802",2,8
2012,"30803",178,152
2012,"30804",60,55
2012,"30805",76,99
2012,"30808",430,330
2012,"30810",50,37
2012,"30811",116,133
2012,"30812",42,28
2012,"30813",68,40
2012,"30814",63,83
2012,"30817",660,546
2012,"30819",11,10
2012,"30821",566,375
2012,"30822",3,4
2012,"30824",31,46
2012,"30825",35,60
2012,"30826",64,58
2012,"30827",99,85
2012,"30828",50,35
2012,"30829",53,51
2012,"30830",113,106
2012,"30831",187,115
2012,"30834",22,31
2012,"30835",138,178
2012,"30836",29,32
2012,"30838",143,111
2012,"30841",71,49
2012,"30842",92,76
2012,"30844",116,91
2012,"30845",73,53
2012,"30846",9,13
2012,"30848",72,63
2012,"30849",28,32
2012,"30850",37,52
2012,"30852",101,88
2012,"30854",47,30
2012,"30856",520,407
2012,"30857",39,43
2012,"30858",80,58
2012,"30859",20,40
2012,"30860",90,91
2012,"30863",197,192
2012,"30865",33,35
2012,"30902",26,38
2012,"30903",43,51
2012,"30904",18,22
2012,"30906",16,21
2012,"30908",247,240
2012,"30909",86,80
2012,"30910",38,39
2012,"30912",25,34
2012,"30913",12,18
2012,"30915",10,13
2012,"30916",145,139
2012,"30917",16,18
2012,"30920",54,93
2012,"30921",54,49
2012,"30925",134,81
2012,"30929",26,38
2012,"30932",35,39
2012,"30935",176,200
2012,"30939",25,30
2012,"30940",35,29
2012,"30942",88,67
2012,"31001",40,54
2012,"31008",99,102
2012,"31009",43,52
2012,"31014",53,48
2012,"31015",61,77
2012,"31016",46,57
2012,"31018",75,70
2012,"31019",40,36
2012,"31021",38,33
2012,"31022",641,504
2012,"31025",19,21
2012,"31026",94,56
2012,"31028",28,38
2012,"31033",43,43
2012,"31035",45,52
2012,"31036",76,108
2012,"31037",170,162
2012,"31038",27,36
2012,"31041",32,19
2012,"31042",43,32
2012,"31043",69,64
2012,"31051",65,90
2012,"31052",73,109
2012,"31053",126,124
2012,"31101",28,28
2012,"31102",15,31
2012,"31103",51,46
2012,"31104",40,47
2012,"31105",178,136
2012,"31106",138,109
2012,"31107",33,20
2012,"31109",298,304
2012,"31110",28,31
2012,"31111",20,17
2012,"31113",14,16
2012,"31114",17,35
2012,"31117",25,18
2012,"31119",18,15
2012,"31120",21,33
2012,"31121",24,58
2012,"31123",43,55
2012,"31124",69,70
2012,"31129",52,57
2012,"31130",18,26
2012,"31201",195,167
2012,"31202",54,43
2012,"31203",113,97
2012,"31204",40,47
2012,"31205",61,70
2012,"31206",118,99
2012,"31207",134,158
2012,"31208",134,112
2012,"31213",640,676
2012,"31214",345,364
2012,"31215",26,42
2012,"31216",193,197
2012,"31224",44,63
2012,"31226",165,117
2012,"31227",108,111
2012,"31228",29,28
2012,"31229",88,52
2012,"31230",799,617
2012,"31234",54,56
2012,"31235",475,456
2012,"31301",23,24
2012,"31302",24,19
2012,"31303",40,49
2012,"31304",24,25
2012,"31308",76,101
2012,"31309",134,146
2012,"31310",61,62
2012,"31311",132,98
2012,"31315",107,112
2012,"31319",43,38
2012,"31321",38,52
2012,"31322",339,253
2012,"31323",58,39
2012,"31324",40,45
2012,"31326",18,31
2012,"31327",227,179
2012,"31330",32,46
2012,"31333",103,71
2012,"31336",81,40
2012,"31337",74,98
2012,"31338",25,59
2012,"31340",38,36
2012,"31343",93,87
2012,"31344",39,52
2012,"31346",69,38
2012,"31347",23,14
2012,"31350",29,28
2012,"31351",31,40
2012,"31355",66,106
2012,"31356",25,27
2012,"31401",26,71
2012,"31402",95,77
2012,"31403",218,229
2012,"31404",37,49
2012,"31405",39,46
2012,"31406",37,41
2012,"31407",157,194
2012,"31408",29,78
2012,"31409",34,72
2012,"31410",84,72
2012,"31411",44,67
2012,"31412",153,155
2012,"31413",143,180
2012,"31414",66,78
2012,"31502",35,50
2012,"31503",84,64
2012,"31504",51,42
2012,"31505",174,141
2012,"31506",8,14
2012,"31507",69,89
2012,"31508",32,50
2012,"31509",84,93
2012,"31511",39,61
2012,"31513",45,54
2012,"31514",82,111
2012,"31515",39,26
2012,"31516",52,74
2012,"31517",40,71
2012,"31519",39,48
2012,"31520",144,152
2012,"31521",136,110
2012,"31522",63,77
2012,"31523",40,23
2012,"31524",293,314
2012,"31525",37,53
2012,"31527",107,90
2012,"31528",29,24
2012,"31530",87,91
2012,"31531",59,72
2012,"31533",209,165
2012,"31534",78,64
2012,"31535",23,19
2012,"31537",96,86
2012,"31539",130,116
2012,"31540",93,62
2012,"31541",21,20
2012,"31542",33,45
2012,"31543",38,48
2012,"31546",37,48
2012,"31549",296,262
2012,"31550",33,53
2012,"31551",54,89
2012,"31552",44,44
2012,"31553",51,41
2012,"31601",33,36
2012,"31603",68,62
2012,"31604",92,68
2012,"31605",36,48
2012,"31606",37,48
2012,"31608",17,23
2012,"31609",22,31
2012,"31611",18,20
2012,"31612",146,141
2012,"31613",23,38
2012,"31614",78,87
2012,"31615",50,35
2012,"31616",40,38
2012,"31617",46,40
2012,"31620",31,38
2012,"31621",34,32
2012,"31622",60,58
2012,"31627",52,38
2012,"31628",79,57
2012,"31629",229,172
2012,"31630",120,97
2012,"31633",562,453
2012,"31634",46,44
2012,"31636",27,21
2012,"31642",47,38
2012,"31644",272,253
2012,"31645",53,57
2012,"31646",25,37
2012,"31649",51,51
2012,"31650",52,53
2012,"31651",100,131
2012,"31652",14,13
2012,"31653",36,29
2012,"31654",100,105
2012,"31655",337,239
2012,"31658",10,15
2012,"31701",79,50
2012,"31702",116,133
2012,"31703",269,261
2012,"31704",558,577
2012,"31706",48,68
2012,"31707",130,111
2012,"31709",168,164
2012,"31710",446,375
2012,"31711",31,72
2012,"31712",263,248
2012,"31713",151,172
2012,"31714",53,41
2012,"31715",222,154
2012,"31716",546,510
2012,"31717",1210,1288
2012,"31718",157,84
2012,"31719",692,621
2012,"31723",496,261
2012,"31725",409,419
2012,"31726",113,114
2012,"31801",19,10
2012,"31802",101,111
2012,"31803",71,78
2012,"31804",72,71
2012,"31805",19,21
2012,"31806",12,13
2012,"31807",60,58
2012,"31808",101,71
2012,"31809",29,45
2012,"31810",300,314
2012,"31811",140,165
2012,"31812",105,73
2012,"31813",121,119
2012,"31814",70,85
2012,"31815",37,20
2012,"31817",80,95
2012,"31818",713,682
2012,"31820",23,14
2012,"31821",141,136
2012,"31823",172,144
2012,"31825",24,23
2012,"31826",92,82
2012,"31827",16,13
2012,"31829",131,289
2012,"31830",2,12
2012,"31831",90,100
2012,"31832",79,65
2012,"31833",45,82
2012,"31834",13,27
2012,"31835",142,161
2012,"31836",10,23
2012,"31837",104,68
2012,"31838",39,34
2012,"31839",584,606
2012,"31840",67,60
2012,"31841",15,15
2012,"31842",5,3
2012,"31843",59,70
2012,"31844",48,56
2012,"31845",55,33
2012,"31846",98,117
2012,"31847",53,59
2012,"31848",40,49
2012,"31849",90,44
2012,"31901",148,155
2012,"31902",118,95
2012,"31903",216,193
2012,"31904",47,36
2012,"31905",260,193
2012,"31906",55,70
2012,"31907",38,40
2012,"31909",82,91
2012,"31910",63,55
2012,"31911",64,43
2012,"31912",407,332
2012,"31913",104,60
2012,"31915",65,79
2012,"31916",77,76
2012,"31917",45,48
2012,"31918",83,95
2012,"31919",125,98
2012,"31920",21,16
2012,"31921",144,108
2012,"31922",115,72
2012,"31923",56,38
2012,"31925",61,53
2012,"31926",353,364
2012,"31927",79,99
2012,"31928",105,58
2012,"31929",164,215
2012,"31930",68,82
2012,"31932",91,96
2012,"31934",134,145
2012,"31935",108,85
2012,"31938",26,26
2012,"31939",6,14
2012,"31940",73,69
2012,"31941",41,41
2012,"31943",212,294
2012,"31945",72,47
2012,"31946",55,55
2012,"31947",416,298
2012,"31948",105,117
2012,"31949",259,250
2012,"31950",169,163
2012,"31951",388,347
2012,"31952",515,485
2012,"31953",148,139
2012,"31954",82,68
2012,"32001",52,99
2012,"32002",24,45
2012,"32003",78,89
2012,"32004",45,49
2012,"32005",42,59
2012,"32006",58,70
2012,"32007",34,74
2012,"32008",159,147
2012,"32009",36,54
2012,"32010",17,23
2012,"32011",38,28
2012,"32012",28,32
2012,"32013",150,127
2012,"32014",67,85
2012,"32015",29,46
2012,"32016",246,272
2012,"32017",156,132
2012,"32018",41,49
2012,"32101",59,77
2012,"32104",160,92
2012,"32106",89,86
2012,"32107",141,117
2012,"32109",17,20
2012,"32110",113,74
2012,"32112",112,107
2012,"32114",91,85
2012,"32115",34,42
2012,"32116",157,119
2012,"32119",108,98
2012,"32120",98,89
2012,"32131",341,300
2012,"32132",83,83
2012,"32134",107,110
2012,"32135",857,598
2012,"32139",53,49
2012,"32140",86,106
2012,"32141",136,157
2012,"32142",412,393
2012,"32143",68,49
2012,"32144",1183,993
2012,"32202",53,38
2012,"32203",35,37
2012,"32206",37,42
2012,"32207",132,112
2012,"32209",47,53
2012,"32210",42,38
2012,"32212",23,29
2012,"32214",14,24
2012,"32216",72,78
2012,"32217",45,56
2012,"32219",82,79
2012,"32220",280,259
2012,"32221",36,43
2012,"32222",14,14
2012,"32223",35,36
2012,"32301",189,154
2012,"32302",33,39
2012,"32304",171,155
2012,"32305",324,280
2012,"32306",179,164
2012,"32307",239,220
2012,"32308",113,92
2012,"32309",21,43
2012,"32310",48,37
2012,"32311",50,70
2012,"32312",34,25
2012,"32313",118,125
2012,"32314",51,57
2012,"32315",103,66
2012,"32316",197,185
2012,"32317",28,19
2012,"32318",92,166
2012,"32319",156,159
2012,"32320",112,106
2012,"32321",24,20
2012,"32322",23,13
2012,"32323",123,114
2012,"32324",12,24
2012,"32325",36,43
2012,"32326",18,31
2012,"32327",228,217
2012,"32330",223,192
2012,"32331",45,52
2012,"32332",110,111
2012,"32333",45,58
2012,"32334",39,60
2012,"32335",23,39
2012,"32336",126,149
2012,"32337",210,194
2012,"32338",83,92
2012,"32501",74,95
2012,"32502",20,36
2012,"32503",10,8
2012,"32504",38,37
2012,"32505",71,82
2012,"32506",30,31
2012,"32508",77,119
2012,"32509",16,30
2012,"32511",12,24
2012,"32514",8,16
2012,"32515",22,44
2012,"32516",35,51
2012,"32517",32,35
2012,"32518",38,32
2012,"32519",11,21
2012,"32520",42,42
2012,"32521",32,40
2012,"32522",34,47
2012,"32523",8,16
2012,"32524",46,65
2012,"32525",45,59
2012,"32528",17,26
2012,"32529",29,41
2012,"32530",242,289
2012,"40101",8153,8022
2012,"40201",1511,1650
2012,"40301",2560,2646
2012,"40401",182,228
2012,"40402",96,74
2012,"40403",26,35
2012,"40404",648,548
2012,"40405",140,162
2012,"40406",107,104
2012,"40407",40,58
2012,"40408",46,41
2012,"40409",72,63
2012,"40410",49,59
2012,"40411",20,36
2012,"40412",35,41
2012,"40413",185,233
2012,"40414",57,72
2012,"40415",41,37
2012,"40416",29,26
2012,"40417",43,23
2012,"40418",162,184
2012,"40419",114,94
2012,"40420",69,60
2012,"40421",400,351
2012,"40422",122,194
2012,"40423",47,40
2012,"40424",39,50
2012,"40425",86,74
2012,"40426",128,102
2012,"40427",87,79
2012,"40428",144,112
2012,"40429",33,34
2012,"40430",47,29
2012,"40431",56,52
2012,"40432",50,66
2012,"40433",59,35
2012,"40434",33,35
2012,"40435",6,17
2012,"40436",38,51
2012,"40437",129,163
2012,"40438",87,103
2012,"40439",22,10
2012,"40440",20,19
2012,"40441",178,194
2012,"40442",16,20
2012,"40443",52,59
2012,"40444",21,27
2012,"40445",19,10
2012,"40446",56,60
2012,"40501",215,220
2012,"40502",83,104
2012,"40503",233,250
2012,"40504",104,93
2012,"40505",19,24
2012,"40506",115,130
2012,"40507",90,95
2012,"40508",99,111
2012,"40509",96,68
2012,"40510",77,81
2012,"40511",115,136
2012,"40512",48,45
2012,"40601",319,363
2012,"40602",51,55
2012,"40603",99,76
2012,"40604",125,136
2012,"40605",41,39
2012,"40606",6,13
2012,"40607",52,85
2012,"40608",53,81
2012,"40609",88,109
2012,"40610",28,24
2012,"40611",24,58
2012,"40612",124,98
2012,"40613",22,22
2012,"40614",195,194
2012,"40615",83,86
2012,"40616",62,53
2012,"40617",22,32
2012,"40618",83,76
2012,"40619",61,55
2012,"40620",87,88
2012,"40621",47,42
2012,"40622",75,78
2012,"40623",41,53
2012,"40624",193,151
2012,"40625",28,47
2012,"40626",39,66
2012,"40627",112,117
2012,"40701",456,428
2012,"40702",230,210
2012,"40703",472,570
2012,"40704",217,264
2012,"40705",759,784
2012,"40706",31,42
2012,"40707",80,121
2012,"40708",118,106
2012,"40709",44,39
2012,"40710",95,70
2012,"40711",385,397
2012,"40712",22,10
2012,"40713",196,194
2012,"40714",233,229
2012,"40715",99,105
2012,"40716",26,29
2012,"40717",94,133
2012,"40718",89,102
2012,"40719",181,194
2012,"40720",227,265
2012,"40801",31,41
2012,"40802",282,234
2012,"40804",12,29
2012,"40805",195,151
2012,"40806",129,102
2012,"40807",40,64
2012,"40808",282,288
2012,"40809",71,94
2012,"40810",18,26
2012,"40811",71,79
2012,"40812",82,121
2012,"40813",43,54
2012,"40814",44,41
2012,"40815",27,39
2012,"40816",83,65
2012,"40817",57,55
2012,"40818",68,95
2012,"40820",7,9
2012,"40821",32,39
2012,"40822",90,66
2012,"40823",16,31
2012,"40824",33,56
2012,"40825",100,46
2012,"40826",25,13
2012,"40827",115,118
2012,"40828",39,54
2012,"40829",61,83
2012,"40830",38,53
2012,"40831",120,115
2012,"40832",126,128
2012,"40833",61,43
2012,"40834",29,30
2012,"40835",177,165
2012,"40901",25,22
2012,"40902",163,203
2012,"40903",38,31
2012,"40904",93,86
2012,"40905",296,240
2012,"40906",56,73
2012,"40907",245,264
2012,"40908",297,288
2012,"40909",112,150
2012,"40910",71,124
2012,"40911",34,36
2012,"40912",183,192
2012,"40913",121,89
2012,"40914",34,35
2012,"40915",94,81
2012,"40916",15,23
2012,"40917",131,155
2012,"40918",74,111
2012,"40919",32,27
2012,"40920",84,72
2012,"40921",33,35
2012,"40922",101,127
2012,"40923",116,114
2012,"41001",70,56
2012,"41002",922,999
2012,"41003",353,393
2012,"41004",56,30
2012,"41005",613,600
2012,"41006",111,45
2012,"41007",284,260
2012,"41008",76,87
2012,"41009",101,140
2012,"41010",88,102
2012,"41011",179,159
2012,"41012",1777,1546
2012,"41013",272,229
2012,"41014",328,262
2012,"41015",64,54
2012,"41016",101,81
2012,"41017",449,394
2012,"41018",81,96
2012,"41019",196,146
2012,"41020",165,190
2012,"41021",1260,1360
2012,"41022",186,209
2012,"41101",32,38
2012,"41102",67,59
2012,"41103",97,86
2012,"41104",11,33
2012,"41105",113,146
2012,"41106",110,102
2012,"41107",23,40
2012,"41108",303,639
2012,"41109",130,148
2012,"41110",186,220
2012,"41111",229,296
2012,"41112",30,56
2012,"41113",48,89
2012,"41114",135,123
2012,"41115",30,51
2012,"41116",436,332
2012,"41117",19,25
2012,"41118",134,119
2012,"41119",45,64
2012,"41120",237,141
2012,"41121",98,107
2012,"41122",15,20
2012,"41123",63,75
2012,"41124",192,208
2012,"41125",102,146
2012,"41126",43,55
2012,"41201",26,22
2012,"41202",36,44
2012,"41203",128,155
2012,"41204",120,115
2012,"41205",37,32
2012,"41206",7,17
2012,"41207",76,69
2012,"41208",31,33
2012,"41209",54,63
2012,"41210",13,11
2012,"41211",24,29
2012,"41212",32,52
2012,"41213",62,90
2012,"41214",101,112
2012,"41215",64,78
2012,"41216",15,14
2012,"41217",32,22
2012,"41218",119,137
2012,"41219",95,77
2012,"41220",49,67
2012,"41221",32,33
2012,"41222",10,32
2012,"41223",25,43
2012,"41224",72,60
2012,"41225",753,757
2012,"41226",20,16
2012,"41227",27,32
2012,"41228",93,103
2012,"41229",70,37
2012,"41230",41,32
2012,"41231",87,83
2012,"41232",68,55
2012,"41233",57,75
2012,"41234",55,62
2012,"41235",23,17
2012,"41236",14,16
2012,"41304",55,80
2012,"41305",30,17
2012,"41306",15,17
2012,"41307",13,30
2012,"41309",128,92
2012,"41311",8,10
2012,"41312",50,21
2012,"41313",28,41
2012,"41314",29,34
2012,"41315",43,42
2012,"41316",51,38
2012,"41317",14,35
2012,"41318",70,66
2012,"41319",16,20
2012,"41320",23,21
2012,"41321",73,71
2012,"41322",18,27
2012,"41323",29,55
2012,"41324",22,45
2012,"41325",49,49
2012,"41326",32,61
2012,"41327",34,64
2012,"41328",34,48
2012,"41329",23,38
2012,"41331",33,26
2012,"41332",85,140
2012,"41333",14,18
2012,"41334",40,46
2012,"41336",35,32
2012,"41337",42,31
2012,"41338",52,54
2012,"41341",18,23
2012,"41342",69,109
2012,"41343",83,115
2012,"41344",234,248
2012,"41345",35,49
2012,"41346",23,42
2012,"41401",20,18
2012,"41402",206,174
2012,"41403",83,95
2012,"41404",59,72
2012,"41405",36,25
2012,"41406",47,30
2012,"41407",43,36
2012,"41408",39,65
2012,"41409",94,89
2012,"41410",23,31
2012,"41411",42,50
2012,"41412",4,19
2012,"41413",69,76
2012,"41414",75,100
2012,"41415",33,55
2012,"41416",77,66
2012,"41417",37,39
2012,"41418",143,157
2012,"41419",78,76
2012,"41420",30,53
2012,"41421",38,40
2012,"41422",268,268
2012,"41423",68,71
2012,"41424",21,29
2012,"41425",185,114
2012,"41426",71,93
2012,"41427",26,53
2012,"41428",20,31
2012,"41429",33,51
2012,"41430",68,55
2012,"41501",74,75
2012,"41502",52,108
2012,"41503",305,253
2012,"41504",135,111
2012,"41505",56,49
2012,"41506",342,366
2012,"41507",68,55
2012,"41508",27,35
2012,"41509",69,77
2012,"41510",27,53
2012,"41511",127,116
2012,"41512",65,98
2012,"41513",54,63
2012,"41514",127,130
2012,"41515",37,45
2012,"41516",414,404
2012,"41517",97,102
2012,"41518",77,91
2012,"41521",111,135
2012,"41522",117,113
2012,"41601",120,120
2012,"41602",141,166
2012,"41603",125,143
2012,"41604",101,81
2012,"41605",387,379
2012,"41606",197,145
2012,"41607",356,347
2012,"41608",36,53
2012,"41609",263,145
2012,"41610",32,28
2012,"41611",92,94
2012,"41612",75,69
2012,"41613",91,92
2012,"41614",109,96
2012,"41615",99,116
2012,"41616",17,21
2012,"41617",167,224
2012,"41618",225,234
2012,"41619",63,56
2012,"41620",52,64
2012,"41621",45,46
2012,"41622",48,40
2012,"41623",45,26
2012,"41624",238,250
2012,"41626",213,175
2012,"41627",51,72
2012,"41628",81,67
2012,"41701",153,185
2012,"41702",77,71
2012,"41703",510,577
2012,"41704",37,53
2012,"41705",74,77
2012,"41706",33,54
2012,"41707",80,69
2012,"41708",41,30
2012,"41709",129,133
2012,"41710",175,187
2012,"41711",96,96
2012,"41712",37,38
2012,"41713",289,277
2012,"41714",34,37
2012,"41715",251,214
2012,"41716",106,102
2012,"41717",20,25
2012,"41718",55,59
2012,"41719",57,49
2012,"41720",61,61
2012,"41721",32,39
2012,"41722",150,154
2012,"41723",79,36
2012,"41724",19,19
2012,"41725",12,15
2012,"41726",80,97
2012,"41727",42,38
2012,"41728",13,18
2012,"41729",13,9
2012,"41730",58,77
2012,"41731",420,335
2012,"41732",105,91
2012,"41733",11,13
2012,"41734",287,1641
2012,"41735",121,132
2012,"41736",57,68
2012,"41737",204,197
2012,"41738",251,323
2012,"41739",243,257
2012,"41740",28,39
2012,"41741",69,61
2012,"41742",153,179
2012,"41743",408,482
2012,"41744",45,52
2012,"41745",46,48
2012,"41746",800,767
2012,"41747",170,175
2012,"41748",25,30
2012,"41749",70,40
2012,"41750",88,115
2012,"41751",70,93
2012,"41752",58,54
2012,"41801",24,24
2012,"41802",67,35
2012,"41803",78,122
2012,"41804",158,193
2012,"41805",95,75
2012,"41806",87,98
2012,"41807",46,47
2012,"41808",239,224
2012,"41809",41,39
2012,"41810",119,126
2012,"41811",259,284
2012,"41812",654,559
2012,"41813",31,32
2012,"41814",68,95
2012,"41815",43,41
2012,"41816",133,146
2012,"41817",122,121
2012,"41818",71,72
2012,"41819",119,72
2012,"41820",259,304
2012,"41821",77,92
2012,"41822",93,80
2012,"41823",307,316
2012,"41824",176,170
2012,"50101",4942,5097
2012,"50201",97,134
2012,"50202",109,146
2012,"50203",35,56
2012,"50204",174,174
2012,"50205",925,911
2012,"50206",28,9
2012,"50207",333,225
2012,"50208",235,210
2012,"50209",224,279
2012,"50210",20,31
2012,"50211",53,36
2012,"50212",61,50
2012,"50213",100,115
2012,"50301",210,249
2012,"50302",148,124
2012,"50303",304,306
2012,"50304",69,58
2012,"50305",192,185
2012,"50306",63,49
2012,"50307",43,67
2012,"50308",168,151
2012,"50309",330,327
2012,"50310",325,317
2012,"50311",109,124
2012,"50312",68,113
2012,"50313",34,30
2012,"50314",317,362
2012,"50315",170,115
2012,"50316",239,190
2012,"50317",193,199
2012,"50318",10,13
2012,"50319",178,159
2012,"50320",105,91
2012,"50321",128,170
2012,"50322",174,164
2012,"50323",93,131
2012,"50324",315,327
2012,"50325",78,89
2012,"50326",246,262
2012,"50327",153,175
2012,"50328",52,69
2012,"50329",115,109
2012,"50330",164,161
2012,"50331",24,51
2012,"50332",71,59
2012,"50335",283,313
2012,"50336",111,130
2012,"50337",210,144
2012,"50338",617,485
2012,"50339",555,429
2012,"50401",203,172
2012,"50402",200,251
2012,"50403",178,256
2012,"50404",365,371
2012,"50405",54,44
2012,"50406",127,97
2012,"50407",18,53
2012,"50408",59,76
2012,"50409",3,11
2012,"50410",85,73
2012,"50411",43,87
2012,"50412",91,51
2012,"50413",18,27
2012,"50414",19,21
2012,"50415",43,78
2012,"50416",68,74
2012,"50417",139,239
2012,"50418",441,457
2012,"50419",49,91
2012,"50420",137,117
2012,"50421",131,151
2012,"50422",26,30
2012,"50423",85,101
2012,"50424",126,121
2012,"50425",34,50
2012,"50501",2,7
2012,"50502",8,10
2012,"50503",75,79
2012,"50504",58,74
2012,"50505",16,19
2012,"50506",41,47
2012,"50507",31,36
2012,"50508",31,37
2012,"50509",125,155
2012,"50510",184,177
2012,"50511",3,10
2012,"50512",18,39
2012,"50513",22,37
2012,"50514",5,15
2012,"50515",21,28
2012,"50601",80,87
2012,"50602",237,206
2012,"50603",8,14
2012,"50604",25,29
2012,"50605",47,39
2012,"50606",125,140
2012,"50607",14,18
2012,"50608",36,49
2012,"50609",109,106
2012,"50610",70,55
2012,"50611",136,138
2012,"50612",63,78
2012,"50613",252,257
2012,"50614",57,64
2012,"50615",85,66
2012,"50616",129,148
2012,"50617",47,77
2012,"50618",78,116
2012,"50619",492,490
2012,"50620",52,51
2012,"50621",57,55
2012,"50622",106,148
2012,"50623",28,47
2012,"50624",63,90
2012,"50625",18,27
2012,"50626",19,48
2012,"50627",12,22
2012,"50628",417,489
2012,"60101",12229,10987
2012,"60305",157,179
2012,"60318",176,158
2012,"60323",97,109
2012,"60324",126,123
2012,"60326",79,58
2012,"60329",57,73
2012,"60341",106,85
2012,"60344",538,546
2012,"60345",227,220
2012,"60346",160,224
2012,"60347",146,168
2012,"60348",134,191
2012,"60349",188,232
2012,"60350",328,336
2012,"60351",246,207
2012,"60608",521,465
2012,"60611",242,211
2012,"60613",456,453
2012,"60617",243,220
2012,"60618",70,70
2012,"60619",241,171
2012,"60623",190,118
2012,"60624",523,392
2012,"60626",150,106
2012,"60628",146,193
2012,"60629",314,237
2012,"60632",173,168
2012,"60639",72,69
2012,"60641",87,77
2012,"60642",105,87
2012,"60645",162,149
2012,"60646",174,145
2012,"60647",15,24
2012,"60648",133,125
2012,"60651",140,87
2012,"60653",173,221
2012,"60654",123,137
2012,"60655",159,162
2012,"60656",79,78
2012,"60659",249,267
2012,"60660",172,190
2012,"60661",266,274
2012,"60662",300,196
2012,"60663",185,197
2012,"60664",585,590
2012,"60665",284,286
2012,"60666",167,105
2012,"60667",234,230
2012,"60668",131,156
2012,"60669",738,728
2012,"60670",476,307
2012,"61001",72,72
2012,"61002",78,104
2012,"61007",44,55
2012,"61008",94,65
2012,"61012",223,151
2012,"61013",126,108
2012,"61016",94,70
2012,"61017",84,81
2012,"61019",64,55
2012,"61020",79,75
2012,"61021",161,114
2012,"61024",83,109
2012,"61027",73,85
2012,"61030",88,84
2012,"61032",58,57
2012,"61033",112,85
2012,"61043",201,159
2012,"61045",384,363
2012,"61049",137,181
2012,"61050",175,141
2012,"61051",109,117
2012,"61052",161,121
2012,"61053",756,751
2012,"61054",120,122
2012,"61055",58,75
2012,"61057",46,64
2012,"61059",297,275
2012,"61060",130,111
2012,"61061",311,312
2012,"61101",95,186
2012,"61105",43,50
2012,"61106",69,61
2012,"61107",40,47
2012,"61108",1190,1279
2012,"61109",66,57
2012,"61110",159,132
2012,"61111",57,65
2012,"61112",7,23
2012,"61113",154,169
2012,"61114",125,92
2012,"61115",72,76
2012,"61116",47,54
2012,"61118",65,50
2012,"61119",22,35
2012,"61120",373,402
2012,"61203",112,126
2012,"61204",79,74
2012,"61205",29,42
2012,"61206",67,39
2012,"61207",187,201
2012,"61213",102,143
2012,"61215",35,44
2012,"61217",81,86
2012,"61222",97,85
2012,"61236",56,77
2012,"61243",73,100
2012,"61247",142,159
2012,"61251",17,19
2012,"61252",59,46
2012,"61253",150,171
2012,"61254",36,40
2012,"61255",127,140
2012,"61256",53,48
2012,"61257",172,173
2012,"61258",66,88
2012,"61259",336,372
2012,"61260",45,40
2012,"61261",79,88
2012,"61262",89,98
2012,"61263",201,251
2012,"61264",50,66
2012,"61265",205,250
2012,"61266",37,43
2012,"61267",177,171
2012,"61410",16,24
2012,"61413",35,26
2012,"61425",68,64
2012,"61428",20,36
2012,"61437",20,38
2012,"61438",161,142
2012,"61439",138,178
2012,"61440",64,89
2012,"61441",21,32
2012,"61442",38,69
2012,"61443",50,74
2012,"61444",85,85
2012,"61445",65,104
2012,"61446",57,98
2012,"61611",109,86
2012,"61612",90,131
2012,"61615",130,110
2012,"61618",114,112
2012,"61621",17,26
2012,"61624",116,125
2012,"61625",523,515
2012,"61626",274,246
2012,"61627",64,78
2012,"61628",39,61
2012,"61629",24,28
2012,"61630",67,60
2012,"61631",498,534
2012,"61632",151,167
2012,"61633",180,166
2012,"61701",68,68
2012,"61708",26,55
2012,"61710",45,42
2012,"61711",10,13
2012,"61716",132,118
2012,"61719",173,147
2012,"61727",169,145
2012,"61728",11,9
2012,"61729",60,68
2012,"61730",93,60
2012,"61731",76,56
2012,"61740",61,71
2012,"61741",68,74
2012,"61743",21,11
2012,"61744",10,16
2012,"61745",15,33
2012,"61746",140,157
2012,"61748",170,169
2012,"61750",37,47
2012,"61751",105,128
2012,"61756",130,155
2012,"61757",119,147
2012,"61758",57,65
2012,"61759",55,54
2012,"61760",680,600
2012,"61761",46,79
2012,"61762",97,86
2012,"61763",89,128
2012,"61764",131,92
2012,"61765",287,200
2012,"61766",560,593
2012,"62007",344,277
2012,"62008",61,46
2012,"62010",5,21
2012,"62014",86,85
2012,"62021",11,10
2012,"62026",23,40
2012,"62032",23,56
2012,"62034",45,37
2012,"62036",44,40
2012,"62038",372,369
2012,"62039",80,62
2012,"62040",505,485
2012,"62041",619,712
2012,"62042",89,117
2012,"62043",79,117
2012,"62044",65,98
2012,"62045",88,97
2012,"62046",122,131
2012,"62047",256,266
2012,"62048",134,190
2012,"62105",44,60
2012,"62115",195,186
2012,"62116",107,153
2012,"62125",67,90
2012,"62128",193,182
2012,"62131",73,90
2012,"62132",24,55
2012,"62135",45,49
2012,"62138",84,102
2012,"62139",816,712
2012,"62140",917,1027
2012,"62141",234,238
2012,"62142",98,136
2012,"62143",342,412
2012,"62144",219,317
2012,"62145",186,257
2012,"62146",155,161
2012,"62147",98,101
2012,"62148",66,72
2012,"62202",54,71
2012,"62205",59,77
2012,"62206",74,41
2012,"62209",39,39
2012,"62211",93,76
2012,"62214",59,92
2012,"62216",40,55
2012,"62219",310,392
2012,"62220",124,97
2012,"62226",71,93
2012,"62232",47,50
2012,"62233",113,113
2012,"62235",61,80
2012,"62242",22,24
2012,"62244",147,120
2012,"62245",54,48
2012,"62247",82,90
2012,"62252",86,76
2012,"62256",105,94
2012,"62262",25,35
2012,"62264",138,151
2012,"62265",35,52
2012,"62266",68,77
2012,"62267",406,414
2012,"62268",76,129
2012,"62269",74,84
2012,"62270",75,67
2012,"62271",162,164
2012,"62272",100,135
2012,"62273",94,76
2012,"62274",99,106
2012,"62275",167,161
2012,"62276",92,76
2012,"62277",57,93
2012,"62278",102,110
2012,"62279",33,57
2012,"62311",40,71
2012,"62314",77,51
2012,"62326",45,49
2012,"62330",31,30
2012,"62332",44,40
2012,"62335",40,34
2012,"62343",34,56
2012,"62368",32,30
2012,"62372",31,47
2012,"62375",247,261
2012,"62376",162,129
2012,"62377",91,62
2012,"62378",296,248
2012,"62379",618,613
2012,"62380",160,197
2012,"62381",96,137
2012,"62382",161,156
2012,"62383",135,163
2012,"62384",109,145
2012,"62385",75,74
2012,"62386",138,206
2012,"62387",53,64
2012,"62388",72,89
2012,"62389",113,136
2012,"62390",101,190
2012,"70101",5730,4745
2012,"70201",90,113
2012,"70202",136,167
2012,"70203",443,432
2012,"70204",28,11
2012,"70205",20,33
2012,"70206",14,21
2012,"70207",41,35
2012,"70208",127,119
2012,"70209",151,146
2012,"70210",20,33
2012,"70211",88,119
2012,"70212",87,85
2012,"70213",63,54
2012,"70214",88,87
2012,"70215",81,67
2012,"70216",72,52
2012,"70217",14,32
2012,"70218",41,55
2012,"70219",94,72
2012,"70220",111,201
2012,"70221",63,68
2012,"70222",114,80
2012,"70223",76,85
2012,"70224",62,66
2012,"70301",306,293
2012,"70302",241,163
2012,"70303",94,111
2012,"70304",282,281
2012,"70305",63,62
2012,"70306",94,108
2012,"70307",42,34
2012,"70308",60,44
2012,"70309",85,99
2012,"70310",147,120
2012,"70311",34,28
2012,"70312",256,360
2012,"70313",31,46
2012,"70314",27,10
2012,"70315",37,39
2012,"70317",11,6
2012,"70318",105,59
2012,"70319",191,141
2012,"70320",109,107
2012,"70322",81,70
2012,"70323",53,51
2012,"70325",66,38
2012,"70326",101,132
2012,"70328",89,83
2012,"70329",199,186
2012,"70331",116,94
2012,"70332",89,85
2012,"70333",51,46
2012,"70334",116,155
2012,"70335",71,88
2012,"70336",11,11
2012,"70337",77,68
2012,"70338",24,67
2012,"70339",37,44
2012,"70340",87,88
2012,"70342",56,72
2012,"70343",46,37
2012,"70344",150,158
2012,"70345",89,69
2012,"70346",387,495
2012,"70347",9,7
2012,"70348",60,75
2012,"70349",15,21
2012,"70350",46,68
2012,"70351",163,159
2012,"70352",31,33
2012,"70353",92,79
2012,"70354",810,724
2012,"70355",136,162
2012,"70356",51,54
2012,"70357",593,547
2012,"70358",158,200
2012,"70359",21,46
2012,"70360",77,71
2012,"70361",18,6
2012,"70362",10,26
2012,"70364",388,368
2012,"70365",193,168
2012,"70366",40,37
2012,"70367",279,318
2012,"70368",40,44
2012,"70369",360,351
2012,"70370",82,122
2012,"70401",36,59
2012,"70402",59,94
2012,"70403",343,685
2012,"70404",62,84
2012,"70405",53,42
2012,"70406",130,161
2012,"70407",35,51
2012,"70408",25,66
2012,"70409",142,166
2012,"70410",137,226
2012,"70411",308,281
2012,"70412",133,197
2012,"70413",97,106
2012,"70414",59,75
2012,"70415",37,38
2012,"70416",398,401
2012,"70417",46,57
2012,"70418",31,34
2012,"70419",81,56
2012,"70420",96,86
2012,"70501",23,49
2012,"70502",65,57
2012,"70503",133,147
2012,"70504",40,33
2012,"70505",109,109
2012,"70506",150,142
2012,"70508",200,189
2012,"70509",90,89
2012,"70510",39,59
2012,"70511",290,288
2012,"70512",201,208
2012,"70513",846,606
2012,"70514",174,130
2012,"70515",239,171
2012,"70516",20,19
2012,"70517",157,105
2012,"70518",99,93
2012,"70519",18,14
2012,"70520",103,115
2012,"70521",46,42
2012,"70522",179,185
2012,"70523",8,9
2012,"70524",65,44
2012,"70525",94,126
2012,"70526",64,132
2012,"70527",48,97
2012,"70528",78,63
2012,"70529",36,62
2012,"70530",60,81
2012,"70531",590,570
2012,"70601",15,13
2012,"70602",2,13
2012,"70603",24,40
2012,"70604",79,128
2012,"70605",34,29
2012,"70606",12,17
2012,"70607",35,38
2012,"70608",28,45
2012,"70609",39,52
2012,"70610",11,7
2012,"70611",12,23
2012,"70612",20,18
2012,"70613",23,18
2012,"70614",401,373
2012,"70615",28,33
2012,"70616",35,45
2012,"70617",61,85
2012,"70618",31,32
2012,"70619",72,83
2012,"70620",67,81
2012,"70621",52,81
2012,"70622",59,65
2012,"70623",22,35
2012,"70624",37,42
2012,"70625",2,1
2012,"70626",17,33
2012,"70627",12,25
2012,"70628",16,8
2012,"70629",32,19
2012,"70630",147,129
2012,"70701",4,14
2012,"70702",20,27
2012,"70703",29,19
2012,"70704",18,24
2012,"70705",29,54
2012,"70706",4,24
2012,"70707",98,89
2012,"70708",46,29
2012,"70709",3,20
2012,"70710",10,15
2012,"70711",22,44
2012,"70712",24,33
2012,"70713",12,21
2012,"70714",13,13
2012,"70715",17,42
2012,"70716",506,431
2012,"70717",72,107
2012,"70718",24,32
2012,"70719",121,156
2012,"70720",38,34
2012,"70721",10,13
2012,"70723",12,26
2012,"70724",8,31
2012,"70725",2,14
2012,"70726",5,13
2012,"70727",15,13
2012,"70728",49,64
2012,"70729",25,29
2012,"70731",14,29
2012,"70732",44,68
2012,"70733",13,4
2012,"70734",46,59
2012,"70735",35,32
2012,"70801",20,35
2012,"70802",9,18
2012,"70803",21,18
2012,"70804",31,59
2012,"70805",148,129
2012,"70806",83,27
2012,"70807",35,49
2012,"70808",28,37
2012,"70809",13,10
2012,"70810",0,4
2012,"70811",30,21
2012,"70812",1,0
2012,"70813",19,18
2012,"70814",7,14
2012,"70815",1,10
2012,"70816",43,74
2012,"70817",10,21
2012,"70818",1,8
2012,"70819",5,0
2012,"70820",115,123
2012,"70821",38,51
2012,"70822",7,14
2012,"70823",0,8
2012,"70824",15,19
2012,"70825",4,6
2012,"70826",65,60
2012,"70827",10,15
2012,"70828",319,284
2012,"70829",9,15
2012,"70830",13,10
2012,"70831",14,15
2012,"70832",36,45
2012,"70833",35,39
2012,"70834",5,11
2012,"70835",41,37
2012,"70836",39,58
2012,"70837",4,6
2012,"70901",37,83
2012,"70902",55,88
2012,"70903",6,5
2012,"70904",43,23
2012,"70905",90,118
2012,"70907",115,117
2012,"70908",35,64
2012,"70909",209,200
2012,"70910",45,45
2012,"70911",35,20
2012,"70912",15,33
2012,"70913",6,17
2012,"70914",18,25
2012,"70915",67,50
2012,"70916",48,36
2012,"70917",292,286
2012,"70918",56,47
2012,"70920",124,168
2012,"70921",53,54
2012,"70922",53,62
2012,"70923",37,64
2012,"70924",13,17
2012,"70925",58,48
2012,"70926",616,571
2012,"70927",63,83
2012,"70928",97,116
2012,"70929",5,3
2012,"70930",28,52
2012,"70931",84,59
2012,"70932",16,31
2012,"70933",93,89
2012,"70934",29,75
2012,"70935",66,67
2012,"70936",218,191
2012,"70937",85,123
2012,"70938",69,57
2012,"70939",95,78
2012,"70940",113,96
2012,"70941",33,25
2012,"80101",109,122
2012,"80102",10,17
2012,"80103",802,765
2012,"80104",129,137
2012,"80105",24,33
2012,"80106",185,195
2012,"80107",27,43
2012,"80108",87,79
2012,"80109",4,18
2012,"80110",34,52
2012,"80111",55,49
2012,"80112",29,35
2012,"80113",59,99
2012,"80114",30,16
2012,"80115",200,204
2012,"80116",282,282
2012,"80117",260,299
2012,"80118",25,38
2012,"80119",42,34
2012,"80120",89,92
2012,"80121",8,5
2012,"80122",197,219
2012,"80123",13,36
2012,"80124",17,24
2012,"80125",22,25
2012,"80126",82,106
2012,"80127",32,21
2012,"80128",84,81
2012,"80129",145,139
2012,"80201",118,98
2012,"80202",66,76
2012,"80203",42,35
2012,"80204",87,102
2012,"80205",52,46
2012,"80206",27,39
2012,"80207",1477,1507
2012,"80208",22,17
2012,"80209",14,11
2012,"80210",24,42
2012,"80211",129,130
2012,"80212",17,15
2012,"80213",215,265
2012,"80214",74,64
2012,"80215",633,571
2012,"80216",71,69
2012,"80217",333,388
2012,"80218",238,300
2012,"80219",68,80
2012,"80220",107,111
2012,"80221",30,45
2012,"80222",40,44
2012,"80223",54,45
2012,"80224",517,507
2012,"80225",62,69
2012,"80226",387,271
2012,"80227",33,53
2012,"80228",45,85
2012,"80229",8,13
2012,"80230",32,29
2012,"80231",15,44
2012,"80232",9,30
2012,"80233",22,35
2012,"80234",7,9
2012,"80235",213,214
2012,"80236",76,66
2012,"80237",7,23
2012,"80238",40,53
2012,"80239",11,19
2012,"80240",397,434
2012,"80301",1950,1743
2012,"80302",814,780
2012,"80303",834,801
2012,"80401",281,337
2012,"80402",10,13
2012,"80403",8,12
2012,"80404",1447,1511
2012,"80405",317,337
2012,"80406",24,28
2012,"80407",173,119
2012,"80408",699,625
2012,"80409",202,247
2012,"80410",197,193
2012,"80411",19,20
2012,"80412",194,193
2012,"80413",106,103
2012,"80414",694,628
2012,"80415",20,27
2012,"80416",106,116
2012,"80417",92,134
2012,"80418",158,165
2012,"80419",50,29
2012,"80420",162,157
2012,"80421",21,26
2012,"80422",14,15
2012,"80423",135,139
2012,"80424",187,212
2012,"90101",1000,1254
2012,"90201",9600,10310
2012,"90301",7183,7351
2012,"90401",2883,3148
2012,"90501",5594,6060
2012,"90601",3508,3385
2012,"90701",3059,3275
2012,"90801",3058,3894
2012,"90901",4960,5030
2012,"91001",13541,12297
2012,"91101",6236,6019
2012,"91201",7981,7996
2012,"91301",3465,3229
2012,"91401",7062,6409
2012,"91501",8409,8286
2012,"91601",9096,8936
2012,"91701",5570,5518
2012,"91801",4387,4411
2012,"91901",4820,4676
2012,"92001",6853,7846
2012,"92101",9492,7992
2012,"92201",9191,6864
2012,"92301",5296,4865
2013,"10101",795,771
2013,"10201",88,56
2013,"10301",85,84
2013,"10302",75,68
2013,"10303",98,68
2013,"10304",138,115
2013,"10305",40,45
2013,"10306",33,28
2013,"10307",67,59
2013,"10308",45,48
2013,"10309",175,159
2013,"10310",25,39
2013,"10311",50,45
2013,"10312",121,73
2013,"10313",79,65
2013,"10314",45,64
2013,"10315",149,123
2013,"10316",136,107
2013,"10317",89,58
2013,"10318",100,58
2013,"10319",68,60
2013,"10320",25,17
2013,"10321",31,25
2013,"10322",43,36
2013,"10323",45,36
2013,"10401",31,30
2013,"10402",43,49
2013,"10403",27,37
2013,"10404",31,38
2013,"10405",177,198
2013,"10406",30,29
2013,"10407",39,17
2013,"10408",74,65
2013,"10409",20,36
2013,"10410",26,16
2013,"10411",62,45
2013,"10412",27,31
2013,"10413",35,26
2013,"10414",135,136
2013,"10415",68,138
2013,"10416",43,44
2013,"10417",82,128
2013,"10418",17,11
2013,"10419",25,36
2013,"10420",3,8
2013,"10421",31,24
2013,"10422",6,8
2013,"10423",2,3
2013,"10424",2,7
2013,"10425",7,7
2013,"10426",5,20
2013,"10427",14,27
2013,"10428",16,14
2013,"10501",64,56
2013,"10502",32,38
2013,"10503",37,43
2013,"10504",140,144
2013,"10505",40,29
2013,"10506",48,60
2013,"10507",40,39
2013,"10508",101,100
2013,"10509",61,76
2013,"10510",29,14
2013,"10511",30,34
2013,"10512",12,9
2013,"10601",60,47
2013,"10602",116,126
2013,"10603",42,58
2013,"10604",40,52
2013,"10605",69,46
2013,"10606",307,329
2013,"10607",264,215
2013,"10608",28,15
2013,"10609",115,112
2013,"10610",66,102
2013,"10611",120,133
2013,"10612",79,77
2013,"10613",21,55
2013,"10614",38,30
2013,"10615",85,116
2013,"10616",37,47
2013,"10617",31,53
2013,"10618",31,44
2013,"10619",27,24
2013,"10701",64,37
2013,"10702",52,43
2013,"10703",164,159
2013,"10704",20,31
2013,"10705",115,80
2013,"10706",31,31
2013,"10707",126,109
2013,"10708",28,33
2013,"10709",46,64
2013,"10710",61,36
2013,"10711",122,72
2013,"10712",74,94
2013,"10713",404,322
2013,"10714",57,39
2013,"10715",42,36
2013,"10716",43,39
2013,"10717",237,198
2013,"10718",49,51
2013,"10719",25,26
2013,"10720",27,36
2013,"10721",41,41
2013,"10722",102,87
2013,"10723",65,43
2013,"10724",70,75
2013,"10725",18,19
2013,"10726",41,30
2013,"10727",10,17
2013,"10801",103,78
2013,"10802",55,36
2013,"10803",29,48
2013,"10804",45,43
2013,"10805",55,70
2013,"10806",30,23
2013,"10807",59,53
2013,"10808",57,60
2013,"10809",72,58
2013,"10810",28,25
2013,"10811",84,87
2013,"10812",38,37
2013,"10813",25,53
2013,"10814",51,42
2013,"10815",42,29
2013,"10816",237,185
2013,"10817",52,38
2013,"10818",23,24
2013,"10819",43,20
2013,"10820",26,32
2013,"10821",44,44
2013,"10822",55,69
2013,"10823",57,69
2013,"10824",23,9
2013,"10825",25,51
2013,"10826",16,12
2013,"10827",13,14
2013,"10828",21,12
2013,"10901",97,55
2013,"10902",96,86
2013,"10903",34,41
2013,"10904",44,34
2013,"10905",163,135
2013,"10906",33,26
2013,"10907",73,83
2013,"10908",59,72
2013,"10909",50,54
2013,"10910",25,23
2013,"10911",34,39
2013,"10912",63,73
2013,"10913",22,37
2013,"10914",53,56
2013,"10915",23,38
2013,"10916",125,142
2013,"10917",464,487
2013,"10918",323,265
2013,"10919",168,126
2013,"10920",69,77
2013,"10921",59,69
2013,"10922",17,20
2013,"10923",78,64
2013,"10924",19,17
2013,"10925",21,44
2013,"10926",42,38
2013,"10927",33,33
2013,"10928",84,83
2013,"10929",22,30
2013,"10930",26,18
2013,"10931",5,4
2013,"10932",17,16
2013,"20101",4133,3617
2013,"20201",2138,2086
2013,"20302",15,31
2013,"20305",165,223
2013,"20306",93,167
2013,"20307",114,90
2013,"20316",80,45
2013,"20320",16,38
2013,"20321",20,42
2013,"20402",399,432
2013,"20403",102,90
2013,"20405",222,271
2013,"20409",114,125
2013,"20412",116,122
2013,"20414",139,132
2013,"20415",232,279
2013,"20416",56,55
2013,"20417",134,99
2013,"20418",182,188
2013,"20419",92,79
2013,"20421",301,245
2013,"20424",161,147
2013,"20425",134,146
2013,"20428",46,55
2013,"20432",104,136
2013,"20435",66,90
2013,"20441",24,15
2013,"20442",115,127
2013,"20501",221,199
2013,"20502",95,126
2013,"20503",41,28
2013,"20504",53,87
2013,"20505",159,162
2013,"20506",32,44
2013,"20508",56,43
2013,"20509",54,69
2013,"20511",46,52
2013,"20512",100,96
2013,"20513",86,70
2013,"20515",161,167
2013,"20518",32,57
2013,"20519",38,44
2013,"20520",53,60
2013,"20523",130,157
2013,"20527",570,625
2013,"20530",114,120
2013,"20531",75,78
2013,"20534",127,153
2013,"20601",59,78
2013,"20602",71,73
2013,"20603",42,54
2013,"20604",40,41
2013,"20605",27,34
2013,"20607",31,54
2013,"20608",109,87
2013,"20609",31,69
2013,"20610",9,27
2013,"20611",38,69
2013,"20613",22,32
2013,"20616",32,67
2013,"20618",18,25
2013,"20619",61,71
2013,"20620",136,160
2013,"20622",17,21
2013,"20624",72,41
2013,"20625",9,48
2013,"20627",71,70
2013,"20630",157,267
2013,"20631",33,51
2013,"20632",28,54
2013,"20633",53,53
2013,"20634",350,304
2013,"20635",644,624
2013,"20636",29,33
2013,"20637",67,70
2013,"20638",42,43
2013,"20639",17,23
2013,"20640",60,57
2013,"20642",16,68
2013,"20643",101,113
2013,"20644",58,91
2013,"20701",76,64
2013,"20702",242,295
2013,"20703",41,48
2013,"20705",73,114
2013,"20707",23,29
2013,"20708",29,39
2013,"20710",86,102
2013,"20711",486,422
2013,"20712",34,49
2013,"20713",41,37
2013,"20719",72,89
2013,"20720",210,236
2013,"20721",68,76
2013,"20722",158,192
2013,"20723",75,80
2013,"20724",237,219
2013,"20725",356,358
2013,"20726",119,120
2013,"20727",302,246
2013,"20801",172,206
2013,"20802",27,25
2013,"20803",282,300
2013,"20804",63,90
2013,"20805",99,93
2013,"20806",72,88
2013,"20807",74,71
2013,"20808",134,132
2013,"20810",24,43
2013,"20812",50,66
2013,"20813",251,390
2013,"20815",84,103
2013,"20817",372,396
2013,"20901",106,136
2013,"20905",188,223
2013,"20909",61,71
2013,"20911",10,19
2013,"20912",32,56
2013,"20913",367,481
2013,"20914",73,96
2013,"20918",98,140
2013,"20923",756,714
2013,"21001",34,51
2013,"21002",495,567
2013,"21003",107,100
2013,"21004",26,41
2013,"21005",84,99
2013,"21006",27,55
2013,"21007",39,54
2013,"21008",66,127
2013,"21009",211,186
2013,"21010",71,85
2013,"30101",1509,1274
2013,"30201",2205,2028
2013,"30301",318,434
2013,"30401",2476,2153
2013,"30501",54,51
2013,"30502",970,924
2013,"30503",122,117
2013,"30504",121,148
2013,"30506",130,162
2013,"30507",63,55
2013,"30508",191,184
2013,"30509",84,108
2013,"30510",25,39
2013,"30511",72,86
2013,"30512",35,30
2013,"30514",193,197
2013,"30515",116,122
2013,"30516",51,41
2013,"30517",152,189
2013,"30520",91,104
2013,"30521",55,53
2013,"30522",105,93
2013,"30524",20,107
2013,"30526",6,21
2013,"30527",104,139
2013,"30529",98,125
2013,"30530",159,176
2013,"30531",368,385
2013,"30532",91,105
2013,"30533",165,144
2013,"30534",70,60
2013,"30536",88,50
2013,"30538",91,58
2013,"30539",75,74
2013,"30541",65,63
2013,"30542",70,47
2013,"30543",54,87
2013,"30544",74,61
2013,"30601",128,107
2013,"30602",122,252
2013,"30603",669,569
2013,"30604",1260,1270
2013,"30605",418,435
2013,"30607",590,495
2013,"30608",181,168
2013,"30609",23,24
2013,"30612",98,115
2013,"30613",52,86
2013,"30614",38,31
2013,"30615",294,238
2013,"30616",85,75
2013,"30618",364,365
2013,"30620",358,283
2013,"30621",184,115
2013,"30623",221,210
2013,"30625",154,141
2013,"30626",345,242
2013,"30627",138,190
2013,"30629",93,57
2013,"30631",95,97
2013,"30633",48,43
2013,"30635",49,63
2013,"30636",93,49
2013,"30637",76,79
2013,"30639",854,1596
2013,"30641",171,151
2013,"30645",77,77
2013,"30646",146,133
2013,"30701",39,44
2013,"30702",101,56
2013,"30703",29,34
2013,"30704",352,352
2013,"30706",185,140
2013,"30708",44,48
2013,"30709",92,94
2013,"30710",206,215
2013,"30711",86,71
2013,"30712",28,39
2013,"30713",50,24
2013,"30715",16,26
2013,"30716",160,147
2013,"30718",49,66
2013,"30719",36,56
2013,"30721",94,54
2013,"30722",58,41
2013,"30724",56,76
2013,"30726",118,82
2013,"30728",29,32
2013,"30729",183,190
2013,"30730",444,227
2013,"30731",113,123
2013,"30732",340,260
2013,"30733",110,56
2013,"30734",57,92
2013,"30735",321,214
2013,"30736",128,119
2013,"30737",100,103
2013,"30738",28,18
2013,"30739",141,121
2013,"30740",801,708
2013,"30741",64,74
2013,"30801",8,6
2013,"30802",8,11
2013,"30803",219,173
2013,"30804",67,44
2013,"30805",72,86
2013,"30808",407,376
2013,"30810",41,46
2013,"30811",128,121
2013,"30812",25,10
2013,"30813",72,49
2013,"30814",69,69
2013,"30817",769,571
2013,"30819",18,6
2013,"30821",535,425
2013,"30822",2,8
2013,"30824",34,53
2013,"30825",38,31
2013,"30826",39,43
2013,"30827",173,107
2013,"30828",36,31
2013,"30829",55,38
2013,"30830",122,107
2013,"30831",169,140
2013,"30834",28,24
2013,"30835",143,153
2013,"30836",33,40
2013,"30838",110,88
2013,"30841",48,62
2013,"30842",70,84
2013,"30844",86,78
2013,"30845",58,51
2013,"30846",1,4
2013,"30848",51,66
2013,"30849",30,44
2013,"30850",66,61
2013,"30852",81,93
2013,"30854",47,44
2013,"30856",546,357
2013,"30857",44,33
2013,"30858",112,49
2013,"30859",21,27
2013,"30860",128,116
2013,"30863",227,202
2013,"30865",55,34
2013,"30902",32,25
2013,"30903",53,63
2013,"30904",30,26
2013,"30906",27,15
2013,"30908",258,263
2013,"30909",73,69
2013,"30910",50,53
2013,"30912",25,30
2013,"30913",19,16
2013,"30915",6,15
2013,"30916",128,180
2013,"30917",13,10
2013,"30920",56,81
2013,"30921",48,60
2013,"30925",111,70
2013,"30929",13,12
2013,"30932",30,52
2013,"30935",204,159
2013,"30939",27,34
2013,"30940",37,44
2013,"30942",94,70
2013,"31001",43,44
2013,"31008",97,85
2013,"31009",103,43
2013,"31014",31,42
2013,"31015",70,55
2013,"31016",31,39
2013,"31018",66,84
2013,"31019",47,43
2013,"31021",28,37
2013,"31022",602,570
2013,"31025",27,18
2013,"31026",63,59
2013,"31028",37,27
2013,"31033",43,36
2013,"31035",40,37
2013,"31036",65,78
2013,"31037",205,131
2013,"31038",27,43
2013,"31041",25,22
2013,"31042",41,48
2013,"31043",53,76
2013,"31051",70,86
2013,"31052",102,101
2013,"31053",115,125
2013,"31101",34,39
2013,"31102",32,22
2013,"31103",47,56
2013,"31104",49,42
2013,"31105",170,158
2013,"31106",178,163
2013,"31107",31,43
2013,"31109",285,282
2013,"31110",49,37
2013,"31111",16,21
2013,"31113",19,27
2013,"31114",26,40
2013,"31117",32,14
2013,"31119",10,32
2013,"31120",45,26
2013,"31121",43,38
2013,"31123",48,36
2013,"31124",81,70
2013,"31129",50,46
2013,"31130",28,20
2013,"31201",232,202
2013,"31202",49,46
2013,"31203",107,111
2013,"31204",46,54
2013,"31205",81,82
2013,"31206",97,90
2013,"31207",134,147
2013,"31208",106,124
2013,"31213",781,628
2013,"31214",316,345
2013,"31215",46,39
2013,"31216",196,196
2013,"31224",44,35
2013,"31226",115,102
2013,"31227",93,88
2013,"31228",40,30
2013,"31229",74,59
2013,"31230",847,567
2013,"31234",54,55
2013,"31235",500,411
2013,"31301",15,22
2013,"31302",25,17
2013,"31303",37,51
2013,"31304",37,25
2013,"31308",100,110
2013,"31309",169,103
2013,"31310",51,60
2013,"31311",119,112
2013,"31315",116,86
2013,"31319",36,64
2013,"31321",27,22
2013,"31322",267,269
2013,"31323",52,64
2013,"31324",56,58
2013,"31326",27,33
2013,"31327",207,156
2013,"31330",29,57
2013,"31333",68,92
2013,"31336",35,40
2013,"31337",98,96
2013,"31338",25,32
2013,"31340",30,32
2013,"31343",127,104
2013,"31344",27,77
2013,"31346",66,63
2013,"31347",40,25
2013,"31350",13,27
2013,"31351",29,58
2013,"31355",71,93
2013,"31356",38,33
2013,"31401",43,63
2013,"31402",65,73
2013,"31403",218,216
2013,"31404",49,66
2013,"31405",37,32
2013,"31406",38,44
2013,"31407",208,201
2013,"31408",36,75
2013,"31409",27,60
2013,"31410",35,62
2013,"31411",65,102
2013,"31412",182,167
2013,"31413",155,199
2013,"31414",68,52
2013,"31502",27,26
2013,"31503",62,70
2013,"31504",38,65
2013,"31505",131,128
2013,"31506",10,16
2013,"31507",104,74
2013,"31508",52,61
2013,"31509",66,107
2013,"31511",49,59
2013,"31513",63,43
2013,"31514",76,90
2013,"31515",34,30
2013,"31516",30,49
2013,"31517",70,59
2013,"31519",54,61
2013,"31520",194,187
2013,"31521",135,118
2013,"31522",70,52
2013,"31523",38,27
2013,"31524",340,307
2013,"31525",46,63
2013,"31527",118,88
2013,"31528",20,14
2013,"31530",74,97
2013,"31531",52,65
2013,"31533",224,209
2013,"31534",46,77
2013,"31535",19,35
2013,"31537",95,88
2013,"31539",87,118
2013,"31540",58,64
2013,"31541",15,18
2013,"31542",40,48
2013,"31543",32,17
2013,"31546",40,43
2013,"31549",274,255
2013,"31550",45,52
2013,"31551",42,66
2013,"31552",42,47
2013,"31553",60,68
2013,"31601",33,26
2013,"31603",67,71
2013,"31604",71,71
2013,"31605",31,39
2013,"31606",37,36
2013,"31608",9,12
2013,"31609",14,24
2013,"31611",26,35
2013,"31612",154,140
2013,"31613",28,24
2013,"31614",82,77
2013,"31615",43,68
2013,"31616",36,29
2013,"31617",67,41
2013,"31620",46,54
2013,"31621",41,28
2013,"31622",60,50
2013,"31627",36,51
2013,"31628",55,65
2013,"31629",260,189
2013,"31630",82,86
2013,"31633",618,451
2013,"31634",57,55
2013,"31636",38,31
2013,"31642",36,43
2013,"31644",239,213
2013,"31645",48,58
2013,"31646",20,25
2013,"31649",54,55
2013,"31650",46,43
2013,"31651",126,127
2013,"31652",8,26
2013,"31653",36,50
2013,"31654",94,95
2013,"31655",343,262
2013,"31658",4,11
2013,"31701",100,59
2013,"31702",162,148
2013,"31703",286,234
2013,"31704",674,630
2013,"31706",63,62
2013,"31707",113,85
2013,"31709",234,162
2013,"31710",422,382
2013,"31711",55,51
2013,"31712",231,258
2013,"31713",155,180
2013,"31714",42,38
2013,"31715",195,148
2013,"31716",507,485
2013,"31717",1227,1284
2013,"31718",141,83
2013,"31719",723,633
2013,"31723",417,340
2013,"31725",447,402
2013,"31726",121,91
2013,"31801",24,24
2013,"31802",89,101
2013,"31803",68,71
2013,"31804",64,80
2013,"31805",23,31
2013,"31806",19,16
2013,"31807",39,34
2013,"31808",78,84
2013,"31809",34,56
2013,"31810",364,284
2013,"31811",164,179
2013,"31812",84,93
2013,"31813",164,123
2013,"31814",102,137
2013,"31815",32,38
2013,"31817",56,95
2013,"31818",762,665
2013,"31820",18,23
2013,"31821",121,137
2013,"31823",197,138
2013,"31825",10,16
2013,"31826",91,73
2013,"31827",14,16
2013,"31829",155,274
2013,"31830",21,13
2013,"31831",98,91
2013,"31832",76,63
2013,"31833",31,48
2013,"31834",15,21
2013,"31835",154,118
2013,"31836",14,36
2013,"31837",61,74
2013,"31838",43,43
2013,"31839",699,614
2013,"31840",50,43
2013,"31841",11,14
2013,"31842",6,12
2013,"31843",47,60
2013,"31844",57,56
2013,"31845",45,42
2013,"31846",116,135
2013,"31847",52,57
2013,"31848",21,48
2013,"31849",35,41
2013,"31901",178,147
2013,"31902",97,86
2013,"31903",140,198
2013,"31904",40,59
2013,"31905",221,178
2013,"31906",40,87
2013,"31907",25,31
2013,"31909",95,107
2013,"31910",88,60
2013,"31911",97,71
2013,"31912",324,286
2013,"31913",83,83
2013,"31915",79,77
2013,"31916",79,59
2013,"31917",62,48
2013,"31918",90,97
2013,"31919",139,93
2013,"31920",22,26
2013,"31921",169,121
2013,"31922",118,89
2013,"31923",50,37
2013,"31925",44,41
2013,"31926",381,293
2013,"31927",82,131
2013,"31928",59,62
2013,"31929",171,157
2013,"31930",91,85
2013,"31932",101,128
2013,"31934",173,138
2013,"31935",117,83
2013,"31938",64,26
2013,"31939",3,9
2013,"31940",90,96
2013,"31941",46,74
2013,"31943",265,247
2013,"31945",52,64
2013,"31946",49,31
2013,"31947",302,280
2013,"31948",120,138
2013,"31949",331,248
2013,"31950",178,176
2013,"31951",449,427
2013,"31952",492,477
2013,"31953",169,176
2013,"31954",93,52
2013,"32001",109,107
2013,"32002",46,40
2013,"32003",60,73
2013,"32004",66,63
2013,"32005",34,50
2013,"32006",83,78
2013,"32007",26,73
2013,"32008",124,134
2013,"32009",60,44
2013,"32010",27,29
2013,"32011",38,59
2013,"32012",32,26
2013,"32013",146,127
2013,"32014",59,67
2013,"32015",38,43
2013,"32016",210,198
2013,"32017",115,129
2013,"32018",48,39
2013,"32101",104,61
2013,"32104",121,95
2013,"32106",120,84
2013,"32107",186,121
2013,"32109",24,17
2013,"32110",100,115
2013,"32112",86,109
2013,"32114",146,150
2013,"32115",57,47
2013,"32116",110,98
2013,"32119",98,103
2013,"32120",133,107
2013,"32131",351,339
2013,"32132",94,97
2013,"32134",122,124
2013,"32135",757,632
2013,"32139",65,57
2013,"32140",92,118
2013,"32141",159,127
2013,"32142",416,375
2013,"32143",77,52
2013,"32144",1167,901
2013,"32202",53,52
2013,"32203",51,54
2013,"32206",32,65
2013,"32207",109,117
2013,"32209",59,80
2013,"32210",47,45
2013,"32212",19,32
2013,"32214",26,34
2013,"32216",92,65
2013,"32217",43,51
2013,"32219",87,87
2013,"32220",260,255
2013,"32221",49,27
2013,"32222",22,21
2013,"32223",38,43
2013,"32301",147,132
2013,"32302",38,15
2013,"32304",191,175
2013,"32305",314,269
2013,"32306",203,143
2013,"32307",260,190
2013,"32308",85,80
2013,"32309",20,37
2013,"32310",51,48
2013,"32311",47,52
2013,"32312",19,32
2013,"32313",160,126
2013,"32314",78,70
2013,"32315",82,73
2013,"32316",189,203
2013,"32317",25,35
2013,"32318",78,114
2013,"32319",181,153
2013,"32320",137,82
2013,"32321",22,28
2013,"32322",12,19
2013,"32323",144,140
2013,"32324",19,18
2013,"32325",42,71
2013,"32326",25,31
2013,"32327",215,229
2013,"32330",227,186
2013,"32331",59,77
2013,"32332",89,124
2013,"32333",44,39
2013,"32334",33,35
2013,"32335",30,37
2013,"32336",101,145
2013,"32337",228,288
2013,"32338",79,91
2013,"32501",85,88
2013,"32502",31,31
2013,"32503",8,13
2013,"32504",63,46
2013,"32505",79,92
2013,"32506",38,30
2013,"32508",84,117
2013,"32509",22,31
2013,"32511",7,20
2013,"32514",19,19
2013,"32515",38,44
2013,"32516",33,42
2013,"32517",21,22
2013,"32518",41,43
2013,"32519",16,24
2013,"32520",24,46
2013,"32521",49,63
2013,"32522",30,39
2013,"32523",10,22
2013,"32524",60,66
2013,"32525",52,57
2013,"32528",12,23
2013,"32529",26,31
2013,"32530",303,257
2013,"40101",8486,8178
2013,"40201",1438,1656
2013,"40301",2517,2691
2013,"40401",179,180
2013,"40402",79,82
2013,"40403",31,30
2013,"40404",627,650
2013,"40405",134,118
2013,"40406",86,116
2013,"40407",67,54
2013,"40408",26,60
2013,"40409",43,66
2013,"40410",34,43
2013,"40411",19,25
2013,"40412",48,43
2013,"40413",153,205
2013,"40414",54,69
2013,"40415",71,54
2013,"40416",30,38
2013,"40417",48,49
2013,"40418",206,182
2013,"40419",94,82
2013,"40420",74,38
2013,"40421",442,383
2013,"40422",187,178
2013,"40423",34,43
2013,"40424",51,35
2013,"40425",60,64
2013,"40426",168,148
2013,"40427",58,70
2013,"40428",129,111
2013,"40429",34,31
2013,"40430",53,38
2013,"40431",44,67
2013,"40432",61,61
2013,"40433",31,39
2013,"40434",24,40
2013,"40435",20,15
2013,"40436",43,70
2013,"40437",137,128
2013,"40438",89,124
2013,"40439",10,14
2013,"40440",13,13
2013,"40441",206,184
2013,"40442",26,27
2013,"40443",40,50
2013,"40444",26,26
2013,"40445",13,18
2013,"40446",46,59
2013,"40501",314,183
2013,"40502",112,126
2013,"40503",260,223
2013,"40504",124,97
2013,"40505",41,33
2013,"40506",144,179
2013,"40507",91,118
2013,"40508",83,108
2013,"40509",100,100
2013,"40510",74,80
2013,"40511",122,110
2013,"40512",53,47
2013,"40601",344,341
2013,"40602",56,66
2013,"40603",57,95
2013,"40604",145,157
2013,"40605",32,20
2013,"40606",17,17
2013,"40607",72,82
2013,"40608",33,73
2013,"40609",84,91
2013,"40610",33,49
2013,"40611",34,61
2013,"40612",81,112
2013,"40613",17,31
2013,"40614",243,180
2013,"40615",128,103
2013,"40616",28,50
2013,"40617",26,44
2013,"40618",114,76
2013,"40619",48,43
2013,"40620",80,98
2013,"40621",51,49
2013,"40622",91,53
2013,"40623",45,40
2013,"40624",185,165
2013,"40625",19,24
2013,"40626",37,53
2013,"40627",111,103
2013,"40701",451,430
2013,"40702",197,204
2013,"40703",475,460
2013,"40704",189,214
2013,"40705",704,770
2013,"40706",60,57
2013,"40707",80,105
2013,"40708",86,111
2013,"40709",39,54
2013,"40710",65,63
2013,"40711",408,414
2013,"40712",24,22
2013,"40713",307,197
2013,"40714",200,200
2013,"40715",72,92
2013,"40716",25,54
2013,"40717",79,89
2013,"40718",86,88
2013,"40719",185,174
2013,"40720",212,236
2013,"40801",48,41
2013,"40802",292,248
2013,"40804",21,39
2013,"40805",163,184
2013,"40806",146,131
2013,"40807",39,62
2013,"40808",238,241
2013,"40809",93,97
2013,"40810",6,22
2013,"40811",58,58
2013,"40812",58,101
2013,"40813",63,74
2013,"40814",49,55
2013,"40815",32,46
2013,"40816",65,66
2013,"40817",53,50
2013,"40818",69,72
2013,"40820",6,16
2013,"40821",31,46
2013,"40822",88,107
2013,"40823",29,47
2013,"40824",40,49
2013,"40825",88,62
2013,"40826",28,16
2013,"40827",163,148
2013,"40828",38,33
2013,"40829",63,84
2013,"40830",14,32
2013,"40831",120,114
2013,"40832",166,130
2013,"40833",61,66
2013,"40834",28,27
2013,"40835",168,147
2013,"40901",26,23
2013,"40902",176,200
2013,"40903",25,39
2013,"40904",83,97
2013,"40905",256,256
2013,"40906",41,58
2013,"40907",229,264
2013,"40908",243,273
2013,"40909",137,145
2013,"40910",95,100
2013,"40911",27,30
2013,"40912",213,182
2013,"40913",102,126
2013,"40914",14,25
2013,"40915",73,77
2013,"40916",16,16
2013,"40917",133,133
2013,"40918",56,78
2013,"40919",18,25
2013,"40920",61,76
2013,"40921",23,22
2013,"40922",94,117
2013,"40923",110,96
2013,"41001",51,59
2013,"41002",767,994
2013,"41003",351,415
2013,"41004",50,31
2013,"41005",598,642
2013,"41006",50,80
2013,"41007",326,333
2013,"41008",113,91
2013,"41009",204,147
2013,"41010",67,87
2013,"41011",140,138
2013,"41012",1838,1697
2013,"41013",251,249
2013,"41014",360,282
2013,"41015",78,73
2013,"41016",74,75
2013,"41017",592,409
2013,"41018",94,85
2013,"41019",197,201
2013,"41020",211,185
2013,"41021",1414,1369
2013,"41022",241,205
2013,"41101",44,31
2013,"41102",49,55
2013,"41103",110,105
2013,"41104",23,24
2013,"41105",102,119
2013,"41106",131,116
2013,"41107",39,40
2013,"41108",234,437
2013,"41109",125,151
2013,"41110",244,156
2013,"41111",280,252
2013,"41112",42,48
2013,"41113",52,86
2013,"41114",120,126
2013,"41115",35,32
2013,"41116",369,400
2013,"41117",26,33
2013,"41118",158,156
2013,"41119",37,47
2013,"41120",187,165
2013,"41121",78,77
2013,"41122",20,28
2013,"41123",67,65
2013,"41124",286,230
2013,"41125",67,125
2013,"41126",39,57
2013,"41201",34,28
2013,"41202",40,69
2013,"41203",127,147
2013,"41204",98,129
2013,"41205",37,28
2013,"41206",10,18
2013,"41207",75,101
2013,"41208",47,56
2013,"41209",105,76
2013,"41210",29,30
2013,"41211",36,32
2013,"41212",42,54
2013,"41213",66,62
2013,"41214",94,89
2013,"41215",56,75
2013,"41216",6,11
2013,"41217",28,34
2013,"41218",129,113
2013,"41219",120,103
2013,"41220",48,55
2013,"41221",28,35
2013,"41222",32,25
2013,"41223",37,36
2013,"41224",84,116
2013,"41225",811,749
2013,"41226",17,42
2013,"41227",23,21
2013,"41228",83,85
2013,"41229",35,28
2013,"41230",37,37
2013,"41231",92,100
2013,"41232",78,80
2013,"41233",71,71
2013,"41234",78,59
2013,"41235",17,43
2013,"41236",33,22
2013,"41304",60,79
2013,"41305",27,50
2013,"41306",9,13
2013,"41307",13,30
2013,"41309",86,75
2013,"41311",7,5
2013,"41312",36,49
2013,"41313",39,48
2013,"41314",30,36
2013,"41315",35,62
2013,"41316",79,45
2013,"41317",31,47
2013,"41318",70,36
2013,"41319",9,11
2013,"41320",11,24
2013,"41321",71,72
2013,"41322",23,26
2013,"41323",62,56
2013,"41324",35,35
2013,"41325",42,73
2013,"41326",32,40
2013,"41327",29,43
2013,"41328",49,52
2013,"41329",21,33
2013,"41331",32,24
2013,"41332",158,123
2013,"41333",30,31
2013,"41334",27,42
2013,"41336",15,34
2013,"41337",37,36
2013,"41338",48,41
2013,"41341",16,17
2013,"41342",103,114
2013,"41343",134,160
2013,"41344",267,229
2013,"41345",33,52
2013,"41346",25,40
2013,"41401",12,19
2013,"41402",210,177
2013,"41403",88,100
2013,"41404",28,60
2013,"41405",40,46
2013,"41406",43,45
2013,"41407",53,64
2013,"41408",39,57
2013,"41409",95,78
2013,"41410",47,53
2013,"41411",45,48
2013,"41412",17,11
2013,"41413",67,87
2013,"41414",76,93
2013,"41415",37,70
2013,"41416",89,105
2013,"41417",31,46
2013,"41418",132,161
2013,"41419",62,75
2013,"41420",29,38
2013,"41421",24,22
2013,"41422",283,274
2013,"41423",72,79
2013,"41424",32,32
2013,"41425",154,134
2013,"41426",76,103
2013,"41427",34,38
2013,"41428",35,41
2013,"41429",48,51
2013,"41430",103,85
2013,"41501",76,58
2013,"41502",68,59
2013,"41503",311,205
2013,"41504",98,119
2013,"41505",39,50
2013,"41506",359,337
2013,"41507",74,52
2013,"41508",31,42
2013,"41509",53,79
2013,"41510",35,53
2013,"41511",106,113
2013,"41512",34,76
2013,"41513",46,51
2013,"41514",115,107
2013,"41515",49,56
2013,"41516",444,422
2013,"41517",124,106
2013,"41518",74,79
2013,"41521",140,98
2013,"41522",84,127
2013,"41601",143,135
2013,"41602",153,190
2013,"41603",159,136
2013,"41604",55,63
2013,"41605",350,366
2013,"41606",222,176
2013,"41607",308,342
2013,"41608",49,51
2013,"41609",241,186
2013,"41610",26,39
2013,"41611",110,111
2013,"41612",67,81
2013,"41613",68,78
2013,"41614",105,96
2013,"41615",87,101
2013,"41616",14,15
2013,"41617",174,242
2013,"41618",228,269
2013,"41619",68,70
2013,"41620",85,50
2013,"41621",64,65
2013,"41622",41,27
2013,"41623",43,32
2013,"41624",262,242
2013,"41626",193,152
2013,"41627",82,65
2013,"41628",66,76
2013,"41701",128,173
2013,"41702",95,108
2013,"41703",452,478
2013,"41704",36,45
2013,"41705",104,77
2013,"41706",35,46
2013,"41707",117,79
2013,"41708",38,44
2013,"41709",148,127
2013,"41710",209,157
2013,"41711",107,91
2013,"41712",53,67
2013,"41713",269,309
2013,"41714",38,28
2013,"41715",264,245
2013,"41716",103,91
2013,"41717",24,35
2013,"41718",64,52
2013,"41719",63,69
2013,"41720",49,63
2013,"41721",44,41
2013,"41722",126,172
2013,"41723",48,49
2013,"41724",14,20
2013,"41725",17,12
2013,"41726",66,77
2013,"41727",35,37
2013,"41728",10,13
2013,"41729",23,25
2013,"41730",79,52
2013,"41731",328,346
2013,"41732",92,92
2013,"41733",17,11
2013,"41734",335,1733
2013,"41735",139,106
2013,"41736",52,69
2013,"41737",187,204
2013,"41738",263,284
2013,"41739",273,254
2013,"41740",19,21
2013,"41741",48,101
2013,"41742",167,162
2013,"41743",494,423
2013,"41744",41,45
2013,"41745",64,75
2013,"41746",802,813
2013,"41747",192,183
2013,"41748",29,31
2013,"41749",37,68
2013,"41750",100,84
2013,"41751",60,82
2013,"41752",31,51
2013,"41801",28,20
2013,"41802",19,35
2013,"41803",91,78
2013,"41804",207,182
2013,"41805",111,78
2013,"41806",91,79
2013,"41807",35,43
2013,"41808",249,234
2013,"41809",35,39
2013,"41810",95,105
2013,"41811",229,239
2013,"41812",549,549
2013,"41813",46,49
2013,"41814",75,95
2013,"41815",36,30
2013,"41816",93,146
2013,"41817",103,122
2013,"41818",62,47
2013,"41819",82,85
2013,"41820",236,228
2013,"41821",87,96
2013,"41822",93,88
2013,"41823",355,346
2013,"41824",147,146
2013,"50101",4956,5245
2013,"50201",91,100
2013,"50202",118,119
2013,"50203",57,81
2013,"50204",211,166
2013,"50205",966,880
2013,"50206",17,28
2013,"50207",235,262
2013,"50208",220,225
2013,"50209",259,260
2013,"50210",22,23
2013,"50211",58,63
2013,"50212",36,33
2013,"50213",115,79
2013,"50301",213,248
2013,"50302",140,150
2013,"50303",318,274
2013,"50304",54,72
2013,"50305",168,179
2013,"50306",42,56
2013,"50307",37,55
2013,"50308",114,124
2013,"50309",347,367
2013,"50310",322,320
2013,"50311",108,134
2013,"50312",62,130
2013,"50313",35,27
2013,"50314",343,367
2013,"50315",108,123
2013,"50316",260,225
2013,"50317",200,244
2013,"50318",20,26
2013,"50319",234,188
2013,"50320",104,115
2013,"50321",150,128
2013,"50322",192,163
2013,"50323",130,117
2013,"50324",337,330
2013,"50325",100,119
2013,"50326",249,303
2013,"50327",232,200
2013,"50328",76,69
2013,"50329",95,119
2013,"50330",133,150
2013,"50331",70,37
2013,"50332",71,104
2013,"50335",336,319
2013,"50336",106,102
2013,"50337",191,152
2013,"50338",633,477
2013,"50339",459,439
2013,"50401",204,152
2013,"50402",187,244
2013,"50403",177,230
2013,"50404",349,465
2013,"50405",44,57
2013,"50406",125,117
2013,"50407",35,48
2013,"50408",62,89
2013,"50409",14,25
2013,"50410",73,68
2013,"50411",80,92
2013,"50412",78,85
2013,"50413",14,28
2013,"50414",13,17
2013,"50415",80,27
2013,"50416",115,110
2013,"50417",150,199
2013,"50418",429,499
2013,"50419",47,48
2013,"50420",175,168
2013,"50421",169,183
2013,"50422",20,31
2013,"50423",81,91
2013,"50424",96,141
2013,"50425",53,35
2013,"50501",5,7
2013,"50502",9,5
2013,"50503",82,90
2013,"50504",56,63
2013,"50505",3,22
2013,"50506",43,70
2013,"50507",21,17
2013,"50508",15,31
2013,"50509",175,128
2013,"50510",160,238
2013,"50511",12,13
2013,"50512",13,28
2013,"50513",41,26
2013,"50514",7,12
2013,"50515",25,43
2013,"50601",98,126
2013,"50602",232,216
2013,"50603",22,12
2013,"50604",26,32
2013,"50605",34,73
2013,"50606",187,157
2013,"50607",20,33
2013,"50608",34,67
2013,"50609",83,75
2013,"50610",66,52
2013,"50611",174,181
2013,"50612",66,54
2013,"50613",289,285
2013,"50614",67,73
2013,"50615",94,84
2013,"50616",134,129
2013,"50617",56,88
2013,"50618",83,113
2013,"50619",474,539
2013,"50620",38,52
2013,"50621",43,54
2013,"50622",117,136
2013,"50623",30,47
2013,"50624",90,113
2013,"50625",29,25
2013,"50626",40,49
2013,"50627",19,17
2013,"50628",397,535
2013,"60101",12048,11165
2013,"60305",163,180
2013,"60318",154,188
2013,"60323",111,99
2013,"60324",102,108
2013,"60326",65,61
2013,"60329",52,53
2013,"60341",87,87
2013,"60344",582,477
2013,"60345",214,264
2013,"60346",208,193
2013,"60347",141,153
2013,"60348",151,164
2013,"60349",154,193
2013,"60350",393,353
2013,"60351",189,188
2013,"60608",514,451
2013,"60611",248,213
2013,"60613",502,499
2013,"60617",301,253
2013,"60618",79,76
2013,"60619",187,159
2013,"60623",118,104
2013,"60624",393,339
2013,"60626",171,137
2013,"60628",168,181
2013,"60629",329,286
2013,"60632",176,157
2013,"60639",59,50
2013,"60641",89,52
2013,"60642",121,100
2013,"60645",155,148
2013,"60646",133,135
2013,"60647",23,11
2013,"60648",95,112
2013,"60651",94,79
2013,"60653",362,219
2013,"60654",134,117
2013,"60655",177,148
2013,"60656",70,67
2013,"60659",234,275
2013,"60660",219,222
2013,"60661",272,298
2013,"60662",289,234
2013,"60663",231,308
2013,"60664",571,568
2013,"60665",346,294
2013,"60666",110,131
2013,"60667",297,173
2013,"60668",175,123
2013,"60669",732,710
2013,"60670",574,334
2013,"61001",75,72
2013,"61002",85,125
2013,"61007",56,54
2013,"61008",83,86
2013,"61012",190,164
2013,"61013",83,93
2013,"61016",92,72
2013,"61017",83,79
2013,"61019",62,58
2013,"61020",83,90
2013,"61021",85,98
2013,"61024",64,91
2013,"61027",81,49
2013,"61030",100,64
2013,"61032",64,64
2013,"61033",110,134
2013,"61043",157,161
2013,"61045",428,381
2013,"61049",164,179
2013,"61050",130,197
2013,"61051",128,150
2013,"61052",122,116
2013,"61053",736,794
2013,"61054",122,123
2013,"61055",59,60
2013,"61057",66,76
2013,"61059",285,296
2013,"61060",155,133
2013,"61061",336,284
2013,"61101",71,150
2013,"61105",24,31
2013,"61106",83,76
2013,"61107",54,49
2013,"61108",1298,1148
2013,"61109",76,44
2013,"61110",136,135
2013,"61111",36,56
2013,"61112",9,23
2013,"61113",157,132
2013,"61114",136,141
2013,"61115",58,71
2013,"61116",49,66
2013,"61118",33,68
2013,"61119",13,31
2013,"61120",428,390
2013,"61203",106,122
2013,"61204",128,64
2013,"61205",28,33
2013,"61206",53,47
2013,"61207",157,215
2013,"61213",166,164
2013,"61215",37,54
2013,"61217",88,104
2013,"61222",82,72
2013,"61236",54,86
2013,"61243",108,128
2013,"61247",126,138
2013,"61251",5,18
2013,"61252",61,77
2013,"61253",158,167
2013,"61254",48,66
2013,"61255",162,140
2013,"61256",52,57
2013,"61257",150,173
2013,"61258",72,94
2013,"61259",410,376
2013,"61260",48,56
2013,"61261",86,85
2013,"61262",67,82
2013,"61263",207,260
2013,"61264",47,77
2013,"61265",235,272
2013,"61266",43,47
2013,"61267",144,159
2013,"61410",26,41
2013,"61413",22,19
2013,"61425",43,64
2013,"61428",16,29
2013,"61437",15,25
2013,"61438",163,157
2013,"61439",144,233
2013,"61440",75,107
2013,"61441",24,41
2013,"61442",47,69
2013,"61443",49,77
2013,"61444",89,78
2013,"61445",71,107
2013,"61446",91,85
2013,"61611",72,101
2013,"61612",134,137
2013,"61615",118,112
2013,"61618",88,85
2013,"61621",24,24
2013,"61624",119,130
2013,"61625",527,515
2013,"61626",266,283
2013,"61627",69,64
2013,"61628",66,82
2013,"61629",28,46
2013,"61630",47,68
2013,"61631",484,508
2013,"61632",210,178
2013,"61633",193,153
2013,"61701",79,82
2013,"61708",28,42
2013,"61710",49,56
2013,"61711",18,13
2013,"61716",142,146
2013,"61719",149,130
2013,"61727",212,133
2013,"61728",9,15
2013,"61729",79,68
2013,"61730",63,74
2013,"61731",36,46
2013,"61740",70,75
2013,"61741",48,59
2013,"61743",21,19
2013,"61744",19,14
2013,"61745",53,44
2013,"61746",187,146
2013,"61748",174,179
2013,"61750",24,64
2013,"61751",117,97
2013,"61756",113,171
2013,"61757",114,128
2013,"61758",42,67
2013,"61759",49,59
2013,"61760",569,565
2013,"61761",65,55
2013,"61762",101,110
2013,"61763",124,124
2013,"61764",154,125
2013,"61765",279,218
2013,"61766",516,512
2013,"62007",306,367
2013,"62008",34,32
2013,"62010",12,24
2013,"62014",89,96
2013,"62021",17,20
2013,"62026",41,26
2013,"62032",44,54
2013,"62034",42,44
2013,"62036",52,38
2013,"62038",507,433
2013,"62039",93,89
2013,"62040",560,602
2013,"62041",588,769
2013,"62042",76,102
2013,"62043",129,109
2013,"62044",89,77
2013,"62045",124,102
2013,"62046",110,107
2013,"62047",245,300
2013,"62048",138,200
2013,"62105",52,89
2013,"62115",211,171
2013,"62116",112,155
2013,"62125",58,95
2013,"62128",185,154
2013,"62131",81,91
2013,"62132",32,54
2013,"62135",44,46
2013,"62138",88,94
2013,"62139",906,795
2013,"62140",942,1165
2013,"62141",302,299
2013,"62142",101,159
2013,"62143",367,384
2013,"62144",205,351
2013,"62145",216,257
2013,"62146",207,170
2013,"62147",94,98
2013,"62148",76,84
2013,"62202",72,67
2013,"62205",73,76
2013,"62206",84,49
2013,"62209",46,49
2013,"62211",119,102
2013,"62214",83,82
2013,"62216",33,58
2013,"62219",354,333
2013,"62220",99,73
2013,"62226",65,65
2013,"62232",68,49
2013,"62233",124,122
2013,"62235",56,57
2013,"62242",14,31
2013,"62244",146,116
2013,"62245",30,52
2013,"62247",53,95
2013,"62252",79,60
2013,"62256",107,101
2013,"62262",43,46
2013,"62264",133,134
2013,"62265",49,52
2013,"62266",75,71
2013,"62267",393,361
2013,"62268",111,89
2013,"62269",77,98
2013,"62270",70,94
2013,"62271",181,167
2013,"62272",161,163
2013,"62273",85,91
2013,"62274",93,102
2013,"62275",131,202
2013,"62276",82,64
2013,"62277",73,86
2013,"62278",89,104
2013,"62279",26,40
2013,"62311",46,60
2013,"62314",41,49
2013,"62326",57,63
2013,"62330",32,33
2013,"62332",31,47
2013,"62335",29,40
2013,"62343",43,48
2013,"62368",26,32
2013,"62372",23,28
2013,"62375",240,253
2013,"62376",121,118
2013,"62377",59,87
2013,"62378",280,291
2013,"62379",538,527
2013,"62380",177,247
2013,"62381",115,93
2013,"62382",203,154
2013,"62383",136,156
2013,"62384",149,131
2013,"62385",78,120
2013,"62386",141,153
2013,"62387",59,60
2013,"62388",107,118
2013,"62389",116,121
2013,"62390",103,172
2013,"70101",5492,5424
2013,"70201",131,104
2013,"70202",160,150
2013,"70203",401,337
2013,"70204",14,24
2013,"70205",15,39
2013,"70206",14,13
2013,"70207",24,28
2013,"70208",105,107
2013,"70209",146,143
2013,"70210",24,26
2013,"70211",94,112
2013,"70212",44,70
2013,"70213",97,54
2013,"70214",78,92
2013,"70215",99,90
2013,"70216",73,69
2013,"70217",17,42
2013,"70218",102,40
2013,"70219",89,76
2013,"70220",80,171
2013,"70221",67,84
2013,"70222",98,109
2013,"70223",82,120
2013,"70224",55,71
2013,"70301",258,319
2013,"70302",232,147
2013,"70303",156,117
2013,"70304",336,273
2013,"70305",77,69
2013,"70306",106,88
2013,"70307",25,25
2013,"70308",68,65
2013,"70309",118,104
2013,"70310",145,149
2013,"70311",36,27
2013,"70312",320,349
2013,"70313",45,57
2013,"70314",16,26
2013,"70315",75,47
2013,"70317",9,15
2013,"70318",84,61
2013,"70319",198,186
2013,"70320",233,116
2013,"70322",63,63
2013,"70323",37,27
2013,"70325",76,47
2013,"70326",139,114
2013,"70328",74,96
2013,"70329",190,240
2013,"70331",123,91
2013,"70332",73,108
2013,"70333",31,51
2013,"70334",151,152
2013,"70335",78,75
2013,"70336",9,11
2013,"70337",99,81
2013,"70338",44,53
2013,"70339",57,53
2013,"70340",50,100
2013,"70342",71,52
2013,"70343",62,43
2013,"70344",128,135
2013,"70345",72,71
2013,"70346",586,474
2013,"70347",3,2
2013,"70348",70,58
2013,"70349",18,16
2013,"70350",48,65
2013,"70351",154,182
2013,"70352",30,45
2013,"70353",92,97
2013,"70354",894,673
2013,"70355",130,137
2013,"70356",62,77
2013,"70357",643,552
2013,"70358",194,212
2013,"70359",32,43
2013,"70360",84,84
2013,"70361",50,11
2013,"70362",9,14
2013,"70364",332,357
2013,"70365",180,215
2013,"70366",21,23
2013,"70367",359,337
2013,"70368",22,39
2013,"70369",376,389
2013,"70370",117,116
2013,"70401",42,55
2013,"70402",45,81
2013,"70403",397,552
2013,"70404",73,82
2013,"70405",33,34
2013,"70406",174,190
2013,"70407",35,61
2013,"70408",39,56
2013,"70409",142,170
2013,"70410",167,173
2013,"70411",292,339
2013,"70412",109,198
2013,"70413",86,95
2013,"70414",60,77
2013,"70415",23,30
2013,"70416",389,349
2013,"70417",107,60
2013,"70418",18,19
2013,"70419",53,78
2013,"70420",77,79
2013,"70501",34,52
2013,"70502",51,35
2013,"70503",133,139
2013,"70504",23,47
2013,"70505",81,97
2013,"70506",152,159
2013,"70508",180,188
2013,"70509",62,97
2013,"70510",18,38
2013,"70511",290,230
2013,"70512",209,175
2013,"70513",779,646
2013,"70514",155,117
2013,"70515",172,170
2013,"70516",27,16
2013,"70517",133,104
2013,"70518",91,110
2013,"70519",12,17
2013,"70520",145,122
2013,"70521",38,67
2013,"70522",123,139
2013,"70523",19,14
2013,"70524",63,60
2013,"70525",100,97
2013,"70526",88,114
2013,"70527",96,86
2013,"70528",94,72
2013,"70529",52,59
2013,"70530",69,79
2013,"70531",604,561
2013,"70601",11,21
2013,"70602",4,4
2013,"70603",24,28
2013,"70604",92,89
2013,"70605",22,27
2013,"70606",12,20
2013,"70607",47,51
2013,"70608",41,58
2013,"70609",32,59
2013,"70610",9,9
2013,"70611",13,24
2013,"70612",10,14
2013,"70613",17,17
2013,"70614",333,312
2013,"70615",24,41
2013,"70616",43,45
2013,"70617",62,67
2013,"70618",28,33
2013,"70619",85,91
2013,"70620",39,62
2013,"70621",39,89
2013,"70622",41,55
2013,"70623",26,25
2013,"70624",27,43
2013,"70625",2,2
2013,"70626",26,22
2013,"70627",29,31
2013,"70628",16,12
2013,"70629",15,20
2013,"70630",171,112
2013,"70701",4,16
2013,"70702",22,32
2013,"70703",26,3
2013,"70704",16,42
2013,"70705",42,72
2013,"70706",16,27
2013,"70707",79,112
2013,"70708",21,36
2013,"70709",10,15
2013,"70710",8,15
2013,"70711",27,30
2013,"70712",15,25
2013,"70713",17,19
2013,"70714",5,10
2013,"70715",32,51
2013,"70716",589,455
2013,"70717",84,106
2013,"70718",25,43
2013,"70719",140,154
2013,"70720",51,49
2013,"70721",4,22
2013,"70723",13,30
2013,"70724",11,13
2013,"70725",10,9
2013,"70726",4,15
2013,"70727",13,10
2013,"70728",55,56
2013,"70729",6,27
2013,"70731",13,19
2013,"70732",39,43
2013,"70733",6,9
2013,"70734",23,44
2013,"70735",46,23
2013,"70801",16,27
2013,"70802",9,17
2013,"70803",10,28
2013,"70804",20,37
2013,"70805",102,122
2013,"70806",44,46
2013,"70807",57,69
2013,"70808",23,24
2013,"70809",13,17
2013,"70810",11,14
2013,"70811",36,14
2013,"70812",1,7
2013,"70813",25,19
2013,"70814",13,16
2013,"70815",3,2
2013,"70816",45,44
2013,"70817",14,21
2013,"70818",2,4
2013,"70819",1,3
2013,"70820",108,106
2013,"70821",23,50
2013,"70822",10,9
2013,"70823",0,1
2013,"70824",12,14
2013,"70825",1,4
2013,"70826",65,57
2013,"70827",6,20
2013,"70828",363,282
2013,"70829",14,17
2013,"70830",28,12
2013,"70831",13,30
2013,"70832",33,49
2013,"70833",20,37
2013,"70834",9,18
2013,"70835",32,58
2013,"70836",47,49
2013,"70837",4,11
2013,"70901",68,77
2013,"70902",52,75
2013,"70903",9,11
2013,"70904",50,36
2013,"70905",85,109
2013,"70907",142,141
2013,"70908",34,56
2013,"70909",203,217
2013,"70910",47,56
2013,"70911",30,31
2013,"70912",13,18
2013,"70913",13,13
2013,"70914",24,25
2013,"70915",53,58
2013,"70916",38,38
2013,"70917",346,301
2013,"70918",51,51
2013,"70920",103,125
2013,"70921",78,69
2013,"70922",61,72
2013,"70923",70,58
2013,"70924",12,8
2013,"70925",57,80
2013,"70926",635,529
2013,"70927",65,65
2013,"70928",91,100
2013,"70929",10,16
2013,"70930",34,34
2013,"70931",63,75
2013,"70932",18,14
2013,"70933",87,113
2013,"70934",45,55
2013,"70935",67,76
2013,"70936",231,219
2013,"70937",71,112
2013,"70938",69,72
2013,"70939",67,102
2013,"70940",75,59
2013,"70941",20,22
2013,"80101",81,97
2013,"80102",6,3
2013,"80103",725,703
2013,"80104",123,112
2013,"80105",24,23
2013,"80106",157,153
2013,"80107",25,33
2013,"80108",61,83
2013,"80109",8,7
2013,"80110",34,60
2013,"80111",49,51
2013,"80112",22,39
2013,"80113",63,80
2013,"80114",7,14
2013,"80115",172,199
2013,"80116",290,332
2013,"80117",238,254
2013,"80118",42,38
2013,"80119",25,43
2013,"80120",49,74
2013,"80121",5,11
2013,"80122",173,209
2013,"80123",21,18
2013,"80124",18,16
2013,"80125",15,13
2013,"80126",109,138
2013,"80127",37,37
2013,"80128",87,112
2013,"80129",152,143
2013,"80201",113,111
2013,"80202",80,97
2013,"80203",41,53
2013,"80204",85,105
2013,"80205",36,48
2013,"80206",31,43
2013,"80207",1530,1517
2013,"80208",25,21
2013,"80209",6,11
2013,"80210",30,31
2013,"80211",152,162
2013,"80212",21,18
2013,"80213",220,195
2013,"80214",71,51
2013,"80215",577,660
2013,"80216",75,88
2013,"80217",291,373
2013,"80218",269,306
2013,"80219",74,95
2013,"80220",106,118
2013,"80221",37,39
2013,"80222",66,54
2013,"80223",60,55
2013,"80224",562,561
2013,"80225",47,50
2013,"80226",329,312
2013,"80227",33,57
2013,"80228",56,62
2013,"80229",3,26
2013,"80230",33,37
2013,"80231",26,33
2013,"80232",9,16
2013,"80233",16,23
2013,"80234",4,8
2013,"80235",243,212
2013,"80236",70,66
2013,"80237",22,25
2013,"80238",46,86
2013,"80239",2,6
2013,"80240",436,467
2013,"80301",1841,1785
2013,"80302",792,746
2013,"80303",869,711
2013,"80401",294,362
2013,"80402",15,12
2013,"80403",8,9
2013,"80404",1534,1449
2013,"80405",345,355
2013,"80406",23,38
2013,"80407",169,142
2013,"80408",706,633
2013,"80409",190,235
2013,"80410",232,217
2013,"80411",15,19
2013,"80412",185,180
2013,"80413",107,109
2013,"80414",540,569
2013,"80415",25,20
2013,"80416",117,146
2013,"80417",101,104
2013,"80418",130,129
2013,"80419",35,44
2013,"80420",184,156
2013,"80421",33,45
2013,"80422",28,38
2013,"80423",127,106
2013,"80424",178,189
2013,"90101",1107,1339
2013,"90201",9992,9177
2013,"90301",7131,7540
2013,"90401",2878,3026
2013,"90501",5511,6024
2013,"90601",3458,3527
2013,"90701",3228,3214
2013,"90801",3138,4075
2013,"90901",4945,5050
2013,"91001",14161,13654
2013,"91101",6060,6107
2013,"91201",7856,7880
2013,"91301",3499,3243
2013,"91401",7050,6689
2013,"91501",8065,8718
2013,"91601",9011,9416
2013,"91701",5602,5765
2013,"91801",4123,4529
2013,"91901",4948,4852
2013,"92001",7055,8144
2013,"92101",9105,7778
2013,"92201",8960,7122
2013,"92301",5294,4939
2014,"10101",797,846
2014,"10201",57,61
2014,"10301",77,77
2014,"10302",70,64
2014,"10303",113,86
2014,"10304",159,116
2014,"10305",32,44
2014,"10306",27,32
2014,"10307",40,47
2014,"10308",52,38
2014,"10309",210,145
2014,"10310",42,57
2014,"10311",38,45
2014,"10312",82,70
2014,"10313",63,72
2014,"10314",49,60
2014,"10315",132,121
2014,"10316",127,124
2014,"10317",88,62
2014,"10318",69,61
2014,"10319",55,64
2014,"10320",28,18
2014,"10321",34,18
2014,"10322",60,54
2014,"10323",35,27
2014,"10401",34,21
2014,"10402",81,59
2014,"10403",19,33
2014,"10404",31,31
2014,"10405",207,210
2014,"10406",41,30
2014,"10407",17,42
2014,"10408",73,86
2014,"10409",31,26
2014,"10410",24,42
2014,"10411",58,28
2014,"10412",34,33
2014,"10413",43,45
2014,"10414",116,139
2014,"10415",55,194
2014,"10416",66,50
2014,"10417",99,156
2014,"10418",11,11
2014,"10419",17,16
2014,"10420",18,19
2014,"10421",31,35
2014,"10422",7,10
2014,"10423",1,6
2014,"10424",6,1
2014,"10425",4,18
2014,"10426",11,17
2014,"10427",10,22
2014,"10428",13,20
2014,"10501",45,73
2014,"10502",29,40
2014,"10503",33,52
2014,"10504",121,141
2014,"10505",29,34
2014,"10506",65,64
2014,"10507",53,44
2014,"10508",83,90
2014,"10509",65,60
2014,"10510",27,25
2014,"10511",28,34
2014,"10512",8,14
2014,"10601",76,61
2014,"10602",124,153
2014,"10603",54,28
2014,"10604",22,38
2014,"10605",73,71
2014,"10606",313,282
2014,"10607",301,227
2014,"10608",17,19
2014,"10609",126,123
2014,"10610",114,80
2014,"10611",110,110
2014,"10612",60,61
2014,"10613",59,41
2014,"10614",74,30
2014,"10615",84,99
2014,"10616",37,30
2014,"10617",31,38
2014,"10618",31,31
2014,"10619",16,17
2014,"10701",27,53
2014,"10702",36,29
2014,"10703",163,173
2014,"10704",22,19
2014,"10705",100,100
2014,"10706",55,42
2014,"10707",137,120
2014,"10708",35,35
2014,"10709",46,51
2014,"10710",88,39
2014,"10711",94,76
2014,"10712",79,72
2014,"10713",382,329
2014,"10714",54,55
2014,"10715",32,46
2014,"10716",49,26
2014,"10717",187,186
2014,"10718",56,34
2014,"10719",25,20
2014,"10720",16,32
2014,"10721",55,42
2014,"10722",91,74
2014,"10723",76,62
2014,"10724",80,61
2014,"10725",32,25
2014,"10726",24,22
2014,"10727",21,18
2014,"10801",109,82
2014,"10802",58,38
2014,"10803",35,55
2014,"10804",45,50
2014,"10805",73,100
2014,"10806",26,25
2014,"10807",35,63
2014,"10808",50,32
2014,"10809",69,60
2014,"10810",27,36
2014,"10811",62,77
2014,"10812",43,43
2014,"10813",45,43
2014,"10814",55,40
2014,"10815",43,47
2014,"10816",205,154
2014,"10817",36,39
2014,"10818",14,20
2014,"10819",47,31
2014,"10820",28,31
2014,"10821",37,37
2014,"10822",52,79
2014,"10823",59,55
2014,"10824",10,21
2014,"10825",40,48
2014,"10826",6,6
2014,"10827",16,6
2014,"10828",27,18
2014,"10901",115,67
2014,"10902",107,192
2014,"10903",46,42
2014,"10904",52,56
2014,"10905",124,162
2014,"10906",18,23
2014,"10907",71,64
2014,"10908",62,77
2014,"10909",54,35
2014,"10910",34,44
2014,"10911",40,52
2014,"10912",59,98
2014,"10913",22,26
2014,"10914",41,39
2014,"10915",29,40
2014,"10916",133,180
2014,"10917",448,395
2014,"10918",325,276
2014,"10919",154,184
2014,"10920",81,79
2014,"10921",64,71
2014,"10922",32,31
2014,"10923",58,91
2014,"10924",30,18
2014,"10925",48,35
2014,"10926",27,35
2014,"10927",46,39
2014,"10928",82,78
2014,"10929",46,33
2014,"10930",26,23
2014,"10931",7,3
2014,"10932",20,15
2014,"20101",4222,3944
2014,"20201",2240,2128
2014,"20302",39,55
2014,"20305",173,214
2014,"20306",117,172
2014,"20307",90,87
2014,"20316",58,49
2014,"20320",22,36
2014,"20321",16,44
2014,"20402",419,396
2014,"20403",122,113
2014,"20405",261,283
2014,"20409",140,148
2014,"20412",115,96
2014,"20414",143,138
2014,"20415",271,255
2014,"20416",79,78
2014,"20417",141,138
2014,"20418",195,191
2014,"20419",117,81
2014,"20421",255,270
2014,"20424",172,167
2014,"20425",167,145
2014,"20428",46,57
2014,"20432",111,143
2014,"20435",89,74
2014,"20441",12,13
2014,"20442",173,138
2014,"20501",234,236
2014,"20502",99,138
2014,"20503",26,18
2014,"20504",56,102
2014,"20505",201,170
2014,"20506",29,46
2014,"20508",42,52
2014,"20509",50,81
2014,"20511",78,72
2014,"20512",102,101
2014,"20513",70,90
2014,"20515",119,173
2014,"20518",33,41
2014,"20519",58,43
2014,"20520",57,79
2014,"20523",158,169
2014,"20527",614,602
2014,"20530",114,114
2014,"20531",89,101
2014,"20534",147,144
2014,"20601",51,94
2014,"20602",63,93
2014,"20603",23,38
2014,"20604",31,57
2014,"20605",30,42
2014,"20607",21,28
2014,"20608",97,76
2014,"20609",34,43
2014,"20610",19,38
2014,"20611",51,33
2014,"20613",24,27
2014,"20616",83,77
2014,"20618",15,32
2014,"20619",44,61
2014,"20620",112,151
2014,"20622",22,26
2014,"20624",61,49
2014,"20625",38,55
2014,"20627",74,98
2014,"20630",170,245
2014,"20631",42,49
2014,"20632",28,49
2014,"20633",31,46
2014,"20634",276,220
2014,"20635",590,611
2014,"20636",28,45
2014,"20637",58,48
2014,"20638",36,44
2014,"20639",13,25
2014,"20640",68,41
2014,"20642",22,54
2014,"20643",93,92
2014,"20644",91,74
2014,"20701",62,58
2014,"20702",261,295
2014,"20703",49,60
2014,"20705",75,99
2014,"20707",7,22
2014,"20708",38,34
2014,"20710",67,90
2014,"20711",513,445
2014,"20712",38,31
2014,"20713",56,50
2014,"20719",74,92
2014,"20720",184,184
2014,"20721",67,83
2014,"20722",157,185
2014,"20723",35,69
2014,"20724",301,280
2014,"20725",446,394
2014,"20726",111,128
2014,"20727",251,326
2014,"20801",160,224
2014,"20802",29,35
2014,"20803",268,343
2014,"20804",115,166
2014,"20805",87,109
2014,"20806",82,99
2014,"20807",57,51
2014,"20808",155,171
2014,"20810",31,36
2014,"20812",59,76
2014,"20813",297,416
2014,"20815",89,81
2014,"20817",408,489
2014,"20901",95,107
2014,"20905",169,181
2014,"20909",54,98
2014,"20911",31,22
2014,"20912",69,63
2014,"20913",448,571
2014,"20914",91,75
2014,"20918",147,145
2014,"20923",826,754
2014,"21001",33,37
2014,"21002",547,561
2014,"21003",90,113
2014,"21004",25,54
2014,"21005",95,94
2014,"21006",47,59
2014,"21007",38,69
2014,"21008",102,126
2014,"21009",203,230
2014,"21010",77,68
2014,"30101",1321,1414
2014,"30201",2421,2139
2014,"30301",290,417
2014,"30401",2567,2264
2014,"30501",79,49
2014,"30502",1006,1040
2014,"30503",114,116
2014,"30504",138,168
2014,"30506",153,149
2014,"30507",81,76
2014,"30508",161,203
2014,"30509",82,83
2014,"30510",14,39
2014,"30511",46,73
2014,"30512",41,43
2014,"30514",240,221
2014,"30515",123,118
2014,"30516",28,53
2014,"30517",139,177
2014,"30520",112,87
2014,"30521",73,45
2014,"30522",131,106
2014,"30524",32,110
2014,"30526",9,19
2014,"30527",108,145
2014,"30529",131,106
2014,"30530",178,149
2014,"30531",396,381
2014,"30532",125,112
2014,"30533",204,216
2014,"30534",56,84
2014,"30536",80,93
2014,"30538",77,76
2014,"30539",60,80
2014,"30541",116,53
2014,"30542",77,52
2014,"30543",49,87
2014,"30544",46,70
2014,"30601",151,101
2014,"30602",118,221
2014,"30603",654,650
2014,"30604",1405,1313
2014,"30605",476,398
2014,"30607",647,553
2014,"30608",190,195
2014,"30609",13,37
2014,"30612",68,98
2014,"30613",66,99
2014,"30614",57,48
2014,"30615",350,320
2014,"30616",80,70
2014,"30618",339,379
2014,"30620",259,259
2014,"30621",158,127
2014,"30623",283,209
2014,"30625",178,176
2014,"30626",392,286
2014,"30627",180,172
2014,"30629",83,100
2014,"30631",85,92
2014,"30633",52,46
2014,"30635",68,71
2014,"30636",75,70
2014,"30637",73,77
2014,"30639",1151,2408
2014,"30641",187,160
2014,"30645",98,118
2014,"30646",107,117
2014,"30701",17,17
2014,"30702",111,77
2014,"30703",33,24
2014,"30704",362,351
2014,"30706",130,117
2014,"30708",43,44
2014,"30709",96,82
2014,"30710",273,291
2014,"30711",97,79
2014,"30712",37,34
2014,"30713",37,29
2014,"30715",19,39
2014,"30716",192,167
2014,"30718",51,40
2014,"30719",67,46
2014,"30721",55,59
2014,"30722",46,41
2014,"30724",103,83
2014,"30726",115,113
2014,"30728",16,30
2014,"30729",160,181
2014,"30730",297,222
2014,"30731",180,138
2014,"30732",315,288
2014,"30733",65,44
2014,"30734",91,78
2014,"30735",241,207
2014,"30736",169,152
2014,"30737",88,58
2014,"30738",26,20
2014,"30739",142,94
2014,"30740",774,774
2014,"30741",100,81
2014,"30801",2,5
2014,"30802",9,7
2014,"30803",168,190
2014,"30804",47,70
2014,"30805",87,87
2014,"30808",442,371
2014,"30810",39,53
2014,"30811",111,94
2014,"30812",13,22
2014,"30813",65,73
2014,"30814",102,62
2014,"30817",589,563
2014,"30819",6,11
2014,"30821",655,428
2014,"30822",4,3
2014,"30824",42,51
2014,"30825",44,31
2014,"30826",69,47
2014,"30827",116,119
2014,"30828",33,28
2014,"30829",39,40
2014,"30830",123,107
2014,"30831",156,130
2014,"30834",17,26
2014,"30835",145,137
2014,"30836",30,45
2014,"30838",155,99
2014,"30841",67,64
2014,"30842",66,78
2014,"30844",107,89
2014,"30845",71,47
2014,"30846",8,1
2014,"30848",58,64
2014,"30849",39,33
2014,"30850",63,57
2014,"30852",89,95
2014,"30854",57,42
2014,"30856",461,394
2014,"30857",34,37
2014,"30858",130,39
2014,"30859",25,31
2014,"30860",120,73
2014,"30863",207,169
2014,"30865",49,46
2014,"30902",36,57
2014,"30903",57,64
2014,"30904",22,35
2014,"30906",25,27
2014,"30908",312,281
2014,"30909",56,65
2014,"30910",32,42
2014,"30912",27,30
2014,"30913",26,18
2014,"30915",10,8
2014,"30916",186,232
2014,"30917",17,16
2014,"30920",64,79
2014,"30921",41,48
2014,"30925",90,60
2014,"30929",10,20
2014,"30932",33,33
2014,"30935",188,253
2014,"30939",24,29
2014,"30940",33,32
2014,"30942",94,65
2014,"31001",25,34
2014,"31008",128,115
2014,"31009",75,64
2014,"31014",36,47
2014,"31015",63,46
2014,"31016",24,59
2014,"31018",68,62
2014,"31019",40,35
2014,"31021",53,47
2014,"31022",709,595
2014,"31025",14,19
2014,"31026",68,81
2014,"31028",51,34
2014,"31033",63,44
2014,"31035",48,52
2014,"31036",73,72
2014,"31037",206,144
2014,"31038",40,55
2014,"31041",30,25
2014,"31042",69,50
2014,"31043",95,54
2014,"31051",108,59
2014,"31052",80,89
2014,"31053",195,124
2014,"31101",29,45
2014,"31102",14,20
2014,"31103",27,39
2014,"31104",42,26
2014,"31105",166,135
2014,"31106",147,129
2014,"31107",30,40
2014,"31109",330,294
2014,"31110",26,45
2014,"31111",29,21
2014,"31113",22,17
2014,"31114",28,42
2014,"31117",13,17
2014,"31119",11,23
2014,"31120",40,33
2014,"31121",45,59
2014,"31123",27,30
2014,"31124",59,50
2014,"31129",45,47
2014,"31130",17,24
2014,"31201",240,217
2014,"31202",69,51
2014,"31203",121,104
2014,"31204",58,53
2014,"31205",70,63
2014,"31206",120,91
2014,"31207",175,122
2014,"31208",107,127
2014,"31213",758,729
2014,"31214",341,337
2014,"31215",36,55
2014,"31216",247,181
2014,"31224",41,34
2014,"31226",194,142
2014,"31227",89,117
2014,"31228",39,39
2014,"31229",59,36
2014,"31230",735,702
2014,"31234",47,63
2014,"31235",526,443
2014,"31301",29,25
2014,"31302",19,33
2014,"31303",52,42
2014,"31304",16,39
2014,"31308",131,90
2014,"31309",136,125
2014,"31310",83,76
2014,"31311",129,116
2014,"31315",123,150
2014,"31319",56,59
2014,"31321",22,36
2014,"31322",333,267
2014,"31323",52,57
2014,"31324",66,48
2014,"31326",13,26
2014,"31327",195,163
2014,"31330",33,50
2014,"31333",108,64
2014,"31336",75,31
2014,"31337",113,87
2014,"31338",27,33
2014,"31340",53,41
2014,"31343",100,116
2014,"31344",52,61
2014,"31346",87,65
2014,"31347",49,32
2014,"31350",15,25
2014,"31351",59,46
2014,"31355",62,62
2014,"31356",37,42
2014,"31401",34,74
2014,"31402",93,90
2014,"31403",258,255
2014,"31404",55,61
2014,"31405",63,40
2014,"31406",34,45
2014,"31407",201,321
2014,"31408",23,84
2014,"31409",33,81
2014,"31410",48,93
2014,"31411",41,54
2014,"31412",155,166
2014,"31413",193,242
2014,"31414",92,85
2014,"31502",43,44
2014,"31503",65,62
2014,"31504",56,38
2014,"31505",143,169
2014,"31506",13,19
2014,"31507",90,82
2014,"31508",58,52
2014,"31509",82,58
2014,"31511",50,48
2014,"31513",52,40
2014,"31514",73,95
2014,"31515",21,32
2014,"31516",53,41
2014,"31517",74,51
2014,"31519",45,47
2014,"31520",137,170
2014,"31521",163,111
2014,"31522",71,75
2014,"31523",39,45
2014,"31524",350,285
2014,"31525",50,43
2014,"31527",71,86
2014,"31528",34,21
2014,"31530",116,133
2014,"31531",56,64
2014,"31533",214,195
2014,"31534",54,117
2014,"31535",26,9
2014,"31537",89,87
2014,"31539",95,132
2014,"31540",51,61
2014,"31541",11,18
2014,"31542",36,41
2014,"31543",30,30
2014,"31546",41,43
2014,"31549",349,314
2014,"31550",42,58
2014,"31551",51,94
2014,"31552",121,43
2014,"31553",49,59
2014,"31601",48,41
2014,"31603",72,60
2014,"31604",75,68
2014,"31605",46,36
2014,"31606",35,42
2014,"31608",17,14
2014,"31609",41,28
2014,"31611",20,40
2014,"31612",181,143
2014,"31613",23,28
2014,"31614",79,98
2014,"31615",26,42
2014,"31616",34,28
2014,"31617",48,59
2014,"31620",52,30
2014,"31621",25,33
2014,"31622",57,56
2014,"31627",61,56
2014,"31628",66,54
2014,"31629",225,201
2014,"31630",102,77
2014,"31633",535,452
2014,"31634",75,47
2014,"31636",52,42
2014,"31642",31,26
2014,"31644",245,182
2014,"31645",54,43
2014,"31646",18,23
2014,"31649",70,74
2014,"31650",41,48
2014,"31651",123,99
2014,"31652",20,17
2014,"31653",42,49
2014,"31654",92,114
2014,"31655",311,264
2014,"31658",15,11
2014,"31701",112,59
2014,"31702",146,107
2014,"31703",288,228
2014,"31704",631,631
2014,"31706",69,89
2014,"31707",172,102
2014,"31709",166,177
2014,"31710",403,382
2014,"31711",53,43
2014,"31712",213,237
2014,"31713",143,162
2014,"31714",32,32
2014,"31715",166,141
2014,"31716",565,547
2014,"31717",1263,1318
2014,"31718",153,104
2014,"31719",763,639
2014,"31723",462,337
2014,"31725",535,427
2014,"31726",167,105
2014,"31801",9,5
2014,"31802",92,79
2014,"31803",69,70
2014,"31804",129,82
2014,"31805",12,13
2014,"31806",10,16
2014,"31807",46,43
2014,"31808",125,122
2014,"31809",39,56
2014,"31810",352,344
2014,"31811",140,178
2014,"31812",136,177
2014,"31813",152,146
2014,"31814",173,167
2014,"31815",29,17
2014,"31817",62,102
2014,"31818",698,714
2014,"31820",19,18
2014,"31821",87,186
2014,"31823",170,148
2014,"31825",12,23
2014,"31826",94,106
2014,"31827",11,13
2014,"31829",234,282
2014,"31830",15,16
2014,"31831",101,103
2014,"31832",88,91
2014,"31833",68,54
2014,"31834",35,24
2014,"31835",110,119
2014,"31836",15,24
2014,"31837",70,72
2014,"31838",59,29
2014,"31839",541,560
2014,"31840",52,55
2014,"31841",17,15
2014,"31842",6,9
2014,"31843",48,53
2014,"31844",37,47
2014,"31845",41,48
2014,"31846",91,139
2014,"31847",71,64
2014,"31848",23,38
2014,"31849",56,53
2014,"31901",154,170
2014,"31902",96,88
2014,"31903",232,214
2014,"31904",31,36
2014,"31905",186,193
2014,"31906",48,105
2014,"31907",26,25
2014,"31909",100,98
2014,"31910",65,67
2014,"31911",54,59
2014,"31912",336,330
2014,"31913",75,91
2014,"31915",66,82
2014,"31916",63,64
2014,"31917",65,54
2014,"31918",106,90
2014,"31919",156,101
2014,"31920",22,25
2014,"31921",152,103
2014,"31922",85,108
2014,"31923",40,48
2014,"31925",47,59
2014,"31926",393,386
2014,"31927",134,105
2014,"31928",88,66
2014,"31929",169,163
2014,"31930",85,75
2014,"31932",104,108
2014,"31934",183,134
2014,"31935",98,120
2014,"31938",37,51
2014,"31939",12,9
2014,"31940",72,68
2014,"31941",52,53
2014,"31943",322,246
2014,"31945",45,57
2014,"31946",52,54
2014,"31947",298,299
2014,"31948",145,127
2014,"31949",287,227
2014,"31950",225,175
2014,"31951",405,359
2014,"31952",520,526
2014,"31953",164,157
2014,"31954",70,79
2014,"32001",93,126
2014,"32002",37,36
2014,"32003",94,77
2014,"32004",25,50
2014,"32005",29,47
2014,"32006",57,72
2014,"32007",39,94
2014,"32008",161,173
2014,"32009",47,67
2014,"32010",25,31
2014,"32011",35,39
2014,"32012",30,51
2014,"32013",199,146
2014,"32014",88,73
2014,"32015",31,67
2014,"32016",208,255
2014,"32017",113,137
2014,"32018",43,56
2014,"32101",85,68
2014,"32104",112,119
2014,"32106",117,67
2014,"32107",196,125
2014,"32109",27,32
2014,"32110",112,82
2014,"32112",108,91
2014,"32114",123,116
2014,"32115",32,45
2014,"32116",217,97
2014,"32119",98,104
2014,"32120",160,122
2014,"32131",311,291
2014,"32132",84,82
2014,"32134",83,111
2014,"32135",855,632
2014,"32139",66,71
2014,"32140",107,95
2014,"32141",151,174
2014,"32142",381,326
2014,"32143",86,50
2014,"32144",1174,983
2014,"32202",50,60
2014,"32203",60,75
2014,"32206",32,32
2014,"32207",155,147
2014,"32209",48,53
2014,"32210",46,62
2014,"32212",26,18
2014,"32214",34,38
2014,"32216",106,63
2014,"32217",50,52
2014,"32219",95,94
2014,"32220",254,244
2014,"32221",27,27
2014,"32222",12,17
2014,"32223",25,41
2014,"32301",184,108
2014,"32302",34,27
2014,"32304",234,166
2014,"32305",360,306
2014,"32306",215,134
2014,"32307",226,248
2014,"32308",114,89
2014,"32309",33,42
2014,"32310",42,40
2014,"32311",39,34
2014,"32312",16,23
2014,"32313",150,140
2014,"32314",78,63
2014,"32315",68,66
2014,"32316",190,218
2014,"32317",22,39
2014,"32318",140,142
2014,"32319",126,133
2014,"32320",150,86
2014,"32321",38,21
2014,"32322",30,36
2014,"32323",105,139
2014,"32324",18,16
2014,"32325",41,68
2014,"32326",26,23
2014,"32327",276,212
2014,"32330",234,174
2014,"32331",52,84
2014,"32332",123,101
2014,"32333",80,28
2014,"32334",49,50
2014,"32335",35,40
2014,"32336",120,160
2014,"32337",184,191
2014,"32338",95,90
2014,"32501",72,102
2014,"32502",18,33
2014,"32503",7,8
2014,"32504",47,57
2014,"32505",63,72
2014,"32506",13,24
2014,"32508",67,101
2014,"32509",22,36
2014,"32511",8,11
2014,"32514",13,22
2014,"32515",34,40
2014,"32516",50,44
2014,"32517",27,30
2014,"32518",47,38
2014,"32519",18,18
2014,"32520",43,39
2014,"32521",35,26
2014,"32522",31,38
2014,"32523",11,15
2014,"32524",50,53
2014,"32525",47,44
2014,"32528",29,23
2014,"32529",51,37
2014,"32530",283,272
2014,"40101",9343,8663
2014,"40201",1554,1598
2014,"40301",2482,2756
2014,"40401",197,189
2014,"40402",101,111
2014,"40403",41,22
2014,"40404",623,644
2014,"40405",162,139
2014,"40406",87,95
2014,"40407",64,62
2014,"40408",30,36
2014,"40409",75,87
2014,"40410",48,47
2014,"40411",23,24
2014,"40412",41,41
2014,"40413",194,140
2014,"40414",62,71
2014,"40415",34,41
2014,"40416",41,34
2014,"40417",39,52
2014,"40418",194,188
2014,"40419",118,82
2014,"40420",111,23
2014,"40421",375,380
2014,"40422",240,208
2014,"40423",39,34
2014,"40424",59,56
2014,"40425",77,62
2014,"40426",138,138
2014,"40427",87,81
2014,"40428",155,113
2014,"40429",42,49
2014,"40430",37,33
2014,"40431",56,70
2014,"40432",75,85
2014,"40433",32,40
2014,"40434",23,30
2014,"40435",6,8
2014,"40436",63,57
2014,"40437",114,196
2014,"40438",130,114
2014,"40439",23,10
2014,"40440",21,16
2014,"40441",179,200
2014,"40442",25,15
2014,"40443",54,57
2014,"40444",23,35
2014,"40445",17,20
2014,"40446",59,50
2014,"40501",258,194
2014,"40502",84,94
2014,"40503",291,269
2014,"40504",107,77
2014,"40505",32,32
2014,"40506",92,140
2014,"40507",84,94
2014,"40508",115,120
2014,"40509",85,70
2014,"40510",108,96
2014,"40511",132,126
2014,"40512",52,62
2014,"40601",356,381
2014,"40602",55,64
2014,"40603",81,95
2014,"40604",130,141
2014,"40605",22,33
2014,"40606",15,8
2014,"40607",99,106
2014,"40608",45,57
2014,"40609",85,88
2014,"40610",25,24
2014,"40611",37,47
2014,"40612",114,103
2014,"40613",17,38
2014,"40614",200,205
2014,"40615",68,115
2014,"40616",26,52
2014,"40617",27,48
2014,"40618",87,85
2014,"40619",48,32
2014,"40620",69,125
2014,"40621",50,59
2014,"40622",60,80
2014,"40623",33,38
2014,"40624",181,146
2014,"40625",20,33
2014,"40626",37,65
2014,"40627",88,91
2014,"40701",453,422
2014,"40702",195,246
2014,"40703",557,523
2014,"40704",180,218
2014,"40705",768,757
2014,"40706",46,53
2014,"40707",90,98
2014,"40708",96,106
2014,"40709",33,53
2014,"40710",84,69
2014,"40711",433,414
2014,"40712",33,46
2014,"40713",172,217
2014,"40714",222,199
2014,"40715",94,101
2014,"40716",37,32
2014,"40717",88,106
2014,"40718",76,87
2014,"40719",171,168
2014,"40720",259,260
2014,"40801",33,60
2014,"40802",279,219
2014,"40804",34,46
2014,"40805",357,358
2014,"40806",140,118
2014,"40807",57,52
2014,"40808",267,303
2014,"40809",105,117
2014,"40810",25,23
2014,"40811",78,70
2014,"40812",82,106
2014,"40813",75,68
2014,"40814",79,29
2014,"40815",21,32
2014,"40816",53,62
2014,"40817",31,47
2014,"40818",60,100
2014,"40820",15,11
2014,"40821",25,31
2014,"40822",75,55
2014,"40823",25,38
2014,"40824",54,60
2014,"40825",86,74
2014,"40826",34,24
2014,"40827",167,143
2014,"40828",38,45
2014,"40829",78,90
2014,"40830",63,44
2014,"40831",162,129
2014,"40832",133,109
2014,"40833",54,46
2014,"40834",33,19
2014,"40835",195,186
2014,"40901",12,24
2014,"40902",178,199
2014,"40903",28,37
2014,"40904",58,96
2014,"40905",370,270
2014,"40906",33,43
2014,"40907",252,234
2014,"40908",251,273
2014,"40909",98,138
2014,"40910",70,94
2014,"40911",29,18
2014,"40912",208,187
2014,"40913",133,134
2014,"40914",23,37
2014,"40915",65,87
2014,"40916",13,21
2014,"40917",183,199
2014,"40918",105,78
2014,"40919",33,32
2014,"40920",86,78
2014,"40921",19,22
2014,"40922",124,132
2014,"40923",123,116
2014,"41001",63,44
2014,"41002",914,1012
2014,"41003",381,372
2014,"41004",60,44
2014,"41005",571,607
2014,"41006",87,70
2014,"41007",334,392
2014,"41008",79,91
2014,"41009",155,157
2014,"41010",125,93
2014,"41011",131,158
2014,"41012",1948,1705
2014,"41013",232,262
2014,"41014",419,295
2014,"41015",83,67
2014,"41016",115,70
2014,"41017",469,457
2014,"41018",66,63
2014,"41019",175,165
2014,"41020",192,229
2014,"41021",1336,1528
2014,"41022",173,247
2014,"41101",53,38
2014,"41102",48,36
2014,"41103",66,95
2014,"41104",28,29
2014,"41105",146,121
2014,"41106",159,130
2014,"41107",31,46
2014,"41108",525,755
2014,"41109",162,165
2014,"41110",165,205
2014,"41111",237,290
2014,"41112",80,71
2014,"41113",45,59
2014,"41114",106,139
2014,"41115",31,46
2014,"41116",414,343
2014,"41117",22,28
2014,"41118",126,158
2014,"41119",38,69
2014,"41120",189,152
2014,"41121",83,119
2014,"41122",17,22
2014,"41123",89,84
2014,"41124",229,257
2014,"41125",89,88
2014,"41126",53,51
2014,"41201",42,27
2014,"41202",35,63
2014,"41203",134,170
2014,"41204",118,123
2014,"41205",45,35
2014,"41206",11,16
2014,"41207",80,84
2014,"41208",40,71
2014,"41209",103,88
2014,"41210",25,33
2014,"41211",26,30
2014,"41212",42,41
2014,"41213",72,59
2014,"41214",116,114
2014,"41215",40,79
2014,"41216",10,13
2014,"41217",29,23
2014,"41218",157,95
2014,"41219",113,85
2014,"41220",50,63
2014,"41221",37,35
2014,"41222",18,27
2014,"41223",29,34
2014,"41224",104,73
2014,"41225",784,806
2014,"41226",19,36
2014,"41227",29,30
2014,"41228",115,80
2014,"41229",46,31
2014,"41230",48,38
2014,"41231",65,90
2014,"41232",63,56
2014,"41233",73,87
2014,"41234",115,85
2014,"41235",20,18
2014,"41236",24,16
2014,"41304",91,85
2014,"41305",30,34
2014,"41306",14,26
2014,"41307",12,20
2014,"41309",146,144
2014,"41311",3,9
2014,"41312",28,46
2014,"41313",32,58
2014,"41314",29,37
2014,"41315",77,88
2014,"41316",79,45
2014,"41317",37,38
2014,"41318",46,52
2014,"41319",14,22
2014,"41320",12,12
2014,"41321",77,103
2014,"41322",14,23
2014,"41323",37,47
2014,"41324",30,35
2014,"41325",45,60
2014,"41326",36,46
2014,"41327",27,45
2014,"41328",36,46
2014,"41329",18,41
2014,"41331",35,43
2014,"41332",134,169
2014,"41333",31,11
2014,"41334",65,38
2014,"41336",26,41
2014,"41337",28,60
2014,"41338",56,86
2014,"41341",38,30
2014,"41342",104,110
2014,"41343",101,112
2014,"41344",244,224
2014,"41345",60,53
2014,"41346",25,45
2014,"41401",29,20
2014,"41402",186,179
2014,"41403",119,99
2014,"41404",35,72
2014,"41405",24,28
2014,"41406",45,38
2014,"41407",55,66
2014,"41408",55,30
2014,"41409",89,64
2014,"41410",35,56
2014,"41411",60,66
2014,"41412",14,18
2014,"41413",52,78
2014,"41414",94,115
2014,"41415",65,55
2014,"41416",120,79
2014,"41417",45,46
2014,"41418",164,183
2014,"41419",75,82
2014,"41420",40,35
2014,"41421",33,41
2014,"41422",293,265
2014,"41423",78,60
2014,"41424",42,45
2014,"41425",202,147
2014,"41426",77,97
2014,"41427",20,42
2014,"41428",21,44
2014,"41429",93,67
2014,"41430",85,77
2014,"41501",92,73
2014,"41502",91,74
2014,"41503",304,286
2014,"41504",147,151
2014,"41505",48,42
2014,"41506",386,360
2014,"41507",88,76
2014,"41508",42,54
2014,"41509",42,69
2014,"41510",42,55
2014,"41511",107,101
2014,"41512",55,57
2014,"41513",61,55
2014,"41514",137,126
2014,"41515",41,57
2014,"41516",506,397
2014,"41517",106,156
2014,"41518",102,96
2014,"41521",154,122
2014,"41522",130,149
2014,"41601",160,151
2014,"41602",211,158
2014,"41603",151,153
2014,"41604",62,97
2014,"41605",374,324
2014,"41606",188,146
2014,"41607",311,332
2014,"41608",39,40
2014,"41609",257,164
2014,"41610",26,30
2014,"41611",103,122
2014,"41612",77,79
2014,"41613",81,85
2014,"41614",109,82
2014,"41615",80,110
2014,"41616",28,10
2014,"41617",218,198
2014,"41618",185,218
2014,"41619",91,54
2014,"41620",46,70
2014,"41621",45,61
2014,"41622",45,54
2014,"41623",37,28
2014,"41624",345,250
2014,"41626",207,203
2014,"41627",101,69
2014,"41628",74,76
2014,"41701",167,214
2014,"41702",95,98
2014,"41703",502,556
2014,"41704",39,49
2014,"41705",82,73
2014,"41706",36,33
2014,"41707",99,79
2014,"41708",33,44
2014,"41709",155,137
2014,"41710",184,200
2014,"41711",130,91
2014,"41712",44,56
2014,"41713",299,352
2014,"41714",23,25
2014,"41715",323,232
2014,"41716",72,101
2014,"41717",51,33
2014,"41718",76,48
2014,"41719",80,63
2014,"41720",76,61
2014,"41721",37,41
2014,"41722",170,212
2014,"41723",62,59
2014,"41724",27,35
2014,"41725",16,17
2014,"41726",87,108
2014,"41727",54,64
2014,"41728",22,14
2014,"41729",6,13
2014,"41730",58,70
2014,"41731",374,343
2014,"41732",117,105
2014,"41733",7,4
2014,"41734",227,2964
2014,"41735",99,121
2014,"41736",52,85
2014,"41737",256,208
2014,"41738",347,309
2014,"41739",321,278
2014,"41740",111,108
2014,"41741",70,81
2014,"41742",191,175
2014,"41743",452,473
2014,"41744",72,59
2014,"41745",69,68
2014,"41746",803,814
2014,"41747",228,226
2014,"41748",29,18
2014,"41749",48,63
2014,"41750",71,143
2014,"41751",111,113
2014,"41752",74,50
2014,"41801",12,18
2014,"41802",30,46
2014,"41803",96,112
2014,"41804",183,174
2014,"41805",191,89
2014,"41806",111,109
2014,"41807",52,51
2014,"41808",248,186
2014,"41809",84,66
2014,"41810",124,95
2014,"41811",222,295
2014,"41812",670,651
2014,"41813",45,49
2014,"41814",96,69
2014,"41815",31,39
2014,"41816",101,145
2014,"41817",186,99
2014,"41818",76,69
2014,"41819",100,87
2014,"41820",248,234
2014,"41821",106,104
2014,"41822",83,65
2014,"41823",357,362
2014,"41824",189,171
2014,"50101",5269,5127
2014,"50201",234,234
2014,"50202",122,142
2014,"50203",88,144
2014,"50204",198,175
2014,"50205",918,894
2014,"50206",12,20
2014,"50207",245,231
2014,"50208",215,229
2014,"50209",320,273
2014,"50210",19,25
2014,"50211",59,60
2014,"50212",51,51
2014,"50213",95,93
2014,"50301",226,236
2014,"50302",155,164
2014,"50303",288,263
2014,"50304",61,71
2014,"50305",249,199
2014,"50306",75,88
2014,"50307",57,48
2014,"50308",95,133
2014,"50309",288,288
2014,"50310",294,345
2014,"50311",119,93
2014,"50312",74,114
2014,"50313",34,21
2014,"50314",337,358
2014,"50315",147,117
2014,"50316",226,230
2014,"50317",247,240
2014,"50318",11,26
2014,"50319",177,183
2014,"50320",95,98
2014,"50321",112,131
2014,"50322",234,146
2014,"50323",139,133
2014,"50324",491,330
2014,"50325",133,74
2014,"50326",215,331
2014,"50327",205,209
2014,"50328",82,77
2014,"50329",86,96
2014,"50330",147,162
2014,"50331",44,28
2014,"50332",84,108
2014,"50335",291,305
2014,"50336",117,124
2014,"50337",227,212
2014,"50338",625,613
2014,"50339",457,539
2014,"50401",174,171
2014,"50402",207,239
2014,"50403",174,280
2014,"50404",391,396
2014,"50405",58,43
2014,"50406",109,110
2014,"50407",29,55
2014,"50408",94,95
2014,"50409",19,15
2014,"50410",91,88
2014,"50411",68,112
2014,"50412",50,98
2014,"50413",12,17
2014,"50414",18,19
2014,"50415",56,73
2014,"50416",74,98
2014,"50417",190,189
2014,"50418",473,519
2014,"50419",38,44
2014,"50420",187,170
2014,"50421",136,171
2014,"50422",21,40
2014,"50423",90,106
2014,"50424",139,125
2014,"50425",41,47
2014,"50501",1,8
2014,"50502",11,13
2014,"50503",112,85
2014,"50504",84,52
2014,"50505",9,18
2014,"50506",72,82
2014,"50507",23,22
2014,"50508",18,34
2014,"50509",114,126
2014,"50510",171,189
2014,"50511",11,12
2014,"50512",12,15
2014,"50513",34,42
2014,"50514",1,6
2014,"50515",31,34
2014,"50601",105,124
2014,"50602",242,247
2014,"50603",3,19
2014,"50604",27,36
2014,"50605",63,50
2014,"50606",142,150
2014,"50607",15,33
2014,"50608",42,72
2014,"50609",107,107
2014,"50610",50,46
2014,"50611",226,143
2014,"50612",66,67
2014,"50613",234,301
2014,"50614",59,77
2014,"50615",87,96
2014,"50616",130,134
2014,"50617",58,53
2014,"50618",85,131
2014,"50619",514,544
2014,"50620",59,33
2014,"50621",61,54
2014,"50622",122,154
2014,"50623",94,115
2014,"50624",128,113
2014,"50625",19,25
2014,"50626",33,43
2014,"50627",29,16
2014,"50628",479,529
2014,"60101",11993,11088
2014,"60305",152,155
2014,"60318",203,172
2014,"60323",103,104
2014,"60324",149,96
2014,"60326",89,59
2014,"60329",74,69
2014,"60341",86,95
2014,"60344",529,498
2014,"60345",235,325
2014,"60346",188,198
2014,"60347",111,132
2014,"60348",154,157
2014,"60349",146,199
2014,"60350",333,345
2014,"60351",201,188
2014,"60608",492,401
2014,"60611",276,225
2014,"60613",582,452
2014,"60617",271,294
2014,"60618",81,77
2014,"60619",155,148
2014,"60623",151,126
2014,"60624",356,367
2014,"60626",133,118
2014,"60628",199,124
2014,"60629",313,272
2014,"60632",189,164
2014,"60639",43,59
2014,"60641",68,65
2014,"60642",94,80
2014,"60645",132,116
2014,"60646",143,133
2014,"60647",17,14
2014,"60648",118,112
2014,"60651",80,77
2014,"60653",286,209
2014,"60654",126,112
2014,"60655",167,169
2014,"60656",71,84
2014,"60659",211,276
2014,"60660",236,225
2014,"60661",276,239
2014,"60662",264,213
2014,"60663",223,194
2014,"60664",552,646
2014,"60665",254,284
2014,"60666",156,132
2014,"60667",197,222
2014,"60668",77,131
2014,"60669",654,671
2014,"60670",488,317
2014,"61001",58,80
2014,"61002",80,124
2014,"61007",55,60
2014,"61008",79,105
2014,"61012",186,162
2014,"61013",78,109
2014,"61016",83,80
2014,"61017",69,74
2014,"61019",69,46
2014,"61020",98,81
2014,"61021",148,118
2014,"61024",104,90
2014,"61027",53,64
2014,"61030",71,78
2014,"61032",70,72
2014,"61033",93,77
2014,"61043",163,171
2014,"61045",404,358
2014,"61049",180,152
2014,"61050",107,124
2014,"61051",101,119
2014,"61052",161,154
2014,"61053",963,724
2014,"61054",124,160
2014,"61055",56,58
2014,"61057",40,78
2014,"61059",323,307
2014,"61060",185,170
2014,"61061",352,328
2014,"61101",64,197
2014,"61105",33,43
2014,"61106",78,77
2014,"61107",52,52
2014,"61108",1420,1267
2014,"61109",55,72
2014,"61110",143,152
2014,"61111",84,62
2014,"61112",14,19
2014,"61113",140,195
2014,"61114",121,133
2014,"61115",78,83
2014,"61116",86,59
2014,"61118",83,88
2014,"61119",29,26
2014,"61120",454,388
2014,"61203",121,140
2014,"61204",103,86
2014,"61205",34,43
2014,"61206",57,47
2014,"61207",183,200
2014,"61213",155,153
2014,"61215",53,47
2014,"61217",91,128
2014,"61222",119,63
2014,"61236",92,110
2014,"61243",110,111
2014,"61247",143,130
2014,"61251",9,12
2014,"61252",39,63
2014,"61253",152,146
2014,"61254",46,42
2014,"61255",161,160
2014,"61256",52,84
2014,"61257",162,176
2014,"61258",66,103
2014,"61259",375,384
2014,"61260",31,69
2014,"61261",75,89
2014,"61262",78,96
2014,"61263",208,267
2014,"61264",57,87
2014,"61265",251,273
2014,"61266",51,65
2014,"61267",136,142
2014,"61410",18,35
2014,"61413",12,31
2014,"61425",60,59
2014,"61428",29,33
2014,"61437",14,52
2014,"61438",126,148
2014,"61439",154,148
2014,"61440",42,78
2014,"61441",29,18
2014,"61442",39,69
2014,"61443",42,65
2014,"61444",73,86
2014,"61445",45,78
2014,"61446",84,64
2014,"61611",123,135
2014,"61612",153,123
2014,"61615",175,102
2014,"61618",110,128
2014,"61621",23,20
2014,"61624",108,113
2014,"61625",443,514
2014,"61626",268,255
2014,"61627",59,62
2014,"61628",50,62
2014,"61629",32,39
2014,"61630",61,50
2014,"61631",544,520
2014,"61632",178,166
2014,"61633",228,158
2014,"61701",81,99
2014,"61708",28,41
2014,"61710",43,52
2014,"61711",20,25
2014,"61716",125,136
2014,"61719",156,167
2014,"61727",175,152
2014,"61728",9,23
2014,"61729",75,100
2014,"61730",112,76
2014,"61731",88,62
2014,"61740",65,80
2014,"61741",37,51
2014,"61743",30,20
2014,"61744",21,19
2014,"61745",32,48
2014,"61746",206,179
2014,"61748",187,156
2014,"61750",38,63
2014,"61751",109,107
2014,"61756",136,128
2014,"61757",140,144
2014,"61758",43,65
2014,"61759",44,45
2014,"61760",724,578
2014,"61761",59,61
2014,"61762",73,86
2014,"61763",104,120
2014,"61764",97,157
2014,"61765",268,246
2014,"61766",557,616
2014,"62007",339,346
2014,"62008",26,47
2014,"62010",12,19
2014,"62014",97,81
2014,"62021",5,13
2014,"62026",25,34
2014,"62032",25,35
2014,"62034",40,33
2014,"62036",54,61
2014,"62038",442,467
2014,"62039",56,84
2014,"62040",504,600
2014,"62041",580,626
2014,"62042",92,87
2014,"62043",114,114
2014,"62044",101,117
2014,"62045",76,102
2014,"62046",94,107
2014,"62047",274,299
2014,"62048",147,178
2014,"62105",40,53
2014,"62115",145,224
2014,"62116",132,125
2014,"62125",95,100
2014,"62128",170,188
2014,"62131",131,348
2014,"62132",27,40
2014,"62135",48,42
2014,"62138",91,118
2014,"62139",867,748
2014,"62140",852,1022
2014,"62141",368,305
2014,"62142",132,184
2014,"62143",418,414
2014,"62144",247,303
2014,"62145",236,236
2014,"62146",151,189
2014,"62147",81,81
2014,"62148",58,90
2014,"62202",80,76
2014,"62205",68,65
2014,"62206",65,63
2014,"62209",55,49
2014,"62211",89,114
2014,"62214",70,76
2014,"62216",56,49
2014,"62219",399,321
2014,"62220",99,149
2014,"62226",101,124
2014,"62232",64,56
2014,"62233",138,100
2014,"62235",72,97
2014,"62242",12,27
2014,"62244",184,117
2014,"62245",33,53
2014,"62247",93,146
2014,"62252",97,65
2014,"62256",91,80
2014,"62262",34,53
2014,"62264",116,143
2014,"62265",37,58
2014,"62266",66,76
2014,"62267",517,324
2014,"62268",102,110
2014,"62269",87,70
2014,"62270",64,101
2014,"62271",144,152
2014,"62272",131,134
2014,"62273",81,105
2014,"62274",115,103
2014,"62275",175,204
2014,"62276",63,84
2014,"62277",62,111
2014,"62278",96,115
2014,"62279",33,51
2014,"62311",69,63
2014,"62314",50,46
2014,"62326",48,49
2014,"62330",29,62
2014,"62332",41,50
2014,"62335",44,58
2014,"62343",48,38
2014,"62368",43,51
2014,"62372",52,48
2014,"62375",247,232
2014,"62376",125,116
2014,"62377",49,81
2014,"62378",245,272
2014,"62379",601,542
2014,"62380",147,161
2014,"62381",119,108
2014,"62382",155,167
2014,"62383",118,149
2014,"62384",100,134
2014,"62385",110,118
2014,"62386",159,180
2014,"62387",49,68
2014,"62388",102,115
2014,"62389",107,132
2014,"62390",102,137
2014,"70101",5830,5592
2014,"70201",125,113
2014,"70202",146,146
2014,"70203",496,396
2014,"70204",21,13
2014,"70205",25,65
2014,"70206",16,24
2014,"70207",26,35
2014,"70208",112,119
2014,"70209",160,171
2014,"70210",24,19
2014,"70211",116,145
2014,"70212",40,66
2014,"70213",72,65
2014,"70214",79,85
2014,"70215",108,93
2014,"70216",53,62
2014,"70217",20,37
2014,"70218",82,56
2014,"70219",79,95
2014,"70220",76,115
2014,"70221",120,86
2014,"70222",104,108
2014,"70223",77,84
2014,"70224",75,53
2014,"70301",300,294
2014,"70302",249,192
2014,"70303",107,120
2014,"70304",349,264
2014,"70305",71,65
2014,"70306",90,94
2014,"70307",31,37
2014,"70308",99,61
2014,"70309",117,100
2014,"70310",164,188
2014,"70311",34,30
2014,"70312",329,415
2014,"70313",99,60
2014,"70314",41,25
2014,"70315",78,41
2014,"70317",8,17
2014,"70318",102,63
2014,"70319",193,166
2014,"70320",141,123
2014,"70322",63,71
2014,"70323",49,32
2014,"70325",104,64
2014,"70326",103,100
2014,"70328",92,104
2014,"70329",231,201
2014,"70331",90,111
2014,"70332",143,76
2014,"70333",37,60
2014,"70334",129,160
2014,"70335",99,63
2014,"70336",8,15
2014,"70337",106,89
2014,"70338",41,34
2014,"70339",67,38
2014,"70340",51,35
2014,"70342",77,56
2014,"70343",41,62
2014,"70344",129,173
2014,"70345",95,74
2014,"70346",457,449
2014,"70347",3,9
2014,"70348",63,48
2014,"70349",13,16
2014,"70350",52,102
2014,"70351",153,190
2014,"70352",27,52
2014,"70353",83,89
2014,"70354",1023,666
2014,"70355",194,173
2014,"70356",59,52
2014,"70357",678,560
2014,"70358",190,192
2014,"70359",35,44
2014,"70360",107,69
2014,"70361",20,13
2014,"70362",3,14
2014,"70364",297,332
2014,"70365",231,225
2014,"70366",23,22
2014,"70367",359,357
2014,"70368",42,46
2014,"70369",405,372
2014,"70370",168,106
2014,"70401",44,49
2014,"70402",64,96
2014,"70403",568,1002
2014,"70404",61,98
2014,"70405",55,51
2014,"70406",196,198
2014,"70407",56,47
2014,"70408",45,61
2014,"70409",143,177
2014,"70410",153,196
2014,"70411",262,318
2014,"70412",178,264
2014,"70413",127,81
2014,"70414",66,73
2014,"70415",41,28
2014,"70416",406,351
2014,"70417",58,57
2014,"70418",36,34
2014,"70419",52,84
2014,"70420",98,110
2014,"70501",36,49
2014,"70502",52,49
2014,"70503",131,138
2014,"70504",33,38
2014,"70505",91,119
2014,"70506",145,145
2014,"70508",274,224
2014,"70509",87,105
2014,"70510",44,31
2014,"70511",260,268
2014,"70512",204,186
2014,"70513",796,763
2014,"70514",159,121
2014,"70515",155,151
2014,"70516",22,25
2014,"70517",152,100
2014,"70518",68,114
2014,"70519",13,11
2014,"70520",144,92
2014,"70521",76,56
2014,"70522",187,193
2014,"70523",17,13
2014,"70524",57,40
2014,"70525",113,131
2014,"70526",84,88
2014,"70527",106,163
2014,"70528",86,72
2014,"70529",75,69
2014,"70530",90,96
2014,"70531",550,573
2014,"70601",5,5
2014,"70602",7,7
2014,"70603",31,26
2014,"70604",92,118
2014,"70605",31,22
2014,"70606",10,18
2014,"70607",41,50
2014,"70608",38,26
2014,"70609",35,50
2014,"70610",2,8
2014,"70611",22,19
2014,"70612",20,14
2014,"70613",17,23
2014,"70614",269,350
2014,"70615",31,29
2014,"70616",49,37
2014,"70617",48,73
2014,"70618",20,30
2014,"70619",49,84
2014,"70620",55,48
2014,"70621",71,105
2014,"70622",39,44
2014,"70623",26,28
2014,"70624",33,28
2014,"70625",2,3
2014,"70626",17,24
2014,"70627",20,40
2014,"70628",17,14
2014,"70629",22,17
2014,"70630",142,114
2014,"70701",29,17
2014,"70702",24,22
2014,"70703",71,19
2014,"70704",20,42
2014,"70705",47,59
2014,"70706",7,12
2014,"70707",80,107
2014,"70708",38,38
2014,"70709",10,18
2014,"70710",9,14
2014,"70711",24,26
2014,"70712",16,29
2014,"70713",22,36
2014,"70714",17,11
2014,"70715",31,53
2014,"70716",531,503
2014,"70717",74,86
2014,"70718",22,43
2014,"70719",114,152
2014,"70720",45,32
2014,"70721",7,13
2014,"70723",6,18
2014,"70724",9,25
2014,"70725",4,7
2014,"70726",4,15
2014,"70727",10,10
2014,"70728",36,56
2014,"70729",22,29
2014,"70731",42,25
2014,"70732",41,53
2014,"70733",11,9
2014,"70734",32,39
2014,"70735",18,37
2014,"70801",12,33
2014,"70802",16,20
2014,"70803",30,29
2014,"70804",9,37
2014,"70805",123,155
2014,"70806",57,57
2014,"70807",50,80
2014,"70808",26,23
2014,"70809",7,8
2014,"70810",17,18
2014,"70811",11,31
2014,"70812",2,1
2014,"70813",20,26
2014,"70814",15,28
2014,"70815",1,1
2014,"70816",45,71
2014,"70817",9,12
2014,"70818",2,4
2014,"70819",1,0
2014,"70820",79,138
2014,"70821",44,39
2014,"70822",5,11
2014,"70823",1,7
2014,"70824",17,21
2014,"70825",2,1
2014,"70826",52,49
2014,"70827",11,18
2014,"70828",388,293
2014,"70829",10,12
2014,"70830",14,10
2014,"70831",11,15
2014,"70832",18,35
2014,"70833",36,36
2014,"70834",5,3
2014,"70835",56,32
2014,"70836",50,39
2014,"70837",4,5
2014,"70901",50,80
2014,"70902",56,62
2014,"70903",10,3
2014,"70904",32,33
2014,"70905",101,94
2014,"70907",107,140
2014,"70908",58,72
2014,"70909",214,194
2014,"70910",45,47
2014,"70911",43,31
2014,"70912",18,32
2014,"70913",13,21
2014,"70914",15,11
2014,"70915",61,77
2014,"70916",24,34
2014,"70917",253,305
2014,"70918",50,45
2014,"70920",119,155
2014,"70921",53,55
2014,"70922",57,51
2014,"70923",69,63
2014,"70924",20,26
2014,"70925",52,74
2014,"70926",601,590
2014,"70927",57,56
2014,"70928",107,108
2014,"70929",7,13
2014,"70930",26,44
2014,"70931",62,65
2014,"70932",23,15
2014,"70933",79,69
2014,"70934",35,82
2014,"70935",77,71
2014,"70936",265,212
2014,"70937",72,64
2014,"70938",56,56
2014,"70939",116,91
2014,"70940",64,58
2014,"70941",13,22
2014,"80101",93,103
2014,"80102",4,6
2014,"80103",747,722
2014,"80104",144,137
2014,"80105",27,30
2014,"80106",223,179
2014,"80107",26,35
2014,"80108",50,64
2014,"80109",13,11
2014,"80110",49,55
2014,"80111",64,55
2014,"80112",24,24
2014,"80113",58,71
2014,"80114",16,27
2014,"80115",209,206
2014,"80116",289,298
2014,"80117",228,248
2014,"80118",35,48
2014,"80119",15,33
2014,"80120",61,92
2014,"80121",17,19
2014,"80122",186,231
2014,"80123",37,37
2014,"80124",10,27
2014,"80125",12,9
2014,"80126",117,142
2014,"80127",27,25
2014,"80128",135,100
2014,"80129",116,123
2014,"80201",165,135
2014,"80202",70,85
2014,"80203",43,52
2014,"80204",86,81
2014,"80205",33,35
2014,"80206",37,40
2014,"80207",1418,1460
2014,"80208",20,13
2014,"80209",9,24
2014,"80210",43,54
2014,"80211",136,116
2014,"80212",15,17
2014,"80213",196,204
2014,"80214",63,49
2014,"80215",640,582
2014,"80216",77,94
2014,"80217",334,380
2014,"80218",237,282
2014,"80219",37,57
2014,"80220",99,115
2014,"80221",26,61
2014,"80222",68,74
2014,"80223",45,44
2014,"80224",572,547
2014,"80225",45,45
2014,"80226",299,248
2014,"80227",39,51
2014,"80228",22,71
2014,"80229",11,24
2014,"80230",35,33
2014,"80231",34,38
2014,"80232",10,13
2014,"80233",20,34
2014,"80234",12,9
2014,"80235",215,210
2014,"80236",38,65
2014,"80237",17,23
2014,"80238",69,96
2014,"80239",13,10
2014,"80240",432,479
2014,"80301",2022,1835
2014,"80302",733,743
2014,"80303",848,774
2014,"80401",351,318
2014,"80402",18,12
2014,"80403",7,9
2014,"80404",1587,1503
2014,"80405",351,367
2014,"80406",48,50
2014,"80407",176,145
2014,"80408",652,677
2014,"80409",182,210
2014,"80410",259,217
2014,"80411",15,23
2014,"80412",182,179
2014,"80413",145,138
2014,"80414",606,662
2014,"80415",25,27
2014,"80416",154,147
2014,"80417",123,108
2014,"80418",103,150
2014,"80419",31,37
2014,"80420",144,156
2014,"80421",23,16
2014,"80422",18,14
2014,"80423",141,151
2014,"80424",237,182
2014,"90101",1235,1263
2014,"90201",9920,9743
2014,"90301",7500,7589
2014,"90401",2765,3123
2014,"90501",5733,6341
2014,"90601",3594,3703
2014,"90701",3277,3325
2014,"90801",3221,4301
2014,"90901",4732,5434
2014,"91001",13732,13721
2014,"91101",6606,6295
2014,"91201",8047,8328
2014,"91301",3904,3353
2014,"91401",7228,6567
2014,"91501",8201,8933
2014,"91601",9057,9723
2014,"91701",5846,5858
2014,"91801",4258,4446
2014,"91901",5032,4732
2014,"92001",7406,8011
2014,"92101",9904,8331
2014,"92201",10477,7617
2014,"92301",5260,5175
2015,"10101",925,1127
2015,"10201",78,70
2015,"10301",68,71
2015,"10302",72,62
2015,"10303",85,68
2015,"10304",151,89
2015,"10305",99,118
2015,"10306",49,39
2015,"10307",65,67
2015,"10308",79,61
2015,"10309",173,196
2015,"10310",41,35
2015,"10311",32,41
2015,"10312",148,71
2015,"10313",56,62
2015,"10314",43,36
2015,"10315",115,115
2015,"10316",194,114
2015,"10317",90,62
2015,"10318",97,73
2015,"10319",73,65
2015,"10320",20,18
2015,"10321",18,26
2015,"10322",46,57
2015,"10323",58,51
2015,"10401",28,34
2015,"10402",51,70
2015,"10403",27,29
2015,"10404",39,55
2015,"10405",213,221
2015,"10406",16,19
2015,"10407",34,52
2015,"10408",59,73
2015,"10409",18,25
2015,"10410",41,26
2015,"10411",69,47
2015,"10412",32,33
2015,"10413",28,23
2015,"10414",190,124
2015,"10415",90,145
2015,"10416",94,93
2015,"10417",77,145
2015,"10418",20,15
2015,"10419",53,20
2015,"10420",6,6
2015,"10421",21,18
2015,"10422",3,7
2015,"10423",4,3
2015,"10424",7,10
2015,"10425",21,5
2015,"10426",11,15
2015,"10427",32,17
2015,"10428",12,23
2015,"10501",48,38
2015,"10502",41,39
2015,"10503",59,51
2015,"10504",203,149
2015,"10505",39,38
2015,"10506",48,45
2015,"10507",51,35
2015,"10508",103,75
2015,"10509",65,60
2015,"10510",29,36
2015,"10511",18,34
2015,"10512",9,14
2015,"10601",54,59
2015,"10602",129,127
2015,"10603",76,36
2015,"10604",38,26
2015,"10605",83,80
2015,"10606",337,303
2015,"10607",270,238
2015,"10608",41,18
2015,"10609",142,144
2015,"10610",129,77
2015,"10611",98,130
2015,"10612",84,75
2015,"10613",51,64
2015,"10614",45,50
2015,"10615",90,72
2015,"10616",28,28
2015,"10617",36,27
2015,"10618",37,41
2015,"10619",19,10
2015,"10701",63,42
2015,"10702",35,35
2015,"10703",159,177
2015,"10704",21,16
2015,"10705",133,122
2015,"10706",42,15
2015,"10707",135,136
2015,"10708",56,53
2015,"10709",80,61
2015,"10710",75,49
2015,"10711",79,65
2015,"10712",63,78
2015,"10713",436,340
2015,"10714",56,58
2015,"10715",37,36
2015,"10716",47,42
2015,"10717",194,185
2015,"10718",137,54
2015,"10719",48,28
2015,"10720",15,21
2015,"10721",26,50
2015,"10722",115,86
2015,"10723",50,46
2015,"10724",102,77
2015,"10725",25,31
2015,"10726",129,91
2015,"10727",23,23
2015,"10801",99,96
2015,"10802",43,39
2015,"10803",31,38
2015,"10804",47,59
2015,"10805",64,104
2015,"10806",19,17
2015,"10807",72,86
2015,"10808",68,34
2015,"10809",71,59
2015,"10810",53,27
2015,"10811",80,67
2015,"10812",65,40
2015,"10813",38,35
2015,"10814",32,44
2015,"10815",41,51
2015,"10816",203,181
2015,"10817",49,49
2015,"10818",35,20
2015,"10819",65,32
2015,"10820",31,42
2015,"10821",53,46
2015,"10822",50,61
2015,"10823",50,43
2015,"10824",30,16
2015,"10825",50,73
2015,"10826",14,17
2015,"10827",11,29
2015,"10828",25,24
2015,"10901",114,95
2015,"10902",119,140
2015,"10903",31,26
2015,"10904",37,44
2015,"10905",151,183
2015,"10906",33,35
2015,"10907",69,89
2015,"10908",73,70
2015,"10909",64,50
2015,"10910",57,45
2015,"10911",37,34
2015,"10912",80,95
2015,"10913",30,16
2015,"10914",62,64
2015,"10915",30,28
2015,"10916",155,155
2015,"10917",454,381
2015,"10918",338,318
2015,"10919",199,206
2015,"10920",82,82
2015,"10921",75,77
2015,"10922",46,42
2015,"10923",78,78
2015,"10924",34,26
2015,"10925",44,32
2015,"10926",40,28
2015,"10927",46,46
2015,"10928",93,91
2015,"10929",22,27
2015,"10930",26,27
2015,"10931",6,9
2015,"10932",11,28
2015,"20101",4643,4197
2015,"20201",2480,2274
2015,"20302",33,36
2015,"20305",137,239
2015,"20306",171,253
2015,"20307",137,102
2015,"20316",62,47
2015,"20320",33,47
2015,"20321",18,23
2015,"20402",469,390
2015,"20403",107,110
2015,"20405",244,301
2015,"20409",171,125
2015,"20412",100,137
2015,"20414",104,103
2015,"20415",274,1709
2015,"20416",68,61
2015,"20417",177,117
2015,"20418",180,207
2015,"20419",90,80
2015,"20421",338,292
2015,"20424",179,166
2015,"20425",182,144
2015,"20428",31,37
2015,"20432",121,138
2015,"20435",114,109
2015,"20441",12,22
2015,"20442",161,168
2015,"20501",408,936
2015,"20502",131,165
2015,"20503",24,34
2015,"20504",85,90
2015,"20505",199,193
2015,"20506",35,49
2015,"20508",57,43
2015,"20509",52,100
2015,"20511",54,77
2015,"20512",98,92
2015,"20513",93,80
2015,"20515",164,149
2015,"20518",41,63
2015,"20519",23,43
2015,"20520",54,75
2015,"20523",228,166
2015,"20527",668,750
2015,"20530",106,134
2015,"20531",97,98
2015,"20534",152,154
2015,"20601",63,85
2015,"20602",67,92
2015,"20603",29,29
2015,"20604",31,43
2015,"20605",32,49
2015,"20607",49,45
2015,"20608",92,81
2015,"20609",35,69
2015,"20610",11,35
2015,"20611",36,50
2015,"20613",20,28
2015,"20616",108,127
2015,"20618",22,25
2015,"20619",40,56
2015,"20620",150,121
2015,"20622",41,60
2015,"20624",81,49
2015,"20625",87,63
2015,"20627",106,75
2015,"20630",196,268
2015,"20631",29,44
2015,"20632",40,51
2015,"20633",75,73
2015,"20634",250,271
2015,"20635",634,652
2015,"20636",30,39
2015,"20637",79,60
2015,"20638",17,48
2015,"20639",16,25
2015,"20640",61,48
2015,"20642",35,81
2015,"20643",114,89
2015,"20644",45,76
2015,"20701",86,72
2015,"20702",256,255
2015,"20703",24,69
2015,"20705",88,112
2015,"20707",22,21
2015,"20708",39,61
2015,"20710",90,103
2015,"20711",509,444
2015,"20712",51,53
2015,"20713",41,39
2015,"20719",81,84
2015,"20720",236,206
2015,"20721",82,87
2015,"20722",204,230
2015,"20723",37,65
2015,"20724",288,227
2015,"20725",493,427
2015,"20726",126,126
2015,"20727",312,302
2015,"20801",158,232
2015,"20802",81,75
2015,"20803",302,313
2015,"20804",111,163
2015,"20805",97,100
2015,"20806",83,101
2015,"20807",63,70
2015,"20808",139,129
2015,"20810",36,31
2015,"20812",63,70
2015,"20813",332,443
2015,"20815",130,90
2015,"20817",453,463
2015,"20901",135,150
2015,"20905",181,179
2015,"20909",77,102
2015,"20911",23,38
2015,"20912",83,92
2015,"20913",441,530
2015,"20914",45,92
2015,"20918",124,133
2015,"20923",807,867
2015,"21001",34,38
2015,"21002",570,601
2015,"21003",108,103
2015,"21004",30,63
2015,"21005",107,138
2015,"21006",60,265
2015,"21007",52,66
2015,"21008",89,93
2015,"21009",236,207
2015,"21010",155,156
2015,"30101",1576,1353
2015,"30201",2579,2243
2015,"30301",408,447
2015,"30401",2708,2382
2015,"30501",65,72
2015,"30502",1252,1152
2015,"30503",131,135
2015,"30504",195,159
2015,"30506",156,130
2015,"30507",80,73
2015,"30508",177,155
2015,"30509",75,103
2015,"30510",19,27
2015,"30511",97,52
2015,"30512",55,53
2015,"30514",188,224
2015,"30515",130,134
2015,"30516",39,48
2015,"30517",201,146
2015,"30520",94,109
2015,"30521",34,58
2015,"30522",91,105
2015,"30524",34,102
2015,"30526",62,23
2015,"30527",85,116
2015,"30529",96,130
2015,"30530",194,162
2015,"30531",389,409
2015,"30532",110,116
2015,"30533",187,193
2015,"30534",84,64
2015,"30536",65,98
2015,"30538",79,80
2015,"30539",79,80
2015,"30541",70,82
2015,"30542",70,59
2015,"30543",81,97
2015,"30544",75,61
2015,"30601",158,121
2015,"30602",164,217
2015,"30603",760,598
2015,"30604",1479,1314
2015,"30605",467,404
2015,"30607",518,530
2015,"30608",251,219
2015,"30609",52,15
2015,"30612",110,121
2015,"30613",102,125
2015,"30614",57,36
2015,"30615",305,277
2015,"30616",54,72
2015,"30618",288,358
2015,"30620",273,284
2015,"30621",204,93
2015,"30623",258,219
2015,"30625",190,202
2015,"30626",513,248
2015,"30627",134,182
2015,"30629",104,96
2015,"30631",99,115
2015,"30633",66,75
2015,"30635",74,75
2015,"30636",87,46
2015,"30637",107,93
2015,"30639",1053,3890
2015,"30641",175,171
2015,"30645",124,127
2015,"30646",123,124
2015,"30701",57,18
2015,"30702",117,87
2015,"30703",29,34
2015,"30704",406,310
2015,"30706",140,130
2015,"30708",68,57
2015,"30709",99,79
2015,"30710",242,315
2015,"30711",76,78
2015,"30712",39,24
2015,"30713",59,69
2015,"30715",21,12
2015,"30716",164,161
2015,"30718",46,49
2015,"30719",77,41
2015,"30721",75,53
2015,"30722",42,39
2015,"30724",104,80
2015,"30726",122,107
2015,"30728",31,35
2015,"30729",162,199
2015,"30730",263,235
2015,"30731",193,157
2015,"30732",562,265
2015,"30733",64,75
2015,"30734",87,95
2015,"30735",265,242
2015,"30736",183,154
2015,"30737",86,76
2015,"30738",42,25
2015,"30739",115,108
2015,"30740",1019,1112
2015,"30741",123,69
2015,"30801",18,7
2015,"30802",2,8
2015,"30803",181,169
2015,"30804",121,74
2015,"30805",78,74
2015,"30808",444,416
2015,"30810",32,47
2015,"30811",105,122
2015,"30812",39,37
2015,"30813",74,67
2015,"30814",69,81
2015,"30817",711,576
2015,"30819",15,13
2015,"30821",602,493
2015,"30822",3,2
2015,"30824",42,31
2015,"30825",47,40
2015,"30826",61,54
2015,"30827",133,109
2015,"30828",24,30
2015,"30829",43,54
2015,"30830",174,122
2015,"30831",209,129
2015,"30834",19,12
2015,"30835",108,163
2015,"30836",44,35
2015,"30838",127,103
2015,"30841",62,55
2015,"30842",108,105
2015,"30844",148,73
2015,"30845",63,52
2015,"30846",5,2
2015,"30848",90,58
2015,"30849",18,37
2015,"30850",56,64
2015,"30852",94,113
2015,"30854",46,26
2015,"30856",646,397
2015,"30857",40,34
2015,"30858",152,80
2015,"30859",26,34
2015,"30860",116,83
2015,"30863",215,187
2015,"30865",40,41
2015,"30902",51,37
2015,"30903",69,77
2015,"30904",25,32
2015,"30906",17,21
2015,"30908",294,327
2015,"30909",52,85
2015,"30910",62,52
2015,"30912",25,28
2015,"30913",32,13
2015,"30915",8,16
2015,"30916",188,223
2015,"30917",20,20
2015,"30920",39,49
2015,"30921",38,35
2015,"30925",99,69
2015,"30929",23,25
2015,"30932",40,24
2015,"30935",198,257
2015,"30939",24,16
2015,"30940",37,35
2015,"30942",132,63
2015,"31001",51,25
2015,"31008",142,111
2015,"31009",78,54
2015,"31014",46,46
2015,"31015",59,71
2015,"31016",48,40
2015,"31018",74,68
2015,"31019",56,54
2015,"31021",37,34
2015,"31022",738,605
2015,"31025",17,20
2015,"31026",110,51
2015,"31028",33,42
2015,"31033",47,33
2015,"31035",45,57
2015,"31036",69,93
2015,"31037",231,159
2015,"31038",58,34
2015,"31041",32,27
2015,"31042",43,34
2015,"31043",80,78
2015,"31051",86,95
2015,"31052",65,69
2015,"31053",147,133
2015,"31101",32,31
2015,"31102",19,31
2015,"31103",70,58
2015,"31104",46,33
2015,"31105",197,124
2015,"31106",186,146
2015,"31107",44,73
2015,"31109",402,318
2015,"31110",46,35
2015,"31111",16,28
2015,"31113",34,24
2015,"31114",39,30
2015,"31117",16,16
2015,"31119",13,19
2015,"31120",28,30
2015,"31121",29,50
2015,"31123",32,37
2015,"31124",56,75
2015,"31129",44,62
2015,"31130",31,17
2015,"31201",237,187
2015,"31202",67,41
2015,"31203",163,134
2015,"31204",40,47
2015,"31205",98,74
2015,"31206",178,107
2015,"31207",147,166
2015,"31208",141,114
2015,"31213",846,859
2015,"31214",385,341
2015,"31215",38,53
2015,"31216",224,210
2015,"31224",31,43
2015,"31226",144,121
2015,"31227",91,81
2015,"31228",38,46
2015,"31229",77,62
2015,"31230",847,635
2015,"31234",37,75
2015,"31235",610,490
2015,"31301",24,29
2015,"31302",29,31
2015,"31303",28,43
2015,"31304",23,21
2015,"31308",101,101
2015,"31309",127,153
2015,"31310",90,84
2015,"31311",143,112
2015,"31315",89,123
2015,"31319",60,42
2015,"31321",44,39
2015,"31322",285,300
2015,"31323",39,42
2015,"31324",60,51
2015,"31326",33,19
2015,"31327",218,170
2015,"31330",56,60
2015,"31333",103,102
2015,"31336",80,37
2015,"31337",82,86
2015,"31338",54,39
2015,"31340",37,42
2015,"31343",89,107
2015,"31344",50,81
2015,"31346",65,75
2015,"31347",20,31
2015,"31350",37,35
2015,"31351",88,41
2015,"31355",60,57
2015,"31356",35,28
2015,"31401",34,63
2015,"31402",83,78
2015,"31403",263,305
2015,"31404",56,56
2015,"31405",31,32
2015,"31406",45,36
2015,"31407",228,326
2015,"31408",41,79
2015,"31409",25,33
2015,"31410",52,67
2015,"31411",64,79
2015,"31412",163,167
2015,"31413",200,216
2015,"31414",90,75
2015,"31502",36,34
2015,"31503",91,107
2015,"31504",90,60
2015,"31505",131,125
2015,"31506",11,10
2015,"31507",84,79
2015,"31508",47,48
2015,"31509",72,87
2015,"31511",77,48
2015,"31513",61,58
2015,"31514",109,91
2015,"31515",41,35
2015,"31516",42,34
2015,"31517",51,49
2015,"31519",40,44
2015,"31520",144,164
2015,"31521",152,121
2015,"31522",57,84
2015,"31523",43,28
2015,"31524",306,327
2015,"31525",46,67
2015,"31527",127,112
2015,"31528",33,34
2015,"31530",87,99
2015,"31531",76,95
2015,"31533",229,207
2015,"31534",62,82
2015,"31535",24,19
2015,"31537",74,107
2015,"31539",120,105
2015,"31540",61,81
2015,"31541",20,22
2015,"31542",39,48
2015,"31543",30,32
2015,"31546",32,44
2015,"31549",292,294
2015,"31550",63,53
2015,"31551",50,78
2015,"31552",99,50
2015,"31553",64,61
2015,"31601",40,29
2015,"31603",79,61
2015,"31604",73,74
2015,"31605",51,44
2015,"31606",46,34
2015,"31608",24,12
2015,"31609",30,34
2015,"31611",25,15
2015,"31612",192,146
2015,"31613",37,24
2015,"31614",89,87
2015,"31615",46,57
2015,"31616",38,51
2015,"31617",60,54
2015,"31620",46,48
2015,"31621",22,49
2015,"31622",63,55
2015,"31627",59,46
2015,"31628",80,60
2015,"31629",241,188
2015,"31630",95,98
2015,"31633",633,456
2015,"31634",59,72
2015,"31636",29,35
2015,"31642",38,44
2015,"31644",216,211
2015,"31645",54,54
2015,"31646",23,29
2015,"31649",61,65
2015,"31650",37,49
2015,"31651",98,101
2015,"31652",15,14
2015,"31653",45,36
2015,"31654",119,81
2015,"31655",330,328
2015,"31658",9,24
2015,"31701",86,64
2015,"31702",180,151
2015,"31703",249,262
2015,"31704",692,706
2015,"31706",77,63
2015,"31707",136,127
2015,"31709",213,180
2015,"31710",451,465
2015,"31711",132,37
2015,"31712",266,284
2015,"31713",158,197
2015,"31714",47,30
2015,"31715",156,159
2015,"31716",599,607
2015,"31717",1347,1664
2015,"31718",170,99
2015,"31719",744,678
2015,"31723",356,339
2015,"31725",532,461
2015,"31726",145,98
2015,"31801",24,16
2015,"31802",91,79
2015,"31803",66,69
2015,"31804",140,64
2015,"31805",22,18
2015,"31806",21,24
2015,"31807",35,45
2015,"31808",90,96
2015,"31809",23,39
2015,"31810",341,314
2015,"31811",121,180
2015,"31812",110,150
2015,"31813",120,156
2015,"31814",135,179
2015,"31815",27,37
2015,"31817",78,93
2015,"31818",784,701
2015,"31820",28,30
2015,"31821",142,147
2015,"31823",150,138
2015,"31825",9,20
2015,"31826",116,109
2015,"31827",2,6
2015,"31829",250,398
2015,"31830",22,6
2015,"31831",120,117
2015,"31832",95,74
2015,"31833",47,53
2015,"31834",16,26
2015,"31835",170,120
2015,"31836",28,17
2015,"31837",70,62
2015,"31838",47,58
2015,"31839",537,627
2015,"31840",48,60
2015,"31841",19,14
2015,"31842",14,5
2015,"31843",61,67
2015,"31844",75,50
2015,"31845",57,30
2015,"31846",122,107
2015,"31847",58,31
2015,"31848",56,46
2015,"31849",32,43
2015,"31901",199,183
2015,"31902",107,113
2015,"31903",231,201
2015,"31904",64,49
2015,"31905",233,234
2015,"31906",43,97
2015,"31907",56,22
2015,"31909",81,107
2015,"31910",63,40
2015,"31911",46,57
2015,"31912",321,343
2015,"31913",80,63
2015,"31915",56,60
2015,"31916",129,60
2015,"31917",63,64
2015,"31918",108,90
2015,"31919",209,114
2015,"31920",24,34
2015,"31921",229,126
2015,"31922",101,70
2015,"31923",38,43
2015,"31925",32,73
2015,"31926",517,376
2015,"31927",105,144
2015,"31928",56,74
2015,"31929",206,185
2015,"31930",103,110
2015,"31932",74,115
2015,"31934",152,149
2015,"31935",123,125
2015,"31938",47,32
2015,"31939",9,12
2015,"31940",79,95
2015,"31941",47,55
2015,"31943",295,245
2015,"31945",63,59
2015,"31946",49,54
2015,"31947",320,318
2015,"31948",172,127
2015,"31949",263,235
2015,"31950",149,174
2015,"31951",470,407
2015,"31952",637,552
2015,"31953",162,152
2015,"31954",91,86
2015,"32001",94,105
2015,"32002",49,51
2015,"32003",82,92
2015,"32004",34,38
2015,"32005",54,48
2015,"32006",65,97
2015,"32007",35,86
2015,"32008",187,193
2015,"32009",42,53
2015,"32010",37,51
2015,"32011",34,39
2015,"32012",29,36
2015,"32013",148,141
2015,"32014",72,68
2015,"32015",46,33
2015,"32016",206,239
2015,"32017",113,102
2015,"32018",69,74
2015,"32101",109,68
2015,"32104",151,114
2015,"32106",74,79
2015,"32107",211,117
2015,"32109",17,19
2015,"32110",90,81
2015,"32112",92,78
2015,"32114",149,92
2015,"32115",46,56
2015,"32116",175,100
2015,"32119",111,106
2015,"32120",147,109
2015,"32131",405,279
2015,"32132",132,68
2015,"32134",132,92
2015,"32135",907,709
2015,"32139",92,56
2015,"32140",129,103
2015,"32141",140,150
2015,"32142",330,373
2015,"32143",74,54
2015,"32144",1501,1872
2015,"32202",52,51
2015,"32203",43,51
2015,"32206",27,35
2015,"32207",116,171
2015,"32209",59,54
2015,"32210",37,55
2015,"32212",25,35
2015,"32214",24,20
2015,"32216",119,70
2015,"32217",47,35
2015,"32219",63,87
2015,"32220",304,261
2015,"32221",46,26
2015,"32222",12,12
2015,"32223",36,34
2015,"32301",248,143
2015,"32302",43,23
2015,"32304",184,213
2015,"32305",301,266
2015,"32306",220,163
2015,"32307",244,230
2015,"32308",121,95
2015,"32309",27,27
2015,"32310",46,57
2015,"32311",68,93
2015,"32312",29,33
2015,"32313",128,141
2015,"32314",74,83
2015,"32315",66,64
2015,"32316",172,175
2015,"32317",36,31
2015,"32318",95,120
2015,"32319",153,152
2015,"32320",153,110
2015,"32321",29,30
2015,"32322",30,19
2015,"32323",130,145
2015,"32324",15,10
2015,"32325",52,89
2015,"32326",18,32
2015,"32327",298,282
2015,"32330",238,173
2015,"32331",67,63
2015,"32332",145,143
2015,"32333",43,47
2015,"32334",55,42
2015,"32335",39,42
2015,"32336",126,187
2015,"32337",275,215
2015,"32338",118,101
2015,"32501",49,88
2015,"32502",22,34
2015,"32503",5,5
2015,"32504",35,28
2015,"32505",84,68
2015,"32506",28,26
2015,"32508",123,114
2015,"32509",20,38
2015,"32511",9,11
2015,"32514",12,26
2015,"32515",42,51
2015,"32516",23,38
2015,"32517",22,47
2015,"32518",44,41
2015,"32519",18,14
2015,"32520",34,29
2015,"32521",35,39
2015,"32522",39,51
2015,"32523",12,23
2015,"32524",55,67
2015,"32525",69,57
2015,"32528",19,21
2015,"32529",30,53
2015,"32530",314,310
2015,"40101",9693,9994
2015,"40201",1548,1721
2015,"40301",2697,2857
2015,"40401",198,195
2015,"40402",100,98
2015,"40403",23,32
2015,"40404",808,607
2015,"40405",138,195
2015,"40406",103,104
2015,"40407",78,64
2015,"40408",53,53
2015,"40409",75,80
2015,"40410",40,30
2015,"40411",25,16
2015,"40412",33,57
2015,"40413",207,278
2015,"40414",67,58
2015,"40415",39,48
2015,"40416",27,32
2015,"40417",42,49
2015,"40418",205,177
2015,"40419",111,98
2015,"40420",107,90
2015,"40421",438,371
2015,"40422",275,251
2015,"40423",35,44
2015,"40424",74,49
2015,"40425",72,64
2015,"40426",169,154
2015,"40427",97,90
2015,"40428",155,170
2015,"40429",29,38
2015,"40430",40,32
2015,"40431",47,45
2015,"40432",53,77
2015,"40433",40,55
2015,"40434",23,40
2015,"40435",13,18
2015,"40436",64,53
2015,"40437",148,158
2015,"40438",106,112
2015,"40439",23,31
2015,"40440",7,17
2015,"40441",188,221
2015,"40442",41,24
2015,"40443",62,59
2015,"40444",20,28
2015,"40445",24,24
2015,"40446",65,66
2015,"40501",404,277
2015,"40502",105,125
2015,"40503",348,315
2015,"40504",105,134
2015,"40505",30,36
2015,"40506",188,111
2015,"40507",105,124
2015,"40508",126,113
2015,"40509",138,154
2015,"40510",121,94
2015,"40511",149,186
2015,"40512",54,63
2015,"40601",549,367
2015,"40602",59,63
2015,"40603",90,112
2015,"40604",186,148
2015,"40605",20,33
2015,"40606",10,17
2015,"40607",102,109
2015,"40608",63,49
2015,"40609",113,92
2015,"40610",51,29
2015,"40611",29,41
2015,"40612",116,97
2015,"40613",37,34
2015,"40614",219,199
2015,"40615",158,106
2015,"40616",29,28
2015,"40617",29,44
2015,"40618",123,107
2015,"40619",63,51
2015,"40620",91,98
2015,"40621",40,61
2015,"40622",73,64
2015,"40623",26,39
2015,"40624",198,183
2015,"40625",21,16
2015,"40626",44,72
2015,"40627",111,109
2015,"40701",455,435
2015,"40702",205,237
2015,"40703",557,549
2015,"40704",267,224
2015,"40705",851,907
2015,"40706",59,34
2015,"40707",84,86
2015,"40708",122,135
2015,"40709",15,37
2015,"40710",80,68
2015,"40711",533,485
2015,"40712",18,41
2015,"40713",478,557
2015,"40714",216,237
2015,"40715",83,84
2015,"40716",31,36
2015,"40717",91,92
2015,"40718",79,85
2015,"40719",211,200
2015,"40720",334,270
2015,"40801",69,49
2015,"40802",387,260
2015,"40804",25,30
2015,"40805",496,411
2015,"40806",168,134
2015,"40807",41,56
2015,"40808",403,383
2015,"40809",85,118
2015,"40810",25,19
2015,"40811",62,72
2015,"40812",77,109
2015,"40813",88,88
2015,"40814",70,34
2015,"40815",37,45
2015,"40816",57,83
2015,"40817",40,61
2015,"40818",90,107
2015,"40820",8,11
2015,"40821",46,34
2015,"40822",89,84
2015,"40823",26,29
2015,"40824",46,46
2015,"40825",64,56
2015,"40826",10,6
2015,"40827",181,161
2015,"40828",35,28
2015,"40829",84,75
2015,"40830",35,44
2015,"40831",146,161
2015,"40832",105,139
2015,"40833",58,49
2015,"40834",21,21
2015,"40835",182,145
2015,"40901",30,38
2015,"40902",185,197
2015,"40903",22,32
2015,"40904",84,87
2015,"40905",402,293
2015,"40906",47,60
2015,"40907",269,231
2015,"40908",283,307
2015,"40909",125,113
2015,"40910",100,85
2015,"40911",20,20
2015,"40912",197,200
2015,"40913",158,141
2015,"40914",39,44
2015,"40915",91,91
2015,"40916",22,12
2015,"40917",205,265
2015,"40918",126,129
2015,"40919",35,35
2015,"40920",86,92
2015,"40921",29,28
2015,"40922",129,144
2015,"40923",144,119
2015,"41001",60,68
2015,"41002",918,900
2015,"41003",358,384
2015,"41004",68,40
2015,"41005",600,655
2015,"41006",69,62
2015,"41007",593,649
2015,"41008",96,69
2015,"41009",193,170
2015,"41010",107,73
2015,"41011",178,192
2015,"41012",1991,1725
2015,"41013",338,271
2015,"41014",348,273
2015,"41015",81,68
2015,"41016",136,93
2015,"41017",655,445
2015,"41018",69,90
2015,"41019",194,171
2015,"41020",184,215
2015,"41021",1401,1511
2015,"41022",281,244
2015,"41101",65,54
2015,"41102",86,60
2015,"41103",91,117
2015,"41104",38,37
2015,"41105",128,117
2015,"41106",146,121
2015,"41107",53,34
2015,"41108",369,1876
2015,"41109",181,155
2015,"41110",265,212
2015,"41111",287,290
2015,"41112",70,85
2015,"41113",44,62
2015,"41114",179,142
2015,"41115",40,54
2015,"41116",445,393
2015,"41117",37,30
2015,"41118",152,165
2015,"41119",41,63
2015,"41120",272,168
2015,"41121",77,126
2015,"41122",24,23
2015,"41123",83,65
2015,"41124",282,235
2015,"41125",101,109
2015,"41126",68,62
2015,"41201",39,36
2015,"41202",43,50
2015,"41203",225,247
2015,"41204",132,131
2015,"41205",43,25
2015,"41206",16,13
2015,"41207",80,82
2015,"41208",61,38
2015,"41209",111,75
2015,"41210",33,25
2015,"41211",22,23
2015,"41212",59,45
2015,"41213",73,72
2015,"41214",139,104
2015,"41215",86,87
2015,"41216",18,15
2015,"41217",25,27
2015,"41218",121,100
2015,"41219",217,128
2015,"41220",70,92
2015,"41221",38,43
2015,"41222",40,21
2015,"41223",40,35
2015,"41224",93,124
2015,"41225",1007,806
2015,"41226",30,34
2015,"41227",27,17
2015,"41228",127,102
2015,"41229",44,41
2015,"41230",46,61
2015,"41231",73,87
2015,"41232",48,61
2015,"41233",69,91
2015,"41234",84,114
2015,"41235",32,41
2015,"41236",18,23
2015,"41304",74,75
2015,"41305",41,44
2015,"41306",18,18
2015,"41307",16,20
2015,"41309",130,103
2015,"41311",19,8
2015,"41312",57,44
2015,"41313",40,52
2015,"41314",30,31
2015,"41315",67,117
2015,"41316",75,25
2015,"41317",23,34
2015,"41318",67,71
2015,"41319",9,14
2015,"41320",14,7
2015,"41321",76,63
2015,"41322",54,29
2015,"41323",65,48
2015,"41324",28,39
2015,"41325",67,68
2015,"41326",36,46
2015,"41327",39,37
2015,"41328",82,54
2015,"41329",46,38
2015,"41331",48,36
2015,"41332",119,86
2015,"41333",16,36
2015,"41334",59,53
2015,"41336",7,24
2015,"41337",31,27
2015,"41338",63,67
2015,"41341",30,47
2015,"41342",107,106
2015,"41343",148,112
2015,"41344",314,234
2015,"41345",80,50
2015,"41346",38,28
2015,"41401",36,12
2015,"41402",155,153
2015,"41403",103,115
2015,"41404",85,58
2015,"41405",37,60
2015,"41406",57,46
2015,"41407",71,71
2015,"41408",28,40
2015,"41409",101,65
2015,"41410",37,34
2015,"41411",66,67
2015,"41412",14,9
2015,"41413",106,82
2015,"41414",118,109
2015,"41415",36,56
2015,"41416",97,105
2015,"41417",34,49
2015,"41418",181,178
2015,"41419",70,115
2015,"41420",39,39
2015,"41421",32,32
2015,"41422",389,292
2015,"41423",65,93
2015,"41424",76,59
2015,"41425",258,134
2015,"41426",129,89
2015,"41427",49,67
2015,"41428",33,25
2015,"41429",93,102
2015,"41430",79,79
2015,"41501",96,77
2015,"41502",107,83
2015,"41503",437,266
2015,"41504",171,115
2015,"41505",61,45
2015,"41506",402,384
2015,"41507",116,121
2015,"41508",22,20
2015,"41509",82,57
2015,"41510",30,54
2015,"41511",99,115
2015,"41512",53,66
2015,"41513",125,60
2015,"41514",97,90
2015,"41515",47,61
2015,"41516",435,484
2015,"41517",147,137
2015,"41518",72,112
2015,"41521",217,117
2015,"41522",182,116
2015,"41601",172,176
2015,"41602",187,195
2015,"41603",225,144
2015,"41604",117,108
2015,"41605",417,381
2015,"41606",166,271
2015,"41607",453,371
2015,"41608",30,55
2015,"41609",264,203
2015,"41610",34,27
2015,"41611",166,125
2015,"41612",89,68
2015,"41613",122,94
2015,"41614",129,126
2015,"41615",132,115
2015,"41616",10,19
2015,"41617",368,294
2015,"41618",221,206
2015,"41619",55,94
2015,"41620",44,65
2015,"41621",74,67
2015,"41622",76,56
2015,"41623",55,63
2015,"41624",369,458
2015,"41626",249,184
2015,"41627",76,93
2015,"41628",69,66
2015,"41701",170,215
2015,"41702",82,113
2015,"41703",512,538
2015,"41704",44,45
2015,"41705",76,79
2015,"41706",43,36
2015,"41707",72,77
2015,"41708",28,34
2015,"41709",251,207
2015,"41710",201,210
2015,"41711",134,117
2015,"41712",64,39
2015,"41713",337,328
2015,"41714",29,39
2015,"41715",466,506
2015,"41716",81,90
2015,"41717",33,32
2015,"41718",45,55
2015,"41719",61,82
2015,"41720",54,73
2015,"41721",47,41
2015,"41722",197,245
2015,"41723",108,59
2015,"41724",21,23
2015,"41725",16,16
2015,"41726",102,90
2015,"41727",65,63
2015,"41728",20,22
2015,"41729",34,28
2015,"41730",60,79
2015,"41731",369,327
2015,"41732",108,71
2015,"41733",9,11
2015,"41734",371,4657
2015,"41735",111,124
2015,"41736",72,77
2015,"41737",223,188
2015,"41738",350,307
2015,"41739",270,287
2015,"41740",58,173
2015,"41741",80,88
2015,"41742",227,198
2015,"41743",489,512
2015,"41744",83,54
2015,"41745",55,60
2015,"41746",1023,874
2015,"41747",257,233
2015,"41748",31,25
2015,"41749",88,59
2015,"41750",101,117
2015,"41751",77,96
2015,"41752",87,59
2015,"41801",16,20
2015,"41802",44,36
2015,"41803",103,99
2015,"41804",196,238
2015,"41805",163,85
2015,"41806",200,105
2015,"41807",40,40
2015,"41808",239,186
2015,"41809",126,32
2015,"41810",107,101
2015,"41811",327,255
2015,"41812",689,607
2015,"41813",43,36
2015,"41814",74,81
2015,"41815",36,33
2015,"41816",117,129
2015,"41817",153,122
2015,"41818",57,61
2015,"41819",82,87
2015,"41820",227,280
2015,"41821",73,87
2015,"41822",109,89
2015,"41823",328,347
2015,"41824",184,157
2015,"50101",6301,7338
2015,"50201",401,352
2015,"50202",138,119
2015,"50203",87,135
2015,"50204",151,148
2015,"50205",963,996
2015,"50206",31,24
2015,"50207",229,346
2015,"50208",295,223
2015,"50209",473,316
2015,"50210",12,18
2015,"50211",53,49
2015,"50212",41,39
2015,"50213",99,134
2015,"50301",280,270
2015,"50302",129,154
2015,"50303",324,248
2015,"50304",90,109
2015,"50305",238,182
2015,"50306",70,47
2015,"50307",67,51
2015,"50308",205,166
2015,"50309",305,348
2015,"50310",345,326
2015,"50311",121,124
2015,"50312",93,133
2015,"50313",47,27
2015,"50314",503,396
2015,"50315",108,113
2015,"50316",210,236
2015,"50317",213,233
2015,"50318",15,14
2015,"50319",201,188
2015,"50320",122,102
2015,"50321",165,138
2015,"50322",138,157
2015,"50323",188,130
2015,"50324",373,375
2015,"50325",108,86
2015,"50326",296,272
2015,"50327",259,245
2015,"50328",51,84
2015,"50329",122,118
2015,"50330",163,183
2015,"50331",61,65
2015,"50332",155,85
2015,"50335",399,330
2015,"50336",105,126
2015,"50337",335,247
2015,"50338",1116,1366
2015,"50339",632,469
2015,"50401",158,176
2015,"50402",260,243
2015,"50403",191,293
2015,"50404",478,377
2015,"50405",43,62
2015,"50406",114,89
2015,"50407",27,55
2015,"50408",112,106
2015,"50409",9,16
2015,"50410",96,93
2015,"50411",57,77
2015,"50412",85,86
2015,"50413",27,24
2015,"50414",30,31
2015,"50415",60,60
2015,"50416",70,93
2015,"50417",228,187
2015,"50418",501,563
2015,"50419",47,47
2015,"50420",185,164
2015,"50421",177,192
2015,"50422",128,145
2015,"50423",178,161
2015,"50424",149,151
2015,"50425",64,40
2015,"50501",5,3
2015,"50502",12,14
2015,"50503",81,69
2015,"50504",89,88
2015,"50505",11,22
2015,"50506",85,113
2015,"50507",26,26
2015,"50508",19,23
2015,"50509",152,188
2015,"50510",320,276
2015,"50511",6,20
2015,"50512",11,19
2015,"50513",30,36
2015,"50514",7,12
2015,"50515",17,14
2015,"50601",85,89
2015,"50602",248,298
2015,"50603",23,21
2015,"50604",43,33
2015,"50605",55,43
2015,"50606",163,157
2015,"50607",24,26
2015,"50608",116,113
2015,"50609",94,112
2015,"50610",124,138
2015,"50611",215,144
2015,"50612",82,82
2015,"50613",227,271
2015,"50614",87,84
2015,"50615",118,109
2015,"50616",168,174
2015,"50617",66,72
2015,"50618",120,140
2015,"50619",603,689
2015,"50620",47,57
2015,"50621",41,46
2015,"50622",134,121
2015,"50623",106,105
2015,"50624",140,101
2015,"50625",24,44
2015,"50626",58,70
2015,"50627",20,15
2015,"50628",531,539
2015,"60101",13238,11754
2015,"60305",130,175
2015,"60318",209,200
2015,"60323",79,72
2015,"60324",107,117
2015,"60326",96,72
2015,"60329",81,97
2015,"60341",101,85
2015,"60344",694,540
2015,"60345",247,277
2015,"60346",174,219
2015,"60347",161,148
2015,"60348",140,149
2015,"60349",171,235
2015,"60350",386,334
2015,"60351",205,252
2015,"60608",517,468
2015,"60611",198,219
2015,"60613",484,504
2015,"60617",538,270
2015,"60618",95,100
2015,"60619",256,153
2015,"60623",144,107
2015,"60624",586,422
2015,"60626",173,122
2015,"60628",184,176
2015,"60629",375,262
2015,"60632",166,173
2015,"60639",70,65
2015,"60641",68,73
2015,"60642",149,135
2015,"60645",131,150
2015,"60646",191,140
2015,"60647",21,21
2015,"60648",126,154
2015,"60651",121,88
2015,"60653",230,184
2015,"60654",124,120
2015,"60655",149,155
2015,"60656",48,57
2015,"60659",229,266
2015,"60660",228,224
2015,"60661",317,292
2015,"60662",221,219
2015,"60663",200,191
2015,"60664",590,615
2015,"60665",309,275
2015,"60666",81,104
2015,"60667",323,227
2015,"60668",164,125
2015,"60669",794,827
2015,"60670",527,425
2015,"61001",100,73
2015,"61002",107,101
2015,"61007",69,40
2015,"61008",108,80
2015,"61012",195,190
2015,"61013",85,111
2015,"61016",87,81
2015,"61017",103,82
2015,"61019",63,63
2015,"61020",116,104
2015,"61021",181,124
2015,"61024",68,143
2015,"61027",62,71
2015,"61030",81,92
2015,"61032",68,83
2015,"61033",116,115
2015,"61043",212,198
2015,"61045",456,435
2015,"61049",199,236
2015,"61050",147,144
2015,"61051",132,155
2015,"61052",169,140
2015,"61053",960,814
2015,"61054",122,108
2015,"61055",82,98
2015,"61057",77,90
2015,"61059",391,398
2015,"61060",166,176
2015,"61061",313,365
2015,"61101",131,140
2015,"61105",29,39
2015,"61106",70,60
2015,"61107",51,53
2015,"61108",1717,1772
2015,"61109",62,55
2015,"61110",148,156
2015,"61111",51,79
2015,"61112",12,30
2015,"61113",189,151
2015,"61114",119,147
2015,"61115",72,58
2015,"61116",60,50
2015,"61118",103,123
2015,"61119",11,24
2015,"61120",405,387
2015,"61203",155,129
2015,"61204",104,60
2015,"61205",21,20
2015,"61206",65,37
2015,"61207",198,186
2015,"61213",163,120
2015,"61215",49,48
2015,"61217",108,96
2015,"61222",112,56
2015,"61236",76,106
2015,"61243",88,122
2015,"61247",186,140
2015,"61251",9,25
2015,"61252",56,72
2015,"61253",233,192
2015,"61254",53,34
2015,"61255",158,166
2015,"61256",38,64
2015,"61257",138,176
2015,"61258",50,72
2015,"61259",415,478
2015,"61260",56,66
2015,"61261",79,76
2015,"61262",77,102
2015,"61263",242,293
2015,"61264",46,60
2015,"61265",269,288
2015,"61266",32,50
2015,"61267",139,184
2015,"61410",23,29
2015,"61413",32,33
2015,"61425",57,91
2015,"61428",15,55
2015,"61437",20,33
2015,"61438",143,171
2015,"61439",146,224
2015,"61440",66,69
2015,"61441",26,49
2015,"61442",49,50
2015,"61443",52,66
2015,"61444",83,104
2015,"61445",48,49
2015,"61446",112,88
2015,"61611",117,93
2015,"61612",179,151
2015,"61615",130,107
2015,"61618",136,141
2015,"61621",28,32
2015,"61624",97,131
2015,"61625",534,520
2015,"61626",304,273
2015,"61627",72,81
2015,"61628",53,80
2015,"61629",28,29
2015,"61630",64,63
2015,"61631",551,567
2015,"61632",166,183
2015,"61633",188,231
2015,"61701",90,85
2015,"61708",34,35
2015,"61710",49,69
2015,"61711",6,32
2015,"61716",144,180
2015,"61719",137,154
2015,"61727",190,189
2015,"61728",7,22
2015,"61729",71,78
2015,"61730",106,91
2015,"61731",47,71
2015,"61740",51,59
2015,"61741",39,37
2015,"61743",17,24
2015,"61744",16,37
2015,"61745",25,52
2015,"61746",170,163
2015,"61748",181,156
2015,"61750",43,54
2015,"61751",107,102
2015,"61756",131,153
2015,"61757",147,176
2015,"61758",45,62
2015,"61759",54,56
2015,"61760",750,612
2015,"61761",51,66
2015,"61762",72,103
2015,"61763",133,192
2015,"61764",140,127
2015,"61765",312,224
2015,"61766",625,550
2015,"62007",310,312
2015,"62008",36,58
2015,"62010",13,27
2015,"62014",71,103
2015,"62021",10,15
2015,"62026",21,35
2015,"62032",46,63
2015,"62034",36,51
2015,"62036",50,48
2015,"62038",409,449
2015,"62039",93,67
2015,"62040",640,601
2015,"62041",643,621
2015,"62042",93,104
2015,"62043",136,121
2015,"62044",141,121
2015,"62045",81,104
2015,"62046",157,112
2015,"62047",211,242
2015,"62048",162,182
2015,"62105",30,45
2015,"62115",266,178
2015,"62116",149,153
2015,"62125",72,84
2015,"62128",161,131
2015,"62131",359,892
2015,"62132",42,67
2015,"62135",34,51
2015,"62138",100,130
2015,"62139",928,803
2015,"62140",904,1096
2015,"62141",311,344
2015,"62142",113,153
2015,"62143",300,419
2015,"62144",178,339
2015,"62145",222,276
2015,"62146",201,204
2015,"62147",85,78
2015,"62148",63,100
2015,"62202",82,81
2015,"62205",66,70
2015,"62206",67,60
2015,"62209",58,46
2015,"62211",84,68
2015,"62214",80,118
2015,"62216",44,69
2015,"62219",384,351
2015,"62220",81,95
2015,"62226",85,116
2015,"62232",73,50
2015,"62233",104,123
2015,"62235",46,67
2015,"62242",22,29
2015,"62244",152,150
2015,"62245",27,50
2015,"62247",70,107
2015,"62252",89,63
2015,"62256",85,102
2015,"62262",43,76
2015,"62264",178,160
2015,"62265",64,52
2015,"62266",94,85
2015,"62267",423,355
2015,"62268",88,119
2015,"62269",91,120
2015,"62270",82,83
2015,"62271",152,128
2015,"62272",130,171
2015,"62273",63,84
2015,"62274",86,101
2015,"62275",147,157
2015,"62276",80,81
2015,"62277",102,111
2015,"62278",117,161
2015,"62279",49,53
2015,"62311",52,78
2015,"62314",78,46
2015,"62326",75,70
2015,"62330",50,51
2015,"62332",34,42
2015,"62335",47,44
2015,"62343",68,60
2015,"62368",38,51
2015,"62372",49,38
2015,"62375",220,246
2015,"62376",144,131
2015,"62377",64,87
2015,"62378",299,715
2015,"62379",626,576
2015,"62380",163,200
2015,"62381",136,106
2015,"62382",162,195
2015,"62383",130,183
2015,"62384",115,113
2015,"62385",71,97
2015,"62386",162,163
2015,"62387",41,49
2015,"62388",87,107
2015,"62389",119,108
2015,"62390",76,156
2015,"70101",6745,6178
2015,"70201",122,135
2015,"70202",146,138
2015,"70203",568,434
2015,"70204",15,28
2015,"70205",39,40
2015,"70206",13,15
2015,"70207",25,38
2015,"70208",98,91
2015,"70209",162,124
2015,"70210",23,19
2015,"70211",137,192
2015,"70212",59,61
2015,"70213",93,68
2015,"70214",96,108
2015,"70215",68,56
2015,"70216",114,78
2015,"70217",23,43
2015,"70218",109,87
2015,"70219",91,76
2015,"70220",74,134
2015,"70221",86,86
2015,"70222",102,122
2015,"70223",104,110
2015,"70224",51,55
2015,"70301",361,270
2015,"70302",238,197
2015,"70303",83,106
2015,"70304",298,246
2015,"70305",64,63
2015,"70306",93,81
2015,"70307",32,30
2015,"70308",62,59
2015,"70309",96,113
2015,"70310",167,171
2015,"70311",36,27
2015,"70312",381,602
2015,"70313",54,82
2015,"70314",18,23
2015,"70315",67,83
2015,"70317",8,13
2015,"70318",59,45
2015,"70319",194,157
2015,"70320",171,134
2015,"70322",76,90
2015,"70323",54,42
2015,"70325",77,53
2015,"70326",108,118
2015,"70328",94,104
2015,"70329",204,216
2015,"70331",103,111
2015,"70332",136,89
2015,"70333",69,54
2015,"70334",154,157
2015,"70335",88,74
2015,"70336",11,15
2015,"70337",143,122
2015,"70338",52,46
2015,"70339",79,46
2015,"70340",56,41
2015,"70342",90,42
2015,"70343",62,59
2015,"70344",119,130
2015,"70345",97,60
2015,"70346",467,464
2015,"70347",2,8
2015,"70348",89,74
2015,"70349",16,16
2015,"70350",94,81
2015,"70351",142,157
2015,"70352",49,40
2015,"70353",106,87
2015,"70354",902,838
2015,"70355",179,159
2015,"70356",84,68
2015,"70357",630,619
2015,"70358",210,203
2015,"70359",44,39
2015,"70360",56,71
2015,"70361",32,10
2015,"70362",12,17
2015,"70364",343,340
2015,"70365",218,243
2015,"70366",33,29
2015,"70367",409,305
2015,"70368",46,55
2015,"70369",417,394
2015,"70370",151,168
2015,"70401",47,60
2015,"70402",96,113
2015,"70403",666,1139
2015,"70404",77,102
2015,"70405",49,52
2015,"70406",189,175
2015,"70407",38,43
2015,"70408",58,61
2015,"70409",181,164
2015,"70410",192,235
2015,"70411",343,341
2015,"70412",189,238
2015,"70413",115,120
2015,"70414",57,63
2015,"70415",43,47
2015,"70416",460,371
2015,"70417",62,53
2015,"70418",46,34
2015,"70419",58,54
2015,"70420",66,94
2015,"70501",31,56
2015,"70502",61,61
2015,"70503",127,144
2015,"70504",30,48
2015,"70505",137,106
2015,"70506",169,146
2015,"70508",277,231
2015,"70509",99,105
2015,"70510",79,89
2015,"70511",335,275
2015,"70512",211,183
2015,"70513",841,780
2015,"70514",173,166
2015,"70515",155,150
2015,"70516",13,18
2015,"70517",143,101
2015,"70518",115,108
2015,"70519",17,16
2015,"70520",99,120
2015,"70521",66,64
2015,"70522",151,221
2015,"70523",19,26
2015,"70524",56,42
2015,"70525",128,89
2015,"70526",94,112
2015,"70527",80,75
2015,"70528",62,68
2015,"70529",60,92
2015,"70530",69,105
2015,"70531",680,589
2015,"70601",11,10
2015,"70602",1,9
2015,"70603",30,43
2015,"70604",146,105
2015,"70605",52,22
2015,"70606",13,28
2015,"70607",52,46
2015,"70608",50,50
2015,"70609",47,40
2015,"70610",11,12
2015,"70611",7,13
2015,"70612",6,9
2015,"70613",11,19
2015,"70614",332,366
2015,"70615",9,27
2015,"70616",39,42
2015,"70617",57,61
2015,"70618",54,28
2015,"70619",68,50
2015,"70620",65,52
2015,"70621",69,118
2015,"70622",83,71
2015,"70623",33,35
2015,"70624",29,36
2015,"70625",1,8
2015,"70626",15,15
2015,"70627",27,32
2015,"70628",29,22
2015,"70629",17,24
2015,"70630",196,186
2015,"70701",13,19
2015,"70702",25,34
2015,"70703",32,30
2015,"70704",34,47
2015,"70705",53,62
2015,"70706",7,15
2015,"70707",147,94
2015,"70708",27,38
2015,"70709",10,16
2015,"70710",12,18
2015,"70711",27,28
2015,"70712",14,49
2015,"70713",16,25
2015,"70714",11,14
2015,"70715",32,53
2015,"70716",585,537
2015,"70717",85,89
2015,"70718",34,24
2015,"70719",116,133
2015,"70720",78,52
2015,"70721",11,13
2015,"70723",31,50
2015,"70724",14,25
2015,"70725",7,11
2015,"70726",6,18
2015,"70727",12,12
2015,"70728",75,67
2015,"70729",9,25
2015,"70731",12,22
2015,"70732",56,67
2015,"70733",4,6
2015,"70734",56,56
2015,"70735",10,31
2015,"70801",14,28
2015,"70802",3,35
2015,"70803",38,28
2015,"70804",46,25
2015,"70805",101,137
2015,"70806",65,55
2015,"70807",66,104
2015,"70808",28,35
2015,"70809",12,11
2015,"70810",8,7
2015,"70811",27,36
2015,"70812",2,2
2015,"70813",20,24
2015,"70814",23,15
2015,"70815",4,2
2015,"70816",42,71
2015,"70817",22,13
2015,"70818",1,3
2015,"70819",2,2
2015,"70820",101,144
2015,"70821",43,49
2015,"70822",9,8
2015,"70823",0,1
2015,"70824",32,11
2015,"70825",2,11
2015,"70826",82,67
2015,"70827",19,20
2015,"70828",408,307
2015,"70829",9,18
2015,"70830",15,8
2015,"70831",4,16
2015,"70832",26,28
2015,"70833",43,33
2015,"70834",13,13
2015,"70835",66,37
2015,"70836",26,43
2015,"70837",6,5
2015,"70901",78,62
2015,"70902",104,66
2015,"70903",7,14
2015,"70904",40,25
2015,"70905",94,106
2015,"70907",169,178
2015,"70908",55,65
2015,"70909",207,221
2015,"70910",48,50
2015,"70911",36,34
2015,"70912",38,52
2015,"70913",9,15
2015,"70914",21,21
2015,"70915",62,72
2015,"70916",71,34
2015,"70917",283,319
2015,"70918",46,58
2015,"70920",103,207
2015,"70921",63,45
2015,"70922",46,57
2015,"70923",68,67
2015,"70924",17,11
2015,"70925",62,68
2015,"70926",723,617
2015,"70927",85,67
2015,"70928",123,97
2015,"70929",6,7
2015,"70930",50,56
2015,"70931",103,95
2015,"70932",12,16
2015,"70933",110,103
2015,"70934",43,53
2015,"70935",113,64
2015,"70936",407,379
2015,"70937",80,95
2015,"70938",108,134
2015,"70939",117,131
2015,"70940",67,68
2015,"70941",18,18
2015,"80101",144,114
2015,"80102",27,19
2015,"80103",797,797
2015,"80104",209,155
2015,"80105",34,38
2015,"80106",191,186
2015,"80107",34,29
2015,"80108",93,84
2015,"80109",11,7
2015,"80110",63,76
2015,"80111",82,53
2015,"80112",29,31
2015,"80113",66,109
2015,"80114",21,12
2015,"80115",171,184
2015,"80116",366,314
2015,"80117",256,253
2015,"80118",76,57
2015,"80119",51,39
2015,"80120",130,154
2015,"80121",63,26
2015,"80122",251,294
2015,"80123",25,44
2015,"80124",12,25
2015,"80125",13,11
2015,"80126",156,113
2015,"80127",50,22
2015,"80128",109,118
2015,"80129",143,147
2015,"80201",138,124
2015,"80202",125,107
2015,"80203",45,50
2015,"80204",91,121
2015,"80205",42,46
2015,"80206",41,34
2015,"80207",1648,1582
2015,"80208",11,7
2015,"80209",9,19
2015,"80210",33,45
2015,"80211",142,131
2015,"80212",8,21
2015,"80213",230,229
2015,"80214",98,54
2015,"80215",756,724
2015,"80216",148,100
2015,"80217",430,408
2015,"80218",250,292
2015,"80219",70,60
2015,"80220",94,124
2015,"80221",63,41
2015,"80222",58,61
2015,"80223",63,55
2015,"80224",769,540
2015,"80225",85,59
2015,"80226",275,290
2015,"80227",49,50
2015,"80228",44,79
2015,"80229",12,7
2015,"80230",31,40
2015,"80231",51,52
2015,"80232",22,36
2015,"80233",25,33
2015,"80234",16,15
2015,"80235",196,260
2015,"80236",79,76
2015,"80237",20,15
2015,"80238",59,74
2015,"80239",14,9
2015,"80240",498,508
2015,"80301",2281,2377
2015,"80302",967,760
2015,"80303",956,821
2015,"80401",373,326
2015,"80402",8,7
2015,"80403",10,7
2015,"80404",1789,1626
2015,"80405",370,361
2015,"80406",46,16
2015,"80407",174,161
2015,"80408",891,1111
2015,"80409",202,233
2015,"80410",252,256
2015,"80411",17,30
2015,"80412",204,234
2015,"80413",147,119
2015,"80414",613,618
2015,"80415",19,25
2015,"80416",199,146
2015,"80417",141,129
2015,"80418",189,156
2015,"80419",26,20
2015,"80420",219,203
2015,"80421",19,18
2015,"80422",27,19
2015,"80423",138,125
2015,"80424",211,199
2015,"90101",1109,1253
2015,"90201",9588,10710
2015,"90301",8113,9286
2015,"90401",3838,3673
2015,"90501",6272,6883
2015,"90601",3940,4010
2015,"90701",3355,3467
2015,"90801",3440,4514
2015,"90901",5098,7588
2015,"91001",15351,14687
2015,"91101",7709,7167
2015,"91201",9194,9231
2015,"91301",4051,3745
2015,"91401",7862,7354
2015,"91501",9455,10085
2015,"91601",10109,10684
2015,"91701",6009,6543
2015,"91801",4745,4742
2015,"91901",5534,5046
2015,"92001",7633,9093
2015,"92101",11462,9143
2015,"92201",13495,8222
2015,"92301",6139,5132
2016,"10101",885,861
2016,"10201",75,61
2016,"10301",121,91
2016,"10302",113,60
2016,"10303",92,78
2016,"10304",151,110
2016,"10305",96,194
2016,"10306",36,44
2016,"10307",48,52
2016,"10308",52,36
2016,"10309",274,165
2016,"10310",33,29
2016,"10311",49,40
2016,"10312",123,87
2016,"10313",78,56
2016,"10314",46,64
2016,"10315",136,145
2016,"10316",121,120
2016,"10317",96,99
2016,"10318",125,100
2016,"10319",91,73
2016,"10320",18,21
2016,"10321",30,23
2016,"10322",28,36
2016,"10323",49,34
2016,"10401",37,30
2016,"10402",64,69
2016,"10403",29,30
2016,"10404",40,29
2016,"10405",253,196
2016,"10406",25,35
2016,"10407",39,74
2016,"10408",79,66
2016,"10409",50,28
2016,"10410",16,16
2016,"10411",55,42
2016,"10412",38,52
2016,"10413",38,65
2016,"10414",186,178
2016,"10415",77,122
2016,"10416",72,64
2016,"10417",132,123
2016,"10418",13,20
2016,"10419",36,57
2016,"10420",5,9
2016,"10421",28,32
2016,"10422",3,8
2016,"10423",2,0
2016,"10424",11,7
2016,"10425",13,19
2016,"10426",11,9
2016,"10427",27,24
2016,"10428",9,9
2016,"10501",56,62
2016,"10502",88,43
2016,"10503",46,49
2016,"10504",210,175
2016,"10505",39,54
2016,"10506",64,33
2016,"10507",32,36
2016,"10508",95,105
2016,"10509",51,70
2016,"10510",32,15
2016,"10511",38,34
2016,"10512",10,12
2016,"10601",52,31
2016,"10602",131,129
2016,"10603",63,56
2016,"10604",34,47
2016,"10605",131,74
2016,"10606",358,298
2016,"10607",307,190
2016,"10608",19,25
2016,"10609",189,129
2016,"10610",89,99
2016,"10611",158,126
2016,"10612",74,76
2016,"10613",58,53
2016,"10614",47,49
2016,"10615",76,106
2016,"10616",31,18
2016,"10617",36,31
2016,"10618",60,51
2016,"10619",35,23
2016,"10701",35,49
2016,"10702",47,39
2016,"10703",225,422
2016,"10704",12,26
2016,"10705",156,125
2016,"10706",38,38
2016,"10707",199,234
2016,"10708",44,35
2016,"10709",69,48
2016,"10710",74,60
2016,"10711",77,68
2016,"10712",57,72
2016,"10713",473,423
2016,"10714",61,50
2016,"10715",38,23
2016,"10716",40,38
2016,"10717",302,216
2016,"10718",120,104
2016,"10719",55,36
2016,"10720",23,27
2016,"10721",50,56
2016,"10722",114,68
2016,"10723",70,70
2016,"10724",97,85
2016,"10725",33,22
2016,"10726",112,559
2016,"10727",25,13
2016,"10801",91,103
2016,"10802",54,35
2016,"10803",51,50
2016,"10804",50,47
2016,"10805",86,100
2016,"10806",25,16
2016,"10807",73,67
2016,"10808",63,54
2016,"10809",72,74
2016,"10810",59,50
2016,"10811",89,86
2016,"10812",33,31
2016,"10813",42,52
2016,"10814",49,37
2016,"10815",47,34
2016,"10816",256,194
2016,"10817",53,61
2016,"10818",32,34
2016,"10819",63,29
2016,"10820",39,30
2016,"10821",47,58
2016,"10822",69,67
2016,"10823",65,43
2016,"10824",30,18
2016,"10825",63,76
2016,"10826",19,9
2016,"10827",25,12
2016,"10828",24,22
2016,"10901",109,96
2016,"10902",130,137
2016,"10903",36,36
2016,"10904",36,64
2016,"10905",231,163
2016,"10906",41,25
2016,"10907",83,64
2016,"10908",103,102
2016,"10909",48,30
2016,"10910",32,34
2016,"10911",40,46
2016,"10912",87,96
2016,"10913",24,22
2016,"10914",55,71
2016,"10915",24,34
2016,"10916",147,155
2016,"10917",495,458
2016,"10918",367,311
2016,"10919",156,136
2016,"10920",97,91
2016,"10921",64,57
2016,"10922",55,53
2016,"10923",51,84
2016,"10924",27,19
2016,"10925",52,33
2016,"10926",40,31
2016,"10927",34,21
2016,"10928",93,94
2016,"10929",35,19
2016,"10930",20,49
2016,"10931",12,8
2016,"10932",18,28
2016,"20101",5825,7496
2016,"20201",2717,2674
2016,"20302",37,41
2016,"20305",167,214
2016,"20306",117,136
2016,"20307",95,107
2016,"20316",47,41
2016,"20320",54,63
2016,"20321",12,33
2016,"20402",414,376
2016,"20403",133,110
2016,"20405",315,294
2016,"20409",138,140
2016,"20412",134,129
2016,"20414",178,134
2016,"20415",294,321
2016,"20416",49,58
2016,"20417",153,110
2016,"20418",149,180
2016,"20419",125,76
2016,"20421",274,250
2016,"20424",164,189
2016,"20425",137,126
2016,"20428",40,44
2016,"20432",135,153
2016,"20435",119,104
2016,"20441",11,10
2016,"20442",267,154
2016,"20501",517,1205
2016,"20502",118,168
2016,"20503",22,35
2016,"20504",63,73
2016,"20505",222,170
2016,"20506",38,34
2016,"20508",42,60
2016,"20509",122,85
2016,"20511",59,100
2016,"20512",104,128
2016,"20513",59,77
2016,"20515",140,168
2016,"20518",42,65
2016,"20519",61,64
2016,"20520",64,57
2016,"20523",187,194
2016,"20527",670,655
2016,"20530",108,147
2016,"20531",103,135
2016,"20534",123,177
2016,"20601",72,92
2016,"20602",79,83
2016,"20603",28,53
2016,"20604",32,49
2016,"20605",18,37
2016,"20607",31,36
2016,"20608",85,110
2016,"20609",27,57
2016,"20610",24,20
2016,"20611",99,81
2016,"20613",48,52
2016,"20616",102,91
2016,"20618",38,43
2016,"20619",54,67
2016,"20620",145,129
2016,"20622",39,33
2016,"20624",76,59
2016,"20625",48,49
2016,"20627",117,122
2016,"20630",224,240
2016,"20631",57,65
2016,"20632",43,43
2016,"20633",152,138
2016,"20634",273,257
2016,"20635",617,648
2016,"20636",13,48
2016,"20637",77,55
2016,"20638",29,46
2016,"20639",17,16
2016,"20640",67,63
2016,"20642",39,48
2016,"20643",115,116
2016,"20644",57,82
2016,"20701",68,67
2016,"20702",290,292
2016,"20703",36,45
2016,"20705",147,141
2016,"20707",21,25
2016,"20708",28,44
2016,"20710",98,111
2016,"20711",594,726
2016,"20712",40,43
2016,"20713",35,51
2016,"20719",73,70
2016,"20720",238,216
2016,"20721",88,77
2016,"20722",260,232
2016,"20723",47,61
2016,"20724",295,241
2016,"20725",454,437
2016,"20726",124,159
2016,"20727",314,327
2016,"20801",214,217
2016,"20802",67,60
2016,"20803",273,277
2016,"20804",84,144
2016,"20805",120,119
2016,"20806",76,87
2016,"20807",40,45
2016,"20808",135,198
2016,"20810",58,32
2016,"20812",66,68
2016,"20813",355,391
2016,"20815",95,126
2016,"20817",407,455
2016,"20901",154,148
2016,"20905",164,182
2016,"20909",78,113
2016,"20911",20,29
2016,"20912",84,105
2016,"20913",433,448
2016,"20914",84,59
2016,"20918",125,129
2016,"20923",818,847
2016,"21001",29,39
2016,"21002",549,540
2016,"21003",98,122
2016,"21004",34,42
2016,"21005",96,93
2016,"21006",144,796
2016,"21007",52,67
2016,"21008",79,87
2016,"21009",168,176
2016,"21010",107,139
2016,"30101",1682,1433
2016,"30201",2821,2272
2016,"30301",433,450
2016,"30401",3016,2671
2016,"30501",75,77
2016,"30502",1191,1173
2016,"30503",131,105
2016,"30504",147,172
2016,"30506",140,129
2016,"30507",58,71
2016,"30508",195,172
2016,"30509",99,78
2016,"30510",37,47
2016,"30511",69,67
2016,"30512",67,52
2016,"30514",241,204
2016,"30515",164,122
2016,"30516",64,59
2016,"30517",139,169
2016,"30520",77,87
2016,"30521",81,79
2016,"30522",108,110
2016,"30524",90,111
2016,"30526",44,51
2016,"30527",140,139
2016,"30529",104,122
2016,"30530",207,161
2016,"30531",416,376
2016,"30532",142,126
2016,"30533",178,160
2016,"30534",75,72
2016,"30536",89,71
2016,"30538",106,87
2016,"30539",80,88
2016,"30541",100,44
2016,"30542",87,62
2016,"30543",72,120
2016,"30544",67,60
2016,"30601",214,181
2016,"30602",172,235
2016,"30603",778,590
2016,"30604",1814,1398
2016,"30605",531,446
2016,"30607",550,545
2016,"30608",171,203
2016,"30609",29,26
2016,"30612",98,97
2016,"30613",89,140
2016,"30614",52,55
2016,"30615",358,267
2016,"30616",112,93
2016,"30618",359,381
2016,"30620",262,288
2016,"30621",230,130
2016,"30623",298,229
2016,"30625",210,183
2016,"30626",400,303
2016,"30627",175,199
2016,"30629",69,68
2016,"30631",100,105
2016,"30633",82,72
2016,"30635",49,54
2016,"30636",75,94
2016,"30637",159,91
2016,"30639",1016,2306
2016,"30641",177,147
2016,"30645",90,100
2016,"30646",156,137
2016,"30701",21,28
2016,"30702",160,103
2016,"30703",75,166
2016,"30704",603,471
2016,"30706",143,160
2016,"30708",40,56
2016,"30709",64,114
2016,"30710",342,329
2016,"30711",101,103
2016,"30712",29,48
2016,"30713",71,61
2016,"30715",21,18
2016,"30716",188,137
2016,"30718",48,38
2016,"30719",53,51
2016,"30721",80,90
2016,"30722",42,47
2016,"30724",57,79
2016,"30726",136,90
2016,"30728",35,34
2016,"30729",140,179
2016,"30730",335,246
2016,"30731",247,164
2016,"30732",440,328
2016,"30733",63,53
2016,"30734",211,100
2016,"30735",291,258
2016,"30736",163,114
2016,"30737",131,85
2016,"30738",54,28
2016,"30739",149,94
2016,"30740",1116,949
2016,"30741",101,66
2016,"30801",9,8
2016,"30802",5,1
2016,"30803",200,160
2016,"30804",81,58
2016,"30805",66,68
2016,"30808",580,338
2016,"30810",76,45
2016,"30811",78,74
2016,"30812",64,25
2016,"30813",81,55
2016,"30814",90,66
2016,"30817",750,607
2016,"30819",16,8
2016,"30821",794,500
2016,"30822",4,2
2016,"30824",17,51
2016,"30825",62,41
2016,"30826",49,62
2016,"30827",153,175
2016,"30828",35,30
2016,"30829",36,38
2016,"30830",147,142
2016,"30831",203,142
2016,"30834",25,31
2016,"30835",161,185
2016,"30836",31,39
2016,"30838",115,116
2016,"30841",77,52
2016,"30842",71,75
2016,"30844",114,85
2016,"30845",84,48
2016,"30846",4,2
2016,"30848",82,60
2016,"30849",23,22
2016,"30850",62,74
2016,"30852",97,96
2016,"30854",56,34
2016,"30856",708,405
2016,"30857",30,29
2016,"30858",87,90
2016,"30859",25,33
2016,"30860",110,107
2016,"30863",246,225
2016,"30865",26,28
2016,"30902",37,31
2016,"30903",103,95
2016,"30904",22,20
2016,"30906",27,29
2016,"30908",362,406
2016,"30909",46,84
2016,"30910",83,74
2016,"30912",16,42
2016,"30913",25,22
2016,"30915",17,18
2016,"30916",228,180
2016,"30917",30,7
2016,"30920",85,48
2016,"30921",21,73
2016,"30925",138,116
2016,"30929",19,29
2016,"30932",60,62
2016,"30935",241,249
2016,"30939",20,21
2016,"30940",28,58
2016,"30942",101,76
2016,"31001",46,32
2016,"31008",152,140
2016,"31009",78,41
2016,"31014",33,51
2016,"31015",79,70
2016,"31016",47,49
2016,"31018",77,50
2016,"31019",53,45
2016,"31021",58,55
2016,"31022",726,651
2016,"31025",23,12
2016,"31026",73,91
2016,"31028",38,36
2016,"31033",30,28
2016,"31035",73,55
2016,"31036",74,67
2016,"31037",251,158
2016,"31038",36,37
2016,"31041",19,24
2016,"31042",52,46
2016,"31043",95,83
2016,"31051",116,93
2016,"31052",58,61
2016,"31053",200,139
2016,"31101",37,28
2016,"31102",23,21
2016,"31103",45,38
2016,"31104",44,54
2016,"31105",215,168
2016,"31106",180,200
2016,"31107",60,50
2016,"31109",453,432
2016,"31110",25,29
2016,"31111",10,13
2016,"31113",40,33
2016,"31114",29,44
2016,"31117",13,18
2016,"31119",15,13
2016,"31120",38,31
2016,"31121",91,52
2016,"31123",91,52
2016,"31124",56,75
2016,"31129",58,53
2016,"31130",37,41
2016,"31201",252,249
2016,"31202",64,56
2016,"31203",131,115
2016,"31204",64,69
2016,"31205",95,86
2016,"31206",150,111
2016,"31207",156,156
2016,"31208",139,118
2016,"31213",913,1128
2016,"31214",425,341
2016,"31215",36,44
2016,"31216",191,191
2016,"31224",66,44
2016,"31226",171,150
2016,"31227",89,75
2016,"31228",29,25
2016,"31229",55,43
2016,"31230",1059,723
2016,"31234",64,65
2016,"31235",581,484
2016,"31301",14,33
2016,"31302",26,25
2016,"31303",75,53
2016,"31304",36,43
2016,"31308",131,96
2016,"31309",148,161
2016,"31310",70,113
2016,"31311",144,109
2016,"31315",87,108
2016,"31319",52,42
2016,"31321",23,37
2016,"31322",316,302
2016,"31323",41,39
2016,"31324",60,69
2016,"31326",29,33
2016,"31327",207,198
2016,"31330",48,67
2016,"31333",97,89
2016,"31336",66,62
2016,"31337",82,113
2016,"31338",52,29
2016,"31340",32,52
2016,"31343",96,101
2016,"31344",83,68
2016,"31346",102,94
2016,"31347",26,38
2016,"31350",39,45
2016,"31351",40,45
2016,"31355",104,49
2016,"31356",46,40
2016,"31401",40,63
2016,"31402",115,93
2016,"31403",271,287
2016,"31404",45,48
2016,"31405",34,45
2016,"31406",36,39
2016,"31407",192,231
2016,"31408",36,44
2016,"31409",29,30
2016,"31410",74,61
2016,"31411",71,78
2016,"31412",182,185
2016,"31413",226,237
2016,"31414",124,92
2016,"31502",31,36
2016,"31503",80,113
2016,"31504",45,85
2016,"31505",157,129
2016,"31506",20,14
2016,"31507",74,75
2016,"31508",58,64
2016,"31509",108,102
2016,"31511",50,70
2016,"31513",30,63
2016,"31514",83,83
2016,"31515",30,22
2016,"31516",46,46
2016,"31517",61,58
2016,"31519",58,65
2016,"31520",194,178
2016,"31521",162,132
2016,"31522",90,99
2016,"31523",40,58
2016,"31524",432,331
2016,"31525",54,62
2016,"31527",95,93
2016,"31528",26,38
2016,"31530",104,122
2016,"31531",74,79
2016,"31533",291,255
2016,"31534",117,108
2016,"31535",14,28
2016,"31537",93,111
2016,"31539",107,89
2016,"31540",56,78
2016,"31541",14,17
2016,"31542",43,48
2016,"31543",50,33
2016,"31546",46,31
2016,"31549",374,369
2016,"31550",59,34
2016,"31551",63,48
2016,"31552",108,39
2016,"31553",62,67
2016,"31601",50,39
2016,"31603",84,70
2016,"31604",91,73
2016,"31605",43,47
2016,"31606",80,71
2016,"31608",18,13
2016,"31609",23,20
2016,"31611",38,29
2016,"31612",203,155
2016,"31613",29,20
2016,"31614",80,84
2016,"31615",41,38
2016,"31616",39,27
2016,"31617",57,48
2016,"31620",45,39
2016,"31621",33,30
2016,"31622",45,43
2016,"31627",54,69
2016,"31628",60,74
2016,"31629",233,206
2016,"31630",101,65
2016,"31633",842,580
2016,"31634",74,65
2016,"31636",50,33
2016,"31642",53,47
2016,"31644",304,253
2016,"31645",54,62
2016,"31646",25,25
2016,"31649",68,69
2016,"31650",47,55
2016,"31651",134,133
2016,"31652",18,15
2016,"31653",45,43
2016,"31654",149,112
2016,"31655",427,333
2016,"31658",13,18
2016,"31701",95,78
2016,"31702",111,164
2016,"31703",325,257
2016,"31704",671,710
2016,"31706",73,71
2016,"31707",150,116
2016,"31709",168,184
2016,"31710",483,533
2016,"31711",57,47
2016,"31712",288,294
2016,"31713",121,151
2016,"31714",50,66
2016,"31715",152,158
2016,"31716",525,549
2016,"31717",1372,1714
2016,"31718",124,148
2016,"31719",729,753
2016,"31723",376,337
2016,"31725",615,493
2016,"31726",225,111
2016,"31801",23,17
2016,"31802",121,118
2016,"31803",74,89
2016,"31804",97,107
2016,"31805",9,18
2016,"31806",11,15
2016,"31807",67,40
2016,"31808",107,95
2016,"31809",41,35
2016,"31810",384,334
2016,"31811",195,176
2016,"31812",89,125
2016,"31813",179,166
2016,"31814",180,109
2016,"31815",25,34
2016,"31817",85,107
2016,"31818",970,780
2016,"31820",20,21
2016,"31821",200,180
2016,"31823",157,116
2016,"31825",11,22
2016,"31826",136,113
2016,"31827",12,13
2016,"31829",202,365
2016,"31830",11,12
2016,"31831",76,86
2016,"31832",110,107
2016,"31833",40,53
2016,"31834",17,9
2016,"31835",168,132
2016,"31836",21,30
2016,"31837",92,72
2016,"31838",34,43
2016,"31839",691,703
2016,"31840",74,76
2016,"31841",14,16
2016,"31842",4,5
2016,"31843",69,77
2016,"31844",56,49
2016,"31845",59,45
2016,"31846",140,150
2016,"31847",66,77
2016,"31848",60,54
2016,"31849",34,51
2016,"31901",213,188
2016,"31902",102,99
2016,"31903",251,270
2016,"31904",85,77
2016,"31905",235,246
2016,"31906",71,100
2016,"31907",38,33
2016,"31909",139,113
2016,"31910",116,55
2016,"31911",99,62
2016,"31912",349,380
2016,"31913",83,55
2016,"31915",57,80
2016,"31916",47,61
2016,"31917",83,61
2016,"31918",131,126
2016,"31919",153,106
2016,"31920",40,27
2016,"31921",225,151
2016,"31922",91,106
2016,"31923",56,49
2016,"31925",53,51
2016,"31926",505,407
2016,"31927",91,102
2016,"31928",51,58
2016,"31929",160,178
2016,"31930",79,90
2016,"31932",131,126
2016,"31934",171,182
2016,"31935",162,147
2016,"31938",39,65
2016,"31939",11,11
2016,"31940",80,87
2016,"31941",48,67
2016,"31943",356,281
2016,"31945",71,66
2016,"31946",85,74
2016,"31947",364,351
2016,"31948",149,107
2016,"31949",346,243
2016,"31950",197,232
2016,"31951",483,341
2016,"31952",650,506
2016,"31953",144,169
2016,"31954",51,62
2016,"32001",103,112
2016,"32002",41,57
2016,"32003",85,114
2016,"32004",47,50
2016,"32005",56,40
2016,"32006",71,102
2016,"32007",41,43
2016,"32008",183,179
2016,"32009",59,75
2016,"32010",38,51
2016,"32011",37,49
2016,"32012",28,38
2016,"32013",201,178
2016,"32014",71,90
2016,"32015",46,33
2016,"32016",292,278
2016,"32017",157,178
2016,"32018",127,52
2016,"32101",163,104
2016,"32104",181,120
2016,"32106",137,100
2016,"32107",188,132
2016,"32109",19,25
2016,"32110",130,106
2016,"32112",159,144
2016,"32114",167,149
2016,"32115",69,73
2016,"32116",150,91
2016,"32119",82,125
2016,"32120",339,143
2016,"32131",379,410
2016,"32132",77,111
2016,"32134",117,111
2016,"32135",890,767
2016,"32139",98,56
2016,"32140",128,101
2016,"32141",168,162
2016,"32142",417,410
2016,"32143",114,56
2016,"32144",1440,1755
2016,"32202",52,40
2016,"32203",39,58
2016,"32206",37,43
2016,"32207",184,168
2016,"32209",63,73
2016,"32210",56,52
2016,"32212",24,35
2016,"32214",30,40
2016,"32216",142,101
2016,"32217",49,57
2016,"32219",139,111
2016,"32220",379,351
2016,"32221",34,24
2016,"32222",20,20
2016,"32223",29,26
2016,"32301",208,162
2016,"32302",40,26
2016,"32304",310,249
2016,"32305",327,240
2016,"32306",255,185
2016,"32307",251,250
2016,"32308",145,142
2016,"32309",39,26
2016,"32310",39,37
2016,"32311",57,65
2016,"32312",14,26
2016,"32313",155,122
2016,"32314",82,75
2016,"32315",82,66
2016,"32316",235,182
2016,"32317",28,33
2016,"32318",128,142
2016,"32319",167,186
2016,"32320",120,115
2016,"32321",28,21
2016,"32322",20,10
2016,"32323",148,169
2016,"32324",11,23
2016,"32325",61,84
2016,"32326",23,26
2016,"32327",295,196
2016,"32330",289,211
2016,"32331",78,98
2016,"32332",133,121
2016,"32333",48,65
2016,"32334",53,39
2016,"32335",48,54
2016,"32336",188,169
2016,"32337",250,215
2016,"32338",68,63
2016,"32501",81,115
2016,"32502",24,40
2016,"32503",7,4
2016,"32504",78,69
2016,"32505",73,90
2016,"32506",26,37
2016,"32508",104,109
2016,"32509",38,33
2016,"32511",12,16
2016,"32514",14,12
2016,"32515",39,48
2016,"32516",45,42
2016,"32517",18,27
2016,"32518",49,35
2016,"32519",21,14
2016,"32520",34,34
2016,"32521",29,50
2016,"32522",26,28
2016,"32523",11,24
2016,"32524",97,103
2016,"32525",120,79
2016,"32528",10,18
2016,"32529",41,45
2016,"32530",369,327
2016,"40101",9748,10367
2016,"40201",1582,1770
2016,"40301",2441,2752
2016,"40401",236,170
2016,"40402",110,117
2016,"40403",20,37
2016,"40404",717,673
2016,"40405",129,108
2016,"40406",125,103
2016,"40407",68,65
2016,"40408",32,100
2016,"40409",51,44
2016,"40410",44,36
2016,"40411",27,25
2016,"40412",39,31
2016,"40413",243,231
2016,"40414",88,85
2016,"40415",30,45
2016,"40416",18,28
2016,"40417",57,43
2016,"40418",266,182
2016,"40419",128,89
2016,"40420",81,68
2016,"40421",473,446
2016,"40422",254,197
2016,"40423",31,32
2016,"40424",60,57
2016,"40425",70,82
2016,"40426",197,184
2016,"40427",43,72
2016,"40428",166,154
2016,"40429",38,36
2016,"40430",40,26
2016,"40431",107,76
2016,"40432",50,64
2016,"40433",47,41
2016,"40434",37,31
2016,"40435",7,8
2016,"40436",45,58
2016,"40437",163,184
2016,"40438",100,105
2016,"40439",25,24
2016,"40440",13,18
2016,"40441",202,200
2016,"40442",41,25
2016,"40443",84,70
2016,"40444",35,36
2016,"40445",26,11
2016,"40446",46,57
2016,"40501",276,319
2016,"40502",98,123
2016,"40503",328,296
2016,"40504",116,123
2016,"40505",23,27
2016,"40506",142,123
2016,"40507",108,107
2016,"40508",116,120
2016,"40509",100,86
2016,"40510",90,84
2016,"40511",159,121
2016,"40512",50,58
2016,"40601",431,388
2016,"40602",97,73
2016,"40603",92,96
2016,"40604",135,163
2016,"40605",35,24
2016,"40606",5,13
2016,"40607",104,96
2016,"40608",65,89
2016,"40609",106,101
2016,"40610",27,71
2016,"40611",26,50
2016,"40612",113,109
2016,"40613",31,39
2016,"40614",183,200
2016,"40615",116,123
2016,"40616",56,49
2016,"40617",40,36
2016,"40618",104,106
2016,"40619",46,72
2016,"40620",86,85
2016,"40621",67,46
2016,"40622",99,57
2016,"40623",36,27
2016,"40624",171,165
2016,"40625",38,31
2016,"40626",62,66
2016,"40627",162,111
2016,"40701",505,503
2016,"40702",234,231
2016,"40703",641,534
2016,"40704",248,286
2016,"40705",874,805
2016,"40706",65,65
2016,"40707",82,106
2016,"40708",120,95
2016,"40709",37,34
2016,"40710",92,70
2016,"40711",411,511
2016,"40712",10,44
2016,"40713",740,1021
2016,"40714",204,253
2016,"40715",84,91
2016,"40716",15,35
2016,"40717",126,151
2016,"40718",93,91
2016,"40719",220,173
2016,"40720",287,261
2016,"40801",54,48
2016,"40802",301,257
2016,"40804",19,35
2016,"40805",438,553
2016,"40806",128,130
2016,"40807",42,42
2016,"40808",404,326
2016,"40809",103,91
2016,"40810",30,10
2016,"40811",69,63
2016,"40812",165,104
2016,"40813",86,70
2016,"40814",75,56
2016,"40815",45,54
2016,"40816",56,61
2016,"40817",39,47
2016,"40818",115,82
2016,"40820",15,8
2016,"40821",53,51
2016,"40822",90,71
2016,"40823",34,35
2016,"40824",51,65
2016,"40825",74,49
2016,"40826",9,20
2016,"40827",208,200
2016,"40828",35,39
2016,"40829",48,67
2016,"40830",57,37
2016,"40831",196,116
2016,"40832",133,110
2016,"40833",84,90
2016,"40834",23,27
2016,"40835",196,260
2016,"40901",35,35
2016,"40902",224,190
2016,"40903",43,44
2016,"40904",68,93
2016,"40905",371,304
2016,"40906",39,57
2016,"40907",288,283
2016,"40908",291,286
2016,"40909",149,105
2016,"40910",96,107
2016,"40911",19,23
2016,"40912",214,200
2016,"40913",110,111
2016,"40914",44,46
2016,"40915",78,87
2016,"40916",14,32
2016,"40917",138,152
2016,"40918",89,108
2016,"40919",19,30
2016,"40920",78,79
2016,"40921",31,29
2016,"40922",120,138
2016,"40923",140,121
2016,"41001",48,62
2016,"41002",852,1050
2016,"41003",494,401
2016,"41004",45,31
2016,"41005",664,727
2016,"41006",52,47
2016,"41007",449,607
2016,"41008",85,88
2016,"41009",245,191
2016,"41010",107,101
2016,"41011",264,133
2016,"41012",2319,1785
2016,"41013",317,285
2016,"41014",397,308
2016,"41015",73,71
2016,"41016",90,88
2016,"41017",562,451
2016,"41018",75,82
2016,"41019",204,169
2016,"41020",232,194
2016,"41021",1535,1496
2016,"41022",236,337
2016,"41101",36,42
2016,"41102",52,63
2016,"41103",102,77
2016,"41104",18,31
2016,"41105",144,131
2016,"41106",143,136
2016,"41107",44,30
2016,"41108",213,1134
2016,"41109",141,151
2016,"41110",224,217
2016,"41111",314,264
2016,"41112",61,82
2016,"41113",90,69
2016,"41114",111,148
2016,"41115",55,69
2016,"41116",408,390
2016,"41117",32,30
2016,"41118",206,169
2016,"41119",56,63
2016,"41120",229,173
2016,"41121",84,87
2016,"41122",27,30
2016,"41123",66,95
2016,"41124",226,249
2016,"41125",89,117
2016,"41126",54,56
2016,"41201",34,33
2016,"41202",60,43
2016,"41203",254,174
2016,"41204",100,154
2016,"41205",59,41
2016,"41206",8,14
2016,"41207",75,113
2016,"41208",100,64
2016,"41209",118,120
2016,"41210",38,28
2016,"41211",27,30
2016,"41212",41,44
2016,"41213",68,83
2016,"41214",151,96
2016,"41215",62,75
2016,"41216",13,11
2016,"41217",16,37
2016,"41218",129,124
2016,"41219",158,153
2016,"41220",76,67
2016,"41221",44,44
2016,"41222",24,21
2016,"41223",41,43
2016,"41224",81,111
2016,"41225",934,831
2016,"41226",21,19
2016,"41227",21,10
2016,"41228",129,104
2016,"41229",65,49
2016,"41230",44,64
2016,"41231",78,83
2016,"41232",63,77
2016,"41233",72,98
2016,"41234",78,104
2016,"41235",37,29
2016,"41236",35,17
2016,"41304",114,78
2016,"41305",33,43
2016,"41306",9,11
2016,"41307",24,24
2016,"41309",121,105
2016,"41311",30,32
2016,"41312",44,47
2016,"41313",47,59
2016,"41314",31,35
2016,"41315",105,96
2016,"41316",76,36
2016,"41317",46,41
2016,"41318",92,39
2016,"41319",26,27
2016,"41320",6,25
2016,"41321",74,101
2016,"41322",20,45
2016,"41323",43,55
2016,"41324",37,42
2016,"41325",54,58
2016,"41326",38,54
2016,"41327",31,43
2016,"41328",86,113
2016,"41329",46,50
2016,"41331",14,36
2016,"41332",169,107
2016,"41333",13,23
2016,"41334",40,57
2016,"41336",16,27
2016,"41337",42,30
2016,"41338",73,77
2016,"41341",13,51
2016,"41342",123,99
2016,"41343",143,92
2016,"41344",264,252
2016,"41345",62,77
2016,"41346",23,31
2016,"41401",26,26
2016,"41402",291,214
2016,"41403",82,80
2016,"41404",78,50
2016,"41405",30,37
2016,"41406",67,61
2016,"41407",60,84
2016,"41408",84,75
2016,"41409",96,63
2016,"41410",28,45
2016,"41411",82,66
2016,"41412",30,15
2016,"41413",121,100
2016,"41414",79,92
2016,"41415",30,49
2016,"41416",100,100
2016,"41417",22,34
2016,"41418",144,193
2016,"41419",95,74
2016,"41420",47,55
2016,"41421",16,41
2016,"41422",386,322
2016,"41423",55,78
2016,"41424",72,70
2016,"41425",228,162
2016,"41426",102,104
2016,"41427",36,43
2016,"41428",28,35
2016,"41429",76,97
2016,"41430",84,72
2016,"41501",84,99
2016,"41502",102,93
2016,"41503",412,290
2016,"41504",188,132
2016,"41505",40,63
2016,"41506",393,345
2016,"41507",68,112
2016,"41508",40,44
2016,"41509",77,76
2016,"41510",55,57
2016,"41511",156,119
2016,"41512",54,44
2016,"41513",97,81
2016,"41514",104,104
2016,"41515",51,43
2016,"41516",551,449
2016,"41517",156,161
2016,"41518",88,89
2016,"41521",203,169
2016,"41522",150,143
2016,"41601",213,167
2016,"41602",156,156
2016,"41603",167,192
2016,"41604",93,65
2016,"41605",466,391
2016,"41606",229,170
2016,"41607",440,335
2016,"41608",29,73
2016,"41609",250,206
2016,"41610",26,22
2016,"41611",113,130
2016,"41612",84,69
2016,"41613",112,63
2016,"41614",84,127
2016,"41615",118,94
2016,"41616",18,13
2016,"41617",308,276
2016,"41618",223,213
2016,"41619",103,85
2016,"41620",79,72
2016,"41621",67,51
2016,"41622",42,65
2016,"41623",55,42
2016,"41624",368,658
2016,"41626",299,204
2016,"41627",67,103
2016,"41628",77,54
2016,"41701",155,161
2016,"41702",92,106
2016,"41703",473,527
2016,"41704",28,39
2016,"41705",80,66
2016,"41706",27,27
2016,"41707",93,81
2016,"41708",47,31
2016,"41709",836,1155
2016,"41710",164,214
2016,"41711",130,80
2016,"41712",77,80
2016,"41713",264,279
2016,"41714",33,32
2016,"41715",442,605
2016,"41716",73,93
2016,"41717",32,34
2016,"41718",39,44
2016,"41719",92,70
2016,"41720",100,97
2016,"41721",37,30
2016,"41722",244,167
2016,"41723",63,51
2016,"41724",24,17
2016,"41725",15,25
2016,"41726",76,79
2016,"41727",45,57
2016,"41728",29,26
2016,"41729",35,32
2016,"41730",87,76
2016,"41731",436,351
2016,"41732",133,92
2016,"41733",6,10
2016,"41734",310,2911
2016,"41735",123,106
2016,"41736",150,50
2016,"41737",206,204
2016,"41738",268,348
2016,"41739",307,283
2016,"41740",55,62
2016,"41741",52,82
2016,"41742",189,227
2016,"41743",375,445
2016,"41744",60,83
2016,"41745",44,65
2016,"41746",933,862
2016,"41747",305,280
2016,"41748",20,26
2016,"41749",115,77
2016,"41750",82,123
2016,"41751",74,90
2016,"41752",57,54
2016,"41801",28,21
2016,"41802",42,31
2016,"41803",96,107
2016,"41804",160,180
2016,"41805",94,92
2016,"41806",140,140
2016,"41807",53,46
2016,"41808",339,248
2016,"41809",64,51
2016,"41810",93,110
2016,"41811",281,278
2016,"41812",837,597
2016,"41813",44,47
2016,"41814",65,76
2016,"41815",23,39
2016,"41816",125,127
2016,"41817",174,169
2016,"41818",67,51
2016,"41819",73,72
2016,"41820",301,256
2016,"41821",81,79
2016,"41822",201,93
2016,"41823",301,281
2016,"41824",222,225
2016,"50101",6446,7944
2016,"50201",136,276
2016,"50202",132,129
2016,"50203",45,97
2016,"50204",130,189
2016,"50205",1112,1015
2016,"50206",18,19
2016,"50207",269,269
2016,"50208",259,274
2016,"50209",416,408
2016,"50210",18,26
2016,"50211",63,38
2016,"50212",38,38
2016,"50213",84,98
2016,"50301",286,276
2016,"50302",160,164
2016,"50303",361,279
2016,"50304",77,110
2016,"50305",223,247
2016,"50306",47,45
2016,"50307",51,58
2016,"50308",185,155
2016,"50309",287,267
2016,"50310",326,337
2016,"50311",144,115
2016,"50312",74,121
2016,"50313",28,23
2016,"50314",410,417
2016,"50315",142,132
2016,"50316",322,233
2016,"50317",216,253
2016,"50318",21,10
2016,"50319",224,199
2016,"50320",145,112
2016,"50321",130,156
2016,"50322",250,169
2016,"50323",182,148
2016,"50324",367,294
2016,"50325",81,87
2016,"50326",290,269
2016,"50327",258,229
2016,"50328",68,67
2016,"50329",125,142
2016,"50330",224,175
2016,"50331",37,27
2016,"50332",132,117
2016,"50335",325,341
2016,"50336",113,115
2016,"50337",367,433
2016,"50338",759,1156
2016,"50339",518,567
2016,"50401",235,162
2016,"50402",232,262
2016,"50403",150,272
2016,"50404",412,451
2016,"50405",24,57
2016,"50406",136,90
2016,"50407",51,52
2016,"50408",86,154
2016,"50409",13,11
2016,"50410",121,89
2016,"50411",69,87
2016,"50412",85,67
2016,"50413",18,14
2016,"50414",15,20
2016,"50415",44,65
2016,"50416",104,92
2016,"50417",181,245
2016,"50418",416,556
2016,"50419",69,54
2016,"50420",198,179
2016,"50421",216,191
2016,"50422",35,34
2016,"50423",79,122
2016,"50424",178,190
2016,"50425",43,50
2016,"50501",4,10
2016,"50502",6,20
2016,"50503",75,76
2016,"50504",52,74
2016,"50505",3,8
2016,"50506",43,70
2016,"50507",27,20
2016,"50508",32,38
2016,"50509",92,127
2016,"50510",210,246
2016,"50511",13,8
2016,"50512",23,20
2016,"50513",40,40
2016,"50514",7,4
2016,"50515",25,20
2016,"50601",122,119
2016,"50602",218,203
2016,"50603",10,18
2016,"50604",32,40
2016,"50605",75,53
2016,"50606",114,154
2016,"50607",11,28
2016,"50608",97,80
2016,"50609",98,103
2016,"50610",100,96
2016,"50611",202,191
2016,"50612",103,75
2016,"50613",214,300
2016,"50614",108,92
2016,"50615",96,88
2016,"50616",160,163
2016,"50617",66,86
2016,"50618",77,109
2016,"50619",572,585
2016,"50620",42,62
2016,"50621",63,44
2016,"50622",87,129
2016,"50623",44,79
2016,"50624",130,100
2016,"50625",29,29
2016,"50626",32,48
2016,"50627",19,27
2016,"50628",460,559
2016,"60101",13256,12754
2016,"60305",173,162
2016,"60318",210,188
2016,"60323",111,75
2016,"60324",154,100
2016,"60326",104,65
2016,"60329",60,81
2016,"60341",85,97
2016,"60344",553,603
2016,"60345",225,246
2016,"60346",199,213
2016,"60347",129,140
2016,"60348",157,179
2016,"60349",221,170
2016,"60350",377,338
2016,"60351",225,229
2016,"60608",592,448
2016,"60611",310,248
2016,"60613",520,531
2016,"60617",392,316
2016,"60618",70,54
2016,"60619",225,185
2016,"60623",148,130
2016,"60624",542,382
2016,"60626",142,126
2016,"60628",193,182
2016,"60629",395,317
2016,"60632",178,160
2016,"60639",86,59
2016,"60641",74,59
2016,"60642",108,91
2016,"60645",160,163
2016,"60646",158,152
2016,"60647",16,22
2016,"60648",107,132
2016,"60651",123,90
2016,"60653",271,211
2016,"60654",98,114
2016,"60655",188,158
2016,"60656",123,96
2016,"60659",299,267
2016,"60660",248,185
2016,"60661",340,275
2016,"60662",295,229
2016,"60663",223,227
2016,"60664",684,610
2016,"60665",406,326
2016,"60666",110,102
2016,"60667",365,206
2016,"60668",115,136
2016,"60669",867,649
2016,"60670",562,410
2016,"61001",96,70
2016,"61002",91,134
2016,"61007",69,49
2016,"61008",122,98
2016,"61012",196,172
2016,"61013",90,75
2016,"61016",78,91
2016,"61017",69,117
2016,"61019",51,73
2016,"61020",108,110
2016,"61021",190,189
2016,"61024",129,171
2016,"61027",50,48
2016,"61030",90,82
2016,"61032",71,75
2016,"61033",131,99
2016,"61043",220,190
2016,"61045",534,336
2016,"61049",185,255
2016,"61050",166,168
2016,"61051",198,158
2016,"61052",154,149
2016,"61053",995,862
2016,"61054",98,147
2016,"61055",71,77
2016,"61057",83,74
2016,"61059",368,402
2016,"61060",167,195
2016,"61061",339,453
2016,"61101",121,174
2016,"61105",33,56
2016,"61106",77,66
2016,"61107",76,44
2016,"61108",1579,2808
2016,"61109",136,102
2016,"61110",192,166
2016,"61111",55,55
2016,"61112",8,20
2016,"61113",192,153
2016,"61114",131,111
2016,"61115",83,80
2016,"61116",56,62
2016,"61118",181,128
2016,"61119",32,24
2016,"61120",374,431
2016,"61203",223,162
2016,"61204",96,66
2016,"61205",17,25
2016,"61206",58,32
2016,"61207",218,199
2016,"61213",154,135
2016,"61215",43,73
2016,"61217",80,107
2016,"61222",82,69
2016,"61236",89,93
2016,"61243",74,107
2016,"61247",164,166
2016,"61251",8,21
2016,"61252",62,74
2016,"61253",237,256
2016,"61254",61,47
2016,"61255",163,201
2016,"61256",55,80
2016,"61257",172,170
2016,"61258",62,81
2016,"61259",529,511
2016,"61260",50,37
2016,"61261",64,93
2016,"61262",75,89
2016,"61263",281,284
2016,"61264",67,88
2016,"61265",224,307
2016,"61266",34,47
2016,"61267",167,157
2016,"61410",23,37
2016,"61413",21,24
2016,"61425",100,126
2016,"61428",20,33
2016,"61437",19,19
2016,"61438",149,154
2016,"61439",130,170
2016,"61440",45,68
2016,"61441",21,31
2016,"61442",36,51
2016,"61443",44,53
2016,"61444",60,108
2016,"61445",58,58
2016,"61446",104,78
2016,"61611",117,96
2016,"61612",105,137
2016,"61615",104,126
2016,"61618",117,168
2016,"61621",21,48
2016,"61624",135,93
2016,"61625",531,538
2016,"61626",318,339
2016,"61627",83,90
2016,"61628",55,80
2016,"61629",26,36
2016,"61630",54,89
2016,"61631",543,539
2016,"61632",210,186
2016,"61633",247,176
2016,"61701",95,100
2016,"61708",21,31
2016,"61710",56,67
2016,"61711",15,20
2016,"61716",151,185
2016,"61719",179,176
2016,"61727",170,138
2016,"61728",9,13
2016,"61729",85,102
2016,"61730",86,87
2016,"61731",28,64
2016,"61740",74,54
2016,"61741",61,59
2016,"61743",19,21
2016,"61744",22,69
2016,"61745",32,36
2016,"61746",212,149
2016,"61748",185,170
2016,"61750",33,42
2016,"61751",117,95
2016,"61756",164,159
2016,"61757",145,188
2016,"61758",53,49
2016,"61759",59,60
2016,"61760",806,613
2016,"61761",65,56
2016,"61762",78,105
2016,"61763",173,176
2016,"61764",164,147
2016,"61765",322,216
2016,"61766",672,621
2016,"62007",365,354
2016,"62008",26,29
2016,"62010",15,34
2016,"62014",108,74
2016,"62021",14,23
2016,"62026",29,32
2016,"62032",55,65
2016,"62034",45,41
2016,"62036",72,50
2016,"62038",456,549
2016,"62039",105,82
2016,"62040",531,659
2016,"62041",669,738
2016,"62042",89,102
2016,"62043",125,137
2016,"62044",95,140
2016,"62045",92,106
2016,"62046",149,116
2016,"62047",272,268
2016,"62048",196,143
2016,"62105",30,51
2016,"62115",255,181
2016,"62116",106,155
2016,"62125",113,89
2016,"62128",217,187
2016,"62131",306,781
2016,"62132",44,68
2016,"62135",52,32
2016,"62138",131,121
2016,"62139",769,739
2016,"62140",915,1061
2016,"62141",415,328
2016,"62142",121,158
2016,"62143",398,426
2016,"62144",185,299
2016,"62145",192,258
2016,"62146",217,175
2016,"62147",64,81
2016,"62148",66,75
2016,"62202",97,102
2016,"62205",92,89
2016,"62206",72,74
2016,"62209",60,57
2016,"62211",103,98
2016,"62214",66,104
2016,"62216",46,46
2016,"62219",372,340
2016,"62220",111,109
2016,"62226",99,101
2016,"62232",80,86
2016,"62233",149,175
2016,"62235",57,85
2016,"62242",23,36
2016,"62244",120,86
2016,"62245",45,44
2016,"62247",83,95
2016,"62252",90,74
2016,"62256",81,161
2016,"62262",49,69
2016,"62264",186,169
2016,"62265",49,58
2016,"62266",116,86
2016,"62267",447,415
2016,"62268",91,104
2016,"62269",143,137
2016,"62270",84,79
2016,"62271",184,177
2016,"62272",250,144
2016,"62273",138,98
2016,"62274",97,89
2016,"62275",188,159
2016,"62276",55,77
2016,"62277",90,130
2016,"62278",95,112
2016,"62279",46,64
2016,"62311",58,61
2016,"62314",40,38
2016,"62326",73,52
2016,"62330",51,43
2016,"62332",38,41
2016,"62335",32,29
2016,"62343",59,50
2016,"62368",46,52
2016,"62372",56,38
2016,"62375",287,280
2016,"62376",165,112
2016,"62377",61,59
2016,"62378",240,335
2016,"62379",596,651
2016,"62380",200,200
2016,"62381",112,121
2016,"62382",184,179
2016,"62383",154,173
2016,"62384",113,114
2016,"62385",94,106
2016,"62386",158,206
2016,"62387",69,74
2016,"62388",104,124
2016,"62389",95,136
2016,"62390",93,134
2016,"70101",6505,7124
2016,"70201",169,124
2016,"70202",239,180
2016,"70203",626,433
2016,"70204",12,17
2016,"70205",19,31
2016,"70206",21,20
2016,"70207",29,30
2016,"70208",106,100
2016,"70209",171,123
2016,"70210",29,26
2016,"70211",84,130
2016,"70212",93,56
2016,"70213",101,121
2016,"70214",121,118
2016,"70215",142,92
2016,"70216",91,97
2016,"70217",23,45
2016,"70218",92,102
2016,"70219",87,83
2016,"70220",101,151
2016,"70221",93,62
2016,"70222",119,113
2016,"70223",96,105
2016,"70224",65,46
2016,"70301",336,299
2016,"70302",280,207
2016,"70303",96,121
2016,"70304",300,306
2016,"70305",73,70
2016,"70306",107,81
2016,"70307",30,41
2016,"70308",40,71
2016,"70309",110,95
2016,"70310",188,163
2016,"70311",29,26
2016,"70312",388,330
2016,"70313",99,61
2016,"70314",21,22
2016,"70315",36,56
2016,"70317",5,15
2016,"70318",94,86
2016,"70319",208,172
2016,"70320",159,160
2016,"70322",75,67
2016,"70323",39,43
2016,"70325",104,94
2016,"70326",100,85
2016,"70328",100,93
2016,"70329",227,219
2016,"70331",137,71
2016,"70332",140,129
2016,"70333",65,82
2016,"70334",141,168
2016,"70335",102,65
2016,"70336",7,10
2016,"70337",94,104
2016,"70338",67,44
2016,"70339",61,63
2016,"70340",50,66
2016,"70342",71,65
2016,"70343",46,31
2016,"70344",118,116
2016,"70345",76,62
2016,"70346",423,438
2016,"70347",2,5
2016,"70348",76,80
2016,"70349",16,27
2016,"70350",111,89
2016,"70351",161,186
2016,"70352",39,45
2016,"70353",109,101
2016,"70354",1009,964
2016,"70355",211,185
2016,"70356",54,59
2016,"70357",708,610
2016,"70358",201,209
2016,"70359",28,42
2016,"70360",86,64
2016,"70361",16,7
2016,"70362",12,21
2016,"70364",340,342
2016,"70365",247,241
2016,"70366",18,19
2016,"70367",305,346
2016,"70368",41,43
2016,"70369",434,406
2016,"70370",170,167
2016,"70401",42,36
2016,"70402",93,101
2016,"70403",322,704
2016,"70404",71,100
2016,"70405",65,37
2016,"70406",133,171
2016,"70407",39,35
2016,"70408",40,41
2016,"70409",136,182
2016,"70410",193,183
2016,"70411",266,325
2016,"70412",177,199
2016,"70413",133,88
2016,"70414",38,77
2016,"70415",30,43
2016,"70416",560,451
2016,"70417",63,57
2016,"70418",31,41
2016,"70419",54,64
2016,"70420",92,110
2016,"70501",34,49
2016,"70502",47,42
2016,"70503",201,131
2016,"70504",38,37
2016,"70505",135,123
2016,"70506",169,148
2016,"70508",288,270
2016,"70509",102,79
2016,"70510",89,68
2016,"70511",352,280
2016,"70512",225,203
2016,"70513",829,799
2016,"70514",218,161
2016,"70515",245,186
2016,"70516",8,12
2016,"70517",123,98
2016,"70518",116,82
2016,"70519",10,20
2016,"70520",192,142
2016,"70521",46,70
2016,"70522",161,167
2016,"70523",22,9
2016,"70524",87,72
2016,"70525",140,88
2016,"70526",86,105
2016,"70527",120,78
2016,"70528",64,69
2016,"70529",115,102
2016,"70530",115,101
2016,"70531",713,643
2016,"70601",11,19
2016,"70602",5,7
2016,"70603",33,25
2016,"70604",86,121
2016,"70605",23,27
2016,"70606",10,7
2016,"70607",31,48
2016,"70608",40,47
2016,"70609",35,57
2016,"70610",7,7
2016,"70611",16,19
2016,"70612",23,26
2016,"70613",19,25
2016,"70614",297,344
2016,"70615",25,44
2016,"70616",53,44
2016,"70617",46,72
2016,"70618",31,42
2016,"70619",80,58
2016,"70620",48,55
2016,"70621",60,55
2016,"70622",56,82
2016,"70623",31,24
2016,"70624",26,41
2016,"70625",1,2
2016,"70626",9,14
2016,"70627",34,37
2016,"70628",28,28
2016,"70629",34,22
2016,"70630",152,138
2016,"70701",24,18
2016,"70702",43,32
2016,"70703",15,25
2016,"70704",21,30
2016,"70705",46,63
2016,"70706",12,18
2016,"70707",88,126
2016,"70708",26,37
2016,"70709",11,15
2016,"70710",14,11
2016,"70711",29,32
2016,"70712",12,37
2016,"70713",8,11
2016,"70714",25,12
2016,"70715",34,26
2016,"70716",539,577
2016,"70717",75,88
2016,"70718",78,45
2016,"70719",169,149
2016,"70720",38,51
2016,"70721",9,9
2016,"70723",24,34
2016,"70724",12,27
2016,"70725",24,23
2016,"70726",7,12
2016,"70727",13,18
2016,"70728",56,55
2016,"70729",10,28
2016,"70731",16,21
2016,"70732",53,48
2016,"70733",0,10
2016,"70734",50,72
2016,"70735",19,31
2016,"70801",21,15
2016,"70802",9,21
2016,"70803",19,33
2016,"70804",26,19
2016,"70805",109,133
2016,"70806",54,52
2016,"70807",59,79
2016,"70808",27,34
2016,"70809",12,11
2016,"70810",4,16
2016,"70811",30,38
2016,"70812",1,6
2016,"70813",24,16
2016,"70814",30,17
2016,"70815",0,1
2016,"70816",34,53
2016,"70817",5,14
2016,"70818",1,4
2016,"70819",0,3
2016,"70820",132,116
2016,"70821",67,62
2016,"70822",11,6
2016,"70823",0,4
2016,"70824",15,16
2016,"70825",7,2
2016,"70826",109,93
2016,"70827",6,11
2016,"70828",421,350
2016,"70829",5,11
2016,"70830",23,16
2016,"70831",13,10
2016,"70832",47,34
2016,"70833",61,47
2016,"70834",4,10
2016,"70835",50,40
2016,"70836",42,44
2016,"70837",2,5
2016,"70901",77,62
2016,"70902",67,68
2016,"70903",4,5
2016,"70904",58,66
2016,"70905",100,111
2016,"70907",165,183
2016,"70908",30,80
2016,"70909",256,239
2016,"70910",48,53
2016,"70911",30,21
2016,"70912",15,20
2016,"70913",11,16
2016,"70914",18,25
2016,"70915",65,65
2016,"70916",47,34
2016,"70917",341,313
2016,"70918",67,63
2016,"70920",156,162
2016,"70921",41,56
2016,"70922",93,93
2016,"70923",46,70
2016,"70924",20,17
2016,"70925",63,71
2016,"70926",703,594
2016,"70927",61,78
2016,"70928",105,99
2016,"70929",8,17
2016,"70930",47,33
2016,"70931",56,64
2016,"70932",9,14
2016,"70933",115,112
2016,"70934",50,62
2016,"70935",96,89
2016,"70936",549,563
2016,"70937",93,93
2016,"70938",95,76
2016,"70939",104,87
2016,"70940",105,80
2016,"70941",19,24
2016,"80101",78,92
2016,"80102",18,41
2016,"80103",919,790
2016,"80104",145,191
2016,"80105",31,40
2016,"80106",158,186
2016,"80107",32,30
2016,"80108",67,68
2016,"80109",16,18
2016,"80110",68,74
2016,"80111",83,61
2016,"80112",18,23
2016,"80113",53,72
2016,"80114",32,38
2016,"80115",188,198
2016,"80116",380,350
2016,"80117",304,312
2016,"80118",49,65
2016,"80119",27,40
2016,"80120",111,91
2016,"80121",20,53
2016,"80122",289,245
2016,"80123",39,43
2016,"80124",28,43
2016,"80125",17,11
2016,"80126",198,232
2016,"80127",14,22
2016,"80128",147,134
2016,"80129",153,174
2016,"80201",180,147
2016,"80202",137,120
2016,"80203",47,49
2016,"80204",69,77
2016,"80205",27,27
2016,"80206",48,44
2016,"80207",1700,1591
2016,"80208",25,28
2016,"80209",15,11
2016,"80210",47,48
2016,"80211",126,143
2016,"80212",24,19
2016,"80213",217,218
2016,"80214",92,77
2016,"80215",684,641
2016,"80216",136,100
2016,"80217",357,315
2016,"80218",257,298
2016,"80219",82,75
2016,"80220",91,93
2016,"80221",44,56
2016,"80222",109,58
2016,"80223",50,47
2016,"80224",687,592
2016,"80225",82,82
2016,"80226",327,314
2016,"80227",43,38
2016,"80228",47,61
2016,"80229",27,5
2016,"80230",33,33
2016,"80231",51,45
2016,"80232",7,33
2016,"80233",24,37
2016,"80234",3,9
2016,"80235",253,226
2016,"80236",52,86
2016,"80237",12,14
2016,"80238",91,69
2016,"80239",7,10
2016,"80240",523,480
2016,"80301",2301,2240
2016,"80302",904,858
2016,"80303",911,949
2016,"80401",358,380
2016,"80402",17,9
2016,"80403",9,15
2016,"80404",1778,1703
2016,"80405",412,371
2016,"80406",36,44
2016,"80407",175,143
2016,"80408",1205,1294
2016,"80409",185,184
2016,"80410",252,256
2016,"80411",15,25
2016,"80412",303,209
2016,"80413",134,104
2016,"80414",651,600
2016,"80415",26,19
2016,"80416",155,167
2016,"80417",181,114
2016,"80418",176,194
2016,"80419",36,25
2016,"80420",188,184
2016,"80421",18,30
2016,"80422",8,19
2016,"80423",125,149
2016,"80424",188,236
2016,"90101",1238,1301
2016,"90201",10229,10810
2016,"90301",8684,9739
2016,"90401",3825,4007
2016,"90501",6301,6936
2016,"90601",3762,4067
2016,"90701",3672,4052
2016,"90801",3661,4385
2016,"90901",5684,6396
2016,"91001",16006,16136
2016,"91101",8561,7044
2016,"91201",10047,9885
2016,"91301",4400,4326
2016,"91401",7883,8000
2016,"91501",9761,10888
2016,"91601",11146,11167
2016,"91701",6238,6506
2016,"91801",5607,5249
2016,"91901",5635,5600
2016,"92001",8552,9202
2016,"92101",11339,9910
2016,"92201",11262,8768
2016,"92301",7842,5823
2017,"10101",945,815
2017,"10201",81,44
2017,"10301",78,75
2017,"10302",83,70
2017,"10303",56,81
2017,"10304",178,129
2017,"10305",49,132
2017,"10306",36,21
2017,"10307",56,68
2017,"10308",77,68
2017,"10309",265,177
2017,"10310",35,67
2017,"10311",36,38
2017,"10312",120,95
2017,"10313",67,82
2017,"10314",55,40
2017,"10315",151,98
2017,"10316",179,129
2017,"10317",95,71
2017,"10318",137,81
2017,"10319",58,64
2017,"10320",31,13
2017,"10321",21,29
2017,"10322",81,62
2017,"10323",56,36
2017,"10401",49,39
2017,"10402",62,59
2017,"10403",16,25
2017,"10404",43,42
2017,"10405",236,193
2017,"10406",39,17
2017,"10407",21,31
2017,"10408",92,90
2017,"10409",34,27
2017,"10410",14,34
2017,"10411",59,66
2017,"10412",26,34
2017,"10413",43,45
2017,"10414",165,133
2017,"10415",57,91
2017,"10416",73,40
2017,"10417",68,89
2017,"10418",23,20
2017,"10419",17,32
2017,"10420",12,10
2017,"10421",17,24
2017,"10422",3,5
2017,"10423",5,2
2017,"10424",17,6
2017,"10425",12,16
2017,"10426",5,10
2017,"10427",12,23
2017,"10428",14,16
2017,"10501",73,62
2017,"10502",49,71
2017,"10503",45,64
2017,"10504",152,189
2017,"10505",37,46
2017,"10506",29,49
2017,"10507",49,35
2017,"10508",80,92
2017,"10509",69,77
2017,"10510",36,50
2017,"10511",25,33
2017,"10512",18,13
2017,"10601",75,40
2017,"10602",107,130
2017,"10603",48,51
2017,"10604",59,34
2017,"10605",56,79
2017,"10606",357,343
2017,"10607",304,204
2017,"10608",28,14
2017,"10609",145,126
2017,"10610",71,103
2017,"10611",155,112
2017,"10612",80,72
2017,"10613",30,34
2017,"10614",33,36
2017,"10615",143,129
2017,"10616",32,44
2017,"10617",47,33
2017,"10618",47,53
2017,"10619",33,26
2017,"10701",47,57
2017,"10702",44,43
2017,"10703",241,204
2017,"10704",24,17
2017,"10705",158,120
2017,"10706",32,33
2017,"10707",138,114
2017,"10708",50,39
2017,"10709",66,47
2017,"10710",75,52
2017,"10711",101,91
2017,"10712",69,66
2017,"10713",700,413
2017,"10714",55,74
2017,"10715",54,45
2017,"10716",28,56
2017,"10717",261,186
2017,"10718",97,104
2017,"10719",43,46
2017,"10720",44,35
2017,"10721",34,37
2017,"10722",125,84
2017,"10723",54,73
2017,"10724",92,65
2017,"10725",26,24
2017,"10726",34,16
2017,"10727",12,17
2017,"10801",107,80
2017,"10802",50,62
2017,"10803",49,49
2017,"10804",44,70
2017,"10805",55,78
2017,"10806",16,24
2017,"10807",60,71
2017,"10808",73,52
2017,"10809",117,69
2017,"10810",36,59
2017,"10811",65,79
2017,"10812",46,41
2017,"10813",35,36
2017,"10814",36,35
2017,"10815",66,34
2017,"10816",202,202
2017,"10817",55,42
2017,"10818",18,30
2017,"10819",39,20
2017,"10820",36,34
2017,"10821",46,39
2017,"10822",73,75
2017,"10823",82,50
2017,"10824",21,14
2017,"10825",47,41
2017,"10826",17,19
2017,"10827",14,17
2017,"10828",14,19
2017,"10901",106,102
2017,"10902",95,103
2017,"10903",38,45
2017,"10904",40,36
2017,"10905",144,139
2017,"10906",41,47
2017,"10907",55,56
2017,"10908",64,83
2017,"10909",53,44
2017,"10910",57,56
2017,"10911",56,56
2017,"10912",70,101
2017,"10913",12,11
2017,"10914",48,59
2017,"10915",43,32
2017,"10916",123,117
2017,"10917",523,445
2017,"10918",416,271
2017,"10919",131,173
2017,"10920",94,102
2017,"10921",60,49
2017,"10922",36,36
2017,"10923",79,88
2017,"10924",30,38
2017,"10925",50,31
2017,"10926",27,30
2017,"10927",42,36
2017,"10928",63,80
2017,"10929",28,33
2017,"10930",28,21
2017,"10931",5,13
2017,"10932",17,13
2017,"20101",4638,4393
2017,"20201",2592,2662
2017,"20302",38,42
2017,"20305",183,191
2017,"20306",113,136
2017,"20307",85,139
2017,"20316",68,39
2017,"20320",42,51
2017,"20321",10,27
2017,"20402",414,404
2017,"20403",112,106
2017,"20405",295,306
2017,"20409",142,162
2017,"20412",133,137
2017,"20414",197,139
2017,"20415",319,321
2017,"20416",54,72
2017,"20417",133,122
2017,"20418",199,206
2017,"20419",107,79
2017,"20421",299,283
2017,"20424",208,160
2017,"20425",158,120
2017,"20428",59,42
2017,"20432",152,130
2017,"20435",89,84
2017,"20441",7,8
2017,"20442",205,162
2017,"20501",344,394
2017,"20502",101,141
2017,"20503",40,31
2017,"20504",75,83
2017,"20505",169,166
2017,"20506",37,39
2017,"20508",38,55
2017,"20509",67,53
2017,"20511",35,79
2017,"20512",86,124
2017,"20513",59,89
2017,"20515",160,132
2017,"20518",32,54
2017,"20519",34,53
2017,"20520",56,70
2017,"20523",213,265
2017,"20527",663,600
2017,"20530",119,98
2017,"20531",72,93
2017,"20534",137,133
2017,"20601",77,88
2017,"20602",91,75
2017,"20603",30,40
2017,"20604",38,60
2017,"20605",31,48
2017,"20607",36,28
2017,"20608",98,101
2017,"20609",54,54
2017,"20610",19,36
2017,"20611",99,82
2017,"20613",35,35
2017,"20616",91,123
2017,"20618",19,59
2017,"20619",44,69
2017,"20620",150,150
2017,"20622",17,27
2017,"20624",90,48
2017,"20625",37,80
2017,"20627",63,116
2017,"20630",165,213
2017,"20631",29,51
2017,"20632",36,64
2017,"20633",74,111
2017,"20634",319,233
2017,"20635",671,708
2017,"20636",30,29
2017,"20637",51,58
2017,"20638",26,43
2017,"20639",17,15
2017,"20640",42,28
2017,"20642",52,71
2017,"20643",154,116
2017,"20644",66,77
2017,"20701",104,70
2017,"20702",297,280
2017,"20703",53,59
2017,"20705",71,116
2017,"20707",29,19
2017,"20708",25,45
2017,"20710",95,88
2017,"20711",573,545
2017,"20712",31,69
2017,"20713",35,30
2017,"20719",74,69
2017,"20720",176,199
2017,"20721",114,104
2017,"20722",200,198
2017,"20723",52,54
2017,"20724",346,241
2017,"20725",394,475
2017,"20726",163,156
2017,"20727",287,281
2017,"20801",166,210
2017,"20802",26,42
2017,"20803",272,280
2017,"20804",100,125
2017,"20805",94,92
2017,"20806",78,71
2017,"20807",64,57
2017,"20808",103,145
2017,"20810",62,51
2017,"20812",63,47
2017,"20813",244,301
2017,"20815",75,99
2017,"20817",446,465
2017,"20901",98,115
2017,"20905",145,157
2017,"20909",89,97
2017,"20911",29,38
2017,"20912",53,71
2017,"20913",440,474
2017,"20914",52,83
2017,"20918",113,146
2017,"20923",827,830
2017,"21001",27,45
2017,"21002",577,555
2017,"21003",95,112
2017,"21004",41,44
2017,"21005",82,96
2017,"21006",189,454
2017,"21007",44,56
2017,"21008",74,104
2017,"21009",192,186
2017,"21010",69,98
2017,"30101",1494,1496
2017,"30201",2816,2483
2017,"30301",358,449
2017,"30401",2843,2675
2017,"30501",52,49
2017,"30502",1083,1194
2017,"30503",116,135
2017,"30504",151,132
2017,"30506",182,156
2017,"30507",73,87
2017,"30508",140,175
2017,"30509",113,77
2017,"30510",26,29
2017,"30511",83,75
2017,"30512",61,43
2017,"30514",277,227
2017,"30515",142,151
2017,"30516",33,55
2017,"30517",164,179
2017,"30520",69,89
2017,"30521",63,66
2017,"30522",101,118
2017,"30524",65,67
2017,"30526",38,53
2017,"30527",143,121
2017,"30529",99,116
2017,"30530",182,214
2017,"30531",356,362
2017,"30532",111,130
2017,"30533",158,205
2017,"30534",97,92
2017,"30536",66,95
2017,"30538",91,66
2017,"30539",105,74
2017,"30541",79,78
2017,"30542",81,91
2017,"30543",78,98
2017,"30544",70,86
2017,"30601",198,229
2017,"30602",194,229
2017,"30603",732,614
2017,"30604",1581,1474
2017,"30605",417,500
2017,"30607",685,570
2017,"30608",177,200
2017,"30609",54,47
2017,"30612",65,89
2017,"30613",96,96
2017,"30614",68,67
2017,"30615",303,238
2017,"30616",82,69
2017,"30618",361,393
2017,"30620",296,305
2017,"30621",203,120
2017,"30623",371,234
2017,"30625",172,191
2017,"30626",455,327
2017,"30627",198,202
2017,"30629",108,81
2017,"30631",94,78
2017,"30633",54,59
2017,"30635",50,66
2017,"30636",84,91
2017,"30637",83,84
2017,"30639",939,1557
2017,"30641",192,203
2017,"30645",101,106
2017,"30646",124,143
2017,"30701",31,34
2017,"30702",95,103
2017,"30703",29,26
2017,"30704",485,490
2017,"30706",178,129
2017,"30708",56,32
2017,"30709",79,76
2017,"30710",261,327
2017,"30711",101,67
2017,"30712",35,34
2017,"30713",65,80
2017,"30715",18,14
2017,"30716",195,204
2017,"30718",41,60
2017,"30719",49,44
2017,"30721",90,91
2017,"30722",66,48
2017,"30724",78,58
2017,"30726",121,82
2017,"30728",17,37
2017,"30729",138,186
2017,"30730",321,267
2017,"30731",352,168
2017,"30732",381,396
2017,"30733",42,62
2017,"30734",164,123
2017,"30735",258,276
2017,"30736",197,151
2017,"30737",88,88
2017,"30738",33,31
2017,"30739",140,92
2017,"30740",988,1073
2017,"30741",92,90
2017,"30801",6,8
2017,"30802",11,8
2017,"30803",174,163
2017,"30804",109,90
2017,"30805",66,58
2017,"30808",498,403
2017,"30810",48,43
2017,"30811",97,85
2017,"30812",36,31
2017,"30813",66,59
2017,"30814",129,63
2017,"30817",755,556
2017,"30819",22,3
2017,"30821",770,475
2017,"30822",1,0
2017,"30824",59,70
2017,"30825",41,39
2017,"30826",60,45
2017,"30827",167,131
2017,"30828",39,28
2017,"30829",42,42
2017,"30830",170,134
2017,"30831",167,148
2017,"30834",16,33
2017,"30835",149,138
2017,"30836",31,36
2017,"30838",143,133
2017,"30841",46,60
2017,"30842",71,72
2017,"30844",136,68
2017,"30845",75,71
2017,"30846",4,2
2017,"30848",79,73
2017,"30849",39,37
2017,"30850",51,36
2017,"30852",71,91
2017,"30854",35,23
2017,"30856",659,440
2017,"30857",32,35
2017,"30858",80,64
2017,"30859",38,34
2017,"30860",108,90
2017,"30863",252,192
2017,"30865",55,61
2017,"30902",47,64
2017,"30903",63,102
2017,"30904",18,26
2017,"30906",29,26
2017,"30908",273,393
2017,"30909",89,68
2017,"30910",62,72
2017,"30912",21,21
2017,"30913",34,30
2017,"30915",11,12
2017,"30916",174,255
2017,"30917",19,29
2017,"30920",61,49
2017,"30921",32,35
2017,"30925",127,115
2017,"30929",14,25
2017,"30932",42,60
2017,"30935",219,262
2017,"30939",18,23
2017,"30940",59,48
2017,"30942",112,78
2017,"31001",32,41
2017,"31008",147,120
2017,"31009",118,43
2017,"31014",64,49
2017,"31015",51,37
2017,"31016",62,41
2017,"31018",65,99
2017,"31019",49,38
2017,"31021",63,58
2017,"31022",648,536
2017,"31025",29,25
2017,"31026",100,81
2017,"31028",42,50
2017,"31033",37,30
2017,"31035",76,55
2017,"31036",70,85
2017,"31037",186,197
2017,"31038",37,36
2017,"31041",36,16
2017,"31042",42,35
2017,"31043",71,67
2017,"31051",113,105
2017,"31052",104,103
2017,"31053",130,149
2017,"31101",25,28
2017,"31102",26,31
2017,"31103",38,65
2017,"31104",49,40
2017,"31105",167,228
2017,"31106",169,183
2017,"31107",42,67
2017,"31109",433,427
2017,"31110",27,37
2017,"31111",22,33
2017,"31113",32,31
2017,"31114",22,29
2017,"31117",13,13
2017,"31119",9,18
2017,"31120",41,39
2017,"31121",94,80
2017,"31123",50,48
2017,"31124",87,70
2017,"31129",34,46
2017,"31130",36,23
2017,"31201",256,220
2017,"31202",96,70
2017,"31203",139,114
2017,"31204",79,44
2017,"31205",96,98
2017,"31206",122,126
2017,"31207",170,169
2017,"31208",130,120
2017,"31213",961,918
2017,"31214",350,462
2017,"31215",33,50
2017,"31216",180,202
2017,"31224",54,43
2017,"31226",190,137
2017,"31227",141,97
2017,"31228",32,46
2017,"31229",49,65
2017,"31230",863,813
2017,"31234",42,42
2017,"31235",767,523
2017,"31301",17,14
2017,"31302",20,21
2017,"31303",45,44
2017,"31304",12,29
2017,"31308",123,129
2017,"31309",129,170
2017,"31310",82,62
2017,"31311",126,101
2017,"31315",136,139
2017,"31319",42,44
2017,"31321",23,18
2017,"31322",284,365
2017,"31323",44,65
2017,"31324",53,50
2017,"31326",23,27
2017,"31327",198,182
2017,"31330",25,46
2017,"31333",154,112
2017,"31336",51,42
2017,"31337",95,101
2017,"31338",46,43
2017,"31340",20,38
2017,"31343",138,105
2017,"31344",50,61
2017,"31346",79,67
2017,"31347",34,33
2017,"31350",26,34
2017,"31351",26,52
2017,"31355",73,81
2017,"31356",39,36
2017,"31401",14,23
2017,"31402",98,124
2017,"31403",247,242
2017,"31404",31,55
2017,"31405",51,52
2017,"31406",34,50
2017,"31407",195,221
2017,"31408",52,62
2017,"31409",55,46
2017,"31410",45,71
2017,"31411",60,91
2017,"31412",187,219
2017,"31413",189,288
2017,"31414",118,111
2017,"31502",35,37
2017,"31503",81,95
2017,"31504",48,52
2017,"31505",174,179
2017,"31506",5,4
2017,"31507",91,88
2017,"31508",38,49
2017,"31509",61,75
2017,"31511",44,75
2017,"31513",87,45
2017,"31514",65,105
2017,"31515",25,43
2017,"31516",77,48
2017,"31517",58,53
2017,"31519",65,68
2017,"31520",153,193
2017,"31521",171,115
2017,"31522",92,83
2017,"31523",25,45
2017,"31524",425,275
2017,"31525",46,52
2017,"31527",92,95
2017,"31528",34,39
2017,"31530",110,112
2017,"31531",79,104
2017,"31533",247,290
2017,"31534",57,95
2017,"31535",26,18
2017,"31537",126,101
2017,"31539",105,117
2017,"31540",63,79
2017,"31541",27,29
2017,"31542",41,44
2017,"31543",36,40
2017,"31546",29,38
2017,"31549",339,334
2017,"31550",35,80
2017,"31551",48,74
2017,"31552",70,61
2017,"31553",64,63
2017,"31601",48,60
2017,"31603",100,56
2017,"31604",77,67
2017,"31605",44,63
2017,"31606",44,99
2017,"31608",29,30
2017,"31609",26,28
2017,"31611",34,42
2017,"31612",170,135
2017,"31613",33,30
2017,"31614",68,91
2017,"31615",27,45
2017,"31616",20,38
2017,"31617",43,46
2017,"31620",58,45
2017,"31621",20,28
2017,"31622",52,47
2017,"31627",69,38
2017,"31628",54,91
2017,"31629",285,196
2017,"31630",124,95
2017,"31633",705,573
2017,"31634",54,68
2017,"31636",35,31
2017,"31642",46,53
2017,"31644",304,261
2017,"31645",65,54
2017,"31646",29,21
2017,"31649",49,93
2017,"31650",35,42
2017,"31651",135,114
2017,"31652",15,23
2017,"31653",33,32
2017,"31654",96,130
2017,"31655",366,300
2017,"31658",4,22
2017,"31701",61,74
2017,"31702",220,140
2017,"31703",274,291
2017,"31704",763,648
2017,"31706",72,86
2017,"31707",87,106
2017,"31709",186,166
2017,"31710",428,469
2017,"31711",64,57
2017,"31712",261,275
2017,"31713",193,190
2017,"31714",52,42
2017,"31715",180,172
2017,"31716",615,585
2017,"31717",1257,1525
2017,"31718",146,112
2017,"31719",767,662
2017,"31723",595,395
2017,"31725",582,560
2017,"31726",165,98
2017,"31801",22,19
2017,"31802",106,101
2017,"31803",69,101
2017,"31804",92,88
2017,"31805",20,17
2017,"31806",7,13
2017,"31807",39,56
2017,"31808",107,96
2017,"31809",33,32
2017,"31810",298,354
2017,"31811",137,157
2017,"31812",105,109
2017,"31813",122,150
2017,"31814",155,139
2017,"31815",31,38
2017,"31817",95,117
2017,"31818",908,858
2017,"31820",18,25
2017,"31821",162,153
2017,"31823",175,134
2017,"31825",16,9
2017,"31826",113,93
2017,"31827",2,18
2017,"31829",196,296
2017,"31830",13,12
2017,"31831",117,96
2017,"31832",119,100
2017,"31833",37,52
2017,"31834",19,18
2017,"31835",156,129
2017,"31836",17,34
2017,"31837",60,74
2017,"31838",36,34
2017,"31839",612,656
2017,"31840",78,57
2017,"31841",6,15
2017,"31842",7,6
2017,"31843",56,56
2017,"31844",49,65
2017,"31845",51,45
2017,"31846",114,151
2017,"31847",64,46
2017,"31848",52,61
2017,"31849",50,48
2017,"31901",227,158
2017,"31902",65,95
2017,"31903",251,270
2017,"31904",74,64
2017,"31905",300,248
2017,"31906",45,84
2017,"31907",50,35
2017,"31909",139,105
2017,"31910",88,87
2017,"31911",71,65
2017,"31912",388,312
2017,"31913",88,96
2017,"31915",56,59
2017,"31916",75,90
2017,"31917",55,60
2017,"31918",143,134
2017,"31919",144,104
2017,"31920",16,21
2017,"31921",170,169
2017,"31922",78,108
2017,"31923",45,52
2017,"31925",63,68
2017,"31926",450,495
2017,"31927",77,65
2017,"31928",75,65
2017,"31929",151,243
2017,"31930",102,87
2017,"31932",104,100
2017,"31934",182,166
2017,"31935",140,135
2017,"31938",28,29
2017,"31939",9,7
2017,"31940",58,72
2017,"31941",58,34
2017,"31943",317,309
2017,"31945",60,64
2017,"31946",56,33
2017,"31947",326,331
2017,"31948",113,136
2017,"31949",277,272
2017,"31950",126,200
2017,"31951",548,403
2017,"31952",581,607
2017,"31953",174,160
2017,"31954",60,76
2017,"32001",93,156
2017,"32002",37,65
2017,"32003",94,110
2017,"32004",44,69
2017,"32005",43,61
2017,"32006",92,86
2017,"32007",36,43
2017,"32008",180,206
2017,"32009",39,65
2017,"32010",38,26
2017,"32011",33,33
2017,"32012",26,29
2017,"32013",183,186
2017,"32014",65,93
2017,"32015",52,45
2017,"32016",332,233
2017,"32017",141,146
2017,"32018",49,50
2017,"32101",114,72
2017,"32104",154,115
2017,"32106",140,80
2017,"32107",214,158
2017,"32109",19,32
2017,"32110",147,111
2017,"32112",100,110
2017,"32114",142,94
2017,"32115",48,49
2017,"32116",187,153
2017,"32119",122,85
2017,"32120",199,179
2017,"32131",427,345
2017,"32132",125,98
2017,"32134",146,113
2017,"32135",787,782
2017,"32139",92,60
2017,"32140",127,124
2017,"32141",210,203
2017,"32142",398,372
2017,"32143",149,58
2017,"32144",1202,963
2017,"32202",29,47
2017,"32203",32,48
2017,"32206",31,31
2017,"32207",150,152
2017,"32209",50,81
2017,"32210",38,66
2017,"32212",14,38
2017,"32214",18,17
2017,"32216",115,73
2017,"32217",31,41
2017,"32219",100,104
2017,"32220",264,327
2017,"32221",27,26
2017,"32222",10,9
2017,"32223",32,48
2017,"32301",207,144
2017,"32302",53,37
2017,"32304",269,230
2017,"32305",258,274
2017,"32306",221,186
2017,"32307",232,294
2017,"32308",137,133
2017,"32309",34,40
2017,"32310",42,41
2017,"32311",49,61
2017,"32312",22,36
2017,"32313",95,112
2017,"32314",78,50
2017,"32315",81,82
2017,"32316",201,167
2017,"32317",28,31
2017,"32318",112,114
2017,"32319",148,165
2017,"32320",158,103
2017,"32321",14,16
2017,"32322",22,25
2017,"32323",177,178
2017,"32324",21,25
2017,"32325",78,77
2017,"32326",31,36
2017,"32327",309,237
2017,"32330",297,205
2017,"32331",94,90
2017,"32332",148,140
2017,"32333",59,43
2017,"32334",36,48
2017,"32335",47,50
2017,"32336",106,133
2017,"32337",334,209
2017,"32338",88,101
2017,"32501",76,95
2017,"32502",32,40
2017,"32503",12,7
2017,"32504",45,37
2017,"32505",87,101
2017,"32506",17,38
2017,"32508",100,128
2017,"32509",23,24
2017,"32511",18,8
2017,"32514",13,24
2017,"32515",54,32
2017,"32516",29,51
2017,"32517",17,35
2017,"32518",44,48
2017,"32519",14,13
2017,"32520",28,42
2017,"32521",50,46
2017,"32522",36,42
2017,"32523",16,29
2017,"32524",87,85
2017,"32525",58,77
2017,"32528",27,22
2017,"32529",27,45
2017,"32530",324,334
2017,"40101",9501,9424
2017,"40201",1583,1669
2017,"40301",2592,2819
2017,"40401",195,239
2017,"40402",139,86
2017,"40403",40,12
2017,"40404",769,664
2017,"40405",134,149
2017,"40406",129,152
2017,"40407",78,45
2017,"40408",75,38
2017,"40409",88,56
2017,"40410",27,45
2017,"40411",38,28
2017,"40412",34,45
2017,"40413",227,266
2017,"40414",83,94
2017,"40415",52,71
2017,"40416",28,37
2017,"40417",47,41
2017,"40418",176,209
2017,"40419",98,100
2017,"40420",47,41
2017,"40421",559,431
2017,"40422",220,207
2017,"40423",47,29
2017,"40424",76,53
2017,"40425",60,74
2017,"40426",188,223
2017,"40427",125,72
2017,"40428",162,134
2017,"40429",58,39
2017,"40430",32,34
2017,"40431",60,59
2017,"40432",50,67
2017,"40433",35,22
2017,"40434",41,48
2017,"40435",24,11
2017,"40436",58,81
2017,"40437",156,146
2017,"40438",72,101
2017,"40439",13,16
2017,"40440",13,17
2017,"40441",217,199
2017,"40442",22,18
2017,"40443",57,68
2017,"40444",26,14
2017,"40445",20,38
2017,"40446",51,44
2017,"40501",344,229
2017,"40502",122,123
2017,"40503",379,331
2017,"40504",176,131
2017,"40505",34,31
2017,"40506",149,159
2017,"40507",85,107
2017,"40508",128,106
2017,"40509",128,129
2017,"40510",92,104
2017,"40511",111,167
2017,"40512",63,53
2017,"40601",473,350
2017,"40602",88,70
2017,"40603",87,109
2017,"40604",217,220
2017,"40605",46,29
2017,"40606",9,13
2017,"40607",89,81
2017,"40608",54,110
2017,"40609",100,90
2017,"40610",62,51
2017,"40611",46,51
2017,"40612",96,105
2017,"40613",37,34
2017,"40614",253,199
2017,"40615",129,106
2017,"40616",48,62
2017,"40617",53,39
2017,"40618",88,110
2017,"40619",41,45
2017,"40620",101,108
2017,"40621",47,50
2017,"40622",48,78
2017,"40623",27,32
2017,"40624",186,204
2017,"40625",23,38
2017,"40626",41,47
2017,"40627",150,149
2017,"40701",380,391
2017,"40702",193,211
2017,"40703",580,467
2017,"40704",235,232
2017,"40705",814,833
2017,"40706",84,81
2017,"40707",85,112
2017,"40708",121,104
2017,"40709",26,32
2017,"40710",130,79
2017,"40711",507,510
2017,"40712",25,29
2017,"40713",340,296
2017,"40714",210,222
2017,"40715",77,103
2017,"40716",36,39
2017,"40717",83,141
2017,"40718",69,73
2017,"40719",180,195
2017,"40720",277,299
2017,"40801",49,50
2017,"40802",328,270
2017,"40804",40,18
2017,"40805",287,280
2017,"40806",145,96
2017,"40807",52,64
2017,"40808",303,337
2017,"40809",61,94
2017,"40810",19,20
2017,"40811",74,87
2017,"40812",96,90
2017,"40813",63,58
2017,"40814",43,57
2017,"40815",43,46
2017,"40816",46,66
2017,"40817",93,80
2017,"40818",75,77
2017,"40820",9,11
2017,"40821",23,33
2017,"40822",97,98
2017,"40823",52,36
2017,"40824",43,47
2017,"40825",77,53
2017,"40826",15,22
2017,"40827",140,156
2017,"40828",39,31
2017,"40829",87,76
2017,"40830",37,47
2017,"40831",159,140
2017,"40832",154,125
2017,"40833",82,79
2017,"40834",44,39
2017,"40835",177,225
2017,"40901",24,28
2017,"40902",189,215
2017,"40903",31,34
2017,"40904",83,95
2017,"40905",420,332
2017,"40906",48,66
2017,"40907",275,293
2017,"40908",276,228
2017,"40909",131,131
2017,"40910",92,84
2017,"40911",15,25
2017,"40912",189,180
2017,"40913",152,111
2017,"40914",18,42
2017,"40915",77,101
2017,"40916",27,19
2017,"40917",164,175
2017,"40918",97,109
2017,"40919",28,26
2017,"40920",67,115
2017,"40921",32,37
2017,"40922",141,153
2017,"40923",125,102
2017,"41001",59,53
2017,"41002",953,990
2017,"41003",398,424
2017,"41004",41,30
2017,"41005",657,598
2017,"41006",86,73
2017,"41007",371,352
2017,"41008",67,68
2017,"41009",137,162
2017,"41010",163,169
2017,"41011",182,203
2017,"41012",2130,1764
2017,"41013",288,234
2017,"41014",341,276
2017,"41015",112,82
2017,"41016",93,114
2017,"41017",631,570
2017,"41018",91,78
2017,"41019",142,192
2017,"41020",232,189
2017,"41021",1370,1484
2017,"41022",226,273
2017,"41101",78,61
2017,"41102",50,46
2017,"41103",93,69
2017,"41104",21,26
2017,"41105",100,119
2017,"41106",145,114
2017,"41107",19,28
2017,"41108",341,1019
2017,"41109",163,153
2017,"41110",155,225
2017,"41111",341,294
2017,"41112",72,57
2017,"41113",82,77
2017,"41114",149,156
2017,"41115",43,57
2017,"41116",464,468
2017,"41117",42,35
2017,"41118",189,172
2017,"41119",25,74
2017,"41120",307,158
2017,"41121",53,95
2017,"41122",29,25
2017,"41123",68,66
2017,"41124",239,237
2017,"41125",36,74
2017,"41126",74,86
2017,"41201",39,32
2017,"41202",47,62
2017,"41203",160,167
2017,"41204",106,118
2017,"41205",32,31
2017,"41206",13,22
2017,"41207",44,72
2017,"41208",58,72
2017,"41209",142,89
2017,"41210",31,37
2017,"41211",24,30
2017,"41212",36,59
2017,"41213",84,76
2017,"41214",137,126
2017,"41215",79,98
2017,"41216",8,20
2017,"41217",37,21
2017,"41218",154,143
2017,"41219",115,123
2017,"41220",56,50
2017,"41221",62,37
2017,"41222",29,19
2017,"41223",59,39
2017,"41224",65,101
2017,"41225",962,856
2017,"41226",29,24
2017,"41227",22,14
2017,"41228",122,114
2017,"41229",40,54
2017,"41230",45,39
2017,"41231",90,104
2017,"41232",93,64
2017,"41233",58,47
2017,"41234",70,49
2017,"41235",16,36
2017,"41236",17,24
2017,"41304",119,106
2017,"41305",26,34
2017,"41306",15,19
2017,"41307",21,28
2017,"41309",98,79
2017,"41311",17,23
2017,"41312",44,37
2017,"41313",50,55
2017,"41314",39,31
2017,"41315",39,60
2017,"41316",70,50
2017,"41317",38,37
2017,"41318",73,57
2017,"41319",6,12
2017,"41320",9,21
2017,"41321",58,77
2017,"41322",17,24
2017,"41323",63,57
2017,"41324",13,39
2017,"41325",47,51
2017,"41326",29,36
2017,"41327",35,55
2017,"41328",49,87
2017,"41329",28,42
2017,"41331",42,25
2017,"41332",127,162
2017,"41333",25,25
2017,"41334",31,44
2017,"41336",34,34
2017,"41337",28,41
2017,"41338",45,79
2017,"41341",12,27
2017,"41342",113,101
2017,"41343",145,127
2017,"41344",217,256
2017,"41345",68,62
2017,"41346",31,27
2017,"41401",21,28
2017,"41402",219,253
2017,"41403",80,92
2017,"41404",48,58
2017,"41405",45,45
2017,"41406",35,51
2017,"41407",49,49
2017,"41408",47,81
2017,"41409",91,60
2017,"41410",35,50
2017,"41411",64,41
2017,"41412",16,17
2017,"41413",71,104
2017,"41414",80,102
2017,"41415",44,54
2017,"41416",91,101
2017,"41417",24,48
2017,"41418",219,175
2017,"41419",67,64
2017,"41420",30,67
2017,"41421",24,34
2017,"41422",413,315
2017,"41423",71,74
2017,"41424",50,40
2017,"41425",245,188
2017,"41426",89,107
2017,"41427",27,51
2017,"41428",35,48
2017,"41429",64,80
2017,"41430",86,79
2017,"41501",80,72
2017,"41502",97,98
2017,"41503",419,253
2017,"41504",114,131
2017,"41505",55,29
2017,"41506",426,362
2017,"41507",79,86
2017,"41508",20,46
2017,"41509",72,97
2017,"41510",55,60
2017,"41511",135,113
2017,"41512",60,57
2017,"41513",76,52
2017,"41514",102,143
2017,"41515",39,52
2017,"41516",450,446
2017,"41517",148,151
2017,"41518",139,126
2017,"41521",140,147
2017,"41522",130,163
2017,"41601",193,162
2017,"41602",177,175
2017,"41603",153,169
2017,"41604",89,92
2017,"41605",462,393
2017,"41606",223,194
2017,"41607",377,366
2017,"41608",23,37
2017,"41609",198,203
2017,"41610",25,18
2017,"41611",173,149
2017,"41612",73,91
2017,"41613",91,130
2017,"41614",98,114
2017,"41615",104,96
2017,"41616",12,16
2017,"41617",247,257
2017,"41618",203,218
2017,"41619",59,62
2017,"41620",50,75
2017,"41621",58,54
2017,"41622",46,59
2017,"41623",54,40
2017,"41624",276,440
2017,"41626",205,198
2017,"41627",55,86
2017,"41628",67,82
2017,"41701",126,185
2017,"41702",90,85
2017,"41703",545,545
2017,"41704",47,41
2017,"41705",69,67
2017,"41706",23,35
2017,"41707",80,67
2017,"41708",18,34
2017,"41709",145,137
2017,"41710",171,225
2017,"41711",96,110
2017,"41712",50,52
2017,"41713",388,334
2017,"41714",19,50
2017,"41715",397,361
2017,"41716",108,89
2017,"41717",50,24
2017,"41718",28,45
2017,"41719",79,85
2017,"41720",73,96
2017,"41721",52,39
2017,"41722",205,190
2017,"41723",65,76
2017,"41724",27,26
2017,"41725",32,12
2017,"41726",82,86
2017,"41727",41,57
2017,"41728",16,31
2017,"41729",17,11
2017,"41730",100,97
2017,"41731",343,334
2017,"41732",103,125
2017,"41733",18,5
2017,"41734",318,1040
2017,"41735",81,100
2017,"41736",78,76
2017,"41737",202,186
2017,"41738",345,299
2017,"41739",282,308
2017,"41740",34,36
2017,"41741",65,76
2017,"41742",205,189
2017,"41743",318,426
2017,"41744",71,68
2017,"41745",50,65
2017,"41746",978,974
2017,"41747",261,247
2017,"41748",37,39
2017,"41749",42,41
2017,"41750",85,115
2017,"41751",53,74
2017,"41752",65,45
2017,"41801",28,22
2017,"41802",40,43
2017,"41803",132,94
2017,"41804",162,202
2017,"41805",121,87
2017,"41806",123,84
2017,"41807",52,71
2017,"41808",255,219
2017,"41809",98,58
2017,"41810",132,95
2017,"41811",276,288
2017,"41812",811,609
2017,"41813",40,34
2017,"41814",89,81
2017,"41815",20,30
2017,"41816",211,164
2017,"41817",171,148
2017,"41818",101,57
2017,"41819",82,81
2017,"41820",285,268
2017,"41821",36,75
2017,"41822",146,101
2017,"41823",329,373
2017,"41824",182,141
2017,"50101",5910,6237
2017,"50201",144,127
2017,"50202",122,146
2017,"50203",52,57
2017,"50204",162,158
2017,"50205",924,980
2017,"50206",22,28
2017,"50207",264,252
2017,"50208",325,245
2017,"50209",403,452
2017,"50210",11,33
2017,"50211",37,66
2017,"50212",37,34
2017,"50213",99,89
2017,"50301",257,261
2017,"50302",163,178
2017,"50303",454,810
2017,"50304",77,75
2017,"50305",282,265
2017,"50306",80,72
2017,"50307",55,67
2017,"50308",154,134
2017,"50309",322,288
2017,"50310",304,350
2017,"50311",93,90
2017,"50312",72,105
2017,"50313",18,24
2017,"50314",370,408
2017,"50315",162,118
2017,"50316",363,248
2017,"50317",222,220
2017,"50318",5,18
2017,"50319",274,183
2017,"50320",138,126
2017,"50321",172,156
2017,"50322",198,199
2017,"50323",166,170
2017,"50324",354,380
2017,"50325",70,100
2017,"50326",461,270
2017,"50327",215,214
2017,"50328",47,56
2017,"50329",156,138
2017,"50330",168,170
2017,"50331",43,57
2017,"50332",101,91
2017,"50335",337,312
2017,"50336",112,111
2017,"50337",356,405
2017,"50338",553,686
2017,"50339",674,523
2017,"50401",258,159
2017,"50402",244,290
2017,"50403",139,221
2017,"50404",474,439
2017,"50405",40,62
2017,"50406",100,135
2017,"50407",50,46
2017,"50408",136,152
2017,"50409",19,9
2017,"50410",90,122
2017,"50411",53,88
2017,"50412",74,113
2017,"50413",9,12
2017,"50414",21,14
2017,"50415",58,65
2017,"50416",124,78
2017,"50417",159,221
2017,"50418",473,564
2017,"50419",60,53
2017,"50420",162,155
2017,"50421",186,201
2017,"50422",22,21
2017,"50423",92,115
2017,"50424",168,126
2017,"50425",32,32
2017,"50501",1,16
2017,"50502",11,15
2017,"50503",81,55
2017,"50504",77,101
2017,"50505",11,15
2017,"50506",25,53
2017,"50507",21,19
2017,"50508",25,45
2017,"50509",93,165
2017,"50510",275,254
2017,"50511",10,8
2017,"50512",16,20
2017,"50513",15,12
2017,"50514",8,12
2017,"50515",17,23
2017,"50601",74,120
2017,"50602",235,205
2017,"50603",22,14
2017,"50604",57,46
2017,"50605",55,45
2017,"50606",172,194
2017,"50607",34,28
2017,"50608",81,93
2017,"50609",94,125
2017,"50610",84,90
2017,"50611",190,192
2017,"50612",56,78
2017,"50613",244,214
2017,"50614",71,90
2017,"50615",74,56
2017,"50616",141,155
2017,"50617",45,74
2017,"50618",84,141
2017,"50619",589,555
2017,"50620",44,54
2017,"50621",76,83
2017,"50622",103,143
2017,"50623",65,83
2017,"50624",124,94
2017,"50625",20,41
2017,"50626",50,81
2017,"50627",15,34
2017,"50628",549,552
2017,"60101",12494,13090
2017,"60305",176,120
2017,"60318",208,174
2017,"60323",71,79
2017,"60324",124,106
2017,"60326",83,59
2017,"60329",52,77
2017,"60341",81,109
2017,"60344",580,605
2017,"60345",206,271
2017,"60346",147,201
2017,"60347",154,134
2017,"60348",152,153
2017,"60349",181,202
2017,"60350",359,361
2017,"60351",233,206
2017,"60608",566,465
2017,"60611",285,212
2017,"60613",611,573
2017,"60617",365,335
2017,"60618",86,51
2017,"60619",284,184
2017,"60623",174,100
2017,"60624",763,451
2017,"60626",153,148
2017,"60628",261,149
2017,"60629",354,316
2017,"60632",143,166
2017,"60639",70,47
2017,"60641",79,48
2017,"60642",143,104
2017,"60645",139,137
2017,"60646",206,140
2017,"60647",16,15
2017,"60648",113,123
2017,"60651",121,109
2017,"60653",234,184
2017,"60654",105,126
2017,"60655",165,129
2017,"60656",103,112
2017,"60659",307,278
2017,"60660",236,225
2017,"60661",347,301
2017,"60662",297,251
2017,"60663",237,267
2017,"60664",665,545
2017,"60665",322,303
2017,"60666",121,128
2017,"60667",273,239
2017,"60668",167,129
2017,"60669",839,794
2017,"60670",514,405
2017,"61001",95,63
2017,"61002",76,90
2017,"61007",62,58
2017,"61008",107,100
2017,"61012",213,156
2017,"61013",108,81
2017,"61016",77,92
2017,"61017",58,56
2017,"61019",52,43
2017,"61020",115,94
2017,"61021",181,186
2017,"61024",100,135
2017,"61027",80,72
2017,"61030",92,86
2017,"61032",80,71
2017,"61033",106,91
2017,"61043",196,164
2017,"61045",485,373
2017,"61049",173,212
2017,"61050",151,159
2017,"61051",99,157
2017,"61052",164,157
2017,"61053",917,945
2017,"61054",103,108
2017,"61055",48,69
2017,"61057",62,83
2017,"61059",382,320
2017,"61060",173,159
2017,"61061",305,387
2017,"61101",101,169
2017,"61105",27,30
2017,"61106",72,79
2017,"61107",45,38
2017,"61108",1221,1592
2017,"61109",83,111
2017,"61110",126,139
2017,"61111",69,65
2017,"61112",9,22
2017,"61113",156,154
2017,"61114",153,126
2017,"61115",73,50
2017,"61116",61,55
2017,"61118",340,206
2017,"61119",21,18
2017,"61120",415,405
2017,"61203",147,137
2017,"61204",84,83
2017,"61205",22,28
2017,"61206",51,35
2017,"61207",241,215
2017,"61213",197,121
2017,"61215",48,60
2017,"61217",78,129
2017,"61222",85,67
2017,"61236",67,94
2017,"61243",93,99
2017,"61247",149,160
2017,"61251",15,14
2017,"61252",55,52
2017,"61253",203,232
2017,"61254",54,73
2017,"61255",187,182
2017,"61256",51,23
2017,"61257",173,159
2017,"61258",76,80
2017,"61259",404,444
2017,"61260",47,54
2017,"61261",60,62
2017,"61262",77,77
2017,"61263",228,283
2017,"61264",69,96
2017,"61265",257,311
2017,"61266",28,52
2017,"61267",145,163
2017,"61410",26,17
2017,"61413",17,25
2017,"61425",65,78
2017,"61428",20,45
2017,"61437",21,43
2017,"61438",158,127
2017,"61439",137,178
2017,"61440",49,59
2017,"61441",31,40
2017,"61442",27,56
2017,"61443",62,84
2017,"61444",75,66
2017,"61445",69,65
2017,"61446",75,80
2017,"61611",134,122
2017,"61612",172,166
2017,"61615",128,108
2017,"61618",183,158
2017,"61621",36,29
2017,"61624",127,122
2017,"61625",579,549
2017,"61626",294,326
2017,"61627",79,82
2017,"61628",52,64
2017,"61629",32,46
2017,"61630",56,79
2017,"61631",551,590
2017,"61632",133,180
2017,"61633",201,256
2017,"61701",104,103
2017,"61708",32,20
2017,"61710",40,46
2017,"61711",12,25
2017,"61716",127,145
2017,"61719",170,161
2017,"61727",220,130
2017,"61728",11,18
2017,"61729",83,82
2017,"61730",117,70
2017,"61731",59,38
2017,"61740",58,65
2017,"61741",42,57
2017,"61743",28,31
2017,"61744",15,23
2017,"61745",38,38
2017,"61746",184,180
2017,"61748",163,162
2017,"61750",34,68
2017,"61751",114,146
2017,"61756",102,164
2017,"61757",153,169
2017,"61758",47,55
2017,"61759",68,48
2017,"61760",698,648
2017,"61761",73,60
2017,"61762",103,76
2017,"61763",120,136
2017,"61764",158,141
2017,"61765",267,262
2017,"61766",681,617
2017,"62007",338,331
2017,"62008",29,35
2017,"62010",12,22
2017,"62014",109,73
2017,"62021",7,14
2017,"62026",31,20
2017,"62032",46,57
2017,"62034",49,49
2017,"62036",42,42
2017,"62038",325,419
2017,"62039",80,64
2017,"62040",511,542
2017,"62041",686,730
2017,"62042",84,101
2017,"62043",104,112
2017,"62044",80,93
2017,"62045",77,86
2017,"62046",121,126
2017,"62047",266,220
2017,"62048",127,186
2017,"62105",34,45
2017,"62115",206,194
2017,"62116",145,139
2017,"62125",81,83
2017,"62128",198,190
2017,"62131",166,291
2017,"62132",44,44
2017,"62135",54,35
2017,"62138",108,119
2017,"62139",839,762
2017,"62140",888,1141
2017,"62141",404,439
2017,"62142",91,139
2017,"62143",506,414
2017,"62144",78,188
2017,"62145",238,252
2017,"62146",179,169
2017,"62147",101,106
2017,"62148",61,52
2017,"62202",92,64
2017,"62205",66,68
2017,"62206",49,49
2017,"62209",67,55
2017,"62211",115,79
2017,"62214",74,80
2017,"62216",53,59
2017,"62219",424,342
2017,"62220",72,76
2017,"62226",54,84
2017,"62232",58,61
2017,"62233",127,169
2017,"62235",59,80
2017,"62242",23,17
2017,"62244",175,111
2017,"62245",35,48
2017,"62247",57,84
2017,"62252",81,66
2017,"62256",76,70
2017,"62262",32,57
2017,"62264",171,187
2017,"62265",58,49
2017,"62266",67,111
2017,"62267",487,382
2017,"62268",63,101
2017,"62269",82,119
2017,"62270",74,90
2017,"62271",155,139
2017,"62272",161,163
2017,"62273",74,94
2017,"62274",77,78
2017,"62275",145,161
2017,"62276",71,68
2017,"62277",76,97
2017,"62278",80,118
2017,"62279",45,51
2017,"62311",69,69
2017,"62314",62,61
2017,"62326",73,63
2017,"62330",50,45
2017,"62332",37,53
2017,"62335",40,56
2017,"62343",51,63
2017,"62368",47,50
2017,"62372",54,29
2017,"62375",270,287
2017,"62376",117,111
2017,"62377",65,69
2017,"62378",262,271
2017,"62379",648,659
2017,"62380",153,194
2017,"62381",121,106
2017,"62382",199,176
2017,"62383",186,177
2017,"62384",162,105
2017,"62385",71,100
2017,"62386",179,163
2017,"62387",55,62
2017,"62388",102,77
2017,"62389",90,129
2017,"62390",100,110
2017,"70101",5503,6818
2017,"70201",142,121
2017,"70202",200,182
2017,"70203",535,504
2017,"70204",12,16
2017,"70205",21,34
2017,"70206",28,16
2017,"70207",35,42
2017,"70208",132,126
2017,"70209",216,139
2017,"70210",16,32
2017,"70211",60,93
2017,"70212",113,69
2017,"70213",63,118
2017,"70214",106,124
2017,"70215",112,98
2017,"70216",89,79
2017,"70217",24,39
2017,"70218",67,98
2017,"70219",91,86
2017,"70220",75,110
2017,"70221",99,73
2017,"70222",126,130
2017,"70223",128,113
2017,"70224",89,67
2017,"70301",404,309
2017,"70302",236,219
2017,"70303",124,105
2017,"70304",368,259
2017,"70305",63,85
2017,"70306",70,81
2017,"70307",38,51
2017,"70308",86,78
2017,"70309",113,100
2017,"70310",168,186
2017,"70311",32,26
2017,"70312",229,224
2017,"70313",90,96
2017,"70314",8,13
2017,"70315",61,76
2017,"70317",21,9
2017,"70318",87,82
2017,"70319",176,164
2017,"70320",156,129
2017,"70322",83,76
2017,"70323",45,40
2017,"70325",68,61
2017,"70326",115,106
2017,"70328",83,71
2017,"70329",220,210
2017,"70331",127,123
2017,"70332",108,131
2017,"70333",60,59
2017,"70334",109,159
2017,"70335",117,82
2017,"70336",17,7
2017,"70337",125,112
2017,"70338",64,55
2017,"70339",82,51
2017,"70340",59,68
2017,"70342",97,69
2017,"70343",33,45
2017,"70344",124,136
2017,"70345",80,67
2017,"70346",535,484
2017,"70347",16,6
2017,"70348",65,73
2017,"70349",33,17
2017,"70350",65,91
2017,"70351",167,196
2017,"70352",29,35
2017,"70353",72,68
2017,"70354",932,826
2017,"70355",180,170
2017,"70356",68,54
2017,"70357",680,585
2017,"70358",213,211
2017,"70359",27,33
2017,"70360",70,59
2017,"70361",22,8
2017,"70362",7,14
2017,"70364",371,380
2017,"70365",181,202
2017,"70366",23,24
2017,"70367",361,358
2017,"70368",38,40
2017,"70369",425,420
2017,"70370",152,143
2017,"70401",44,42
2017,"70402",78,92
2017,"70403",302,321
2017,"70404",59,89
2017,"70405",58,53
2017,"70406",178,181
2017,"70407",41,59
2017,"70408",62,42
2017,"70409",168,138
2017,"70410",146,224
2017,"70411",257,361
2017,"70412",138,132
2017,"70413",120,133
2017,"70414",50,46
2017,"70415",46,41
2017,"70416",427,473
2017,"70417",61,70
2017,"70418",21,32
2017,"70419",59,66
2017,"70420",95,128
2017,"70501",30,45
2017,"70502",41,49
2017,"70503",165,165
2017,"70504",42,32
2017,"70505",127,129
2017,"70506",168,182
2017,"70508",270,241
2017,"70509",84,99
2017,"70510",99,80
2017,"70511",396,313
2017,"70512",286,233
2017,"70513",845,822
2017,"70514",239,134
2017,"70515",245,183
2017,"70516",26,21
2017,"70517",102,148
2017,"70518",109,103
2017,"70519",12,12
2017,"70520",162,149
2017,"70521",52,50
2017,"70522",118,161
2017,"70523",16,10
2017,"70524",76,44
2017,"70525",105,115
2017,"70526",71,127
2017,"70527",72,118
2017,"70528",75,77
2017,"70529",71,99
2017,"70530",85,116
2017,"70531",821,667
2017,"70601",19,10
2017,"70602",4,7
2017,"70603",31,25
2017,"70604",108,108
2017,"70605",35,31
2017,"70606",22,15
2017,"70607",57,48
2017,"70608",47,43
2017,"70609",45,55
2017,"70610",9,9
2017,"70611",10,18
2017,"70612",23,12
2017,"70613",13,18
2017,"70614",272,347
2017,"70615",17,43
2017,"70616",64,37
2017,"70617",73,71
2017,"70618",30,35
2017,"70619",103,95
2017,"70620",50,72
2017,"70621",72,61
2017,"70622",61,65
2017,"70623",23,35
2017,"70624",35,34
2017,"70625",1,3
2017,"70626",15,14
2017,"70627",31,25
2017,"70628",18,27
2017,"70629",27,23
2017,"70630",124,166
2017,"70701",6,19
2017,"70702",35,26
2017,"70703",36,20
2017,"70704",32,29
2017,"70705",41,51
2017,"70706",15,17
2017,"70707",120,111
2017,"70708",30,28
2017,"70709",7,24
2017,"70710",8,19
2017,"70711",21,25
2017,"70712",18,23
2017,"70713",10,18
2017,"70714",12,13
2017,"70715",36,50
2017,"70716",568,633
2017,"70717",93,84
2017,"70718",33,49
2017,"70719",202,143
2017,"70720",52,51
2017,"70721",5,19
2017,"70723",16,32
2017,"70724",14,25
2017,"70725",13,18
2017,"70726",12,24
2017,"70727",19,13
2017,"70728",76,79
2017,"70729",44,19
2017,"70731",20,28
2017,"70732",106,66
2017,"70733",9,6
2017,"70734",63,55
2017,"70735",24,47
2017,"70801",22,34
2017,"70802",13,10
2017,"70803",20,24
2017,"70804",47,47
2017,"70805",95,120
2017,"70806",50,52
2017,"70807",80,89
2017,"70808",30,33
2017,"70809",6,10
2017,"70810",8,16
2017,"70811",24,35
2017,"70812",1,3
2017,"70813",35,23
2017,"70814",42,39
2017,"70815",2,5
2017,"70816",45,49
2017,"70817",6,21
2017,"70818",1,3
2017,"70819",2,2
2017,"70820",151,101
2017,"70821",47,54
2017,"70822",9,16
2017,"70823",0,2
2017,"70824",20,24
2017,"70825",5,2
2017,"70826",60,106
2017,"70827",16,13
2017,"70828",381,369
2017,"70829",18,6
2017,"70830",25,21
2017,"70831",9,14
2017,"70832",31,71
2017,"70833",38,31
2017,"70834",11,11
2017,"70835",44,59
2017,"70836",44,61
2017,"70837",7,6
2017,"70901",59,90
2017,"70902",79,87
2017,"70903",0,10
2017,"70904",63,53
2017,"70905",102,97
2017,"70907",129,182
2017,"70908",51,49
2017,"70909",236,214
2017,"70910",61,34
2017,"70911",40,43
2017,"70912",19,18
2017,"70913",11,16
2017,"70914",16,30
2017,"70915",79,88
2017,"70916",30,38
2017,"70917",325,335
2017,"70918",65,64
2017,"70920",121,140
2017,"70921",52,56
2017,"70922",57,78
2017,"70923",63,58
2017,"70924",17,17
2017,"70925",56,53
2017,"70926",653,572
2017,"70927",64,71
2017,"70928",110,91
2017,"70929",7,12
2017,"70930",48,65
2017,"70931",76,70
2017,"70932",14,34
2017,"70933",93,102
2017,"70934",35,65
2017,"70935",110,93
2017,"70936",282,206
2017,"70937",89,92
2017,"70938",67,122
2017,"70939",114,81
2017,"70940",121,83
2017,"70941",13,21
2017,"80101",104,103
2017,"80102",26,23
2017,"80103",918,796
2017,"80104",149,157
2017,"80105",43,27
2017,"80106",240,200
2017,"80107",47,17
2017,"80108",50,59
2017,"80109",12,34
2017,"80110",56,80
2017,"80111",69,53
2017,"80112",23,25
2017,"80113",79,72
2017,"80114",36,22
2017,"80115",166,184
2017,"80116",324,388
2017,"80117",294,278
2017,"80118",49,48
2017,"80119",35,53
2017,"80120",116,103
2017,"80121",38,35
2017,"80122",220,192
2017,"80123",17,29
2017,"80124",11,38
2017,"80125",10,19
2017,"80126",127,166
2017,"80127",26,27
2017,"80128",80,125
2017,"80129",140,134
2017,"80201",115,147
2017,"80202",144,101
2017,"80203",59,54
2017,"80204",101,132
2017,"80205",50,25
2017,"80206",58,44
2017,"80207",1444,1482
2017,"80208",14,16
2017,"80209",12,9
2017,"80210",24,41
2017,"80211",143,130
2017,"80212",20,13
2017,"80213",176,196
2017,"80214",67,77
2017,"80215",707,640
2017,"80216",108,118
2017,"80217",325,332
2017,"80218",262,276
2017,"80219",55,66
2017,"80220",115,99
2017,"80221",69,48
2017,"80222",75,104
2017,"80223",39,59
2017,"80224",612,658
2017,"80225",60,62
2017,"80226",246,274
2017,"80227",33,63
2017,"80228",43,83
2017,"80229",15,10
2017,"80230",43,64
2017,"80231",29,38
2017,"80232",22,22
2017,"80233",28,36
2017,"80234",8,5
2017,"80235",239,214
2017,"80236",80,86
2017,"80237",13,19
2017,"80238",62,86
2017,"80239",11,8
2017,"80240",441,484
2017,"80301",2253,2095
2017,"80302",848,794
2017,"80303",965,812
2017,"80401",361,305
2017,"80402",10,28
2017,"80403",13,18
2017,"80404",1858,1651
2017,"80405",375,415
2017,"80406",49,32
2017,"80407",156,174
2017,"80408",811,966
2017,"80409",189,214
2017,"80410",325,239
2017,"80411",26,19
2017,"80412",217,197
2017,"80413",136,127
2017,"80414",557,604
2017,"80415",29,29
2017,"80416",165,144
2017,"80417",165,120
2017,"80418",172,164
2017,"80419",21,30
2017,"80420",147,207
2017,"80421",13,17
2017,"80422",19,16
2017,"80423",111,131
2017,"80424",207,206
2017,"90101",1172,1256
2017,"90201",9982,10945
2017,"90301",8722,9130
2017,"90401",3708,3969
2017,"90501",6575,7111
2017,"90601",3848,3914
2017,"90701",3537,3771
2017,"90801",3932,4571
2017,"90901",5260,6653
2017,"91001",18243,17159
2017,"91101",7232,7026
2017,"91201",10728,10270
2017,"91301",4445,4489
2017,"91401",8143,8514
2017,"91501",9731,11012
2017,"91601",10660,11819
2017,"91701",6254,6612
2017,"91801",4821,5067
2017,"91901",6044,5698
2017,"92001",8596,9634
2017,"92101",12703,10027
2017,"92201",10905,9362
2017,"92301",8309,5946
2018,"10101",1090,965
2018,"10201",95,54
2018,"10301",73,102
2018,"10302",69,64
2018,"10303",108,81
2018,"10304",192,110
2018,"10305",60,61
2018,"10306",36,34
2018,"10307",57,59
2018,"10308",73,79
2018,"10309",213,180
2018,"10310",56,42
2018,"10311",53,22
2018,"10312",119,92
2018,"10313",84,75
2018,"10314",44,67
2018,"10315",202,143
2018,"10316",178,129
2018,"10317",89,66
2018,"10318",109,77
2018,"10319",93,78
2018,"10320",16,21
2018,"10321",25,37
2018,"10322",72,65
2018,"10323",60,35
2018,"10401",36,41
2018,"10402",67,79
2018,"10403",38,31
2018,"10404",49,42
2018,"10405",242,182
2018,"10406",24,27
2018,"10407",21,33
2018,"10408",82,78
2018,"10409",32,22
2018,"10410",21,23
2018,"10411",57,52
2018,"10412",33,23
2018,"10413",45,48
2018,"10414",160,134
2018,"10415",35,52
2018,"10416",74,45
2018,"10417",116,113
2018,"10418",12,16
2018,"10419",22,24
2018,"10420",13,13
2018,"10421",19,24
2018,"10422",3,9
2018,"10423",4,1
2018,"10424",10,9
2018,"10425",16,17
2018,"10426",6,11
2018,"10427",22,31
2018,"10428",18,20
2018,"10501",91,60
2018,"10502",44,44
2018,"10503",40,56
2018,"10504",185,162
2018,"10505",26,38
2018,"10506",27,42
2018,"10507",39,39
2018,"10508",87,101
2018,"10509",80,58
2018,"10510",24,28
2018,"10511",36,36
2018,"10512",10,9
2018,"10601",87,61
2018,"10602",103,140
2018,"10603",75,62
2018,"10604",52,48
2018,"10605",69,92
2018,"10606",411,345
2018,"10607",279,261
2018,"10608",45,28
2018,"10609",114,107
2018,"10610",89,116
2018,"10611",181,142
2018,"10612",92,61
2018,"10613",40,45
2018,"10614",32,43
2018,"10615",106,115
2018,"10616",35,32
2018,"10617",30,54
2018,"10618",47,33
2018,"10619",17,22
2018,"10701",45,45
2018,"10702",47,37
2018,"10703",229,152
2018,"10704",19,22
2018,"10705",123,108
2018,"10706",47,43
2018,"10707",135,89
2018,"10708",63,52
2018,"10709",48,58
2018,"10710",75,68
2018,"10711",113,87
2018,"10712",67,73
2018,"10713",543,439
2018,"10714",97,57
2018,"10715",30,23
2018,"10716",25,44
2018,"10717",306,224
2018,"10718",80,81
2018,"10719",53,35
2018,"10720",36,33
2018,"10721",46,51
2018,"10722",116,87
2018,"10723",64,59
2018,"10724",84,68
2018,"10725",24,30
2018,"10726",21,28
2018,"10727",16,20
2018,"10801",88,95
2018,"10802",45,40
2018,"10803",43,38
2018,"10804",55,47
2018,"10805",45,77
2018,"10806",26,30
2018,"10807",49,58
2018,"10808",55,50
2018,"10809",67,60
2018,"10810",58,45
2018,"10811",82,63
2018,"10812",59,41
2018,"10813",47,50
2018,"10814",57,37
2018,"10815",39,47
2018,"10816",213,195
2018,"10817",59,53
2018,"10818",25,25
2018,"10819",69,42
2018,"10820",40,33
2018,"10821",48,56
2018,"10822",67,58
2018,"10823",64,68
2018,"10824",29,24
2018,"10825",19,34
2018,"10826",15,15
2018,"10827",9,8
2018,"10828",16,29
2018,"10901",92,71
2018,"10902",113,90
2018,"10903",41,42
2018,"10904",48,35
2018,"10905",170,139
2018,"10906",24,37
2018,"10907",75,76
2018,"10908",55,84
2018,"10909",45,57
2018,"10910",47,45
2018,"10911",55,50
2018,"10912",80,80
2018,"10913",23,32
2018,"10914",42,63
2018,"10915",33,31
2018,"10916",101,124
2018,"10917",502,456
2018,"10918",390,325
2018,"10919",171,135
2018,"10920",99,81
2018,"10921",56,75
2018,"10922",31,44
2018,"10923",71,66
2018,"10924",30,44
2018,"10925",44,46
2018,"10926",36,25
2018,"10927",28,31
2018,"10928",64,65
2018,"10929",28,34
2018,"10930",18,20
2018,"10931",10,4
2018,"10932",12,11
2018,"20101",4436,4142
2018,"20201",2358,2381
2018,"20302",40,37
2018,"20305",181,173
2018,"20306",131,106
2018,"20307",101,99
2018,"20316",57,35
2018,"20320",33,50
2018,"20321",19,18
2018,"20402",526,373
2018,"20403",121,121
2018,"20405",281,294
2018,"20409",130,112
2018,"20412",121,130
2018,"20414",147,119
2018,"20415",183,294
2018,"20416",74,66
2018,"20417",130,125
2018,"20418",197,187
2018,"20419",123,105
2018,"20421",315,263
2018,"20424",203,170
2018,"20425",110,109
2018,"20428",28,35
2018,"20432",116,104
2018,"20435",85,98
2018,"20441",8,16
2018,"20442",230,179
2018,"20501",284,276
2018,"20502",157,139
2018,"20503",46,46
2018,"20504",48,73
2018,"20505",187,145
2018,"20506",30,42
2018,"20508",42,55
2018,"20509",85,54
2018,"20511",50,76
2018,"20512",104,118
2018,"20513",53,77
2018,"20515",183,165
2018,"20518",41,63
2018,"20519",63,50
2018,"20520",61,67
2018,"20523",140,170
2018,"20527",678,668
2018,"20530",89,124
2018,"20531",71,99
2018,"20534",131,159
2018,"20601",64,101
2018,"20602",91,73
2018,"20603",40,32
2018,"20604",47,57
2018,"20605",24,41
2018,"20607",34,40
2018,"20608",93,86
2018,"20609",45,58
2018,"20610",13,30
2018,"20611",65,97
2018,"20613",20,29
2018,"20616",59,75
2018,"20618",11,32
2018,"20619",57,73
2018,"20620",135,137
2018,"20622",17,32
2018,"20624",90,64
2018,"20625",52,33
2018,"20627",77,91
2018,"20630",167,185
2018,"20631",27,52
2018,"20632",38,59
2018,"20633",96,53
2018,"20634",279,264
2018,"20635",621,623
2018,"20636",30,43
2018,"20637",49,61
2018,"20638",38,40
2018,"20639",16,24
2018,"20640",70,47
2018,"20642",59,72
2018,"20643",169,112
2018,"20644",60,93
2018,"20701",93,52
2018,"20702",304,326
2018,"20703",46,59
2018,"20705",82,107
2018,"20707",22,19
2018,"20708",35,42
2018,"20710",60,96
2018,"20711",419,389
2018,"20712",26,29
2018,"20713",60,52
2018,"20719",77,63
2018,"20720",214,185
2018,"20721",78,83
2018,"20722",177,181
2018,"20723",34,37
2018,"20724",315,234
2018,"20725",407,439
2018,"20726",145,151
2018,"20727",300,242
2018,"20801",164,173
2018,"20802",41,73
2018,"20803",276,262
2018,"20804",88,83
2018,"20805",86,86
2018,"20806",62,78
2018,"20807",45,65
2018,"20808",122,143
2018,"20810",39,31
2018,"20812",61,65
2018,"20813",278,238
2018,"20815",62,80
2018,"20817",428,444
2018,"20901",143,128
2018,"20905",140,145
2018,"20909",69,115
2018,"20911",20,27
2018,"20912",71,113
2018,"20913",416,392
2018,"20914",76,92
2018,"20918",131,137
2018,"20923",738,790
2018,"21001",40,52
2018,"21002",609,492
2018,"21003",89,110
2018,"21004",36,49
2018,"21005",76,77
2018,"21006",150,348
2018,"21007",54,74
2018,"21008",87,91
2018,"21009",216,225
2018,"21010",70,114
2018,"30101",1614,1380
2018,"30201",2773,2330
2018,"30301",369,422
2018,"30401",2849,2513
2018,"30501",86,56
2018,"30502",1014,1076
2018,"30503",123,121
2018,"30504",176,187
2018,"30506",143,154
2018,"30507",66,98
2018,"30508",151,185
2018,"30509",81,68
2018,"30510",41,39
2018,"30511",74,51
2018,"30512",63,45
2018,"30514",259,213
2018,"30515",138,151
2018,"30516",34,47
2018,"30517",151,156
2018,"30520",104,73
2018,"30521",50,78
2018,"30522",111,105
2018,"30524",46,87
2018,"30526",14,44
2018,"30527",88,120
2018,"30529",97,85
2018,"30530",262,174
2018,"30531",336,373
2018,"30532",168,101
2018,"30533",200,184
2018,"30534",91,54
2018,"30536",47,48
2018,"30538",102,89
2018,"30539",82,78
2018,"30541",96,53
2018,"30542",67,78
2018,"30543",89,130
2018,"30544",68,64
2018,"30601",231,267
2018,"30602",158,199
2018,"30603",717,616
2018,"30604",1333,1623
2018,"30605",454,460
2018,"30607",696,617
2018,"30608",240,238
2018,"30609",33,33
2018,"30612",108,104
2018,"30613",81,74
2018,"30614",66,49
2018,"30615",408,263
2018,"30616",75,76
2018,"30618",349,420
2018,"30620",268,283
2018,"30621",229,140
2018,"30623",346,287
2018,"30625",186,153
2018,"30626",414,297
2018,"30627",186,148
2018,"30629",105,75
2018,"30631",110,135
2018,"30633",70,38
2018,"30635",57,64
2018,"30636",62,58
2018,"30637",83,109
2018,"30639",998,1378
2018,"30641",194,150
2018,"30645",99,86
2018,"30646",135,141
2018,"30701",22,21
2018,"30702",98,93
2018,"30703",18,24
2018,"30704",481,415
2018,"30706",214,149
2018,"30708",47,40
2018,"30709",97,99
2018,"30710",347,316
2018,"30711",79,83
2018,"30712",50,44
2018,"30713",44,54
2018,"30715",37,24
2018,"30716",183,150
2018,"30718",54,52
2018,"30719",61,51
2018,"30721",77,79
2018,"30722",77,56
2018,"30724",104,52
2018,"30726",138,113
2018,"30728",45,28
2018,"30729",231,211
2018,"30730",339,284
2018,"30731",258,206
2018,"30732",452,344
2018,"30733",40,53
2018,"30734",115,98
2018,"30735",287,240
2018,"30736",231,145
2018,"30737",95,69
2018,"30738",40,30
2018,"30739",104,113
2018,"30740",1446,852
2018,"30741",89,87
2018,"30801",6,8
2018,"30802",13,14
2018,"30803",149,171
2018,"30804",99,85
2018,"30805",69,73
2018,"30808",554,452
2018,"30810",45,54
2018,"30811",95,114
2018,"30812",32,44
2018,"30813",61,91
2018,"30814",89,79
2018,"30817",860,657
2018,"30819",29,20
2018,"30821",633,465
2018,"30822",0,2
2018,"30824",80,50
2018,"30825",38,62
2018,"30826",73,54
2018,"30827",144,133
2018,"30828",36,31
2018,"30829",53,33
2018,"30830",204,123
2018,"30831",194,162
2018,"30834",24,13
2018,"30835",180,152
2018,"30836",96,38
2018,"30838",138,138
2018,"30841",57,64
2018,"30842",88,89
2018,"30844",164,113
2018,"30845",75,70
2018,"30846",3,5
2018,"30848",71,76
2018,"30849",37,36
2018,"30850",60,63
2018,"30852",67,61
2018,"30854",40,36
2018,"30856",801,455
2018,"30857",57,40
2018,"30858",85,72
2018,"30859",62,37
2018,"30860",82,96
2018,"30863",239,181
2018,"30865",42,38
2018,"30902",44,29
2018,"30903",63,67
2018,"30904",20,22
2018,"30906",25,26
2018,"30908",327,323
2018,"30909",71,85
2018,"30910",39,80
2018,"30912",28,33
2018,"30913",19,24
2018,"30915",12,13
2018,"30916",164,211
2018,"30917",9,11
2018,"30920",79,76
2018,"30921",34,43
2018,"30925",127,81
2018,"30929",29,37
2018,"30932",61,79
2018,"30935",248,209
2018,"30939",23,27
2018,"30940",29,28
2018,"30942",99,90
2018,"31001",42,49
2018,"31008",129,98
2018,"31009",71,64
2018,"31014",54,54
2018,"31015",94,64
2018,"31016",31,33
2018,"31018",82,60
2018,"31019",86,44
2018,"31021",69,53
2018,"31022",729,553
2018,"31025",21,21
2018,"31026",88,87
2018,"31028",32,40
2018,"31033",62,40
2018,"31035",62,70
2018,"31036",72,65
2018,"31037",202,166
2018,"31038",27,34
2018,"31041",34,28
2018,"31042",54,38
2018,"31043",91,91
2018,"31051",100,105
2018,"31052",88,80
2018,"31053",122,147
2018,"31101",17,18
2018,"31102",26,23
2018,"31103",39,51
2018,"31104",39,33
2018,"31105",138,149
2018,"31106",158,163
2018,"31107",50,43
2018,"31109",358,308
2018,"31110",50,48
2018,"31111",19,21
2018,"31113",29,34
2018,"31114",23,31
2018,"31117",18,16
2018,"31119",20,17
2018,"31120",30,39
2018,"31121",65,69
2018,"31123",37,42
2018,"31124",49,61
2018,"31129",51,46
2018,"31130",30,33
2018,"31201",257,220
2018,"31202",91,60
2018,"31203",108,124
2018,"31204",60,47
2018,"31205",124,90
2018,"31206",130,127
2018,"31207",233,161
2018,"31208",112,141
2018,"31213",1025,841
2018,"31214",367,426
2018,"31215",24,40
2018,"31216",222,198
2018,"31224",50,43
2018,"31226",177,163
2018,"31227",213,117
2018,"31228",38,45
2018,"31229",75,67
2018,"31230",907,817
2018,"31234",58,61
2018,"31235",618,518
2018,"31301",24,23
2018,"31302",20,28
2018,"31303",37,34
2018,"31304",20,34
2018,"31308",133,105
2018,"31309",134,144
2018,"31310",64,73
2018,"31311",127,113
2018,"31315",92,107
2018,"31319",57,52
2018,"31321",18,21
2018,"31322",285,287
2018,"31323",48,51
2018,"31324",28,44
2018,"31326",17,14
2018,"31327",182,182
2018,"31330",29,47
2018,"31333",85,102
2018,"31336",47,50
2018,"31337",108,114
2018,"31338",31,19
2018,"31340",39,39
2018,"31343",120,121
2018,"31344",29,72
2018,"31346",102,70
2018,"31347",31,30
2018,"31350",39,31
2018,"31351",47,55
2018,"31355",60,96
2018,"31356",46,32
2018,"31401",4,22
2018,"31402",114,67
2018,"31403",255,189
2018,"31404",52,50
2018,"31405",55,31
2018,"31406",37,26
2018,"31407",181,228
2018,"31408",20,39
2018,"31409",33,33
2018,"31410",52,65
2018,"31411",49,76
2018,"31412",192,204
2018,"31413",186,231
2018,"31414",85,82
2018,"31502",39,49
2018,"31503",85,63
2018,"31504",65,48
2018,"31505",142,148
2018,"31506",10,18
2018,"31507",111,87
2018,"31508",71,38
2018,"31509",120,117
2018,"31511",79,59
2018,"31513",48,58
2018,"31514",99,97
2018,"31515",44,45
2018,"31516",75,58
2018,"31517",57,73
2018,"31519",74,79
2018,"31520",181,185
2018,"31521",165,133
2018,"31522",115,71
2018,"31523",49,46
2018,"31524",417,305
2018,"31525",39,69
2018,"31527",94,85
2018,"31528",32,50
2018,"31530",98,117
2018,"31531",129,73
2018,"31533",259,230
2018,"31534",85,85
2018,"31535",18,23
2018,"31537",85,120
2018,"31539",87,115
2018,"31540",53,66
2018,"31541",19,17
2018,"31542",28,41
2018,"31543",40,21
2018,"31546",38,31
2018,"31549",316,339
2018,"31550",60,51
2018,"31551",93,67
2018,"31552",51,63
2018,"31553",62,76
2018,"31601",50,26
2018,"31603",69,69
2018,"31604",61,72
2018,"31605",42,65
2018,"31606",60,55
2018,"31608",26,10
2018,"31609",27,23
2018,"31611",19,31
2018,"31612",143,124
2018,"31613",62,27
2018,"31614",98,115
2018,"31615",62,42
2018,"31616",46,47
2018,"31617",73,59
2018,"31620",66,61
2018,"31621",48,42
2018,"31622",41,45
2018,"31627",91,66
2018,"31628",79,87
2018,"31629",251,228
2018,"31630",96,100
2018,"31633",640,575
2018,"31634",60,66
2018,"31636",41,24
2018,"31642",49,58
2018,"31644",309,240
2018,"31645",60,59
2018,"31646",38,24
2018,"31649",78,65
2018,"31650",52,22
2018,"31651",123,141
2018,"31652",15,18
2018,"31653",32,34
2018,"31654",86,100
2018,"31655",431,334
2018,"31658",11,12
2018,"31701",71,72
2018,"31702",281,156
2018,"31703",302,254
2018,"31704",606,600
2018,"31706",91,62
2018,"31707",125,118
2018,"31709",180,187
2018,"31710",434,437
2018,"31711",39,53
2018,"31712",271,305
2018,"31713",187,162
2018,"31714",29,37
2018,"31715",226,137
2018,"31716",558,646
2018,"31717",1297,1284
2018,"31718",108,159
2018,"31719",696,663
2018,"31723",584,355
2018,"31725",540,514
2018,"31726",118,132
2018,"31801",22,40
2018,"31802",91,116
2018,"31803",74,68
2018,"31804",80,84
2018,"31805",18,17
2018,"31806",17,8
2018,"31807",49,69
2018,"31808",119,118
2018,"31809",36,31
2018,"31810",368,307
2018,"31811",153,214
2018,"31812",90,108
2018,"31813",92,161
2018,"31814",107,106
2018,"31815",21,33
2018,"31817",95,93
2018,"31818",791,878
2018,"31820",19,28
2018,"31821",133,152
2018,"31823",264,169
2018,"31825",10,21
2018,"31826",115,86
2018,"31827",35,8
2018,"31829",143,289
2018,"31830",15,15
2018,"31831",122,75
2018,"31832",131,93
2018,"31833",69,35
2018,"31834",21,14
2018,"31835",258,158
2018,"31836",23,22
2018,"31837",124,73
2018,"31838",38,48
2018,"31839",686,673
2018,"31840",51,50
2018,"31841",13,25
2018,"31842",2,10
2018,"31843",59,53
2018,"31844",81,60
2018,"31845",48,41
2018,"31846",157,123
2018,"31847",66,75
2018,"31848",23,43
2018,"31849",35,58
2018,"31901",237,171
2018,"31902",105,104
2018,"31903",222,241
2018,"31904",44,50
2018,"31905",283,268
2018,"31906",59,75
2018,"31907",39,36
2018,"31909",84,106
2018,"31910",62,79
2018,"31911",116,74
2018,"31912",405,312
2018,"31913",83,90
2018,"31915",58,63
2018,"31916",117,98
2018,"31917",68,89
2018,"31918",116,104
2018,"31919",147,123
2018,"31920",24,39
2018,"31921",153,148
2018,"31922",84,93
2018,"31923",24,48
2018,"31925",63,51
2018,"31926",434,404
2018,"31927",99,77
2018,"31928",87,79
2018,"31929",190,165
2018,"31930",64,89
2018,"31932",107,134
2018,"31934",169,197
2018,"31935",111,118
2018,"31938",41,43
2018,"31939",18,10
2018,"31940",102,67
2018,"31941",48,41
2018,"31943",306,362
2018,"31945",76,54
2018,"31946",43,29
2018,"31947",366,325
2018,"31948",113,167
2018,"31949",336,292
2018,"31950",167,167
2018,"31951",561,377
2018,"31952",543,539
2018,"31953",185,164
2018,"31954",82,89
2018,"32001",83,110
2018,"32002",44,42
2018,"32003",67,105
2018,"32004",43,56
2018,"32005",31,49
2018,"32006",92,97
2018,"32007",22,49
2018,"32008",198,196
2018,"32009",56,45
2018,"32010",26,33
2018,"32011",32,39
2018,"32012",37,41
2018,"32013",157,201
2018,"32014",62,94
2018,"32015",31,30
2018,"32016",286,295
2018,"32017",189,159
2018,"32018",58,53
2018,"32101",106,93
2018,"32104",188,140
2018,"32106",142,129
2018,"32107",235,126
2018,"32109",34,18
2018,"32110",127,107
2018,"32112",100,96
2018,"32114",117,137
2018,"32115",59,54
2018,"32116",192,113
2018,"32119",84,104
2018,"32120",296,154
2018,"32131",371,358
2018,"32132",187,94
2018,"32134",143,101
2018,"32135",704,737
2018,"32139",71,75
2018,"32140",95,92
2018,"32141",197,135
2018,"32142",370,382
2018,"32143",123,58
2018,"32144",1290,1013
2018,"32202",35,39
2018,"32203",57,64
2018,"32206",23,33
2018,"32207",125,163
2018,"32209",53,61
2018,"32210",39,27
2018,"32212",14,30
2018,"32214",27,18
2018,"32216",127,75
2018,"32217",40,37
2018,"32219",109,98
2018,"32220",312,309
2018,"32221",34,43
2018,"32222",20,27
2018,"32223",28,40
2018,"32301",143,160
2018,"32302",60,26
2018,"32304",258,241
2018,"32305",358,277
2018,"32306",223,190
2018,"32307",287,228
2018,"32308",110,77
2018,"32309",34,41
2018,"32310",42,41
2018,"32311",43,55
2018,"32312",25,43
2018,"32313",108,146
2018,"32314",59,86
2018,"32315",55,85
2018,"32316",206,214
2018,"32317",42,29
2018,"32318",171,130
2018,"32319",160,144
2018,"32320",134,97
2018,"32321",13,28
2018,"32322",14,17
2018,"32323",163,141
2018,"32324",8,16
2018,"32325",48,76
2018,"32326",18,19
2018,"32327",350,262
2018,"32330",337,217
2018,"32331",60,71
2018,"32332",138,134
2018,"32333",77,59
2018,"32334",31,42
2018,"32335",52,52
2018,"32336",84,96
2018,"32337",336,261
2018,"32338",101,87
2018,"32501",86,111
2018,"32502",20,31
2018,"32503",7,5
2018,"32504",50,51
2018,"32505",69,71
2018,"32506",38,22
2018,"32508",82,136
2018,"32509",29,33
2018,"32511",13,19
2018,"32514",9,11
2018,"32515",34,46
2018,"32516",18,44
2018,"32517",18,33
2018,"32518",40,46
2018,"32519",10,22
2018,"32520",23,39
2018,"32521",27,35
2018,"32522",44,38
2018,"32523",9,24
2018,"32524",77,91
2018,"32525",55,57
2018,"32528",15,20
2018,"32529",33,38
2018,"32530",274,270
2018,"40101",8814,9726
2018,"40201",1414,1604
2018,"40301",2604,2860
2018,"40401",287,217
2018,"40402",79,79
2018,"40403",39,28
2018,"40404",711,734
2018,"40405",148,132
2018,"40406",148,112
2018,"40407",64,60
2018,"40408",92,64
2018,"40409",46,64
2018,"40410",45,38
2018,"40411",18,10
2018,"40412",34,39
2018,"40413",223,253
2018,"40414",75,78
2018,"40415",55,49
2018,"40416",28,35
2018,"40417",54,44
2018,"40418",208,243
2018,"40419",95,98
2018,"40420",68,49
2018,"40421",553,476
2018,"40422",218,269
2018,"40423",62,32
2018,"40424",47,45
2018,"40425",111,78
2018,"40426",171,161
2018,"40427",97,76
2018,"40428",162,143
2018,"40429",55,33
2018,"40430",53,51
2018,"40431",62,75
2018,"40432",44,55
2018,"40433",31,42
2018,"40434",40,50
2018,"40435",10,15
2018,"40436",66,81
2018,"40437",184,146
2018,"40438",82,102
2018,"40439",21,13
2018,"40440",18,19
2018,"40441",219,213
2018,"40442",41,19
2018,"40443",55,82
2018,"40444",28,27
2018,"40445",17,32
2018,"40446",51,82
2018,"40501",342,280
2018,"40502",103,115
2018,"40503",356,319
2018,"40504",120,138
2018,"40505",35,28
2018,"40506",115,147
2018,"40507",112,71
2018,"40508",110,114
2018,"40509",87,103
2018,"40510",83,95
2018,"40511",93,106
2018,"40512",58,43
2018,"40601",416,381
2018,"40602",53,78
2018,"40603",67,120
2018,"40604",150,151
2018,"40605",22,25
2018,"40606",13,16
2018,"40607",103,104
2018,"40608",44,71
2018,"40609",118,60
2018,"40610",45,59
2018,"40611",24,34
2018,"40612",121,121
2018,"40613",23,24
2018,"40614",292,187
2018,"40615",140,101
2018,"40616",66,34
2018,"40617",26,34
2018,"40618",79,87
2018,"40619",34,41
2018,"40620",101,112
2018,"40621",59,55
2018,"40622",134,72
2018,"40623",31,28
2018,"40624",186,154
2018,"40625",31,37
2018,"40626",30,51
2018,"40627",88,91
2018,"40701",422,449
2018,"40702",260,171
2018,"40703",447,489
2018,"40704",243,285
2018,"40705",787,831
2018,"40706",59,62
2018,"40707",65,86
2018,"40708",111,113
2018,"40709",32,64
2018,"40710",82,75
2018,"40711",406,517
2018,"40712",26,39
2018,"40713",297,265
2018,"40714",330,213
2018,"40715",93,105
2018,"40716",44,41
2018,"40717",87,116
2018,"40718",100,66
2018,"40719",221,164
2018,"40720",282,260
2018,"40801",31,24
2018,"40802",306,267
2018,"40804",27,27
2018,"40805",257,259
2018,"40806",162,150
2018,"40807",69,53
2018,"40808",290,345
2018,"40809",119,108
2018,"40810",36,25
2018,"40811",71,84
2018,"40812",115,98
2018,"40813",63,89
2018,"40814",65,45
2018,"40815",53,44
2018,"40816",48,62
2018,"40817",50,55
2018,"40818",55,84
2018,"40820",20,17
2018,"40821",24,41
2018,"40822",99,90
2018,"40823",51,59
2018,"40824",49,59
2018,"40825",61,82
2018,"40826",18,19
2018,"40827",129,184
2018,"40828",41,17
2018,"40829",77,79
2018,"40830",51,43
2018,"40831",140,145
2018,"40832",108,134
2018,"40833",93,101
2018,"40834",25,14
2018,"40835",167,148
2018,"40901",24,49
2018,"40902",232,217
2018,"40903",29,38
2018,"40904",104,119
2018,"40905",375,346
2018,"40906",42,67
2018,"40907",251,291
2018,"40908",326,296
2018,"40909",138,149
2018,"40910",76,72
2018,"40911",25,19
2018,"40912",195,188
2018,"40913",107,113
2018,"40914",29,25
2018,"40915",73,68
2018,"40916",17,17
2018,"40917",146,158
2018,"40918",100,111
2018,"40919",33,32
2018,"40920",74,100
2018,"40921",29,26
2018,"40922",116,121
2018,"40923",160,131
2018,"41001",43,57
2018,"41002",1244,947
2018,"41003",423,407
2018,"41004",29,27
2018,"41005",643,648
2018,"41006",61,49
2018,"41007",425,380
2018,"41008",63,77
2018,"41009",218,177
2018,"41010",151,114
2018,"41011",229,153
2018,"41012",1767,1827
2018,"41013",255,246
2018,"41014",531,296
2018,"41015",105,82
2018,"41016",128,98
2018,"41017",603,574
2018,"41018",65,79
2018,"41019",210,178
2018,"41020",209,229
2018,"41021",1426,1463
2018,"41022",253,237
2018,"41101",77,60
2018,"41102",66,53
2018,"41103",116,86
2018,"41104",13,22
2018,"41105",115,123
2018,"41106",157,129
2018,"41107",37,24
2018,"41108",217,402
2018,"41109",136,137
2018,"41110",279,159
2018,"41111",266,303
2018,"41112",54,60
2018,"41113",52,84
2018,"41114",145,144
2018,"41115",37,44
2018,"41116",564,416
2018,"41117",34,40
2018,"41118",232,187
2018,"41119",28,83
2018,"41120",263,209
2018,"41121",52,74
2018,"41122",13,28
2018,"41123",58,115
2018,"41124",180,292
2018,"41125",71,68
2018,"41126",69,92
2018,"41201",36,36
2018,"41202",43,55
2018,"41203",189,196
2018,"41204",148,105
2018,"41205",41,39
2018,"41206",20,29
2018,"41207",53,103
2018,"41208",48,50
2018,"41209",126,104
2018,"41210",29,23
2018,"41211",20,15
2018,"41212",59,55
2018,"41213",66,72
2018,"41214",119,127
2018,"41215",75,77
2018,"41216",17,12
2018,"41217",31,26
2018,"41218",153,149
2018,"41219",146,126
2018,"41220",55,77
2018,"41221",68,38
2018,"41222",25,25
2018,"41223",26,37
2018,"41224",54,57
2018,"41225",1051,901
2018,"41226",24,30
2018,"41227",19,44
2018,"41228",115,149
2018,"41229",24,41
2018,"41230",60,52
2018,"41231",74,94
2018,"41232",61,71
2018,"41233",71,68
2018,"41234",84,66
2018,"41235",31,21
2018,"41236",15,23
2018,"41304",74,75
2018,"41305",22,29
2018,"41306",14,23
2018,"41307",23,19
2018,"41309",116,91
2018,"41311",8,25
2018,"41312",50,61
2018,"41313",42,36
2018,"41314",20,41
2018,"41315",36,66
2018,"41316",107,35
2018,"41317",25,51
2018,"41318",68,46
2018,"41319",10,15
2018,"41320",13,11
2018,"41321",86,88
2018,"41322",30,31
2018,"41323",53,36
2018,"41324",39,39
2018,"41325",50,41
2018,"41326",28,31
2018,"41327",34,42
2018,"41328",45,68
2018,"41329",33,38
2018,"41331",30,37
2018,"41332",139,150
2018,"41333",11,14
2018,"41334",29,43
2018,"41336",14,15
2018,"41337",48,35
2018,"41338",60,69
2018,"41341",23,16
2018,"41342",76,88
2018,"41343",99,84
2018,"41344",226,219
2018,"41345",42,67
2018,"41346",19,39
2018,"41401",30,30
2018,"41402",214,204
2018,"41403",121,103
2018,"41404",66,53
2018,"41405",50,46
2018,"41406",25,36
2018,"41407",29,39
2018,"41408",60,59
2018,"41409",108,52
2018,"41410",19,40
2018,"41411",55,75
2018,"41412",15,11
2018,"41413",74,100
2018,"41414",99,98
2018,"41415",34,35
2018,"41416",89,105
2018,"41417",23,32
2018,"41418",225,221
2018,"41419",102,69
2018,"41420",34,46
2018,"41421",21,33
2018,"41422",326,373
2018,"41423",66,69
2018,"41424",28,55
2018,"41425",206,198
2018,"41426",75,107
2018,"41427",22,27
2018,"41428",57,30
2018,"41429",69,116
2018,"41430",109,98
2018,"41501",92,47
2018,"41502",98,82
2018,"41503",386,302
2018,"41504",141,132
2018,"41505",35,47
2018,"41506",353,412
2018,"41507",61,97
2018,"41508",38,27
2018,"41509",64,67
2018,"41510",53,47
2018,"41511",131,107
2018,"41512",57,92
2018,"41513",77,58
2018,"41514",153,109
2018,"41515",38,48
2018,"41516",389,429
2018,"41517",156,118
2018,"41518",113,144
2018,"41521",96,97
2018,"41522",132,164
2018,"41601",187,148
2018,"41602",171,158
2018,"41603",225,157
2018,"41604",73,89
2018,"41605",439,398
2018,"41606",222,188
2018,"41607",365,388
2018,"41608",30,33
2018,"41609",245,192
2018,"41610",31,20
2018,"41611",156,108
2018,"41612",114,61
2018,"41613",116,96
2018,"41614",137,125
2018,"41615",119,138
2018,"41616",21,18
2018,"41617",228,228
2018,"41618",220,213
2018,"41619",49,76
2018,"41620",48,54
2018,"41621",52,75
2018,"41622",59,52
2018,"41623",45,26
2018,"41624",224,253
2018,"41626",239,191
2018,"41627",85,98
2018,"41628",43,73
2018,"41701",128,189
2018,"41702",80,92
2018,"41703",515,479
2018,"41704",40,36
2018,"41705",82,71
2018,"41706",48,31
2018,"41707",62,102
2018,"41708",30,25
2018,"41709",164,110
2018,"41710",142,168
2018,"41711",112,103
2018,"41712",64,83
2018,"41713",416,317
2018,"41714",28,24
2018,"41715",387,319
2018,"41716",126,70
2018,"41717",22,33
2018,"41718",64,74
2018,"41719",99,114
2018,"41720",62,108
2018,"41721",36,33
2018,"41722",143,180
2018,"41723",82,76
2018,"41724",15,23
2018,"41725",30,21
2018,"41726",90,90
2018,"41727",65,47
2018,"41728",14,23
2018,"41729",16,19
2018,"41730",142,65
2018,"41731",321,418
2018,"41732",99,105
2018,"41733",10,13
2018,"41734",287,683
2018,"41735",109,111
2018,"41736",66,108
2018,"41737",195,197
2018,"41738",397,319
2018,"41739",356,230
2018,"41740",58,35
2018,"41741",81,58
2018,"41742",179,199
2018,"41743",314,331
2018,"41744",37,40
2018,"41745",56,55
2018,"41746",836,834
2018,"41747",229,223
2018,"41748",31,22
2018,"41749",57,66
2018,"41750",62,87
2018,"41751",61,49
2018,"41752",59,59
2018,"41801",23,15
2018,"41802",45,32
2018,"41803",108,98
2018,"41804",167,163
2018,"41805",119,83
2018,"41806",159,122
2018,"41807",41,42
2018,"41808",320,233
2018,"41809",77,63
2018,"41810",129,118
2018,"41811",282,252
2018,"41812",746,653
2018,"41813",45,46
2018,"41814",95,60
2018,"41815",37,15
2018,"41816",154,118
2018,"41817",165,154
2018,"41818",73,63
2018,"41819",110,76
2018,"41820",243,271
2018,"41821",75,67
2018,"41822",119,93
2018,"41823",358,333
2018,"41824",173,181
2018,"50101",5633,5934
2018,"50201",129,105
2018,"50202",126,146
2018,"50203",81,68
2018,"50204",135,168
2018,"50205",860,952
2018,"50206",13,22
2018,"50207",246,241
2018,"50208",269,263
2018,"50209",386,440
2018,"50210",14,26
2018,"50211",44,49
2018,"50212",34,46
2018,"50213",103,121
2018,"50301",255,282
2018,"50302",151,147
2018,"50303",473,667
2018,"50304",93,79
2018,"50305",237,216
2018,"50306",55,64
2018,"50307",39,71
2018,"50308",180,174
2018,"50309",316,318
2018,"50310",341,332
2018,"50311",99,147
2018,"50312",103,124
2018,"50313",20,29
2018,"50314",367,392
2018,"50315",122,131
2018,"50316",305,234
2018,"50317",200,259
2018,"50318",10,15
2018,"50319",218,191
2018,"50320",113,80
2018,"50321",201,158
2018,"50322",130,229
2018,"50323",179,136
2018,"50324",347,349
2018,"50325",81,100
2018,"50326",341,330
2018,"50327",212,234
2018,"50328",76,72
2018,"50329",139,120
2018,"50330",167,210
2018,"50331",41,48
2018,"50332",100,112
2018,"50335",364,328
2018,"50336",122,140
2018,"50337",289,334
2018,"50338",638,557
2018,"50339",626,575
2018,"50401",279,167
2018,"50402",208,263
2018,"50403",170,151
2018,"50404",466,484
2018,"50405",27,49
2018,"50406",94,109
2018,"50407",44,52
2018,"50408",100,118
2018,"50409",23,15
2018,"50410",105,87
2018,"50411",62,96
2018,"50412",75,89
2018,"50413",15,30
2018,"50414",21,20
2018,"50415",32,51
2018,"50416",158,90
2018,"50417",167,240
2018,"50418",408,449
2018,"50419",76,86
2018,"50420",165,167
2018,"50421",155,169
2018,"50422",19,28
2018,"50423",114,109
2018,"50424",146,164
2018,"50425",46,51
2018,"50501",8,5
2018,"50502",10,11
2018,"50503",82,57
2018,"50504",65,73
2018,"50505",16,23
2018,"50506",33,44
2018,"50507",19,17
2018,"50508",24,49
2018,"50509",118,123
2018,"50510",248,243
2018,"50511",19,10
2018,"50512",16,21
2018,"50513",22,30
2018,"50514",7,10
2018,"50515",23,43
2018,"50601",98,89
2018,"50602",300,226
2018,"50603",22,19
2018,"50604",34,64
2018,"50605",54,61
2018,"50606",132,199
2018,"50607",23,34
2018,"50608",85,126
2018,"50609",121,142
2018,"50610",87,73
2018,"50611",169,169
2018,"50612",66,86
2018,"50613",268,233
2018,"50614",79,62
2018,"50615",68,75
2018,"50616",173,155
2018,"50617",79,79
2018,"50618",89,149
2018,"50619",567,509
2018,"50620",43,55
2018,"50621",52,85
2018,"50622",106,140
2018,"50623",53,98
2018,"50624",133,112
2018,"50625",19,34
2018,"50626",31,50
2018,"50627",10,30
2018,"50628",466,535
2018,"60101",12285,12505
2018,"60305",172,158
2018,"60318",219,172
2018,"60323",85,79
2018,"60324",122,94
2018,"60326",95,91
2018,"60329",54,58
2018,"60341",87,78
2018,"60344",574,552
2018,"60345",243,235
2018,"60346",185,177
2018,"60347",168,138
2018,"60348",155,152
2018,"60349",180,166
2018,"60350",363,395
2018,"60351",194,238
2018,"60608",600,488
2018,"60611",282,217
2018,"60613",577,529
2018,"60617",433,298
2018,"60618",134,71
2018,"60619",258,185
2018,"60623",98,104
2018,"60624",600,453
2018,"60626",159,102
2018,"60628",161,209
2018,"60629",381,318
2018,"60632",173,124
2018,"60639",66,66
2018,"60641",72,50
2018,"60642",90,111
2018,"60645",146,166
2018,"60646",159,137
2018,"60647",11,21
2018,"60648",120,114
2018,"60651",117,112
2018,"60653",224,167
2018,"60654",131,116
2018,"60655",144,166
2018,"60656",71,85
2018,"60659",354,289
2018,"60660",210,219
2018,"60661",355,307
2018,"60662",265,270
2018,"60663",220,296
2018,"60664",563,613
2018,"60665",319,344
2018,"60666",136,116
2018,"60667",379,287
2018,"60668",205,171
2018,"60669",796,831
2018,"60670",593,408
2018,"61001",91,58
2018,"61002",98,98
2018,"61007",69,66
2018,"61008",76,97
2018,"61012",247,154
2018,"61013",91,118
2018,"61016",81,87
2018,"61017",69,60
2018,"61019",45,50
2018,"61020",79,67
2018,"61021",178,156
2018,"61024",77,100
2018,"61027",67,53
2018,"61030",82,79
2018,"61032",60,78
2018,"61033",116,98
2018,"61043",187,194
2018,"61045",570,415
2018,"61049",156,180
2018,"61050",146,180
2018,"61051",141,138
2018,"61052",161,161
2018,"61053",993,868
2018,"61054",95,131
2018,"61055",92,55
2018,"61057",91,90
2018,"61059",421,372
2018,"61060",175,160
2018,"61061",313,324
2018,"61101",88,163
2018,"61105",40,33
2018,"61106",54,63
2018,"61107",64,51
2018,"61108",1365,1395
2018,"61109",95,67
2018,"61110",123,201
2018,"61111",81,52
2018,"61112",8,18
2018,"61113",158,160
2018,"61114",134,135
2018,"61115",75,96
2018,"61116",76,65
2018,"61118",376,170
2018,"61119",24,41
2018,"61120",522,431
2018,"61203",111,194
2018,"61204",98,85
2018,"61205",31,40
2018,"61206",65,55
2018,"61207",186,188
2018,"61213",159,148
2018,"61215",38,37
2018,"61217",84,109
2018,"61222",82,71
2018,"61236",64,74
2018,"61243",94,131
2018,"61247",181,178
2018,"61251",10,9
2018,"61252",72,70
2018,"61253",175,234
2018,"61254",47,52
2018,"61255",159,203
2018,"61256",46,68
2018,"61257",161,162
2018,"61258",62,58
2018,"61259",507,462
2018,"61260",20,49
2018,"61261",66,78
2018,"61262",95,114
2018,"61263",265,314
2018,"61264",69,71
2018,"61265",232,249
2018,"61266",41,32
2018,"61267",125,130
2018,"61410",30,35
2018,"61413",35,33
2018,"61425",66,56
2018,"61428",22,24
2018,"61437",11,39
2018,"61438",124,135
2018,"61439",142,184
2018,"61440",60,82
2018,"61441",29,29
2018,"61442",43,58
2018,"61443",55,78
2018,"61444",67,87
2018,"61445",70,81
2018,"61446",98,87
2018,"61611",147,134
2018,"61612",124,137
2018,"61615",102,97
2018,"61618",136,144
2018,"61621",45,30
2018,"61624",130,135
2018,"61625",592,546
2018,"61626",291,281
2018,"61627",78,86
2018,"61628",56,66
2018,"61629",26,28
2018,"61630",48,72
2018,"61631",560,547
2018,"61632",139,170
2018,"61633",178,164
2018,"61701",180,78
2018,"61708",24,29
2018,"61710",42,35
2018,"61711",13,34
2018,"61716",119,128
2018,"61719",193,150
2018,"61727",192,170
2018,"61728",12,18
2018,"61729",121,84
2018,"61730",81,97
2018,"61731",52,68
2018,"61740",55,67
2018,"61741",42,39
2018,"61743",26,30
2018,"61744",12,16
2018,"61745",16,34
2018,"61746",178,154
2018,"61748",223,193
2018,"61750",35,54
2018,"61751",101,102
2018,"61756",110,152
2018,"61757",134,160
2018,"61758",54,54
2018,"61759",77,84
2018,"61760",699,683
2018,"61761",56,57
2018,"61762",86,84
2018,"61763",116,144
2018,"61764",157,193
2018,"61765",252,268
2018,"61766",764,703
2018,"62007",320,319
2018,"62008",25,28
2018,"62010",10,16
2018,"62014",102,64
2018,"62021",7,12
2018,"62026",11,12
2018,"62032",31,37
2018,"62034",30,34
2018,"62036",47,54
2018,"62038",373,460
2018,"62039",80,56
2018,"62040",540,540
2018,"62041",680,712
2018,"62042",74,99
2018,"62043",128,111
2018,"62044",50,90
2018,"62045",92,101
2018,"62046",95,132
2018,"62047",272,256
2018,"62048",158,204
2018,"62105",32,44
2018,"62115",219,176
2018,"62116",149,142
2018,"62125",94,112
2018,"62128",144,168
2018,"62131",72,190
2018,"62132",59,48
2018,"62135",63,29
2018,"62138",114,101
2018,"62139",884,847
2018,"62140",905,1059
2018,"62141",390,298
2018,"62142",70,133
2018,"62143",331,367
2018,"62144",123,151
2018,"62145",233,226
2018,"62146",192,187
2018,"62147",71,76
2018,"62148",64,91
2018,"62202",61,72
2018,"62205",63,67
2018,"62206",72,63
2018,"62209",56,53
2018,"62211",139,102
2018,"62214",87,79
2018,"62216",52,47
2018,"62219",406,355
2018,"62220",71,94
2018,"62226",59,58
2018,"62232",77,77
2018,"62233",118,116
2018,"62235",55,62
2018,"62242",12,28
2018,"62244",140,131
2018,"62245",35,42
2018,"62247",57,55
2018,"62252",86,58
2018,"62256",155,99
2018,"62262",41,42
2018,"62264",168,158
2018,"62265",60,64
2018,"62266",121,126
2018,"62267",498,452
2018,"62268",89,87
2018,"62269",134,133
2018,"62270",55,79
2018,"62271",201,188
2018,"62272",159,121
2018,"62273",117,133
2018,"62274",94,95
2018,"62275",150,206
2018,"62276",71,75
2018,"62277",84,76
2018,"62278",79,111
2018,"62279",33,76
2018,"62311",76,67
2018,"62314",53,40
2018,"62326",83,60
2018,"62330",42,63
2018,"62332",49,49
2018,"62335",35,49
2018,"62343",56,63
2018,"62368",22,64
2018,"62372",52,49
2018,"62375",278,298
2018,"62376",168,130
2018,"62377",68,73
2018,"62378",326,314
2018,"62379",685,601
2018,"62380",155,178
2018,"62381",106,127
2018,"62382",183,191
2018,"62383",139,186
2018,"62384",109,93
2018,"62385",85,97
2018,"62386",168,149
2018,"62387",78,52
2018,"62388",97,111
2018,"62389",123,110
2018,"62390",99,157
2018,"70101",5014,6351
2018,"70201",136,149
2018,"70202",207,202
2018,"70203",528,491
2018,"70204",32,16
2018,"70205",23,28
2018,"70206",12,14
2018,"70207",33,37
2018,"70208",106,120
2018,"70209",188,132
2018,"70210",46,17
2018,"70211",56,58
2018,"70212",109,80
2018,"70213",81,57
2018,"70214",74,128
2018,"70215",76,99
2018,"70216",80,90
2018,"70217",16,31
2018,"70218",79,83
2018,"70219",73,71
2018,"70220",72,116
2018,"70221",90,102
2018,"70222",111,104
2018,"70223",111,96
2018,"70224",60,82
2018,"70301",445,338
2018,"70302",214,172
2018,"70303",93,113
2018,"70304",308,312
2018,"70305",49,74
2018,"70306",110,83
2018,"70307",42,35
2018,"70308",81,74
2018,"70309",98,107
2018,"70310",222,191
2018,"70311",27,17
2018,"70312",234,259
2018,"70313",48,69
2018,"70314",27,27
2018,"70315",50,62
2018,"70317",23,10
2018,"70318",66,75
2018,"70319",191,149
2018,"70320",122,132
2018,"70322",83,89
2018,"70323",35,32
2018,"70325",61,86
2018,"70326",139,126
2018,"70328",81,97
2018,"70329",198,169
2018,"70331",120,130
2018,"70332",167,129
2018,"70333",89,71
2018,"70334",115,134
2018,"70335",91,85
2018,"70336",6,6
2018,"70337",139,116
2018,"70338",71,57
2018,"70339",51,36
2018,"70340",78,50
2018,"70342",123,52
2018,"70343",56,48
2018,"70344",138,149
2018,"70345",73,60
2018,"70346",446,424
2018,"70347",11,11
2018,"70348",83,99
2018,"70349",16,22
2018,"70350",80,102
2018,"70351",170,209
2018,"70352",36,33
2018,"70353",73,95
2018,"70354",812,739
2018,"70355",203,172
2018,"70356",70,60
2018,"70357",702,625
2018,"70358",193,235
2018,"70359",48,35
2018,"70360",87,76
2018,"70361",36,10
2018,"70362",19,15
2018,"70364",402,313
2018,"70365",224,265
2018,"70366",30,40
2018,"70367",395,346
2018,"70368",42,32
2018,"70369",338,372
2018,"70370",142,134
2018,"70401",47,68
2018,"70402",81,99
2018,"70403",279,199
2018,"70404",54,72
2018,"70405",62,42
2018,"70406",174,236
2018,"70407",44,41
2018,"70408",43,62
2018,"70409",157,177
2018,"70410",203,170
2018,"70411",260,386
2018,"70412",109,113
2018,"70413",146,78
2018,"70414",41,54
2018,"70415",39,52
2018,"70416",422,466
2018,"70417",56,70
2018,"70418",21,33
2018,"70419",60,58
2018,"70420",118,98
2018,"70501",29,52
2018,"70502",41,71
2018,"70503",149,178
2018,"70504",28,39
2018,"70505",119,123
2018,"70506",203,158
2018,"70508",227,245
2018,"70509",78,110
2018,"70510",78,70
2018,"70511",389,420
2018,"70512",264,216
2018,"70513",805,806
2018,"70514",286,148
2018,"70515",240,197
2018,"70516",43,18
2018,"70517",134,137
2018,"70518",114,100
2018,"70519",16,10
2018,"70520",97,106
2018,"70521",57,61
2018,"70522",180,166
2018,"70523",20,16
2018,"70524",76,75
2018,"70525",88,98
2018,"70526",116,108
2018,"70527",74,92
2018,"70528",73,77
2018,"70529",93,96
2018,"70530",101,122
2018,"70531",708,693
2018,"70601",9,15
2018,"70602",3,4
2018,"70603",31,24
2018,"70604",135,122
2018,"70605",48,35
2018,"70606",24,18
2018,"70607",33,37
2018,"70608",47,38
2018,"70609",29,62
2018,"70610",4,10
2018,"70611",18,14
2018,"70612",17,21
2018,"70613",10,12
2018,"70614",265,378
2018,"70615",18,27
2018,"70616",39,51
2018,"70617",43,74
2018,"70618",38,60
2018,"70619",71,87
2018,"70620",65,65
2018,"70621",60,70
2018,"70622",46,81
2018,"70623",24,31
2018,"70624",34,38
2018,"70625",1,4
2018,"70626",9,13
2018,"70627",26,28
2018,"70628",16,25
2018,"70629",27,16
2018,"70630",129,139
2018,"70701",24,12
2018,"70702",33,34
2018,"70703",21,25
2018,"70704",12,26
2018,"70705",56,48
2018,"70706",13,24
2018,"70707",86,114
2018,"70708",56,44
2018,"70709",14,23
2018,"70710",8,21
2018,"70711",32,27
2018,"70712",9,23
2018,"70713",14,28
2018,"70714",11,10
2018,"70715",25,33
2018,"70716",571,570
2018,"70717",83,107
2018,"70718",28,41
2018,"70719",193,158
2018,"70720",68,59
2018,"70721",24,17
2018,"70723",21,40
2018,"70724",15,21
2018,"70725",5,6
2018,"70726",11,30
2018,"70727",13,19
2018,"70728",60,59
2018,"70729",18,34
2018,"70731",13,13
2018,"70732",67,56
2018,"70733",2,5
2018,"70734",43,68
2018,"70735",35,33
2018,"70801",12,19
2018,"70802",5,15
2018,"70803",18,27
2018,"70804",22,35
2018,"70805",105,90
2018,"70806",60,48
2018,"70807",55,82
2018,"70808",16,32
2018,"70809",12,11
2018,"70810",5,3
2018,"70811",27,43
2018,"70812",1,6
2018,"70813",12,19
2018,"70814",14,21
2018,"70815",2,0
2018,"70816",45,39
2018,"70817",12,25
2018,"70818",1,3
2018,"70819",1,1
2018,"70820",116,95
2018,"70821",57,71
2018,"70822",8,11
2018,"70823",2,2
2018,"70824",20,22
2018,"70825",2,5
2018,"70826",68,62
2018,"70827",4,16
2018,"70828",338,319
2018,"70829",21,17
2018,"70830",36,27
2018,"70831",8,11
2018,"70832",54,35
2018,"70833",27,58
2018,"70834",6,8
2018,"70835",51,51
2018,"70836",34,49
2018,"70837",6,15
2018,"70901",65,87
2018,"70902",35,87
2018,"70903",12,6
2018,"70904",51,44
2018,"70905",121,90
2018,"70907",164,160
2018,"70908",44,70
2018,"70909",233,232
2018,"70910",46,64
2018,"70911",21,20
2018,"70912",19,18
2018,"70913",6,9
2018,"70914",23,39
2018,"70915",70,74
2018,"70916",51,46
2018,"70917",319,347
2018,"70918",70,72
2018,"70920",219,209
2018,"70921",68,68
2018,"70922",89,77
2018,"70923",64,71
2018,"70924",12,14
2018,"70925",55,64
2018,"70926",608,683
2018,"70927",95,69
2018,"70928",146,85
2018,"70929",7,8
2018,"70930",51,54
2018,"70931",72,80
2018,"70932",29,21
2018,"70933",120,131
2018,"70934",52,70
2018,"70935",87,98
2018,"70936",285,244
2018,"70937",97,79
2018,"70938",63,71
2018,"70939",95,91
2018,"70940",83,144
2018,"70941",9,21
2018,"80101",119,112
2018,"80102",8,20
2018,"80103",841,782
2018,"80104",158,189
2018,"80105",40,46
2018,"80106",165,169
2018,"80107",17,33
2018,"80108",52,59
2018,"80109",16,19
2018,"80110",43,58
2018,"80111",50,70
2018,"80112",30,31
2018,"80113",76,74
2018,"80114",30,35
2018,"80115",219,173
2018,"80116",305,345
2018,"80117",276,246
2018,"80118",42,53
2018,"80119",27,50
2018,"80120",85,103
2018,"80121",43,25
2018,"80122",263,208
2018,"80123",28,24
2018,"80124",11,32
2018,"80125",17,16
2018,"80126",113,114
2018,"80127",37,37
2018,"80128",103,118
2018,"80129",164,150
2018,"80201",149,146
2018,"80202",145,101
2018,"80203",51,68
2018,"80204",123,136
2018,"80205",51,37
2018,"80206",43,50
2018,"80207",1457,1723
2018,"80208",24,32
2018,"80209",7,10
2018,"80210",48,60
2018,"80211",138,136
2018,"80212",13,26
2018,"80213",228,204
2018,"80214",84,69
2018,"80215",653,653
2018,"80216",102,105
2018,"80217",337,366
2018,"80218",303,266
2018,"80219",100,87
2018,"80220",101,110
2018,"80221",59,67
2018,"80222",65,55
2018,"80223",62,59
2018,"80224",584,653
2018,"80225",80,77
2018,"80226",348,339
2018,"80227",50,87
2018,"80228",47,76
2018,"80229",18,30
2018,"80230",42,59
2018,"80231",34,51
2018,"80232",9,18
2018,"80233",41,48
2018,"80234",4,15
2018,"80235",235,239
2018,"80236",66,90
2018,"80237",21,12
2018,"80238",59,70
2018,"80239",6,11
2018,"80240",479,489
2018,"80301",2181,2218
2018,"80302",973,795
2018,"80303",927,944
2018,"80401",414,342
2018,"80402",13,16
2018,"80403",8,8
2018,"80404",1730,1564
2018,"80405",361,368
2018,"80406",43,47
2018,"80407",129,133
2018,"80408",839,702
2018,"80409",200,266
2018,"80410",288,221
2018,"80411",16,18
2018,"80412",202,204
2018,"80413",114,102
2018,"80414",683,727
2018,"80415",16,9
2018,"80416",146,125
2018,"80417",159,153
2018,"80418",192,159
2018,"80419",30,45
2018,"80420",183,150
2018,"80421",16,26
2018,"80422",16,29
2018,"80423",125,115
2018,"80424",217,205
2018,"90101",1128,1289
2018,"90201",9252,10622
2018,"90301",9174,9028
2018,"90401",3818,4188
2018,"90501",6420,7145
2018,"90601",3765,4352
2018,"90701",3442,3839
2018,"90801",3513,4643
2018,"90901",4987,6265
2018,"91001",16793,16768
2018,"91101",8123,7428
2018,"91201",9903,10401
2018,"91301",3962,4299
2018,"91401",7801,8006
2018,"91501",8948,11065
2018,"91601",10100,11969
2018,"91701",6015,6906
2018,"91801",4617,5039
2018,"91901",5889,5736
2018,"92001",8135,9596
2018,"92101",12037,10143
2018,"92201",11891,9170
2018,"92301",7980,5709
2019,"10101",1059,908
2019,"10201",109,61
2019,"10301",69,101
2019,"10302",84,53
2019,"10303",133,110
2019,"10304",171,140
2019,"10305",48,44
2019,"10306",48,37
2019,"10307",53,85
2019,"10308",66,68
2019,"10309",225,168
2019,"10310",50,40
2019,"10311",42,45
2019,"10312",79,96
2019,"10313",98,61
2019,"10314",111,60
2019,"10315",160,121
2019,"10316",204,97
2019,"10317",56,83
2019,"10318",146,87
2019,"10319",64,65
2019,"10320",20,12
2019,"10321",20,46
2019,"10322",68,47
2019,"10323",80,50
2019,"10401",36,30
2019,"10402",67,77
2019,"10403",42,38
2019,"10404",32,53
2019,"10405",218,219
2019,"10406",37,14
2019,"10407",29,27
2019,"10408",81,76
2019,"10409",29,45
2019,"10410",19,27
2019,"10411",60,49
2019,"10412",34,31
2019,"10413",40,39
2019,"10414",129,160
2019,"10415",42,67
2019,"10416",50,54
2019,"10417",119,119
2019,"10418",24,11
2019,"10419",23,25
2019,"10420",9,10
2019,"10421",25,45
2019,"10422",18,8
2019,"10423",8,8
2019,"10424",13,5
2019,"10425",13,8
2019,"10426",21,7
2019,"10427",36,30
2019,"10428",11,8
2019,"10501",52,53
2019,"10502",37,61
2019,"10503",70,55
2019,"10504",222,170
2019,"10505",42,39
2019,"10506",48,45
2019,"10507",37,34
2019,"10508",106,84
2019,"10509",86,75
2019,"10510",32,29
2019,"10511",40,19
2019,"10512",12,22
2019,"10601",58,52
2019,"10602",139,146
2019,"10603",44,49
2019,"10604",37,60
2019,"10605",79,65
2019,"10606",373,345
2019,"10607",356,240
2019,"10608",42,28
2019,"10609",153,129
2019,"10610",88,93
2019,"10611",164,155
2019,"10612",61,101
2019,"10613",35,54
2019,"10614",32,42
2019,"10615",134,95
2019,"10616",44,25
2019,"10617",54,35
2019,"10618",52,48
2019,"10619",23,33
2019,"10701",58,47
2019,"10702",37,33
2019,"10703",120,155
2019,"10704",20,16
2019,"10705",147,111
2019,"10706",62,25
2019,"10707",163,116
2019,"10708",45,52
2019,"10709",61,43
2019,"10710",47,53
2019,"10711",84,78
2019,"10712",81,57
2019,"10713",521,409
2019,"10714",71,71
2019,"10715",29,45
2019,"10716",22,44
2019,"10717",264,231
2019,"10718",77,60
2019,"10719",30,38
2019,"10720",43,33
2019,"10721",59,64
2019,"10722",109,96
2019,"10723",46,42
2019,"10724",86,83
2019,"10725",36,30
2019,"10726",24,24
2019,"10727",19,12
2019,"10801",96,75
2019,"10802",55,53
2019,"10803",44,42
2019,"10804",69,76
2019,"10805",50,79
2019,"10806",24,32
2019,"10807",63,56
2019,"10808",53,32
2019,"10809",66,72
2019,"10810",38,39
2019,"10811",47,69
2019,"10812",62,47
2019,"10813",42,38
2019,"10814",52,66
2019,"10815",113,67
2019,"10816",199,156
2019,"10817",53,59
2019,"10818",29,25
2019,"10819",82,47
2019,"10820",48,35
2019,"10821",38,44
2019,"10822",37,71
2019,"10823",73,56
2019,"10824",19,27
2019,"10825",29,25
2019,"10826",7,8
2019,"10827",17,20
2019,"10828",22,20
2019,"10901",129,110
2019,"10902",106,109
2019,"10903",31,50
2019,"10904",47,37
2019,"10905",156,139
2019,"10906",19,29
2019,"10907",65,59
2019,"10908",79,61
2019,"10909",31,39
2019,"10910",45,38
2019,"10911",42,35
2019,"10912",87,72
2019,"10913",30,24
2019,"10914",36,47
2019,"10915",34,24
2019,"10916",138,106
2019,"10917",400,394
2019,"10918",402,268
2019,"10919",198,141
2019,"10920",101,84
2019,"10921",64,58
2019,"10922",31,22
2019,"10923",68,79
2019,"10924",20,22
2019,"10925",51,50
2019,"10926",20,31
2019,"10927",33,33
2019,"10928",57,62
2019,"10929",33,18
2019,"10930",35,19
2019,"10931",12,10
2019,"10932",11,19
2019,"20101",4302,4062
2019,"20201",2482,2176
2019,"20302",24,33
2019,"20305",171,186
2019,"20306",70,124
2019,"20307",96,109
2019,"20316",40,64
2019,"20320",33,47
2019,"20321",16,37
2019,"20402",447,392
2019,"20403",138,142
2019,"20405",311,290
2019,"20409",204,155
2019,"20412",89,110
2019,"20414",152,129
2019,"20415",242,231
2019,"20416",63,59
2019,"20417",123,173
2019,"20418",185,191
2019,"20419",116,91
2019,"20421",308,290
2019,"20424",231,166
2019,"20425",149,165
2019,"20428",26,45
2019,"20432",87,121
2019,"20435",86,98
2019,"20441",15,6
2019,"20442",226,143
2019,"20501",229,208
2019,"20502",146,142
2019,"20503",36,35
2019,"20504",82,89
2019,"20505",219,137
2019,"20506",35,28
2019,"20508",48,52
2019,"20509",48,55
2019,"20511",48,65
2019,"20512",86,87
2019,"20513",57,93
2019,"20515",122,157
2019,"20518",38,52
2019,"20519",46,58
2019,"20520",48,55
2019,"20523",171,213
2019,"20527",549,680
2019,"20530",83,95
2019,"20531",101,118
2019,"20534",143,161
2019,"20601",63,74
2019,"20602",68,97
2019,"20603",43,51
2019,"20604",42,55
2019,"20605",25,43
2019,"20607",9,32
2019,"20608",109,86
2019,"20609",58,46
2019,"20610",18,32
2019,"20611",31,42
2019,"20613",24,35
2019,"20616",70,79
2019,"20618",16,23
2019,"20619",30,51
2019,"20620",148,176
2019,"20622",27,21
2019,"20624",65,41
2019,"20625",41,38
2019,"20627",67,74
2019,"20630",165,170
2019,"20631",34,42
2019,"20632",27,36
2019,"20633",81,105
2019,"20634",330,259
2019,"20635",583,659
2019,"20636",21,36
2019,"20637",83,44
2019,"20638",29,45
2019,"20639",10,11
2019,"20640",61,43
2019,"20642",49,50
2019,"20643",161,113
2019,"20644",49,75
2019,"20701",62,66
2019,"20702",249,274
2019,"20703",49,52
2019,"20705",83,147
2019,"20707",30,38
2019,"20708",29,44
2019,"20710",78,119
2019,"20711",429,415
2019,"20712",42,41
2019,"20713",44,31
2019,"20719",79,75
2019,"20720",219,207
2019,"20721",81,100
2019,"20722",203,131
2019,"20723",35,43
2019,"20724",311,242
2019,"20725",549,430
2019,"20726",133,154
2019,"20727",225,256
2019,"20801",172,215
2019,"20802",31,32
2019,"20803",291,305
2019,"20804",81,94
2019,"20805",97,124
2019,"20806",97,99
2019,"20807",60,50
2019,"20808",119,147
2019,"20810",26,37
2019,"20812",71,68
2019,"20813",333,319
2019,"20815",77,76
2019,"20817",462,449
2019,"20901",95,127
2019,"20905",143,140
2019,"20909",87,123
2019,"20911",32,30
2019,"20912",61,72
2019,"20913",401,440
2019,"20914",63,70
2019,"20918",141,108
2019,"20923",770,769
2019,"21001",36,46
2019,"21002",564,610
2019,"21003",79,119
2019,"21004",39,50
2019,"21005",81,105
2019,"21006",157,253
2019,"21007",40,92
2019,"21008",71,102
2019,"21009",219,151
2019,"21010",65,90
2019,"30101",1568,1470
2019,"30201",2924,2486
2019,"30301",367,421
2019,"30401",2913,2599
2019,"30501",60,64
2019,"30502",1152,1125
2019,"30503",117,139
2019,"30504",175,165
2019,"30506",151,159
2019,"30507",80,62
2019,"30508",226,171
2019,"30509",90,76
2019,"30510",30,38
2019,"30511",58,61
2019,"30512",75,45
2019,"30514",297,253
2019,"30515",170,139
2019,"30516",35,48
2019,"30517",137,149
2019,"30520",69,98
2019,"30521",64,50
2019,"30522",98,119
2019,"30524",43,54
2019,"30526",8,11
2019,"30527",108,132
2019,"30529",105,100
2019,"30530",174,174
2019,"30531",401,463
2019,"30532",125,146
2019,"30533",149,194
2019,"30534",58,67
2019,"30536",36,43
2019,"30538",120,76
2019,"30539",102,73
2019,"30541",101,73
2019,"30542",56,45
2019,"30543",101,113
2019,"30544",71,88
2019,"30601",152,105
2019,"30602",161,205
2019,"30603",701,638
2019,"30604",1415,1270
2019,"30605",439,436
2019,"30607",700,608
2019,"30608",202,178
2019,"30609",18,25
2019,"30612",98,110
2019,"30613",96,105
2019,"30614",46,44
2019,"30615",316,235
2019,"30616",94,74
2019,"30618",377,323
2019,"30620",271,297
2019,"30621",224,152
2019,"30623",341,247
2019,"30625",186,189
2019,"30626",435,326
2019,"30627",153,179
2019,"30629",90,79
2019,"30631",118,112
2019,"30633",64,67
2019,"30635",90,72
2019,"30636",89,61
2019,"30637",84,86
2019,"30639",856,1577
2019,"30641",142,164
2019,"30645",62,91
2019,"30646",146,136
2019,"30701",43,40
2019,"30702",110,111
2019,"30703",17,19
2019,"30704",518,468
2019,"30706",212,137
2019,"30708",53,35
2019,"30709",124,102
2019,"30710",293,259
2019,"30711",90,83
2019,"30712",37,30
2019,"30713",54,50
2019,"30715",37,11
2019,"30716",190,186
2019,"30718",62,47
2019,"30719",53,56
2019,"30721",72,53
2019,"30722",45,54
2019,"30724",119,66
2019,"30726",129,84
2019,"30728",39,25
2019,"30729",239,210
2019,"30730",245,317
2019,"30731",192,181
2019,"30732",527,417
2019,"30733",46,57
2019,"30734",78,93
2019,"30735",274,208
2019,"30736",189,147
2019,"30737",58,80
2019,"30738",45,29
2019,"30739",97,98
2019,"30740",1798,974
2019,"30741",78,83
2019,"30801",5,7
2019,"30802",7,12
2019,"30803",184,135
2019,"30804",78,116
2019,"30805",96,75
2019,"30808",492,420
2019,"30810",67,49
2019,"30811",103,93
2019,"30812",26,39
2019,"30813",86,56
2019,"30814",65,67
2019,"30817",717,678
2019,"30819",25,9
2019,"30821",678,549
2019,"30822",14,2
2019,"30824",68,43
2019,"30825",61,45
2019,"30826",68,68
2019,"30827",117,132
2019,"30828",54,32
2019,"30829",42,30
2019,"30830",162,146
2019,"30831",146,144
2019,"30834",38,16
2019,"30835",155,163
2019,"30836",48,41
2019,"30838",127,131
2019,"30841",74,51
2019,"30842",90,87
2019,"30844",165,93
2019,"30845",69,61
2019,"30846",1,4
2019,"30848",93,63
2019,"30849",25,33
2019,"30850",56,64
2019,"30852",98,64
2019,"30854",37,35
2019,"30856",792,467
2019,"30857",46,37
2019,"30858",85,86
2019,"30859",46,30
2019,"30860",87,84
2019,"30863",289,230
2019,"30865",40,37
2019,"30902",49,45
2019,"30903",59,66
2019,"30904",30,40
2019,"30906",23,28
2019,"30908",263,307
2019,"30909",100,86
2019,"30910",45,40
2019,"30912",30,28
2019,"30913",38,25
2019,"30915",16,17
2019,"30916",173,168
2019,"30917",17,15
2019,"30920",56,70
2019,"30921",33,30
2019,"30925",100,122
2019,"30929",25,26
2019,"30932",35,48
2019,"30935",212,189
2019,"30939",15,35
2019,"30940",32,41
2019,"30942",114,78
2019,"31001",39,26
2019,"31008",127,92
2019,"31009",106,85
2019,"31014",64,49
2019,"31015",50,53
2019,"31016",46,39
2019,"31018",65,76
2019,"31019",73,44
2019,"31021",56,51
2019,"31022",773,600
2019,"31025",46,27
2019,"31026",81,80
2019,"31028",53,40
2019,"31033",40,50
2019,"31035",68,72
2019,"31036",85,64
2019,"31037",262,190
2019,"31038",72,42
2019,"31041",37,46
2019,"31042",37,31
2019,"31043",70,74
2019,"31051",76,99
2019,"31052",51,77
2019,"31053",136,154
2019,"31101",22,34
2019,"31102",35,23
2019,"31103",41,42
2019,"31104",47,40
2019,"31105",142,124
2019,"31106",89,121
2019,"31107",29,76
2019,"31109",397,358
2019,"31110",60,27
2019,"31111",20,20
2019,"31113",42,26
2019,"31114",31,32
2019,"31117",18,16
2019,"31119",17,17
2019,"31120",40,25
2019,"31121",45,43
2019,"31123",39,46
2019,"31124",63,52
2019,"31129",35,51
2019,"31130",21,45
2019,"31201",266,220
2019,"31202",94,70
2019,"31203",178,124
2019,"31204",53,43
2019,"31205",82,87
2019,"31206",191,116
2019,"31207",163,150
2019,"31208",138,104
2019,"31213",1013,941
2019,"31214",313,369
2019,"31215",55,48
2019,"31216",262,242
2019,"31224",47,64
2019,"31226",126,126
2019,"31227",170,82
2019,"31228",45,24
2019,"31229",71,56
2019,"31230",785,853
2019,"31234",57,54
2019,"31235",606,565
2019,"31301",15,16
2019,"31302",26,21
2019,"31303",61,52
2019,"31304",20,31
2019,"31308",168,103
2019,"31309",135,124
2019,"31310",78,96
2019,"31311",124,138
2019,"31315",90,118
2019,"31319",38,55
2019,"31321",22,25
2019,"31322",249,306
2019,"31323",26,53
2019,"31324",51,68
2019,"31326",18,16
2019,"31327",189,160
2019,"31330",25,25
2019,"31333",101,136
2019,"31336",54,36
2019,"31337",105,88
2019,"31338",30,52
2019,"31340",38,32
2019,"31343",107,114
2019,"31344",52,61
2019,"31346",67,59
2019,"31347",28,33
2019,"31350",30,35
2019,"31351",36,56
2019,"31355",86,85
2019,"31356",35,29
2019,"31401",24,18
2019,"31402",98,98
2019,"31403",205,178
2019,"31404",43,59
2019,"31405",49,44
2019,"31406",34,30
2019,"31407",109,205
2019,"31408",37,31
2019,"31409",26,53
2019,"31410",57,55
2019,"31411",80,83
2019,"31412",176,186
2019,"31413",218,236
2019,"31414",84,73
2019,"31502",61,32
2019,"31503",80,66
2019,"31504",57,35
2019,"31505",125,176
2019,"31506",7,11
2019,"31507",70,88
2019,"31508",39,63
2019,"31509",77,92
2019,"31511",53,59
2019,"31513",105,69
2019,"31514",122,101
2019,"31515",41,41
2019,"31516",57,47
2019,"31517",104,78
2019,"31519",56,56
2019,"31520",194,185
2019,"31521",147,139
2019,"31522",70,113
2019,"31523",47,49
2019,"31524",392,350
2019,"31525",35,46
2019,"31527",166,118
2019,"31528",22,41
2019,"31530",84,104
2019,"31531",102,96
2019,"31533",253,200
2019,"31534",74,100
2019,"31535",23,26
2019,"31537",104,105
2019,"31539",167,130
2019,"31540",51,76
2019,"31541",20,20
2019,"31542",39,48
2019,"31543",53,36
2019,"31546",29,54
2019,"31549",321,336
2019,"31550",50,65
2019,"31551",80,106
2019,"31552",89,62
2019,"31553",55,68
2019,"31601",27,46
2019,"31603",85,68
2019,"31604",95,94
2019,"31605",41,37
2019,"31606",43,57
2019,"31608",8,9
2019,"31609",18,21
2019,"31611",14,25
2019,"31612",171,123
2019,"31613",32,31
2019,"31614",92,92
2019,"31615",51,41
2019,"31616",39,34
2019,"31617",77,46
2019,"31620",49,46
2019,"31621",27,37
2019,"31622",53,66
2019,"31627",97,76
2019,"31628",66,64
2019,"31629",280,234
2019,"31630",122,81
2019,"31633",762,483
2019,"31634",61,77
2019,"31636",33,25
2019,"31642",54,39
2019,"31644",196,213
2019,"31645",64,69
2019,"31646",27,33
2019,"31649",65,91
2019,"31650",52,55
2019,"31651",111,116
2019,"31652",20,8
2019,"31653",54,40
2019,"31654",72,101
2019,"31655",377,302
2019,"31658",7,17
2019,"31701",55,57
2019,"31702",196,204
2019,"31703",310,227
2019,"31704",699,671
2019,"31706",73,80
2019,"31707",116,111
2019,"31709",202,204
2019,"31710",522,450
2019,"31711",76,56
2019,"31712",259,288
2019,"31713",192,166
2019,"31714",40,49
2019,"31715",196,157
2019,"31716",506,535
2019,"31717",1297,1220
2019,"31718",95,114
2019,"31719",662,659
2019,"31723",515,376
2019,"31725",381,523
2019,"31726",162,132
2019,"31801",41,19
2019,"31802",106,105
2019,"31803",67,87
2019,"31804",64,83
2019,"31805",17,17
2019,"31806",26,14
2019,"31807",47,55
2019,"31808",90,63
2019,"31809",12,33
2019,"31810",370,342
2019,"31811",194,173
2019,"31812",88,73
2019,"31813",125,111
2019,"31814",94,89
2019,"31815",38,18
2019,"31817",72,102
2019,"31818",811,783
2019,"31820",21,20
2019,"31821",130,133
2019,"31823",207,142
2019,"31825",25,16
2019,"31826",106,113
2019,"31827",3,8
2019,"31829",175,257
2019,"31830",27,24
2019,"31831",153,79
2019,"31832",108,70
2019,"31833",36,54
2019,"31834",30,16
2019,"31835",159,155
2019,"31836",20,44
2019,"31837",65,90
2019,"31838",44,52
2019,"31839",719,668
2019,"31840",48,51
2019,"31841",15,19
2019,"31842",4,8
2019,"31843",46,59
2019,"31844",66,71
2019,"31845",31,44
2019,"31846",143,159
2019,"31847",83,93
2019,"31848",44,45
2019,"31849",45,47
2019,"31901",191,156
2019,"31902",71,76
2019,"31903",271,259
2019,"31904",66,62
2019,"31905",299,283
2019,"31906",41,63
2019,"31907",51,40
2019,"31909",104,100
2019,"31910",68,69
2019,"31911",94,80
2019,"31912",427,394
2019,"31913",106,86
2019,"31915",64,62
2019,"31916",70,85
2019,"31917",61,62
2019,"31918",112,106
2019,"31919",159,110
2019,"31920",25,28
2019,"31921",180,136
2019,"31922",91,96
2019,"31923",37,48
2019,"31925",55,56
2019,"31926",387,376
2019,"31927",87,73
2019,"31928",101,82
2019,"31929",199,181
2019,"31930",79,84
2019,"31932",104,118
2019,"31934",173,159
2019,"31935",104,144
2019,"31938",39,39
2019,"31939",16,10
2019,"31940",100,70
2019,"31941",42,44
2019,"31943",400,311
2019,"31945",75,60
2019,"31946",49,59
2019,"31947",314,314
2019,"31948",139,149
2019,"31949",299,257
2019,"31950",143,165
2019,"31951",436,421
2019,"31952",617,507
2019,"31953",244,154
2019,"31954",85,60
2019,"32001",103,128
2019,"32002",35,68
2019,"32003",112,94
2019,"32004",39,54
2019,"32005",41,36
2019,"32006",71,99
2019,"32007",38,52
2019,"32008",173,161
2019,"32009",46,61
2019,"32010",35,38
2019,"32011",26,52
2019,"32012",21,31
2019,"32013",190,145
2019,"32014",62,80
2019,"32015",52,55
2019,"32016",318,315
2019,"32017",162,141
2019,"32018",73,52
2019,"32101",139,106
2019,"32104",192,140
2019,"32106",120,110
2019,"32107",164,135
2019,"32109",16,22
2019,"32110",127,120
2019,"32112",132,101
2019,"32114",152,109
2019,"32115",106,52
2019,"32116",143,143
2019,"32119",168,124
2019,"32120",409,208
2019,"32131",332,343
2019,"32132",115,83
2019,"32134",105,127
2019,"32135",955,781
2019,"32139",110,64
2019,"32140",105,114
2019,"32141",194,162
2019,"32142",407,384
2019,"32143",88,79
2019,"32144",1279,1198
2019,"32202",44,53
2019,"32203",38,63
2019,"32206",32,46
2019,"32207",178,180
2019,"32209",61,58
2019,"32210",35,25
2019,"32212",37,31
2019,"32214",14,12
2019,"32216",106,68
2019,"32217",49,33
2019,"32219",68,108
2019,"32220",187,235
2019,"32221",44,36
2019,"32222",13,24
2019,"32223",19,22
2019,"32301",177,157
2019,"32302",32,22
2019,"32304",172,246
2019,"32305",357,261
2019,"32306",238,188
2019,"32307",242,224
2019,"32308",123,75
2019,"32309",33,26
2019,"32310",63,43
2019,"32311",49,55
2019,"32312",38,20
2019,"32313",105,135
2019,"32314",71,81
2019,"32315",45,56
2019,"32316",166,177
2019,"32317",34,42
2019,"32318",151,156
2019,"32319",193,140
2019,"32320",121,89
2019,"32321",17,26
2019,"32322",23,22
2019,"32323",152,167
2019,"32324",12,13
2019,"32325",40,77
2019,"32326",19,26
2019,"32327",327,280
2019,"32330",245,232
2019,"32331",89,86
2019,"32332",117,125
2019,"32333",48,44
2019,"32334",45,40
2019,"32335",45,26
2019,"32336",96,89
2019,"32337",347,254
2019,"32338",112,79
2019,"32501",62,90
2019,"32502",41,49
2019,"32503",6,8
2019,"32504",45,27
2019,"32505",63,71
2019,"32506",30,49
2019,"32508",88,104
2019,"32509",34,35
2019,"32511",25,21
2019,"32514",20,16
2019,"32515",37,45
2019,"32516",16,35
2019,"32517",20,27
2019,"32518",38,40
2019,"32519",15,17
2019,"32520",24,31
2019,"32521",56,52
2019,"32522",28,48
2019,"32523",16,19
2019,"32524",80,66
2019,"32525",62,50
2019,"32528",16,30
2019,"32529",38,40
2019,"32530",282,323
2019,"40101",9136,9820
2019,"40201",1438,1685
2019,"40301",2751,2780
2019,"40401",256,207
2019,"40402",101,106
2019,"40403",84,32
2019,"40404",776,629
2019,"40405",134,159
2019,"40406",136,109
2019,"40407",88,71
2019,"40408",51,56
2019,"40409",36,51
2019,"40410",49,35
2019,"40411",24,31
2019,"40412",34,31
2019,"40413",246,278
2019,"40414",66,110
2019,"40415",75,73
2019,"40416",43,42
2019,"40417",54,64
2019,"40418",198,198
2019,"40419",126,97
2019,"40420",65,29
2019,"40421",543,511
2019,"40422",152,213
2019,"40423",65,37
2019,"40424",83,74
2019,"40425",73,78
2019,"40426",178,239
2019,"40427",111,83
2019,"40428",154,145
2019,"40429",72,59
2019,"40430",61,44
2019,"40431",97,88
2019,"40432",83,81
2019,"40433",40,25
2019,"40434",23,44
2019,"40435",20,12
2019,"40436",65,63
2019,"40437",166,161
2019,"40438",64,90
2019,"40439",10,31
2019,"40440",10,15
2019,"40441",228,211
2019,"40442",32,41
2019,"40443",73,72
2019,"40444",28,30
2019,"40445",18,14
2019,"40446",65,65
2019,"40501",255,340
2019,"40502",124,164
2019,"40503",420,323
2019,"40504",113,140
2019,"40505",26,57
2019,"40506",159,135
2019,"40507",104,97
2019,"40508",96,106
2019,"40509",63,111
2019,"40510",69,99
2019,"40511",113,95
2019,"40512",67,45
2019,"40601",375,392
2019,"40602",61,62
2019,"40603",122,79
2019,"40604",172,187
2019,"40605",20,40
2019,"40606",11,16
2019,"40607",99,114
2019,"40608",35,60
2019,"40609",141,83
2019,"40610",35,71
2019,"40611",38,57
2019,"40612",127,130
2019,"40613",19,22
2019,"40614",323,228
2019,"40615",103,96
2019,"40616",47,74
2019,"40617",27,37
2019,"40618",84,113
2019,"40619",48,47
2019,"40620",111,110
2019,"40621",58,45
2019,"40622",89,86
2019,"40623",46,33
2019,"40624",188,174
2019,"40625",42,26
2019,"40626",53,52
2019,"40627",99,110
2019,"40701",500,457
2019,"40702",193,207
2019,"40703",465,471
2019,"40704",241,217
2019,"40705",899,761
2019,"40706",45,53
2019,"40707",84,85
2019,"40708",155,128
2019,"40709",37,49
2019,"40710",84,81
2019,"40711",460,489
2019,"40712",30,38
2019,"40713",183,259
2019,"40714",249,251
2019,"40715",62,93
2019,"40716",41,40
2019,"40717",117,106
2019,"40718",88,116
2019,"40719",158,186
2019,"40720",292,339
2019,"40801",64,55
2019,"40802",223,266
2019,"40804",23,26
2019,"40805",229,189
2019,"40806",151,138
2019,"40807",55,54
2019,"40808",339,285
2019,"40809",81,80
2019,"40810",24,26
2019,"40811",82,109
2019,"40812",180,139
2019,"40813",82,69
2019,"40814",52,72
2019,"40815",36,51
2019,"40816",46,61
2019,"40817",55,39
2019,"40818",84,86
2019,"40820",12,30
2019,"40821",14,21
2019,"40822",68,142
2019,"40823",30,50
2019,"40824",57,49
2019,"40825",63,62
2019,"40826",16,19
2019,"40827",154,151
2019,"40828",37,42
2019,"40829",85,87
2019,"40830",46,56
2019,"40831",129,143
2019,"40832",166,122
2019,"40833",66,97
2019,"40834",23,24
2019,"40835",288,163
2019,"40901",24,39
2019,"40902",172,184
2019,"40903",46,49
2019,"40904",100,99
2019,"40905",363,312
2019,"40906",56,53
2019,"40907",296,251
2019,"40908",277,284
2019,"40909",88,124
2019,"40910",84,97
2019,"40911",8,10
2019,"40912",187,191
2019,"40913",168,93
2019,"40914",21,41
2019,"40915",70,67
2019,"40916",9,8
2019,"40917",133,163
2019,"40918",106,99
2019,"40919",28,16
2019,"40920",100,115
2019,"40921",42,37
2019,"40922",123,151
2019,"40923",121,136
2019,"41001",37,57
2019,"41002",1192,959
2019,"41003",419,440
2019,"41004",121,40
2019,"41005",640,825
2019,"41006",62,64
2019,"41007",386,287
2019,"41008",104,72
2019,"41009",170,162
2019,"41010",118,114
2019,"41011",182,178
2019,"41012",1854,1950
2019,"41013",244,230
2019,"41014",374,306
2019,"41015",78,82
2019,"41016",75,80
2019,"41017",601,618
2019,"41018",62,83
2019,"41019",197,202
2019,"41020",232,209
2019,"41021",1543,1603
2019,"41022",235,248
2019,"41101",43,62
2019,"41102",68,60
2019,"41103",114,80
2019,"41104",13,36
2019,"41105",101,104
2019,"41106",132,125
2019,"41107",34,38
2019,"41108",267,310
2019,"41109",147,179
2019,"41110",278,248
2019,"41111",356,309
2019,"41112",51,63
2019,"41113",68,89
2019,"41114",135,161
2019,"41115",20,50
2019,"41116",506,371
2019,"41117",21,32
2019,"41118",236,203
2019,"41119",51,53
2019,"41120",280,207
2019,"41121",54,60
2019,"41122",29,38
2019,"41123",78,99
2019,"41124",219,222
2019,"41125",60,100
2019,"41126",49,67
2019,"41201",33,40
2019,"41202",59,79
2019,"41203",150,144
2019,"41204",160,115
2019,"41205",69,30
2019,"41206",18,11
2019,"41207",75,91
2019,"41208",51,66
2019,"41209",108,115
2019,"41210",23,37
2019,"41211",22,24
2019,"41212",50,50
2019,"41213",67,94
2019,"41214",133,128
2019,"41215",90,89
2019,"41216",10,6
2019,"41217",22,25
2019,"41218",139,122
2019,"41219",120,150
2019,"41220",62,60
2019,"41221",57,35
2019,"41222",15,29
2019,"41223",41,40
2019,"41224",76,55
2019,"41225",990,874
2019,"41226",20,16
2019,"41227",25,22
2019,"41228",116,114
2019,"41229",40,46
2019,"41230",39,56
2019,"41231",78,85
2019,"41232",56,70
2019,"41233",98,75
2019,"41234",95,87
2019,"41235",26,31
2019,"41236",14,30
2019,"41304",100,93
2019,"41305",13,28
2019,"41306",5,8
2019,"41307",17,18
2019,"41309",133,94
2019,"41311",6,10
2019,"41312",38,55
2019,"41313",48,63
2019,"41314",29,34
2019,"41315",42,54
2019,"41316",129,50
2019,"41317",37,36
2019,"41318",71,65
2019,"41319",22,31
2019,"41320",12,16
2019,"41321",61,89
2019,"41322",24,39
2019,"41323",47,60
2019,"41324",28,32
2019,"41325",49,65
2019,"41326",27,32
2019,"41327",17,46
2019,"41328",41,39
2019,"41329",24,37
2019,"41331",29,44
2019,"41332",122,174
2019,"41333",16,23
2019,"41334",50,57
2019,"41336",16,14
2019,"41337",51,36
2019,"41338",55,67
2019,"41341",24,30
2019,"41342",137,104
2019,"41343",155,102
2019,"41344",275,202
2019,"41345",35,75
2019,"41346",32,28
2019,"41401",28,20
2019,"41402",221,205
2019,"41403",103,102
2019,"41404",45,79
2019,"41405",40,51
2019,"41406",48,37
2019,"41407",38,35
2019,"41408",57,55
2019,"41409",82,58
2019,"41410",31,52
2019,"41411",46,78
2019,"41412",3,6
2019,"41413",71,101
2019,"41414",87,99
2019,"41415",68,70
2019,"41416",109,112
2019,"41417",33,46
2019,"41418",133,206
2019,"41419",75,77
2019,"41420",34,32
2019,"41421",30,31
2019,"41422",354,329
2019,"41423",43,64
2019,"41424",25,33
2019,"41425",251,132
2019,"41426",117,103
2019,"41427",11,24
2019,"41428",24,27
2019,"41429",70,69
2019,"41430",73,60
2019,"41501",98,107
2019,"41502",79,74
2019,"41503",418,276
2019,"41504",164,133
2019,"41505",51,72
2019,"41506",408,386
2019,"41507",85,92
2019,"41508",24,50
2019,"41509",57,46
2019,"41510",51,61
2019,"41511",135,129
2019,"41512",69,67
2019,"41513",84,77
2019,"41514",109,95
2019,"41515",78,54
2019,"41516",458,407
2019,"41517",107,130
2019,"41518",149,124
2019,"41521",133,116
2019,"41522",99,140
2019,"41601",158,141
2019,"41602",184,147
2019,"41603",216,194
2019,"41604",98,76
2019,"41605",464,456
2019,"41606",253,240
2019,"41607",429,366
2019,"41608",20,45
2019,"41609",211,201
2019,"41610",36,35
2019,"41611",123,118
2019,"41612",135,63
2019,"41613",106,104
2019,"41614",152,122
2019,"41615",104,114
2019,"41616",23,12
2019,"41617",228,250
2019,"41618",263,228
2019,"41619",81,60
2019,"41620",43,70
2019,"41621",46,59
2019,"41622",44,50
2019,"41623",47,32
2019,"41624",222,196
2019,"41626",233,195
2019,"41627",72,78
2019,"41628",99,80
2019,"41701",129,147
2019,"41702",93,87
2019,"41703",506,544
2019,"41704",43,41
2019,"41705",57,82
2019,"41706",27,32
2019,"41707",90,84
2019,"41708",23,43
2019,"41709",147,159
2019,"41710",168,178
2019,"41711",101,132
2019,"41712",41,56
2019,"41713",350,312
2019,"41714",22,39
2019,"41715",328,285
2019,"41716",92,105
2019,"41717",22,45
2019,"41718",78,62
2019,"41719",97,89
2019,"41720",76,88
2019,"41721",43,58
2019,"41722",139,213
2019,"41723",86,56
2019,"41724",13,15
2019,"41725",22,16
2019,"41726",95,112
2019,"41727",39,64
2019,"41728",16,12
2019,"41729",33,39
2019,"41730",88,55
2019,"41731",356,402
2019,"41732",161,101
2019,"41733",10,12
2019,"41734",345,819
2019,"41735",111,131
2019,"41736",110,89
2019,"41737",200,205
2019,"41738",306,331
2019,"41739",247,259
2019,"41740",46,50
2019,"41741",77,88
2019,"41742",183,229
2019,"41743",437,282
2019,"41744",52,73
2019,"41745",104,64
2019,"41746",883,842
2019,"41747",318,188
2019,"41748",24,26
2019,"41749",50,73
2019,"41750",108,101
2019,"41751",71,53
2019,"41752",69,68
2019,"41801",23,20
2019,"41802",45,37
2019,"41803",109,96
2019,"41804",170,194
2019,"41805",140,97
2019,"41806",135,137
2019,"41807",49,38
2019,"41808",319,218
2019,"41809",43,46
2019,"41810",94,113
2019,"41811",308,307
2019,"41812",786,603
2019,"41813",44,36
2019,"41814",78,77
2019,"41815",34,32
2019,"41816",144,168
2019,"41817",111,162
2019,"41818",75,63
2019,"41819",132,77
2019,"41820",245,292
2019,"41821",73,99
2019,"41822",122,91
2019,"41823",331,354
2019,"41824",136,165
2019,"50101",5264,5805
2019,"50201",105,160
2019,"50202",158,147
2019,"50203",46,55
2019,"50204",185,183
2019,"50205",888,979
2019,"50206",21,38
2019,"50207",290,284
2019,"50208",311,205
2019,"50209",401,355
2019,"50210",19,13
2019,"50211",57,62
2019,"50212",55,26
2019,"50213",86,120
2019,"50301",269,258
2019,"50302",141,171
2019,"50303",503,684
2019,"50304",71,69
2019,"50305",274,251
2019,"50306",65,66
2019,"50307",46,46
2019,"50308",163,137
2019,"50309",332,329
2019,"50310",352,305
2019,"50311",67,93
2019,"50312",89,118
2019,"50313",34,38
2019,"50314",364,383
2019,"50315",126,109
2019,"50316",220,219
2019,"50317",213,254
2019,"50318",22,10
2019,"50319",207,219
2019,"50320",107,115
2019,"50321",183,142
2019,"50322",177,220
2019,"50323",169,139
2019,"50324",394,364
2019,"50325",81,77
2019,"50326",299,321
2019,"50327",264,228
2019,"50328",51,75
2019,"50329",107,117
2019,"50330",138,170
2019,"50331",42,32
2019,"50332",81,116
2019,"50335",332,342
2019,"50336",118,133
2019,"50337",217,241
2019,"50338",680,602
2019,"50339",568,547
2019,"50401",230,211
2019,"50402",226,282
2019,"50403",138,178
2019,"50404",396,459
2019,"50405",62,74
2019,"50406",173,145
2019,"50407",43,54
2019,"50408",105,122
2019,"50409",4,16
2019,"50410",92,77
2019,"50411",52,98
2019,"50412",49,81
2019,"50413",11,21
2019,"50414",17,24
2019,"50415",65,49
2019,"50416",121,67
2019,"50417",194,190
2019,"50418",505,444
2019,"50419",66,46
2019,"50420",168,168
2019,"50421",186,225
2019,"50422",18,28
2019,"50423",94,142
2019,"50424",145,132
2019,"50425",28,49
2019,"50501",3,6
2019,"50502",4,17
2019,"50503",68,56
2019,"50504",60,79
2019,"50505",9,27
2019,"50506",23,36
2019,"50507",25,25
2019,"50508",21,31
2019,"50509",97,119
2019,"50510",274,275
2019,"50511",8,4
2019,"50512",9,29
2019,"50513",31,30
2019,"50514",6,4
2019,"50515",8,20
2019,"50601",80,90
2019,"50602",237,231
2019,"50603",5,20
2019,"50604",39,33
2019,"50605",48,46
2019,"50606",136,181
2019,"50607",22,32
2019,"50608",73,109
2019,"50609",148,118
2019,"50610",85,68
2019,"50611",183,179
2019,"50612",45,72
2019,"50613",243,213
2019,"50614",80,62
2019,"50615",79,87
2019,"50616",136,148
2019,"50617",39,62
2019,"50618",100,114
2019,"50619",462,625
2019,"50620",54,53
2019,"50621",51,55
2019,"50622",94,121
2019,"50623",46,45
2019,"50624",111,138
2019,"50625",30,39
2019,"50626",40,39
2019,"50627",8,17
2019,"50628",566,595
2019,"60101",11501,12476
2019,"60305",171,162
2019,"60318",191,168
2019,"60323",88,85
2019,"60324",109,97
2019,"60326",66,75
2019,"60329",59,45
2019,"60341",81,74
2019,"60344",569,580
2019,"60345",245,259
2019,"60346",189,194
2019,"60347",186,164
2019,"60348",150,169
2019,"60349",187,173
2019,"60350",432,357
2019,"60351",207,231
2019,"60608",611,473
2019,"60611",310,249
2019,"60613",599,515
2019,"60617",402,270
2019,"60618",86,83
2019,"60619",280,212
2019,"60623",128,114
2019,"60624",858,470
2019,"60626",123,176
2019,"60628",224,198
2019,"60629",355,275
2019,"60632",257,154
2019,"60639",71,69
2019,"60641",80,69
2019,"60642",96,100
2019,"60645",117,133
2019,"60646",119,134
2019,"60647",31,26
2019,"60648",108,115
2019,"60651",96,120
2019,"60653",192,238
2019,"60654",169,118
2019,"60655",161,147
2019,"60656",125,96
2019,"60659",276,298
2019,"60660",184,180
2019,"60661",355,262
2019,"60662",262,211
2019,"60663",226,224
2019,"60664",599,656
2019,"60665",361,277
2019,"60666",112,128
2019,"60667",339,231
2019,"60668",143,147
2019,"60669",863,730
2019,"60670",515,396
2019,"61001",111,62
2019,"61002",98,79
2019,"61007",67,58
2019,"61008",87,77
2019,"61012",215,198
2019,"61013",107,95
2019,"61016",97,82
2019,"61017",94,75
2019,"61019",44,45
2019,"61020",91,95
2019,"61021",148,126
2019,"61024",98,107
2019,"61027",78,84
2019,"61030",77,67
2019,"61032",75,80
2019,"61033",133,111
2019,"61043",232,154
2019,"61045",636,486
2019,"61049",150,200
2019,"61050",191,200
2019,"61051",110,142
2019,"61052",135,125
2019,"61053",977,949
2019,"61054",97,116
2019,"61055",100,62
2019,"61057",83,103
2019,"61059",420,359
2019,"61060",170,177
2019,"61061",349,319
2019,"61101",77,114
2019,"61105",27,41
2019,"61106",97,78
2019,"61107",72,39
2019,"61108",1285,1385
2019,"61109",80,59
2019,"61110",147,140
2019,"61111",69,55
2019,"61112",8,21
2019,"61113",121,138
2019,"61114",122,123
2019,"61115",80,72
2019,"61116",36,60
2019,"61118",363,212
2019,"61119",19,29
2019,"61120",451,427
2019,"61203",128,94
2019,"61204",90,90
2019,"61205",27,40
2019,"61206",49,52
2019,"61207",225,221
2019,"61213",198,170
2019,"61215",41,64
2019,"61217",90,123
2019,"61222",100,73
2019,"61236",55,87
2019,"61243",82,106
2019,"61247",138,159
2019,"61251",9,19
2019,"61252",52,51
2019,"61253",181,134
2019,"61254",53,50
2019,"61255",176,215
2019,"61256",46,48
2019,"61257",152,176
2019,"61258",58,72
2019,"61259",447,460
2019,"61260",39,60
2019,"61261",47,68
2019,"61262",95,82
2019,"61263",227,323
2019,"61264",69,84
2019,"61265",206,292
2019,"61266",48,58
2019,"61267",138,164
2019,"61410",21,17
2019,"61413",17,33
2019,"61425",48,53
2019,"61428",32,40
2019,"61437",14,16
2019,"61438",171,159
2019,"61439",145,129
2019,"61440",59,55
2019,"61441",17,32
2019,"61442",45,79
2019,"61443",44,58
2019,"61444",86,63
2019,"61445",79,49
2019,"61446",88,71
2019,"61611",98,125
2019,"61612",125,133
2019,"61615",164,138
2019,"61618",140,147
2019,"61621",34,22
2019,"61624",155,107
2019,"61625",588,518
2019,"61626",294,263
2019,"61627",54,50
2019,"61628",50,71
2019,"61629",30,32
2019,"61630",68,57
2019,"61631",506,579
2019,"61632",142,166
2019,"61633",202,183
2019,"61701",160,121
2019,"61708",29,44
2019,"61710",42,46
2019,"61711",17,22
2019,"61716",116,128
2019,"61719",158,190
2019,"61727",164,172
2019,"61728",11,24
2019,"61729",92,98
2019,"61730",107,85
2019,"61731",56,66
2019,"61740",29,57
2019,"61741",38,48
2019,"61743",23,21
2019,"61744",12,14
2019,"61745",34,41
2019,"61746",182,172
2019,"61748",222,194
2019,"61750",49,51
2019,"61751",111,110
2019,"61756",103,155
2019,"61757",127,148
2019,"61758",52,55
2019,"61759",63,69
2019,"61760",756,628
2019,"61761",60,58
2019,"61762",119,108
2019,"61763",152,139
2019,"61764",130,138
2019,"61765",273,229
2019,"61766",675,599
2019,"62007",394,355
2019,"62008",32,48
2019,"62010",10,14
2019,"62014",77,68
2019,"62021",2,14
2019,"62026",23,28
2019,"62032",43,47
2019,"62034",59,42
2019,"62036",55,46
2019,"62038",364,433
2019,"62039",80,90
2019,"62040",545,556
2019,"62041",625,692
2019,"62042",91,86
2019,"62043",130,127
2019,"62044",68,66
2019,"62045",122,76
2019,"62046",83,101
2019,"62047",200,248
2019,"62048",143,164
2019,"62105",35,61
2019,"62115",250,194
2019,"62116",157,128
2019,"62125",90,79
2019,"62128",289,193
2019,"62131",57,59
2019,"62132",53,51
2019,"62135",52,62
2019,"62138",112,94
2019,"62139",841,846
2019,"62140",870,1139
2019,"62141",353,335
2019,"62142",81,121
2019,"62143",288,386
2019,"62144",55,106
2019,"62145",210,207
2019,"62146",235,151
2019,"62147",111,104
2019,"62148",63,80
2019,"62202",72,70
2019,"62205",58,84
2019,"62206",83,101
2019,"62209",64,43
2019,"62211",138,89
2019,"62214",70,74
2019,"62216",49,52
2019,"62219",481,373
2019,"62220",66,99
2019,"62226",84,79
2019,"62232",63,67
2019,"62233",121,155
2019,"62235",53,73
2019,"62242",20,24
2019,"62244",184,127
2019,"62245",26,55
2019,"62247",33,53
2019,"62252",99,56
2019,"62256",93,107
2019,"62262",32,34
2019,"62264",176,161
2019,"62265",53,76
2019,"62266",89,108
2019,"62267",403,353
2019,"62268",149,92
2019,"62269",106,102
2019,"62270",61,77
2019,"62271",169,162
2019,"62272",156,110
2019,"62273",59,88
2019,"62274",111,123
2019,"62275",133,208
2019,"62276",71,79
2019,"62277",82,99
2019,"62278",108,106
2019,"62279",36,41
2019,"62311",43,58
2019,"62314",57,60
2019,"62326",62,57
2019,"62330",58,51
2019,"62332",41,44
2019,"62335",29,44
2019,"62343",80,54
2019,"62368",55,48
2019,"62372",50,47
2019,"62375",199,268
2019,"62376",178,117
2019,"62377",73,86
2019,"62378",244,286
2019,"62379",579,639
2019,"62380",159,192
2019,"62381",120,119
2019,"62382",237,182
2019,"62383",218,193
2019,"62384",138,125
2019,"62385",76,109
2019,"62386",187,197
2019,"62387",73,50
2019,"62388",130,96
2019,"62389",102,148
2019,"62390",105,142
2019,"70101",4620,6009
2019,"70201",104,119
2019,"70202",176,141
2019,"70203",479,423
2019,"70204",14,21
2019,"70205",10,32
2019,"70206",19,9
2019,"70207",31,38
2019,"70208",114,134
2019,"70209",171,148
2019,"70210",23,17
2019,"70211",74,70
2019,"70212",74,88
2019,"70213",97,77
2019,"70214",90,71
2019,"70215",125,100
2019,"70216",90,79
2019,"70217",21,31
2019,"70218",58,83
2019,"70219",84,91
2019,"70220",76,122
2019,"70221",127,91
2019,"70222",93,138
2019,"70223",115,100
2019,"70224",75,64
2019,"70301",322,310
2019,"70302",168,188
2019,"70303",117,117
2019,"70304",282,249
2019,"70305",46,54
2019,"70306",91,72
2019,"70307",35,32
2019,"70308",45,43
2019,"70309",81,86
2019,"70310",191,178
2019,"70311",12,41
2019,"70312",198,189
2019,"70313",77,89
2019,"70314",9,17
2019,"70315",61,48
2019,"70317",12,22
2019,"70318",68,75
2019,"70319",182,142
2019,"70320",122,132
2019,"70322",62,89
2019,"70323",29,41
2019,"70325",71,60
2019,"70326",122,124
2019,"70328",89,104
2019,"70329",200,195
2019,"70331",114,115
2019,"70332",115,100
2019,"70333",51,57
2019,"70334",146,168
2019,"70335",71,90
2019,"70336",10,7
2019,"70337",99,118
2019,"70338",69,44
2019,"70339",65,67
2019,"70340",48,54
2019,"70342",61,63
2019,"70343",43,46
2019,"70344",170,152
2019,"70345",107,102
2019,"70346",498,486
2019,"70347",4,9
2019,"70348",47,73
2019,"70349",10,15
2019,"70350",87,98
2019,"70351",151,182
2019,"70352",27,44
2019,"70353",84,89
2019,"70354",905,756
2019,"70355",162,160
2019,"70356",56,74
2019,"70357",656,597
2019,"70358",208,195
2019,"70359",42,32
2019,"70360",107,55
2019,"70361",45,16
2019,"70362",11,17
2019,"70364",378,320
2019,"70365",210,218
2019,"70366",34,34
2019,"70367",426,350
2019,"70368",50,26
2019,"70369",335,404
2019,"70370",154,115
2019,"70401",35,60
2019,"70402",64,69
2019,"70403",260,211
2019,"70404",95,85
2019,"70405",65,56
2019,"70406",165,159
2019,"70407",47,41
2019,"70408",34,62
2019,"70409",120,162
2019,"70410",137,208
2019,"70411",292,331
2019,"70412",115,111
2019,"70413",141,111
2019,"70414",52,63
2019,"70415",40,39
2019,"70416",392,438
2019,"70417",72,64
2019,"70418",30,26
2019,"70419",65,69
2019,"70420",94,111
2019,"70501",31,53
2019,"70502",54,42
2019,"70503",195,136
2019,"70504",28,31
2019,"70505",106,157
2019,"70506",159,175
2019,"70508",196,196
2019,"70509",87,101
2019,"70510",35,71
2019,"70511",283,324
2019,"70512",218,220
2019,"70513",704,798
2019,"70514",269,209
2019,"70515",168,186
2019,"70516",58,19
2019,"70517",164,115
2019,"70518",108,87
2019,"70519",6,17
2019,"70520",173,121
2019,"70521",90,71
2019,"70522",159,178
2019,"70523",18,16
2019,"70524",60,52
2019,"70525",83,86
2019,"70526",85,114
2019,"70527",76,87
2019,"70528",58,66
2019,"70529",66,82
2019,"70530",104,125
2019,"70531",620,672
2019,"70601",21,13
2019,"70602",13,6
2019,"70603",41,49
2019,"70604",106,101
2019,"70605",25,45
2019,"70606",14,27
2019,"70607",58,66
2019,"70608",33,47
2019,"70609",40,61
2019,"70610",6,11
2019,"70611",11,18
2019,"70612",16,19
2019,"70613",11,10
2019,"70614",273,307
2019,"70615",19,23
2019,"70616",32,46
2019,"70617",64,92
2019,"70618",25,32
2019,"70619",100,93
2019,"70620",53,91
2019,"70621",53,83
2019,"70622",55,57
2019,"70623",21,29
2019,"70624",29,25
2019,"70625",1,3
2019,"70626",24,17
2019,"70627",56,26
2019,"70628",9,15
2019,"70629",20,20
2019,"70630",133,140
2019,"70701",14,21
2019,"70702",22,35
2019,"70703",24,28
2019,"70704",29,30
2019,"70705",36,53
2019,"70706",10,8
2019,"70707",92,120
2019,"70708",39,31
2019,"70709",10,21
2019,"70710",13,26
2019,"70711",34,40
2019,"70712",25,24
2019,"70713",18,17
2019,"70714",15,8
2019,"70715",28,28
2019,"70716",582,512
2019,"70717",112,88
2019,"70718",30,40
2019,"70719",154,133
2019,"70720",27,68
2019,"70721",11,16
2019,"70723",19,17
2019,"70724",12,16
2019,"70725",16,8
2019,"70726",8,24
2019,"70727",2,13
2019,"70728",49,67
2019,"70729",11,27
2019,"70731",25,27
2019,"70732",62,60
2019,"70733",1,5
2019,"70734",40,48
2019,"70735",27,26
2019,"70801",30,24
2019,"70802",20,11
2019,"70803",20,20
2019,"70804",33,33
2019,"70805",61,82
2019,"70806",56,53
2019,"70807",58,59
2019,"70808",33,24
2019,"70809",17,7
2019,"70810",7,3
2019,"70811",24,34
2019,"70812",2,2
2019,"70813",10,23
2019,"70814",22,22
2019,"70815",1,4
2019,"70816",53,58
2019,"70817",10,19
2019,"70818",3,4
2019,"70819",3,1
2019,"70820",82,133
2019,"70821",33,66
2019,"70822",8,7
2019,"70823",1,1
2019,"70824",15,15
2019,"70825",2,6
2019,"70826",89,98
2019,"70827",10,10
2019,"70828",397,303
2019,"70829",10,22
2019,"70830",16,18
2019,"70831",10,20
2019,"70832",42,40
2019,"70833",9,56
2019,"70834",10,11
2019,"70835",47,57
2019,"70836",44,44
2019,"70837",5,5
2019,"70901",69,94
2019,"70902",76,91
2019,"70903",3,5
2019,"70904",41,38
2019,"70905",109,115
2019,"70907",176,188
2019,"70908",50,49
2019,"70909",225,258
2019,"70910",97,59
2019,"70911",27,24
2019,"70912",17,29
2019,"70913",20,16
2019,"70914",23,27
2019,"70915",71,69
2019,"70916",27,60
2019,"70917",374,351
2019,"70918",45,63
2019,"70920",160,150
2019,"70921",51,41
2019,"70922",90,83
2019,"70923",76,88
2019,"70924",11,17
2019,"70925",92,76
2019,"70926",684,563
2019,"70927",62,86
2019,"70928",116,114
2019,"70929",17,9
2019,"70930",57,47
2019,"70931",80,77
2019,"70932",12,16
2019,"70933",71,102
2019,"70934",49,78
2019,"70935",94,106
2019,"70936",259,239
2019,"70937",135,109
2019,"70938",49,71
2019,"70939",84,89
2019,"70940",76,91
2019,"70941",35,23
2019,"80101",111,157
2019,"80102",14,24
2019,"80103",907,836
2019,"80104",190,188
2019,"80105",21,47
2019,"80106",257,195
2019,"80107",32,37
2019,"80108",62,70
2019,"80109",26,13
2019,"80110",34,62
2019,"80111",75,59
2019,"80112",28,38
2019,"80113",58,64
2019,"80114",21,23
2019,"80115",264,186
2019,"80116",319,323
2019,"80117",253,256
2019,"80118",22,38
2019,"80119",37,45
2019,"80120",78,89
2019,"80121",25,44
2019,"80122",253,263
2019,"80123",27,36
2019,"80124",13,32
2019,"80125",11,30
2019,"80126",113,145
2019,"80127",20,33
2019,"80128",99,129
2019,"80129",143,131
2019,"80201",106,118
2019,"80202",110,126
2019,"80203",67,62
2019,"80204",87,123
2019,"80205",23,35
2019,"80206",43,40
2019,"80207",1438,1677
2019,"80208",23,7
2019,"80209",13,17
2019,"80210",23,42
2019,"80211",152,123
2019,"80212",16,15
2019,"80213",200,218
2019,"80214",88,73
2019,"80215",607,693
2019,"80216",86,92
2019,"80217",320,318
2019,"80218",322,271
2019,"80219",88,77
2019,"80220",81,103
2019,"80221",55,63
2019,"80222",84,64
2019,"80223",48,75
2019,"80224",520,588
2019,"80225",93,73
2019,"80226",487,287
2019,"80227",56,60
2019,"80228",36,91
2019,"80229",17,21
2019,"80230",45,52
2019,"80231",29,50
2019,"80232",18,32
2019,"80233",24,42
2019,"80234",6,12
2019,"80235",196,237
2019,"80236",69,76
2019,"80237",16,10
2019,"80238",73,78
2019,"80239",5,6
2019,"80240",538,452
2019,"80301",2172,2226
2019,"80302",822,816
2019,"80303",1099,900
2019,"80401",352,367
2019,"80402",11,15
2019,"80403",6,13
2019,"80404",1727,1667
2019,"80405",384,358
2019,"80406",21,37
2019,"80407",147,178
2019,"80408",723,752
2019,"80409",205,209
2019,"80410",296,241
2019,"80411",15,17
2019,"80412",239,203
2019,"80413",135,123
2019,"80414",627,611
2019,"80415",7,23
2019,"80416",288,116
2019,"80417",146,154
2019,"80418",181,147
2019,"80419",41,40
2019,"80420",172,178
2019,"80421",36,38
2019,"80422",18,9
2019,"80423",154,137
2019,"80424",197,243
2019,"90101",1040,1393
2019,"90201",10071,10414
2019,"90301",8342,9265
2019,"90401",3580,4062
2019,"90501",5918,6823
2019,"90601",3824,4395
2019,"90701",3213,3829
2019,"90801",3178,4512
2019,"90901",5071,5965
2019,"91001",17238,16697
2019,"91101",7942,7478
2019,"91201",9226,10611
2019,"91301",3956,3901
2019,"91401",8006,7959
2019,"91501",9093,10782
2019,"91601",9954,11779
2019,"91701",5716,6708
2019,"91801",4708,5223
2019,"91901",6448,5659
2019,"92001",7833,9268
2019,"92101",11761,10465
2019,"92201",12283,9583
2019,"92301",9411,5680
2020,"10101",1013,959
2020,"10201",92,55
2020,"10301",105,86
2020,"10302",85,82
2020,"10303",108,95
2020,"10304",176,143
2020,"10305",97,43
2020,"10306",45,39
2020,"10307",81,56
2020,"10308",60,49
2020,"10309",262,168
2020,"10310",51,51
2020,"10311",75,56
2020,"10312",115,82
2020,"10313",92,77
2020,"10314",67,57
2020,"10315",167,115
2020,"10316",246,100
2020,"10317",83,78
2020,"10318",100,77
2020,"10319",71,83
2020,"10320",14,14
2020,"10321",33,29
2020,"10322",61,40
2020,"10323",71,31
2020,"10401",49,40
2020,"10402",48,41
2020,"10403",27,27
2020,"10404",40,34
2020,"10405",200,154
2020,"10406",39,22
2020,"10407",24,32
2020,"10408",97,56
2020,"10409",25,25
2020,"10410",19,32
2020,"10411",71,34
2020,"10412",28,40
2020,"10413",65,52
2020,"10414",190,137
2020,"10415",67,43
2020,"10416",72,54
2020,"10417",57,76
2020,"10418",18,20
2020,"10419",20,27
2020,"10420",7,8
2020,"10421",23,8
2020,"10422",11,11
2020,"10423",3,2
2020,"10424",5,11
2020,"10425",10,9
2020,"10426",10,20
2020,"10427",30,14
2020,"10428",9,15
2020,"10501",64,80
2020,"10502",33,54
2020,"10503",73,55
2020,"10504",174,123
2020,"10505",35,22
2020,"10506",61,57
2020,"10507",37,25
2020,"10508",73,97
2020,"10509",48,66
2020,"10510",26,28
2020,"10511",50,27
2020,"10512",11,9
2020,"10601",56,52
2020,"10602",103,95
2020,"10603",40,50
2020,"10604",51,48
2020,"10605",90,79
2020,"10606",397,309
2020,"10607",414,249
2020,"10608",24,21
2020,"10609",129,128
2020,"10610",94,98
2020,"10611",163,128
2020,"10612",97,88
2020,"10613",46,30
2020,"10614",28,28
2020,"10615",110,123
2020,"10616",30,36
2020,"10617",33,36
2020,"10618",64,63
2020,"10619",24,18
2020,"10701",49,44
2020,"10702",28,36
2020,"10703",146,195
2020,"10704",21,18
2020,"10705",159,109
2020,"10706",52,29
2020,"10707",131,97
2020,"10708",54,60
2020,"10709",36,51
2020,"10710",58,66
2020,"10711",104,79
2020,"10712",64,89
2020,"10713",400,448
2020,"10714",100,81
2020,"10715",38,22
2020,"10716",33,28
2020,"10717",376,216
2020,"10718",79,57
2020,"10719",64,43
2020,"10720",33,44
2020,"10721",42,35
2020,"10722",124,90
2020,"10723",74,41
2020,"10724",77,68
2020,"10725",28,35
2020,"10726",31,24
2020,"10727",16,29
2020,"10801",144,94
2020,"10802",46,41
2020,"10803",31,48
2020,"10804",45,40
2020,"10805",108,95
2020,"10806",21,15
2020,"10807",59,62
2020,"10808",84,55
2020,"10809",62,53
2020,"10810",33,51
2020,"10811",70,84
2020,"10812",78,63
2020,"10813",42,47
2020,"10814",46,41
2020,"10815",95,37
2020,"10816",265,176
2020,"10817",48,56
2020,"10818",24,16
2020,"10819",72,22
2020,"10820",39,44
2020,"10821",49,49
2020,"10822",80,69
2020,"10823",60,64
2020,"10824",18,30
2020,"10825",34,35
2020,"10826",22,27
2020,"10827",12,10
2020,"10828",18,29
2020,"10901",86,97
2020,"10902",101,94
2020,"10903",36,37
2020,"10904",35,45
2020,"10905",191,149
2020,"10906",32,24
2020,"10907",57,60
2020,"10908",112,90
2020,"10909",37,44
2020,"10910",53,43
2020,"10911",21,44
2020,"10912",78,76
2020,"10913",39,27
2020,"10914",53,51
2020,"10915",50,38
2020,"10916",104,83
2020,"10917",496,403
2020,"10918",339,294
2020,"10919",151,96
2020,"10920",84,83
2020,"10921",59,61
2020,"10922",27,37
2020,"10923",90,74
2020,"10924",30,31
2020,"10925",40,48
2020,"10926",51,38
2020,"10927",33,29
2020,"10928",86,63
2020,"10929",18,30
2020,"10930",38,24
2020,"10931",2,7
2020,"10932",16,9
2020,"20101",4299,3934
2020,"20201",2772,2572
2020,"20302",32,36
2020,"20305",172,191
2020,"20306",122,88
2020,"20307",103,93
2020,"20316",55,51
2020,"20320",37,43
2020,"20321",16,33
2020,"20402",426,405
2020,"20403",134,106
2020,"20405",324,255
2020,"20409",164,142
2020,"20412",102,112
2020,"20414",187,149
2020,"20415",250,228
2020,"20416",76,72
2020,"20417",191,141
2020,"20418",201,170
2020,"20419",108,93
2020,"20421",287,278
2020,"20424",137,156
2020,"20425",165,127
2020,"20428",46,35
2020,"20432",123,140
2020,"20435",104,98
2020,"20441",9,19
2020,"20442",217,155
2020,"20501",227,247
2020,"20502",110,116
2020,"20503",27,36
2020,"20504",66,58
2020,"20505",233,229
2020,"20506",30,22
2020,"20508",41,53
2020,"20509",58,58
2020,"20511",47,67
2020,"20512",100,88
2020,"20513",83,54
2020,"20515",188,147
2020,"20518",41,68
2020,"20519",51,44
2020,"20520",90,55
2020,"20523",195,226
2020,"20527",577,726
2020,"20530",94,85
2020,"20531",97,115
2020,"20534",142,164
2020,"20601",57,112
2020,"20602",67,79
2020,"20603",34,38
2020,"20604",58,63
2020,"20605",20,19
2020,"20607",39,44
2020,"20608",96,96
2020,"20609",44,41
2020,"20610",15,34
2020,"20611",33,49
2020,"20613",30,27
2020,"20616",63,75
2020,"20618",18,21
2020,"20619",50,65
2020,"20620",138,126
2020,"20622",16,20
2020,"20624",72,56
2020,"20625",56,62
2020,"20627",62,75
2020,"20630",190,179
2020,"20631",35,56
2020,"20632",39,60
2020,"20633",91,86
2020,"20634",346,271
2020,"20635",568,674
2020,"20636",23,54
2020,"20637",73,79
2020,"20638",37,40
2020,"20639",22,19
2020,"20640",58,48
2020,"20642",48,58
2020,"20643",116,120
2020,"20644",58,61
2020,"20701",96,56
2020,"20702",313,313
2020,"20703",35,43
2020,"20705",82,75
2020,"20707",31,16
2020,"20708",28,45
2020,"20710",78,93
2020,"20711",451,390
2020,"20712",56,35
2020,"20713",40,50
2020,"20719",67,58
2020,"20720",237,200
2020,"20721",94,68
2020,"20722",170,168
2020,"20723",49,38
2020,"20724",398,246
2020,"20725",480,357
2020,"20726",175,169
2020,"20727",301,292
2020,"20801",249,260
2020,"20802",22,24
2020,"20803",315,302
2020,"20804",64,72
2020,"20805",81,102
2020,"20806",90,81
2020,"20807",44,50
2020,"20808",138,136
2020,"20810",52,39
2020,"20812",87,72
2020,"20813",369,305
2020,"20815",62,63
2020,"20817",454,458
2020,"20901",166,163
2020,"20905",142,166
2020,"20909",82,99
2020,"20911",33,32
2020,"20912",39,60
2020,"20913",476,478
2020,"20914",69,86
2020,"20918",115,135
2020,"20923",817,806
2020,"21001",38,53
2020,"21002",640,577
2020,"21003",115,106
2020,"21004",48,53
2020,"21005",98,93
2020,"21006",465,748
2020,"21007",82,85
2020,"21008",80,104
2020,"21009",187,228
2020,"21010",81,118
2020,"30101",1357,1516
2020,"30201",2719,2422
2020,"30301",366,425
2020,"30401",2902,2505
2020,"30501",90,71
2020,"30502",941,1197
2020,"30503",121,119
2020,"30504",130,177
2020,"30506",122,127
2020,"30507",92,95
2020,"30508",154,167
2020,"30509",101,76
2020,"30510",28,25
2020,"30511",51,80
2020,"30512",56,62
2020,"30514",257,231
2020,"30515",127,153
2020,"30516",36,38
2020,"30517",155,129
2020,"30520",130,100
2020,"30521",75,77
2020,"30522",177,132
2020,"30524",22,47
2020,"30526",15,10
2020,"30527",149,93
2020,"30529",122,102
2020,"30530",197,188
2020,"30531",438,456
2020,"30532",109,126
2020,"30533",172,217
2020,"30534",84,71
2020,"30536",50,41
2020,"30538",94,50
2020,"30539",85,71
2020,"30541",123,55
2020,"30542",83,75
2020,"30543",73,102
2020,"30544",82,88
2020,"30601",140,130
2020,"30602",149,164
2020,"30603",756,576
2020,"30604",1383,1441
2020,"30605",472,419
2020,"30607",694,554
2020,"30608",214,211
2020,"30609",26,31
2020,"30612",87,102
2020,"30613",79,87
2020,"30614",61,49
2020,"30615",360,250
2020,"30616",84,86
2020,"30618",329,392
2020,"30620",330,266
2020,"30621",194,141
2020,"30623",257,202
2020,"30625",158,192
2020,"30626",482,374
2020,"30627",143,182
2020,"30629",91,97
2020,"30631",85,92
2020,"30633",84,58
2020,"30635",73,84
2020,"30636",61,84
2020,"30637",96,96
2020,"30639",1237,1948
2020,"30641",161,144
2020,"30645",91,89
2020,"30646",158,122
2020,"30701",21,26
2020,"30702",182,81
2020,"30703",34,45
2020,"30704",556,430
2020,"30706",222,157
2020,"30708",51,50
2020,"30709",119,93
2020,"30710",283,252
2020,"30711",99,73
2020,"30712",22,37
2020,"30713",70,50
2020,"30715",17,10
2020,"30716",150,179
2020,"30718",62,60
2020,"30719",60,60
2020,"30721",77,60
2020,"30722",55,32
2020,"30724",100,68
2020,"30726",138,121
2020,"30728",33,38
2020,"30729",244,193
2020,"30730",255,278
2020,"30731",213,185
2020,"30732",461,289
2020,"30733",90,30
2020,"30734",71,79
2020,"30735",235,230
2020,"30736",153,133
2020,"30737",72,67
2020,"30738",54,37
2020,"30739",130,142
2020,"30740",1971,2636
2020,"30741",72,73
2020,"30801",4,4
2020,"30802",6,17
2020,"30803",222,193
2020,"30804",94,75
2020,"30805",168,68
2020,"30808",505,449
2020,"30810",33,49
2020,"30811",92,69
2020,"30812",38,40
2020,"30813",90,55
2020,"30814",87,93
2020,"30817",859,669
2020,"30819",31,13
2020,"30821",618,490
2020,"30822",1,4
2020,"30824",60,41
2020,"30825",50,53
2020,"30826",56,34
2020,"30827",136,89
2020,"30828",33,27
2020,"30829",36,25
2020,"30830",175,118
2020,"30831",154,167
2020,"30834",20,27
2020,"30835",148,151
2020,"30836",41,38
2020,"30838",143,136
2020,"30841",49,67
2020,"30842",131,86
2020,"30844",131,81
2020,"30845",60,50
2020,"30846",9,2
2020,"30848",53,60
2020,"30849",41,25
2020,"30850",70,61
2020,"30852",69,60
2020,"30854",35,59
2020,"30856",806,550
2020,"30857",37,37
2020,"30858",86,84
2020,"30859",24,34
2020,"30860",103,89
2020,"30863",259,190
2020,"30865",38,45
2020,"30902",25,51
2020,"30903",55,65
2020,"30904",21,33
2020,"30906",27,22
2020,"30908",240,319
2020,"30909",68,81
2020,"30910",43,33
2020,"30912",23,16
2020,"30913",26,37
2020,"30915",22,16
2020,"30916",174,185
2020,"30917",19,11
2020,"30920",56,58
2020,"30921",49,49
2020,"30925",130,88
2020,"30929",27,25
2020,"30932",39,42
2020,"30935",179,157
2020,"30939",27,15
2020,"30940",33,45
2020,"30942",106,65
2020,"31001",32,30
2020,"31008",161,113
2020,"31009",80,52
2020,"31014",43,44
2020,"31015",62,46
2020,"31016",43,39
2020,"31018",102,52
2020,"31019",103,61
2020,"31021",47,41
2020,"31022",728,542
2020,"31025",25,27
2020,"31026",70,63
2020,"31028",28,37
2020,"31033",61,44
2020,"31035",54,70
2020,"31036",81,54
2020,"31037",231,181
2020,"31038",58,57
2020,"31041",58,26
2020,"31042",72,37
2020,"31043",92,89
2020,"31051",120,80
2020,"31052",84,84
2020,"31053",129,157
2020,"31101",25,32
2020,"31102",40,37
2020,"31103",46,48
2020,"31104",36,41
2020,"31105",183,159
2020,"31106",130,148
2020,"31107",45,42
2020,"31109",430,325
2020,"31110",34,36
2020,"31111",15,21
2020,"31113",35,20
2020,"31114",27,37
2020,"31117",20,16
2020,"31119",8,10
2020,"31120",47,35
2020,"31121",57,55
2020,"31123",47,41
2020,"31124",99,75
2020,"31129",39,51
2020,"31130",17,31
2020,"31201",264,235
2020,"31202",92,59
2020,"31203",144,147
2020,"31204",72,55
2020,"31205",105,86
2020,"31206",186,125
2020,"31207",144,144
2020,"31208",132,114
2020,"31213",811,847
2020,"31214",383,340
2020,"31215",23,51
2020,"31216",276,200
2020,"31224",40,45
2020,"31226",150,139
2020,"31227",133,113
2020,"31228",38,50
2020,"31229",43,58
2020,"31230",739,792
2020,"31234",56,60
2020,"31235",704,511
2020,"31301",25,19
2020,"31302",25,37
2020,"31303",59,30
2020,"31304",26,37
2020,"31308",135,102
2020,"31309",140,159
2020,"31310",64,99
2020,"31311",155,155
2020,"31315",101,77
2020,"31319",77,61
2020,"31321",26,20
2020,"31322",265,319
2020,"31323",77,36
2020,"31324",92,44
2020,"31326",26,24
2020,"31327",157,192
2020,"31330",31,38
2020,"31333",126,117
2020,"31336",71,51
2020,"31337",125,105
2020,"31338",45,29
2020,"31340",28,40
2020,"31343",88,137
2020,"31344",34,38
2020,"31346",68,49
2020,"31347",97,35
2020,"31350",34,29
2020,"31351",39,37
2020,"31355",83,76
2020,"31356",31,39
2020,"31401",16,15
2020,"31402",113,77
2020,"31403",191,202
2020,"31404",44,71
2020,"31405",47,38
2020,"31406",28,42
2020,"31407",116,150
2020,"31408",27,33
2020,"31409",37,30
2020,"31410",62,74
2020,"31411",61,69
2020,"31412",128,192
2020,"31413",208,192
2020,"31414",85,91
2020,"31502",37,30
2020,"31503",69,99
2020,"31504",58,60
2020,"31505",130,135
2020,"31506",12,16
2020,"31507",88,89
2020,"31508",77,54
2020,"31509",69,95
2020,"31511",84,60
2020,"31513",59,70
2020,"31514",89,101
2020,"31515",51,34
2020,"31516",67,41
2020,"31517",88,81
2020,"31519",40,53
2020,"31520",204,203
2020,"31521",146,126
2020,"31522",97,112
2020,"31523",48,48
2020,"31524",350,295
2020,"31525",62,39
2020,"31527",140,123
2020,"31528",30,35
2020,"31530",117,131
2020,"31531",115,102
2020,"31533",270,217
2020,"31534",87,71
2020,"31535",16,27
2020,"31537",82,107
2020,"31539",124,112
2020,"31540",60,83
2020,"31541",14,22
2020,"31542",59,53
2020,"31543",40,30
2020,"31546",42,27
2020,"31549",356,402
2020,"31550",36,50
2020,"31551",68,84
2020,"31552",88,44
2020,"31553",63,68
2020,"31601",36,42
2020,"31603",54,62
2020,"31604",95,82
2020,"31605",47,53
2020,"31606",58,58
2020,"31608",21,11
2020,"31609",19,31
2020,"31611",25,34
2020,"31612",167,168
2020,"31613",43,40
2020,"31614",93,93
2020,"31615",29,37
2020,"31616",43,47
2020,"31617",81,62
2020,"31620",50,38
2020,"31621",28,25
2020,"31622",59,51
2020,"31627",62,62
2020,"31628",106,69
2020,"31629",257,207
2020,"31630",107,111
2020,"31633",646,519
2020,"31634",58,71
2020,"31636",32,45
2020,"31642",59,56
2020,"31644",310,224
2020,"31645",50,57
2020,"31646",34,24
2020,"31649",55,57
2020,"31650",45,52
2020,"31651",115,116
2020,"31652",11,17
2020,"31653",44,53
2020,"31654",51,69
2020,"31655",365,317
2020,"31658",22,16
2020,"31701",75,99
2020,"31702",140,142
2020,"31703",304,265
2020,"31704",678,662
2020,"31706",77,72
2020,"31707",121,124
2020,"31709",178,191
2020,"31710",484,491
2020,"31711",58,69
2020,"31712",238,239
2020,"31713",158,170
2020,"31714",57,45
2020,"31715",226,150
2020,"31716",547,499
2020,"31717",1244,1197
2020,"31718",214,112
2020,"31719",718,715
2020,"31723",409,404
2020,"31725",483,528
2020,"31726",144,134
2020,"31801",21,13
2020,"31802",84,87
2020,"31803",100,65
2020,"31804",77,88
2020,"31805",3,15
2020,"31806",25,13
2020,"31807",56,62
2020,"31808",82,80
2020,"31809",29,29
2020,"31810",309,353
2020,"31811",129,91
2020,"31812",85,74
2020,"31813",111,101
2020,"31814",79,104
2020,"31815",26,22
2020,"31817",85,95
2020,"31818",756,819
2020,"31820",17,28
2020,"31821",118,110
2020,"31823",146,159
2020,"31825",12,21
2020,"31826",93,100
2020,"31827",15,18
2020,"31829",183,245
2020,"31830",19,13
2020,"31831",149,92
2020,"31832",109,86
2020,"31833",30,56
2020,"31834",16,9
2020,"31835",157,122
2020,"31836",23,21
2020,"31837",95,67
2020,"31838",60,41
2020,"31839",693,649
2020,"31840",57,55
2020,"31841",18,21
2020,"31842",4,7
2020,"31843",66,55
2020,"31844",46,43
2020,"31845",57,29
2020,"31846",110,118
2020,"31847",76,67
2020,"31848",31,43
2020,"31849",57,49
2020,"31901",218,148
2020,"31902",95,84
2020,"31903",223,221
2020,"31904",78,47
2020,"31905",261,238
2020,"31906",56,77
2020,"31907",62,39
2020,"31909",118,109
2020,"31910",38,50
2020,"31911",76,76
2020,"31912",421,361
2020,"31913",66,76
2020,"31915",41,68
2020,"31916",62,68
2020,"31917",55,81
2020,"31918",124,142
2020,"31919",138,105
2020,"31920",27,41
2020,"31921",112,159
2020,"31922",90,108
2020,"31923",25,58
2020,"31925",74,48
2020,"31926",402,364
2020,"31927",79,91
2020,"31928",90,71
2020,"31929",210,234
2020,"31930",90,83
2020,"31932",112,116
2020,"31934",208,147
2020,"31935",105,125
2020,"31938",48,47
2020,"31939",15,17
2020,"31940",72,107
2020,"31941",53,49
2020,"31943",330,288
2020,"31945",60,52
2020,"31946",74,51
2020,"31947",369,281
2020,"31948",104,151
2020,"31949",293,253
2020,"31950",129,179
2020,"31951",428,395
2020,"31952",655,572
2020,"31953",195,177
2020,"31954",93,74
2020,"32001",102,122
2020,"32002",27,73
2020,"32003",71,90
2020,"32004",34,43
2020,"32005",54,43
2020,"32006",95,75
2020,"32007",21,16
2020,"32008",189,182
2020,"32009",62,96
2020,"32010",23,26
2020,"32011",38,52
2020,"32012",27,26
2020,"32013",201,165
2020,"32014",99,51
2020,"32015",59,47
2020,"32016",351,255
2020,"32017",141,178
2020,"32018",47,48
2020,"32101",152,82
2020,"32104",199,159
2020,"32106",127,118
2020,"32107",180,101
2020,"32109",46,16
2020,"32110",168,116
2020,"32112",106,113
2020,"32114",140,139
2020,"32115",63,49
2020,"32116",134,112
2020,"32119",98,106
2020,"32120",378,241
2020,"32131",386,303
2020,"32132",224,89
2020,"32134",160,128
2020,"32135",935,746
2020,"32139",117,62
2020,"32140",117,142
2020,"32141",201,168
2020,"32142",379,334
2020,"32143",92,73
2020,"32144",1247,1129
2020,"32202",46,53
2020,"32203",49,52
2020,"32206",31,30
2020,"32207",117,128
2020,"32209",50,41
2020,"32210",32,46
2020,"32212",30,29
2020,"32214",19,18
2020,"32216",126,81
2020,"32217",46,37
2020,"32219",94,104
2020,"32220",239,249
2020,"32221",31,17
2020,"32222",12,19
2020,"32223",27,30
2020,"32301",161,141
2020,"32302",45,19
2020,"32304",235,177
2020,"32305",383,298
2020,"32306",278,189
2020,"32307",308,239
2020,"32308",106,74
2020,"32309",36,47
2020,"32310",54,49
2020,"32311",56,40
2020,"32312",22,27
2020,"32313",129,119
2020,"32314",69,56
2020,"32315",80,52
2020,"32316",218,207
2020,"32317",54,36
2020,"32318",140,143
2020,"32319",135,141
2020,"32320",102,86
2020,"32321",17,24
2020,"32322",31,33
2020,"32323",139,156
2020,"32324",16,16
2020,"32325",51,42
2020,"32326",20,24
2020,"32327",327,264
2020,"32330",330,216
2020,"32331",65,46
2020,"32332",100,130
2020,"32333",66,49
2020,"32334",51,50
2020,"32335",41,42
2020,"32336",88,83
2020,"32337",327,239
2020,"32338",111,112
2020,"32501",64,80
2020,"32502",33,40
2020,"32503",4,7
2020,"32504",49,46
2020,"32505",56,57
2020,"32506",20,21
2020,"32508",90,115
2020,"32509",12,31
2020,"32511",16,25
2020,"32514",20,12
2020,"32515",29,40
2020,"32516",31,38
2020,"32517",23,32
2020,"32518",51,24
2020,"32519",25,19
2020,"32520",28,33
2020,"32521",43,41
2020,"32522",43,25
2020,"32523",17,33
2020,"32524",76,63
2020,"32525",52,55
2020,"32528",21,28
2020,"32529",36,36
2020,"32530",296,279
2020,"40101",8525,9923
2020,"40201",1384,1591
2020,"40301",2437,2842
2020,"40401",216,234
2020,"40402",95,136
2020,"40403",74,37
2020,"40404",529,737
2020,"40405",177,163
2020,"40406",189,105
2020,"40407",55,68
2020,"40408",65,66
2020,"40409",39,36
2020,"40410",54,51
2020,"40411",16,18
2020,"40412",49,38
2020,"40413",199,272
2020,"40414",83,78
2020,"40415",56,52
2020,"40416",29,56
2020,"40417",52,39
2020,"40418",232,204
2020,"40419",121,100
2020,"40420",64,38
2020,"40421",575,476
2020,"40422",235,194
2020,"40423",48,42
2020,"40424",72,55
2020,"40425",70,69
2020,"40426",184,219
2020,"40427",85,104
2020,"40428",139,122
2020,"40429",101,32
2020,"40430",86,56
2020,"40431",87,69
2020,"40432",69,75
2020,"40433",29,33
2020,"40434",41,48
2020,"40435",29,22
2020,"40436",77,85
2020,"40437",165,141
2020,"40438",110,87
2020,"40439",20,16
2020,"40440",10,2
2020,"40441",233,235
2020,"40442",23,28
2020,"40443",72,50
2020,"40444",26,17
2020,"40445",18,20
2020,"40446",73,37
2020,"40501",318,280
2020,"40502",126,121
2020,"40503",359,337
2020,"40504",163,114
2020,"40505",48,64
2020,"40506",121,146
2020,"40507",102,119
2020,"40508",123,110
2020,"40509",70,56
2020,"40510",106,90
2020,"40511",103,118
2020,"40512",64,55
2020,"40601",364,361
2020,"40602",50,74
2020,"40603",87,75
2020,"40604",179,162
2020,"40605",28,47
2020,"40606",7,18
2020,"40607",95,88
2020,"40608",51,59
2020,"40609",112,83
2020,"40610",23,34
2020,"40611",52,54
2020,"40612",94,128
2020,"40613",25,32
2020,"40614",278,266
2020,"40615",105,100
2020,"40616",37,45
2020,"40617",29,40
2020,"40618",123,95
2020,"40619",38,44
2020,"40620",126,138
2020,"40621",54,60
2020,"40622",87,77
2020,"40623",43,45
2020,"40624",228,167
2020,"40625",26,30
2020,"40626",42,46
2020,"40627",121,74
2020,"40701",435,446
2020,"40702",164,189
2020,"40703",537,467
2020,"40704",200,247
2020,"40705",817,904
2020,"40706",67,43
2020,"40707",93,114
2020,"40708",151,106
2020,"40709",31,34
2020,"40710",100,68
2020,"40711",347,489
2020,"40712",28,37
2020,"40713",253,194
2020,"40714",233,211
2020,"40715",87,50
2020,"40716",42,38
2020,"40717",117,107
2020,"40718",109,82
2020,"40719",254,169
2020,"40720",298,327
2020,"40801",61,40
2020,"40802",247,262
2020,"40804",21,42
2020,"40805",179,172
2020,"40806",127,139
2020,"40807",52,55
2020,"40808",300,310
2020,"40809",83,95
2020,"40810",18,23
2020,"40811",78,77
2020,"40812",109,96
2020,"40813",76,88
2020,"40814",85,51
2020,"40815",29,37
2020,"40816",69,67
2020,"40817",49,51
2020,"40818",102,77
2020,"40820",24,20
2020,"40821",41,43
2020,"40822",76,53
2020,"40823",42,29
2020,"40824",48,44
2020,"40825",62,61
2020,"40826",38,24
2020,"40827",128,152
2020,"40828",40,36
2020,"40829",55,98
2020,"40830",44,44
2020,"40831",145,134
2020,"40832",117,114
2020,"40833",89,74
2020,"40834",26,20
2020,"40835",171,148
2020,"40901",17,29
2020,"40902",234,209
2020,"40903",43,44
2020,"40904",73,94
2020,"40905",391,359
2020,"40906",44,38
2020,"40907",243,340
2020,"40908",320,269
2020,"40909",128,121
2020,"40910",99,113
2020,"40911",16,27
2020,"40912",206,205
2020,"40913",173,119
2020,"40914",38,29
2020,"40915",75,79
2020,"40916",10,17
2020,"40917",153,130
2020,"40918",96,101
2020,"40919",28,22
2020,"40920",91,94
2020,"40921",24,24
2020,"40922",131,150
2020,"40923",130,142
2020,"41001",55,59
2020,"41002",1052,890
2020,"41003",532,448
2020,"41004",69,32
2020,"41005",630,734
2020,"41006",70,62
2020,"41007",411,326
2020,"41008",75,75
2020,"41009",204,172
2020,"41010",135,83
2020,"41011",179,199
2020,"41012",1758,1855
2020,"41013",229,223
2020,"41014",377,366
2020,"41015",88,109
2020,"41016",104,90
2020,"41017",655,596
2020,"41018",81,74
2020,"41019",234,160
2020,"41020",251,254
2020,"41021",1459,1528
2020,"41022",235,274
2020,"41101",49,53
2020,"41102",51,54
2020,"41103",110,92
2020,"41104",21,23
2020,"41105",102,96
2020,"41106",139,146
2020,"41107",26,22
2020,"41108",335,375
2020,"41109",176,171
2020,"41110",273,216
2020,"41111",310,278
2020,"41112",65,66
2020,"41113",74,58
2020,"41114",133,119
2020,"41115",31,57
2020,"41116",433,474
2020,"41117",34,52
2020,"41118",154,181
2020,"41119",52,57
2020,"41120",359,225
2020,"41121",52,73
2020,"41122",20,23
2020,"41123",71,88
2020,"41124",246,262
2020,"41125",61,76
2020,"41126",77,71
2020,"41201",49,54
2020,"41202",33,66
2020,"41203",155,188
2020,"41204",114,111
2020,"41205",59,39
2020,"41206",16,25
2020,"41207",53,69
2020,"41208",53,56
2020,"41209",107,108
2020,"41210",35,31
2020,"41211",26,21
2020,"41212",37,56
2020,"41213",47,72
2020,"41214",130,109
2020,"41215",92,70
2020,"41216",11,9
2020,"41217",28,32
2020,"41218",109,119
2020,"41219",120,89
2020,"41220",77,80
2020,"41221",63,44
2020,"41222",9,17
2020,"41223",29,34
2020,"41224",69,54
2020,"41225",869,852
2020,"41226",18,37
2020,"41227",37,25
2020,"41228",95,113
2020,"41229",35,44
2020,"41230",34,30
2020,"41231",70,80
2020,"41232",54,70
2020,"41233",81,60
2020,"41234",112,77
2020,"41235",23,16
2020,"41236",25,27
2020,"41304",114,60
2020,"41305",43,29
2020,"41306",8,9
2020,"41307",32,19
2020,"41309",107,97
2020,"41311",15,12
2020,"41312",49,46
2020,"41313",55,51
2020,"41314",40,36
2020,"41315",70,77
2020,"41316",80,31
2020,"41317",37,31
2020,"41318",96,56
2020,"41319",7,19
2020,"41320",6,9
2020,"41321",47,90
2020,"41322",15,24
2020,"41323",74,60
2020,"41324",15,25
2020,"41325",57,55
2020,"41326",44,51
2020,"41327",20,44
2020,"41328",45,51
2020,"41329",27,43
2020,"41331",32,40
2020,"41332",150,152
2020,"41333",33,18
2020,"41334",44,60
2020,"41336",37,20
2020,"41337",48,32
2020,"41338",45,69
2020,"41341",11,19
2020,"41342",109,107
2020,"41343",114,127
2020,"41344",255,244
2020,"41345",52,57
2020,"41346",34,42
2020,"41401",21,30
2020,"41402",158,153
2020,"41403",83,113
2020,"41404",47,60
2020,"41405",58,39
2020,"41406",38,38
2020,"41407",23,32
2020,"41408",58,47
2020,"41409",60,61
2020,"41410",28,56
2020,"41411",36,51
2020,"41412",2,6
2020,"41413",121,99
2020,"41414",98,110
2020,"41415",69,41
2020,"41416",80,98
2020,"41417",28,36
2020,"41418",169,184
2020,"41419",91,58
2020,"41420",38,41
2020,"41421",39,24
2020,"41422",310,393
2020,"41423",63,90
2020,"41424",25,26
2020,"41425",259,206
2020,"41426",107,96
2020,"41427",17,10
2020,"41428",31,36
2020,"41429",39,32
2020,"41430",77,72
2020,"41501",122,67
2020,"41502",83,102
2020,"41503",426,284
2020,"41504",170,163
2020,"41505",41,57
2020,"41506",370,384
2020,"41507",64,76
2020,"41508",37,44
2020,"41509",40,76
2020,"41510",62,52
2020,"41511",114,125
2020,"41512",67,77
2020,"41513",83,72
2020,"41514",128,86
2020,"41515",83,55
2020,"41516",448,425
2020,"41517",117,119
2020,"41518",126,117
2020,"41521",178,147
2020,"41522",107,131
2020,"41601",111,103
2020,"41602",125,173
2020,"41603",195,172
2020,"41604",73,100
2020,"41605",420,386
2020,"41606",247,232
2020,"41607",387,359
2020,"41608",23,36
2020,"41609",224,194
2020,"41610",42,40
2020,"41611",157,124
2020,"41612",109,104
2020,"41613",88,101
2020,"41614",150,105
2020,"41615",95,119
2020,"41616",15,17
2020,"41617",219,209
2020,"41618",247,206
2020,"41619",72,70
2020,"41620",47,48
2020,"41621",73,62
2020,"41622",27,41
2020,"41623",68,31
2020,"41624",214,240
2020,"41626",307,200
2020,"41627",93,105
2020,"41628",52,74
2020,"41701",150,148
2020,"41702",123,103
2020,"41703",466,521
2020,"41704",37,38
2020,"41705",97,53
2020,"41706",40,46
2020,"41707",95,69
2020,"41708",21,29
2020,"41709",141,147
2020,"41710",257,182
2020,"41711",87,138
2020,"41712",48,22
2020,"41713",312,297
2020,"41714",31,27
2020,"41715",314,275
2020,"41716",134,113
2020,"41717",60,37
2020,"41718",59,68
2020,"41719",84,85
2020,"41720",50,78
2020,"41721",44,55
2020,"41722",199,197
2020,"41723",99,61
2020,"41724",38,28
2020,"41725",24,30
2020,"41726",104,137
2020,"41727",40,30
2020,"41728",15,25
2020,"41729",29,34
2020,"41730",75,99
2020,"41731",334,334
2020,"41732",94,108
2020,"41733",5,7
2020,"41734",677,1390
2020,"41735",104,116
2020,"41736",94,98
2020,"41737",173,196
2020,"41738",355,285
2020,"41739",285,265
2020,"41740",53,38
2020,"41741",90,74
2020,"41742",160,168
2020,"41743",402,377
2020,"41744",66,70
2020,"41745",79,77
2020,"41746",855,753
2020,"41747",230,276
2020,"41748",20,41
2020,"41749",49,53
2020,"41750",104,110
2020,"41751",54,57
2020,"41752",45,77
2020,"41801",28,15
2020,"41802",38,42
2020,"41803",82,116
2020,"41804",169,182
2020,"41805",184,78
2020,"41806",190,138
2020,"41807",47,63
2020,"41808",276,234
2020,"41809",43,51
2020,"41810",113,100
2020,"41811",325,313
2020,"41812",795,639
2020,"41813",49,37
2020,"41814",74,73
2020,"41815",53,39
2020,"41816",115,133
2020,"41817",130,173
2020,"41818",49,65
2020,"41819",128,90
2020,"41820",199,227
2020,"41821",110,77
2020,"41822",181,93
2020,"41823",322,296
2020,"41824",135,138
2020,"50101",5083,5957
2020,"50201",113,121
2020,"50202",144,134
2020,"50203",53,74
2020,"50204",160,179
2020,"50205",838,941
2020,"50206",26,22
2020,"50207",298,315
2020,"50208",295,254
2020,"50209",365,380
2020,"50210",16,22
2020,"50211",35,51
2020,"50212",37,47
2020,"50213",109,86
2020,"50301",293,229
2020,"50302",149,156
2020,"50303",859,1996
2020,"50304",73,88
2020,"50305",235,271
2020,"50306",61,68
2020,"50307",72,54
2020,"50308",140,154
2020,"50309",327,317
2020,"50310",290,303
2020,"50311",65,108
2020,"50312",91,125
2020,"50313",31,35
2020,"50314",339,389
2020,"50315",120,116
2020,"50316",239,274
2020,"50317",275,208
2020,"50318",15,19
2020,"50319",218,203
2020,"50320",112,111
2020,"50321",171,184
2020,"50322",189,175
2020,"50323",166,130
2020,"50324",343,276
2020,"50325",73,76
2020,"50326",329,314
2020,"50327",212,197
2020,"50328",51,51
2020,"50329",125,105
2020,"50330",149,178
2020,"50331",93,67
2020,"50332",87,85
2020,"50335",365,296
2020,"50336",129,109
2020,"50337",208,238
2020,"50338",701,606
2020,"50339",553,603
2020,"50401",241,174
2020,"50402",203,230
2020,"50403",151,174
2020,"50404",370,467
2020,"50405",56,49
2020,"50406",112,144
2020,"50407",33,59
2020,"50408",120,118
2020,"50409",5,12
2020,"50410",82,88
2020,"50411",58,89
2020,"50412",78,55
2020,"50413",15,23
2020,"50414",15,18
2020,"50415",53,59
2020,"50416",130,64
2020,"50417",190,199
2020,"50418",463,484
2020,"50419",48,57
2020,"50420",190,171
2020,"50421",192,214
2020,"50422",27,31
2020,"50423",104,126
2020,"50424",125,148
2020,"50425",58,47
2020,"50501",6,5
2020,"50502",10,16
2020,"50503",90,90
2020,"50504",79,65
2020,"50505",20,22
2020,"50506",23,41
2020,"50507",19,16
2020,"50508",32,35
2020,"50509",99,135
2020,"50510",219,300
2020,"50511",8,14
2020,"50512",16,26
2020,"50513",32,46
2020,"50514",5,6
2020,"50515",20,19
2020,"50601",85,83
2020,"50602",260,261
2020,"50603",8,27
2020,"50604",47,14
2020,"50605",44,45
2020,"50606",131,194
2020,"50607",17,23
2020,"50608",87,93
2020,"50609",155,130
2020,"50610",111,69
2020,"50611",159,192
2020,"50612",59,81
2020,"50613",282,233
2020,"50614",52,68
2020,"50615",89,81
2020,"50616",147,160
2020,"50617",51,79
2020,"50618",89,150
2020,"50619",510,511
2020,"50620",70,52
2020,"50621",52,67
2020,"50622",144,149
2020,"50623",26,52
2020,"50624",125,114
2020,"50625",17,38
2020,"50626",26,35
2020,"50627",15,15
2020,"50628",574,518
2020,"60101",10453,12449
2020,"60305",183,143
2020,"60318",215,174
2020,"60323",72,84
2020,"60324",121,84
2020,"60326",128,77
2020,"60329",70,52
2020,"60341",79,62
2020,"60344",544,557
2020,"60345",240,226
2020,"60346",201,185
2020,"60347",134,114
2020,"60348",152,151
2020,"60349",156,195
2020,"60350",307,329
2020,"60351",193,207
2020,"60608",601,540
2020,"60611",229,189
2020,"60613",586,467
2020,"60617",294,295
2020,"60618",102,67
2020,"60619",281,197
2020,"60623",148,110
2020,"60624",793,528
2020,"60626",229,148
2020,"60628",232,166
2020,"60629",446,316
2020,"60632",188,154
2020,"60639",69,61
2020,"60641",56,62
2020,"60642",101,115
2020,"60645",122,103
2020,"60646",147,113
2020,"60647",13,13
2020,"60648",199,108
2020,"60651",119,80
2020,"60653",217,183
2020,"60654",170,112
2020,"60655",171,114
2020,"60656",74,69
2020,"60659",217,239
2020,"60660",222,200
2020,"60661",357,252
2020,"60662",263,235
2020,"60663",195,215
2020,"60664",520,565
2020,"60665",297,273
2020,"60666",167,129
2020,"60667",232,227
2020,"60668",145,148
2020,"60669",883,739
2020,"60670",560,419
2020,"61001",105,59
2020,"61002",62,59
2020,"61007",72,71
2020,"61008",95,86
2020,"61012",215,212
2020,"61013",101,88
2020,"61016",135,96
2020,"61017",65,54
2020,"61019",37,58
2020,"61020",90,100
2020,"61021",145,163
2020,"61024",105,94
2020,"61027",61,63
2020,"61030",69,87
2020,"61032",74,78
2020,"61033",154,90
2020,"61043",254,172
2020,"61045",576,455
2020,"61049",151,162
2020,"61050",194,190
2020,"61051",137,145
2020,"61052",149,142
2020,"61053",913,874
2020,"61054",90,118
2020,"61055",94,64
2020,"61057",99,74
2020,"61059",371,319
2020,"61060",200,143
2020,"61061",289,344
2020,"61101",104,105
2020,"61105",27,42
2020,"61106",95,63
2020,"61107",60,43
2020,"61108",1238,1422
2020,"61109",57,58
2020,"61110",151,138
2020,"61111",92,61
2020,"61112",13,19
2020,"61113",174,154
2020,"61114",135,129
2020,"61115",46,72
2020,"61116",71,46
2020,"61118",350,197
2020,"61119",23,13
2020,"61120",402,485
2020,"61203",108,99
2020,"61204",93,77
2020,"61205",18,29
2020,"61206",79,33
2020,"61207",231,159
2020,"61213",134,145
2020,"61215",35,49
2020,"61217",89,87
2020,"61222",85,82
2020,"61236",84,95
2020,"61243",91,91
2020,"61247",183,150
2020,"61251",12,15
2020,"61252",67,50
2020,"61253",158,169
2020,"61254",50,45
2020,"61255",129,171
2020,"61256",40,49
2020,"61257",174,150
2020,"61258",60,85
2020,"61259",383,444
2020,"61260",68,53
2020,"61261",71,89
2020,"61262",62,107
2020,"61263",211,266
2020,"61264",78,76
2020,"61265",216,222
2020,"61266",46,58
2020,"61267",150,168
2020,"61410",26,37
2020,"61413",28,17
2020,"61425",51,56
2020,"61428",29,26
2020,"61437",27,31
2020,"61438",135,141
2020,"61439",118,142
2020,"61440",94,59
2020,"61441",22,34
2020,"61442",28,69
2020,"61443",47,46
2020,"61444",66,73
2020,"61445",91,63
2020,"61446",94,92
2020,"61611",92,91
2020,"61612",116,145
2020,"61615",131,119
2020,"61618",119,140
2020,"61621",35,37
2020,"61624",131,132
2020,"61625",582,527
2020,"61626",304,231
2020,"61627",73,80
2020,"61628",72,83
2020,"61629",60,34
2020,"61630",52,63
2020,"61631",455,496
2020,"61632",201,200
2020,"61633",214,184
2020,"61701",153,104
2020,"61708",30,32
2020,"61710",33,46
2020,"61711",25,34
2020,"61716",145,142
2020,"61719",165,181
2020,"61727",201,163
2020,"61728",10,20
2020,"61729",78,74
2020,"61730",87,77
2020,"61731",52,69
2020,"61740",63,54
2020,"61741",41,42
2020,"61743",24,17
2020,"61744",12,22
2020,"61745",26,41
2020,"61746",185,173
2020,"61748",286,161
2020,"61750",29,40
2020,"61751",102,89
2020,"61756",91,144
2020,"61757",129,144
2020,"61758",62,52
2020,"61759",58,62
2020,"61760",703,594
2020,"61761",47,57
2020,"61762",65,95
2020,"61763",149,152
2020,"61764",133,147
2020,"61765",258,283
2020,"61766",586,610
2020,"62007",390,384
2020,"62008",29,40
2020,"62010",14,17
2020,"62014",87,67
2020,"62021",5,10
2020,"62026",55,22
2020,"62032",38,44
2020,"62034",36,43
2020,"62036",45,62
2020,"62038",383,369
2020,"62039",74,67
2020,"62040",456,604
2020,"62041",668,697
2020,"62042",111,99
2020,"62043",103,110
2020,"62044",69,78
2020,"62045",111,86
2020,"62046",96,133
2020,"62047",235,213
2020,"62048",169,149
2020,"62105",47,51
2020,"62115",219,168
2020,"62116",108,142
2020,"62125",146,91
2020,"62128",157,162
2020,"62131",57,53
2020,"62132",36,53
2020,"62135",60,54
2020,"62138",120,117
2020,"62139",901,880
2020,"62140",882,1131
2020,"62141",360,315
2020,"62142",81,126
2020,"62143",282,342
2020,"62144",105,128
2020,"62145",285,243
2020,"62146",250,197
2020,"62147",78,77
2020,"62148",46,45
2020,"62202",83,51
2020,"62205",78,72
2020,"62206",64,54
2020,"62209",40,62
2020,"62211",102,110
2020,"62214",79,75
2020,"62216",63,45
2020,"62219",392,360
2020,"62220",80,84
2020,"62226",86,72
2020,"62232",67,53
2020,"62233",110,128
2020,"62235",79,79
2020,"62242",18,32
2020,"62244",114,106
2020,"62245",33,51
2020,"62247",33,39
2020,"62252",85,62
2020,"62256",92,69
2020,"62262",62,53
2020,"62264",188,144
2020,"62265",54,58
2020,"62266",92,110
2020,"62267",448,394
2020,"62268",96,116
2020,"62269",102,88
2020,"62270",77,65
2020,"62271",136,161
2020,"62272",197,155
2020,"62273",62,91
2020,"62274",92,97
2020,"62275",183,165
2020,"62276",63,60
2020,"62277",87,81
2020,"62278",80,99
2020,"62279",38,46
2020,"62311",38,59
2020,"62314",73,65
2020,"62326",78,50
2020,"62330",41,39
2020,"62332",49,58
2020,"62335",28,28
2020,"62343",117,42
2020,"62368",43,55
2020,"62372",63,48
2020,"62375",263,246
2020,"62376",179,123
2020,"62377",58,67
2020,"62378",298,250
2020,"62379",569,651
2020,"62380",177,174
2020,"62381",131,119
2020,"62382",197,187
2020,"62383",198,203
2020,"62384",125,128
2020,"62385",80,90
2020,"62386",159,190
2020,"62387",80,74
2020,"62388",86,103
2020,"62389",111,104
2020,"62390",119,133
2020,"70101",4495,6167
2020,"70201",125,155
2020,"70202",184,196
2020,"70203",481,432
2020,"70204",16,25
2020,"70205",33,34
2020,"70206",11,26
2020,"70207",27,22
2020,"70208",98,130
2020,"70209",167,166
2020,"70210",19,25
2020,"70211",112,64
2020,"70212",94,97
2020,"70213",84,62
2020,"70214",58,110
2020,"70215",144,84
2020,"70216",95,63
2020,"70217",21,37
2020,"70218",73,70
2020,"70219",100,94
2020,"70220",57,103
2020,"70221",85,99
2020,"70222",111,99
2020,"70223",125,99
2020,"70224",87,52
2020,"70301",327,357
2020,"70302",198,162
2020,"70303",108,129
2020,"70304",332,304
2020,"70305",86,55
2020,"70306",93,91
2020,"70307",37,23
2020,"70308",69,83
2020,"70309",100,133
2020,"70310",152,138
2020,"70311",38,31
2020,"70312",205,205
2020,"70313",57,62
2020,"70314",21,19
2020,"70315",51,64
2020,"70317",11,10
2020,"70318",64,61
2020,"70319",176,190
2020,"70320",161,134
2020,"70322",115,74
2020,"70323",38,27
2020,"70325",70,50
2020,"70326",103,105
2020,"70328",99,75
2020,"70329",279,256
2020,"70331",93,111
2020,"70332",108,94
2020,"70333",52,68
2020,"70334",133,169
2020,"70335",110,74
2020,"70336",11,9
2020,"70337",95,127
2020,"70338",72,50
2020,"70339",49,64
2020,"70340",96,62
2020,"70342",87,44
2020,"70343",26,51
2020,"70344",122,112
2020,"70345",96,110
2020,"70346",505,493
2020,"70347",6,7
2020,"70348",51,71
2020,"70349",24,23
2020,"70350",70,78
2020,"70351",162,173
2020,"70352",59,48
2020,"70353",93,93
2020,"70354",942,851
2020,"70355",164,175
2020,"70356",67,65
2020,"70357",607,613
2020,"70358",227,190
2020,"70359",50,39
2020,"70360",111,69
2020,"70361",40,11
2020,"70362",15,25
2020,"70364",325,329
2020,"70365",279,257
2020,"70366",46,25
2020,"70367",355,369
2020,"70368",39,34
2020,"70369",382,367
2020,"70370",156,130
2020,"70401",42,45
2020,"70402",70,98
2020,"70403",342,292
2020,"70404",80,86
2020,"70405",76,45
2020,"70406",163,159
2020,"70407",33,48
2020,"70408",38,48
2020,"70409",131,167
2020,"70410",163,182
2020,"70411",261,333
2020,"70412",94,100
2020,"70413",112,83
2020,"70414",39,48
2020,"70415",28,31
2020,"70416",391,373
2020,"70417",43,64
2020,"70418",30,23
2020,"70419",56,92
2020,"70420",102,117
2020,"70501",36,52
2020,"70502",61,51
2020,"70503",188,147
2020,"70504",49,34
2020,"70505",148,112
2020,"70506",224,193
2020,"70508",264,254
2020,"70509",94,119
2020,"70510",27,37
2020,"70511",322,336
2020,"70512",247,258
2020,"70513",664,789
2020,"70514",197,174
2020,"70515",186,212
2020,"70516",17,12
2020,"70517",172,120
2020,"70518",71,98
2020,"70519",13,19
2020,"70520",121,139
2020,"70521",60,63
2020,"70522",131,137
2020,"70523",17,10
2020,"70524",82,63
2020,"70525",82,103
2020,"70526",104,102
2020,"70527",97,84
2020,"70528",83,67
2020,"70529",102,60
2020,"70530",122,101
2020,"70531",734,679
2020,"70601",16,18
2020,"70602",15,11
2020,"70603",27,35
2020,"70604",88,94
2020,"70605",31,32
2020,"70606",8,12
2020,"70607",58,48
2020,"70608",21,50
2020,"70609",34,66
2020,"70610",13,11
2020,"70611",21,8
2020,"70612",7,10
2020,"70613",8,22
2020,"70614",344,333
2020,"70615",30,28
2020,"70616",38,54
2020,"70617",40,61
2020,"70618",18,44
2020,"70619",65,62
2020,"70620",46,52
2020,"70621",64,107
2020,"70622",34,56
2020,"70623",30,40
2020,"70624",29,43
2020,"70625",4,8
2020,"70626",12,15
2020,"70627",22,21
2020,"70628",8,12
2020,"70629",34,28
2020,"70630",200,152
2020,"70701",15,21
2020,"70702",33,32
2020,"70703",8,18
2020,"70704",22,33
2020,"70705",61,54
2020,"70706",5,11
2020,"70707",81,107
2020,"70708",48,25
2020,"70709",16,20
2020,"70710",10,12
2020,"70711",24,31
2020,"70712",16,30
2020,"70713",14,25
2020,"70714",16,12
2020,"70715",20,37
2020,"70716",514,482
2020,"70717",74,93
2020,"70718",33,30
2020,"70719",164,112
2020,"70720",38,56
2020,"70721",8,14
2020,"70723",15,17
2020,"70724",15,29
2020,"70725",4,9
2020,"70726",9,14
2020,"70727",9,16
2020,"70728",51,56
2020,"70729",12,17
2020,"70731",22,16
2020,"70732",61,50
2020,"70733",1,1
2020,"70734",55,54
2020,"70735",28,18
2020,"70801",23,23
2020,"70802",14,18
2020,"70803",23,35
2020,"70804",22,41
2020,"70805",93,83
2020,"70806",61,39
2020,"70807",56,79
2020,"70808",18,28
2020,"70809",20,13
2020,"70810",3,9
2020,"70811",30,25
2020,"70812",0,0
2020,"70813",12,24
2020,"70814",18,15
2020,"70815",2,0
2020,"70816",69,46
2020,"70817",5,17
2020,"70818",4,4
2020,"70819",5,4
2020,"70820",80,122
2020,"70821",66,66
2020,"70822",5,16
2020,"70823",0,6
2020,"70824",16,26
2020,"70825",2,6
2020,"70826",87,68
2020,"70827",8,11
2020,"70828",327,308
2020,"70829",10,18
2020,"70830",35,17
2020,"70831",8,9
2020,"70832",37,38
2020,"70833",32,43
2020,"70834",13,2
2020,"70835",35,41
2020,"70836",52,42
2020,"70837",13,11
2020,"70901",61,89
2020,"70902",79,64
2020,"70903",10,9
2020,"70904",35,35
2020,"70905",111,119
2020,"70907",139,135
2020,"70908",54,60
2020,"70909",258,224
2020,"70910",33,51
2020,"70911",20,26
2020,"70912",11,25
2020,"70913",8,14
2020,"70914",33,26
2020,"70915",63,67
2020,"70916",44,59
2020,"70917",300,309
2020,"70918",56,73
2020,"70920",165,167
2020,"70921",43,48
2020,"70922",86,90
2020,"70923",86,101
2020,"70924",20,18
2020,"70925",57,76
2020,"70926",643,631
2020,"70927",58,67
2020,"70928",122,99
2020,"70929",4,5
2020,"70930",50,41
2020,"70931",72,72
2020,"70932",20,22
2020,"70933",161,114
2020,"70934",40,64
2020,"70935",74,99
2020,"70936",297,263
2020,"70937",128,112
2020,"70938",52,76
2020,"70939",102,104
2020,"70940",99,144
2020,"70941",38,35
2020,"80101",73,94
2020,"80102",21,13
2020,"80103",827,805
2020,"80104",213,159
2020,"80105",28,38
2020,"80106",191,213
2020,"80107",35,32
2020,"80108",74,75
2020,"80109",8,20
2020,"80110",47,62
2020,"80111",56,43
2020,"80112",24,32
2020,"80113",42,75
2020,"80114",20,26
2020,"80115",211,207
2020,"80116",320,319
2020,"80117",237,288
2020,"80118",37,33
2020,"80119",19,24
2020,"80120",68,59
2020,"80121",21,21
2020,"80122",202,202
2020,"80123",21,21
2020,"80124",14,31
2020,"80125",17,13
2020,"80126",136,146
2020,"80127",18,41
2020,"80128",76,108
2020,"80129",140,120
2020,"80201",99,140
2020,"80202",90,129
2020,"80203",47,50
2020,"80204",87,89
2020,"80205",52,30
2020,"80206",29,42
2020,"80207",1366,1597
2020,"80208",11,13
2020,"80209",26,12
2020,"80210",36,36
2020,"80211",143,128
2020,"80212",15,25
2020,"80213",194,241
2020,"80214",108,62
2020,"80215",668,789
2020,"80216",95,120
2020,"80217",373,367
2020,"80218",373,329
2020,"80219",53,68
2020,"80220",70,99
2020,"80221",67,49
2020,"80222",104,58
2020,"80223",61,58
2020,"80224",620,573
2020,"80225",59,48
2020,"80226",414,312
2020,"80227",45,62
2020,"80228",38,94
2020,"80229",21,14
2020,"80230",42,46
2020,"80231",16,30
2020,"80232",31,25
2020,"80233",24,30
2020,"80234",7,7
2020,"80235",220,256
2020,"80236",72,82
2020,"80237",20,15
2020,"80238",43,68
2020,"80239",5,9
2020,"80240",553,526
2020,"80301",2338,2193
2020,"80302",954,967
2020,"80303",944,918
2020,"80401",432,352
2020,"80402",10,17
2020,"80403",2,4
2020,"80404",1768,1728
2020,"80405",394,351
2020,"80406",28,28
2020,"80407",152,165
2020,"80408",740,778
2020,"80409",193,226
2020,"80410",325,295
2020,"80411",28,28
2020,"80412",187,232
2020,"80413",156,129
2020,"80414",674,614
2020,"80415",25,13
2020,"80416",158,151
2020,"80417",122,141
2020,"80418",192,169
2020,"80419",28,18
2020,"80420",167,165
2020,"80421",22,33
2020,"80422",18,22
2020,"80423",129,115
2020,"80424",239,195
2020,"90101",1164,1372
2020,"90201",8997,10615
2020,"90301",9546,9042
2020,"90401",3560,4084
2020,"90501",5567,6920
2020,"90601",3681,4264
2020,"90701",3207,3780
2020,"90801",2955,4042
2020,"90901",4914,5414
2020,"91001",16663,15313
2020,"91101",7133,7300
2020,"91201",8934,9675
2020,"91301",3619,3740
2020,"91401",7198,7661
2020,"91501",8140,9671
2020,"91601",9366,10840
2020,"91701",5381,6392
2020,"91801",4397,4900
2020,"91901",5530,5489
2020,"92001",7301,9037
2020,"92101",14719,9613
2020,"92201",12524,9854
2020,"92301",7034,5943
2021,"10101",1108,858
2021,"10201",103,72
2021,"10301",78,72
2021,"10302",92,78
2021,"10303",85,90
2021,"10304",157,122
2021,"10305",229,338
2021,"10306",33,36
2021,"10307",73,67
2021,"10308",73,63
2021,"10309",223,179
2021,"10310",47,45
2021,"10311",52,31
2021,"10312",129,102
2021,"10313",90,79
2021,"10314",51,32
2021,"10315",166,108
2021,"10316",149,104
2021,"10317",84,72
2021,"10318",87,84
2021,"10319",74,97
2021,"10320",33,8
2021,"10321",21,26
2021,"10322",57,62
2021,"10323",62,43
2021,"10401",26,36
2021,"10402",69,79
2021,"10403",38,39
2021,"10404",64,36
2021,"10405",192,213
2021,"10406",38,30
2021,"10407",32,34
2021,"10408",91,71
2021,"10409",21,31
2021,"10410",18,22
2021,"10411",66,42
2021,"10412",48,42
2021,"10413",49,41
2021,"10414",201,153
2021,"10415",44,63
2021,"10416",78,35
2021,"10417",63,67
2021,"10418",9,10
2021,"10419",16,15
2021,"10420",8,11
2021,"10421",13,10
2021,"10422",18,12
2021,"10423",0,3
2021,"10424",4,8
2021,"10425",20,31
2021,"10426",22,13
2021,"10427",22,28
2021,"10428",17,16
2021,"10501",82,73
2021,"10502",44,36
2021,"10503",60,45
2021,"10504",191,140
2021,"10505",32,40
2021,"10506",38,44
2021,"10507",42,32
2021,"10508",113,79
2021,"10509",54,62
2021,"10510",18,24
2021,"10511",26,30
2021,"10512",22,22
2021,"10601",84,56
2021,"10602",125,140
2021,"10603",74,48
2021,"10604",49,51
2021,"10605",72,53
2021,"10606",418,397
2021,"10607",347,282
2021,"10608",38,20
2021,"10609",127,146
2021,"10610",92,94
2021,"10611",150,131
2021,"10612",95,68
2021,"10613",60,47
2021,"10614",62,43
2021,"10615",164,102
2021,"10616",31,26
2021,"10617",55,32
2021,"10618",17,28
2021,"10619",17,13
2021,"10701",47,39
2021,"10702",34,40
2021,"10703",172,196
2021,"10704",32,12
2021,"10705",168,108
2021,"10706",48,53
2021,"10707",149,107
2021,"10708",35,29
2021,"10709",67,52
2021,"10710",63,54
2021,"10711",110,77
2021,"10712",59,68
2021,"10713",459,469
2021,"10714",103,75
2021,"10715",41,35
2021,"10716",40,48
2021,"10717",299,219
2021,"10718",71,56
2021,"10719",43,45
2021,"10720",33,27
2021,"10721",41,34
2021,"10722",91,60
2021,"10723",83,44
2021,"10724",76,78
2021,"10725",58,36
2021,"10726",44,26
2021,"10727",30,20
2021,"10801",143,98
2021,"10802",71,65
2021,"10803",48,40
2021,"10804",37,37
2021,"10805",106,100
2021,"10806",26,28
2021,"10807",62,53
2021,"10808",70,46
2021,"10809",71,73
2021,"10810",41,45
2021,"10811",71,72
2021,"10812",56,41
2021,"10813",23,43
2021,"10814",92,40
2021,"10815",119,53
2021,"10816",219,190
2021,"10817",42,51
2021,"10818",17,26
2021,"10819",75,41
2021,"10820",48,38
2021,"10821",52,49
2021,"10822",66,76
2021,"10823",81,54
2021,"10824",37,24
2021,"10825",29,19
2021,"10826",12,16
2021,"10827",6,5
2021,"10828",22,16
2021,"10901",85,83
2021,"10902",100,82
2021,"10903",36,36
2021,"10904",42,55
2021,"10905",210,153
2021,"10906",38,37
2021,"10907",101,92
2021,"10908",98,86
2021,"10909",71,53
2021,"10910",43,58
2021,"10911",49,36
2021,"10912",117,85
2021,"10913",41,33
2021,"10914",35,51
2021,"10915",36,49
2021,"10916",118,117
2021,"10917",563,504
2021,"10918",373,297
2021,"10919",210,106
2021,"10920",87,98
2021,"10921",53,40
2021,"10922",39,28
2021,"10923",88,91
2021,"10924",14,40
2021,"10925",62,58
2021,"10926",26,25
2021,"10927",22,38
2021,"10928",82,80
2021,"10929",29,43
2021,"10930",30,30
2021,"10931",10,16
2021,"10932",22,24
2021,"20101",4041,3802
2021,"20201",3220,3148
2021,"20302",36,50
2021,"20305",159,163
2021,"20306",88,118
2021,"20307",100,104
2021,"20316",61,38
2021,"20320",36,30
2021,"20321",21,25
2021,"20402",372,370
2021,"20403",178,93
2021,"20405",311,244
2021,"20409",182,133
2021,"20412",87,107
2021,"20414",118,110
2021,"20415",193,218
2021,"20416",82,61
2021,"20417",143,125
2021,"20418",215,159
2021,"20419",88,86
2021,"20421",276,215
2021,"20424",137,151
2021,"20425",163,148
2021,"20428",26,39
2021,"20432",103,88
2021,"20435",124,91
2021,"20441",5,14
2021,"20442",223,149
2021,"20501",246,233
2021,"20502",89,105
2021,"20503",20,37
2021,"20504",59,45
2021,"20505",209,156
2021,"20506",38,27
2021,"20508",53,42
2021,"20509",60,52
2021,"20511",44,77
2021,"20512",89,96
2021,"20513",79,75
2021,"20515",126,155
2021,"20518",26,56
2021,"20519",37,53
2021,"20520",58,67
2021,"20523",163,171
2021,"20527",687,624
2021,"20530",91,72
2021,"20531",91,99
2021,"20534",126,141
2021,"20601",75,94
2021,"20602",58,71
2021,"20603",26,48
2021,"20604",41,64
2021,"20605",35,35
2021,"20607",30,34
2021,"20608",97,92
2021,"20609",50,67
2021,"20610",17,31
2021,"20611",42,41
2021,"20613",26,32
2021,"20616",74,56
2021,"20618",15,36
2021,"20619",49,58
2021,"20620",141,136
2021,"20622",14,25
2021,"20624",100,52
2021,"20625",87,92
2021,"20627",73,43
2021,"20630",189,155
2021,"20631",47,43
2021,"20632",40,60
2021,"20633",110,103
2021,"20634",300,253
2021,"20635",672,601
2021,"20636",23,34
2021,"20637",79,51
2021,"20638",23,47
2021,"20639",30,35
2021,"20640",72,63
2021,"20642",44,75
2021,"20643",135,131
2021,"20644",69,76
2021,"20701",52,52
2021,"20702",295,301
2021,"20703",37,46
2021,"20705",85,98
2021,"20707",23,10
2021,"20708",27,46
2021,"20710",58,88
2021,"20711",445,473
2021,"20712",26,30
2021,"20713",46,26
2021,"20719",68,67
2021,"20720",197,178
2021,"20721",107,70
2021,"20722",196,196
2021,"20723",30,52
2021,"20724",342,249
2021,"20725",470,414
2021,"20726",162,204
2021,"20727",284,190
2021,"20801",288,235
2021,"20802",24,35
2021,"20803",314,236
2021,"20804",63,82
2021,"20805",86,102
2021,"20806",88,83
2021,"20807",49,60
2021,"20808",128,141
2021,"20810",52,28
2021,"20812",68,83
2021,"20813",354,385
2021,"20815",97,93
2021,"20817",421,388
2021,"20901",184,187
2021,"20905",159,158
2021,"20909",70,99
2021,"20911",22,41
2021,"20912",48,73
2021,"20913",542,591
2021,"20914",71,67
2021,"20918",116,141
2021,"20923",838,740
2021,"21001",54,33
2021,"21002",573,551
2021,"21003",107,115
2021,"21004",35,41
2021,"21005",75,67
2021,"21006",343,1022
2021,"21007",51,77
2021,"21008",121,136
2021,"21009",202,197
2021,"21010",71,82
2021,"30101",1557,1492
2021,"30201",2838,2430
2021,"30301",423,442
2021,"30401",2904,2473
2021,"30501",71,68
2021,"30502",1080,1056
2021,"30503",147,121
2021,"30504",132,152
2021,"30506",145,132
2021,"30507",95,90
2021,"30508",225,167
2021,"30509",110,104
2021,"30510",16,39
2021,"30511",64,65
2021,"30512",40,60
2021,"30514",262,223
2021,"30515",121,149
2021,"30516",39,37
2021,"30517",174,160
2021,"30520",127,82
2021,"30521",65,57
2021,"30522",155,102
2021,"30524",49,39
2021,"30526",14,14
2021,"30527",71,135
2021,"30529",68,93
2021,"30530",201,167
2021,"30531",362,345
2021,"30532",99,111
2021,"30533",168,222
2021,"30534",88,75
2021,"30536",45,45
2021,"30538",106,98
2021,"30539",92,88
2021,"30541",71,77
2021,"30542",83,35
2021,"30543",79,96
2021,"30544",105,70
2021,"30601",144,109
2021,"30602",235,190
2021,"30603",824,727
2021,"30604",1578,1555
2021,"30605",444,479
2021,"30607",585,543
2021,"30608",160,179
2021,"30609",48,39
2021,"30612",122,80
2021,"30613",79,81
2021,"30614",32,43
2021,"30615",317,212
2021,"30616",75,73
2021,"30618",407,338
2021,"30620",420,266
2021,"30621",234,142
2021,"30623",281,224
2021,"30625",114,156
2021,"30626",499,323
2021,"30627",181,169
2021,"30629",59,83
2021,"30631",76,105
2021,"30633",59,31
2021,"30635",54,79
2021,"30636",42,56
2021,"30637",78,114
2021,"30639",860,1814
2021,"30641",171,136
2021,"30645",89,66
2021,"30646",160,136
2021,"30701",26,28
2021,"30702",125,90
2021,"30703",27,13
2021,"30704",529,468
2021,"30706",191,127
2021,"30708",46,40
2021,"30709",116,93
2021,"30710",245,260
2021,"30711",69,95
2021,"30712",40,51
2021,"30713",65,53
2021,"30715",11,17
2021,"30716",186,146
2021,"30718",59,46
2021,"30719",90,59
2021,"30721",90,54
2021,"30722",62,38
2021,"30724",117,65
2021,"30726",70,105
2021,"30728",36,49
2021,"30729",218,181
2021,"30730",243,214
2021,"30731",175,182
2021,"30732",563,294
2021,"30733",42,46
2021,"30734",96,93
2021,"30735",279,254
2021,"30736",200,120
2021,"30737",81,64
2021,"30738",46,34
2021,"30739",145,130
2021,"30740",1428,3871
2021,"30741",62,81
2021,"30801",5,7
2021,"30802",17,0
2021,"30803",185,170
2021,"30804",91,59
2021,"30805",97,71
2021,"30808",533,455
2021,"30810",60,75
2021,"30811",120,93
2021,"30812",42,36
2021,"30813",52,65
2021,"30814",99,72
2021,"30817",711,614
2021,"30819",24,7
2021,"30821",561,515
2021,"30822",1,4
2021,"30824",69,62
2021,"30825",33,31
2021,"30826",76,53
2021,"30827",117,112
2021,"30828",30,41
2021,"30829",32,26
2021,"30830",134,123
2021,"30831",143,134
2021,"30834",14,29
2021,"30835",145,127
2021,"30836",35,30
2021,"30838",127,118
2021,"30841",69,69
2021,"30842",102,81
2021,"30844",92,63
2021,"30845",92,60
2021,"30846",6,10
2021,"30848",57,51
2021,"30849",27,21
2021,"30850",90,52
2021,"30852",102,60
2021,"30854",26,31
2021,"30856",791,533
2021,"30857",52,26
2021,"30858",75,59
2021,"30859",29,25
2021,"30860",63,74
2021,"30863",346,210
2021,"30865",43,28
2021,"30902",62,39
2021,"30903",61,78
2021,"30904",32,21
2021,"30906",47,36
2021,"30908",239,279
2021,"30909",72,84
2021,"30910",35,38
2021,"30912",37,29
2021,"30913",22,31
2021,"30915",21,13
2021,"30916",169,166
2021,"30917",17,24
2021,"30920",81,63
2021,"30921",27,50
2021,"30925",120,127
2021,"30929",28,19
2021,"30932",41,46
2021,"30935",215,218
2021,"30939",47,32
2021,"30940",25,30
2021,"30942",106,69
2021,"31001",25,36
2021,"31008",159,120
2021,"31009",86,63
2021,"31014",59,56
2021,"31015",79,42
2021,"31016",53,43
2021,"31018",110,83
2021,"31019",66,28
2021,"31021",62,55
2021,"31022",832,604
2021,"31025",18,26
2021,"31026",83,63
2021,"31028",38,51
2021,"31033",45,42
2021,"31035",55,54
2021,"31036",66,83
2021,"31037",326,202
2021,"31038",37,40
2021,"31041",38,33
2021,"31042",50,41
2021,"31043",99,73
2021,"31051",99,90
2021,"31052",85,93
2021,"31053",148,95
2021,"31101",14,15
2021,"31102",35,45
2021,"31103",48,50
2021,"31104",26,54
2021,"31105",218,144
2021,"31106",154,146
2021,"31107",58,34
2021,"31109",514,384
2021,"31110",33,36
2021,"31111",22,14
2021,"31113",25,25
2021,"31114",36,39
2021,"31117",17,28
2021,"31119",9,21
2021,"31120",43,30
2021,"31121",47,62
2021,"31123",31,32
2021,"31124",68,59
2021,"31129",40,56
2021,"31130",26,33
2021,"31201",245,248
2021,"31202",76,60
2021,"31203",98,99
2021,"31204",53,49
2021,"31205",86,83
2021,"31206",126,113
2021,"31207",169,136
2021,"31208",100,134
2021,"31213",877,758
2021,"31214",366,422
2021,"31215",43,41
2021,"31216",219,178
2021,"31224",41,48
2021,"31226",149,209
2021,"31227",83,122
2021,"31228",46,32
2021,"31229",61,79
2021,"31230",836,772
2021,"31234",35,61
2021,"31235",676,557
2021,"31301",25,21
2021,"31302",33,26
2021,"31303",59,25
2021,"31304",20,42
2021,"31308",96,102
2021,"31309",150,178
2021,"31310",93,83
2021,"31311",173,129
2021,"31315",84,103
2021,"31319",45,58
2021,"31321",34,33
2021,"31322",304,255
2021,"31323",46,49
2021,"31324",75,62
2021,"31326",35,28
2021,"31327",175,154
2021,"31330",30,34
2021,"31333",136,78
2021,"31336",71,52
2021,"31337",78,110
2021,"31338",30,43
2021,"31340",47,22
2021,"31343",97,103
2021,"31344",29,50
2021,"31346",81,61
2021,"31347",30,40
2021,"31350",27,32
2021,"31351",39,34
2021,"31355",49,61
2021,"31356",36,45
2021,"31401",14,18
2021,"31402",95,76
2021,"31403",205,147
2021,"31404",48,60
2021,"31405",59,56
2021,"31406",35,24
2021,"31407",159,157
2021,"31408",45,57
2021,"31409",31,43
2021,"31410",59,62
2021,"31411",56,61
2021,"31412",150,150
2021,"31413",229,263
2021,"31414",78,79
2021,"31502",27,38
2021,"31503",61,81
2021,"31504",50,76
2021,"31505",155,140
2021,"31506",4,15
2021,"31507",90,94
2021,"31508",77,56
2021,"31509",87,112
2021,"31511",55,60
2021,"31513",111,55
2021,"31514",98,125
2021,"31515",51,48
2021,"31516",76,59
2021,"31517",87,58
2021,"31519",36,64
2021,"31520",230,199
2021,"31521",188,112
2021,"31522",75,92
2021,"31523",60,45
2021,"31524",348,349
2021,"31525",34,45
2021,"31527",124,100
2021,"31528",36,41
2021,"31530",114,113
2021,"31531",114,105
2021,"31533",268,220
2021,"31534",75,82
2021,"31535",13,19
2021,"31537",84,94
2021,"31539",106,129
2021,"31540",53,55
2021,"31541",27,30
2021,"31542",28,51
2021,"31543",36,36
2021,"31546",65,44
2021,"31549",348,285
2021,"31550",50,48
2021,"31551",97,89
2021,"31552",106,58
2021,"31553",77,86
2021,"31601",52,26
2021,"31603",80,51
2021,"31604",80,72
2021,"31605",49,48
2021,"31606",50,52
2021,"31608",22,15
2021,"31609",19,29
2021,"31611",34,18
2021,"31612",178,140
2021,"31613",25,25
2021,"31614",92,77
2021,"31615",69,46
2021,"31616",29,35
2021,"31617",68,36
2021,"31620",57,57
2021,"31621",21,31
2021,"31622",37,67
2021,"31627",60,71
2021,"31628",146,68
2021,"31629",258,219
2021,"31630",90,60
2021,"31633",662,495
2021,"31634",81,89
2021,"31636",43,27
2021,"31642",39,43
2021,"31644",303,244
2021,"31645",37,39
2021,"31646",40,22
2021,"31649",48,45
2021,"31650",45,55
2021,"31651",143,130
2021,"31652",18,20
2021,"31653",68,47
2021,"31654",80,78
2021,"31655",338,259
2021,"31658",11,10
2021,"31701",175,69
2021,"31702",171,168
2021,"31703",311,242
2021,"31704",608,648
2021,"31706",53,74
2021,"31707",115,98
2021,"31709",190,175
2021,"31710",480,460
2021,"31711",60,61
2021,"31712",261,276
2021,"31713",162,165
2021,"31714",49,51
2021,"31715",319,176
2021,"31716",609,499
2021,"31717",1257,1264
2021,"31718",130,117
2021,"31719",650,669
2021,"31723",563,443
2021,"31725",474,472
2021,"31726",133,129
2021,"31801",18,16
2021,"31802",111,88
2021,"31803",65,62
2021,"31804",53,66
2021,"31805",7,14
2021,"31806",7,18
2021,"31807",55,41
2021,"31808",101,80
2021,"31809",32,31
2021,"31810",351,277
2021,"31811",113,110
2021,"31812",81,72
2021,"31813",102,85
2021,"31814",119,80
2021,"31815",19,26
2021,"31817",94,93
2021,"31818",703,705
2021,"31820",16,25
2021,"31821",136,128
2021,"31823",166,159
2021,"31825",30,25
2021,"31826",96,71
2021,"31827",15,9
2021,"31829",167,414
2021,"31830",17,19
2021,"31831",142,83
2021,"31832",118,90
2021,"31833",51,71
2021,"31834",22,15
2021,"31835",181,139
2021,"31836",22,20
2021,"31837",85,72
2021,"31838",49,45
2021,"31839",763,674
2021,"31840",50,65
2021,"31841",17,26
2021,"31842",1,2
2021,"31843",79,39
2021,"31844",44,65
2021,"31845",31,27
2021,"31846",121,140
2021,"31847",96,61
2021,"31848",51,44
2021,"31849",59,60
2021,"31901",175,150
2021,"31902",104,90
2021,"31903",214,222
2021,"31904",59,88
2021,"31905",303,260
2021,"31906",72,81
2021,"31907",42,32
2021,"31909",92,82
2021,"31910",49,61
2021,"31911",77,79
2021,"31912",430,374
2021,"31913",93,76
2021,"31915",54,72
2021,"31916",107,96
2021,"31917",90,68
2021,"31918",131,126
2021,"31919",219,119
2021,"31920",13,28
2021,"31921",260,130
2021,"31922",65,107
2021,"31923",38,49
2021,"31925",47,37
2021,"31926",400,422
2021,"31927",97,80
2021,"31928",59,62
2021,"31929",244,161
2021,"31930",72,108
2021,"31932",157,113
2021,"31934",149,173
2021,"31935",101,118
2021,"31938",58,34
2021,"31939",5,14
2021,"31940",127,111
2021,"31941",39,46
2021,"31943",297,281
2021,"31945",50,61
2021,"31946",80,58
2021,"31947",277,303
2021,"31948",102,155
2021,"31949",283,245
2021,"31950",181,156
2021,"31951",410,388
2021,"31952",545,540
2021,"31953",189,166
2021,"31954",79,83
2021,"32001",70,111
2021,"32002",38,35
2021,"32003",94,105
2021,"32004",43,36
2021,"32005",36,43
2021,"32006",79,80
2021,"32007",11,26
2021,"32008",176,176
2021,"32009",60,51
2021,"32010",38,23
2021,"32011",34,30
2021,"32012",30,34
2021,"32013",168,117
2021,"32014",72,68
2021,"32015",36,55
2021,"32016",348,317
2021,"32017",136,150
2021,"32018",40,59
2021,"32101",147,83
2021,"32104",168,124
2021,"32106",86,55
2021,"32107",185,87
2021,"32109",37,27
2021,"32110",165,95
2021,"32112",138,128
2021,"32114",128,102
2021,"32115",57,50
2021,"32116",96,130
2021,"32119",167,117
2021,"32120",437,298
2021,"32131",402,301
2021,"32132",115,104
2021,"32134",273,108
2021,"32135",985,740
2021,"32139",98,81
2021,"32140",111,109
2021,"32141",177,170
2021,"32142",362,405
2021,"32143",72,69
2021,"32144",1183,1249
2021,"32202",45,40
2021,"32203",34,58
2021,"32206",31,40
2021,"32207",141,159
2021,"32209",42,51
2021,"32210",39,36
2021,"32212",23,28
2021,"32214",34,23
2021,"32216",166,65
2021,"32217",77,49
2021,"32219",88,92
2021,"32220",253,254
2021,"32221",44,32
2021,"32222",19,8
2021,"32223",39,20
2021,"32301",174,136
2021,"32302",51,20
2021,"32304",190,212
2021,"32305",255,277
2021,"32306",213,193
2021,"32307",295,239
2021,"32308",109,90
2021,"32309",27,40
2021,"32310",25,31
2021,"32311",88,58
2021,"32312",47,33
2021,"32313",86,118
2021,"32314",71,55
2021,"32315",59,52
2021,"32316",265,162
2021,"32317",27,26
2021,"32318",186,130
2021,"32319",181,142
2021,"32320",93,106
2021,"32321",17,26
2021,"32322",28,27
2021,"32323",124,125
2021,"32324",9,21
2021,"32325",35,39
2021,"32326",32,15
2021,"32327",330,237
2021,"32330",268,177
2021,"32331",55,65
2021,"32332",125,157
2021,"32333",57,72
2021,"32334",68,48
2021,"32335",47,32
2021,"32336",75,78
2021,"32337",268,206
2021,"32338",80,66
2021,"32501",89,77
2021,"32502",36,43
2021,"32503",6,15
2021,"32504",48,36
2021,"32505",61,73
2021,"32506",13,21
2021,"32508",105,122
2021,"32509",33,36
2021,"32511",11,24
2021,"32514",20,15
2021,"32515",31,36
2021,"32516",38,35
2021,"32517",20,21
2021,"32518",48,47
2021,"32519",24,17
2021,"32520",46,30
2021,"32521",48,28
2021,"32522",36,47
2021,"32523",15,23
2021,"32524",55,80
2021,"32525",57,42
2021,"32528",30,23
2021,"32529",23,42
2021,"32530",340,253
2021,"40101",8722,9785
2021,"40201",1429,1712
2021,"40301",2635,2913
2021,"40401",224,220
2021,"40402",84,109
2021,"40403",52,17
2021,"40404",706,755
2021,"40405",129,136
2021,"40406",189,112
2021,"40407",142,69
2021,"40408",57,70
2021,"40409",49,56
2021,"40410",32,41
2021,"40411",20,12
2021,"40412",36,43
2021,"40413",245,290
2021,"40414",61,90
2021,"40415",74,57
2021,"40416",46,35
2021,"40417",44,35
2021,"40418",230,180
2021,"40419",121,87
2021,"40420",61,47
2021,"40421",507,480
2021,"40422",280,180
2021,"40423",48,51
2021,"40424",67,57
2021,"40425",97,68
2021,"40426",130,210
2021,"40427",99,111
2021,"40428",185,108
2021,"40429",121,30
2021,"40430",49,45
2021,"40431",73,83
2021,"40432",52,67
2021,"40433",37,35
2021,"40434",31,27
2021,"40435",22,17
2021,"40436",67,77
2021,"40437",151,163
2021,"40438",103,84
2021,"40439",41,25
2021,"40440",7,15
2021,"40441",224,180
2021,"40442",43,33
2021,"40443",62,73
2021,"40444",28,23
2021,"40445",20,16
2021,"40446",59,61
2021,"40501",256,243
2021,"40502",126,129
2021,"40503",327,329
2021,"40504",115,140
2021,"40505",46,30
2021,"40506",111,146
2021,"40507",116,102
2021,"40508",132,124
2021,"40509",72,79
2021,"40510",62,81
2021,"40511",116,103
2021,"40512",52,67
2021,"40601",379,384
2021,"40602",52,97
2021,"40603",75,91
2021,"40604",173,158
2021,"40605",18,29
2021,"40606",4,12
2021,"40607",89,82
2021,"40608",46,55
2021,"40609",183,106
2021,"40610",27,29
2021,"40611",45,35
2021,"40612",154,122
2021,"40613",19,24
2021,"40614",231,222
2021,"40615",115,99
2021,"40616",41,52
2021,"40617",33,29
2021,"40618",79,76
2021,"40619",34,44
2021,"40620",90,104
2021,"40621",60,49
2021,"40622",74,91
2021,"40623",29,32
2021,"40624",212,171
2021,"40625",22,29
2021,"40626",54,38
2021,"40627",106,55
2021,"40701",444,444
2021,"40702",185,180
2021,"40703",490,452
2021,"40704",184,237
2021,"40705",815,799
2021,"40706",33,51
2021,"40707",66,83
2021,"40708",124,99
2021,"40709",25,28
2021,"40710",67,85
2021,"40711",489,455
2021,"40712",25,37
2021,"40713",463,520
2021,"40714",277,247
2021,"40715",90,66
2021,"40716",51,41
2021,"40717",114,105
2021,"40718",105,77
2021,"40719",187,162
2021,"40720",309,291
2021,"40801",45,37
2021,"40802",353,261
2021,"40804",20,20
2021,"40805",186,185
2021,"40806",173,118
2021,"40807",53,49
2021,"40808",342,322
2021,"40809",99,65
2021,"40810",15,22
2021,"40811",91,79
2021,"40812",91,110
2021,"40813",86,80
2021,"40814",42,52
2021,"40815",65,39
2021,"40816",61,64
2021,"40817",42,55
2021,"40818",97,120
2021,"40820",23,14
2021,"40821",44,41
2021,"40822",90,52
2021,"40823",50,52
2021,"40824",47,66
2021,"40825",60,91
2021,"40826",24,15
2021,"40827",156,151
2021,"40828",38,34
2021,"40829",94,75
2021,"40830",36,40
2021,"40831",157,87
2021,"40832",138,117
2021,"40833",70,89
2021,"40834",35,26
2021,"40835",184,173
2021,"40901",31,30
2021,"40902",237,192
2021,"40903",34,37
2021,"40904",88,79
2021,"40905",391,326
2021,"40906",44,55
2021,"40907",236,234
2021,"40908",330,248
2021,"40909",129,164
2021,"40910",92,100
2021,"40911",21,17
2021,"40912",232,217
2021,"40913",148,105
2021,"40914",34,30
2021,"40915",51,94
2021,"40916",26,18
2021,"40917",136,149
2021,"40918",86,99
2021,"40919",22,25
2021,"40920",65,105
2021,"40921",19,25
2021,"40922",116,168
2021,"40923",150,106
2021,"41001",70,81
2021,"41002",1139,1010
2021,"41003",395,480
2021,"41004",46,29
2021,"41005",646,652
2021,"41006",67,58
2021,"41007",380,318
2021,"41008",125,65
2021,"41009",177,141
2021,"41010",184,116
2021,"41011",159,161
2021,"41012",1779,1915
2021,"41013",406,258
2021,"41014",353,301
2021,"41015",93,90
2021,"41016",64,69
2021,"41017",543,601
2021,"41018",85,93
2021,"41019",212,165
2021,"41020",243,230
2021,"41021",1425,1598
2021,"41022",240,303
2021,"41101",59,72
2021,"41102",72,67
2021,"41103",110,88
2021,"41104",20,18
2021,"41105",141,119
2021,"41106",182,144
2021,"41107",41,49
2021,"41108",392,572
2021,"41109",145,122
2021,"41110",206,212
2021,"41111",276,289
2021,"41112",92,63
2021,"41113",57,52
2021,"41114",160,200
2021,"41115",32,40
2021,"41116",546,409
2021,"41117",27,30
2021,"41118",153,169
2021,"41119",46,42
2021,"41120",287,204
2021,"41121",143,126
2021,"41122",28,27
2021,"41123",52,95
2021,"41124",247,265
2021,"41125",56,73
2021,"41126",84,80
2021,"41201",40,35
2021,"41202",54,48
2021,"41203",190,155
2021,"41204",94,110
2021,"41205",39,42
2021,"41206",19,17
2021,"41207",95,101
2021,"41208",41,61
2021,"41209",90,83
2021,"41210",21,26
2021,"41211",43,22
2021,"41212",36,50
2021,"41213",63,85
2021,"41214",141,126
2021,"41215",86,84
2021,"41216",8,18
2021,"41217",41,27
2021,"41218",124,110
2021,"41219",122,105
2021,"41220",81,58
2021,"41221",61,44
2021,"41222",13,21
2021,"41223",34,52
2021,"41224",72,74
2021,"41225",1007,793
2021,"41226",23,29
2021,"41227",31,29
2021,"41228",110,89
2021,"41229",47,36
2021,"41230",45,44
2021,"41231",83,97
2021,"41232",47,64
2021,"41233",57,73
2021,"41234",89,101
2021,"41235",15,29
2021,"41236",12,17
2021,"41304",108,172
2021,"41305",30,28
2021,"41306",15,18
2021,"41307",28,18
2021,"41309",142,105
2021,"41311",8,26
2021,"41312",43,49
2021,"41313",43,56
2021,"41314",33,41
2021,"41315",61,84
2021,"41316",80,38
2021,"41317",30,38
2021,"41318",85,59
2021,"41319",9,12
2021,"41320",9,11
2021,"41321",114,98
2021,"41322",18,29
2021,"41323",56,51
2021,"41324",18,32
2021,"41325",44,52
2021,"41326",35,35
2021,"41327",31,41
2021,"41328",54,64
2021,"41329",51,32
2021,"41331",34,20
2021,"41332",145,198
2021,"41333",16,22
2021,"41334",42,61
2021,"41336",29,25
2021,"41337",53,28
2021,"41338",54,59
2021,"41341",21,17
2021,"41342",120,95
2021,"41343",135,117
2021,"41344",298,239
2021,"41345",49,52
2021,"41346",40,29
2021,"41401",47,28
2021,"41402",187,188
2021,"41403",118,122
2021,"41404",49,65
2021,"41405",45,42
2021,"41406",61,39
2021,"41407",43,25
2021,"41408",44,42
2021,"41409",87,45
2021,"41410",26,42
2021,"41411",52,51
2021,"41412",10,9
2021,"41413",65,67
2021,"41414",96,108
2021,"41415",51,38
2021,"41416",102,109
2021,"41417",27,32
2021,"41418",140,161
2021,"41419",77,70
2021,"41420",43,38
2021,"41421",37,43
2021,"41422",305,306
2021,"41423",59,64
2021,"41424",32,21
2021,"41425",246,202
2021,"41426",122,192
2021,"41427",9,16
2021,"41428",34,50
2021,"41429",50,53
2021,"41430",98,53
2021,"41501",101,96
2021,"41502",75,103
2021,"41503",347,274
2021,"41504",154,151
2021,"41505",42,28
2021,"41506",428,386
2021,"41507",54,71
2021,"41508",21,42
2021,"41509",96,63
2021,"41510",40,42
2021,"41511",110,118
2021,"41512",32,65
2021,"41513",74,65
2021,"41514",130,123
2021,"41515",66,53
2021,"41516",448,359
2021,"41517",112,111
2021,"41518",60,105
2021,"41521",169,91
2021,"41522",142,177
2021,"41601",139,162
2021,"41602",182,155
2021,"41603",181,162
2021,"41604",67,88
2021,"41605",597,406
2021,"41606",310,287
2021,"41607",385,402
2021,"41608",18,37
2021,"41609",249,197
2021,"41610",47,35
2021,"41611",138,113
2021,"41612",89,84
2021,"41613",113,96
2021,"41614",152,120
2021,"41615",84,120
2021,"41616",15,16
2021,"41617",235,221
2021,"41618",207,171
2021,"41619",78,71
2021,"41620",53,50
2021,"41621",56,45
2021,"41622",76,46
2021,"41623",63,41
2021,"41624",419,403
2021,"41626",253,179
2021,"41627",97,118
2021,"41628",70,57
2021,"41701",113,140
2021,"41702",79,82
2021,"41703",483,553
2021,"41704",56,44
2021,"41705",90,56
2021,"41706",62,31
2021,"41707",86,87
2021,"41708",43,26
2021,"41709",375,279
2021,"41710",210,182
2021,"41711",166,110
2021,"41712",54,53
2021,"41713",337,349
2021,"41714",34,26
2021,"41715",535,488
2021,"41716",102,105
2021,"41717",44,32
2021,"41718",54,66
2021,"41719",53,62
2021,"41720",84,85
2021,"41721",53,50
2021,"41722",200,186
2021,"41723",116,66
2021,"41724",43,24
2021,"41725",47,24
2021,"41726",106,98
2021,"41727",39,46
2021,"41728",25,15
2021,"41729",14,25
2021,"41730",86,90
2021,"41731",343,390
2021,"41732",193,122
2021,"41733",0,1
2021,"41734",410,984
2021,"41735",111,113
2021,"41736",80,81
2021,"41737",164,181
2021,"41738",400,317
2021,"41739",281,310
2021,"41740",38,29
2021,"41741",64,57
2021,"41742",184,189
2021,"41743",385,363
2021,"41744",38,51
2021,"41745",63,61
2021,"41746",848,779
2021,"41747",272,230
2021,"41748",34,21
2021,"41749",44,62
2021,"41750",64,122
2021,"41751",107,92
2021,"41752",38,51
2021,"41801",42,30
2021,"41802",24,33
2021,"41803",86,119
2021,"41804",161,203
2021,"41805",127,91
2021,"41806",153,184
2021,"41807",40,47
2021,"41808",290,244
2021,"41809",25,33
2021,"41810",109,114
2021,"41811",447,288
2021,"41812",689,715
2021,"41813",29,43
2021,"41814",75,88
2021,"41815",48,36
2021,"41816",132,107
2021,"41817",133,187
2021,"41818",52,70
2021,"41819",106,73
2021,"41820",258,214
2021,"41821",85,83
2021,"41822",208,101
2021,"41823",307,382
2021,"41824",262,165
2021,"50101",5114,6345
2021,"50201",130,142
2021,"50202",94,118
2021,"50203",46,60
2021,"50204",194,176
2021,"50205",824,969
2021,"50206",10,22
2021,"50207",294,242
2021,"50208",235,247
2021,"50209",343,376
2021,"50210",18,15
2021,"50211",38,54
2021,"50212",32,57
2021,"50213",115,102
2021,"50301",251,222
2021,"50302",110,150
2021,"50303",667,5092
2021,"50304",107,83
2021,"50305",245,228
2021,"50306",64,54
2021,"50307",49,75
2021,"50308",150,168
2021,"50309",236,264
2021,"50310",412,358
2021,"50311",88,90
2021,"50312",99,141
2021,"50313",23,31
2021,"50314",406,400
2021,"50315",101,97
2021,"50316",222,210
2021,"50317",214,248
2021,"50318",6,12
2021,"50319",198,198
2021,"50320",94,105
2021,"50321",141,172
2021,"50322",197,193
2021,"50323",144,152
2021,"50324",393,334
2021,"50325",115,95
2021,"50326",373,312
2021,"50327",188,208
2021,"50328",60,64
2021,"50329",97,111
2021,"50330",205,132
2021,"50331",66,70
2021,"50332",113,93
2021,"50335",401,327
2021,"50336",112,114
2021,"50337",246,247
2021,"50338",718,612
2021,"50339",582,584
2021,"50401",196,168
2021,"50402",184,253
2021,"50403",107,150
2021,"50404",346,407
2021,"50405",64,55
2021,"50406",100,102
2021,"50407",33,61
2021,"50408",148,122
2021,"50409",10,8
2021,"50410",125,92
2021,"50411",63,95
2021,"50412",92,91
2021,"50413",17,25
2021,"50414",13,14
2021,"50415",63,64
2021,"50416",104,85
2021,"50417",176,228
2021,"50418",432,461
2021,"50419",81,72
2021,"50420",154,146
2021,"50421",212,199
2021,"50422",17,34
2021,"50423",99,101
2021,"50424",153,127
2021,"50425",35,34
2021,"50501",2,6
2021,"50502",13,12
2021,"50503",114,67
2021,"50504",76,51
2021,"50505",13,16
2021,"50506",34,30
2021,"50507",16,30
2021,"50508",13,28
2021,"50509",87,99
2021,"50510",205,220
2021,"50511",4,9
2021,"50512",11,12
2021,"50513",33,41
2021,"50514",6,8
2021,"50515",15,21
2021,"50601",102,73
2021,"50602",304,284
2021,"50603",14,20
2021,"50604",29,41
2021,"50605",36,55
2021,"50606",146,166
2021,"50607",14,25
2021,"50608",111,94
2021,"50609",129,129
2021,"50610",66,67
2021,"50611",119,174
2021,"50612",64,78
2021,"50613",322,274
2021,"50614",74,100
2021,"50615",95,117
2021,"50616",135,117
2021,"50617",89,49
2021,"50618",93,152
2021,"50619",546,484
2021,"50620",42,61
2021,"50621",44,75
2021,"50622",107,155
2021,"50623",68,34
2021,"50624",110,130
2021,"50625",17,21
2021,"50626",33,51
2021,"50627",5,16
2021,"50628",464,506
2021,"60101",10599,12770
2021,"60305",185,148
2021,"60318",259,184
2021,"60323",125,96
2021,"60324",168,71
2021,"60326",96,78
2021,"60329",62,85
2021,"60341",64,54
2021,"60344",553,481
2021,"60345",296,279
2021,"60346",209,204
2021,"60347",129,157
2021,"60348",150,143
2021,"60349",145,187
2021,"60350",362,358
2021,"60351",198,211
2021,"60608",671,484
2021,"60611",250,222
2021,"60613",699,527
2021,"60617",461,304
2021,"60618",81,78
2021,"60619",278,191
2021,"60623",157,98
2021,"60624",638,463
2021,"60626",87,140
2021,"60628",236,192
2021,"60629",491,348
2021,"60632",180,155
2021,"60639",58,42
2021,"60641",65,48
2021,"60642",122,96
2021,"60645",140,110
2021,"60646",152,134
2021,"60647",28,18
2021,"60648",183,122
2021,"60651",102,77
2021,"60653",251,164
2021,"60654",85,77
2021,"60655",176,125
2021,"60656",62,75
2021,"60659",254,238
2021,"60660",244,173
2021,"60661",386,276
2021,"60662",221,223
2021,"60663",263,243
2021,"60664",565,515
2021,"60665",341,325
2021,"60666",155,106
2021,"60667",248,243
2021,"60668",163,152
2021,"60669",999,782
2021,"60670",563,431
2021,"61001",123,76
2021,"61002",87,74
2021,"61007",80,60
2021,"61008",107,88
2021,"61012",330,201
2021,"61013",102,100
2021,"61016",97,88
2021,"61017",77,97
2021,"61019",29,54
2021,"61020",71,83
2021,"61021",111,138
2021,"61024",129,104
2021,"61027",88,66
2021,"61030",79,71
2021,"61032",69,66
2021,"61033",95,97
2021,"61043",333,197
2021,"61045",536,453
2021,"61049",120,161
2021,"61050",200,172
2021,"61051",105,114
2021,"61052",118,101
2021,"61053",1039,852
2021,"61054",103,137
2021,"61055",72,63
2021,"61057",84,82
2021,"61059",413,396
2021,"61060",223,176
2021,"61061",279,311
2021,"61101",86,133
2021,"61105",29,36
2021,"61106",109,63
2021,"61107",51,56
2021,"61108",1406,1482
2021,"61109",75,67
2021,"61110",135,130
2021,"61111",65,62
2021,"61112",11,16
2021,"61113",169,155
2021,"61114",116,128
2021,"61115",72,94
2021,"61116",54,55
2021,"61118",267,155
2021,"61119",15,13
2021,"61120",416,391
2021,"61203",99,101
2021,"61204",68,83
2021,"61205",38,29
2021,"61206",126,49
2021,"61207",215,162
2021,"61213",154,148
2021,"61215",30,38
2021,"61217",80,93
2021,"61222",85,71
2021,"61236",110,71
2021,"61243",59,86
2021,"61247",185,154
2021,"61251",5,13
2021,"61252",36,52
2021,"61253",164,153
2021,"61254",51,54
2021,"61255",138,174
2021,"61256",64,45
2021,"61257",153,161
2021,"61258",69,91
2021,"61259",399,447
2021,"61260",52,49
2021,"61261",77,76
2021,"61262",73,98
2021,"61263",244,233
2021,"61264",70,96
2021,"61265",214,242
2021,"61266",39,39
2021,"61267",122,153
2021,"61410",27,31
2021,"61413",13,30
2021,"61425",33,57
2021,"61428",27,41
2021,"61437",23,29
2021,"61438",155,160
2021,"61439",116,114
2021,"61440",65,75
2021,"61441",26,42
2021,"61442",43,47
2021,"61443",59,49
2021,"61444",68,87
2021,"61445",73,66
2021,"61446",100,108
2021,"61611",103,94
2021,"61612",175,119
2021,"61615",130,125
2021,"61618",109,171
2021,"61621",17,28
2021,"61624",135,95
2021,"61625",638,482
2021,"61626",348,272
2021,"61627",56,66
2021,"61628",55,46
2021,"61629",23,46
2021,"61630",63,64
2021,"61631",504,465
2021,"61632",181,175
2021,"61633",197,191
2021,"61701",137,133
2021,"61708",36,46
2021,"61710",62,40
2021,"61711",16,28
2021,"61716",136,146
2021,"61719",189,184
2021,"61727",182,199
2021,"61728",17,32
2021,"61729",82,76
2021,"61730",81,85
2021,"61731",46,47
2021,"61740",63,64
2021,"61741",30,33
2021,"61743",18,14
2021,"61744",8,14
2021,"61745",30,34
2021,"61746",182,159
2021,"61748",269,217
2021,"61750",32,47
2021,"61751",98,104
2021,"61756",127,130
2021,"61757",183,147
2021,"61758",33,50
2021,"61759",101,58
2021,"61760",742,636
2021,"61761",53,46
2021,"61762",122,84
2021,"61763",119,109
2021,"61764",152,169
2021,"61765",342,281
2021,"61766",611,614
2021,"62007",403,411
2021,"62008",31,38
2021,"62010",3,8
2021,"62014",92,80
2021,"62021",10,11
2021,"62026",30,20
2021,"62032",34,38
2021,"62034",26,21
2021,"62036",61,36
2021,"62038",354,435
2021,"62039",109,70
2021,"62040",522,513
2021,"62041",733,688
2021,"62042",134,86
2021,"62043",95,95
2021,"62044",59,77
2021,"62045",111,85
2021,"62046",135,112
2021,"62047",222,243
2021,"62048",223,184
2021,"62105",35,71
2021,"62115",238,169
2021,"62116",131,133
2021,"62125",176,91
2021,"62128",196,183
2021,"62131",306,365
2021,"62132",38,51
2021,"62135",46,54
2021,"62138",88,89
2021,"62139",902,740
2021,"62140",777,1078
2021,"62141",355,298
2021,"62142",125,118
2021,"62143",409,411
2021,"62144",134,119
2021,"62145",226,267
2021,"62146",252,187
2021,"62147",95,92
2021,"62148",50,74
2021,"62202",62,95
2021,"62205",85,69
2021,"62206",76,76
2021,"62209",43,48
2021,"62211",113,73
2021,"62214",146,105
2021,"62216",39,61
2021,"62219",413,394
2021,"62220",92,103
2021,"62226",91,101
2021,"62232",77,61
2021,"62233",135,119
2021,"62235",44,73
2021,"62242",17,32
2021,"62244",155,97
2021,"62245",29,43
2021,"62247",22,30
2021,"62252",52,47
2021,"62256",113,88
2021,"62262",58,72
2021,"62264",161,137
2021,"62265",51,42
2021,"62266",108,94
2021,"62267",492,344
2021,"62268",126,77
2021,"62269",90,83
2021,"62270",50,51
2021,"62271",138,154
2021,"62272",177,161
2021,"62273",83,71
2021,"62274",125,79
2021,"62275",165,163
2021,"62276",56,84
2021,"62277",78,83
2021,"62278",100,129
2021,"62279",22,40
2021,"62311",65,49
2021,"62314",52,38
2021,"62326",70,57
2021,"62330",37,42
2021,"62332",53,50
2021,"62335",36,53
2021,"62343",83,45
2021,"62368",43,37
2021,"62372",57,45
2021,"62375",282,223
2021,"62376",160,123
2021,"62377",55,72
2021,"62378",294,276
2021,"62379",590,649
2021,"62380",158,166
2021,"62381",100,110
2021,"62382",155,179
2021,"62383",138,136
2021,"62384",119,109
2021,"62385",106,84
2021,"62386",193,196
2021,"62387",64,68
2021,"62388",89,94
2021,"62389",74,131
2021,"62390",92,117
2021,"70101",4818,6270
2021,"70201",114,104
2021,"70202",221,169
2021,"70203",476,471
2021,"70204",31,12
2021,"70205",19,32
2021,"70206",30,14
2021,"70207",35,30
2021,"70208",108,124
2021,"70209",205,123
2021,"70210",24,12
2021,"70211",68,53
2021,"70212",102,75
2021,"70213",75,85
2021,"70214",102,112
2021,"70215",137,100
2021,"70216",86,84
2021,"70217",26,26
2021,"70218",56,83
2021,"70219",99,76
2021,"70220",99,97
2021,"70221",65,81
2021,"70222",106,115
2021,"70223",125,124
2021,"70224",100,70
2021,"70301",261,275
2021,"70302",197,164
2021,"70303",102,121
2021,"70304",317,234
2021,"70305",62,67
2021,"70306",75,103
2021,"70307",23,36
2021,"70308",58,70
2021,"70309",107,106
2021,"70310",210,242
2021,"70311",37,28
2021,"70312",188,246
2021,"70313",87,96
2021,"70314",12,13
2021,"70315",79,51
2021,"70317",17,11
2021,"70318",80,60
2021,"70319",166,166
2021,"70320",132,139
2021,"70322",81,91
2021,"70323",25,30
2021,"70325",56,60
2021,"70326",112,118
2021,"70328",102,104
2021,"70329",253,226
2021,"70331",87,102
2021,"70332",97,80
2021,"70333",68,62
2021,"70334",165,150
2021,"70335",77,110
2021,"70336",19,8
2021,"70337",89,107
2021,"70338",50,39
2021,"70339",68,63
2021,"70340",84,54
2021,"70342",70,65
2021,"70343",57,42
2021,"70344",105,119
2021,"70345",57,73
2021,"70346",471,499
2021,"70347",8,5
2021,"70348",98,69
2021,"70349",9,13
2021,"70350",47,64
2021,"70351",134,165
2021,"70352",41,39
2021,"70353",83,81
2021,"70354",915,852
2021,"70355",150,122
2021,"70356",75,60
2021,"70357",616,679
2021,"70358",239,208
2021,"70359",44,41
2021,"70360",74,95
2021,"70361",36,7
2021,"70362",12,18
2021,"70364",398,331
2021,"70365",233,235
2021,"70366",30,35
2021,"70367",467,358
2021,"70368",20,30
2021,"70369",337,414
2021,"70370",132,124
2021,"70401",59,58
2021,"70402",73,79
2021,"70403",453,419
2021,"70404",61,71
2021,"70405",45,54
2021,"70406",152,173
2021,"70407",67,75
2021,"70408",30,46
2021,"70409",179,179
2021,"70410",193,190
2021,"70411",241,345
2021,"70412",82,120
2021,"70413",93,101
2021,"70414",70,71
2021,"70415",44,38
2021,"70416",392,441
2021,"70417",73,62
2021,"70418",36,23
2021,"70419",63,58
2021,"70420",94,99
2021,"70501",31,36
2021,"70502",43,68
2021,"70503",181,169
2021,"70504",46,25
2021,"70505",100,135
2021,"70506",178,198
2021,"70508",297,246
2021,"70509",81,113
2021,"70510",35,45
2021,"70511",315,304
2021,"70512",251,244
2021,"70513",767,841
2021,"70514",254,199
2021,"70515",195,199
2021,"70516",17,19
2021,"70517",171,118
2021,"70518",99,96
2021,"70519",22,19
2021,"70520",118,135
2021,"70521",49,68
2021,"70522",176,180
2021,"70523",16,16
2021,"70524",114,42
2021,"70525",104,117
2021,"70526",95,129
2021,"70527",76,107
2021,"70528",83,71
2021,"70529",93,64
2021,"70530",113,113
2021,"70531",748,726
2021,"70601",15,19
2021,"70602",10,13
2021,"70603",39,38
2021,"70604",81,93
2021,"70605",39,44
2021,"70606",15,14
2021,"70607",48,33
2021,"70608",31,31
2021,"70609",34,39
2021,"70610",21,5
2021,"70611",21,25
2021,"70612",36,19
2021,"70613",12,16
2021,"70614",245,317
2021,"70615",15,26
2021,"70616",28,67
2021,"70617",47,66
2021,"70618",23,26
2021,"70619",65,105
2021,"70620",56,48
2021,"70621",60,56
2021,"70622",104,49
2021,"70623",16,25
2021,"70624",44,39
2021,"70625",6,5
2021,"70626",14,12
2021,"70627",16,24
2021,"70628",11,13
2021,"70629",21,29
2021,"70630",179,150
2021,"70701",9,23
2021,"70702",49,40
2021,"70703",22,24
2021,"70704",17,31
2021,"70705",28,65
2021,"70706",6,17
2021,"70707",74,76
2021,"70708",39,43
2021,"70709",14,17
2021,"70710",10,12
2021,"70711",26,34
2021,"70712",26,22
2021,"70713",13,13
2021,"70714",14,12
2021,"70715",31,32
2021,"70716",445,482
2021,"70717",87,85
2021,"70718",26,27
2021,"70719",159,133
2021,"70720",58,51
2021,"70721",14,5
2021,"70723",16,18
2021,"70724",13,16
2021,"70725",10,5
2021,"70726",12,17
2021,"70727",17,18
2021,"70728",47,37
2021,"70729",13,22
2021,"70731",22,23
2021,"70732",103,56
2021,"70733",1,3
2021,"70734",27,50
2021,"70735",7,25
2021,"70801",32,14
2021,"70802",14,19
2021,"70803",29,27
2021,"70804",16,41
2021,"70805",69,90
2021,"70806",64,37
2021,"70807",82,71
2021,"70808",19,20
2021,"70809",12,14
2021,"70810",4,7
2021,"70811",19,19
2021,"70812",0,0
2021,"70813",27,17
2021,"70814",17,23
2021,"70815",2,3
2021,"70816",63,56
2021,"70817",4,21
2021,"70818",0,1
2021,"70819",4,5
2021,"70820",103,127
2021,"70821",58,62
2021,"70822",5,8
2021,"70823",5,8
2021,"70824",8,16
2021,"70825",3,14
2021,"70826",113,46
2021,"70827",12,5
2021,"70828",337,398
2021,"70829",15,20
2021,"70830",36,25
2021,"70831",14,12
2021,"70832",17,33
2021,"70833",32,44
2021,"70834",22,8
2021,"70835",35,33
2021,"70836",45,44
2021,"70837",7,3
2021,"70901",80,68
2021,"70902",58,63
2021,"70903",5,10
2021,"70904",39,26
2021,"70905",93,99
2021,"70907",132,169
2021,"70908",47,51
2021,"70909",214,211
2021,"70910",41,48
2021,"70911",32,16
2021,"70912",8,29
2021,"70913",13,9
2021,"70914",25,13
2021,"70915",59,46
2021,"70916",30,28
2021,"70917",364,314
2021,"70918",61,69
2021,"70920",181,173
2021,"70921",70,66
2021,"70922",53,81
2021,"70923",53,72
2021,"70924",3,15
2021,"70925",49,65
2021,"70926",664,636
2021,"70927",53,58
2021,"70928",143,98
2021,"70929",3,10
2021,"70930",48,53
2021,"70931",70,101
2021,"70932",28,27
2021,"70933",127,109
2021,"70934",39,48
2021,"70935",99,81
2021,"70936",220,235
2021,"70937",135,93
2021,"70938",41,75
2021,"70939",121,120
2021,"70940",93,67
2021,"70941",16,24
2021,"80101",78,103
2021,"80102",12,17
2021,"80103",657,734
2021,"80104",218,172
2021,"80105",22,39
2021,"80106",172,172
2021,"80107",17,24
2021,"80108",36,56
2021,"80109",20,20
2021,"80110",44,54
2021,"80111",37,29
2021,"80112",26,47
2021,"80113",45,58
2021,"80114",19,11
2021,"80115",172,180
2021,"80116",320,324
2021,"80117",182,222
2021,"80118",32,27
2021,"80119",31,32
2021,"80120",61,82
2021,"80121",15,25
2021,"80122",227,195
2021,"80123",21,23
2021,"80124",24,23
2021,"80125",10,24
2021,"80126",136,95
2021,"80127",27,17
2021,"80128",78,87
2021,"80129",95,111
2021,"80201",100,114
2021,"80202",116,114
2021,"80203",49,66
2021,"80204",98,110
2021,"80205",28,30
2021,"80206",40,46
2021,"80207",1378,1629
2021,"80208",12,24
2021,"80209",18,14
2021,"80210",39,37
2021,"80211",118,154
2021,"80212",5,15
2021,"80213",229,198
2021,"80214",88,75
2021,"80215",745,617
2021,"80216",92,76
2021,"80217",401,358
2021,"80218",307,302
2021,"80219",63,56
2021,"80220",78,124
2021,"80221",74,63
2021,"80222",107,65
2021,"80223",65,73
2021,"80224",522,579
2021,"80225",63,74
2021,"80226",407,291
2021,"80227",57,79
2021,"80228",44,75
2021,"80229",24,12
2021,"80230",58,26
2021,"80231",51,43
2021,"80232",30,28
2021,"80233",40,40
2021,"80234",10,5
2021,"80235",161,171
2021,"80236",74,74
2021,"80237",18,14
2021,"80238",91,74
2021,"80239",6,11
2021,"80240",510,471
2021,"80301",2048,2187
2021,"80302",1012,916
2021,"80303",986,913
2021,"80401",365,338
2021,"80402",37,13
2021,"80403",13,12
2021,"80404",1823,1660
2021,"80405",411,367
2021,"80406",40,38
2021,"80407",132,145
2021,"80408",771,635
2021,"80409",165,226
2021,"80410",278,250
2021,"80411",29,22
2021,"80412",195,187
2021,"80413",119,91
2021,"80414",562,565
2021,"80415",25,6
2021,"80416",156,146
2021,"80417",105,109
2021,"80418",180,218
2021,"80419",27,28
2021,"80420",150,158
2021,"80421",19,20
2021,"80422",13,12
2021,"80423",170,118
2021,"80424",184,186
2021,"90101",1087,1357
2021,"90201",8609,10251
2021,"90301",8770,9335
2021,"90401",3599,4056
2021,"90501",5642,6784
2021,"90601",3489,4223
2021,"90701",3159,3798
2021,"90801",2950,3767
2021,"90901",4532,5934
2021,"91001",17007,16986
2021,"91101",7612,7302
2021,"91201",9994,9728
2021,"91301",3793,3604
2021,"91401",7320,7649
2021,"91501",8600,9633
2021,"91601",9378,10932
2021,"91701",5668,6439
2021,"91801",4379,5042
2021,"91901",5400,5474
2021,"92001",7443,8910
2021,"92101",13303,9889
2021,"92201",13384,9392
2021,"92301",9013,6049
2022,"10101",1217,1084
2022,"10201",102,94
2022,"10301",105,67
2022,"10302",86,77
2022,"10303",52,83
2022,"10304",151,114
2022,"10305",250,468
2022,"10306",39,35
2022,"10307",87,91
2022,"10308",110,67
2022,"10309",138,160
2022,"10310",31,42
2022,"10311",56,33
2022,"10312",129,87
2022,"10313",113,81
2022,"10314",71,74
2022,"10315",164,105
2022,"10316",197,129
2022,"10317",155,81
2022,"10318",83,87
2022,"10319",54,93
2022,"10320",31,16
2022,"10321",22,25
2022,"10322",62,57
2022,"10323",62,28
2022,"10401",42,30
2022,"10402",73,56
2022,"10403",43,51
2022,"10404",58,53
2022,"10405",288,216
2022,"10406",53,28
2022,"10407",30,33
2022,"10408",68,71
2022,"10409",37,30
2022,"10410",36,28
2022,"10411",93,43
2022,"10412",45,24
2022,"10413",57,30
2022,"10414",183,151
2022,"10415",104,107
2022,"10416",131,58
2022,"10417",109,88
2022,"10418",18,17
2022,"10419",27,39
2022,"10420",12,13
2022,"10421",18,16
2022,"10422",4,4
2022,"10423",5,3
2022,"10424",5,4
2022,"10425",14,15
2022,"10426",9,9
2022,"10427",31,27
2022,"10428",9,18
2022,"10501",68,93
2022,"10502",43,32
2022,"10503",94,73
2022,"10504",192,175
2022,"10505",29,42
2022,"10506",55,52
2022,"10507",65,31
2022,"10508",124,76
2022,"10509",86,71
2022,"10510",36,21
2022,"10511",42,35
2022,"10512",10,15
2022,"10601",64,72
2022,"10602",122,136
2022,"10603",63,54
2022,"10604",73,70
2022,"10605",75,95
2022,"10606",384,458
2022,"10607",413,333
2022,"10608",25,42
2022,"10609",209,99
2022,"10610",115,98
2022,"10611",175,126
2022,"10612",83,96
2022,"10613",39,55
2022,"10614",58,37
2022,"10615",144,139
2022,"10616",36,27
2022,"10617",44,36
2022,"10618",46,32
2022,"10619",21,22
2022,"10701",54,45
2022,"10702",42,34
2022,"10703",172,176
2022,"10704",12,30
2022,"10705",177,117
2022,"10706",58,44
2022,"10707",176,137
2022,"10708",43,66
2022,"10709",56,53
2022,"10710",87,78
2022,"10711",139,105
2022,"10712",80,97
2022,"10713",487,457
2022,"10714",102,75
2022,"10715",65,35
2022,"10716",30,40
2022,"10717",282,235
2022,"10718",105,79
2022,"10719",49,50
2022,"10720",40,36
2022,"10721",34,48
2022,"10722",109,106
2022,"10723",58,58
2022,"10724",80,68
2022,"10725",78,36
2022,"10726",35,17
2022,"10727",23,29
2022,"10801",143,113
2022,"10802",59,43
2022,"10803",65,55
2022,"10804",72,50
2022,"10805",92,97
2022,"10806",18,26
2022,"10807",64,69
2022,"10808",74,50
2022,"10809",116,63
2022,"10810",63,61
2022,"10811",61,64
2022,"10812",50,56
2022,"10813",41,39
2022,"10814",42,37
2022,"10815",95,66
2022,"10816",261,194
2022,"10817",38,45
2022,"10818",18,28
2022,"10819",69,38
2022,"10820",52,47
2022,"10821",48,43
2022,"10822",67,74
2022,"10823",124,51
2022,"10824",27,24
2022,"10825",40,42
2022,"10826",17,16
2022,"10827",12,16
2022,"10828",31,25
2022,"10901",99,98
2022,"10902",139,102
2022,"10903",36,44
2022,"10904",33,51
2022,"10905",210,151
2022,"10906",33,39
2022,"10907",56,52
2022,"10908",71,92
2022,"10909",46,49
2022,"10910",67,41
2022,"10911",38,27
2022,"10912",94,109
2022,"10913",46,35
2022,"10914",46,51
2022,"10915",38,40
2022,"10916",133,125
2022,"10917",594,484
2022,"10918",338,318
2022,"10919",157,103
2022,"10920",83,82
2022,"10921",40,52
2022,"10922",35,37
2022,"10923",57,74
2022,"10924",39,27
2022,"10925",42,46
2022,"10926",31,19
2022,"10927",61,42
2022,"10928",120,91
2022,"10929",29,13
2022,"10930",25,35
2022,"10931",13,3
2022,"10932",32,21
2022,"20101",5542,5985
2022,"20201",4127,4402
2022,"20302",49,49
2022,"20305",196,223
2022,"20306",97,89
2022,"20307",122,125
2022,"20316",68,54
2022,"20320",34,42
2022,"20321",18,32
2022,"20402",333,387
2022,"20403",119,121
2022,"20405",341,273
2022,"20409",150,137
2022,"20412",113,130
2022,"20414",136,147
2022,"20415",201,238
2022,"20416",65,75
2022,"20417",120,135
2022,"20418",255,212
2022,"20419",128,103
2022,"20421",274,244
2022,"20424",218,198
2022,"20425",122,133
2022,"20428",38,49
2022,"20432",137,108
2022,"20435",113,115
2022,"20441",4,8
2022,"20442",182,170
2022,"20501",295,239
2022,"20502",121,116
2022,"20503",28,22
2022,"20504",65,62
2022,"20505",253,211
2022,"20506",31,33
2022,"20508",40,49
2022,"20509",52,56
2022,"20511",72,82
2022,"20512",82,87
2022,"20513",76,59
2022,"20515",176,159
2022,"20518",32,58
2022,"20519",34,49
2022,"20520",52,59
2022,"20523",186,153
2022,"20527",698,642
2022,"20530",89,87
2022,"20531",128,127
2022,"20534",153,139
2022,"20601",95,132
2022,"20602",68,66
2022,"20603",40,46
2022,"20604",57,54
2022,"20605",35,33
2022,"20607",22,47
2022,"20608",89,86
2022,"20609",63,41
2022,"20610",23,30
2022,"20611",32,49
2022,"20613",27,32
2022,"20616",77,57
2022,"20618",23,15
2022,"20619",37,62
2022,"20620",131,165
2022,"20622",35,38
2022,"20624",83,43
2022,"20625",123,98
2022,"20627",87,68
2022,"20630",206,194
2022,"20631",42,47
2022,"20632",33,58
2022,"20633",138,137
2022,"20634",273,252
2022,"20635",679,597
2022,"20636",26,35
2022,"20637",60,75
2022,"20638",24,29
2022,"20639",23,22
2022,"20640",53,45
2022,"20642",118,92
2022,"20643",238,224
2022,"20644",65,75
2022,"20701",100,38
2022,"20702",293,286
2022,"20703",50,53
2022,"20705",91,78
2022,"20707",26,24
2022,"20708",36,31
2022,"20710",76,92
2022,"20711",780,804
2022,"20712",22,40
2022,"20713",43,42
2022,"20719",82,93
2022,"20720",201,228
2022,"20721",117,120
2022,"20722",242,211
2022,"20723",39,44
2022,"20724",419,382
2022,"20725",460,475
2022,"20726",154,156
2022,"20727",230,195
2022,"20801",241,256
2022,"20802",30,21
2022,"20803",316,279
2022,"20804",74,72
2022,"20805",89,79
2022,"20806",100,71
2022,"20807",70,57
2022,"20808",134,137
2022,"20810",54,30
2022,"20812",76,73
2022,"20813",373,395
2022,"20815",106,100
2022,"20817",496,422
2022,"20901",173,191
2022,"20905",176,175
2022,"20909",83,101
2022,"20911",25,34
2022,"20912",47,64
2022,"20913",636,600
2022,"20914",69,93
2022,"20918",140,117
2022,"20923",798,739
2022,"21001",43,59
2022,"21002",686,512
2022,"21003",118,132
2022,"21004",27,39
2022,"21005",85,88
2022,"21006",178,2241
2022,"21007",43,73
2022,"21008",150,149
2022,"21009",250,211
2022,"21010",62,58
2022,"30101",1829,1689
2022,"30201",3360,3167
2022,"30301",411,448
2022,"30401",3093,2853
2022,"30501",83,52
2022,"30502",1172,1044
2022,"30503",145,204
2022,"30504",168,185
2022,"30506",110,141
2022,"30507",70,64
2022,"30508",190,163
2022,"30509",113,89
2022,"30510",43,36
2022,"30511",113,68
2022,"30512",67,51
2022,"30514",293,262
2022,"30515",154,132
2022,"30516",48,37
2022,"30517",178,146
2022,"30520",86,95
2022,"30521",74,53
2022,"30522",134,119
2022,"30524",37,74
2022,"30526",8,11
2022,"30527",85,97
2022,"30529",120,103
2022,"30530",199,193
2022,"30531",419,443
2022,"30532",111,147
2022,"30533",170,180
2022,"30534",101,86
2022,"30536",65,56
2022,"30538",142,70
2022,"30539",140,92
2022,"30541",79,87
2022,"30542",79,51
2022,"30543",84,109
2022,"30544",73,92
2022,"30601",176,143
2022,"30602",187,290
2022,"30603",754,790
2022,"30604",1572,1589
2022,"30605",450,486
2022,"30607",668,537
2022,"30608",199,172
2022,"30609",44,39
2022,"30612",98,108
2022,"30613",117,125
2022,"30614",52,46
2022,"30615",378,236
2022,"30616",83,106
2022,"30618",433,377
2022,"30620",410,329
2022,"30621",156,150
2022,"30623",249,212
2022,"30625",165,172
2022,"30626",426,400
2022,"30627",246,165
2022,"30629",81,75
2022,"30631",104,104
2022,"30633",68,58
2022,"30635",66,61
2022,"30636",57,80
2022,"30637",146,104
2022,"30639",849,1696
2022,"30641",115,144
2022,"30645",82,116
2022,"30646",147,152
2022,"30701",30,26
2022,"30702",102,89
2022,"30703",32,31
2022,"30704",681,470
2022,"30706",228,155
2022,"30708",53,33
2022,"30709",126,79
2022,"30710",287,287
2022,"30711",84,104
2022,"30712",41,43
2022,"30713",92,72
2022,"30715",34,19
2022,"30716",213,203
2022,"30718",41,53
2022,"30719",67,61
2022,"30721",59,75
2022,"30722",57,43
2022,"30724",108,86
2022,"30726",107,134
2022,"30728",45,47
2022,"30729",244,177
2022,"30730",316,230
2022,"30731",168,256
2022,"30732",512,329
2022,"30733",66,67
2022,"30734",88,74
2022,"30735",364,244
2022,"30736",209,161
2022,"30737",96,96
2022,"30738",55,28
2022,"30739",141,126
2022,"30740",1236,2416
2022,"30741",73,100
2022,"30801",7,5
2022,"30802",13,5
2022,"30803",208,192
2022,"30804",87,84
2022,"30805",65,87
2022,"30808",537,525
2022,"30810",90,96
2022,"30811",72,113
2022,"30812",38,39
2022,"30813",59,69
2022,"30814",124,96
2022,"30817",744,738
2022,"30819",13,14
2022,"30821",606,526
2022,"30822",11,12
2022,"30824",65,58
2022,"30825",48,59
2022,"30826",67,59
2022,"30827",139,127
2022,"30828",33,43
2022,"30829",29,32
2022,"30830",161,142
2022,"30831",194,162
2022,"30834",21,26
2022,"30835",177,168
2022,"30836",39,51
2022,"30838",217,111
2022,"30841",65,59
2022,"30842",87,95
2022,"30844",102,86
2022,"30845",51,56
2022,"30846",4,4
2022,"30848",65,71
2022,"30849",36,65
2022,"30850",46,41
2022,"30852",88,87
2022,"30854",30,30
2022,"30856",873,570
2022,"30857",49,42
2022,"30858",73,97
2022,"30859",37,28
2022,"30860",96,78
2022,"30863",335,239
2022,"30865",54,38
2022,"30902",37,52
2022,"30903",58,65
2022,"30904",21,28
2022,"30906",36,46
2022,"30908",263,334
2022,"30909",78,74
2022,"30910",56,41
2022,"30912",23,38
2022,"30913",20,21
2022,"30915",20,19
2022,"30916",130,177
2022,"30917",14,9
2022,"30920",54,61
2022,"30921",45,43
2022,"30925",140,120
2022,"30929",16,23
2022,"30932",25,31
2022,"30935",184,219
2022,"30939",28,47
2022,"30940",39,50
2022,"30942",114,73
2022,"31001",35,36
2022,"31008",159,83
2022,"31009",59,70
2022,"31014",86,59
2022,"31015",86,62
2022,"31016",44,39
2022,"31018",93,76
2022,"31019",73,50
2022,"31021",36,46
2022,"31022",832,672
2022,"31025",19,32
2022,"31026",67,85
2022,"31028",59,51
2022,"31033",55,51
2022,"31035",77,68
2022,"31036",89,68
2022,"31037",239,196
2022,"31038",48,44
2022,"31041",50,50
2022,"31042",49,54
2022,"31043",83,88
2022,"31051",132,99
2022,"31052",91,76
2022,"31053",131,144
2022,"31101",72,27
2022,"31102",41,41
2022,"31103",45,42
2022,"31104",50,24
2022,"31105",181,139
2022,"31106",135,136
2022,"31107",39,41
2022,"31109",528,426
2022,"31110",33,41
2022,"31111",13,31
2022,"31113",34,26
2022,"31114",38,34
2022,"31117",21,23
2022,"31119",19,22
2022,"31120",40,28
2022,"31121",83,67
2022,"31123",40,51
2022,"31124",89,61
2022,"31129",44,48
2022,"31130",29,29
2022,"31201",260,260
2022,"31202",102,98
2022,"31203",162,144
2022,"31204",69,55
2022,"31205",96,93
2022,"31206",106,130
2022,"31207",171,139
2022,"31208",144,136
2022,"31213",872,1199
2022,"31214",384,332
2022,"31215",52,36
2022,"31216",314,238
2022,"31224",58,52
2022,"31226",177,212
2022,"31227",206,139
2022,"31228",48,39
2022,"31229",66,49
2022,"31230",956,821
2022,"31234",37,57
2022,"31235",645,644
2022,"31301",22,31
2022,"31302",33,32
2022,"31303",32,36
2022,"31304",21,40
2022,"31308",146,108
2022,"31309",195,136
2022,"31310",82,80
2022,"31311",135,167
2022,"31315",126,116
2022,"31319",72,56
2022,"31321",21,28
2022,"31322",326,284
2022,"31323",38,55
2022,"31324",58,70
2022,"31326",21,38
2022,"31327",173,196
2022,"31330",34,36
2022,"31333",162,127
2022,"31336",38,58
2022,"31337",144,119
2022,"31338",33,54
2022,"31340",51,39
2022,"31343",98,122
2022,"31344",49,66
2022,"31346",98,93
2022,"31347",24,63
2022,"31350",16,27
2022,"31351",37,53
2022,"31355",78,80
2022,"31356",24,44
2022,"31401",25,20
2022,"31402",112,92
2022,"31403",321,245
2022,"31404",53,70
2022,"31405",45,62
2022,"31406",50,24
2022,"31407",156,191
2022,"31408",44,47
2022,"31409",44,44
2022,"31410",64,70
2022,"31411",44,63
2022,"31412",167,178
2022,"31413",226,239
2022,"31414",81,73
2022,"31502",49,32
2022,"31503",55,52
2022,"31504",71,61
2022,"31505",157,153
2022,"31506",10,15
2022,"31507",77,99
2022,"31508",52,50
2022,"31509",82,85
2022,"31511",57,71
2022,"31513",109,72
2022,"31514",116,123
2022,"31515",32,36
2022,"31516",77,79
2022,"31517",127,62
2022,"31519",54,67
2022,"31520",207,200
2022,"31521",228,128
2022,"31522",88,84
2022,"31523",54,37
2022,"31524",405,338
2022,"31525",35,48
2022,"31527",101,111
2022,"31528",40,44
2022,"31530",118,120
2022,"31531",139,115
2022,"31533",267,263
2022,"31534",82,85
2022,"31535",21,13
2022,"31537",88,108
2022,"31539",98,118
2022,"31540",47,50
2022,"31541",40,24
2022,"31542",32,37
2022,"31543",46,31
2022,"31546",36,69
2022,"31549",302,291
2022,"31550",58,36
2022,"31551",86,90
2022,"31552",86,54
2022,"31553",79,65
2022,"31601",24,37
2022,"31603",66,69
2022,"31604",80,59
2022,"31605",36,73
2022,"31606",56,90
2022,"31608",72,26
2022,"31609",44,35
2022,"31611",45,33
2022,"31612",205,151
2022,"31613",60,42
2022,"31614",139,107
2022,"31615",66,53
2022,"31616",28,42
2022,"31617",62,50
2022,"31620",56,38
2022,"31621",33,30
2022,"31622",47,54
2022,"31627",81,73
2022,"31628",78,69
2022,"31629",312,284
2022,"31630",110,132
2022,"31633",865,586
2022,"31634",79,83
2022,"31636",47,33
2022,"31642",112,48
2022,"31644",369,341
2022,"31645",55,52
2022,"31646",30,54
2022,"31649",61,67
2022,"31650",54,83
2022,"31651",148,138
2022,"31652",30,23
2022,"31653",53,76
2022,"31654",62,85
2022,"31655",421,383
2022,"31658",28,33
2022,"31701",125,72
2022,"31702",137,143
2022,"31703",348,325
2022,"31704",687,645
2022,"31706",48,81
2022,"31707",114,99
2022,"31709",238,206
2022,"31710",577,490
2022,"31711",60,71
2022,"31712",234,273
2022,"31713",138,185
2022,"31714",42,55
2022,"31715",231,168
2022,"31716",636,583
2022,"31717",1290,1391
2022,"31718",199,156
2022,"31719",771,766
2022,"31723",543,488
2022,"31725",682,495
2022,"31726",183,142
2022,"31801",17,11
2022,"31802",82,101
2022,"31803",67,67
2022,"31804",76,68
2022,"31805",23,14
2022,"31806",13,18
2022,"31807",40,40
2022,"31808",70,97
2022,"31809",33,33
2022,"31810",393,311
2022,"31811",122,127
2022,"31812",81,104
2022,"31813",68,94
2022,"31814",95,76
2022,"31815",25,45
2022,"31817",105,81
2022,"31818",931,759
2022,"31820",10,23
2022,"31821",128,168
2022,"31823",159,160
2022,"31825",24,21
2022,"31826",122,142
2022,"31827",23,8
2022,"31829",177,379
2022,"31830",19,24
2022,"31831",119,119
2022,"31832",104,76
2022,"31833",51,64
2022,"31834",19,19
2022,"31835",187,144
2022,"31836",29,25
2022,"31837",67,60
2022,"31838",62,72
2022,"31839",748,732
2022,"31840",65,85
2022,"31841",17,6
2022,"31842",3,11
2022,"31843",71,65
2022,"31844",52,49
2022,"31845",36,50
2022,"31846",159,134
2022,"31847",103,99
2022,"31848",44,49
2022,"31849",42,48
2022,"31901",177,178
2022,"31902",122,116
2022,"31903",250,275
2022,"31904",85,66
2022,"31905",279,278
2022,"31906",64,85
2022,"31907",78,41
2022,"31909",115,136
2022,"31910",115,65
2022,"31911",63,96
2022,"31912",462,366
2022,"31913",141,98
2022,"31915",73,73
2022,"31916",118,79
2022,"31917",53,44
2022,"31918",156,148
2022,"31919",156,92
2022,"31920",15,31
2022,"31921",217,102
2022,"31922",67,95
2022,"31923",38,34
2022,"31925",53,78
2022,"31926",467,499
2022,"31927",74,90
2022,"31928",128,70
2022,"31929",265,227
2022,"31930",123,88
2022,"31932",113,89
2022,"31934",156,143
2022,"31935",133,122
2022,"31938",47,45
2022,"31939",11,23
2022,"31940",72,102
2022,"31941",41,46
2022,"31943",361,376
2022,"31945",57,71
2022,"31946",97,49
2022,"31947",245,297
2022,"31948",116,114
2022,"31949",347,292
2022,"31950",146,208
2022,"31951",460,382
2022,"31952",619,643
2022,"31953",175,191
2022,"31954",109,82
2022,"32001",102,123
2022,"32002",76,47
2022,"32003",86,104
2022,"32004",45,66
2022,"32005",46,68
2022,"32006",65,69
2022,"32007",23,14
2022,"32008",193,201
2022,"32009",56,59
2022,"32010",23,30
2022,"32011",32,54
2022,"32012",30,34
2022,"32013",218,167
2022,"32014",83,94
2022,"32015",25,54
2022,"32016",382,326
2022,"32017",152,154
2022,"32018",110,45
2022,"32101",197,101
2022,"32104",226,120
2022,"32106",110,93
2022,"32107",198,131
2022,"32109",29,30
2022,"32110",128,147
2022,"32112",125,101
2022,"32114",202,126
2022,"32115",54,53
2022,"32116",121,130
2022,"32119",175,137
2022,"32120",528,344
2022,"32131",439,355
2022,"32132",165,109
2022,"32134",193,166
2022,"32135",1011,849
2022,"32139",93,94
2022,"32140",113,125
2022,"32141",174,182
2022,"32142",440,427
2022,"32143",59,67
2022,"32144",1452,1273
2022,"32202",56,47
2022,"32203",42,35
2022,"32206",27,23
2022,"32207",169,174
2022,"32209",36,57
2022,"32210",37,42
2022,"32212",21,28
2022,"32214",27,27
2022,"32216",153,85
2022,"32217",50,43
2022,"32219",137,91
2022,"32220",244,268
2022,"32221",22,39
2022,"32222",9,21
2022,"32223",37,30
2022,"32301",160,163
2022,"32302",35,28
2022,"32304",205,212
2022,"32305",325,292
2022,"32306",233,192
2022,"32307",264,249
2022,"32308",100,90
2022,"32309",41,54
2022,"32310",56,63
2022,"32311",106,109
2022,"32312",26,42
2022,"32313",99,105
2022,"32314",97,82
2022,"32315",114,52
2022,"32316",287,197
2022,"32317",30,48
2022,"32318",215,120
2022,"32319",154,188
2022,"32320",136,88
2022,"32321",21,31
2022,"32322",23,34
2022,"32323",153,154
2022,"32324",6,15
2022,"32325",27,48
2022,"32326",28,25
2022,"32327",411,321
2022,"32330",415,206
2022,"32331",128,69
2022,"32332",137,131
2022,"32333",122,51
2022,"32334",41,39
2022,"32335",41,37
2022,"32336",80,85
2022,"32337",357,245
2022,"32338",150,78
2022,"32501",75,78
2022,"32502",34,38
2022,"32503",16,7
2022,"32504",36,50
2022,"32505",55,61
2022,"32506",20,23
2022,"32508",102,136
2022,"32509",22,41
2022,"32511",23,16
2022,"32514",17,25
2022,"32515",43,33
2022,"32516",33,41
2022,"32517",16,31
2022,"32518",39,33
2022,"32519",23,17
2022,"32520",40,61
2022,"32521",40,40
2022,"32522",48,26
2022,"32523",23,16
2022,"32524",52,65
2022,"32525",72,66
2022,"32528",26,26
2022,"32529",43,38
2022,"32530",334,323
2022,"40101",9826,10250
2022,"40201",1588,1769
2022,"40301",2846,2906
2022,"40401",260,238
2022,"40402",117,130
2022,"40403",71,37
2022,"40404",809,755
2022,"40405",136,113
2022,"40406",200,116
2022,"40407",93,74
2022,"40408",83,73
2022,"40409",41,72
2022,"40410",47,55
2022,"40411",12,20
2022,"40412",41,59
2022,"40413",301,277
2022,"40414",111,113
2022,"40415",63,52
2022,"40416",135,61
2022,"40417",69,41
2022,"40418",258,180
2022,"40419",127,106
2022,"40420",94,57
2022,"40421",539,545
2022,"40422",241,220
2022,"40423",65,44
2022,"40424",65,59
2022,"40425",82,86
2022,"40426",164,161
2022,"40427",121,101
2022,"40428",188,111
2022,"40429",74,52
2022,"40430",67,36
2022,"40431",113,112
2022,"40432",66,68
2022,"40433",36,36
2022,"40434",40,34
2022,"40435",20,21
2022,"40436",48,67
2022,"40437",161,159
2022,"40438",105,91
2022,"40439",19,11
2022,"40440",12,19
2022,"40441",171,209
2022,"40442",42,25
2022,"40443",53,46
2022,"40444",16,28
2022,"40445",19,21
2022,"40446",47,52
2022,"40501",321,290
2022,"40502",141,121
2022,"40503",272,299
2022,"40504",224,146
2022,"40505",37,42
2022,"40506",112,119
2022,"40507",88,117
2022,"40508",86,119
2022,"40509",49,76
2022,"40510",85,98
2022,"40511",115,121
2022,"40512",73,37
2022,"40601",500,372
2022,"40602",66,75
2022,"40603",158,131
2022,"40604",217,166
2022,"40605",42,29
2022,"40606",10,19
2022,"40607",77,84
2022,"40608",40,67
2022,"40609",80,99
2022,"40610",26,28
2022,"40611",54,34
2022,"40612",143,96
2022,"40613",34,37
2022,"40614",251,237
2022,"40615",154,118
2022,"40616",79,64
2022,"40617",18,34
2022,"40618",158,114
2022,"40619",42,42
2022,"40620",134,123
2022,"40621",72,44
2022,"40622",106,91
2022,"40623",37,41
2022,"40624",172,162
2022,"40625",16,22
2022,"40626",59,48
2022,"40627",91,122
2022,"40701",440,494
2022,"40702",198,167
2022,"40703",600,534
2022,"40704",169,196
2022,"40705",846,771
2022,"40706",42,55
2022,"40707",90,78
2022,"40708",132,116
2022,"40709",37,35
2022,"40710",61,86
2022,"40711",365,436
2022,"40712",30,36
2022,"40713",661,943
2022,"40714",387,265
2022,"40715",97,94
2022,"40716",34,37
2022,"40717",203,161
2022,"40718",95,85
2022,"40719",163,170
2022,"40720",291,249
2022,"40801",54,58
2022,"40802",291,247
2022,"40804",25,25
2022,"40805",218,218
2022,"40806",125,124
2022,"40807",66,60
2022,"40808",325,314
2022,"40809",102,125
2022,"40810",36,26
2022,"40811",86,69
2022,"40812",123,96
2022,"40813",66,79
2022,"40814",48,58
2022,"40815",58,52
2022,"40816",47,59
2022,"40817",56,61
2022,"40818",142,106
2022,"40820",21,14
2022,"40821",57,38
2022,"40822",133,74
2022,"40823",58,31
2022,"40824",54,45
2022,"40825",77,81
2022,"40826",17,27
2022,"40827",185,136
2022,"40828",46,30
2022,"40829",75,112
2022,"40830",32,34
2022,"40831",156,211
2022,"40832",103,89
2022,"40833",46,86
2022,"40834",30,19
2022,"40835",187,171
2022,"40901",34,25
2022,"40902",228,265
2022,"40903",20,43
2022,"40904",90,91
2022,"40905",441,296
2022,"40906",57,28
2022,"40907",287,278
2022,"40908",256,289
2022,"40909",159,163
2022,"40910",99,97
2022,"40911",2,17
2022,"40912",218,246
2022,"40913",162,112
2022,"40914",27,37
2022,"40915",52,85
2022,"40916",22,22
2022,"40917",152,179
2022,"40918",101,96
2022,"40919",28,29
2022,"40920",64,90
2022,"40921",40,29
2022,"40922",158,170
2022,"40923",135,153
2022,"41001",49,68
2022,"41002",1201,1041
2022,"41003",446,493
2022,"41004",61,41
2022,"41005",741,722
2022,"41006",77,46
2022,"41007",689,526
2022,"41008",96,74
2022,"41009",165,176
2022,"41010",91,104
2022,"41011",143,171
2022,"41012",1913,1967
2022,"41013",349,299
2022,"41014",383,357
2022,"41015",55,64
2022,"41016",82,92
2022,"41017",490,554
2022,"41018",131,75
2022,"41019",168,165
2022,"41020",272,253
2022,"41021",1464,1588
2022,"41022",391,256
2022,"41101",44,48
2022,"41102",59,89
2022,"41103",119,77
2022,"41104",52,40
2022,"41105",154,136
2022,"41106",147,160
2022,"41107",33,37
2022,"41108",510,563
2022,"41109",207,174
2022,"41110",156,229
2022,"41111",241,352
2022,"41112",61,71
2022,"41113",88,76
2022,"41114",244,163
2022,"41115",32,43
2022,"41116",678,451
2022,"41117",40,34
2022,"41118",173,142
2022,"41119",41,49
2022,"41120",262,281
2022,"41121",158,196
2022,"41122",30,25
2022,"41123",67,107
2022,"41124",305,310
2022,"41125",68,73
2022,"41126",55,72
2022,"41201",40,65
2022,"41202",37,35
2022,"41203",211,197
2022,"41204",113,95
2022,"41205",55,30
2022,"41206",20,27
2022,"41207",65,96
2022,"41208",44,47
2022,"41209",105,104
2022,"41210",35,20
2022,"41211",53,11
2022,"41212",54,63
2022,"41213",77,69
2022,"41214",186,148
2022,"41215",73,78
2022,"41216",14,16
2022,"41217",33,26
2022,"41218",103,104
2022,"41219",137,115
2022,"41220",69,57
2022,"41221",72,64
2022,"41222",22,18
2022,"41223",39,37
2022,"41224",78,76
2022,"41225",916,944
2022,"41226",23,22
2022,"41227",24,28
2022,"41228",102,104
2022,"41229",55,44
2022,"41230",30,32
2022,"41231",54,66
2022,"41232",55,62
2022,"41233",82,64
2022,"41234",112,107
2022,"41235",30,36
2022,"41236",18,19
2022,"41304",122,137
2022,"41305",48,32
2022,"41306",27,19
2022,"41307",23,24
2022,"41309",150,125
2022,"41311",47,40
2022,"41312",43,38
2022,"41313",44,58
2022,"41314",43,27
2022,"41315",94,72
2022,"41316",77,38
2022,"41317",22,38
2022,"41318",81,32
2022,"41319",17,9
2022,"41320",8,11
2022,"41321",103,121
2022,"41322",27,25
2022,"41323",62,64
2022,"41324",50,53
2022,"41325",55,64
2022,"41326",66,55
2022,"41327",37,47
2022,"41328",53,52
2022,"41329",50,59
2022,"41331",48,36
2022,"41332",189,137
2022,"41333",17,16
2022,"41334",46,61
2022,"41336",30,24
2022,"41337",39,31
2022,"41338",52,77
2022,"41341",12,23
2022,"41342",119,104
2022,"41343",114,132
2022,"41344",241,244
2022,"41345",74,54
2022,"41346",18,33
2022,"41401",52,55
2022,"41402",177,204
2022,"41403",98,128
2022,"41404",47,53
2022,"41405",49,30
2022,"41406",67,42
2022,"41407",44,36
2022,"41408",43,42
2022,"41409",77,59
2022,"41410",33,46
2022,"41411",67,85
2022,"41412",16,13
2022,"41413",76,93
2022,"41414",161,110
2022,"41415",55,60
2022,"41416",94,121
2022,"41417",46,34
2022,"41418",173,175
2022,"41419",102,93
2022,"41420",42,36
2022,"41421",32,48
2022,"41422",425,345
2022,"41423",63,85
2022,"41424",56,52
2022,"41425",235,174
2022,"41426",177,165
2022,"41427",7,15
2022,"41428",35,41
2022,"41429",49,72
2022,"41430",89,80
2022,"41501",163,84
2022,"41502",77,117
2022,"41503",428,312
2022,"41504",194,136
2022,"41505",54,60
2022,"41506",361,364
2022,"41507",68,102
2022,"41508",38,40
2022,"41509",61,76
2022,"41510",26,50
2022,"41511",144,141
2022,"41512",47,53
2022,"41513",82,62
2022,"41514",191,157
2022,"41515",34,63
2022,"41516",652,482
2022,"41517",165,136
2022,"41518",70,91
2022,"41521",199,128
2022,"41522",178,181
2022,"41601",162,166
2022,"41602",166,142
2022,"41603",249,180
2022,"41604",98,61
2022,"41605",418,402
2022,"41606",242,210
2022,"41607",371,387
2022,"41608",17,32
2022,"41609",187,208
2022,"41610",29,28
2022,"41611",134,110
2022,"41612",87,77
2022,"41613",111,134
2022,"41614",121,127
2022,"41615",155,86
2022,"41616",20,19
2022,"41617",186,234
2022,"41618",265,183
2022,"41619",71,74
2022,"41620",45,36
2022,"41621",40,62
2022,"41622",73,75
2022,"41623",44,42
2022,"41624",717,977
2022,"41626",238,199
2022,"41627",127,84
2022,"41628",77,69
2022,"41701",113,158
2022,"41702",75,87
2022,"41703",548,532
2022,"41704",49,57
2022,"41705",89,64
2022,"41706",59,39
2022,"41707",78,74
2022,"41708",38,26
2022,"41709",1142,1689
2022,"41710",174,187
2022,"41711",138,113
2022,"41712",65,52
2022,"41713",333,369
2022,"41714",25,46
2022,"41715",604,1077
2022,"41716",107,109
2022,"41717",61,56
2022,"41718",54,56
2022,"41719",68,58
2022,"41720",90,68
2022,"41721",60,47
2022,"41722",296,152
2022,"41723",60,64
2022,"41724",23,40
2022,"41725",31,37
2022,"41726",68,79
2022,"41727",33,46
2022,"41728",20,28
2022,"41729",16,14
2022,"41730",86,99
2022,"41731",531,408
2022,"41732",108,109
2022,"41733",12,6
2022,"41734",438,1153
2022,"41735",142,101
2022,"41736",82,87
2022,"41737",196,185
2022,"41738",292,308
2022,"41739",258,254
2022,"41740",97,101
2022,"41741",53,56
2022,"41742",173,211
2022,"41743",456,411
2022,"41744",35,57
2022,"41745",43,69
2022,"41746",992,872
2022,"41747",216,221
2022,"41748",19,29
2022,"41749",75,77
2022,"41750",87,121
2022,"41751",106,98
2022,"41752",40,32
2022,"41801",25,18
2022,"41802",26,24
2022,"41803",92,106
2022,"41804",182,140
2022,"41805",139,126
2022,"41806",114,139
2022,"41807",43,45
2022,"41808",260,208
2022,"41809",38,43
2022,"41810",126,113
2022,"41811",383,313
2022,"41812",810,798
2022,"41813",38,46
2022,"41814",86,91
2022,"41815",88,46
2022,"41816",95,154
2022,"41817",155,189
2022,"41818",63,82
2022,"41819",102,70
2022,"41820",268,246
2022,"41821",97,77
2022,"41822",196,122
2022,"41823",324,335
2022,"41824",164,201
2022,"50101",5552,6155
2022,"50201",135,115
2022,"50202",105,139
2022,"50203",36,64
2022,"50204",166,177
2022,"50205",808,879
2022,"50206",25,22
2022,"50207",243,311
2022,"50208",220,217
2022,"50209",419,491
2022,"50210",24,49
2022,"50211",50,46
2022,"50212",77,48
2022,"50213",102,113
2022,"50301",220,254
2022,"50302",161,171
2022,"50303",374,3131
2022,"50304",76,78
2022,"50305",234,212
2022,"50306",65,71
2022,"50307",40,46
2022,"50308",137,139
2022,"50309",249,255
2022,"50310",263,280
2022,"50311",86,88
2022,"50312",79,111
2022,"50313",26,46
2022,"50314",336,401
2022,"50315",127,130
2022,"50316",217,207
2022,"50317",252,213
2022,"50318",16,16
2022,"50319",199,163
2022,"50320",121,104
2022,"50321",161,185
2022,"50322",193,197
2022,"50323",166,145
2022,"50324",301,328
2022,"50325",155,88
2022,"50326",309,271
2022,"50327",219,278
2022,"50328",72,57
2022,"50329",133,117
2022,"50330",133,172
2022,"50331",48,56
2022,"50332",88,86
2022,"50335",384,329
2022,"50336",103,113
2022,"50337",210,233
2022,"50338",686,740
2022,"50339",632,564
2022,"50401",222,234
2022,"50402",190,222
2022,"50403",167,262
2022,"50404",490,391
2022,"50405",84,44
2022,"50406",114,147
2022,"50407",46,61
2022,"50408",155,154
2022,"50409",11,15
2022,"50410",105,106
2022,"50411",74,105
2022,"50412",93,92
2022,"50413",15,20
2022,"50414",17,26
2022,"50415",31,52
2022,"50416",76,86
2022,"50417",192,183
2022,"50418",396,500
2022,"50419",56,67
2022,"50420",162,137
2022,"50421",188,183
2022,"50422",27,25
2022,"50423",117,127
2022,"50424",128,142
2022,"50425",48,65
2022,"50501",7,8
2022,"50502",13,10
2022,"50503",94,87
2022,"50504",77,59
2022,"50505",23,12
2022,"50506",26,38
2022,"50507",12,25
2022,"50508",33,45
2022,"50509",127,128
2022,"50510",194,208
2022,"50511",24,15
2022,"50512",10,28
2022,"50513",54,24
2022,"50514",11,13
2022,"50515",30,28
2022,"50601",104,88
2022,"50602",299,266
2022,"50603",17,14
2022,"50604",34,53
2022,"50605",37,53
2022,"50606",168,218
2022,"50607",16,39
2022,"50608",101,119
2022,"50609",158,135
2022,"50610",73,91
2022,"50611",179,180
2022,"50612",70,96
2022,"50613",293,292
2022,"50614",101,61
2022,"50615",109,87
2022,"50616",153,132
2022,"50617",48,47
2022,"50618",113,144
2022,"50619",538,548
2022,"50620",47,56
2022,"50621",59,75
2022,"50622",132,115
2022,"50623",59,35
2022,"50624",122,91
2022,"50625",25,42
2022,"50626",27,46
2022,"50627",32,26
2022,"50628",521,627
2022,"60101",12734,14553
2022,"60305",257,155
2022,"60318",205,215
2022,"60323",82,77
2022,"60324",110,115
2022,"60326",70,56
2022,"60329",91,58
2022,"60341",60,65
2022,"60344",574,557
2022,"60345",248,282
2022,"60346",179,168
2022,"60347",92,133
2022,"60348",152,158
2022,"60349",145,139
2022,"60350",389,412
2022,"60351",214,189
2022,"60608",578,538
2022,"60611",192,208
2022,"60613",518,623
2022,"60617",356,372
2022,"60618",100,85
2022,"60619",262,201
2022,"60623",131,135
2022,"60624",749,573
2022,"60626",190,152
2022,"60628",265,201
2022,"60629",397,362
2022,"60632",222,155
2022,"60639",76,67
2022,"60641",49,47
2022,"60642",77,85
2022,"60645",132,159
2022,"60646",123,121
2022,"60647",23,26
2022,"60648",200,134
2022,"60651",108,56
2022,"60653",285,232
2022,"60654",102,140
2022,"60655",311,130
2022,"60656",73,62
2022,"60659",247,231
2022,"60660",279,212
2022,"60661",477,314
2022,"60662",205,212
2022,"60663",256,206
2022,"60664",518,613
2022,"60665",361,338
2022,"60666",143,102
2022,"60667",418,254
2022,"60668",139,138
2022,"60669",821,846
2022,"60670",673,495
2022,"61001",81,76
2022,"61002",67,70
2022,"61007",45,67
2022,"61008",98,101
2022,"61012",323,205
2022,"61013",87,98
2022,"61016",86,63
2022,"61017",48,50
2022,"61019",40,47
2022,"61020",100,77
2022,"61021",133,118
2022,"61024",117,103
2022,"61027",85,61
2022,"61030",53,44
2022,"61032",56,86
2022,"61033",120,154
2022,"61043",344,203
2022,"61045",453,485
2022,"61049",140,177
2022,"61050",196,161
2022,"61051",133,113
2022,"61052",165,120
2022,"61053",1051,1050
2022,"61054",100,123
2022,"61055",59,76
2022,"61057",121,98
2022,"61059",383,341
2022,"61060",221,131
2022,"61061",380,337
2022,"61101",73,128
2022,"61105",54,34
2022,"61106",127,79
2022,"61107",78,61
2022,"61108",2811,3468
2022,"61109",70,81
2022,"61110",111,141
2022,"61111",66,68
2022,"61112",7,11
2022,"61113",228,232
2022,"61114",127,115
2022,"61115",87,93
2022,"61116",65,67
2022,"61118",292,154
2022,"61119",20,23
2022,"61120",466,438
2022,"61203",89,132
2022,"61204",82,85
2022,"61205",31,41
2022,"61206",89,45
2022,"61207",230,208
2022,"61213",161,147
2022,"61215",44,48
2022,"61217",60,123
2022,"61222",113,92
2022,"61236",98,84
2022,"61243",81,98
2022,"61247",155,204
2022,"61251",12,7
2022,"61252",73,50
2022,"61253",175,154
2022,"61254",37,48
2022,"61255",165,190
2022,"61256",92,59
2022,"61257",186,172
2022,"61258",80,71
2022,"61259",432,515
2022,"61260",55,51
2022,"61261",86,78
2022,"61262",80,102
2022,"61263",251,293
2022,"61264",64,89
2022,"61265",220,265
2022,"61266",17,38
2022,"61267",160,143
2022,"61410",14,28
2022,"61413",29,18
2022,"61425",51,47
2022,"61428",27,52
2022,"61437",17,36
2022,"61438",141,143
2022,"61439",132,131
2022,"61440",71,59
2022,"61441",13,23
2022,"61442",33,55
2022,"61443",56,54
2022,"61444",101,106
2022,"61445",50,66
2022,"61446",88,89
2022,"61611",123,109
2022,"61612",128,131
2022,"61615",147,129
2022,"61618",173,172
2022,"61621",28,50
2022,"61624",139,117
2022,"61625",691,574
2022,"61626",306,315
2022,"61627",60,63
2022,"61628",41,67
2022,"61629",39,58
2022,"61630",45,46
2022,"61631",527,532
2022,"61632",183,204
2022,"61633",270,184
2022,"61701",128,132
2022,"61708",23,33
2022,"61710",48,42
2022,"61711",20,33
2022,"61716",129,140
2022,"61719",202,179
2022,"61727",191,186
2022,"61728",19,16
2022,"61729",84,70
2022,"61730",89,91
2022,"61731",51,53
2022,"61740",71,77
2022,"61741",43,26
2022,"61743",18,23
2022,"61744",18,19
2022,"61745",27,29
2022,"61746",204,155
2022,"61748",210,172
2022,"61750",24,32
2022,"61751",90,106
2022,"61756",160,141
2022,"61757",188,173
2022,"61758",52,43
2022,"61759",68,79
2022,"61760",714,627
2022,"61761",47,53
2022,"61762",80,86
2022,"61763",122,151
2022,"61764",209,153
2022,"61765",357,314
2022,"61766",701,617
2022,"62007",444,394
2022,"62008",55,41
2022,"62010",10,10
2022,"62014",135,79
2022,"62021",5,11
2022,"62026",35,42
2022,"62032",124,57
2022,"62034",55,40
2022,"62036",52,57
2022,"62038",543,469
2022,"62039",69,90
2022,"62040",535,491
2022,"62041",774,788
2022,"62042",138,125
2022,"62043",71,107
2022,"62044",101,121
2022,"62045",102,96
2022,"62046",116,116
2022,"62047",206,224
2022,"62048",170,185
2022,"62105",49,60
2022,"62115",255,180
2022,"62116",118,123
2022,"62125",174,91
2022,"62128",192,146
2022,"62131",929,2199
2022,"62132",28,56
2022,"62135",48,67
2022,"62138",94,124
2022,"62139",1092,879
2022,"62140",901,1053
2022,"62141",339,350
2022,"62142",151,201
2022,"62143",346,384
2022,"62144",112,182
2022,"62145",238,254
2022,"62146",186,216
2022,"62147",79,74
2022,"62148",48,64
2022,"62202",129,72
2022,"62205",65,74
2022,"62206",66,53
2022,"62209",48,50
2022,"62211",83,99
2022,"62214",126,130
2022,"62216",60,52
2022,"62219",346,350
2022,"62220",124,102
2022,"62226",128,121
2022,"62232",61,66
2022,"62233",139,144
2022,"62235",50,58
2022,"62242",23,40
2022,"62244",123,99
2022,"62245",35,41
2022,"62247",38,43
2022,"62252",96,78
2022,"62256",129,86
2022,"62262",80,77
2022,"62264",146,187
2022,"62265",43,54
2022,"62266",76,119
2022,"62267",510,442
2022,"62268",144,99
2022,"62269",100,99
2022,"62270",58,51
2022,"62271",186,179
2022,"62272",165,163
2022,"62273",111,98
2022,"62274",111,103
2022,"62275",167,163
2022,"62276",75,62
2022,"62277",81,91
2022,"62278",99,123
2022,"62279",28,48
2022,"62311",47,57
2022,"62314",70,57
2022,"62326",74,89
2022,"62330",41,46
2022,"62332",46,58
2022,"62335",34,46
2022,"62343",49,66
2022,"62368",40,36
2022,"62372",41,41
2022,"62375",278,304
2022,"62376",207,119
2022,"62377",63,51
2022,"62378",327,273
2022,"62379",615,600
2022,"62380",154,174
2022,"62381",107,127
2022,"62382",201,173
2022,"62383",176,143
2022,"62384",93,101
2022,"62385",75,78
2022,"62386",229,171
2022,"62387",94,67
2022,"62388",95,85
2022,"62389",124,140
2022,"62390",99,126
2022,"70101",5372,6470
2022,"70201",101,125
2022,"70202",240,195
2022,"70203",551,484
2022,"70204",15,20
2022,"70205",24,28
2022,"70206",26,12
2022,"70207",41,39
2022,"70208",119,147
2022,"70209",161,144
2022,"70210",37,22
2022,"70211",44,46
2022,"70212",102,87
2022,"70213",177,79
2022,"70214",86,104
2022,"70215",69,95
2022,"70216",75,70
2022,"70217",42,35
2022,"70218",49,72
2022,"70219",85,62
2022,"70220",123,147
2022,"70221",87,60
2022,"70222",127,122
2022,"70223",126,104
2022,"70224",87,55
2022,"70301",301,298
2022,"70302",133,147
2022,"70303",105,94
2022,"70304",343,331
2022,"70305",43,63
2022,"70306",104,81
2022,"70307",18,20
2022,"70308",59,77
2022,"70309",104,97
2022,"70310",220,153
2022,"70311",39,27
2022,"70312",204,221
2022,"70313",94,90
2022,"70314",15,10
2022,"70315",70,74
2022,"70317",15,15
2022,"70318",55,67
2022,"70319",200,189
2022,"70320",323,160
2022,"70322",60,68
2022,"70323",35,32
2022,"70325",68,53
2022,"70326",148,133
2022,"70328",112,104
2022,"70329",270,291
2022,"70331",103,97
2022,"70332",74,84
2022,"70333",54,77
2022,"70334",172,160
2022,"70335",86,96
2022,"70336",11,84
2022,"70337",91,126
2022,"70338",45,30
2022,"70339",60,43
2022,"70340",91,61
2022,"70342",111,62
2022,"70343",49,48
2022,"70344",174,217
2022,"70345",59,77
2022,"70346",465,456
2022,"70347",6,7
2022,"70348",101,67
2022,"70349",9,29
2022,"70350",69,72
2022,"70351",180,414
2022,"70352",39,52
2022,"70353",91,82
2022,"70354",853,790
2022,"70355",176,189
2022,"70356",66,69
2022,"70357",661,616
2022,"70358",204,187
2022,"70359",54,30
2022,"70360",62,74
2022,"70361",9,12
2022,"70362",9,10
2022,"70364",483,367
2022,"70365",254,317
2022,"70366",44,44
2022,"70367",392,347
2022,"70368",36,32
2022,"70369",370,360
2022,"70370",139,157
2022,"70401",39,59
2022,"70402",90,87
2022,"70403",807,927
2022,"70404",78,125
2022,"70405",56,46
2022,"70406",216,188
2022,"70407",47,66
2022,"70408",46,49
2022,"70409",224,206
2022,"70410",122,233
2022,"70411",302,294
2022,"70412",131,117
2022,"70413",135,108
2022,"70414",49,66
2022,"70415",35,44
2022,"70416",428,440
2022,"70417",55,67
2022,"70418",19,30
2022,"70419",57,79
2022,"70420",105,121
2022,"70501",59,51
2022,"70502",47,47
2022,"70503",175,162
2022,"70504",23,31
2022,"70505",72,106
2022,"70506",156,155
2022,"70508",245,233
2022,"70509",105,150
2022,"70510",39,48
2022,"70511",316,296
2022,"70512",234,196
2022,"70513",894,834
2022,"70514",214,185
2022,"70515",196,188
2022,"70516",27,32
2022,"70517",177,155
2022,"70518",95,91
2022,"70519",14,13
2022,"70520",102,137
2022,"70521",53,59
2022,"70522",131,161
2022,"70523",5,12
2022,"70524",83,75
2022,"70525",97,88
2022,"70526",106,135
2022,"70527",83,102
2022,"70528",61,67
2022,"70529",91,84
2022,"70530",80,108
2022,"70531",621,688
2022,"70601",13,12
2022,"70602",11,8
2022,"70603",31,42
2022,"70604",97,97
2022,"70605",27,32
2022,"70606",18,15
2022,"70607",46,60
2022,"70608",53,42
2022,"70609",47,51
2022,"70610",5,11
2022,"70611",14,6
2022,"70612",31,28
2022,"70613",10,12
2022,"70614",241,324
2022,"70615",22,31
2022,"70616",27,46
2022,"70617",45,54
2022,"70618",28,32
2022,"70619",64,64
2022,"70620",66,33
2022,"70621",73,65
2022,"70622",56,52
2022,"70623",16,41
2022,"70624",47,38
2022,"70625",1,1
2022,"70626",18,20
2022,"70627",22,36
2022,"70628",9,14
2022,"70629",24,25
2022,"70630",218,131
2022,"70701",23,24
2022,"70702",25,42
2022,"70703",22,15
2022,"70704",26,24
2022,"70705",42,50
2022,"70706",5,17
2022,"70707",65,59
2022,"70708",34,41
2022,"70709",6,20
2022,"70710",2,12
2022,"70711",30,18
2022,"70712",10,26
2022,"70713",26,23
2022,"70714",5,8
2022,"70715",33,31
2022,"70716",478,370
2022,"70717",91,104
2022,"70718",23,33
2022,"70719",114,117
2022,"70720",48,44
2022,"70721",11,11
2022,"70723",14,28
2022,"70724",13,13
2022,"70725",7,5
2022,"70726",10,17
2022,"70727",14,12
2022,"70728",55,73
2022,"70729",28,28
2022,"70731",17,14
2022,"70732",59,58
2022,"70733",4,9
2022,"70734",38,46
2022,"70735",24,30
2022,"70801",26,22
2022,"70802",23,22
2022,"70803",30,23
2022,"70804",20,35
2022,"70805",50,86
2022,"70806",71,72
2022,"70807",93,142
2022,"70808",19,21
2022,"70809",11,12
2022,"70810",1,15
2022,"70811",44,44
2022,"70812",0,0
2022,"70813",15,19
2022,"70814",19,22
2022,"70815",1,2
2022,"70816",57,44
2022,"70817",17,10
2022,"70818",0,3
2022,"70819",1,3
2022,"70820",103,114
2022,"70821",62,72
2022,"70822",2,3
2022,"70823",0,3
2022,"70824",9,9
2022,"70825",1,1
2022,"70826",68,75
2022,"70827",9,10
2022,"70828",416,312
2022,"70829",8,25
2022,"70830",25,16
2022,"70831",16,18
2022,"70832",35,39
2022,"70833",36,37
2022,"70834",6,14
2022,"70835",40,29
2022,"70836",44,40
2022,"70837",4,11
2022,"70901",88,100
2022,"70902",62,81
2022,"70903",15,11
2022,"70904",28,73
2022,"70905",110,108
2022,"70907",141,144
2022,"70908",63,57
2022,"70909",221,246
2022,"70910",71,42
2022,"70911",28,22
2022,"70912",20,27
2022,"70913",6,11
2022,"70914",25,49
2022,"70915",59,68
2022,"70916",35,41
2022,"70917",427,356
2022,"70918",63,93
2022,"70920",154,168
2022,"70921",54,30
2022,"70922",114,95
2022,"70923",65,82
2022,"70924",5,18
2022,"70925",105,62
2022,"70926",807,592
2022,"70927",71,63
2022,"70928",63,97
2022,"70929",7,6
2022,"70930",37,47
2022,"70931",64,75
2022,"70932",30,26
2022,"70933",115,116
2022,"70934",57,62
2022,"70935",118,85
2022,"70936",310,423
2022,"70937",134,86
2022,"70938",44,38
2022,"70939",75,111
2022,"70940",80,88
2022,"70941",13,31
2022,"80101",103,117
2022,"80102",25,11
2022,"80103",755,796
2022,"80104",205,181
2022,"80105",41,149
2022,"80106",201,189
2022,"80107",37,20
2022,"80108",56,111
2022,"80109",21,14
2022,"80110",137,346
2022,"80111",50,66
2022,"80112",59,47
2022,"80113",70,79
2022,"80114",17,14
2022,"80115",174,188
2022,"80116",385,781
2022,"80117",257,232
2022,"80118",29,17
2022,"80119",46,34
2022,"80120",79,62
2022,"80121",12,23
2022,"80122",260,249
2022,"80123",21,27
2022,"80124",18,24
2022,"80125",16,6
2022,"80126",107,94
2022,"80127",20,27
2022,"80128",115,101
2022,"80129",122,119
2022,"80201",160,128
2022,"80202",113,121
2022,"80203",68,72
2022,"80204",80,110
2022,"80205",35,46
2022,"80206",34,52
2022,"80207",1652,1470
2022,"80208",18,14
2022,"80209",37,22
2022,"80210",48,43
2022,"80211",175,140
2022,"80212",21,22
2022,"80213",227,255
2022,"80214",91,94
2022,"80215",690,691
2022,"80216",124,104
2022,"80217",417,416
2022,"80218",306,278
2022,"80219",131,97
2022,"80220",122,116
2022,"80221",50,52
2022,"80222",71,86
2022,"80223",59,69
2022,"80224",571,528
2022,"80225",83,65
2022,"80226",473,376
2022,"80227",43,58
2022,"80228",25,79
2022,"80229",13,20
2022,"80230",42,68
2022,"80231",36,48
2022,"80232",25,23
2022,"80233",41,36
2022,"80234",5,6
2022,"80235",202,252
2022,"80236",77,84
2022,"80237",9,4
2022,"80238",64,102
2022,"80239",18,10
2022,"80240",535,615
2022,"80301",2574,2152
2022,"80302",1131,899
2022,"80303",1110,974
2022,"80401",377,376
2022,"80402",15,12
2022,"80403",9,3
2022,"80404",2167,1720
2022,"80405",453,381
2022,"80406",30,36
2022,"80407",141,164
2022,"80408",818,790
2022,"80409",184,205
2022,"80410",304,292
2022,"80411",28,19
2022,"80412",206,208
2022,"80413",193,145
2022,"80414",733,639
2022,"80415",26,28
2022,"80416",205,165
2022,"80417",141,110
2022,"80418",180,151
2022,"80419",27,50
2022,"80420",199,168
2022,"80421",24,17
2022,"80422",34,23
2022,"80423",190,157
2022,"80424",178,195
2022,"90101",1479,1734
2022,"90201",10734,10710
2022,"90301",9271,9877
2022,"90401",3853,4566
2022,"90501",6675,7288
2022,"90601",3601,4405
2022,"90701",3281,4095
2022,"90801",3082,3885
2022,"90901",4903,7681
2022,"91001",19244,18228
2022,"91101",8365,7830
2022,"91201",10614,10471
2022,"91301",4733,3977
2022,"91401",10274,8502
2022,"91501",8880,10243
2022,"91601",10469,11533
2022,"91701",5643,6573
2022,"91801",4639,5359
2022,"91901",5888,6246
2022,"92001",8593,9840
2022,"92101",14160,11198
2022,"92201",15698,10632
2022,"92301",8092,6748
2023,"10101",1185,1143
2023,"10201",103,56
2023,"10301",64,75
2023,"10302",104,61
2023,"10303",67,89
2023,"10304",178,142
2023,"10305",277,453
2023,"10306",55,30
2023,"10307",78,71
2023,"10308",64,69
2023,"10309",191,198
2023,"10310",37,44
2023,"10311",48,68
2023,"10312",173,109
2023,"10313",81,85
2023,"10314",84,75
2023,"10315",127,120
2023,"10316",180,175
2023,"10317",113,106
2023,"10318",71,75
2023,"10319",93,89
2023,"10320",29,21
2023,"10321",22,23
2023,"10322",76,55
2023,"10323",55,43
2023,"10401",25,34
2023,"10402",66,61
2023,"10403",37,34
2023,"10404",29,35
2023,"10405",271,244
2023,"10406",33,32
2023,"10407",29,34
2023,"10408",73,61
2023,"10409",22,22
2023,"10410",11,21
2023,"10411",64,57
2023,"10412",48,27
2023,"10413",49,36
2023,"10414",169,152
2023,"10415",86,108
2023,"10416",68,45
2023,"10417",104,98
2023,"10418",18,17
2023,"10419",21,29
2023,"10420",11,5
2023,"10421",22,18
2023,"10422",6,7
2023,"10423",3,5
2023,"10424",4,4
2023,"10425",9,11
2023,"10426",13,4
2023,"10427",19,13
2023,"10428",9,16
2023,"10501",94,99
2023,"10502",31,41
2023,"10503",90,104
2023,"10504",168,133
2023,"10505",37,30
2023,"10506",34,47
2023,"10507",21,38
2023,"10508",129,93
2023,"10509",68,63
2023,"10510",25,37
2023,"10511",49,38
2023,"10512",7,9
2023,"10601",75,61
2023,"10602",123,108
2023,"10603",50,42
2023,"10604",80,47
2023,"10605",83,56
2023,"10606",358,339
2023,"10607",361,287
2023,"10608",37,26
2023,"10609",159,157
2023,"10610",103,117
2023,"10611",145,144
2023,"10612",99,96
2023,"10613",45,42
2023,"10614",48,52
2023,"10615",108,119
2023,"10616",42,36
2023,"10617",56,48
2023,"10618",51,40
2023,"10619",16,25
2023,"10701",39,60
2023,"10702",48,37
2023,"10703",167,175
2023,"10704",27,14
2023,"10705",169,115
2023,"10706",67,42
2023,"10707",122,125
2023,"10708",45,55
2023,"10709",53,38
2023,"10710",83,60
2023,"10711",127,81
2023,"10712",84,66
2023,"10713",453,456
2023,"10714",99,84
2023,"10715",42,47
2023,"10716",30,30
2023,"10717",260,245
2023,"10718",78,77
2023,"10719",47,36
2023,"10720",29,45
2023,"10721",42,43
2023,"10722",97,100
2023,"10723",67,72
2023,"10724",77,72
2023,"10725",71,26
2023,"10726",33,13
2023,"10727",17,15
2023,"10801",140,125
2023,"10802",54,42
2023,"10803",57,53
2023,"10804",54,55
2023,"10805",109,87
2023,"10806",31,26
2023,"10807",59,74
2023,"10808",83,55
2023,"10809",69,62
2023,"10810",53,50
2023,"10811",70,48
2023,"10812",75,48
2023,"10813",47,31
2023,"10814",45,49
2023,"10815",85,68
2023,"10816",285,208
2023,"10817",48,60
2023,"10818",18,15
2023,"10819",86,39
2023,"10820",54,44
2023,"10821",63,51
2023,"10822",98,72
2023,"10823",100,87
2023,"10824",24,27
2023,"10825",46,50
2023,"10826",12,16
2023,"10827",25,20
2023,"10828",24,27
2023,"10901",86,83
2023,"10902",121,105
2023,"10903",45,43
2023,"10904",42,34
2023,"10905",188,157
2023,"10906",27,31
2023,"10907",70,74
2023,"10908",68,61
2023,"10909",50,60
2023,"10910",73,69
2023,"10911",43,60
2023,"10912",111,76
2023,"10913",30,31
2023,"10914",56,61
2023,"10915",42,48
2023,"10916",117,118
2023,"10917",609,625
2023,"10918",355,292
2023,"10919",213,131
2023,"10920",100,76
2023,"10921",44,76
2023,"10922",23,27
2023,"10923",76,70
2023,"10924",32,24
2023,"10925",81,53
2023,"10926",30,31
2023,"10927",37,20
2023,"10928",98,92
2023,"10929",55,40
2023,"10930",24,24
2023,"10931",18,13
2023,"10932",146,60
2023,"20101",5008,5185
2023,"20201",4297,5236
2023,"20302",24,45
2023,"20305",184,181
2023,"20306",135,131
2023,"20307",116,107
2023,"20316",59,61
2023,"20320",31,36
2023,"20321",25,22
2023,"20402",484,401
2023,"20403",125,105
2023,"20405",352,232
2023,"20409",152,160
2023,"20412",124,125
2023,"20414",107,98
2023,"20415",255,219
2023,"20416",47,58
2023,"20417",148,132
2023,"20418",190,201
2023,"20419",135,110
2023,"20421",330,240
2023,"20424",158,154
2023,"20425",159,141
2023,"20428",23,26
2023,"20432",89,105
2023,"20435",81,130
2023,"20441",10,10
2023,"20442",221,139
2023,"20501",262,203
2023,"20502",139,120
2023,"20503",31,28
2023,"20504",80,67
2023,"20505",220,169
2023,"20506",29,28
2023,"20508",44,42
2023,"20509",50,71
2023,"20511",43,63
2023,"20512",101,114
2023,"20513",97,94
2023,"20515",171,158
2023,"20518",37,59
2023,"20519",31,51
2023,"20520",43,56
2023,"20523",161,166
2023,"20527",640,626
2023,"20530",77,80
2023,"20531",128,133
2023,"20534",166,139
2023,"20601",75,106
2023,"20602",81,82
2023,"20603",25,36
2023,"20604",52,31
2023,"20605",18,26
2023,"20607",23,37
2023,"20608",123,68
2023,"20609",59,83
2023,"20610",17,31
2023,"20611",26,72
2023,"20613",51,50
2023,"20616",60,55
2023,"20618",13,15
2023,"20619",45,73
2023,"20620",141,135
2023,"20622",41,55
2023,"20624",67,50
2023,"20625",105,99
2023,"20627",51,65
2023,"20630",159,174
2023,"20631",43,25
2023,"20632",42,62
2023,"20633",126,170
2023,"20634",361,255
2023,"20635",631,592
2023,"20636",32,37
2023,"20637",79,67
2023,"20638",29,24
2023,"20639",27,37
2023,"20640",41,47
2023,"20642",67,137
2023,"20643",103,93
2023,"20644",77,57
2023,"20701",72,54
2023,"20702",348,273
2023,"20703",43,34
2023,"20705",94,114
2023,"20707",22,27
2023,"20708",40,67
2023,"20710",79,80
2023,"20711",608,811
2023,"20712",36,37
2023,"20713",41,45
2023,"20719",87,76
2023,"20720",201,193
2023,"20721",79,58
2023,"20722",227,192
2023,"20723",26,67
2023,"20724",364,316
2023,"20725",434,462
2023,"20726",105,138
2023,"20727",261,232
2023,"20801",142,243
2023,"20802",25,24
2023,"20803",280,257
2023,"20804",208,164
2023,"20805",140,70
2023,"20806",87,77
2023,"20807",43,59
2023,"20808",138,162
2023,"20810",60,41
2023,"20812",55,63
2023,"20813",406,375
2023,"20815",60,71
2023,"20817",428,424
2023,"20901",148,168
2023,"20905",142,149
2023,"20909",77,104
2023,"20911",32,48
2023,"20912",43,55
2023,"20913",596,562
2023,"20914",67,64
2023,"20918",129,129
2023,"20923",720,758
2023,"21001",36,41
2023,"21002",592,517
2023,"21003",127,141
2023,"21004",33,32
2023,"21005",92,87
2023,"21006",173,2151
2023,"21007",56,56
2023,"21008",151,128
2023,"21009",234,232
2023,"21010",49,75
2023,"30101",1622,1533
2023,"30201",3753,2741
2023,"30301",463,461
2023,"30401",3326,2708
2023,"30501",52,54
2023,"30502",1077,1112
2023,"30503",116,120
2023,"30504",143,149
2023,"30506",103,134
2023,"30507",72,74
2023,"30508",248,184
2023,"30509",65,86
2023,"30510",37,27
2023,"30511",87,79
2023,"30512",52,41
2023,"30514",285,256
2023,"30515",109,124
2023,"30516",53,45
2023,"30517",131,156
2023,"30520",93,100
2023,"30521",48,62
2023,"30522",151,104
2023,"30524",99,104
2023,"30526",12,14
2023,"30527",94,118
2023,"30529",111,99
2023,"30530",199,200
2023,"30531",393,442
2023,"30532",86,121
2023,"30533",148,178
2023,"30534",103,74
2023,"30536",71,56
2023,"30538",141,91
2023,"30539",135,74
2023,"30541",82,79
2023,"30542",80,78
2023,"30543",88,85
2023,"30544",94,73
2023,"30601",155,96
2023,"30602",204,204
2023,"30603",706,647
2023,"30604",1396,1339
2023,"30605",447,428
2023,"30607",557,492
2023,"30608",320,208
2023,"30609",20,34
2023,"30612",94,110
2023,"30613",83,81
2023,"30614",72,58
2023,"30615",341,232
2023,"30616",86,86
2023,"30618",358,334
2023,"30620",311,334
2023,"30621",185,186
2023,"30623",424,244
2023,"30625",145,189
2023,"30626",577,347
2023,"30627",164,196
2023,"30629",69,67
2023,"30631",81,83
2023,"30633",55,47
2023,"30635",103,75
2023,"30636",71,44
2023,"30637",164,94
2023,"30639",887,2330
2023,"30641",110,152
2023,"30645",77,110
2023,"30646",131,129
2023,"30701",36,38
2023,"30702",100,110
2023,"30703",29,35
2023,"30704",603,419
2023,"30706",175,157
2023,"30708",36,48
2023,"30709",71,84
2023,"30710",281,291
2023,"30711",85,50
2023,"30712",36,35
2023,"30713",103,50
2023,"30715",25,8
2023,"30716",189,186
2023,"30718",49,58
2023,"30719",74,54
2023,"30721",79,68
2023,"30722",43,51
2023,"30724",79,81
2023,"30726",113,116
2023,"30728",36,44
2023,"30729",368,226
2023,"30730",296,251
2023,"30731",156,179
2023,"30732",498,287
2023,"30733",25,47
2023,"30734",99,79
2023,"30735",297,256
2023,"30736",220,147
2023,"30737",82,81
2023,"30738",32,51
2023,"30739",104,116
2023,"30740",1109,3590
2023,"30741",61,84
2023,"30801",10,6
2023,"30802",14,11
2023,"30803",224,182
2023,"30804",76,71
2023,"30805",65,80
2023,"30808",448,425
2023,"30810",113,70
2023,"30811",133,111
2023,"30812",36,34
2023,"30813",51,68
2023,"30814",103,104
2023,"30817",767,675
2023,"30819",13,13
2023,"30821",583,506
2023,"30822",7,7
2023,"30824",72,46
2023,"30825",35,30
2023,"30826",51,47
2023,"30827",145,136
2023,"30828",49,37
2023,"30829",54,23
2023,"30830",147,125
2023,"30831",187,126
2023,"30834",13,17
2023,"30835",169,185
2023,"30836",69,43
2023,"30838",209,130
2023,"30841",72,68
2023,"30842",90,84
2023,"30844",184,85
2023,"30845",57,76
2023,"30846",10,14
2023,"30848",65,52
2023,"30849",44,48
2023,"30850",76,57
2023,"30852",98,104
2023,"30854",31,31
2023,"30856",779,590
2023,"30857",44,51
2023,"30858",91,85
2023,"30859",37,28
2023,"30860",106,97
2023,"30863",297,251
2023,"30865",44,47
2023,"30902",55,39
2023,"30903",66,64
2023,"30904",20,16
2023,"30906",57,38
2023,"30908",316,327
2023,"30909",77,67
2023,"30910",34,52
2023,"30912",32,38
2023,"30913",10,25
2023,"30915",20,16
2023,"30916",142,186
2023,"30917",20,19
2023,"30920",63,68
2023,"30921",54,49
2023,"30925",157,124
2023,"30929",23,24
2023,"30932",44,28
2023,"30935",271,229
2023,"30939",25,33
2023,"30940",32,36
2023,"30942",116,75
2023,"31001",29,36
2023,"31008",174,183
2023,"31009",71,80
2023,"31014",69,61
2023,"31015",68,62
2023,"31016",41,61
2023,"31018",54,61
2023,"31019",76,51
2023,"31021",71,42
2023,"31022",748,569
2023,"31025",41,39
2023,"31026",83,69
2023,"31028",69,35
2023,"31033",44,51
2023,"31035",51,62
2023,"31036",76,50
2023,"31037",252,205
2023,"31038",39,46
2023,"31041",28,33
2023,"31042",39,55
2023,"31043",126,76
2023,"31051",113,111
2023,"31052",88,83
2023,"31053",142,149
2023,"31101",16,30
2023,"31102",54,33
2023,"31103",34,45
2023,"31104",42,47
2023,"31105",165,137
2023,"31106",114,107
2023,"31107",53,47
2023,"31109",523,423
2023,"31110",37,44
2023,"31111",28,24
2023,"31113",15,18
2023,"31114",37,29
2023,"31117",26,13
2023,"31119",7,15
2023,"31120",52,33
2023,"31121",54,71
2023,"31123",39,42
2023,"31124",75,79
2023,"31129",65,36
2023,"31130",26,18
2023,"31201",257,256
2023,"31202",70,67
2023,"31203",143,127
2023,"31204",35,45
2023,"31205",131,96
2023,"31206",144,129
2023,"31207",161,150
2023,"31208",104,108
2023,"31213",969,1155
2023,"31214",418,325
2023,"31215",30,49
2023,"31216",352,240
2023,"31224",56,41
2023,"31226",147,139
2023,"31227",224,130
2023,"31228",42,35
2023,"31229",61,46
2023,"31230",840,743
2023,"31234",40,43
2023,"31235",669,589
2023,"31301",20,23
2023,"31302",18,23
2023,"31303",40,57
2023,"31304",29,14
2023,"31308",155,103
2023,"31309",136,157
2023,"31310",86,72
2023,"31311",159,117
2023,"31315",97,82
2023,"31319",33,42
2023,"31321",24,26
2023,"31322",296,331
2023,"31323",50,47
2023,"31324",58,67
2023,"31326",17,30
2023,"31327",226,165
2023,"31330",26,46
2023,"31333",137,121
2023,"31336",56,68
2023,"31337",104,83
2023,"31338",67,75
2023,"31340",43,37
2023,"31343",82,114
2023,"31344",50,69
2023,"31346",91,90
2023,"31347",34,30
2023,"31350",21,27
2023,"31351",33,50
2023,"31355",81,86
2023,"31356",30,23
2023,"31401",21,26
2023,"31402",64,56
2023,"31403",288,223
2023,"31404",47,56
2023,"31405",50,38
2023,"31406",40,49
2023,"31407",140,152
2023,"31408",62,51
2023,"31409",27,47
2023,"31410",69,87
2023,"31411",50,62
2023,"31412",166,168
2023,"31413",221,254
2023,"31414",71,58
2023,"31502",28,24
2023,"31503",61,94
2023,"31504",37,56
2023,"31505",134,144
2023,"31506",11,15
2023,"31507",103,102
2023,"31508",64,57
2023,"31509",127,124
2023,"31511",55,60
2023,"31513",108,96
2023,"31514",124,121
2023,"31515",30,36
2023,"31516",48,83
2023,"31517",107,62
2023,"31519",86,80
2023,"31520",187,232
2023,"31521",185,128
2023,"31522",89,84
2023,"31523",42,34
2023,"31524",472,304
2023,"31525",48,70
2023,"31527",162,120
2023,"31528",33,47
2023,"31530",119,106
2023,"31531",158,89
2023,"31533",284,260
2023,"31534",92,94
2023,"31535",15,20
2023,"31537",107,68
2023,"31539",122,122
2023,"31540",48,65
2023,"31541",20,20
2023,"31542",35,33
2023,"31543",41,34
2023,"31546",54,32
2023,"31549",368,332
2023,"31550",24,69
2023,"31551",92,97
2023,"31552",70,60
2023,"31553",81,85
2023,"31601",34,43
2023,"31603",80,70
2023,"31604",67,54
2023,"31605",66,55
2023,"31606",87,70
2023,"31608",21,17
2023,"31609",44,30
2023,"31611",36,22
2023,"31612",163,161
2023,"31613",54,36
2023,"31614",78,74
2023,"31615",50,50
2023,"31616",57,52
2023,"31617",88,105
2023,"31620",71,46
2023,"31621",39,36
2023,"31622",42,33
2023,"31627",56,46
2023,"31628",77,96
2023,"31629",364,248
2023,"31630",135,117
2023,"31633",699,558
2023,"31634",47,72
2023,"31636",30,22
2023,"31642",45,42
2023,"31644",307,267
2023,"31645",52,52
2023,"31646",20,28
2023,"31649",71,56
2023,"31650",50,45
2023,"31651",124,129
2023,"31652",25,22
2023,"31653",40,47
2023,"31654",69,84
2023,"31655",440,302
2023,"31658",24,20
2023,"31701",139,65
2023,"31702",143,125
2023,"31703",294,238
2023,"31704",680,639
2023,"31706",73,66
2023,"31707",143,112
2023,"31709",179,198
2023,"31710",492,412
2023,"31711",51,49
2023,"31712",265,298
2023,"31713",146,155
2023,"31714",51,36
2023,"31715",197,143
2023,"31716",529,540
2023,"31717",1299,1279
2023,"31718",163,142
2023,"31719",722,713
2023,"31723",572,431
2023,"31725",533,507
2023,"31726",107,118
2023,"31801",11,14
2023,"31802",104,74
2023,"31803",69,86
2023,"31804",88,86
2023,"31805",5,15
2023,"31806",16,15
2023,"31807",42,51
2023,"31808",63,71
2023,"31809",22,22
2023,"31810",307,303
2023,"31811",174,128
2023,"31812",88,105
2023,"31813",109,104
2023,"31814",139,77
2023,"31815",74,55
2023,"31817",107,103
2023,"31818",822,721
2023,"31820",10,22
2023,"31821",174,132
2023,"31823",177,139
2023,"31825",17,16
2023,"31826",100,79
2023,"31827",21,13
2023,"31829",231,400
2023,"31830",15,23
2023,"31831",108,120
2023,"31832",86,78
2023,"31833",54,55
2023,"31834",17,17
2023,"31835",170,169
2023,"31836",15,18
2023,"31837",73,83
2023,"31838",42,56
2023,"31839",701,617
2023,"31840",71,77
2023,"31841",17,26
2023,"31842",6,4
2023,"31843",56,51
2023,"31844",47,40
2023,"31845",23,30
2023,"31846",109,123
2023,"31847",71,79
2023,"31848",49,58
2023,"31849",53,42
2023,"31901",215,183
2023,"31902",89,115
2023,"31903",354,240
2023,"31904",61,60
2023,"31905",293,303
2023,"31906",68,92
2023,"31907",52,58
2023,"31909",91,100
2023,"31910",54,82
2023,"31911",82,54
2023,"31912",439,370
2023,"31913",70,85
2023,"31915",67,81
2023,"31916",67,114
2023,"31917",65,58
2023,"31918",123,163
2023,"31919",163,121
2023,"31920",18,25
2023,"31921",143,128
2023,"31922",122,91
2023,"31923",37,48
2023,"31925",110,44
2023,"31926",485,486
2023,"31927",72,97
2023,"31928",62,78
2023,"31929",323,171
2023,"31930",84,95
2023,"31932",123,107
2023,"31934",122,172
2023,"31935",73,109
2023,"31938",38,56
2023,"31939",3,12
2023,"31940",63,74
2023,"31941",36,52
2023,"31943",327,351
2023,"31945",68,56
2023,"31946",76,49
2023,"31947",328,285
2023,"31948",101,161
2023,"31949",329,221
2023,"31950",151,137
2023,"31951",480,371
2023,"31952",582,535
2023,"31953",150,163
2023,"31954",70,96
2023,"32001",81,106
2023,"32002",59,36
2023,"32003",106,103
2023,"32004",47,50
2023,"32005",47,39
2023,"32006",66,90
2023,"32007",13,16
2023,"32008",180,167
2023,"32009",32,73
2023,"32010",22,35
2023,"32011",25,36
2023,"32012",29,27
2023,"32013",176,160
2023,"32014",52,89
2023,"32015",27,29
2023,"32016",447,387
2023,"32017",110,139
2023,"32018",61,41
2023,"32101",161,127
2023,"32104",184,98
2023,"32106",157,98
2023,"32107",206,127
2023,"32109",31,29
2023,"32110",143,95
2023,"32112",116,110
2023,"32114",113,126
2023,"32115",61,52
2023,"32116",109,127
2023,"32119",130,146
2023,"32120",407,341
2023,"32131",291,332
2023,"32132",126,133
2023,"32134",186,107
2023,"32135",866,770
2023,"32139",82,82
2023,"32140",149,90
2023,"32141",170,162
2023,"32142",371,367
2023,"32143",70,69
2023,"32144",1273,1203
2023,"32202",64,60
2023,"32203",48,43
2023,"32206",34,31
2023,"32207",232,249
2023,"32209",56,65
2023,"32210",34,29
2023,"32212",35,36
2023,"32214",16,27
2023,"32216",136,69
2023,"32217",79,38
2023,"32219",77,87
2023,"32220",297,252
2023,"32221",34,32
2023,"32222",16,9
2023,"32223",38,33
2023,"32301",145,177
2023,"32302",39,12
2023,"32304",193,193
2023,"32305",277,303
2023,"32306",239,173
2023,"32307",253,184
2023,"32308",103,72
2023,"32309",44,36
2023,"32310",42,64
2023,"32311",63,50
2023,"32312",41,20
2023,"32313",109,105
2023,"32314",69,73
2023,"32315",60,57
2023,"32316",305,198
2023,"32317",37,41
2023,"32318",191,115
2023,"32319",145,154
2023,"32320",130,92
2023,"32321",19,19
2023,"32322",15,15
2023,"32323",200,146
2023,"32324",6,9
2023,"32325",28,56
2023,"32326",40,21
2023,"32327",315,277
2023,"32330",193,182
2023,"32331",41,103
2023,"32332",92,101
2023,"32333",53,50
2023,"32334",49,37
2023,"32335",23,39
2023,"32336",77,79
2023,"32337",256,261
2023,"32338",58,93
2023,"32501",82,69
2023,"32502",26,49
2023,"32503",16,12
2023,"32504",35,35
2023,"32505",51,68
2023,"32506",35,18
2023,"32508",118,143
2023,"32509",26,42
2023,"32511",28,14
2023,"32514",11,14
2023,"32515",35,32
2023,"32516",37,35
2023,"32517",35,31
2023,"32518",25,46
2023,"32519",12,23
2023,"32520",20,33
2023,"32521",43,44
2023,"32522",46,28
2023,"32523",37,27
2023,"32524",65,63
2023,"32525",59,72
2023,"32528",26,25
2023,"32529",33,43
2023,"32530",371,277
2023,"40101",9945,9922
2023,"40201",1692,1670
2023,"40301",2796,2810
2023,"40401",210,204
2023,"40402",114,111
2023,"40403",36,23
2023,"40404",1027,1028
2023,"40405",106,154
2023,"40406",253,138
2023,"40407",92,95
2023,"40408",63,66
2023,"40409",59,40
2023,"40410",19,46
2023,"40411",29,22
2023,"40412",43,43
2023,"40413",265,351
2023,"40414",96,136
2023,"40415",56,61
2023,"40416",44,58
2023,"40417",74,34
2023,"40418",210,222
2023,"40419",103,119
2023,"40420",69,45
2023,"40421",602,475
2023,"40422",222,233
2023,"40423",50,42
2023,"40424",50,59
2023,"40425",100,122
2023,"40426",156,207
2023,"40427",79,84
2023,"40428",147,130
2023,"40429",112,48
2023,"40430",55,40
2023,"40431",93,88
2023,"40432",80,86
2023,"40433",20,44
2023,"40434",39,39
2023,"40435",31,18
2023,"40436",77,69
2023,"40437",145,147
2023,"40438",117,83
2023,"40439",21,10
2023,"40440",12,17
2023,"40441",221,223
2023,"40442",39,43
2023,"40443",67,63
2023,"40444",31,25
2023,"40445",10,22
2023,"40446",60,53
2023,"40501",215,218
2023,"40502",134,154
2023,"40503",339,343
2023,"40504",160,128
2023,"40505",45,54
2023,"40506",96,111
2023,"40507",85,109
2023,"40508",92,116
2023,"40509",77,95
2023,"40510",81,77
2023,"40511",98,115
2023,"40512",45,46
2023,"40601",451,425
2023,"40602",82,84
2023,"40603",107,143
2023,"40604",247,153
2023,"40605",71,56
2023,"40606",5,19
2023,"40607",82,67
2023,"40608",53,70
2023,"40609",117,76
2023,"40610",35,31
2023,"40611",44,48
2023,"40612",124,123
2023,"40613",17,26
2023,"40614",202,236
2023,"40615",157,126
2023,"40616",70,50
2023,"40617",33,34
2023,"40618",130,114
2023,"40619",74,52
2023,"40620",113,133
2023,"40621",86,35
2023,"40622",80,88
2023,"40623",53,30
2023,"40624",223,166
2023,"40625",18,27
2023,"40626",49,75
2023,"40627",98,83
2023,"40701",598,430
2023,"40702",238,180
2023,"40703",571,549
2023,"40704",165,214
2023,"40705",744,766
2023,"40706",42,56
2023,"40707",82,97
2023,"40708",80,114
2023,"40709",39,38
2023,"40710",97,101
2023,"40711",418,519
2023,"40712",34,32
2023,"40713",617,849
2023,"40714",259,292
2023,"40715",106,69
2023,"40716",39,39
2023,"40717",106,196
2023,"40718",89,77
2023,"40719",191,206
2023,"40720",302,309
2023,"40801",60,69
2023,"40802",323,299
2023,"40804",16,19
2023,"40805",170,183
2023,"40806",130,104
2023,"40807",42,48
2023,"40808",354,271
2023,"40809",138,133
2023,"40810",24,21
2023,"40811",69,93
2023,"40812",124,71
2023,"40813",61,97
2023,"40814",47,74
2023,"40815",35,38
2023,"40816",65,61
2023,"40817",86,65
2023,"40818",89,116
2023,"40820",16,18
2023,"40821",45,33
2023,"40822",72,114
2023,"40823",46,45
2023,"40824",52,54
2023,"40825",52,77
2023,"40826",28,21
2023,"40827",141,154
2023,"40828",28,32
2023,"40829",76,91
2023,"40830",40,39
2023,"40831",179,132
2023,"40832",116,141
2023,"40833",60,47
2023,"40834",26,23
2023,"40835",153,155
2023,"40901",25,28
2023,"40902",224,246
2023,"40903",23,35
2023,"40904",77,67
2023,"40905",373,344
2023,"40906",51,41
2023,"40907",404,346
2023,"40908",268,260
2023,"40909",132,181
2023,"40910",69,87
2023,"40911",14,14
2023,"40912",223,268
2023,"40913",136,170
2023,"40914",39,36
2023,"40915",57,80
2023,"40916",36,24
2023,"40917",161,156
2023,"40918",92,74
2023,"40919",37,21
2023,"40920",93,116
2023,"40921",28,28
2023,"40922",124,142
2023,"40923",136,132
2023,"41001",60,63
2023,"41002",936,984
2023,"41003",478,340
2023,"41004",28,36
2023,"41005",690,712
2023,"41006",45,60
2023,"41007",729,879
2023,"41008",87,108
2023,"41009",174,194
2023,"41010",98,128
2023,"41011",126,174
2023,"41012",1695,1792
2023,"41013",235,269
2023,"41014",340,382
2023,"41015",73,89
2023,"41016",75,90
2023,"41017",567,501
2023,"41018",166,68
2023,"41019",124,145
2023,"41020",323,206
2023,"41021",1592,1622
2023,"41022",434,319
2023,"41101",56,64
2023,"41102",62,88
2023,"41103",123,106
2023,"41104",46,46
2023,"41105",158,164
2023,"41106",152,142
2023,"41107",37,43
2023,"41108",726,709
2023,"41109",147,174
2023,"41110",210,217
2023,"41111",335,309
2023,"41112",44,69
2023,"41113",79,63
2023,"41114",171,165
2023,"41115",49,50
2023,"41116",483,424
2023,"41117",21,27
2023,"41118",121,157
2023,"41119",43,41
2023,"41120",188,195
2023,"41121",176,176
2023,"41122",21,25
2023,"41123",82,75
2023,"41124",301,242
2023,"41125",97,103
2023,"41126",62,62
2023,"41201",48,37
2023,"41202",53,48
2023,"41203",147,177
2023,"41204",196,119
2023,"41205",32,18
2023,"41206",20,28
2023,"41207",94,108
2023,"41208",68,63
2023,"41209",123,114
2023,"41210",36,20
2023,"41211",26,32
2023,"41212",89,42
2023,"41213",50,72
2023,"41214",144,131
2023,"41215",59,65
2023,"41216",17,23
2023,"41217",27,22
2023,"41218",95,104
2023,"41219",143,146
2023,"41220",75,90
2023,"41221",48,42
2023,"41222",19,20
2023,"41223",39,26
2023,"41224",83,96
2023,"41225",1019,957
2023,"41226",10,27
2023,"41227",32,39
2023,"41228",112,111
2023,"41229",33,48
2023,"41230",21,29
2023,"41231",84,87
2023,"41232",58,69
2023,"41233",62,80
2023,"41234",111,110
2023,"41235",14,21
2023,"41236",28,24
2023,"41304",135,141
2023,"41305",26,25
2023,"41306",8,12
2023,"41307",23,25
2023,"41309",150,137
2023,"41311",38,39
2023,"41312",39,53
2023,"41313",27,54
2023,"41314",28,42
2023,"41315",78,91
2023,"41316",76,46
2023,"41317",25,30
2023,"41318",87,51
2023,"41319",10,16
2023,"41320",5,12
2023,"41321",108,110
2023,"41322",25,29
2023,"41323",70,74
2023,"41324",69,86
2023,"41325",34,44
2023,"41326",61,77
2023,"41327",28,50
2023,"41328",36,44
2023,"41329",38,54
2023,"41331",32,38
2023,"41332",105,115
2023,"41333",14,18
2023,"41334",76,56
2023,"41336",48,24
2023,"41337",43,40
2023,"41338",90,86
2023,"41341",10,8
2023,"41342",97,107
2023,"41343",161,105
2023,"41344",324,260
2023,"41345",83,101
2023,"41346",16,23
2023,"41401",50,44
2023,"41402",223,189
2023,"41403",92,120
2023,"41404",58,76
2023,"41405",30,40
2023,"41406",56,51
2023,"41407",44,49
2023,"41408",60,56
2023,"41409",96,53
2023,"41410",40,44
2023,"41411",53,54
2023,"41412",8,16
2023,"41413",81,96
2023,"41414",101,112
2023,"41415",64,59
2023,"41416",127,148
2023,"41417",17,46
2023,"41418",180,193
2023,"41419",90,83
2023,"41420",48,54
2023,"41421",29,43
2023,"41422",370,323
2023,"41423",74,101
2023,"41424",39,45
2023,"41425",291,143
2023,"41426",185,146
2023,"41427",24,22
2023,"41428",25,27
2023,"41429",66,68
2023,"41430",94,106
2023,"41501",127,74
2023,"41502",76,64
2023,"41503",447,390
2023,"41504",170,159
2023,"41505",44,61
2023,"41506",316,368
2023,"41507",76,86
2023,"41508",42,50
2023,"41509",101,70
2023,"41510",42,59
2023,"41511",97,123
2023,"41512",44,64
2023,"41513",101,95
2023,"41514",170,171
2023,"41515",51,46
2023,"41516",499,466
2023,"41517",143,142
2023,"41518",86,89
2023,"41521",137,110
2023,"41522",159,157
2023,"41601",164,170
2023,"41602",137,138
2023,"41603",211,183
2023,"41604",63,67
2023,"41605",421,398
2023,"41606",229,230
2023,"41607",387,348
2023,"41608",28,34
2023,"41609",203,162
2023,"41610",53,19
2023,"41611",117,109
2023,"41612",85,84
2023,"41613",93,94
2023,"41614",171,141
2023,"41615",114,128
2023,"41616",32,11
2023,"41617",215,221
2023,"41618",294,295
2023,"41619",56,67
2023,"41620",64,32
2023,"41621",52,47
2023,"41622",66,75
2023,"41623",43,31
2023,"41624",557,649
2023,"41626",226,236
2023,"41627",72,80
2023,"41628",77,64
2023,"41701",118,123
2023,"41702",95,73
2023,"41703",510,560
2023,"41704",33,46
2023,"41705",78,52
2023,"41706",33,44
2023,"41707",112,84
2023,"41708",28,32
2023,"41709",416,780
2023,"41710",258,189
2023,"41711",115,142
2023,"41712",48,54
2023,"41713",322,339
2023,"41714",31,28
2023,"41715",744,982
2023,"41716",120,97
2023,"41717",57,50
2023,"41718",43,62
2023,"41719",69,78
2023,"41720",67,76
2023,"41721",43,57
2023,"41722",270,211
2023,"41723",71,70
2023,"41724",24,16
2023,"41725",22,23
2023,"41726",82,88
2023,"41727",41,48
2023,"41728",15,11
2023,"41729",27,10
2023,"41730",92,85
2023,"41731",521,397
2023,"41732",117,121
2023,"41733",1,6
2023,"41734",463,1392
2023,"41735",152,132
2023,"41736",85,106
2023,"41737",192,172
2023,"41738",429,332
2023,"41739",253,280
2023,"41740",37,55
2023,"41741",51,68
2023,"41742",232,192
2023,"41743",459,478
2023,"41744",55,51
2023,"41745",61,54
2023,"41746",954,913
2023,"41747",206,240
2023,"41748",18,25
2023,"41749",98,63
2023,"41750",99,138
2023,"41751",106,125
2023,"41752",34,42
2023,"41801",16,31
2023,"41802",28,31
2023,"41803",71,116
2023,"41804",162,131
2023,"41805",100,75
2023,"41806",135,131
2023,"41807",58,51
2023,"41808",214,194
2023,"41809",81,30
2023,"41810",122,111
2023,"41811",317,368
2023,"41812",813,750
2023,"41813",68,36
2023,"41814",59,85
2023,"41815",50,29
2023,"41816",122,148
2023,"41817",190,175
2023,"41818",79,53
2023,"41819",105,100
2023,"41820",344,232
2023,"41821",72,122
2023,"41822",227,95
2023,"41823",349,300
2023,"41824",178,188
2023,"50101",5906,6359
2023,"50201",155,131
2023,"50202",145,120
2023,"50203",64,66
2023,"50204",196,151
2023,"50205",857,917
2023,"50206",20,27
2023,"50207",227,293
2023,"50208",224,239
2023,"50209",420,608
2023,"50210",25,44
2023,"50211",49,55
2023,"50212",73,62
2023,"50213",94,113
2023,"50301",225,226
2023,"50302",138,135
2023,"50303",618,3056
2023,"50304",58,63
2023,"50305",229,292
2023,"50306",45,65
2023,"50307",55,53
2023,"50308",153,164
2023,"50309",255,357
2023,"50310",288,313
2023,"50311",83,103
2023,"50312",109,167
2023,"50313",34,35
2023,"50314",316,369
2023,"50315",184,111
2023,"50316",200,206
2023,"50317",254,171
2023,"50318",17,9
2023,"50319",193,203
2023,"50320",137,95
2023,"50321",121,157
2023,"50322",168,169
2023,"50323",174,165
2023,"50324",323,356
2023,"50325",51,91
2023,"50326",341,349
2023,"50327",229,212
2023,"50328",72,85
2023,"50329",177,103
2023,"50330",146,169
2023,"50331",34,71
2023,"50332",78,86
2023,"50335",370,373
2023,"50336",135,153
2023,"50337",280,223
2023,"50338",681,796
2023,"50339",852,539
2023,"50401",181,199
2023,"50402",176,219
2023,"50403",156,154
2023,"50404",410,339
2023,"50405",47,50
2023,"50406",139,128
2023,"50407",41,52
2023,"50408",116,156
2023,"50409",14,9
2023,"50410",132,95
2023,"50411",94,88
2023,"50412",83,105
2023,"50413",19,27
2023,"50414",25,22
2023,"50415",48,45
2023,"50416",103,86
2023,"50417",226,177
2023,"50418",415,400
2023,"50419",58,75
2023,"50420",170,143
2023,"50421",211,199
2023,"50422",32,33
2023,"50423",140,169
2023,"50424",128,133
2023,"50425",34,49
2023,"50501",4,11
2023,"50502",17,11
2023,"50503",104,78
2023,"50504",73,78
2023,"50505",9,9
2023,"50506",48,39
2023,"50507",30,23
2023,"50508",46,47
2023,"50509",122,108
2023,"50510",216,248
2023,"50511",6,27
2023,"50512",18,12
2023,"50513",25,46
2023,"50514",13,17
2023,"50515",16,23
2023,"50601",130,95
2023,"50602",254,285
2023,"50603",18,14
2023,"50604",35,36
2023,"50605",38,43
2023,"50606",138,163
2023,"50607",21,32
2023,"50608",126,105
2023,"50609",114,112
2023,"50610",87,90
2023,"50611",170,152
2023,"50612",82,88
2023,"50613",280,306
2023,"50614",76,81
2023,"50615",82,71
2023,"50616",118,118
2023,"50617",59,86
2023,"50618",109,117
2023,"50619",554,569
2023,"50620",38,37
2023,"50621",40,46
2023,"50622",141,120
2023,"50623",43,34
2023,"50624",101,90
2023,"50625",32,23
2023,"50626",49,57
2023,"50627",15,13
2023,"50628",561,615
2023,"60101",12830,14265
2023,"60305",268,175
2023,"60318",212,204
2023,"60323",74,77
2023,"60324",118,87
2023,"60326",66,66
2023,"60329",59,40
2023,"60341",74,65
2023,"60344",559,521
2023,"60345",293,259
2023,"60346",183,159
2023,"60347",123,121
2023,"60348",159,138
2023,"60349",113,183
2023,"60350",334,348
2023,"60351",215,193
2023,"60608",522,532
2023,"60611",251,203
2023,"60613",518,579
2023,"60617",356,333
2023,"60618",107,102
2023,"60619",163,183
2023,"60623",166,95
2023,"60624",875,570
2023,"60626",121,153
2023,"60628",219,152
2023,"60629",437,306
2023,"60632",198,175
2023,"60639",74,62
2023,"60641",70,51
2023,"60642",70,69
2023,"60645",157,131
2023,"60646",129,130
2023,"60647",11,18
2023,"60648",174,110
2023,"60651",57,64
2023,"60653",249,176
2023,"60654",109,92
2023,"60655",195,143
2023,"60656",65,96
2023,"60659",205,256
2023,"60660",196,230
2023,"60661",384,321
2023,"60662",220,176
2023,"60663",255,195
2023,"60664",590,447
2023,"60665",321,271
2023,"60666",116,123
2023,"60667",272,247
2023,"60668",137,125
2023,"60669",827,785
2023,"60670",597,468
2023,"61001",118,62
2023,"61002",80,77
2023,"61007",41,63
2023,"61008",77,108
2023,"61012",249,209
2023,"61013",105,115
2023,"61016",110,97
2023,"61017",101,60
2023,"61019",34,47
2023,"61020",73,93
2023,"61021",128,101
2023,"61024",101,134
2023,"61027",122,84
2023,"61030",83,55
2023,"61032",77,89
2023,"61033",132,100
2023,"61043",358,191
2023,"61045",483,473
2023,"61049",122,167
2023,"61050",156,159
2023,"61051",115,112
2023,"61052",142,103
2023,"61053",1174,954
2023,"61054",104,107
2023,"61055",77,77
2023,"61057",128,92
2023,"61059",390,356
2023,"61060",155,156
2023,"61061",324,282
2023,"61101",87,113
2023,"61105",65,52
2023,"61106",92,74
2023,"61107",61,43
2023,"61108",1621,2392
2023,"61109",89,81
2023,"61110",139,115
2023,"61111",61,77
2023,"61112",5,13
2023,"61113",178,175
2023,"61114",98,103
2023,"61115",60,75
2023,"61116",56,51
2023,"61118",335,143
2023,"61119",11,22
2023,"61120",465,383
2023,"61203",121,111
2023,"61204",107,76
2023,"61205",41,49
2023,"61206",90,44
2023,"61207",162,194
2023,"61213",171,162
2023,"61215",44,43
2023,"61217",107,113
2023,"61222",108,90
2023,"61236",63,91
2023,"61243",89,82
2023,"61247",196,156
2023,"61251",8,4
2023,"61252",64,56
2023,"61253",146,227
2023,"61254",38,46
2023,"61255",146,181
2023,"61256",39,45
2023,"61257",211,162
2023,"61258",66,88
2023,"61259",389,509
2023,"61260",70,47
2023,"61261",83,74
2023,"61262",58,102
2023,"61263",233,344
2023,"61264",59,83
2023,"61265",255,267
2023,"61266",41,33
2023,"61267",108,163
2023,"61410",21,31
2023,"61413",25,32
2023,"61425",39,56
2023,"61428",34,41
2023,"61437",15,32
2023,"61438",125,160
2023,"61439",145,169
2023,"61440",56,61
2023,"61441",44,31
2023,"61442",27,51
2023,"61443",59,71
2023,"61444",75,91
2023,"61445",90,63
2023,"61446",86,80
2023,"61611",97,124
2023,"61612",113,143
2023,"61615",148,138
2023,"61618",173,136
2023,"61621",33,69
2023,"61624",154,122
2023,"61625",657,563
2023,"61626",342,293
2023,"61627",87,69
2023,"61628",55,63
2023,"61629",33,36
2023,"61630",53,83
2023,"61631",547,534
2023,"61632",157,182
2023,"61633",221,182
2023,"61701",98,108
2023,"61708",16,37
2023,"61710",36,41
2023,"61711",17,23
2023,"61716",115,95
2023,"61719",152,174
2023,"61727",154,149
2023,"61728",13,10
2023,"61729",57,78
2023,"61730",104,127
2023,"61731",34,63
2023,"61740",43,53
2023,"61741",46,36
2023,"61743",27,16
2023,"61744",18,33
2023,"61745",31,34
2023,"61746",131,130
2023,"61748",197,189
2023,"61750",34,49
2023,"61751",101,124
2023,"61756",126,162
2023,"61757",139,152
2023,"61758",48,58
2023,"61759",55,58
2023,"61760",730,565
2023,"61761",49,38
2023,"61762",120,90
2023,"61763",125,144
2023,"61764",280,166
2023,"61765",281,289
2023,"61766",724,670
2023,"62007",466,410
2023,"62008",32,40
2023,"62010",18,23
2023,"62014",189,57
2023,"62021",4,13
2023,"62026",28,25
2023,"62032",141,89
2023,"62034",28,37
2023,"62036",68,47
2023,"62038",479,511
2023,"62039",69,71
2023,"62040",619,532
2023,"62041",715,808
2023,"62042",86,74
2023,"62043",66,114
2023,"62044",66,96
2023,"62045",103,103
2023,"62046",114,122
2023,"62047",269,251
2023,"62048",157,163
2023,"62105",40,60
2023,"62115",172,161
2023,"62116",138,103
2023,"62125",119,82
2023,"62128",179,150
2023,"62131",585,1367
2023,"62132",44,59
2023,"62135",46,49
2023,"62138",104,96
2023,"62139",901,975
2023,"62140",895,1031
2023,"62141",744,953
2023,"62142",131,220
2023,"62143",312,396
2023,"62144",111,153
2023,"62145",211,257
2023,"62146",215,154
2023,"62147",86,91
2023,"62148",47,57
2023,"62202",83,47
2023,"62205",59,68
2023,"62206",84,86
2023,"62209",65,53
2023,"62211",112,82
2023,"62214",101,100
2023,"62216",34,44
2023,"62219",395,436
2023,"62220",99,93
2023,"62226",85,132
2023,"62232",71,72
2023,"62233",116,143
2023,"62235",45,53
2023,"62242",28,22
2023,"62244",151,134
2023,"62245",41,42
2023,"62247",19,33
2023,"62252",91,71
2023,"62256",121,104
2023,"62262",61,67
2023,"62264",155,129
2023,"62265",59,58
2023,"62266",71,90
2023,"62267",486,425
2023,"62268",123,95
2023,"62269",84,101
2023,"62270",58,70
2023,"62271",173,148
2023,"62272",168,145
2023,"62273",74,85
2023,"62274",85,98
2023,"62275",172,191
2023,"62276",54,67
2023,"62277",79,96
2023,"62278",99,114
2023,"62279",22,36
2023,"62311",63,55
2023,"62314",47,45
2023,"62326",100,65
2023,"62330",39,55
2023,"62332",41,66
2023,"62335",48,43
2023,"62343",97,49
2023,"62368",25,40
2023,"62372",47,44
2023,"62375",225,247
2023,"62376",177,129
2023,"62377",63,76
2023,"62378",288,270
2023,"62379",665,644
2023,"62380",184,164
2023,"62381",106,106
2023,"62382",200,162
2023,"62383",152,123
2023,"62384",106,127
2023,"62385",83,107
2023,"62386",192,226
2023,"62387",54,59
2023,"62388",88,84
2023,"62389",102,118
2023,"62390",104,125
2023,"70101",5353,6212
2023,"70201",123,102
2023,"70202",186,193
2023,"70203",481,516
2023,"70204",8,12
2023,"70205",16,33
2023,"70206",8,18
2023,"70207",36,25
2023,"70208",127,156
2023,"70209",170,165
2023,"70210",24,26
2023,"70211",88,80
2023,"70212",110,88
2023,"70213",86,130
2023,"70214",93,78
2023,"70215",102,104
2023,"70216",99,64
2023,"70217",43,38
2023,"70218",53,63
2023,"70219",87,83
2023,"70220",101,120
2023,"70221",80,52
2023,"70222",116,111
2023,"70223",97,91
2023,"70224",70,63
2023,"70301",323,311
2023,"70302",193,187
2023,"70303",92,127
2023,"70304",247,206
2023,"70305",51,70
2023,"70306",62,74
2023,"70307",36,16
2023,"70308",76,79
2023,"70309",88,82
2023,"70310",209,182
2023,"70311",24,31
2023,"70312",209,193
2023,"70313",100,119
2023,"70314",13,23
2023,"70315",42,52
2023,"70317",19,26
2023,"70318",78,78
2023,"70319",258,186
2023,"70320",217,119
2023,"70322",73,72
2023,"70323",40,20
2023,"70325",56,59
2023,"70326",105,136
2023,"70328",76,101
2023,"70329",257,251
2023,"70331",124,103
2023,"70332",119,103
2023,"70333",37,39
2023,"70334",136,174
2023,"70335",91,65
2023,"70336",8,14
2023,"70337",98,92
2023,"70338",46,32
2023,"70339",48,47
2023,"70340",75,88
2023,"70342",72,69
2023,"70343",46,44
2023,"70344",123,148
2023,"70345",70,70
2023,"70346",466,418
2023,"70347",5,7
2023,"70348",75,71
2023,"70349",13,13
2023,"70350",49,68
2023,"70351",189,207
2023,"70352",35,46
2023,"70353",101,79
2023,"70354",1080,797
2023,"70355",171,176
2023,"70356",66,64
2023,"70357",620,634
2023,"70358",215,230
2023,"70359",34,33
2023,"70360",87,86
2023,"70361",26,5
2023,"70362",10,10
2023,"70364",406,347
2023,"70365",312,288
2023,"70366",38,26
2023,"70367",316,339
2023,"70368",48,37
2023,"70369",397,322
2023,"70370",141,117
2023,"70401",52,71
2023,"70402",60,71
2023,"70403",495,530
2023,"70404",82,94
2023,"70405",50,51
2023,"70406",187,188
2023,"70407",33,44
2023,"70408",59,51
2023,"70409",143,192
2023,"70410",217,152
2023,"70411",294,320
2023,"70412",110,84
2023,"70413",109,122
2023,"70414",46,57
2023,"70415",44,50
2023,"70416",425,425
2023,"70417",29,57
2023,"70418",26,34
2023,"70419",53,62
2023,"70420",84,99
2023,"70501",28,42
2023,"70502",56,54
2023,"70503",170,180
2023,"70504",22,54
2023,"70505",131,107
2023,"70506",214,163
2023,"70508",263,222
2023,"70509",101,119
2023,"70510",49,43
2023,"70511",311,289
2023,"70512",182,215
2023,"70513",1017,955
2023,"70514",191,160
2023,"70515",232,212
2023,"70516",17,33
2023,"70517",134,100
2023,"70518",100,118
2023,"70519",8,15
2023,"70520",110,120
2023,"70521",38,45
2023,"70522",184,179
2023,"70523",9,11
2023,"70524",55,89
2023,"70525",118,84
2023,"70526",90,111
2023,"70527",85,108
2023,"70528",84,58
2023,"70529",67,87
2023,"70530",102,89
2023,"70531",687,709
2023,"70601",15,15
2023,"70602",5,5
2023,"70603",41,45
2023,"70604",60,79
2023,"70605",37,37
2023,"70606",9,6
2023,"70607",44,33
2023,"70608",50,47
2023,"70609",37,45
2023,"70610",5,3
2023,"70611",25,24
2023,"70612",26,23
2023,"70613",13,10
2023,"70614",344,327
2023,"70615",22,23
2023,"70616",38,50
2023,"70617",57,65
2023,"70618",27,21
2023,"70619",59,78
2023,"70620",81,59
2023,"70621",61,81
2023,"70622",36,45
2023,"70623",24,22
2023,"70624",43,44
2023,"70625",3,9
2023,"70626",24,14
2023,"70627",17,32
2023,"70628",5,13
2023,"70629",25,23
2023,"70630",150,138
2023,"70701",17,20
2023,"70702",21,23
2023,"70703",29,19
2023,"70704",12,24
2023,"70705",33,47
2023,"70706",10,11
2023,"70707",102,115
2023,"70708",22,30
2023,"70709",18,24
2023,"70710",8,16
2023,"70711",18,18
2023,"70712",17,16
2023,"70713",18,17
2023,"70714",14,10
2023,"70715",42,30
2023,"70716",562,471
2023,"70717",72,76
2023,"70718",28,33
2023,"70719",130,159
2023,"70720",45,47
2023,"70721",5,9
2023,"70723",19,28
2023,"70724",15,16
2023,"70725",2,9
2023,"70726",10,14
2023,"70727",31,10
2023,"70728",48,55
2023,"70729",14,17
2023,"70731",25,19
2023,"70732",39,66
2023,"70733",4,4
2023,"70734",23,32
2023,"70735",12,19
2023,"70801",11,22
2023,"70802",12,23
2023,"70803",22,26
2023,"70804",30,23
2023,"70805",69,84
2023,"70806",69,65
2023,"70807",72,98
2023,"70808",29,33
2023,"70809",12,5
2023,"70810",9,5
2023,"70811",39,64
2023,"70812",3,0
2023,"70813",20,16
2023,"70814",18,15
2023,"70815",3,5
2023,"70816",68,79
2023,"70817",10,9
2023,"70818",6,5
2023,"70819",4,5
2023,"70820",91,96
2023,"70821",58,64
2023,"70822",10,10
2023,"70823",0,2
2023,"70824",22,16
2023,"70825",2,2
2023,"70826",67,78
2023,"70827",7,12
2023,"70828",370,330
2023,"70829",18,9
2023,"70830",16,21
2023,"70831",8,13
2023,"70832",50,58
2023,"70833",31,35
2023,"70834",13,8
2023,"70835",50,47
2023,"70836",40,51
2023,"70837",5,12
2023,"70901",83,78
2023,"70902",47,71
2023,"70903",6,10
2023,"70904",41,32
2023,"70905",114,122
2023,"70907",171,195
2023,"70908",35,70
2023,"70909",191,210
2023,"70910",63,65
2023,"70911",15,22
2023,"70912",13,28
2023,"70913",3,10
2023,"70914",27,25
2023,"70915",47,51
2023,"70916",42,47
2023,"70917",438,359
2023,"70918",43,48
2023,"70920",148,149
2023,"70921",48,45
2023,"70922",67,65
2023,"70923",49,77
2023,"70924",10,13
2023,"70925",45,57
2023,"70926",810,627
2023,"70927",63,75
2023,"70928",133,128
2023,"70929",8,10
2023,"70930",53,74
2023,"70931",69,55
2023,"70932",22,16
2023,"70933",100,83
2023,"70934",37,65
2023,"70935",78,65
2023,"70936",295,260
2023,"70937",115,96
2023,"70938",60,75
2023,"70939",123,120
2023,"70940",94,68
2023,"70941",17,26
2023,"80101",97,83
2023,"80102",9,9
2023,"80103",904,849
2023,"80104",178,155
2023,"80105",17,44
2023,"80106",178,192
2023,"80107",27,23
2023,"80108",76,85
2023,"80109",16,17
2023,"80110",92,139
2023,"80111",94,49
2023,"80112",24,39
2023,"80113",46,75
2023,"80114",13,11
2023,"80115",208,202
2023,"80116",376,540
2023,"80117",249,217
2023,"80118",30,29
2023,"80119",36,31
2023,"80120",76,78
2023,"80121",18,13
2023,"80122",223,254
2023,"80123",29,32
2023,"80124",5,12
2023,"80125",23,17
2023,"80126",112,80
2023,"80127",41,23
2023,"80128",108,117
2023,"80129",155,119
2023,"80201",144,113
2023,"80202",116,148
2023,"80203",58,45
2023,"80204",109,124
2023,"80205",32,35
2023,"80206",42,45
2023,"80207",1483,1572
2023,"80208",8,23
2023,"80209",15,19
2023,"80210",29,39
2023,"80211",196,142
2023,"80212",21,19
2023,"80213",277,230
2023,"80214",82,77
2023,"80215",606,660
2023,"80216",123,104
2023,"80217",397,356
2023,"80218",343,297
2023,"80219",111,95
2023,"80220",120,82
2023,"80221",67,44
2023,"80222",82,64
2023,"80223",68,67
2023,"80224",628,568
2023,"80225",71,85
2023,"80226",426,346
2023,"80227",39,39
2023,"80228",25,69
2023,"80229",21,19
2023,"80230",34,38
2023,"80231",55,65
2023,"80232",16,15
2023,"80233",21,49
2023,"80234",4,9
2023,"80235",173,213
2023,"80236",77,79
2023,"80237",25,10
2023,"80238",78,47
2023,"80239",9,14
2023,"80240",497,408
2023,"80301",2528,2070
2023,"80302",940,918
2023,"80303",1169,879
2023,"80401",397,379
2023,"80402",17,22
2023,"80403",3,12
2023,"80404",2006,1753
2023,"80405",346,410
2023,"80406",32,30
2023,"80407",155,156
2023,"80408",829,731
2023,"80409",169,210
2023,"80410",312,288
2023,"80411",21,32
2023,"80412",211,213
2023,"80413",144,107
2023,"80414",646,633
2023,"80415",10,11
2023,"80416",179,139
2023,"80417",127,119
2023,"80418",171,161
2023,"80419",38,30
2023,"80420",218,188
2023,"80421",11,17
2023,"80422",20,14
2023,"80423",157,177
2023,"80424",249,220
2023,"90101",1471,1821
2023,"90201",10425,10284
2023,"90301",10505,10019
2023,"90401",3859,4534
2023,"90501",6359,7612
2023,"90601",3863,4236
2023,"90701",3266,3692
2023,"90801",3005,3917
2023,"90901",4782,7884
2023,"91001",18680,19908
2023,"91101",8738,8407
2023,"91201",10821,10500
2023,"91301",3862,3980
2023,"91401",9432,8952
2023,"91501",9351,10295
2023,"91601",11034,11706
2023,"91701",6329,6435
2023,"91801",4665,5198
2023,"91901",6161,6244
2023,"92001",9586,9576
2023,"92101",13108,11944
2023,"92201",16351,10483
2023,"92301",9590,6417
